日期,预报时刻,预报1小时,预报2小时,预报3小时,预报4小时,预报5小时,预报6小时,预报7小时,预报8小时,预报9小时,预报10小时,预报11小时,预报12小时,预报13小时,预报14小时,预报15小时,预报16小时,预报17小时,预报18小时,预报19小时,预报20小时,预报21小时,预报22小时,预报23小时,预报24小时
2025-1-1,0:00,0.0,0.0,0.0,0.0,0.0,0.0,3.1173,1603.3305,3409.0929,4871.2875,5785.111,5737.1717,6047.3964,4687.1165,3572.6529,1629.9964,3.1956,0.0,0.0,0.0,0.0,0.0,0.0,0.0
2025-1-1,6:00,3.0919,1588.7839,3297.9893,4692.2274,5220.3894,5078.6992,5314.2003,4833.7142,3588.0375,1660.0369,3.0359,0.0,0.0,0.0,0.0,0.0,0.0,0.0,0.0,0.0,0.0,0.0,0.0,0.0
2025-1-1,12:00,5330.4298,4549.2579,3365.5312,1504.2156,2.8622,0.0,0.0,0.0,0.0,0.0,0.0,0.0,0.0,0.0,0.0,0.0,0.0,0.0,6.8708,1827.9739,3207.1033,4565.1144,6040.8,6339.1125
2025-1-1,18:00,0.0,0.0,0.0,0.0,0.0,0.0,0.0,0.0,0.0,0.0,0.0,0.0,5.5153,1227.5446,2350.4812,3845.2786,4815.3247,4086.8116,4228.7374,3799.2978,2472.4285,1182.0118,5.091,0.0
2025-1-2,0:00,0.0,0.0,0.0,0.0,0.0,0.0,6.3604,1424.7328,2844.2052,3600.2106,4746.2786,4915.505,5251.6498,4965.3525,3588.0375,1839.6,8.0706,0.0,0.0,0.0,0.0,0.0,0.0,0.0
2025-1-2,6:00,6.5122,1453.1843,3099.4257,4269.3966,5146.0167,5556.849,5946.4073,5359.9875,3342.8554,1758.32,6.5192,0.0,0.0,0.0,0.0,0.0,0.0,0.0,0.0,0.0,0.0,0.0,0.0,0.0
2025-1-2,12:00,5392.7373,4793.417,3115.7896,1653.8059,6.4763,0.0,0.0,0.0,0.0,0.0,0.0,0.0,0.0,0.0,0.0,0.0,0.0,0.0,11.4514,1377.1773,3653.775,4903.35,5017.1291,6339.1125
2025-1-2,18:00,0.0,0.0,0.0,0.0,0.0,0.0,0.0,0.0,0.0,0.0,0.0,0.0,9.5321,1513.0067,2860.0466,3793.6223,4445.8828,4246.4353,4365.3181,4051.699,2758.4743,1424.3298,11.2687,0.0
2025-1-3,0:00,0.0,0.0,0.0,0.0,0.0,0.0,9.2912,1514.0314,3078.4182,4510.5495,5403.0295,6228.0795,5051.5846,5134.1073,3661.5375,1457.3727,10.9081,0.0,0.0,0.0,0.0,0.0,0.0,0.0
2025-1-3,6:00,10.1517,1543.8265,3340.5575,4903.35,5614.4735,6339.1125,5537.59,4719.9642,3200.0998,1337.2871,10.2099,0.0,0.0,0.0,0.0,0.0,0.0,0.0,0.0,0.0,0.0,0.0,0.0,0.0
2025-1-3,12:00,5352.8521,4911.3123,3255.4369,1521.1799,10.2119,0.0,0.0,0.0,0.0,0.0,0.0,0.0,0.0,0.0,0.0,0.0,0.0,0.0,9.7537,1081.4534,2125.6273,3000.3625,3974.1294,5987.1209
2025-1-3,18:00,0.0,0.0,0.0,0.0,0.0,0.0,0.0,0.0,0.0,0.0,0.0,0.0,12.7298,1213.2499,2507.0925,3502.5119,5074.2101,6321.2807,4741.4501,3809.1464,3157.01,1275.4294,10.5949,0.0
2025-1-4,0:00,0.0,0.0,0.0,0.0,0.0,0.0,16.3286,1721.9148,3653.775,4903.35,6040.8,6339.1125,6134.9039,4720.5012,2820.1758,1364.0018,11.6166,0.0,0.0,0.0,0.0,0.0,0.0,0.0
2025-1-4,6:00,15.1787,1546.9471,3178.9721,4226.7413,5399.7799,6339.1125,5886.5064,5024.0453,3643.9998,1620.9771,13.7697,0.0,0.0,0.0,0.0,0.0,0.0,0.0,0.0,0.0,0.0,0.0,0.0,0.0
2025-1-4,12:00,5586.926,4966.0167,3376.2331,1555.6215,14.1685,0.0,0.0,0.0,0.0,0.0,0.0,0.0,0.0,0.0,0.0,0.0,0.0,0.0,17.3473,1545.2699,3653.775,4953.1875,6040.8,6597.6375
2025-1-4,18:00,0.0,0.0,0.0,0.0,0.0,0.0,0.0,0.0,0.0,0.0,0.0,0.0,14.0462,1311.1882,3094.4689,3989.2148,4335.2225,5714.2002,6200.025,5359.9875,3661.5375,1880.0625,26.6886,0.0
2025-1-5,0:00,0.0,0.0,0.0,0.0,0.0,0.0,16.9052,1655.0272,3653.775,4866.0553,5301.0764,6381.155,5495.4459,4480.8732,3644.3571,1688.3847,20.0313,0.0,0.0,0.0,0.0,0.0,0.0,0.0
2025-1-5,6:00,16.1989,1532.6257,3344.4775,4829.1293,5337.5946,6032.7656,5494.4364,4369.4286,3435.7918,1657.493,19.8569,0.0,0.0,0.0,0.0,0.0,0.0,0.0,0.0,0.0,0.0,0.0,0.0,0.0
2025-1-5,12:00,5891.6875,4720.1907,3258.0582,1629.2517,18.4124,0.0,0.0,0.0,0.0,0.0,0.0,0.0,0.0,0.0,0.0,0.0,0.0,0.0,22.7597,1256.0138,2753.4326,4021.1688,4188.6466,4188.8436
2025-1-5,18:00,0.0,0.0,0.0,0.0,0.0,0.0,0.0,0.0,0.0,0.0,0.0,0.0,26.4791,1534.6732,2349.2057,3173.248,4014.5266,4229.0182,4546.5704,4961.708,3762.3,1875.0063,29.0992,0.0
2025-1-6,0:00,0.0,0.0,0.0,0.0,0.0,0.0,23.6378,1507.2524,3097.9352,4735.7858,5352.1719,5912.0824,6055.461,4977.9359,3150.0692,1349.6412,19.9711,0.0,0.0,0.0,0.0,0.0,0.0,0.0
2025-1-6,6:00,22.4689,1480.905,3021.0544,4432.1021,5097.5677,6105.638,6179.2848,5239.0912,3711.8414,1880.0625,28.526,0.0,0.0,0.0,0.0,0.0,0.0,0.0,0.0,0.0,0.0,0.0,0.0,0.0
2025-1-6,12:00,5851.5526,4745.5234,3473.8785,1755.1709,25.8113,0.0,0.0,0.0,0.0,0.0,0.0,0.0,0.0,0.0,0.0,0.0,0.0,0.0,32.4748,1646.0961,3391.1305,4758.6415,5432.2387,6448.0865
2025-1-6,18:00,0.0,0.0,0.0,0.0,0.0,0.0,0.0,0.0,0.0,0.0,0.0,0.0,25.7086,1490.303,3126.6517,4347.5257,4768.4479,5673.1156,4971.4967,4835.2913,3281.3181,1813.806,32.8982,0.0
2025-1-7,0:00,0.0,0.0,0.0,0.0,0.0,0.0,31.1167,1599.2177,3358.1262,4549.3673,5538.1398,5971.7466,5971.2505,5303.5818,3762.3,1871.1356,34.2102,0.0,0.0,0.0,0.0,0.0,0.0,0.0
2025-1-7,6:00,29.5637,1601.7472,3348.0117,4459.8026,5153.0523,5445.5666,4941.9505,4264.1819,3059.032,1525.8494,29.2442,0.0,0.0,0.0,0.0,0.0,0.0,0.0,0.0,0.0,0.0,0.0,0.0,0.0
2025-1-7,12:00,4733.697,4306.7372,3108.2855,1594.352,32.1168,0.0,0.0,0.0,0.0,0.0,0.0,0.0,0.0,0.0,0.0,0.0,0.0,0.0,29.1841,1524.309,3034.1291,4223.5034,5408.6344,4943.0332
2025-1-7,18:00,0.0,0.0,0.0,0.0,0.0,0.0,0.0,0.0,0.0,0.0,0.0,0.0,31.8767,1678.8068,3636.3975,4616.8173,5087.438,6609.7929,6218.8529,5017.4554,3486.9085,1709.9588,35.0726,0.0
2025-1-8,0:00,0.0,0.0,0.0,0.0,0.0,0.0,32.1456,1459.9498,3291.4196,4216.1628,4826.1249,4700.1515,4891.3577,3523.7726,2209.3596,1187.4846,33.4412,0.0,0.0,0.0,0.0,0.0,0.0,0.0
2025-1-8,6:00,33.4276,1584.6514,3373.0385,4497.2957,5507.4129,6081.418,6271.1618,4905.0037,3394.5513,1612.8052,42.1244,0.0,0.0,0.0,0.0,0.0,0.0,0.0,0.0,0.0,0.0,0.0,0.0,0.0
2025-1-8,12:00,6183.0111,4825.3667,3229.98,1598.9537,38.5437,0.0,0.0,0.0,0.0,0.0,0.0,0.0,0.0,0.0,0.0,0.0,0.0,0.0,59.1019,1895.55,3803.5125,5320.875,6464.7375,6975.5625
2025-1-8,18:00,0.0,0.0,0.0,0.0,0.0,0.0,0.0,0.0,0.0,0.0,0.0,0.0,48.9261,1661.8781,3273.1966,3561.3087,3207.7414,3525.5318,3237.6662,3727.1657,2993.158,1944.4175,52.9722,0.0
2025-1-9,0:00,0.0,0.0,0.0,0.0,0.0,0.0,40.8309,1541.56,3138.7608,4554.1517,6175.5659,5958.5736,5293.915,5429.8626,3231.3657,1619.5696,47.2705,0.0,0.0,0.0,0.0,0.0,0.0,0.0
2025-1-9,6:00,42.7072,1625.1229,3458.2522,4620.4705,6319.3981,6458.4765,5281.0634,4437.9021,3132.9391,1626.2187,44.1429,0.0,0.0,0.0,0.0,0.0,0.0,0.0,0.0,0.0,0.0,0.0,0.0,0.0
2025-1-9,12:00,5174.2242,4316.5438,2980.9103,1540.9866,41.3647,0.0,0.0,0.0,0.0,0.0,0.0,0.0,0.0,0.0,0.0,0.0,0.0,0.0,56.3442,1763.104,2957.0449,4676.6048,5163.3903,5584.9089
2025-1-9,18:00,0.0,0.0,0.0,0.0,0.0,0.0,0.0,0.0,0.0,0.0,0.0,0.0,54.2138,1682.1375,3585.0083,4426.2524,4670.3827,3762.4583,3819.5554,3027.5416,2486.1718,1446.5798,56.9284,0.0
2025-1-10,0:00,0.0,0.0,0.0,0.0,0.0,0.0,45.5543,1549.0099,2530.0557,3859.3998,5065.7192,5362.2242,4449.015,4013.3438,2820.109,1550.7917,49.008,0.0,0.0,0.0,0.0,0.0,0.0,0.0
2025-1-10,6:00,54.8198,1837.6513,3402.3201,4843.6498,5717.4342,6073.3963,6103.4051,4844.7633,3570.744,1770.9662,52.1023,0.0,0.0,0.0,0.0,0.0,0.0,0.0,0.0,0.0,0.0,0.0,0.0,0.0
2025-1-10,12:00,5701.8741,4522.3477,3408.0672,1863.5412,56.2154,0.0,0.0,0.0,0.0,0.0,0.0,0.0,0.0,0.0,0.0,0.0,0.0,0.0,45.3802,1038.3941,2159.0526,3350.7739,4692.2001,4413.5164
2025-1-10,18:00,0.0,0.0,0.0,0.0,0.0,0.0,0.0,0.0,0.0,0.0,0.0,0.0,63.1258,1716.4823,3643.4713,5211.7231,6464.7375,6846.7846,5508.1016,4215.4754,2141.7101,1094.6166,33.7962,0.0
2025-1-11,0:00,0.0,0.0,0.0,0.0,0.0,0.0,58.8402,1513.409,3276.7769,4110.2431,5733.2479,6009.1817,5974.0065,5217.5904,3521.5757,1644.9273,56.1073,0.0,0.0,0.0,0.0,0.0,0.0,0.0
2025-1-11,6:00,57.3964,1510.5631,3452.0359,4643.5314,6219.9528,5862.3068,5798.4766,4293.8178,2748.4627,1356.0066,54.8782,0.0,0.0,0.0,0.0,0.0,0.0,0.0,0.0,0.0,0.0,0.0,0.0,0.0
2025-1-11,12:00,5966.8997,4720.7744,3136.1432,1655.7237,59.7587,0.0,0.0,0.0,0.0,0.0,0.0,0.0,0.0,0.0,0.0,0.0,0.0,0.0,71.2228,1666.9115,3140.1189,4658.3159,6105.0736,6744.2454
2025-1-11,18:00,0.0,0.0,0.0,0.0,0.0,0.0,0.0,0.0,0.0,0.0,0.0,0.0,63.2734,1457.4287,3098.5012,4245.0241,4179.5386,5676.2614,6893.025,5261.6221,3465.838,1952.1744,71.5417,0.0
2025-1-12,0:00,0.0,0.0,0.0,0.0,0.0,0.0,65.4335,1703.538,3494.9851,4842.5394,5357.771,5677.8076,4998.3291,4183.6243,2754.9776,1777.7304,72.9622,0.0,0.0,0.0,0.0,0.0,0.0,0.0
2025-1-12,6:00,66.1736,1570.0073,3086.827,3911.3267,4456.9185,4953.1688,5099.6919,4312.0028,3199.5399,1682.6391,66.2099,0.0,0.0,0.0,0.0,0.0,0.0,0.0,0.0,0.0,0.0,0.0,0.0,0.0
2025-1-12,12:00,5494.8579,4670.6872,3327.1173,1741.767,70.8238,0.0,0.0,0.0,0.0,0.0,0.0,0.0,0.0,0.0,0.0,0.0,0.0,0.0,80.0693,1643.0448,3475.268,4734.2074,6026.0545,5582.7252
2025-1-12,18:00,0.0,0.0,0.0,0.0,0.0,0.0,0.0,0.0,0.0,0.0,0.0,0.0,75.1588,1708.9746,3412.6278,3711.2648,5658.8053,6140.2767,6662.4418,5273.7449,3762.3,1838.1637,74.2968,0.0
2025-1-13,0:00,0.0,0.0,0.0,0.0,0.0,0.0,73.711,1633.1168,3184.7409,4539.9711,5487.4391,5716.406,5713.8773,4179.4286,2896.8859,1392.6498,58.1602,0.0,0.0,0.0,0.0,0.0,0.0,0.0
2025-1-13,6:00,78.164,1882.6071,3578.2975,4543.5861,4825.5677,5333.1297,5309.5729,4310.9099,3369.2914,2052.3244,84.0558,0.0,0.0,0.0,0.0,0.0,0.0,0.0,0.0,0.0,0.0,0.0,0.0,0.0
2025-1-13,12:00,6092.8134,4840.3524,3361.423,1795.5368,74.8704,0.0,0.0,0.0,0.0,0.0,0.0,0.0,0.0,0.0,0.0,0.0,0.0,0.0,102.9161,2204.1375,4001.7375,5683.425,6464.7375,6975.5625
2025-1-13,18:00,0.0,0.0,0.0,0.0,0.0,0.0,0.0,0.0,0.0,0.0,0.0,0.0,86.8731,1953.5839,3565.455,4611.0841,6150.2209,6348.9734,6232.5671,4845.3817,3364.8506,1934.1428,122.5943,0.0
2025-1-14,0:00,0.0,0.0,0.0,0.0,0.0,0.0,78.7767,1788.6949,3158.2753,4490.1135,5766.9101,6071.9127,5627.272,4447.6846,3437.0207,1718.9797,82.6473,0.0,0.0,0.0,0.0,0.0,0.0,0.0
2025-1-14,6:00,76.2837,1783.6218,3310.8826,4737.9385,6030.2445,6265.5331,5822.0006,4459.7587,2893.7738,1444.4476,77.8559,0.0,0.0,0.0,0.0,0.0,0.0,0.0,0.0,0.0,0.0,0.0,0.0,0.0
2025-1-14,12:00,5783.1051,4578.5137,3212.6611,1638.4923,87.4595,0.0,0.0,0.0,0.0,0.0,0.0,0.0,0.0,0.0,0.0,0.0,0.0,0.0,103.3419,1669.583,2938.1496,4992.3366,6128.5694,5917.4287
2025-1-14,18:00,0.0,0.0,0.0,0.0,0.0,0.0,0.0,0.0,0.0,0.0,0.0,0.0,106.4198,2140.4992,3622.2106,5683.425,6464.7375,6975.5625,6893.025,5808.6,4045.3503,1992.969,106.9339,0.0
2025-1-15,0:00,0.0,0.0,0.0,0.0,0.0,0.0,83.4459,1577.9604,2993.0442,4788.627,5452.1776,6178.9023,6726.3009,5672.7661,4173.675,2163.375,116.1001,0.0,0.0,0.0,0.0,0.0,0.0,0.0
2025-1-15,6:00,89.8957,1644.4484,3193.9097,4697.9216,5410.8954,5734.3957,5742.8208,4144.5114,3167.3196,1591.3889,77.0403,0.0,0.0,0.0,0.0,0.0,0.0,0.0,0.0,0.0,0.0,0.0,0.0,0.0
2025-1-15,12:00,5824.4643,4491.2202,3463.836,1843.0793,100.4376,0.0,0.0,0.0,0.0,0.0,0.0,0.0,0.0,0.0,0.0,0.0,0.0,0.0,103.6393,1535.5945,3020.0159,3244.6482,3739.9509,3162.4839
2025-1-15,18:00,0.0,0.0,0.0,0.0,0.0,0.0,0.0,0.0,0.0,0.0,0.0,0.0,109.4131,1661.6803,3398.6712,4619.1234,5205.8041,5407.3861,5019.6302,5074.9764,4022.0577,1902.7473,125.1665,0.0
2025-1-16,0:00,0.0,0.0,0.0,0.0,0.0,0.0,111.4667,1704.3088,3512.2018,4444.3097,5624.2383,6501.4448,6505.1695,5808.6,4173.675,1912.6453,102.9758,0.0,0.0,0.0,0.0,0.0,0.0,0.0
2025-1-16,6:00,96.3078,1521.3198,3187.0135,4351.553,5761.4452,6445.6592,5983.901,5207.7766,3501.0042,1617.9203,98.0489,0.0,0.0,0.0,0.0,0.0,0.0,0.0,0.0,0.0,0.0,0.0,0.0,0.0
2025-1-16,12:00,5883.2059,5552.1487,3789.9505,1844.204,124.8534,0.0,0.0,0.0,0.0,0.0,0.0,0.0,0.0,0.0,0.0,0.0,0.0,0.0,119.1593,2204.1375,4001.7375,5577.4045,6436.7888,6975.5625
2025-1-16,18:00,0.0,0.0,0.0,0.0,0.0,0.0,0.0,0.0,0.0,0.0,0.0,0.0,118.4223,1626.8909,3057.6012,4684.9391,5451.9375,5657.6137,5638.517,5391.5883,4009.3902,2012.0761,147.9196,0.0
2025-1-17,0:00,0.0,0.0,0.0,0.0,0.0,0.0,117.8954,1661.269,3086.3998,4760.8025,6192.2123,5800.6452,5885.3875,5090.5769,3532.5405,1646.6936,123.7775,0.0,0.0,0.0,0.0,0.0,0.0,0.0
2025-1-17,6:00,119.3017,1735.5658,3292.1383,4868.947,5788.8378,5775.7658,6105.6077,5058.9747,3583.2078,1754.9054,135.5062,0.0,0.0,0.0,0.0,0.0,0.0,0.0,0.0,0.0,0.0,0.0,0.0,0.0
2025-1-17,12:00,5792.5855,4821.0284,3627.0041,1861.7308,131.7454,0.0,0.0,0.0,0.0,0.0,0.0,0.0,0.0,0.0,0.0,0.0,0.0,0.0,82.5268,886.7416,2671.9591,4084.6813,5573.1863,6975.5625
2025-1-17,18:00,0.0,0.0,0.0,0.0,0.0,0.0,0.0,0.0,0.0,0.0,0.0,0.0,123.5255,1749.4741,3420.7877,4783.9059,4541.1559,5797.071,6893.025,5808.6,4173.675,2163.375,167.6881,0.0
2025-1-18,0:00,0.0,0.0,0.0,0.0,0.0,0.0,131.8329,1842.2182,3432.9866,4436.2956,5084.6787,5459.361,4921.1843,4351.686,3063.0578,1663.4021,108.467,0.0,0.0,0.0,0.0,0.0,0.0,0.0
2025-1-18,6:00,137.2759,1887.1784,3505.4818,4504.5847,5148.8508,5383.6437,5335.8285,4410.8816,3097.1577,1587.5792,110.0689,0.0,0.0,0.0,0.0,0.0,0.0,0.0,0.0,0.0,0.0,0.0,0.0,0.0
2025-1-18,12:00,6091.4009,5121.5512,3775.3099,1856.8872,122.2847,0.0,0.0,0.0,0.0,0.0,0.0,0.0,0.0,0.0,0.0,0.0,0.0,0.0,141.63,1641.1882,3976.6475,5640.7309,6464.7375,6975.5625
2025-1-18,18:00,0.0,0.0,0.0,0.0,0.0,0.0,0.0,0.0,0.0,0.0,0.0,0.0,142.3575,1662.3145,3456.1824,4489.3664,5410.9695,6194.7549,5140.6803,4398.3265,3443.759,2037.687,148.7722,0.0
2025-1-19,0:00,0.0,0.0,0.0,0.0,0.0,0.0,142.7708,1792.7992,3803.3997,4756.1733,6111.217,6774.1836,6105.4882,5326.6258,3857.581,1942.5399,174.1709,0.0,0.0,0.0,0.0,0.0,0.0,0.0
2025-1-19,6:00,144.1846,1698.6034,3601.2451,4652.8691,5708.6802,6371.9996,5682.4303,5146.7528,3450.5517,1910.9854,148.9938,0.0,0.0,0.0,0.0,0.0,0.0,0.0,0.0,0.0,0.0,0.0,0.0,0.0
2025-1-19,12:00,5483.3293,4491.1012,3100.5046,1653.667,129.9625,0.0,0.0,0.0,0.0,0.0,0.0,0.0,0.0,0.0,0.0,0.0,0.0,0.0,122.7781,1132.4157,2876.8364,5299.9999,6464.7375,6975.5625
2025-1-19,18:00,0.0,0.0,0.0,0.0,0.0,0.0,0.0,0.0,0.0,0.0,0.0,0.0,118.4298,1138.8963,2417.9335,4145.4591,4591.0676,4786.0738,4042.7762,3031.0887,2413.9452,1615.5589,140.6491,0.0
2025-1-20,0:00,0.0,0.0,0.0,0.0,0.0,0.0,147.0784,1460.5077,3310.4649,5324.6395,6288.0424,6975.5625,6636.007,5305.3252,3307.699,1581.3908,121.5983,0.0,0.0,0.0,0.0,0.0,0.0,0.0
2025-1-20,6:00,150.0484,1545.2272,3318.4282,5108.613,5979.9537,6967.5897,6185.9791,4853.7511,3497.6624,1680.9276,126.9531,0.0,0.0,0.0,0.0,0.0,0.0,0.0,0.0,0.0,0.0,0.0,0.0,0.0
2025-1-20,12:00,6043.4107,4937.6851,3473.2497,1849.7496,146.5386,0.0,0.0,0.0,0.0,0.0,0.0,0.0,0.0,0.0,0.0,0.0,0.0,0.0,191.8701,1999.2336,3034.6449,4606.5235,5127.4439,4060.7603
2025-1-20,18:00,0.0,0.0,0.0,0.0,0.0,0.0,0.0,0.0,0.0,0.0,0.0,0.0,152.315,1662.0107,3744.6919,5448.8851,6042.7593,6975.5625,6893.025,5808.6,4173.675,1710.837,131.2487,0.0
2025-1-21,0:00,0.0,0.0,0.0,0.0,0.0,0.0,155.3595,1775.9592,3601.9807,5099.6959,6062.9211,6500.0344,6357.0083,5146.2079,3502.7815,1802.94,162.9751,0.0,0.0,0.0,0.0,0.0,0.0,0.0
2025-1-21,6:00,158.9448,1820.6275,3667.0846,5156.0592,6415.8542,6568.0591,6655.46,5808.6,4089.9624,1857.5651,178.7968,0.0,0.0,0.0,0.0,0.0,0.0,0.0,0.0,0.0,0.0,0.0,0.0,0.0
2025-1-21,12:00,6510.6053,5395.7151,3583.7302,1616.7212,155.2716,0.0,0.0,0.0,0.0,0.0,0.0,0.0,0.0,0.0,0.0,0.0,0.0,0.0,139.51,1481.9621,2811.2163,4691.3468,5777.3829,5934.7581
2025-1-21,18:00,0.0,0.0,0.0,0.0,0.0,0.0,0.0,0.0,0.0,0.0,0.0,0.0,166.3129,1757.824,3245.7659,4380.061,5441.03,5103.3462,4582.8975,3359.1018,2351.7859,938.9633,77.0577,0.0
2025-1-22,0:00,0.0,0.0,0.0,0.0,0.0,0.0,184.1307,2035.1593,3749.616,4788.1978,5409.057,5856.4145,5143.3439,4183.7261,3598.1639,1778.3597,173.6182,0.0,0.0,0.0,0.0,0.0,0.0,0.0
2025-1-22,6:00,179.6503,1915.7853,3505.7268,4810.2929,5452.7807,5509.2464,5371.7041,4295.7033,3489.7892,1843.6361,202.9261,0.0,0.0,0.0,0.0,0.0,0.0,0.0,0.0,0.0,0.0,0.0,0.0,0.0
2025-1-22,12:00,5606.4319,4226.9029,3572.7256,1971.091,186.2135,0.0,0.0,0.0,0.0,0.0,0.0,0.0,0.0,0.0,0.0,0.0,0.0,0.0,193.0096,2093.8999,4000.8135,5447.6757,5903.9558,6975.5625
2025-1-22,18:00,0.0,0.0,0.0,0.0,0.0,0.0,0.0,0.0,0.0,0.0,0.0,0.0,191.72,1692.2833,3008.8277,3683.4768,4926.2711,5750.8376,5889.5032,4750.8057,4165.8689,2272.1683,209.0516,0.0
2025-1-23,0:00,0.0,0.0,0.0,0.0,0.0,0.0,186.2805,1796.9131,3670.2938,5683.425,6464.7375,6178.6277,5928.0268,4697.6942,3208.9282,1914.2814,192.4357,0.0,0.0,0.0,0.0,0.0,0.0,0.0
2025-1-23,6:00,185.9706,1731.8411,3180.7758,4762.6331,5977.7968,6008.8025,6245.9364,5029.2553,3542.6371,1926.3683,194.149,0.0,0.0,0.0,0.0,0.0,0.0,0.0,0.0,0.0,0.0,0.0,0.0,0.0
2025-1-23,12:00,5470.7906,4719.9861,3313.3189,1914.0953,186.4386,0.0,0.0,0.0,0.0,0.0,0.0,0.0,0.0,0.0,0.0,0.0,0.0,0.0,205.6687,1561.1234,3431.7404,4616.0145,6204.8779,6680.7809
2025-1-23,18:00,0.0,0.0,0.0,0.0,0.0,0.0,0.0,0.0,0.0,0.0,0.0,0.0,231.4145,2002.4252,3426.0699,5128.4052,6141.8788,5509.9373,5898.3076,4919.7464,4070.0682,1708.4194,216.8405,0.0
2025-1-24,0:00,0.0,0.0,0.0,0.0,0.0,0.0,231.3724,1919.4144,3573.7701,5264.0777,6504.1866,6942.5502,6629.2768,5668.8129,3945.2215,1846.2657,199.3029,0.0,0.0,0.0,0.0,0.0,0.0,0.0
2025-1-24,6:00,208.1432,1805.0477,3474.0988,5199.7497,6524.7103,6865.1614,6453.794,5148.2863,4157.3357,2089.3147,255.0301,0.0,0.0,0.0,0.0,0.0,0.0,0.0,0.0,0.0,0.0,0.0,0.0,0.0
2025-1-24,12:00,6096.1842,4825.3658,3562.1403,1756.0338,210.609,0.0,0.0,0.0,0.0,0.0,0.0,0.0,0.0,0.0,0.0,0.0,0.0,0.0,243.1973,1734.2537,3426.7815,4419.3516,5194.1802,4711.7207
2025-1-24,18:00,0.0,0.0,0.0,0.0,0.0,0.0,0.0,0.0,0.0,0.0,0.0,0.0,200.5951,1886.7897,3517.865,5683.425,6984.7281,6975.5625,7157.625,6088.05,4173.675,2463.225,330.9918,0.0
2025-1-25,0:00,0.0,0.0,0.0,0.0,0.0,0.0,175.2836,1674.899,3369.1981,5081.7565,6416.7544,6975.5625,7157.625,6088.05,4173.675,2159.9978,243.5256,0.0,0.0,0.0,0.0,0.0,0.0,0.0
2025-1-25,6:00,212.2885,1794.5835,3562.8019,4880.8984,5657.6672,6023.6399,6534.0195,5144.3609,3524.2279,1900.6039,239.5057,0.0,0.0,0.0,0.0,0.0,0.0,0.0,0.0,0.0,0.0,0.0,0.0,0.0
2025-1-25,12:00,6917.7005,5476.1267,3755.3179,1922.1557,233.3475,0.0,0.0,0.0,0.0,0.0,0.0,0.0,0.0,0.0,0.0,0.0,0.0,0.0,227.6509,1900.5817,4270.5073,6084.0,7088.1,7247.5125
2025-1-25,18:00,0.0,0.0,0.0,0.0,0.0,0.0,0.0,0.0,0.0,0.0,0.0,0.0,251.2709,2050.6057,3942.2961,5580.5893,6518.8745,6074.8901,5301.2281,4895.9832,2985.6313,2022.6772,271.7867,0.0
2025-1-26,0:00,0.0,0.0,0.0,0.0,0.0,0.0,221.6881,1863.3382,3433.2557,4624.5663,4913.119,4842.3016,4214.5725,4297.9339,2993.955,1946.5518,260.3611,0.0,0.0,0.0,0.0,0.0,0.0,0.0
2025-1-26,6:00,227.0846,1814.5359,3546.4906,4826.1244,5814.2478,5698.9032,5184.1275,5105.3334,3651.5949,1979.8583,241.2852,0.0,0.0,0.0,0.0,0.0,0.0,0.0,0.0,0.0,0.0,0.0,0.0,0.0
2025-1-26,12:00,5157.4853,4840.937,3274.7015,1871.525,239.6486,0.0,0.0,0.0,0.0,0.0,0.0,0.0,0.0,0.0,0.0,0.0,0.0,0.0,220.5408,1616.2219,2925.4817,5640.3029,6791.6883,7245.2692
2025-1-26,18:00,0.0,0.0,0.0,0.0,0.0,0.0,0.0,0.0,0.0,0.0,0.0,0.0,284.9737,2123.0821,4230.7549,6084.0,6574.6661,6856.9925,5869.7304,4880.6108,2933.1532,1472.4238,202.2252,0.0
2025-1-27,0:00,0.0,0.0,0.0,0.0,0.0,0.0,246.4932,1872.5363,3498.5381,5401.3013,6043.7248,7247.5125,6384.9825,6088.05,4352.7,2482.2,325.1288,0.0,0.0,0.0,0.0,0.0,0.0,0.0
2025-1-27,6:00,244.3844,1915.7873,3843.8986,5640.7209,6126.9387,6979.7692,5648.0806,4946.1789,3351.4689,1940.696,271.7645,0.0,0.0,0.0,0.0,0.0,0.0,0.0,0.0,0.0,0.0,0.0,0.0,0.0
2025-1-27,12:00,5670.8433,5345.4919,3683.7185,2021.3418,279.0688,0.0,0.0,0.0,0.0,0.0,0.0,0.0,0.0,0.0,0.0,0.0,0.0,0.0,309.8928,1883.273,3534.5134,5531.4782,7088.1,6341.4886
2025-1-27,18:00,0.0,0.0,0.0,0.0,0.0,0.0,0.0,0.0,0.0,0.0,0.0,0.0,266.9108,1817.7702,3054.6381,4874.8749,7088.1,6568.4422,6124.8892,6088.05,4352.7,2427.4278,365.9881,0.0
2025-1-28,0:00,0.0,0.0,0.0,0.0,0.0,0.0,317.8497,2080.7957,3665.9685,4911.532,5868.6455,4888.0971,4900.9878,5194.7635,3780.3281,2049.8508,306.5797,0.0,0.0,0.0,0.0,0.0,0.0,0.0
2025-1-28,6:00,278.9177,1868.382,3563.6793,4945.806,6069.7913,5715.8277,5378.2258,4657.1246,3530.1877,2061.9018,297.3392,0.0,0.0,0.0,0.0,0.0,0.0,0.0,0.0,0.0,0.0,0.0,0.0,0.0
2025-1-28,12:00,5646.2983,5014.364,3779.1455,2158.6447,298.9752,0.0,0.0,0.0,0.0,0.0,0.0,0.0,0.0,0.0,0.0,0.0,0.0,0.0,261.1566,1737.364,3111.0512,4921.4645,4550.2462,4925.4345
2025-1-28,18:00,0.0,0.0,0.0,0.0,0.0,0.0,0.0,0.0,0.0,0.0,0.0,0.0,297.0051,2107.0,3966.8451,5089.9651,6023.5819,6523.4287,7157.625,6088.05,4665.8836,2447.5876,346.9922,0.0
2025-1-29,0:00,0.0,0.0,0.0,0.0,0.0,0.0,351.3224,2284.2186,4239.791,5641.6352,5940.8807,6187.547,6739.1348,6088.05,4790.25,2646.3375,357.8637,0.0,0.0,0.0,0.0,0.0,0.0,0.0
2025-1-29,6:00,322.4017,2146.4655,3853.6824,5530.6,5905.6436,5850.3219,5837.948,5497.6455,4072.3654,2059.4745,302.9234,0.0,0.0,0.0,0.0,0.0,0.0,0.0,0.0,0.0,0.0,0.0,0.0,0.0
2025-1-29,12:00,6681.4268,6069.2733,4442.8761,2301.1621,308.0735,0.0,0.0,0.0,0.0,0.0,0.0,0.0,0.0,0.0,0.0,0.0,0.0,0.0,327.5037,2472.0475,4368.9728,5520.2952,6866.153,6412.3727
2025-1-29,18:00,0.0,0.0,0.0,0.0,0.0,0.0,0.0,0.0,0.0,0.0,0.0,0.0,353.6731,2374.4822,4453.5166,5872.3843,7490.3742,6223.0077,5782.7041,3811.2962,2850.5178,1280.9095,176.9966,0.0
2025-1-30,0:00,0.0,0.0,0.0,0.0,0.0,0.0,296.7997,1942.1266,3445.5182,4769.3825,6303.3426,6811.9373,7157.625,6088.05,4790.25,2747.3625,386.693,0.0,0.0,0.0,0.0,0.0,0.0,0.0
2025-1-30,6:00,300.1262,1914.7101,3522.7265,5118.9263,6191.6196,6092.4175,6837.1221,4883.3256,3528.7661,1927.9531,280.6747,0.0,0.0,0.0,0.0,0.0,0.0,0.0,0.0,0.0,0.0,0.0,0.0,0.0
2025-1-30,12:00,6599.6089,5092.5871,3762.5457,2131.7341,306.9006,0.0,0.0,0.0,0.0,0.0,0.0,0.0,0.0,0.0,0.0,0.0,0.0,0.0,325.9594,1766.7545,3988.3782,5385.8117,5558.4484,5874.4999
2025-1-30,18:00,0.0,0.0,0.0,0.0,0.0,0.0,0.0,0.0,0.0,0.0,0.0,0.0,341.419,2093.2639,4565.2587,6619.8375,7575.225,7444.3125,7157.625,6088.05,4554.8061,2326.8567,424.0424,0.0
2025-1-31,0:00,0.0,0.0,0.0,0.0,0.0,0.0,333.2584,1807.8256,3591.6531,5141.7765,5789.7238,7296.1671,6647.5229,5982.0057,3967.0815,2375.5887,403.9901,0.0,0.0,0.0,0.0,0.0,0.0,0.0
2025-1-31,6:00,333.6655,1907.1173,3648.3956,4953.8379,5604.8952,6058.3098,5722.9868,5527.7913,3720.7818,2042.6465,339.6446,0.0,0.0,0.0,0.0,0.0,0.0,0.0,0.0,0.0,0.0,0.0,0.0,0.0
2025-1-31,12:00,5879.2583,5508.2427,3817.8496,2088.8759,353.2561,0.0,0.0,0.0,0.0,0.0,0.0,0.0,0.0,0.0,0.0,0.0,0.0,0.0,334.0592,2150.1317,3650.3943,5530.3651,7575.225,7444.3125
2025-1-31,18:00,0.0,0.0,0.0,0.0,0.0,0.0,0.0,0.0,0.0,0.0,0.0,0.0,297.8038,1785.7989,3458.1257,5238.2447,6570.8788,7444.3125,7157.625,6088.05,4044.957,1974.8296,344.638,0.0
2025-2-1,0:00,0.0,0.0,0.0,0.0,0.0,0.0,351.8186,2055.0921,3840.8664,5817.8346,7046.6046,6729.8795,6041.7638,5020.7001,3272.3774,1309.8672,275.2273,0.0,0.0,0.0,0.0,0.0,0.0,0.0
2025-2-1,6:00,346.9466,2070.1164,3894.6354,5872.2251,6798.0513,6974.8083,6980.8006,5666.3176,3746.5408,2112.8236,388.5491,0.0,0.0,0.0,0.0,0.0,0.0,0.0,0.0,0.0,0.0,0.0,0.0,0.0
2025-2-1,12:00,6292.3136,5206.092,3634.1271,1920.1047,335.9676,0.0,0.0,0.0,0.0,0.0,0.0,0.0,0.0,0.0,0.0,0.0,0.0,0.0,391.9335,1844.3734,2864.5339,3650.225,4698.474,3189.0074
2025-2-1,18:00,0.0,0.0,0.0,0.0,0.0,0.0,0.0,0.0,0.0,0.0,0.0,0.0,327.5072,1823.046,4069.055,5461.453,6900.8895,7444.3125,7113.1685,6398.5961,4790.25,2561.73,492.0532,0.0
2025-2-2,0:00,0.0,0.0,0.0,0.0,0.0,0.0,375.2276,2068.4134,4083.9989,5106.4019,5942.0848,6336.8078,6020.8029,5246.8438,4175.6368,2140.0738,411.1198,0.0,0.0,0.0,0.0,0.0,0.0,0.0
2025-2-2,6:00,384.2618,1996.0391,3819.9586,5545.8853,6449.2045,7053.2195,6205.08,5647.0073,3844.7989,2095.5448,434.0997,0.0,0.0,0.0,0.0,0.0,0.0,0.0,0.0,0.0,0.0,0.0,0.0,0.0
2025-2-2,12:00,6307.0955,5565.3615,3872.0385,1995.2786,361.7719,0.0,0.0,0.0,0.0,0.0,0.0,0.0,0.0,0.0,0.0,0.0,0.0,0.0,391.8719,2589.0987,3600.3742,4652.5069,4925.2143,5144.367
2025-2-2,18:00,0.0,0.0,0.0,0.0,0.0,0.0,0.0,0.0,0.0,0.0,0.0,0.0,429.8173,2252.1186,3693.9356,5328.8078,6753.8194,6414.659,7116.0685,6519.6,4487.1542,2015.9847,389.2807,0.0
2025-2-3,0:00,0.0,0.0,0.0,0.0,0.0,0.0,408.0103,2205.3115,3914.3949,5138.3128,5560.2815,5718.6903,5557.5033,4633.3349,3703.4216,2083.4049,362.8687,0.0,0.0,0.0,0.0,0.0,0.0,0.0
2025-2-3,6:00,436.108,2505.2194,4080.8733,5365.2102,6311.3684,6424.0303,5591.5903,5160.418,3980.662,2217.5069,356.4207,0.0,0.0,0.0,0.0,0.0,0.0,0.0,0.0,0.0,0.0,0.0,0.0,0.0
2025-2-3,12:00,6026.4449,5365.985,3990.6185,2110.493,382.8835,0.0,0.0,0.0,0.0,0.0,0.0,0.0,0.0,0.0,0.0,0.0,0.0,0.0,355.9193,1942.6407,2867.2414,4304.0675,5745.1601,7816.9687
2025-2-3,18:00,0.0,0.0,0.0,0.0,0.0,0.0,0.0,0.0,0.0,0.0,0.0,0.0,355.0225,1959.7348,3094.3258,4547.9093,5191.9822,6322.3441,6327.8432,4694.1293,3495.6561,2045.2428,353.0943,0.0
2025-2-4,0:00,0.0,0.0,0.0,0.0,0.0,0.0,339.3586,2092.0507,3341.4838,5258.6925,5833.3069,6061.7863,5419.0642,4642.0949,2388.5013,1480.6607,301.8229,0.0,0.0,0.0,0.0,0.0,0.0,0.0
2025-2-4,6:00,359.3054,2096.4623,3471.681,5016.8696,5495.295,6308.305,5896.7638,4763.0881,3490.9421,2207.8235,411.3083,0.0,0.0,0.0,0.0,0.0,0.0,0.0,0.0,0.0,0.0,0.0,0.0,0.0
2025-2-4,12:00,6034.9021,4998.795,3586.907,2218.2378,403.7672,0.0,0.0,0.0,0.0,0.0,0.0,0.0,0.0,0.0,0.0,0.0,0.0,0.0,360.334,2019.0352,4161.4106,5561.2648,7107.9818,7616.1756
2025-2-4,18:00,0.0,0.0,0.0,0.0,0.0,0.0,0.0,0.0,0.0,0.0,0.0,0.0,482.6694,2319.7647,3859.0155,4644.7734,5004.8003,4782.8823,4553.9364,3798.6342,3088.3103,1885.714,388.5623,0.0
2025-2-5,0:00,0.0,0.0,0.0,0.0,0.0,0.0,409.8286,2182.9469,3683.7022,4987.2986,6411.5976,6660.5177,6172.2878,5595.2131,3563.6955,1950.5627,398.749,0.0,0.0,0.0,0.0,0.0,0.0,0.0
2025-2-5,6:00,398.3616,2032.2656,3621.8897,4964.544,5708.1363,5803.5012,6148.228,5160.8256,3749.5453,2230.1338,433.5723,0.0,0.0,0.0,0.0,0.0,0.0,0.0,0.0,0.0,0.0,0.0,0.0,0.0
2025-2-5,12:00,6249.8767,5598.9448,3763.6428,2244.3239,437.2556,0.0,0.0,0.0,0.0,0.0,0.0,0.0,0.0,0.0,0.0,0.0,0.0,0.0,241.2076,1077.3797,2710.1912,3870.3254,5837.8161,6705.876
2025-2-5,18:00,0.0,0.0,0.0,0.0,0.0,0.0,0.0,0.0,0.0,0.0,0.0,0.0,480.7503,2173.1155,4004.3164,5348.4146,5654.0497,5563.3478,5480.4403,4410.9241,3118.5209,1808.5647,342.0924,0.0
2025-2-6,0:00,0.0,0.0,0.0,0.0,0.0,0.0,407.7541,1892.1528,3837.8519,5021.5974,6131.1625,5168.7632,5220.2868,4143.8401,2731.6723,1516.8297,374.7695,0.0,0.0,0.0,0.0,0.0,0.0,0.0
2025-2-6,6:00,427.6335,1985.2667,3959.7551,5247.0679,5960.9446,5814.8381,5831.395,4830.3222,3451.3168,2152.0778,434.4142,0.0,0.0,0.0,0.0,0.0,0.0,0.0,0.0,0.0,0.0,0.0,0.0,0.0
2025-2-6,12:00,6535.6322,5313.8763,3796.3172,2375.7908,462.0529,0.0,0.0,0.0,0.0,0.0,0.0,0.0,0.0,0.0,0.0,0.0,0.0,0.0,430.2303,1556.8999,1848.988,3628.8229,3302.0565,4890.611
2025-2-6,18:00,0.0,0.0,0.0,0.0,0.0,0.0,0.0,0.0,0.0,0.0,0.0,0.0,394.7636,1812.395,3390.3561,5029.2756,6862.2196,7833.7125,7292.8875,6519.6,4666.664,2252.1471,496.331,0.0
2025-2-7,0:00,0.0,0.0,0.0,0.0,0.0,0.0,419.6505,1967.0255,3274.5078,5184.531,6175.0004,6363.6801,6140.755,5345.9419,3201.3905,1637.8845,389.2638,0.0,0.0,0.0,0.0,0.0,0.0,0.0
2025-2-7,6:00,443.3872,2020.92,3276.7123,4916.9419,5792.0364,6665.1723,6406.7655,5507.6395,3391.6856,1890.9435,393.7609,0.0,0.0,0.0,0.0,0.0,0.0,0.0,0.0,0.0,0.0,0.0,0.0,0.0
2025-2-7,12:00,7112.0776,5922.7736,4086.3122,2222.7429,471.6055,0.0,0.0,0.0,0.0,0.0,0.0,0.0,0.0,0.0,0.0,0.0,0.0,0.0,495.6933,2294.1345,4799.2937,6517.8674,7575.225,6854.4654
2025-2-7,18:00,0.0,0.0,0.0,0.0,0.0,0.0,0.0,0.0,0.0,0.0,0.0,0.0,514.3529,2157.5393,3927.0338,4391.0185,6324.6265,6079.9262,6917.0448,4562.3404,3150.3823,1622.5359,367.7097,0.0
2025-2-8,0:00,0.0,0.0,0.0,0.0,0.0,0.0,461.2253,2109.2143,4366.506,6146.3927,7418.0408,6901.5537,7292.8875,5292.7039,4482.1714,2746.3353,577.1334,0.0,0.0,0.0,0.0,0.0,0.0,0.0
2025-2-8,6:00,498.4461,2206.4015,4174.8386,5629.8988,7062.6557,6475.5287,6519.3085,5014.2747,3758.203,2292.3622,452.3575,0.0,0.0,0.0,0.0,0.0,0.0,0.0,0.0,0.0,0.0,0.0,0.0,0.0
2025-2-8,12:00,6602.7482,4963.6908,3967.624,2379.3466,525.2095,0.0,0.0,0.0,0.0,0.0,0.0,0.0,0.0,0.0,0.0,0.0,0.0,0.0,502.1343,2205.5764,3693.5405,4632.8906,5080.805,6476.2754
2025-2-8,18:00,0.0,0.0,0.0,0.0,0.0,0.0,0.0,0.0,0.0,0.0,0.0,0.0,496.467,2289.069,3858.7996,4150.3635,3923.3375,5114.212,5142.9294,4063.4545,3663.7203,1863.1356,355.033,0.0
2025-2-9,0:00,0.0,0.0,0.0,0.0,0.0,0.0,470.0248,2103.5986,3461.9893,4356.1358,4756.147,6060.2166,6302.6899,5343.1949,4424.0543,2461.8836,501.6554,0.0,0.0,0.0,0.0,0.0,0.0,0.0
2025-2-9,6:00,527.9239,2379.4589,3892.482,4929.7109,5253.9301,5673.3079,5416.0531,4762.9473,3801.3784,2323.0535,486.0872,0.0,0.0,0.0,0.0,0.0,0.0,0.0,0.0,0.0,0.0,0.0,0.0,0.0
2025-2-9,12:00,5771.7823,5051.6926,3996.4246,2365.7654,499.0937,0.0,0.0,0.0,0.0,0.0,0.0,0.0,0.0,0.0,0.0,0.0,0.0,0.0,506.9076,2201.1721,4046.4592,5283.0507,5845.8309,4593.1245
2025-2-9,18:00,0.0,0.0,0.0,0.0,0.0,0.0,0.0,0.0,0.0,0.0,0.0,0.0,479.9049,2278.0711,2977.76,4377.3617,6505.6905,7910.4492,7626.4495,6683.775,4914.9375,1966.8421,451.6197,0.0
2025-2-10,0:00,0.0,0.0,0.0,0.0,0.0,0.0,567.7945,2396.8808,3996.36,5379.4182,6415.6565,6856.7059,6422.9502,5270.666,4142.8768,2354.1216,559.1707,0.0,0.0,0.0,0.0,0.0,0.0,0.0
2025-2-10,6:00,550.9584,2453.9761,4383.2408,6127.5288,7047.0073,7929.075,7437.2516,6223.0266,4914.9375,2564.4109,603.3139,0.0,0.0,0.0,0.0,0.0,0.0,0.0,0.0,0.0,0.0,0.0,0.0,0.0
2025-2-10,12:00,6845.2759,5469.6913,4106.0892,2275.7549,548.7345,0.0,0.0,0.0,0.0,0.0,0.0,0.0,0.0,0.0,0.0,0.0,0.0,0.0,454.3925,2260.8258,4069.0898,6052.6,7687.2375,7443.6058
2025-2-10,18:00,0.0,0.0,0.0,0.0,0.0,0.0,0.0,0.0,0.0,0.0,0.0,0.0,568.7912,2467.8716,4345.4936,6034.3351,7687.2375,7929.075,7158.2595,6683.775,4914.9375,2780.3229,650.0925,0.0
2025-2-11,0:00,0.0,0.0,0.0,0.0,0.0,0.0,569.6029,2553.795,4254.8007,5649.0714,7015.5996,7381.0729,6111.9524,4522.3058,3481.5581,1588.433,306.6722,0.0,0.0,0.0,0.0,0.0,0.0,0.0
2025-2-11,6:00,566.9474,2332.5442,4152.0506,5841.1758,7082.906,7123.0942,7052.2057,6036.092,3956.8536,2029.4049,463.1008,0.0,0.0,0.0,0.0,0.0,0.0,0.0,0.0,0.0,0.0,0.0,0.0,0.0
2025-2-11,12:00,6785.0938,5948.8473,4333.5039,2514.5305,588.1454,0.0,0.0,0.0,0.0,0.0,0.0,0.0,0.0,0.0,0.0,0.0,0.0,0.0,642.8249,2907.7613,5350.4625,6971.2125,7933.0875,8344.725
2025-2-11,18:00,0.0,0.0,0.0,0.0,0.0,0.0,0.0,0.0,0.0,0.0,0.0,0.0,595.1662,2120.6651,3528.5053,4060.1134,5442.7722,5637.7344,5438.8286,5313.5673,4426.6495,2237.3051,630.5757,0.0
2025-2-12,0:00,0.0,0.0,0.0,0.0,0.0,0.0,518.6901,2097.6836,4158.8206,5320.5714,6017.3815,6967.2691,6704.8883,5375.1732,3683.4577,1985.034,509.5699,0.0,0.0,0.0,0.0,0.0,0.0,0.0
2025-2-12,6:00,573.4985,2375.9663,4547.756,5970.5912,6888.2022,7673.3732,6863.0643,5380.8214,4372.57,2363.3559,623.8793,0.0,0.0,0.0,0.0,0.0,0.0,0.0,0.0,0.0,0.0,0.0,0.0,0.0
2025-2-12,12:00,6802.8008,5563.645,4258.1978,2358.1409,618.6546,0.0,0.0,0.0,0.0,0.0,0.0,0.0,0.0,0.0,0.0,0.0,0.0,0.0,687.524,2224.1161,4690.1279,6803.8282,7933.0875,8263.952
2025-2-12,18:00,0.0,0.0,0.0,0.0,0.0,0.0,0.0,0.0,0.0,0.0,0.0,0.0,581.8259,1950.4286,3648.5846,5963.8829,5358.8923,5610.2915,5599.411,4775.061,3702.1096,2760.265,689.5253,0.0
2025-2-13,0:00,0.0,0.0,0.0,0.0,0.0,0.0,590.0748,2212.3664,4360.7071,6070.8836,6747.0221,7012.7354,6516.6058,6168.6701,5001.0,2885.3391,746.6508,0.0,0.0,0.0,0.0,0.0,0.0,0.0
2025-2-13,6:00,618.0644,2351.6829,4736.694,6779.3163,7590.9654,7753.9134,7175.0401,6260.9104,4790.2869,2851.3669,757.6054,0.0,0.0,0.0,0.0,0.0,0.0,0.0,0.0,0.0,0.0,0.0,0.0,0.0
2025-2-13,12:00,6708.1974,5763.9393,4676.9915,2645.4992,686.2368,0.0,0.0,0.0,0.0,0.0,0.0,0.0,0.0,0.0,0.0,0.0,0.0,0.0,528.0221,2240.8134,3680.6793,5471.1106,6750.9635,8344.725
2025-2-13,18:00,0.0,0.0,0.0,0.0,0.0,0.0,0.0,0.0,0.0,0.0,0.0,0.0,568.0026,2707.038,4465.118,5314.5142,5480.5211,5693.2985,5136.3279,5010.5673,4445.1232,2455.0479,659.3602,0.0
2025-2-14,0:00,0.0,0.0,0.0,0.0,0.0,0.0,536.4362,2284.0351,3921.6519,4801.0387,5400.9959,6259.7736,7332.6856,6676.4327,5001.0,2806.0187,686.2602,0.0,0.0,0.0,0.0,0.0,0.0,0.0
2025-2-14,6:00,617.0677,2584.7586,4453.6586,5544.3199,6265.5391,6409.4305,6697.3431,5999.5474,4542.6998,2220.3905,587.3546,0.0,0.0,0.0,0.0,0.0,0.0,0.0,0.0,0.0,0.0,0.0,0.0,0.0
2025-2-14,12:00,6809.3607,5942.3911,4417.6692,2284.5703,549.3542,0.0,0.0,0.0,0.0,0.0,0.0,0.0,0.0,0.0,0.0,0.0,0.0,0.0,616.0787,3120.8309,5063.8911,5947.884,6936.1907,8269.0336
2025-2-14,18:00,0.0,0.0,0.0,0.0,0.0,0.0,0.0,0.0,0.0,0.0,0.0,0.0,538.8661,2398.4054,4539.2021,6549.436,7567.1653,8230.7824,7829.925,6683.775,4825.5431,2358.3403,656.3898,0.0
2025-2-15,0:00,0.0,0.0,0.0,0.0,0.0,0.0,654.861,2755.7897,4804.1668,5750.1657,5958.7644,6091.7797,6473.8761,5062.8203,4008.9972,2091.5039,580.4406,0.0,0.0,0.0,0.0,0.0,0.0,0.0
2025-2-15,6:00,625.5138,2648.4477,4443.6282,5885.9961,6575.6045,6892.0846,7451.6444,6543.4107,4646.2545,2526.7151,671.2419,0.0,0.0,0.0,0.0,0.0,0.0,0.0,0.0,0.0,0.0,0.0,0.0,0.0
2025-2-15,12:00,7250.5511,6167.8452,4521.7796,2315.9658,649.3068,0.0,0.0,0.0,0.0,0.0,0.0,0.0,0.0,0.0,0.0,0.0,0.0,0.0,741.2832,2834.9238,4433.0803,5187.9659,6091.9866,5692.8561
2025-2-15,18:00,0.0,0.0,0.0,0.0,0.0,0.0,0.0,0.0,0.0,0.0,0.0,0.0,779.1014,3061.0645,5060.7485,6097.3902,5831.2309,6267.4286,6877.7104,6296.7534,4668.7374,3063.2625,752.0141,0.0
2025-2-16,0:00,0.0,0.0,0.0,0.0,0.0,0.0,611.1382,2392.6212,4158.941,5337.1336,5649.4051,6308.7407,6088.3985,5319.9609,3514.8981,2137.4768,485.6056,0.0,0.0,0.0,0.0,0.0,0.0,0.0
2025-2-16,6:00,647.5576,2634.6055,4525.1614,5562.4859,6391.4211,7190.6617,6772.1321,6217.6735,4813.0567,2748.579,666.2006,0.0,0.0,0.0,0.0,0.0,0.0,0.0,0.0,0.0,0.0,0.0,0.0,0.0
2025-2-16,12:00,6698.2353,6194.6669,4976.5823,2861.2738,661.531,0.0,0.0,0.0,0.0,0.0,0.0,0.0,0.0,0.0,0.0,0.0,0.0,0.0,839.5434,3048.8428,4614.6436,6112.729,7242.8644,6063.5636
2025-2-16,18:00,0.0,0.0,0.0,0.0,0.0,0.0,0.0,0.0,0.0,0.0,0.0,0.0,782.9044,3007.4347,5350.4625,6971.2125,7933.0875,7964.6109,7829.925,6683.775,4577.1264,2572.2748,651.6257,0.0
2025-2-17,0:00,0.0,0.0,0.0,0.0,0.0,0.0,704.075,2585.4472,3959.9918,5534.3467,5337.3282,5463.8997,4956.2601,5798.1722,4245.1372,2846.1186,577.1852,0.0,0.0,0.0,0.0,0.0,0.0,0.0
2025-2-17,6:00,764.0839,2795.6432,4694.3529,6048.7451,7090.245,7129.6425,6974.2917,6263.6779,4244.9202,2550.3141,655.8093,0.0,0.0,0.0,0.0,0.0,0.0,0.0,0.0,0.0,0.0,0.0,0.0,0.0
2025-2-17,12:00,7061.7376,6658.5351,4680.2421,2792.1432,707.7239,0.0,0.0,0.0,0.0,0.0,0.0,0.0,0.0,0.0,0.0,0.0,0.0,0.0,804.6687,2882.7291,5173.0476,6971.2125,7805.643,8317.3282
2025-2-17,18:00,0.0,0.0,0.0,0.0,0.0,0.0,0.0,0.0,0.0,0.0,0.0,0.0,810.2793,2897.7208,5350.4625,6971.2125,7658.2654,8344.725,7336.5622,6021.2926,4734.6607,3190.395,906.8447,0.0
2025-2-18,0:00,0.0,0.0,0.0,0.0,0.0,0.0,799.5842,2681.6534,4285.392,5898.0,6749.6929,8212.9471,7188.1284,6683.775,5001.0,2721.2573,591.4928,0.0,0.0,0.0,0.0,0.0,0.0,0.0
2025-2-18,6:00,768.8985,2551.0826,4292.4332,6083.6229,6375.1755,7476.1866,6797.525,6671.307,4998.6834,2737.5275,775.6462,0.0,0.0,0.0,0.0,0.0,0.0,0.0,0.0,0.0,0.0,0.0,0.0,0.0
2025-2-18,12:00,6640.0044,6148.5513,4622.3725,2997.6093,798.8331,0.0,0.0,0.0,0.0,0.0,0.0,0.0,0.0,0.0,0.0,0.0,0.0,0.0,520.2251,2140.4387,4039.6655,4426.4188,5758.0821,7343.3043
2025-2-18,18:00,0.0,0.0,0.0,0.0,0.0,0.0,0.0,0.0,0.0,0.0,0.0,0.0,847.5691,2963.9289,4301.8747,6116.0443,7052.4546,7655.1202,7182.4067,6683.775,4701.3666,2996.8962,903.1905,0.0
2025-2-19,0:00,0.0,0.0,0.0,0.0,0.0,0.0,717.9258,2724.7644,4102.0926,5847.4277,7558.6904,8059.648,7556.5139,6147.0731,4120.3661,2958.4561,880.6372,0.0,0.0,0.0,0.0,0.0,0.0,0.0
2025-2-19,6:00,726.9212,2767.8926,4458.2803,5974.7106,7439.384,8340.4778,7254.3695,5827.1559,4531.0256,2835.8772,897.1235,0.0,0.0,0.0,0.0,0.0,0.0,0.0,0.0,0.0,0.0,0.0,0.0,0.0
2025-2-19,12:00,6931.7027,5730.0532,4039.876,2743.9067,862.563,0.0,0.0,0.0,0.0,0.0,0.0,0.0,0.0,0.0,0.0,0.0,0.0,0.0,900.5678,2598.8311,5252.6955,6971.2125,7933.0875,8183.0697
2025-2-19,18:00,0.0,0.0,0.0,0.0,0.0,0.0,0.0,0.0,0.0,0.0,0.0,0.0,1026.8545,3164.2513,5350.4625,6864.1813,7282.003,8344.725,7829.925,6683.775,5001.0,3213.5625,877.2456,0.0
2025-2-20,0:00,0.0,0.0,0.0,0.0,0.0,0.0,848.1275,2564.7045,4533.5175,5519.5073,5679.0937,6690.9675,6343.1283,6434.1386,4856.5938,3213.5625,864.4773,0.0,0.0,0.0,0.0,0.0,0.0,0.0
2025-2-20,6:00,882.9428,2610.8701,4720.4193,6108.1707,6673.4766,7431.085,7132.5253,6161.3802,4257.5677,2589.85,644.4618,0.0,0.0,0.0,0.0,0.0,0.0,0.0,0.0,0.0,0.0,0.0,0.0,0.0
2025-2-20,12:00,6956.6411,6403.0174,4986.2745,3085.6414,759.1283,0.0,0.0,0.0,0.0,0.0,0.0,0.0,0.0,0.0,0.0,0.0,0.0,0.0,1002.6753,3156.7396,4589.2617,6612.9639,7933.0875,8344.725
2025-2-20,18:00,0.0,0.0,0.0,0.0,0.0,0.0,0.0,0.0,0.0,0.0,0.0,0.0,781.3543,2410.1549,4467.027,6568.1797,7933.0875,8344.725,7829.925,6683.775,4084.5973,2887.2927,781.3896,0.0
2025-2-21,0:00,0.0,0.0,0.0,0.0,0.0,0.0,860.0715,2566.5526,4111.7383,4969.867,6082.2076,6898.4389,7501.3478,6683.775,5245.3322,3140.9373,949.715,0.0,0.0,0.0,0.0,0.0,0.0,0.0
2025-2-21,6:00,822.5407,2547.4821,4194.3647,5632.5133,6781.6416,7187.1174,6869.3407,5633.0066,4414.9953,3135.8532,928.972,0.0,0.0,0.0,0.0,0.0,0.0,0.0,0.0,0.0,0.0,0.0,0.0,0.0
2025-2-21,12:00,7223.4339,6244.3248,4598.6976,3060.1896,878.4387,0.0,0.0,0.0,0.0,0.0,0.0,0.0,0.0,0.0,0.0,0.0,0.0,0.0,599.199,1624.9002,2642.9405,4140.0536,6277.7377,6942.6545
2025-2-21,18:00,0.0,0.0,0.0,0.0,0.0,0.0,0.0,0.0,0.0,0.0,0.0,0.0,910.9058,2687.6092,4384.5393,5085.1591,5664.0613,6817.909,6418.2087,5743.7341,4750.5121,2682.3164,770.6589,0.0
2025-2-22,0:00,0.0,0.0,0.0,0.0,0.0,0.0,955.8252,2769.4118,4444.0336,5895.8248,6307.5396,6905.9079,7042.2106,5697.1037,3555.8601,2842.408,783.0742,0.0,0.0,0.0,0.0,0.0,0.0,0.0
2025-2-22,6:00,902.2661,2770.0181,4475.6337,5824.5401,6833.4729,6890.2444,6381.9436,5665.7866,4130.4111,2375.4962,744.6669,0.0,0.0,0.0,0.0,0.0,0.0,0.0,0.0,0.0,0.0,0.0,0.0,0.0
2025-2-22,12:00,6687.1474,6061.8966,4469.1342,2640.4063,866.9857,0.0,0.0,0.0,0.0,0.0,0.0,0.0,0.0,0.0,0.0,0.0,0.0,0.0,664.5832,2468.0198,5350.4625,6343.552,7933.0875,8344.725
2025-2-22,18:00,0.0,0.0,0.0,0.0,0.0,0.0,0.0,0.0,0.0,0.0,0.0,0.0,943.4059,2961.1919,5350.4625,5879.0463,7172.4698,6559.0048,5938.5587,4379.2381,3916.1102,2116.3943,579.6637,0.0
2025-2-23,0:00,0.0,0.0,0.0,0.0,0.0,0.0,841.4891,2623.738,5101.5339,5927.3374,7279.6862,6673.4737,6254.5462,5563.7245,4215.2218,2548.7767,1045.0588,0.0,0.0,0.0,0.0,0.0,0.0,0.0
2025-2-23,6:00,837.5359,2598.9926,5011.7287,5666.9859,7126.1983,6873.9174,6846.0275,5402.1738,4122.7369,2579.1344,902.0243,0.0,0.0,0.0,0.0,0.0,0.0,0.0,0.0,0.0,0.0,0.0,0.0,0.0
2025-2-23,12:00,7152.7266,6078.2431,5006.158,3092.8784,1044.4039,0.0,0.0,0.0,0.0,0.0,0.0,0.0,0.0,0.0,0.0,0.0,0.0,0.0,1108.9667,2879.7171,5344.9292,5494.9522,5831.7347,4561.1334
2025-2-23,18:00,0.0,0.0,0.0,0.0,0.0,0.0,0.0,0.0,0.0,0.0,0.0,0.0,745.5003,2585.0232,4646.2222,6199.304,6735.004,8265.1288,7991.1755,6683.775,4243.3486,3121.8707,996.4382,0.0
2025-2-24,0:00,0.0,0.0,0.0,0.0,0.0,0.0,855.2942,2491.529,4705.3769,5829.2698,7933.0875,8126.6517,8068.951,6683.775,3935.5235,1990.5683,699.7025,0.0,0.0,0.0,0.0,0.0,0.0,0.0
2025-2-24,6:00,940.0509,2828.9603,5121.1295,5972.8721,6764.734,6810.3106,6748.5498,6467.9801,4551.0968,2866.8385,978.4649,0.0,0.0,0.0,0.0,0.0,0.0,0.0,0.0,0.0,0.0,0.0,0.0,0.0
2025-2-24,12:00,7251.5513,6589.5885,4567.5186,2862.3784,923.3491,0.0,0.0,0.0,0.0,0.0,0.0,0.0,0.0,0.0,0.0,0.0,0.0,0.0,1123.9475,3084.882,5350.4625,6989.775,7933.0875,8344.725
2025-2-24,18:00,0.0,0.0,0.0,0.0,0.0,0.0,0.0,0.0,0.0,0.0,0.0,0.0,984.4066,2899.1119,5013.8677,6601.9512,7933.0875,8344.725,8501.7,6683.775,5071.0268,2954.1652,844.3989,0.0
2025-2-25,0:00,0.0,0.0,0.0,0.0,0.0,0.0,938.9164,2432.8542,4437.0555,5963.4692,6827.5274,6784.0553,7181.6216,5908.1448,4345.6537,2915.379,988.8566,0.0,0.0,0.0,0.0,0.0,0.0,0.0
2025-2-25,6:00,1067.133,2983.522,5350.4625,6989.775,7386.8901,7183.3195,6830.3325,5347.7372,4387.6611,2815.8721,902.5419,0.0,0.0,0.0,0.0,0.0,0.0,0.0,0.0,0.0,0.0,0.0,0.0,0.0
2025-2-25,12:00,7856.1198,6683.775,4988.8272,3130.164,992.4984,0.0,0.0,0.0,0.0,0.0,0.0,0.0,0.0,0.0,0.0,0.0,0.0,0.0,1096.5633,2767.8588,5350.4625,6989.775,7750.0765,8181.3341
2025-2-25,18:00,0.0,0.0,0.0,0.0,0.0,0.0,0.0,0.0,0.0,0.0,0.0,0.0,1137.761,3238.1731,4995.1685,6389.7429,6919.6111,6505.2243,7807.8864,6683.775,5270.8875,3401.55,1450.2,0.0
2025-2-26,0:00,0.0,0.0,0.0,0.0,0.0,0.0,1033.207,3061.4343,5313.5728,6989.775,7569.8156,7841.071,8229.6313,6226.3894,5158.9495,3016.3679,1070.322,0.0,0.0,0.0,0.0,0.0,0.0,0.0
2025-2-26,6:00,1031.795,3224.3577,5171.041,6932.0995,7312.4921,7841.0495,7170.9622,6253.4061,4954.4506,2945.8198,1020.5125,0.0,0.0,0.0,0.0,0.0,0.0,0.0,0.0,0.0,0.0,0.0,0.0,0.0
2025-2-26,12:00,7036.5709,5957.3341,4548.9108,2812.6795,964.0447,0.0,0.0,0.0,0.0,0.0,0.0,0.0,0.0,0.0,0.0,0.0,0.0,0.0,671.1651,2265.9889,3026.307,4589.2709,4224.6236,5103.2567
2025-2-26,18:00,0.0,0.0,0.0,0.0,0.0,0.0,0.0,0.0,0.0,0.0,0.0,0.0,1127.9823,3263.236,4682.4988,6024.5072,7097.0836,7616.4675,5923.3829,4556.4004,2989.9836,2453.3313,662.057,0.0
2025-2-27,0:00,0.0,0.0,0.0,0.0,0.0,0.0,896.0011,2784.6041,4767.9273,6172.6048,7574.9343,7977.0157,7979.325,6683.775,5134.3544,3156.753,1066.2305,0.0,0.0,0.0,0.0,0.0,0.0,0.0
2025-2-27,6:00,1013.944,2837.8224,4549.9,6362.8794,7933.0875,8344.725,8180.2511,6388.9602,4616.3215,3162.5776,995.1604,0.0,0.0,0.0,0.0,0.0,0.0,0.0,0.0,0.0,0.0,0.0,0.0,0.0
2025-2-27,12:00,7813.7373,6265.4466,4769.4918,3085.2201,1008.1967,0.0,0.0,0.0,0.0,0.0,0.0,0.0,0.0,0.0,0.0,0.0,0.0,0.0,990.7113,3184.0833,5170.8194,7015.0875,7248.4964,7094.1818
2025-2-27,18:00,0.0,0.0,0.0,0.0,0.0,0.0,0.0,0.0,0.0,0.0,0.0,0.0,778.7348,2253.0549,3719.5141,6290.2511,7057.5179,8344.725,8501.7,6683.775,5270.8875,3569.1375,1304.8164,0.0
2025-2-28,0:00,0.0,0.0,0.0,0.0,0.0,0.0,1082.3801,3155.0978,5130.3137,7015.0875,6933.3759,7715.4883,7574.5109,6042.3922,4950.6183,3177.6541,761.7323,0.0,0.0,0.0,0.0,0.0,0.0,0.0
2025-2-28,6:00,1002.0517,2980.4783,4768.5944,6705.1535,6725.4102,7074.0686,6771.8303,6037.6131,5270.8875,3377.8131,1064.5266,0.0,0.0,0.0,0.0,0.0,0.0,0.0,0.0,0.0,0.0,0.0,0.0,0.0
2025-2-28,12:00,7022.8176,6242.2363,5165.7588,3053.1075,1026.8168,0.0,0.0,0.0,0.0,0.0,0.0,0.0,0.0,0.0,0.0,0.0,0.0,0.0,1210.1633,3491.55,4616.0182,5715.2461,6491.6114,5273.3339
2025-2-28,18:00,0.0,0.0,0.0,0.0,0.0,0.0,0.0,0.0,0.0,0.0,0.0,0.0,872.9784,2429.9697,3480.011,3965.4979,4776.424,6689.7333,6899.2275,5276.4076,5098.9681,3191.54,1165.3316,0.0
2025-3-1,0:00,0.0,0.0,0.0,0.0,0.0,0.0,909.6285,2661.0697,3964.2304,5133.8466,5525.0933,6761.2539,5460.5808,4931.868,4274.5779,2406.9779,902.456,0.0,0.0,0.0,0.0,0.0,0.0,0.0
2025-3-1,6:00,976.0978,2697.4825,4173.7536,5775.9041,6803.5153,8232.7323,8027.7384,6291.6494,4790.065,2850.697,962.6409,0.0,0.0,0.0,0.0,0.0,0.0,0.0,0.0,0.0,0.0,0.0,0.0,0.0
2025-3-1,12:00,7250.1701,5900.1919,4656.0971,2821.7367,1020.2917,0.0,0.0,0.0,0.0,0.0,0.0,0.0,0.0,0.0,0.0,0.0,0.0,0.0,1289.6044,3718.2,6017.9625,7303.05,7933.0875,8344.725
2025-3-1,18:00,0.0,0.0,0.0,0.0,0.0,0.0,0.0,0.0,0.0,0.0,0.0,0.0,1160.0623,2654.092,4436.6958,6167.4981,6742.1703,7568.5264,8180.4026,6986.6625,5510.8125,2993.7623,945.8349,0.0
2025-3-2,0:00,0.0,0.0,0.0,0.0,0.0,0.0,1100.1572,3146.2131,4770.4317,6130.3336,6966.3113,6327.8636,5269.7272,4758.6798,3568.2115,2317.4875,779.9053,0.0,0.0,0.0,0.0,0.0,0.0,0.0
2025-3-2,6:00,1050.5768,2886.5998,4504.6613,5518.3649,6362.1998,6105.6707,5398.3771,4940.0709,4331.8423,2581.5846,930.0853,0.0,0.0,0.0,0.0,0.0,0.0,0.0,0.0,0.0,0.0,0.0,0.0,0.0
2025-3-2,12:00,5841.4712,4932.9139,4054.1964,2584.2501,871.7607,0.0,0.0,0.0,0.0,0.0,0.0,0.0,0.0,0.0,0.0,0.0,0.0,0.0,850.4427,2668.8621,3718.727,4401.7249,4744.1467,4378.1244
2025-3-2,18:00,0.0,0.0,0.0,0.0,0.0,0.0,0.0,0.0,0.0,0.0,0.0,0.0,1006.0231,2478.5959,3820.6459,5030.0237,5906.727,6038.8543,7796.766,6986.6625,5143.2711,3118.6172,1268.2365,0.0
2025-3-3,0:00,0.0,0.0,0.0,0.0,0.0,0.0,1036.3322,2658.6133,3944.4886,4991.6654,5544.1505,5613.0456,5511.9989,5189.8661,3788.4353,3115.2906,1265.9666,0.0,0.0,0.0,0.0,0.0,0.0,0.0
2025-3-3,6:00,1003.0064,2743.0439,4262.8475,5354.6611,6741.9389,7104.3003,7463.328,6112.1458,3896.0057,2495.574,865.1564,0.0,0.0,0.0,0.0,0.0,0.0,0.0,0.0,0.0,0.0,0.0,0.0,0.0
2025-3-3,12:00,6701.7089,5920.5595,3957.1218,2572.6841,958.2769,0.0,0.0,0.0,0.0,0.0,0.0,0.0,0.0,0.0,0.0,0.0,0.0,0.0,1390.1988,2906.6659,4399.1526,5335.8572,5113.6778,4722.8124
2025-3-3,18:00,0.0,0.0,0.0,0.0,0.0,0.0,0.0,0.0,0.0,0.0,0.0,0.0,1057.1564,2670.3702,4245.6135,5358.7511,6455.3658,7866.1241,8009.4719,6986.6625,5510.8125,3796.9125,1499.5279,0.0
2025-3-4,0:00,0.0,0.0,0.0,0.0,0.0,0.0,1118.306,2503.4657,4555.729,6082.8561,6926.7066,7597.47,7435.9066,6695.5774,5297.3988,2486.4418,917.1654,0.0,0.0,0.0,0.0,0.0,0.0,0.0
2025-3-4,6:00,1115.0562,2605.6062,4300.6175,5742.4562,6628.6308,7140.1548,7280.8853,6162.5496,5416.6956,2829.7433,1077.9604,0.0,0.0,0.0,0.0,0.0,0.0,0.0,0.0,0.0,0.0,0.0,0.0,0.0
2025-3-4,12:00,7060.2758,6197.0259,5143.0646,2776.4097,1072.8911,0.0,0.0,0.0,0.0,0.0,0.0,0.0,0.0,0.0,0.0,0.0,0.0,0.0,1118.0544,2966.4481,5290.999,7103.8053,7933.0875,8344.725
2025-3-4,18:00,0.0,0.0,0.0,0.0,0.0,0.0,0.0,0.0,0.0,0.0,0.0,0.0,931.3904,2757.9625,4281.2319,6303.1198,6498.6747,7485.0172,6584.2389,5466.269,4917.2876,3167.6578,1087.3672,0.0
2025-3-5,0:00,0.0,0.0,0.0,0.0,0.0,0.0,1133.0256,2983.3059,4705.6137,5865.9981,6931.4108,6743.3984,5742.4427,5102.3846,4760.951,2881.722,1232.9564,0.0,0.0,0.0,0.0,0.0,0.0,0.0
2025-3-5,6:00,1113.5745,2964.2939,4723.1611,6366.6295,7372.9678,7533.0102,6353.6625,6007.8149,4970.6815,2864.5394,1051.77,0.0,0.0,0.0,0.0,0.0,0.0,0.0,0.0,0.0,0.0,0.0,0.0,0.0
2025-3-5,12:00,6945.7865,5913.3572,5141.4331,3497.106,1226.7121,0.0,0.0,0.0,0.0,0.0,0.0,0.0,0.0,0.0,0.0,0.0,0.0,0.0,1094.8342,2902.3674,4787.3821,5780.7381,5994.0729,7043.556
2025-3-5,18:00,0.0,0.0,0.0,0.0,0.0,0.0,0.0,0.0,0.0,0.0,0.0,0.0,1224.8321,3268.8138,4975.7252,6276.432,7398.5408,8393.5916,7543.5971,5869.5627,4167.3517,2362.7643,771.705,0.0
2025-3-6,0:00,0.0,0.0,0.0,0.0,0.0,0.0,1210.2066,3173.3181,5194.8272,6769.4943,7652.5301,7280.4962,7458.1542,5860.0041,4129.5539,2786.6007,1159.3404,0.0,0.0,0.0,0.0,0.0,0.0,0.0
2025-3-6,6:00,1243.1077,3343.0259,4941.9059,6283.8463,7388.3091,7803.0836,7264.4088,6173.3721,4805.8365,2896.5758,1245.9179,0.0,0.0,0.0,0.0,0.0,0.0,0.0,0.0,0.0,0.0,0.0,0.0,0.0
2025-3-6,12:00,7150.768,5873.8047,4488.4808,2884.6477,1190.0239,0.0,0.0,0.0,0.0,0.0,0.0,0.0,0.0,0.0,0.0,0.0,0.0,0.0,1505.7972,3927.9,5355.8238,7303.05,8135.175,8906.5125
2025-3-6,18:00,0.0,0.0,0.0,0.0,0.0,0.0,0.0,0.0,0.0,0.0,0.0,0.0,939.3623,3084.7415,4127.2365,6113.6822,8135.175,7950.2931,6936.1566,5533.1845,4431.0482,2766.6273,1276.1194,0.0
2025-3-7,0:00,0.0,0.0,0.0,0.0,0.0,0.0,1093.895,3067.2069,4680.5884,6445.9696,7016.5564,7304.5249,5851.0148,4946.045,3358.7061,2435.6285,887.8001,0.0,0.0,0.0,0.0,0.0,0.0,0.0
2025-3-7,6:00,1098.4606,3191.8961,4546.5682,6085.2733,7582.0264,7808.5745,7086.1343,5936.7318,4981.9982,3031.9808,1095.4961,0.0,0.0,0.0,0.0,0.0,0.0,0.0,0.0,0.0,0.0,0.0,0.0,0.0
2025-3-7,12:00,6797.9761,5766.1265,4774.8716,3049.6307,1150.4091,0.0,0.0,0.0,0.0,0.0,0.0,0.0,0.0,0.0,0.0,0.0,0.0,0.0,866.8865,2457.3844,4602.6804,3880.5218,4452.6891,5908.4652
2025-3-7,18:00,0.0,0.0,0.0,0.0,0.0,0.0,0.0,0.0,0.0,0.0,0.0,0.0,1206.8861,3468.7014,6010.6647,7300.273,8135.175,8906.5125,8501.7,7002.5549,5653.1625,3745.5574,1314.3453,0.0
2025-3-8,0:00,0.0,0.0,0.0,0.0,0.0,0.0,1074.6674,3293.9922,5674.1433,6798.3573,6997.2746,7418.159,6796.8429,5617.2465,4891.633,3172.5094,1134.4728,0.0,0.0,0.0,0.0,0.0,0.0,0.0
2025-3-8,6:00,1096.8205,3132.4181,5260.5744,6237.7391,7136.0924,7489.8689,7287.4022,6469.187,5590.1182,3289.2525,1198.1727,0.0,0.0,0.0,0.0,0.0,0.0,0.0,0.0,0.0,0.0,0.0,0.0,0.0
2025-3-8,12:00,7268.2195,5902.591,5142.5822,3121.0499,1171.6295,0.0,0.0,0.0,0.0,0.0,0.0,0.0,0.0,0.0,0.0,0.0,0.0,0.0,1296.3457,3509.3869,5664.2252,5532.7888,5841.3055,6114.3049
2025-3-8,18:00,0.0,0.0,0.0,0.0,0.0,0.0,0.0,0.0,0.0,0.0,0.0,0.0,1257.7847,3238.3026,4944.0814,7303.05,8135.175,8906.5125,8501.7,7426.6125,5653.1625,4046.0625,1822.4642,0.0
2025-3-9,0:00,0.0,0.0,0.0,0.0,0.0,0.0,1226.9988,3384.108,5212.555,5891.276,6074.5755,6337.2656,6665.4958,4765.4019,4412.7982,3225.2918,1430.0147,0.0,0.0,0.0,0.0,0.0,0.0,0.0
2025-3-9,6:00,1225.6467,3099.2995,4998.3389,6223.2423,7125.793,8287.6043,8501.7,6792.0009,5478.6843,3824.6939,1619.3053,0.0,0.0,0.0,0.0,0.0,0.0,0.0,0.0,0.0,0.0,0.0,0.0,0.0
2025-3-9,12:00,8501.7,5974.1623,4771.7598,3358.0516,1419.5351,0.0,0.0,0.0,0.0,0.0,0.0,0.0,0.0,0.0,0.0,0.0,0.0,0.0,1378.0228,3036.7049,4832.2042,5385.1936,5355.1506,6388.7704
2025-3-9,18:00,0.0,0.0,0.0,0.0,0.0,0.0,0.0,0.0,0.0,0.0,0.0,0.0,1209.4396,2677.4748,4312.124,5815.9915,5269.9675,4981.3448,3539.9488,3395.8183,2314.8066,1997.64,939.759,0.0
2025-3-10,0:00,0.0,0.0,0.0,0.0,0.0,0.0,1219.6516,3156.8177,5043.2742,6786.7083,6720.5811,6496.5378,6579.4162,6191.6486,4634.2737,3258.1389,1357.4303,0.0,0.0,0.0,0.0,0.0,0.0,0.0
2025-3-10,6:00,1273.5381,3059.0497,4668.5484,6188.7823,6542.9015,6520.7024,6629.6739,6467.7485,5210.8745,3525.6528,1502.9091,0.0,0.0,0.0,0.0,0.0,0.0,0.0,0.0,0.0,0.0,0.0,0.0,0.0
2025-3-10,12:00,6590.3783,6075.9072,4733.5867,3396.477,1313.3989,0.0,0.0,0.0,0.0,0.0,0.0,0.0,0.0,0.0,0.0,0.0,0.0,0.0,1120.3405,3245.8986,5162.8668,7213.2311,7634.9707,8906.5125
2025-3-10,18:00,0.0,0.0,0.0,0.0,0.0,0.0,0.0,0.0,0.0,0.0,0.0,0.0,1130.9494,2411.3774,3513.6797,5224.79,5468.9368,5904.8986,5262.2861,4813.0468,3435.7417,2332.987,992.6992,0.0
2025-3-11,0:00,0.0,0.0,0.0,0.0,0.0,0.0,1357.3205,3488.217,6017.9625,7585.1625,8519.582,8906.5125,8452.891,6911.4032,4711.3816,3004.4555,1182.6668,0.0,0.0,0.0,0.0,0.0,0.0,0.0
2025-3-11,6:00,1312.5188,3354.409,5294.9793,7004.3714,7294.8865,7429.597,6863.5866,6131.3763,3914.5773,2583.6696,1108.5803,0.0,0.0,0.0,0.0,0.0,0.0,0.0,0.0,0.0,0.0,0.0,0.0,0.0
2025-3-11,12:00,6836.2853,6612.4697,4705.9785,3033.375,1269.4316,0.0,0.0,0.0,0.0,0.0,0.0,0.0,0.0,0.0,0.0,0.0,0.0,0.0,1696.268,3888.5965,6017.9625,7073.3666,7056.1821,5945.7114
2025-3-11,18:00,0.0,0.0,0.0,0.0,0.0,0.0,0.0,0.0,0.0,0.0,0.0,0.0,1397.0152,3716.4584,5744.7727,7435.7657,7458.324,7968.686,7652.1118,6340.6681,5067.812,3021.8145,1137.6829,0.0
2025-3-12,0:00,0.0,0.0,0.0,0.0,0.0,0.0,1372.3971,3354.21,5272.292,6662.3022,6583.4266,7160.8352,7147.505,5376.5595,4297.1904,2536.0404,969.3447,0.0,0.0,0.0,0.0,0.0,0.0,0.0
2025-3-12,6:00,1416.0319,3428.6233,5200.2094,7149.7274,7497.0165,8150.6997,8275.3106,7177.9397,5425.2166,3580.3473,1500.3223,0.0,0.0,0.0,0.0,0.0,0.0,0.0,0.0,0.0,0.0,0.0,0.0,0.0
2025-3-12,12:00,7845.3118,6454.1158,4920.9279,3023.8774,1181.454,0.0,0.0,0.0,0.0,0.0,0.0,0.0,0.0,0.0,0.0,0.0,0.0,0.0,1671.7844,3927.9,6017.9625,6502.7348,7252.5932,7031.0396
2025-3-12,18:00,0.0,0.0,0.0,0.0,0.0,0.0,0.0,0.0,0.0,0.0,0.0,0.0,1187.5617,2849.7076,3866.9089,3939.7549,5049.6205,6123.77,5349.0964,5391.0738,5117.8388,3157.3595,1130.7621,0.0
2025-3-13,0:00,0.0,0.0,0.0,0.0,0.0,0.0,1611.7008,3260.4461,4587.3783,5113.1134,5717.0145,6268.8881,7037.8854,7209.7166,5006.1266,3428.463,1206.1968,0.0,0.0,0.0,0.0,0.0,0.0,0.0
2025-3-13,6:00,1589.5043,3422.159,5217.4983,5565.564,5995.4444,6434.8213,6587.0053,6111.956,5213.8504,3174.8507,1081.7226,0.0,0.0,0.0,0.0,0.0,0.0,0.0,0.0,0.0,0.0,0.0,0.0,0.0
2025-3-13,12:00,6346.8931,6045.7291,5007.1199,3206.432,1263.6118,0.0,0.0,0.0,0.0,0.0,0.0,0.0,0.0,0.0,0.0,0.0,0.0,0.0,1098.851,2469.2386,4286.5021,5513.9787,5501.3948,5272.2181
2025-3-13,18:00,0.0,0.0,0.0,0.0,0.0,0.0,0.0,0.0,0.0,0.0,0.0,0.0,1316.9822,3271.9832,5776.3062,7293.5736,7479.8737,8769.821,7169.7917,5918.6273,3897.7743,2667.9451,1220.8664,0.0
2025-3-14,0:00,0.0,0.0,0.0,0.0,0.0,0.0,1318.3862,3138.0123,5417.8006,7029.5,8078.2723,8530.3388,8522.6625,6562.8782,4672.7779,3180.0849,1568.6169,0.0,0.0,0.0,0.0,0.0,0.0,0.0
2025-3-14,6:00,1392.1368,3439.8717,5785.322,7585.1625,8360.4747,8825.7749,7951.1833,6346.4062,4254.4754,2808.0262,1403.4927,0.0,0.0,0.0,0.0,0.0,0.0,0.0,0.0,0.0,0.0,0.0,0.0,0.0
2025-3-14,12:00,7553.8871,6323.0109,4351.5193,3040.2879,1350.9135,0.0,0.0,0.0,0.0,0.0,0.0,0.0,0.0,0.0,0.0,0.0,0.0,0.0,1260.0811,3739.219,6017.9625,6572.6892,8768.6625,8906.5125
2025-3-14,18:00,0.0,0.0,0.0,0.0,0.0,0.0,0.0,0.0,0.0,0.0,0.0,0.0,1317.8164,2757.8105,4300.2466,4315.5466,5456.2817,6416.8892,7754.4577,7382.5226,6083.7908,4046.0625,1671.5826,0.0
2025-3-15,0:00,0.0,0.0,0.0,0.0,0.0,0.0,1245.8154,3194.9284,5180.7537,5191.2684,6293.3148,6575.1149,6326.3075,6157.8347,5366.2022,3829.3784,1584.7865,0.0,0.0,0.0,0.0,0.0,0.0,0.0
2025-3-15,6:00,1323.7759,3224.1194,5032.3986,5269.2072,6143.8996,5985.4576,6018.5139,5300.0503,4442.7361,3061.3853,1392.4361,0.0,0.0,0.0,0.0,0.0,0.0,0.0,0.0,0.0,0.0,0.0,0.0,0.0
2025-3-15,12:00,6836.1285,6153.165,4977.7069,3383.0912,1347.5709,0.0,0.0,0.0,0.0,0.0,0.0,0.0,0.0,0.0,0.0,0.0,0.0,0.0,1571.4353,3279.4242,6135.375,7528.2893,6938.7821,7037.3086
2025-3-15,18:00,0.0,0.0,0.0,0.0,0.0,0.0,0.0,0.0,0.0,0.0,0.0,0.0,1243.7487,3095.9178,5194.184,6545.1009,7373.5569,8480.2903,7840.3092,7543.9645,6068.4791,4013.4694,1592.5453,0.0
2025-3-16,0:00,0.0,0.0,0.0,0.0,0.0,0.0,1252.6004,2925.399,5405.1241,7293.7716,8057.3118,7870.0606,7276.255,5124.8329,4130.1729,2933.7453,1393.4104,0.0,0.0,0.0,0.0,0.0,0.0,0.0
2025-3-16,6:00,1300.4543,2997.2847,5399.2898,6882.293,7464.5896,7108.5467,6432.4721,5439.4203,4517.2242,2942.0226,1253.5877,0.0,0.0,0.0,0.0,0.0,0.0,0.0,0.0,0.0,0.0,0.0,0.0,0.0
2025-3-16,12:00,6944.5776,5906.4742,4812.9179,3175.7507,1311.43,0.0,0.0,0.0,0.0,0.0,0.0,0.0,0.0,0.0,0.0,0.0,0.0,0.0,2048.9625,4128.375,6065.7746,7328.9689,7740.8192,6909.3031
2025-3-16,18:00,0.0,0.0,0.0,0.0,0.0,0.0,0.0,0.0,0.0,0.0,0.0,0.0,1578.9183,3253.1411,5773.7002,7280.7272,6838.6919,8328.3175,8075.7854,7181.1505,6228.0,4046.0625,1751.3982,0.0
2025-3-17,0:00,0.0,0.0,0.0,0.0,0.0,0.0,1883.5493,3912.2475,6135.375,6872.697,6905.5056,7351.9599,7117.7335,6345.4589,5740.5637,3711.7186,1526.0804,0.0,0.0,0.0,0.0,0.0,0.0,0.0
2025-3-17,6:00,1708.8738,3741.0132,6135.375,7585.1625,8142.7055,8906.5125,8030.4255,7732.1131,5982.6175,3981.749,1705.8351,0.0,0.0,0.0,0.0,0.0,0.0,0.0,0.0,0.0,0.0,0.0,0.0,0.0
2025-3-17,12:00,7471.1026,7055.8869,5574.2459,3372.9072,1380.9596,0.0,0.0,0.0,0.0,0.0,0.0,0.0,0.0,0.0,0.0,0.0,0.0,0.0,1686.8399,3184.639,3714.2857,4567.7354,6007.816,5624.8831
2025-3-17,18:00,0.0,0.0,0.0,0.0,0.0,0.0,0.0,0.0,0.0,0.0,0.0,0.0,1798.023,4117.1397,5874.9406,6317.4054,8689.6453,8906.5125,7703.0667,7325.7523,5725.0133,3512.0951,1269.1625,0.0
2025-3-18,0:00,0.0,0.0,0.0,0.0,0.0,0.0,1449.5228,3177.0625,4308.8499,4662.7352,6433.9403,6733.7584,6378.5266,6004.0865,5236.3721,3432.8281,1353.4328,0.0,0.0,0.0,0.0,0.0,0.0,0.0
2025-3-18,6:00,1537.8284,3312.9593,4901.0817,6229.503,7350.377,7746.5981,7206.693,6069.569,4717.4405,3255.4911,1418.3241,0.0,0.0,0.0,0.0,0.0,0.0,0.0,0.0,0.0,0.0,0.0,0.0,0.0
2025-3-18,12:00,7728.9913,6614.9815,5132.8458,3639.3253,1522.1698,0.0,0.0,0.0,0.0,0.0,0.0,0.0,0.0,0.0,0.0,0.0,0.0,0.0,1628.1791,3646.7188,5070.9227,6574.3371,7708.0872,8690.7371
2025-3-18,18:00,0.0,0.0,0.0,0.0,0.0,0.0,0.0,0.0,0.0,0.0,0.0,0.0,1441.2487,3281.8644,4827.5963,7455.4918,8327.6324,8906.5125,8852.925,8057.7,6228.0,4314.975,2042.7,0.0
2025-3-19,0:00,0.0,0.0,0.0,0.0,0.0,0.0,1750.979,3643.7668,4890.5914,7296.1348,8674.8235,8906.5125,8852.925,7700.7398,5568.1194,3829.1183,1398.5689,0.0,0.0,0.0,0.0,0.0,0.0,0.0
2025-3-19,6:00,1634.6211,3374.6213,4692.9828,7074.0758,8452.7313,8495.7701,7868.499,6434.6564,4779.5405,3210.3737,1216.7433,0.0,0.0,0.0,0.0,0.0,0.0,0.0,0.0,0.0,0.0,0.0,0.0,0.0
2025-3-19,12:00,7824.3884,6393.0132,5008.4156,3594.2828,1615.0747,0.0,0.0,0.0,0.0,0.0,0.0,0.0,0.0,0.0,0.0,0.0,0.0,0.0,2048.9625,4128.375,6135.375,6539.2476,7093.6954,6713.5146
2025-3-19,18:00,0.0,0.0,0.0,0.0,0.0,0.0,0.0,0.0,0.0,0.0,0.0,0.0,1689.9665,3353.2775,5436.5538,6683.9942,8495.3274,8846.1336,8852.925,7716.245,5363.2436,3637.7195,1589.2275,0.0
2025-3-20,0:00,0.0,0.0,0.0,0.0,0.0,0.0,1744.4593,3799.7469,5542.9795,7336.285,8249.9904,7846.9398,6342.6733,5887.2321,3900.1545,2353.3917,1249.5376,0.0,0.0,0.0,0.0,0.0,0.0,0.0
2025-3-20,6:00,1727.4881,3564.5197,5464.1198,6778.2246,7787.0157,8429.153,8650.9692,7692.5743,5648.2918,3471.9998,1550.0119,0.0,0.0,0.0,0.0,0.0,0.0,0.0,0.0,0.0,0.0,0.0,0.0,0.0
2025-3-20,12:00,7621.8427,6888.1777,5205.121,3256.946,1395.6276,0.0,0.0,0.0,0.0,0.0,0.0,0.0,0.0,0.0,0.0,0.0,0.0,0.0,1437.6362,4093.4311,4714.0153,5298.2119,5895.4383,5104.9141
2025-3-20,18:00,0.0,0.0,0.0,0.0,0.0,0.0,0.0,0.0,0.0,0.0,0.0,0.0,1354.4122,3808.1698,5387.0002,6436.1853,7577.9817,8827.2929,8852.925,8057.7,6225.1224,4017.7411,1418.1796,0.0
2025-3-21,0:00,0.0,0.0,0.0,0.0,0.0,0.0,1620.963,4128.375,6135.375,7393.8974,7989.108,7652.6572,6891.3979,5660.5609,3992.7391,3446.0599,1652.1933,0.0,0.0,0.0,0.0,0.0,0.0,0.0
2025-3-21,6:00,1521.3908,3973.3146,5640.331,6868.0709,8356.4263,8906.5125,8327.4351,6976.2122,5644.9135,4314.975,1952.729,0.0,0.0,0.0,0.0,0.0,0.0,0.0,0.0,0.0,0.0,0.0,0.0,0.0
2025-3-21,12:00,7980.2505,7186.9141,5485.4359,4067.2882,1587.3817,0.0,0.0,0.0,0.0,0.0,0.0,0.0,0.0,0.0,0.0,0.0,0.0,0.0,1737.5318,3747.2767,5943.2895,7264.9809,8768.6625,8906.5125
2025-3-21,18:00,0.0,0.0,0.0,0.0,0.0,0.0,0.0,0.0,0.0,0.0,0.0,0.0,1940.8901,3989.5585,5475.0024,6084.3985,8398.7651,8699.2329,8210.3942,6367.7975,5941.076,3510.9693,1680.5587,0.0
2025-3-22,0:00,0.0,0.0,0.0,0.0,0.0,0.0,1557.2742,3301.2244,5164.8059,6261.4924,7595.4771,8195.1124,7029.4757,5240.3274,4706.0811,3067.4943,1427.7234,0.0,0.0,0.0,0.0,0.0,0.0,0.0
2025-3-22,6:00,1687.8469,3372.3054,4849.4812,6237.3155,7875.8429,8905.6012,8748.3812,6726.7084,5435.6648,3374.076,1572.0836,0.0,0.0,0.0,0.0,0.0,0.0,0.0,0.0,0.0,0.0,0.0,0.0,15.9052
2025-3-22,12:00,7674.3948,6200.0933,4959.839,3303.1035,1602.8055,0.0,0.0,0.0,0.0,0.0,0.0,0.0,0.0,0.0,0.0,0.0,0.0,8.4407,1239.5187,2978.4204,4611.8982,6365.6322,7651.5605,8906.5125
2025-3-22,18:00,0.0,0.0,0.0,0.0,0.0,0.0,0.0,0.0,0.0,0.0,0.0,11.411,1490.4316,2736.3531,4809.6053,5303.249,5988.0913,7788.6275,7555.8356,6447.8484,4861.8374,3235.0349,1582.6371,9.193
2025-3-23,0:00,0.0,0.0,0.0,0.0,0.0,11.9566,1677.3921,2965.3411,4756.4446,6095.6502,6819.003,7758.0148,7076.4243,6871.8833,3945.0321,2876.1626,1719.3075,11.5175,0.0,0.0,0.0,0.0,0.0,0.0
2025-3-23,6:00,1662.9445,3371.9857,5245.32,6246.074,6619.2559,7738.18,7187.3878,7081.1366,5520.4798,3791.335,1762.714,12.5949,0.0,0.0,0.0,0.0,0.0,0.0,0.0,0.0,0.0,0.0,0.0,33.9875
2025-3-23,12:00,7183.6897,7484.4696,5673.5787,3755.9711,1931.6327,12.8847,0.0,0.0,0.0,0.0,0.0,0.0,0.0,0.0,0.0,0.0,0.0,22.2119,1230.0984,2045.3567,3770.512,7059.417,7041.9628,7109.9428
2025-3-23,18:00,0.0,0.0,0.0,0.0,0.0,0.0,0.0,0.0,0.0,0.0,0.0,35.0824,1729.8695,3479.3878,4557.2934,5964.3227,6596.4053,6964.3271,7049.653,6865.7706,5661.5151,3704.6807,1907.6029,36.2406
2025-3-24,0:00,0.0,0.0,0.0,0.0,0.0,30.4722,1668.7092,3353.7087,5050.0297,6716.3661,6944.6239,7870.1687,7959.7295,6222.5752,5037.3763,3873.1468,1756.8672,33.0137,0.0,0.0,0.0,0.0,0.0,0.0
2025-3-24,6:00,1701.3882,3536.1297,5457.7155,7161.6306,7663.7407,8645.9791,8219.5765,6354.7218,4686.8123,3549.9542,1742.7408,30.4247,0.0,0.0,0.0,0.0,0.0,0.0,0.0,0.0,0.0,0.0,0.0,52.0712
2025-3-24,12:00,8341.7035,6596.586,4802.0465,3388.8105,1684.1721,29.3614,0.0,0.0,0.0,0.0,0.0,0.0,0.0,0.0,0.0,0.0,0.0,44.9315,1467.8396,3452.9127,4334.9763,5092.5652,5750.5916,7757.882
2025-3-24,18:00,0.0,0.0,0.0,0.0,0.0,0.0,0.0,0.0,0.0,0.0,0.0,51.0284,1679.5008,3412.9545,4285.9167,5186.1,5235.9699,5513.9006,6816.856,7893.2173,5331.191,4314.975,2322.075,61.536
2025-3-25,0:00,0.0,0.0,0.0,0.0,0.0,46.8655,1577.6401,3485.2327,5039.4857,5281.6096,5925.3718,6851.1628,5999.1913,5652.054,4472.8717,3322.1796,1577.884,47.4081,0.0,0.0,0.0,0.0,0.0,0.0
2025-3-25,6:00,1611.8767,3703.6742,5210.0351,6090.4818,7049.5735,8102.0023,8501.301,7993.7961,5805.7075,4149.3583,1885.8622,44.6362,0.0,0.0,0.0,0.0,0.0,0.0,0.0,0.0,0.0,0.0,0.0,45.316
2025-3-25,12:00,8030.3653,7582.0853,5258.707,3716.6003,1635.4413,41.0666,0.0,0.0,0.0,0.0,0.0,0.0,0.0,0.0,0.0,0.0,0.0,63.9633,1949.94,4128.375,5773.9583,7915.9125,8355.6617,8419.0818
2025-3-25,18:00,0.0,0.0,0.0,0.0,0.0,0.0,0.0,0.0,0.0,0.0,0.0,62.6231,1908.208,3798.9192,5894.4123,7915.9125,8768.6625,8974.575,8852.925,8057.7,6239.1,4266.1948,2026.6677,54.7105
2025-3-26,0:00,0.0,0.0,0.0,0.0,0.0,66.8762,1838.1562,3941.7559,5571.6928,7915.9125,8768.6625,8913.0914,6940.5848,6768.9539,4180.0476,2996.277,1625.831,65.5087,0.0,0.0,0.0,0.0,0.0,0.0
2025-3-26,6:00,1703.6736,3478.1579,5346.1816,7359.7021,8492.0412,8629.9719,7814.2386,6835.297,5359.7698,3434.3745,1735.2883,63.8219,0.0,0.0,0.0,0.0,0.0,0.0,0.0,0.0,0.0,0.0,0.0,110.4272
2025-3-26,12:00,8186.4703,7101.746,5581.1355,3708.9573,1776.2273,65.7754,0.0,0.0,0.0,0.0,0.0,0.0,0.0,0.0,0.0,0.0,0.0,82.3932,1485.1817,3653.1835,5981.1518,7911.4082,8768.6625,8974.575
2025-3-26,18:00,0.0,0.0,0.0,0.0,0.0,0.0,0.0,0.0,0.0,0.0,0.0,89.4279,1879.9198,3883.9709,4394.6037,5956.2277,7693.2819,8462.246,8673.6665,8125.1625,6255.8625,3871.914,1995.7059,80.6687
2025-3-27,0:00,0.0,0.0,0.0,0.0,0.0,79.4132,1589.1107,3584.2465,4751.4554,6365.5463,7261.1966,8785.5787,6965.5241,6010.3907,5116.8112,3398.1058,1708.0712,83.1224,0.0,0.0,0.0,0.0,0.0,0.0
2025-3-27,6:00,1725.6972,3960.941,5304.4273,7298.3512,8006.5268,8853.6051,7250.2352,6436.4301,4816.3231,3051.6862,1420.528,67.5204,0.0,0.0,0.0,0.0,0.0,0.0,0.0,0.0,0.0,0.0,0.0,87.2025
2025-3-27,12:00,7475.6289,6800.3096,5628.6475,3594.082,1722.1398,87.0048,0.0,0.0,0.0,0.0,0.0,0.0,0.0,0.0,0.0,0.0,0.0,105.3859,1473.7368,3309.2949,5171.1249,7465.051,8768.6625,8974.575
2025-3-27,18:00,0.0,0.0,0.0,0.0,0.0,0.0,0.0,0.0,0.0,0.0,0.0,96.3965,1238.2749,2614.1671,3879.8094,5023.6845,6880.4748,8974.575,7787.0162,7876.8869,6255.8625,4278.9452,1768.4767,123.4123
2025-3-28,0:00,0.0,0.0,0.0,0.0,0.0,99.5306,1532.92,2839.5876,4457.0265,5569.4272,6892.7403,8439.6609,8142.3184,7914.5764,6255.8625,4127.9536,1578.6515,92.0976,0.0,0.0,0.0,0.0,0.0,0.0
2025-3-28,6:00,1687.102,3325.2063,5282.4753,6930.4076,8136.1953,8974.575,8693.6414,7592.982,5650.2209,4058.0826,1734.578,110.6636,0.0,0.0,0.0,0.0,0.0,0.0,0.0,0.0,0.0,0.0,0.0,164.4616
2025-3-28,12:00,8100.6035,7203.9201,5611.1021,3984.9178,1688.5465,101.2844,0.0,0.0,0.0,0.0,0.0,0.0,0.0,0.0,0.0,0.0,0.0,135.9986,1670.7004,3691.2953,4808.092,6090.5175,8768.6625,8974.575
2025-3-28,18:00,0.0,0.0,0.0,0.0,0.0,0.0,0.0,0.0,0.0,0.0,0.0,130.2099,1625.3227,3155.4062,4196.4323,4226.3001,6089.6652,6746.5495,8599.3378,8125.1625,6255.8625,4002.9138,2069.0887,143.8108
2025-3-29,0:00,0.0,0.0,0.0,0.0,0.0,126.2132,1629.9508,3850.3836,4890.9824,6434.914,8022.6162,8974.575,8750.0286,8125.1625,6255.8625,4073.6467,2046.2531,143.5194,0.0,0.0,0.0,0.0,0.0,0.0
2025-3-29,6:00,1796.7158,3938.7499,5651.6116,6969.0885,8678.0017,8974.575,9063.7279,8125.1625,6255.8625,3772.6372,1699.6149,117.6351,0.0,0.0,0.0,0.0,0.0,0.0,0.0,0.0,0.0,0.0,0.0,144.5005
2025-3-29,12:00,8367.9577,7900.8853,6120.2871,3602.1085,1787.5463,139.7233,0.0,0.0,0.0,0.0,0.0,0.0,0.0,0.0,0.0,0.0,0.0,169.6352,2390.8246,4296.6375,6135.375,7915.9125,8768.6625,8974.575
2025-3-29,18:00,0.0,0.0,0.0,0.0,0.0,0.0,0.0,0.0,0.0,0.0,0.0,154.423,2067.9976,3647.3459,5387.8468,6880.06,8565.6736,7838.3566,9098.625,8125.1625,6255.8625,3895.0468,2093.2333,142.5496
2025-3-30,0:00,0.0,0.0,0.0,0.0,0.0,158.2357,2274.1535,3918.2456,4777.7647,6047.3677,6972.9912,6951.6683,7538.5639,7037.8067,5352.6328,3552.1544,1711.583,155.8162,0.0,0.0,0.0,0.0,0.0,0.0
2025-3-30,6:00,2013.1694,3835.6923,5381.296,7327.4292,8575.025,8749.9259,8994.9907,7118.5223,5485.6386,3957.6324,2053.2264,148.2344,0.0,0.0,0.0,0.0,0.0,0.0,0.0,0.0,0.0,0.0,0.0,276.3728
2025-3-30,12:00,8696.7034,7440.7106,5764.6394,4203.3799,2030.1915,164.7639,0.0,0.0,0.0,0.0,0.0,0.0,0.0,0.0,0.0,0.0,0.0,159.2215,1720.0865,2862.2049,2918.929,3941.8892,4758.4019,3360.392
2025-3-30,18:00,0.0,0.0,0.0,0.0,0.0,0.0,0.0,0.0,0.0,0.0,0.0,166.3275,1720.4187,3496.3779,5749.6623,6604.1384,7185.9676,8150.1322,7763.576,6398.457,4961.5991,4260.8655,1971.1479,162.6831
2025-3-31,0:00,0.0,0.0,0.0,0.0,0.0,183.0874,2125.3816,4235.2213,6302.6154,7720.561,8872.8,9025.275,8099.5004,7318.0388,5643.4244,3793.5581,1653.8323,159.7266,0.0,0.0,0.0,0.0,0.0,0.0
2025-3-31,6:00,1972.2276,4025.7244,6071.8812,7142.4487,8404.6163,8161.508,6984.8927,5557.5188,4241.6666,3047.4728,1503.1091,130.4231,0.0,0.0,0.0,0.0,0.0,0.0,0.0,0.0,0.0,0.0,0.0,216.5432
2025-3-31,12:00,7354.417,6420.5809,5374.7739,3926.4147,1799.3802,150.2099,0.0,0.0,0.0,0.0,0.0,0.0,0.0,0.0,0.0,0.0,0.0,234.6872,2462.3625,4296.6375,6675.2625,7792.604,8872.8,8672.8234
2025-3-31,18:00,0.0,0.0,0.0,0.0,0.0,0.0,0.0,0.0,0.0,0.0,0.0,209.0651,2003.1526,4296.6375,6357.659,7576.0197,7720.7881,7979.8934,7140.7067,8125.1625,6255.8625,4481.9625,2412.4854,302.2048
2025-4-1,0:00,0.0,0.0,0.0,0.0,0.0,207.5384,2031.3438,3989.1199,5413.6097,5508.4618,5674.5579,5633.2207,5730.3706,6737.8032,5836.4182,3817.312,1763.6894,160.1502,0.0,0.0,0.0,0.0,0.0,0.0
2025-4-1,6:00,2036.5532,4126.3477,5798.1076,6235.0859,7008.8655,6489.7364,6472.4976,6056.3994,5191.366,3557.5316,1822.8312,188.1191,0.0,0.0,0.0,0.0,0.0,0.0,0.0,0.0,0.0,0.0,0.0,203.9176
2025-4-1,12:00,6820.5917,6749.519,5528.6519,3637.9473,1829.0046,192.9985,0.0,0.0,0.0,0.0,0.0,0.0,0.0,0.0,0.0,0.0,0.0,188.0084,2000.8882,3403.0089,5211.6479,7226.2864,8872.8,9025.275
2025-4-1,18:00,0.0,0.0,0.0,0.0,0.0,0.0,0.0,0.0,0.0,0.0,0.0,180.5046,1822.817,2979.2126,4234.8112,3526.5849,4841.3894,4493.3566,4105.4089,4273.3607,3701.3371,3464.4467,1711.1691,200.1324
2025-4-2,0:00,0.0,0.0,0.0,0.0,0.0,194.554,1964.4813,3300.0341,4756.2845,4605.6556,6502.7332,7092.0212,7331.7701,7388.3461,6255.8625,4481.9625,2081.9585,246.5309,0.0,0.0,0.0,0.0,0.0,0.0
2025-4-2,6:00,1951.8735,3195.7451,4841.378,5325.3598,6909.0888,7239.958,6948.539,6758.3822,5792.5133,3888.2942,1908.0785,204.425,0.0,0.0,0.0,0.0,0.0,0.0,0.0,0.0,0.0,0.0,0.0,189.3742
2025-4-2,12:00,7059.7836,7026.2988,5897.4929,4465.2943,2164.6309,242.5804,0.0,0.0,0.0,0.0,0.0,0.0,0.0,0.0,0.0,0.0,0.0,220.4348,1792.3186,3805.541,5993.1612,7968.2055,8872.8,9025.275
2025-4-2,18:00,0.0,0.0,0.0,0.0,0.0,0.0,0.0,0.0,0.0,0.0,0.0,233.6746,1773.0269,3512.7562,5594.9463,8260.9875,8872.8,9025.275,9098.625,6743.3601,5894.2795,3504.9102,1769.5129,266.169
2025-4-3,0:00,0.0,0.0,0.0,0.0,0.0,206.058,1773.2064,3180.9327,4458.2687,6311.4409,8032.0945,7926.3275,7831.2887,5898.6141,5095.7849,2798.0589,1520.8055,197.163,0.0,0.0,0.0,0.0,0.0,0.0
2025-4-3,6:00,1843.5047,3394.304,5073.3138,7283.9268,8184.6509,8236.8527,8742.8045,6393.6594,5759.9182,3894.0775,1972.5236,240.4557,0.0,0.0,0.0,0.0,0.0,0.0,0.0,0.0,0.0,0.0,0.0,239.769
2025-4-3,12:00,8766.7916,6380.6879,5538.5692,3709.0206,1870.1478,235.3875,0.0,0.0,0.0,0.0,0.0,0.0,0.0,0.0,0.0,0.0,0.0,279.9215,1874.7376,3464.7089,5935.3778,7095.1425,7770.0162,9025.275
2025-4-3,18:00,0.0,0.0,0.0,0.0,0.0,0.0,0.0,0.0,0.0,0.0,0.0,275.8121,1979.0233,3924.5217,5610.4073,8260.9875,8872.8,9025.275,9098.625,8230.4625,6255.8625,4481.9625,2270.4283,323.7282
2025-4-4,0:00,0.0,0.0,0.0,0.0,0.0,261.0242,1891.7416,3759.0319,5012.1731,6495.5214,8219.1388,8568.6238,9098.625,8230.4625,6255.8625,3966.0689,2091.5184,273.9721,0.0,0.0,0.0,0.0,0.0,0.0
2025-4-4,6:00,1970.3005,3895.0006,5585.3507,7473.0921,8872.8,9025.275,9098.625,8230.4625,6255.8625,4481.9625,2307.7878,335.3615,0.0,0.0,0.0,0.0,0.0,0.0,0.0,0.0,0.0,0.0,0.0,398.2759
2025-4-4,12:00,8756.6851,7864.2202,6168.7475,4011.4756,2010.2063,294.3461,0.0,0.0,0.0,0.0,0.0,0.0,0.0,0.0,0.0,0.0,0.0,325.8145,2081.1758,3222.6937,4310.7238,5082.0552,4438.2666,5338.2219
2025-4-4,18:00,0.0,0.0,0.0,0.0,0.0,0.0,0.0,0.0,0.0,0.0,0.0,302.8548,2097.6422,4016.3809,4909.8145,5500.9442,5015.3517,6118.7959,6745.3429,5298.5714,4178.5361,3098.965,1676.6136,190.5184
2025-4-5,0:00,0.0,0.0,0.0,0.0,0.0,313.9234,2197.2841,4105.2009,5519.9865,6182.5767,6830.6002,8102.811,8815.0852,8052.2199,6387.6375,4154.3379,2191.1948,283.9802,0.0,0.0,0.0,0.0,0.0,0.0
2025-4-5,6:00,2081.6369,4003.9715,5532.6431,6746.9014,7284.0976,9025.275,8706.692,7294.6498,5733.6086,4001.7531,2207.378,316.8042,0.0,0.0,0.0,0.0,0.0,0.0,0.0,0.0,0.0,0.0,0.0,339.8784
2025-4-5,12:00,8423.5816,7314.2575,5657.1093,3915.0479,2134.6785,315.1706,0.0,0.0,0.0,0.0,0.0,0.0,0.0,0.0,0.0,0.0,0.0,197.1468,1303.644,2249.1217,2161.0445,3259.3802,3596.6453,3502.8006
2025-4-5,18:00,0.0,0.0,0.0,0.0,0.0,0.0,0.0,0.0,0.0,0.0,0.0,336.0006,2097.1441,3872.8614,5603.8666,6963.0189,8555.4416,8509.2233,9257.9331,6814.5848,5179.4481,3505.4629,1814.3304,272.2694
2025-4-6,0:00,0.0,0.0,0.0,0.0,0.0,314.572,1895.575,3645.9565,5660.6033,6772.3392,7191.4926,6966.6833,7930.1943,6227.1822,5430.8221,3928.8826,2407.879,339.6103,0.0,0.0,0.0,0.0,0.0,0.0
2025-4-6,6:00,1972.649,3699.4504,5598.6615,7203.4709,8091.6321,8376.907,9060.1375,7471.31,5682.1558,4162.503,2163.7822,282.6948,0.0,0.0,0.0,0.0,0.0,0.0,0.0,0.0,0.0,0.0,0.0,280.9832
2025-4-6,12:00,8624.586,7018.6952,5436.1723,3713.2288,1932.3499,276.113,0.0,0.0,0.0,0.0,0.0,0.0,0.0,0.0,0.0,0.0,0.0,405.7771,2198.3953,4288.887,6292.243,8064.3959,8196.9297,8173.3795
2025-4-6,18:00,0.0,0.0,0.0,0.0,0.0,0.0,0.0,0.0,0.0,0.0,0.0,357.4096,2086.6105,4425.9908,6675.2625,8260.9875,8872.8,9120.5625,8173.8232,7225.1722,5797.2511,3972.301,2027.0965,271.0021
2025-4-7,0:00,0.0,0.0,0.0,0.0,0.0,367.4629,1974.8811,3701.3754,5806.1291,7477.7481,8435.6934,8487.8912,7990.9893,8230.4625,6387.6375,4585.275,2475.8664,313.4846,0.0,0.0,0.0,0.0,0.0,0.0
2025-4-7,6:00,2190.8662,3942.3337,6322.3908,8243.9815,8872.8,7917.4499,7227.8934,6776.9186,5200.2044,3746.7618,2116.8653,263.1481,0.0,0.0,0.0,0.0,0.0,0.0,0.0,0.0,0.0,0.0,0.0,329.7926
2025-4-7,12:00,7259.1302,7108.4353,5422.8153,4070.3048,2249.926,318.8057,0.0,0.0,0.0,0.0,0.0,0.0,0.0,0.0,0.0,0.0,0.0,430.9689,2148.3371,3694.0728,4697.755,5310.6952,4459.6021,5720.8429
2025-4-7,18:00,0.0,0.0,0.0,0.0,0.0,0.0,0.0,0.0,0.0,0.0,0.0,337.5675,2036.1774,4205.1333,6675.2625,8260.9875,8872.8,8861.3733,8334.2903,6149.7411,4831.4901,3538.2061,1956.9349,339.7057
2025-4-8,0:00,0.0,0.0,0.0,0.0,0.0,299.3125,1649.7187,3408.8421,5003.2672,6912.6566,8332.0961,7824.1237,7547.6016,6317.921,4957.5855,3240.2015,1946.7494,331.8966,0.0,0.0,0.0,0.0,0.0,0.0
2025-4-8,6:00,1872.5261,3667.9892,5300.8122,6860.0683,8058.0059,8438.4201,8923.6778,7791.6661,5816.8721,3573.6321,1661.8227,267.786,0.0,0.0,0.0,0.0,0.0,0.0,0.0,0.0,0.0,0.0,0.0,452.8977
2025-4-8,12:00,8627.5353,7420.5566,6177.7912,3808.9653,1842.3633,329.7786,0.0,0.0,0.0,0.0,0.0,0.0,0.0,0.0,0.0,0.0,0.0,354.4532,1661.0789,2990.1991,5033.1339,7095.1962,7283.1036,8116.354
2025-4-8,18:00,0.0,0.0,0.0,0.0,0.0,0.0,0.0,0.0,0.0,0.0,0.0,369.5968,1959.2213,3436.1545,5404.8614,7296.3813,7556.9772,8330.9963,7287.017,6470.4827,5013.9737,3266.2878,1874.0073,333.8052
2025-4-9,0:00,0.0,0.0,0.0,0.0,0.0,368.6368,1980.2125,3580.1804,5468.3083,7601.83,7990.5282,8162.3885,7400.459,6439.3437,4452.5658,3164.8942,2379.7228,392.087,0.0,0.0,0.0,0.0,0.0,0.0
2025-4-9,6:00,1996.8023,3585.1439,5490.8545,6962.8445,7256.5813,7523.0367,7033.7353,6253.4211,4866.6121,3706.7404,2288.341,395.8462,0.0,0.0,0.0,0.0,0.0,0.0,0.0,0.0,0.0,0.0,0.0,321.2394
2025-4-9,12:00,6974.7182,6399.8047,5260.1097,3725.4765,2253.302,380.6646,0.0,0.0,0.0,0.0,0.0,0.0,0.0,0.0,0.0,0.0,0.0,325.0086,1256.2258,2114.4073,2201.2739,3371.5784,3941.3588,6538.8681
2025-4-9,18:00,0.0,0.0,0.0,0.0,0.0,0.0,0.0,0.0,0.0,0.0,0.0,337.9372,2027.6803,3526.2017,4391.5498,5512.3586,8710.1965,9023.5396,8199.323,8230.4625,6012.0331,3681.6824,2023.3763,396.9194
2025-4-10,0:00,0.0,0.0,0.0,0.0,0.0,375.267,2179.9231,3731.3815,5498.4275,6265.5465,8195.9245,8699.2814,8398.6861,7649.4553,5513.2826,2903.6948,1379.9731,291.551,0.0,0.0,0.0,0.0,0.0,0.0
2025-4-10,6:00,2166.0485,3957.1983,5736.6321,6307.6231,7661.0697,8209.7119,7321.8801,7129.5163,5163.1991,3370.377,1823.1645,362.2386,0.0,0.0,0.0,0.0,0.0,0.0,0.0,0.0,0.0,0.0,0.0,290.9189
2025-4-10,12:00,8049.0484,7498.1153,5736.6339,3845.2041,2091.7481,403.0024,0.0,0.0,0.0,0.0,0.0,0.0,0.0,0.0,0.0,0.0,0.0,325.1694,1967.8722,3529.379,4610.9043,5611.1263,6852.5569,6962.4227
2025-4-10,18:00,0.0,0.0,0.0,0.0,0.0,0.0,0.0,0.0,0.0,0.0,0.0,374.5184,2130.7749,3951.1956,6670.5618,7203.7841,8672.8618,9995.8875,9642.0,8230.4625,6878.6032,4891.1016,2551.3042,494.9642
2025-4-11,0:00,0.0,0.0,0.0,0.0,0.0,424.8959,2531.6116,4518.2409,6667.1226,7324.8683,8595.2606,9939.1864,9642.0,8230.4625,6964.8,4771.6705,2440.5903,498.9846,0.0,0.0,0.0,0.0,0.0,0.0
2025-4-11,6:00,2334.4134,3936.8836,5975.3702,7380.3385,8480.7053,8969.6059,9600.9059,8230.4625,6045.3386,4246.1975,2121.8551,414.3433,0.0,0.0,0.0,0.0,0.0,0.0,0.0,0.0,0.0,0.0,0.0,568.0968
2025-4-11,12:00,9136.5776,8196.5001,6417.3417,4521.2166,2397.1735,477.5317,0.0,0.0,0.0,0.0,0.0,0.0,0.0,0.0,0.0,0.0,0.0,456.8191,2325.6597,4099.133,6021.1532,8207.8498,8769.8919,8724.2189
2025-4-11,18:00,0.0,0.0,0.0,0.0,0.0,0.0,0.0,0.0,0.0,0.0,0.0,447.801,1982.8262,2766.8211,4785.9836,5516.0931,6809.1044,7414.5527,6951.6253,5810.6857,5714.4788,4158.5408,2420.2826,563.6433
2025-4-12,0:00,0.0,0.0,0.0,0.0,0.0,487.1662,2372.1259,3895.1933,5326.4551,6792.7073,6878.5692,7093.2997,7317.5194,5625.4147,4419.0307,3411.1002,1935.1455,369.5026,0.0,0.0,0.0,0.0,0.0,0.0
2025-4-12,6:00,2465.8999,4268.9503,5964.7684,7191.3392,7307.3003,7686.5075,8079.8022,6735.3193,5654.5761,4445.6723,2318.4986,428.2825,0.0,0.0,0.0,0.0,0.0,0.0,0.0,0.0,0.0,0.0,0.0,222.2344
2025-4-12,12:00,8211.2884,6568.5709,5474.1071,4244.7249,2235.0204,366.8778,0.0,0.0,0.0,0.0,0.0,0.0,0.0,0.0,0.0,0.0,0.0,415.1937,2148.7945,4292.5184,6184.2123,8260.9875,9209.775,9995.8875
2025-4-12,18:00,0.0,0.0,0.0,0.0,0.0,0.0,0.0,0.0,0.0,0.0,0.0,369.1391,2237.2635,4733.1,6675.2625,8260.9875,8558.4078,6371.5118,5380.8121,4566.4539,3108.7171,2266.0659,1375.4642,262.8598
2025-4-13,0:00,0.0,0.0,0.0,0.0,0.0,381.5945,1993.7767,4093.4627,5575.7615,6458.8382,7376.8299,7977.2636,8051.1179,8079.8457,6949.9485,4229.1627,2040.7559,338.6337,0.0,0.0,0.0,0.0,0.0,0.0
2025-4-13,6:00,1993.9075,4012.8309,5797.1954,6857.2519,8137.8313,8167.9306,7817.2883,7597.8025,6825.9246,4243.8598,2429.9894,537.199,0.0,0.0,0.0,0.0,0.0,0.0,0.0,0.0,0.0,0.0,0.0,623.9514
2025-4-13,12:00,7967.0812,7369.8221,6400.4071,4162.8569,1994.9136,421.7684,0.0,0.0,0.0,0.0,0.0,0.0,0.0,0.0,0.0,0.0,0.0,486.3453,2250.1511,3389.9475,4628.0599,5816.8917,5644.3764,4318.5951
2025-4-13,18:00,0.0,0.0,0.0,0.0,0.0,0.0,0.0,0.0,0.0,0.0,0.0,351.9427,1706.9902,3984.8314,5196.6579,7212.6533,8238.7628,8678.3253,8043.1107,7161.3532,6173.5635,4278.7831,2408.2349,547.9601
2025-4-14,0:00,0.0,0.0,0.0,0.0,0.0,427.7958,1797.3227,3589.5928,5017.8843,6635.6139,8267.6941,8346.4353,8147.6347,7234.3421,5129.0388,3147.2098,1866.2428,420.1267,0.0,0.0,0.0,0.0,0.0,0.0
2025-4-14,6:00,2110.3804,4205.6476,5824.3976,7188.2367,8151.7294,8652.4876,9144.0077,7913.8145,6931.3735,4900.8375,2525.7675,553.2075,0.0,0.0,0.0,0.0,0.0,0.0,0.0,0.0,0.0,0.0,0.0,715.9356
2025-4-14,12:00,8793.2194,7557.4126,6342.1567,4807.2917,2630.8435,559.0098,0.0,0.0,0.0,0.0,0.0,0.0,0.0,0.0,0.0,0.0,0.0,455.4713,2001.1534,4109.561,6841.3875,8260.9875,9209.775,9995.8875
2025-4-14,18:00,0.0,0.0,0.0,0.0,0.0,0.0,0.0,0.0,0.0,0.0,0.0,674.147,2641.6192,4924.7625,6841.3875,8260.9875,9209.775,9995.8875,8637.0379,6830.005,5043.6948,3017.8091,1668.3634,310.2354
2025-4-15,0:00,0.0,0.0,0.0,0.0,0.0,512.4029,2143.2046,4025.7768,6125.1147,7859.2176,8684.4765,9329.1232,7948.3084,7477.272,6576.7613,4674.9629,2589.8609,708.8735,0.0,0.0,0.0,0.0,0.0,0.0
2025-4-15,6:00,2229.846,4140.3642,6551.9961,8001.1755,8658.5483,8481.693,7850.3065,6553.6098,5182.4503,3851.2362,2410.5958,591.1902,0.0,0.0,0.0,0.0,0.0,0.0,0.0,0.0,0.0,0.0,0.0,667.8275
2025-4-15,12:00,8130.3629,6648.4615,5829.2277,4235.8847,2527.4043,654.878,0.0,0.0,0.0,0.0,0.0,0.0,0.0,0.0,0.0,0.0,0.0,435.1884,1816.7443,3577.175,5232.9932,5924.7561,7776.206,7202.4089
2025-4-15,18:00,0.0,0.0,0.0,0.0,0.0,0.0,0.0,0.0,0.0,0.0,0.0,584.3937,2534.4515,4716.2138,6251.1754,7234.1244,8152.4523,6627.9697,6896.1405,5453.4069,4336.408,3224.7626,1968.1063,389.7539
2025-4-16,0:00,0.0,0.0,0.0,0.0,0.0,525.7515,2183.139,3710.5994,5617.263,6451.586,7310.8129,7059.7565,8340.6816,7196.4334,6193.4373,4179.4274,2698.7481,641.2451,0.0,0.0,0.0,0.0,0.0,0.0
2025-4-16,6:00,2362.2548,4113.7689,6058.773,6643.1212,7704.9277,7236.4248,7808.4492,6235.1761,5185.5881,3810.9943,2080.629,479.972,0.0,0.0,0.0,0.0,0.0,0.0,0.0,0.0,0.0,0.0,0.0,450.8058
2025-4-16,12:00,8377.4433,6849.7374,5765.7948,3958.3084,2306.5595,519.1882,0.0,0.0,0.0,0.0,0.0,0.0,0.0,0.0,0.0,0.0,0.0,696.5918,2785.4625,4924.7625,6841.3875,8260.9875,9209.775,9995.8875
2025-4-16,18:00,0.0,0.0,0.0,0.0,0.0,0.0,0.0,0.0,0.0,0.0,0.0,499.1529,2179.4888,3951.5627,6619.4805,7317.7398,6591.608,7795.1483,6396.1265,5197.515,4106.5418,3195.2875,1478.9049,359.5422
2025-4-17,0:00,0.0,0.0,0.0,0.0,0.0,580.8612,2385.0979,4203.6894,6687.7578,7989.1831,8288.4215,9755.5604,8752.8961,7273.5594,5872.9603,3876.9473,2173.0364,464.4889,0.0,0.0,0.0,0.0,0.0,0.0
2025-4-17,6:00,2380.732,4083.0786,5960.9194,7646.1123,7490.111,8350.3067,7724.3031,6815.8493,5404.3619,4080.3826,2215.8989,581.1956,0.0,0.0,0.0,0.0,0.0,0.0,0.0,0.0,0.0,0.0,0.0,471.6734
2025-4-17,12:00,8361.3633,7176.6285,5726.4139,4193.9841,2259.9553,550.4038,0.0,0.0,0.0,0.0,0.0,0.0,0.0,0.0,0.0,0.0,0.0,465.1221,1808.904,3877.2639,5101.5559,7407.0972,9030.3812,9995.8875
2025-4-17,18:00,0.0,0.0,0.0,0.0,0.0,0.0,0.0,0.0,0.0,0.0,0.0,412.8085,2202.4327,4599.8764,5835.0231,8260.9875,9209.775,9605.2915,9016.8819,8230.4625,5543.9957,4725.4039,2748.3942,672.2081
2025-4-18,0:00,0.0,0.0,0.0,0.0,0.0,522.5087,2457.0309,4437.0015,5143.5272,6853.1009,8042.4326,8464.5205,8900.5879,8230.4625,6959.3877,4429.0011,2468.4073,543.4688,0.0,0.0,0.0,0.0,0.0,0.0
2025-4-18,6:00,2378.197,4321.5161,5517.5014,7081.987,7781.0583,8260.2927,8637.052,8230.4625,5847.1812,4644.3151,2545.0216,612.0717,0.0,0.0,0.0,0.0,0.0,0.0,0.0,0.0,0.0,0.0,0.0,587.9394
2025-4-18,12:00,8514.2879,8230.4625,5920.7311,4567.1481,2408.2072,556.6927,0.0,0.0,0.0,0.0,0.0,0.0,0.0,0.0,0.0,0.0,0.0,643.3396,2031.5454,3514.1773,5609.8454,6478.9223,6870.5937,8477.6493
2025-4-18,18:00,0.0,0.0,0.0,0.0,0.0,0.0,0.0,0.0,0.0,0.0,0.0,633.9932,2055.2568,3504.2997,5882.7082,6931.2337,7634.8045,8664.9201,6499.671,4865.0312,4174.407,3042.5862,1856.5959,597.7855
2025-4-19,0:00,0.0,0.0,0.0,0.0,0.0,587.6566,2217.9671,3698.6181,4722.772,5838.0624,6475.6943,7649.7149,8180.9471,8069.4202,6896.0633,4865.4141,2845.3793,721.3823,0.0,0.0,0.0,0.0,0.0,0.0
2025-4-19,6:00,2318.6484,3806.9736,5352.2988,6401.0983,7620.0486,8484.6132,8556.1713,7871.5329,6901.2107,4720.6176,2847.15,843.4553,0.0,0.0,0.0,0.0,0.0,0.0,0.0,0.0,0.0,0.0,0.0,599.5975
2025-4-19,12:00,8438.5926,7554.833,6051.1206,3887.3771,2436.9822,593.3888,0.0,0.0,0.0,0.0,0.0,0.0,0.0,0.0,0.0,0.0,0.0,520.339,2256.1155,4134.0271,5576.4959,7452.2683,9209.775,9995.8875
2025-4-19,18:00,0.0,0.0,0.0,0.0,0.0,0.0,0.0,0.0,0.0,0.0,0.0,705.6951,2661.1097,4602.6745,5298.8395,7248.8781,8842.3563,9104.4753,8473.5921,8220.0444,6964.8,4661.5393,2447.3628,696.5912
2025-4-20,0:00,0.0,0.0,0.0,0.0,0.0,639.9964,2591.8553,3898.5758,5507.1448,7225.8354,7367.5981,8386.7706,9480.8099,8036.617,6748.0082,4398.5876,2035.9496,590.6091,0.0,0.0,0.0,0.0,0.0,0.0
2025-4-20,6:00,2496.9157,4064.4277,5537.7804,7525.8753,8424.7051,8400.4614,8101.6352,7194.6772,6515.0653,4166.4694,2143.7111,586.9549,0.0,0.0,0.0,0.0,0.0,0.0,0.0,0.0,0.0,0.0,0.0,967.8375
2025-4-20,12:00,8332.8442,7164.0525,6255.8141,3948.6824,1983.9188,537.2966,0.0,0.0,0.0,0.0,0.0,0.0,0.0,0.0,0.0,0.0,0.0,523.1789,2278.5532,4476.105,6841.3875,8260.9875,9209.775,9995.8875
2025-4-20,18:00,0.0,0.0,0.0,0.0,0.0,0.0,0.0,0.0,0.0,0.0,0.0,712.3741,2715.9507,4924.7625,6598.3525,6536.3683,7428.8782,8486.4144,9642.0,8230.4625,6964.8,4900.8375,2847.15,893.4
2025-4-21,0:00,0.0,0.0,0.0,0.0,0.0,741.5476,2670.0945,4567.1201,6148.598,6618.6103,7733.3774,7689.8438,7967.9599,6234.8967,5764.6386,4021.8312,2356.3983,594.0206,0.0,0.0,0.0,0.0,0.0,0.0
2025-4-21,6:00,2654.5941,4620.1777,6727.7585,7421.652,8757.1426,9190.3774,9642.0,7694.1052,6670.2857,4825.824,2847.15,741.6704,0.0,0.0,0.0,0.0,0.0,0.0,0.0,0.0,0.0,0.0,0.0,264.1158
2025-4-21,12:00,9601.3099,7724.3831,6287.2463,4467.5704,2764.1564,692.7028,0.0,0.0,0.0,0.0,0.0,0.0,0.0,0.0,0.0,0.0,0.0,686.2505,2722.1385,4924.7625,6841.3875,8260.9875,8796.7996,7572.3624
2025-4-21,18:00,0.0,0.0,0.0,0.0,0.0,0.0,0.0,0.0,0.0,0.0,0.0,682.4401,2476.1476,4538.9954,6011.0089,8260.9875,9209.775,8499.3505,9642.0,8230.4625,6215.2345,4727.4385,2707.5315,518.4851
2025-4-22,0:00,0.0,0.0,0.0,0.0,0.0,579.5913,2071.3698,3797.0382,5523.7464,7808.2406,9209.775,9099.8947,9565.5846,8230.4625,6289.1152,4791.7284,2847.15,793.7146,0.0,0.0,0.0,0.0,0.0,0.0
2025-4-22,6:00,2313.2935,4266.1607,6142.7523,7592.0991,8223.6379,7645.5382,7749.8236,7374.2531,5282.0597,4274.1253,2363.3375,625.4599,0.0,0.0,0.0,0.0,0.0,0.0,0.0,0.0,0.0,0.0,0.0,483.684
2025-4-22,12:00,8164.0086,7449.7782,5814.0765,4424.7319,2487.608,636.7544,0.0,0.0,0.0,0.0,0.0,0.0,0.0,0.0,0.0,0.0,0.0,586.3162,2113.1233,4085.2688,6841.3875,8260.9875,9209.775,9995.8875
2025-4-22,18:00,0.0,0.0,0.0,0.0,0.0,0.0,0.0,0.0,0.0,0.0,0.0,780.4385,2829.1125,4840.8631,6841.3875,8033.1783,9190.9292,9122.4711,9220.7698,6635.7493,4921.8529,4328.444,2166.199,499.5835
2025-4-23,0:00,0.0,0.0,0.0,0.0,0.0,738.7055,2689.9617,4229.4962,6095.7646,7973.8537,9209.775,8599.5418,9330.6169,8230.4625,6964.8,4900.8375,2907.825,708.8997,0.0,0.0,0.0,0.0,0.0,0.0
2025-4-23,6:00,2568.23,4211.4709,5891.9183,7436.1217,8269.3461,7894.4737,8110.9542,7560.4051,6401.2842,4707.5171,2473.0762,662.5492,0.0,0.0,0.0,0.0,0.0,0.0,0.0,0.0,0.0,0.0,0.0,433.4344
2025-4-23,12:00,7976.014,7055.0496,6096.0927,4679.5812,2611.7156,702.8653,0.0,0.0,0.0,0.0,0.0,0.0,0.0,0.0,0.0,0.0,0.0,622.6609,2829.1125,4924.7625,6841.3875,8260.9875,8944.0475,8468.4631
2025-4-23,18:00,0.0,0.0,0.0,0.0,0.0,0.0,0.0,0.0,0.0,0.0,0.0,709.2369,2829.1125,4924.7625,6014.968,6781.4095,7420.9745,7318.741,7316.1956,7013.8601,6912.3505,4513.1461,2480.5751,772.1366
2025-4-24,0:00,0.0,0.0,0.0,0.0,0.0,681.1624,2625.5436,4153.5421,5583.1986,7360.9567,8262.1365,9258.7386,9642.0,8230.4625,6964.8,4754.1831,2603.0313,750.3967,0.0,0.0,0.0,0.0,0.0,0.0
2025-4-24,6:00,2755.5276,4592.439,6333.8503,7519.17,8787.9075,8975.2471,9642.0,8230.4625,6964.8,4562.4521,2551.4306,708.6285,0.0,0.0,0.0,0.0,0.0,0.0,0.0,0.0,0.0,0.0,0.0,975.9077
2025-4-24,12:00,8798.6667,7842.708,6751.8251,4219.7656,2223.0312,645.5312,0.0,0.0,0.0,0.0,0.0,0.0,0.0,0.0,0.0,0.0,0.0,829.3294,2829.1125,4924.7625,6841.3875,8260.9875,9209.775,9184.1832
2025-4-24,18:00,0.0,0.0,0.0,0.0,0.0,0.0,0.0,0.0,0.0,0.0,0.0,905.0065,2829.1125,4793.8866,5872.7505,6479.8354,7221.3157,6791.0241,6929.664,7188.7236,6571.7089,4900.8375,2907.825,959.8875
2025-4-25,0:00,0.0,0.0,0.0,0.0,0.0,809.4784,2829.1125,4705.889,6577.5276,8018.0515,9209.775,9995.8875,8656.8344,7896.6434,6236.1312,4563.625,2171.675,695.6388,0.0,0.0,0.0,0.0,0.0,0.0
2025-4-25,6:00,2790.0602,4259.4426,6025.0915,7868.2731,8892.8576,9482.8311,8436.7931,8035.3514,6799.0313,4660.7256,2290.7341,643.8916,0.0,0.0,0.0,0.0,0.0,0.0,0.0,0.0,0.0,0.0,0.0,964.8182
2025-4-25,12:00,8000.7599,7722.0268,6964.8,4900.8375,2636.873,801.7042,0.0,0.0,0.0,0.0,0.0,0.0,0.0,0.0,0.0,0.0,0.0,780.6301,2568.1203,4175.8196,6841.3875,8260.9875,9209.775,9995.8875
2025-4-25,18:00,0.0,0.0,0.0,0.0,0.0,0.0,0.0,0.0,0.0,0.0,0.0,746.0164,2637.7743,4267.432,6078.7812,8137.1251,9209.775,9995.8875,8781.7783,6509.1974,5448.4419,4381.205,2427.098,873.6315
2025-4-26,0:00,0.0,0.0,0.0,0.0,0.0,833.6155,2829.1125,4924.7625,6652.8587,8260.9875,8559.2018,9470.8682,8666.6436,8230.4625,6079.4878,4799.6981,2349.0756,717.412,0.0,0.0,0.0,0.0,0.0,0.0
2025-4-26,6:00,2768.6169,4792.5574,6499.8665,7796.5102,9209.775,9995.8875,9122.2022,7703.9141,6802.7061,4641.3626,2428.3385,821.9981,0.0,0.0,0.0,0.0,0.0,0.0,0.0,0.0,0.0,0.0,0.0,695.3793
2025-4-26,12:00,8824.4783,7108.043,5889.115,4222.6874,2237.0167,727.6666,0.0,0.0,0.0,0.0,0.0,0.0,0.0,0.0,0.0,0.0,0.0,682.7409,2646.7109,4692.7831,5499.6851,6720.1822,6369.3622,4885.2944
2025-4-26,18:00,0.0,0.0,0.0,0.0,0.0,0.0,0.0,0.0,0.0,0.0,0.0,604.1254,1860.1566,3620.0779,5945.8693,8260.9875,9209.775,9995.8875,9561.1058,7094.5033,5439.9708,4301.0517,2207.4052,754.9714
2025-4-27,0:00,0.0,0.0,0.0,0.0,0.0,714.9352,2407.05,4700.4757,6667.8397,8260.9875,9209.775,9831.9288,8131.4821,7374.0682,6432.3531,4341.8881,2657.0117,922.9859,0.0,0.0,0.0,0.0,0.0,0.0
2025-4-27,6:00,2420.2601,4283.4945,5672.6914,7398.837,7961.7806,8400.8218,8593.2475,7739.1329,6796.9063,4469.3638,2482.7124,699.4508,0.0,0.0,0.0,0.0,0.0,0.0,0.0,0.0,0.0,0.0,0.0,785.2861
2025-4-27,12:00,8636.2499,7464.3074,6392.1738,4359.2691,2294.712,694.3616,0.0,0.0,0.0,0.0,0.0,0.0,0.0,0.0,0.0,0.0,0.0,694.5366,3135.5625,4913.3969,6810.5441,8185.6468,9204.3984,8803.3918
2025-4-27,18:00,0.0,0.0,0.0,0.0,0.0,0.0,0.0,0.0,0.0,0.0,0.0,677.6985,2561.0529,3752.4654,4876.1123,5995.289,5438.1433,6328.2289,7119.3542,4851.3131,4933.7635,3579.3028,2080.2573,729.0429
2025-4-28,0:00,0.0,0.0,0.0,0.0,0.0,685.134,2816.3605,4618.5376,5566.3746,6872.3742,7309.3283,6751.0526,7118.9082,6453.9199,5466.4204,3509.3804,2572.5447,841.4825,0.0,0.0,0.0,0.0,0.0,0.0
2025-4-28,6:00,2726.6626,4419.3749,5290.2056,6533.6874,6405.9907,6401.9484,7181.9884,6036.1867,5271.2518,3831.2644,2495.1318,758.8863,0.0,0.0,0.0,0.0,0.0,0.0,0.0,0.0,0.0,0.0,0.0,808.845
2025-4-28,12:00,7965.9937,6512.4304,5612.0472,3876.7031,2424.3656,762.2342,0.0,0.0,0.0,0.0,0.0,0.0,0.0,0.0,0.0,0.0,0.0,997.0379,3135.5625,5368.275,6688.1357,8260.9875,9209.775,7835.3
2025-4-28,18:00,0.0,0.0,0.0,0.0,0.0,0.0,0.0,0.0,0.0,0.0,0.0,873.891,2772.8205,4882.4206,5903.5707,7093.7911,6109.1361,5990.6995,7964.143,8230.4625,5602.3325,4201.0852,2526.8952,609.9286
2025-4-29,0:00,0.0,0.0,0.0,0.0,0.0,812.0536,2789.1859,5338.1737,6841.3875,8260.9875,9209.775,7783.1246,7228.8757,7681.4161,6005.2898,4512.7422,2748.7912,849.1407,0.0,0.0,0.0,0.0,0.0,0.0
2025-4-29,6:00,2713.1392,4779.1771,6609.1131,7820.6835,8517.8816,8260.3528,8850.7943,8184.7275,6155.0061,4118.3172,2497.0471,710.9974,0.0,0.0,0.0,0.0,0.0,0.0,0.0,0.0,0.0,0.0,0.0,1054.869
2025-4-29,12:00,8711.4287,7904.7389,5821.2758,3940.7642,2338.8861,736.7774,0.0,0.0,0.0,0.0,0.0,0.0,0.0,0.0,0.0,0.0,0.0,1047.5576,2720.5719,4756.0906,6234.9389,8260.9875,6337.0902,9995.8875
2025-4-29,18:00,0.0,0.0,0.0,0.0,0.0,0.0,0.0,0.0,0.0,0.0,0.0,785.0261,2532.98,4387.5303,6182.3967,7668.73,7548.5246,6098.1522,4951.4671,6099.7257,5166.1288,3381.7634,2729.3023,929.7318
2025-4-30,0:00,0.0,0.0,0.0,0.0,0.0,939.6816,3080.0657,5136.1983,6841.3875,8260.9875,8992.5907,8553.411,8586.2116,8230.4625,6964.8,4364.321,2681.795,714.9589,0.0,0.0,0.0,0.0,0.0,0.0
2025-4-30,6:00,2685.9281,4796.3137,6841.3875,8260.9875,8438.6444,8425.0632,7883.8793,7775.944,6275.4249,4512.3707,2907.825,940.7719,0.0,0.0,0.0,0.0,0.0,0.0,0.0,0.0,0.0,0.0,0.0,1088.0472
2025-4-30,12:00,7945.6792,8052.8235,6605.7228,4829.144,2907.825,896.1665,0.0,0.0,0.0,0.0,0.0,0.0,0.0,0.0,0.0,0.0,0.0,813.4087,1792.1604,3861.7257,6124.9423,8205.3375,9209.775,9995.8875
2025-4-30,18:00,0.0,0.0,0.0,0.0,0.0,0.0,0.0,0.0,0.0,0.0,0.0,841.2014,2219.8439,3434.4017,5683.6002,8205.3375,9209.775,9995.8875,9642.0,8230.4625,6964.8,4951.8,2914.875,1003.1881
2025-5-1,0:00,0.0,0.0,0.0,0.0,0.0,832.451,2455.4095,4412.8263,6841.3875,8205.3375,9209.775,9112.979,8488.5339,7500.1878,6201.0023,4193.6137,2514.6472,760.5643,0.0,0.0,0.0,0.0,0.0,0.0
2025-5-1,6:00,2275.9833,3745.8717,5817.8956,7736.6044,8866.072,9471.9828,9242.0144,8230.4625,6750.3901,4012.0849,2425.1943,718.1976,0.0,0.0,0.0,0.0,0.0,0.0,0.0,0.0,0.0,0.0,0.0,590.116
2025-5-1,12:00,8628.3626,8100.2447,6029.754,4080.7076,2491.0785,778.0233,0.0,0.0,0.0,0.0,0.0,0.0,0.0,0.0,0.0,0.0,0.0,923.1713,2470.248,3542.6352,5970.504,7127.9187,7541.2761,8731.7755
2025-5-1,18:00,0.0,0.0,0.0,0.0,0.0,0.0,0.0,0.0,0.0,0.0,0.0,686.9211,2272.1214,3601.0278,5631.6971,6533.8166,5938.5482,5751.5271,4921.9271,5589.0806,4445.3023,4746.0579,2589.9869,908.9097
2025-5-2,0:00,0.0,0.0,0.0,0.0,0.0,716.8564,2234.0574,3737.339,5372.0751,6639.0612,7067.5248,6891.1169,7504.5028,7961.0904,4855.1756,3887.3218,2055.525,491.7888,0.0,0.0,0.0,0.0,0.0,0.0
2025-5-2,6:00,2313.9241,3814.5045,5493.6451,6307.2033,7122.0752,7140.9514,6362.1228,6705.3313,5275.9792,3956.1963,1957.3524,583.5126,0.0,0.0,0.0,0.0,0.0,0.0,0.0,0.0,0.0,0.0,0.0,167.2914
2025-5-2,12:00,6973.505,6977.9351,5089.2755,3910.7093,2124.7058,619.9872,0.0,0.0,0.0,0.0,0.0,0.0,0.0,0.0,0.0,0.0,0.0,944.4278,2905.7488,5368.275,6841.3875,8205.3375,9209.775,9458.166
2025-5-2,18:00,0.0,0.0,0.0,0.0,0.0,0.0,0.0,0.0,0.0,0.0,0.0,715.0177,1896.46,3572.0149,5284.8663,6568.7064,9209.775,9156.0095,9575.3243,8230.4625,6964.8,4951.8,3003.675,1132.2825
2025-5-3,0:00,0.0,0.0,0.0,0.0,0.0,753.5473,2322.2601,4140.4898,6439.6847,7343.8733,8674.3912,7509.4014,7223.9027,5945.4712,5676.7754,3930.2824,2530.2339,830.4421,0.0,0.0,0.0,0.0,0.0,0.0
2025-5-3,6:00,2517.1602,4283.4515,6055.2618,7426.9732,8638.6164,7427.0337,7487.5695,6509.704,5585.5977,3962.9597,2733.4411,826.9245,0.0,0.0,0.0,0.0,0.0,0.0,0.0,0.0,0.0,0.0,0.0,873.0316
2025-5-3,12:00,7762.8025,6704.6247,5532.9894,3870.9006,2510.5163,815.939,0.0,0.0,0.0,0.0,0.0,0.0,0.0,0.0,0.0,0.0,0.0,1152.7125,3135.5625,5368.275,6841.3875,7648.3139,7166.3815,4854.5769
2025-5-3,18:00,0.0,0.0,0.0,0.0,0.0,0.0,0.0,0.0,0.0,0.0,0.0,1100.8799,3135.5625,5368.275,6841.3875,8205.3375,9209.775,7803.3664,8399.1368,8162.775,6965.9625,4951.8,3003.675,1004.0084
2025-5-4,0:00,0.0,0.0,0.0,0.0,0.0,961.4816,2803.8841,4595.6205,6171.5844,8055.729,8008.425,7567.6822,7120.0582,7572.8767,5856.366,4171.6046,2538.4697,798.8001,0.0,0.0,0.0,0.0,0.0,0.0
2025-5-4,6:00,2912.6876,5095.2214,6841.3875,8205.3375,9035.3014,8829.0179,7219.4561,6876.0565,5965.3049,4510.1236,2288.4063,863.6527,0.0,0.0,0.0,0.0,0.0,0.0,0.0,0.0,0.0,0.0,0.0,907.7368
2025-5-4,12:00,7177.9002,7939.4998,6664.5374,4785.7464,2794.3987,926.3564,0.0,0.0,0.0,0.0,0.0,0.0,0.0,0.0,0.0,0.0,0.0,700.1149,1865.6018,3803.3746,6099.7935,8205.3375,9209.775,9995.8875
2025-5-4,18:00,0.0,0.0,0.0,0.0,0.0,0.0,0.0,0.0,0.0,0.0,0.0,753.9026,1865.6327,3205.1246,4924.6464,6297.2943,7587.9225,7169.2973,5020.5133,5157.8864,4391.3811,4019.4649,2124.1131,920.4505
2025-5-5,0:00,0.0,0.0,0.0,0.0,0.0,753.0789,1881.6802,3378.9988,5461.8776,6797.8912,8707.4859,9986.3615,8007.1017,7756.0667,6626.8424,3816.012,1645.8614,671.9887,0.0,0.0,0.0,0.0,0.0,0.0
2025-5-5,6:00,2031.9072,3584.6992,5778.5289,7127.9972,8344.1373,8789.6791,7322.699,6957.8096,6127.4388,4951.8,2704.7029,1009.1056,0.0,0.0,0.0,0.0,0.0,0.0,0.0,0.0,0.0,0.0,0.0,1033.5735
2025-5-5,12:00,7412.7425,7294.5257,6489.5914,4951.8,2416.1081,930.2779,0.0,0.0,0.0,0.0,0.0,0.0,0.0,0.0,0.0,0.0,0.0,964.5191,2554.0929,4839.4866,6841.3875,8205.3375,9209.775,9995.8875
2025-5-5,18:00,0.0,0.0,0.0,0.0,0.0,0.0,0.0,0.0,0.0,0.0,0.0,829.7837,2672.2211,4427.5824,6648.7166,7950.9404,9209.775,9995.8875,9553.1807,8077.2495,6965.9625,4951.8,3019.875,1156.65
2025-5-6,0:00,0.0,0.0,0.0,0.0,0.0,961.8759,2692.8134,4626.7619,6803.3038,7708.6356,9209.775,9613.7174,9192.3295,8162.775,6316.1865,4675.9809,3019.875,902.8211,0.0,0.0,0.0,0.0,0.0,0.0
2025-5-6,6:00,2387.5522,3881.6983,6099.1548,7023.9477,8859.6782,9014.2854,8066.0298,7138.737,6053.6668,4888.6714,2999.4508,1042.296,0.0,0.0,0.0,0.0,0.0,0.0,0.0,0.0,0.0,0.0,0.0,747.7155
2025-5-6,12:00,8809.3466,7552.6025,6149.3208,4724.3504,2573.2242,925.1529,0.0,0.0,0.0,0.0,0.0,0.0,0.0,0.0,0.0,0.0,0.0,816.3135,2320.8095,3781.7096,4784.9809,5153.614,4221.3275,1492.7774
2025-5-6,18:00,0.0,0.0,0.0,0.0,0.0,0.0,0.0,0.0,0.0,0.0,0.0,701.7314,1961.9134,3772.4084,5874.4263,7278.9508,9209.775,8565.2851,8921.3436,7796.3149,6283.6988,4951.393,3019.875,1031.8599
2025-5-7,0:00,0.0,0.0,0.0,0.0,0.0,802.0092,2389.5915,4480.6025,6410.9187,8011.2257,9209.775,9571.8523,8943.1875,8162.775,5780.1972,4009.087,2399.9016,732.3269,0.0,0.0,0.0,0.0,0.0,0.0
2025-5-7,6:00,2344.0323,4192.1977,5755.4619,7683.3395,8089.4222,8495.1165,8530.2198,7340.6653,5325.4654,4170.1084,2165.8986,662.6699,0.0,0.0,0.0,0.0,0.0,0.0,0.0,0.0,0.0,0.0,0.0,836.0287
2025-5-7,12:00,8257.9748,7145.5948,5548.0276,4233.746,2410.9147,789.3101,0.0,0.0,0.0,0.0,0.0,0.0,0.0,0.0,0.0,0.0,0.0,791.7237,2162.2614,3661.3265,4820.627,5281.964,6360.2199,6006.484
2025-5-7,18:00,0.0,0.0,0.0,0.0,0.0,0.0,0.0,0.0,0.0,0.0,0.0,840.1431,2476.3784,5368.275,6841.3875,8205.3375,8892.0953,8675.5181,8943.1875,8162.775,6965.9625,4951.8,3019.875,959.7082
2025-5-8,0:00,0.0,0.0,0.0,0.0,0.0,891.6455,2423.0227,4551.4323,5674.4441,7090.4323,7304.2946,7295.275,7184.0752,7094.6174,5627.5867,4799.6651,3019.875,1171.7709,0.0,0.0,0.0,0.0,0.0,0.0
2025-5-8,6:00,2477.2426,4630.9734,6169.4045,7084.7041,7287.3888,7543.2574,7767.7082,7692.1082,5812.3938,4902.2049,3019.875,903.6251,0.0,0.0,0.0,0.0,0.0,0.0,0.0,0.0,0.0,0.0,0.0,583.9175
2025-5-8,12:00,7463.5341,7086.5162,5366.1267,4561.8353,3019.875,1017.1884,0.0,0.0,0.0,0.0,0.0,0.0,0.0,0.0,0.0,0.0,0.0,947.8005,1883.6094,3176.0989,3441.1981,4829.4367,4618.7249,8034.8047
2025-5-8,18:00,0.0,0.0,0.0,0.0,0.0,0.0,0.0,0.0,0.0,0.0,0.0,778.9266,1964.6975,3722.1685,5248.3663,7461.4479,7354.2611,8335.112,8715.9702,8162.775,6614.8996,4799.3833,3092.2125,1053.2903
2025-5-9,0:00,0.0,0.0,0.0,0.0,0.0,881.2163,2474.4643,4435.4401,5443.2281,7450.0533,7007.0792,7058.966,6523.2133,6828.313,5206.1206,3902.8682,2812.4168,1095.122,0.0,0.0,0.0,0.0,0.0,0.0
2025-5-9,6:00,2320.1827,3990.0705,5354.8675,7058.5864,7593.3896,8482.1513,8943.1875,8162.775,6767.4613,4343.5118,2519.8888,874.8868,0.0,0.0,0.0,0.0,0.0,0.0,0.0,0.0,0.0,0.0,0.0,1217.55
2025-5-9,12:00,8477.8447,7707.5951,6330.3537,4323.8476,2591.0042,844.3438,0.0,0.0,0.0,0.0,0.0,0.0,0.0,0.0,0.0,0.0,0.0,1217.55,3163.3875,4079.3655,5282.2315,5044.7808,4653.8173,3925.4878
2025-5-9,18:00,0.0,0.0,0.0,0.0,0.0,0.0,0.0,0.0,0.0,0.0,0.0,1217.55,3163.3875,3750.4178,5384.043,7218.8378,7459.0617,8791.5109,8074.6314,7168.7342,6541.4023,4314.8929,2212.2379,816.8291
2025-5-10,0:00,0.0,0.0,0.0,0.0,0.0,981.5474,2525.9796,3513.4288,5069.9159,6743.9372,7441.4582,7832.0817,7180.9335,6372.1955,6234.5592,4822.9687,3092.2125,921.1185,0.0,0.0,0.0,0.0,0.0,0.0
2025-5-10,6:00,2720.793,3577.1963,5171.2712,6733.9649,7631.4443,7918.5885,6943.1134,6229.94,5822.9649,3956.4724,2367.9203,808.3012,0.0,0.0,0.0,0.0,0.0,0.0,0.0,0.0,0.0,0.0,0.0,1217.55
2025-5-10,12:00,7269.6817,6508.5206,6042.9504,4280.2837,2555.5103,936.7666,0.0,0.0,0.0,0.0,0.0,0.0,0.0,0.0,0.0,0.0,0.0,1217.55,2896.6741,4762.5877,6841.3875,8205.3375,7696.9724,8197.9805
2025-5-10,18:00,0.0,0.0,0.0,0.0,0.0,0.0,0.0,0.0,0.0,0.0,0.0,1029.7585,2501.3583,3395.6273,5017.685,5299.8362,5956.3043,6089.7633,6944.0306,4635.4864,3947.1279,3393.6633,2079.8796,626.8543
2025-5-11,0:00,0.0,0.0,0.0,0.0,0.0,1093.5006,2758.7403,4342.8117,6070.5927,6370.0959,7300.1237,8093.5228,8454.5172,6881.5344,5592.7057,4951.8,3092.2125,1190.3411,0.0,0.0,0.0,0.0,0.0,0.0
2025-5-11,6:00,2651.1142,4404.2894,6357.4878,6717.7377,7856.7638,7897.0565,7825.5232,5990.1468,5295.2575,4452.7187,2937.613,1150.8213,0.0,0.0,0.0,0.0,0.0,0.0,0.0,0.0,0.0,0.0,0.0,1119.2522
2025-5-11,12:00,8664.4352,6744.8576,5654.8978,4586.4727,2831.2583,958.1448,0.0,0.0,0.0,0.0,0.0,0.0,0.0,0.0,0.0,0.0,0.0,1254.0375,3201.7125,5368.275,6227.5002,6998.831,7169.8413,4868.4057
2025-5-11,18:00,0.0,0.0,0.0,0.0,0.0,0.0,0.0,0.0,0.0,0.0,0.0,1082.0735,3201.7125,5368.275,6841.3875,8205.3375,8939.2125,8352.1835,7215.8073,6324.1339,5211.1224,3547.7781,1907.2503,749.3536
2025-5-12,0:00,0.0,0.0,0.0,0.0,0.0,982.682,3022.7288,5368.275,6841.3875,8205.3375,8939.2125,8193.8904,7770.4019,8162.775,6965.9625,4951.8,3092.2125,1146.1824,0.0,0.0,0.0,0.0,0.0,0.0
2025-5-12,6:00,3107.6391,5294.044,6278.3298,7712.7189,8259.5608,7301.8455,6755.9795,6873.2146,5791.3875,4190.5739,2404.6499,921.5056,0.0,0.0,0.0,0.0,0.0,0.0,0.0,0.0,0.0,0.0,0.0,1230.7402
2025-5-12,12:00,7162.7133,7569.6979,6208.6157,4496.2563,2481.502,1001.501,0.0,0.0,0.0,0.0,0.0,0.0,0.0,0.0,0.0,0.0,0.0,1205.5478,2994.1167,5368.275,6841.3875,8081.0065,8895.5814,9773.6501
2025-5-12,18:00,0.0,0.0,0.0,0.0,0.0,0.0,0.0,0.0,0.0,0.0,0.0,1115.2813,2852.3483,4226.2598,5697.2108,6354.4273,6597.2641,5518.386,7399.6039,5716.8979,5906.102,4868.5131,3092.2125,1175.1189
2025-5-13,0:00,0.0,0.0,0.0,0.0,0.0,1093.0592,2430.732,4029.5867,4946.1765,5768.5324,7133.5678,7770.0413,8263.9558,7027.2479,6725.6825,4951.8,3092.2125,1267.5,0.0,0.0,0.0,0.0,0.0,0.0
2025-5-13,6:00,2668.7928,4549.1933,6125.4425,7612.8113,8371.1722,7864.0411,8103.7255,7091.5238,6190.1372,4564.2695,2772.7134,1058.5991,0.0,0.0,0.0,0.0,0.0,0.0,0.0,0.0,0.0,0.0,0.0,1005.1999
2025-5-13,12:00,7876.8971,7164.5732,6015.8502,4491.7693,2806.2125,1123.1878,0.0,0.0,0.0,0.0,0.0,0.0,0.0,0.0,0.0,0.0,0.0,830.9873,1799.7483,3049.1333,3395.0534,5670.5809,4649.6182,6259.9862
2025-5-13,18:00,0.0,0.0,0.0,0.0,0.0,0.0,0.0,0.0,0.0,0.0,0.0,924.389,2563.2726,4143.0426,5981.6915,6326.2742,6923.3955,8860.8225,8862.15,8162.775,6965.9625,4951.8,2521.3902,876.3688
2025-5-14,0:00,0.0,0.0,0.0,0.0,0.0,817.3193,2434.405,4628.3136,6740.0302,8205.3375,8562.2268,8142.5131,7839.049,5803.8748,6115.5573,4338.9572,2409.4832,812.8009,0.0,0.0,0.0,0.0,0.0,0.0
2025-5-14,6:00,2622.9832,4520.8956,6216.5975,7196.7419,7319.1991,7216.4834,7264.0629,6364.7435,5826.7606,4115.2445,2661.8108,968.8096,0.0,0.0,0.0,0.0,0.0,0.0,0.0,0.0,0.0,0.0,0.0,1254.0375
2025-5-14,12:00,8436.6778,7339.0197,6634.0032,4789.6051,2674.245,992.0625,0.0,0.0,0.0,0.0,0.0,0.0,0.0,0.0,0.0,0.0,0.0,1082.6291,2497.0522,4815.7943,6705.3375,8205.3375,8939.2125,9438.5659
2025-5-14,18:00,0.0,0.0,0.0,0.0,0.0,0.0,0.0,0.0,0.0,0.0,0.0,998.357,2307.9276,4677.7491,6643.8761,7185.7264,7938.2532,9560.9216,7319.2317,8098.3712,5672.6894,4526.9382,2727.5986,1066.7574
2025-5-15,0:00,0.0,0.0,0.0,0.0,0.0,1018.9788,2458.0872,4272.5584,6705.3375,8205.3375,8815.1841,9791.55,8265.8964,6920.3167,5261.4663,3944.7537,1977.9808,760.3771,0.0,0.0,0.0,0.0,0.0,0.0
2025-5-15,6:00,2383.7483,4231.674,6705.3375,7664.407,8085.7495,8540.807,6894.5494,6361.4329,4697.3433,3354.2547,2153.608,772.7581,0.0,0.0,0.0,0.0,0.0,0.0,0.0,0.0,0.0,0.0,0.0,1263.6375
2025-5-15,12:00,7540.4173,7291.856,5994.793,4133.4368,2604.9717,973.217,0.0,0.0,0.0,0.0,0.0,0.0,0.0,0.0,0.0,0.0,0.0,1263.6375,2797.9164,4014.4014,5915.4197,6326.295,6969.8998,8696.4197
2025-5-15,18:00,0.0,0.0,0.0,0.0,0.0,0.0,0.0,0.0,0.0,0.0,0.0,1204.1225,3117.9303,5175.3928,6431.8786,8097.0,8374.1112,9006.3524,6876.7411,6761.6333,5846.1545,4800.2353,2978.4222,1267.5
2025-5-16,0:00,0.0,0.0,0.0,0.0,0.0,1170.232,3104.7526,5286.2964,6664.0125,7920.1505,8939.2125,9214.2346,8151.0727,7442.5789,5864.2074,4277.8925,2631.7626,841.4786,0.0,0.0,0.0,0.0,0.0,0.0
2025-5-16,6:00,2908.5575,4848.847,6602.6656,7818.2199,8854.7757,9565.5045,8022.4805,7467.9841,6597.6399,4841.2188,2769.0741,1069.5297,0.0,0.0,0.0,0.0,0.0,0.0,0.0,0.0,0.0,0.0,0.0,1263.6375
2025-5-16,12:00,8193.6597,7317.3724,6425.1589,4951.8,2870.8601,1114.7256,0.0,0.0,0.0,0.0,0.0,0.0,0.0,0.0,0.0,0.0,0.0,1038.6037,3196.5696,4993.8006,6664.0125,7312.7357,7516.5671,5269.5519
2025-5-16,18:00,0.0,0.0,0.0,0.0,0.0,0.0,0.0,0.0,0.0,0.0,0.0,1094.5675,2822.4956,4389.2167,4993.6455,6259.9376,6541.6013,6906.2392,8011.2379,6155.283,5490.4553,4938.3961,2318.6935,922.2259
2025-5-17,0:00,0.0,0.0,0.0,0.0,0.0,1120.1827,3143.9359,4724.4456,6044.934,7049.8125,8295.8237,6660.8297,7366.0034,5801.9106,5046.5712,4160.7122,2626.9237,1145.3639,0.0,0.0,0.0,0.0,0.0,0.0
2025-5-17,6:00,3103.6382,4736.3687,5993.4603,6550.3372,7320.5009,6753.6852,7692.445,6191.4331,5330.8834,4882.1525,2735.9111,1205.9347,0.0,0.0,0.0,0.0,0.0,0.0,0.0,0.0,0.0,0.0,0.0,1263.6375
2025-5-17,12:00,7807.0675,6232.2012,5134.8686,4839.436,2644.242,1125.4733,0.0,0.0,0.0,0.0,0.0,0.0,0.0,0.0,0.0,0.0,0.0,963.9362,2997.6241,4327.9144,5958.9372,7247.0328,8129.3994,6635.6015
2025-5-17,18:00,0.0,0.0,0.0,0.0,0.0,0.0,0.0,0.0,0.0,0.0,0.0,909.3991,2395.2158,3924.0379,5973.7775,8065.575,8939.2125,9182.364,8862.15,8078.25,6475.9014,4951.8,3069.4481,1101.2533
2025-5-18,0:00,0.0,0.0,0.0,0.0,0.0,1077.0598,2649.7775,3806.6935,5829.0552,7374.6236,7711.0627,6902.6584,6953.6362,6848.4261,5281.0195,4920.8454,2991.3405,1012.2404,0.0,0.0,0.0,0.0,0.0,0.0
2025-5-18,6:00,2700.5555,3966.7924,6177.9572,7422.1496,7603.4913,7139.0192,7177.9157,6888.2679,6050.9961,4951.8,2855.7949,850.065,0.0,0.0,0.0,0.0,0.0,0.0,0.0,0.0,0.0,0.0,0.0,1059.9442
2025-5-18,12:00,7269.1099,7213.6288,6048.7164,4932.4729,3010.1747,948.4444,0.0,0.0,0.0,0.0,0.0,0.0,0.0,0.0,0.0,0.0,0.0,915.5933,2621.5611,3901.8411,5817.1253,5457.3923,7996.6095,9012.5682
2025-5-18,18:00,0.0,0.0,0.0,0.0,0.0,0.0,0.0,0.0,0.0,0.0,0.0,1141.9835,3157.1052,4983.2123,6664.0125,7889.4183,8939.2125,9205.6387,7908.2093,7517.713,5577.8921,3010.5668,2119.5038,750.1091
2025-5-19,0:00,0.0,0.0,0.0,0.0,0.0,1072.3706,2949.5096,4587.8454,6132.3532,6118.4772,7786.3271,8540.6314,8811.773,7738.7558,6965.9625,4951.8,3092.2125,1165.2739,0.0,0.0,0.0,0.0,0.0,0.0
2025-5-19,6:00,2807.2978,4522.2188,6582.4268,6945.1854,8406.1656,9067.1956,8329.4465,7370.1561,6965.9625,4389.1589,2946.0803,1175.189,0.0,0.0,0.0,0.0,0.0,0.0,0.0,0.0,0.0,0.0,0.0,893.1529
2025-5-19,12:00,8741.5611,7445.0438,6704.0432,4360.352,2952.3392,1184.9369,0.0,0.0,0.0,0.0,0.0,0.0,0.0,0.0,0.0,0.0,0.0,1097.3025,3155.656,4793.2417,5569.1048,5499.0573,5034.573,3125.3891
2025-5-19,18:00,0.0,0.0,0.0,0.0,0.0,0.0,0.0,0.0,0.0,0.0,0.0,1263.6375,3200.5526,5196.4653,6664.0125,8065.575,8451.9902,7833.826,7928.7279,6703.5499,5314.5952,4199.884,2825.3771,757.4562
2025-5-20,0:00,0.0,0.0,0.0,0.0,0.0,1066.1352,2733.9895,4746.882,6252.2659,7291.215,8219.0665,8235.1283,8499.1315,7505.0468,6575.7376,4951.8,3092.2125,1028.5583,0.0,0.0,0.0,0.0,0.0,0.0
2025-5-20,6:00,2772.8891,4702.5018,6351.735,7503.8933,7817.8028,7608.446,7238.7682,6241.0869,5452.5211,4342.6126,2887.1869,1109.9201,0.0,0.0,0.0,0.0,0.0,0.0,0.0,0.0,0.0,0.0,0.0,1102.6739
2025-5-20,12:00,7319.5989,6303.6813,5726.4421,4628.3372,3092.2125,1145.9562,0.0,0.0,0.0,0.0,0.0,0.0,0.0,0.0,0.0,0.0,0.0,1263.6375,3201.7125,5368.275,6664.0125,8065.575,8939.2125,7678.302
2025-5-20,18:00,0.0,0.0,0.0,0.0,0.0,0.0,0.0,0.0,0.0,0.0,0.0,1196.0582,3137.2217,5191.6707,5075.176,5677.4798,5667.6921,6269.0314,6426.9145,6820.5194,4913.0528,4649.4439,3092.2125,1267.5
2025-5-21,0:00,0.0,0.0,0.0,0.0,0.0,1167.7719,3201.7125,5339.8772,6639.3627,7537.6348,8504.0158,9531.6825,8862.15,8078.25,6482.9571,4846.1165,2952.4358,1062.7787,0.0,0.0,0.0,0.0,0.0,0.0
2025-5-21,6:00,3078.0851,4781.6426,5930.751,6598.114,7633.2311,8409.0751,8415.1687,7545.3581,5101.4549,3963.2977,2644.3826,1012.1821,0.0,0.0,0.0,0.0,0.0,0.0,0.0,0.0,0.0,0.0,0.0,486.0136
2025-5-21,12:00,8862.15,8078.25,5499.1813,4183.992,2817.735,1031.8024,0.0,0.0,0.0,0.0,0.0,0.0,0.0,0.0,0.0,0.0,0.0,1263.6375,2911.2893,4804.6037,6508.4703,6025.7742,6165.5619,6398.4408
2025-5-21,18:00,0.0,0.0,0.0,0.0,0.0,0.0,0.0,0.0,0.0,0.0,0.0,1231.1563,2935.2258,4987.2822,6045.0712,7518.8968,7959.3328,7626.1197,7802.9432,6424.1429,4793.1242,4004.8551,2457.0111,848.2426
2025-5-22,0:00,0.0,0.0,0.0,0.0,0.0,1130.0092,2499.8008,4439.6052,5899.4459,7329.8558,8939.2125,9791.55,8862.15,8078.25,6545.5219,4476.6169,2442.9051,1027.1291,0.0,0.0,0.0,0.0,0.0,0.0
2025-5-22,6:00,2855.6382,4801.1993,6274.7783,6934.2921,8289.1781,8610.8158,8549.81,8078.25,6079.2377,4351.3354,2344.6906,974.8776,0.0,0.0,0.0,0.0,0.0,0.0,0.0,0.0,0.0,0.0,0.0,1263.6375
2025-5-22,12:00,8111.554,7591.1401,6060.9348,4578.5556,2761.1987,1171.0915,0.0,0.0,0.0,0.0,0.0,0.0,0.0,0.0,0.0,0.0,0.0,1263.6375,3201.7125,5368.275,6664.0125,8065.575,8939.2125,9506.5171
2025-5-22,18:00,0.0,0.0,0.0,0.0,0.0,0.0,0.0,0.0,0.0,0.0,0.0,1057.5845,2708.5902,3613.588,5930.6074,7779.3529,8236.3715,7525.1494,7335.1307,6533.1542,5315.9663,4785.1126,3092.2125,1267.5
2025-5-23,0:00,0.0,0.0,0.0,0.0,0.0,1118.1623,2841.9608,4521.224,5890.7902,7196.5072,7914.6221,8065.7205,7420.5977,7482.7577,5404.4175,4951.8,3092.2125,1267.5,0.0,0.0,0.0,0.0,0.0,0.0
2025-5-23,6:00,2916.1588,4677.0237,6290.9502,7366.3398,8003.9533,8020.7186,6972.1134,6854.0983,5706.9056,4568.5303,2976.988,1267.5,0.0,0.0,0.0,0.0,0.0,0.0,0.0,0.0,0.0,0.0,0.0,1184.5495
2025-5-23,12:00,7225.1692,6704.5899,5042.3935,3782.5825,2511.8474,1149.084,0.0,0.0,0.0,0.0,0.0,0.0,0.0,0.0,0.0,0.0,0.0,1139.0568,3201.7125,4536.7347,6028.7714,8013.1432,8488.4363,8595.6124
2025-5-23,18:00,0.0,0.0,0.0,0.0,0.0,0.0,0.0,0.0,0.0,0.0,0.0,1065.7982,3201.7125,4650.9042,6664.0125,8065.575,8939.2125,9791.55,8862.15,8078.25,5559.9194,4501.5699,2373.675,976.7627
2025-5-24,0:00,0.0,0.0,0.0,0.0,0.0,1201.6299,3201.7125,4896.2575,6164.9152,7513.5859,8895.3347,9138.8646,8826.1621,8078.25,6380.2728,4677.1291,2768.2344,1015.2247,0.0,0.0,0.0,0.0,0.0,0.0
2025-5-24,6:00,3139.0607,4421.5295,5822.2018,7677.9097,8939.2125,9092.3258,8203.1529,8078.25,5832.205,4585.4075,3092.2125,1242.075,0.0,0.0,0.0,0.0,0.0,0.0,0.0,0.0,0.0,0.0,0.0,705.2742
2025-5-24,12:00,7968.7954,7750.8182,5438.3978,4567.1964,2968.394,1248.9275,0.0,0.0,0.0,0.0,0.0,0.0,0.0,0.0,0.0,0.0,0.0,1171.7647,2525.6324,5165.0378,6664.0125,6501.8628,7542.3456,8554.8161
2025-5-24,18:00,0.0,0.0,0.0,0.0,0.0,0.0,0.0,0.0,0.0,0.0,0.0,1192.1541,2417.2079,4638.6378,5848.0149,7693.6098,8235.2178,9791.55,8862.15,6854.262,6380.2441,4128.7419,2399.6428,935.6098
2025-5-25,0:00,0.0,0.0,0.0,0.0,0.0,1159.7493,2626.5636,5191.5153,6105.5566,7345.3216,7563.8335,8167.1706,7994.0412,7271.8632,6755.596,4951.8,3092.2125,1267.5,0.0,0.0,0.0,0.0,0.0,0.0
2025-5-25,6:00,2751.321,5213.974,6106.323,7404.8973,7901.1407,8541.401,7717.4869,6399.2367,6693.4789,4417.7437,2924.838,1215.2022,0.0,0.0,0.0,0.0,0.0,0.0,0.0,0.0,0.0,0.0,0.0,1263.6375
2025-5-25,12:00,8570.5073,7521.9911,6965.9625,4420.6376,2970.7792,1238.2465,0.0,0.0,0.0,0.0,0.0,0.0,0.0,0.0,0.0,0.0,0.0,1078.1096,2209.3774,3054.6078,2935.1623,3898.6227,3479.729,3729.2642
2025-5-25,18:00,0.0,0.0,0.0,0.0,0.0,0.0,0.0,0.0,0.0,0.0,0.0,1230.3179,2143.2631,3668.772,5269.9222,5891.7266,6365.6728,8231.2752,6752.2415,5650.7211,4476.21,3545.6073,2213.346,1084.9287
2025-5-26,0:00,0.0,0.0,0.0,0.0,0.0,1263.6375,2724.7234,4651.6662,6639.2571,7527.8258,7534.8302,9263.1186,8862.15,8078.25,6576.9758,4672.7135,2764.0699,1084.7455,0.0,0.0,0.0,0.0,0.0,0.0
2025-5-26,6:00,2498.4846,4336.443,5598.7825,6593.1312,6403.5726,8064.8523,7859.6467,7865.1209,6663.89,4951.8,2807.6017,1044.0705,0.0,0.0,0.0,0.0,0.0,0.0,0.0,0.0,0.0,0.0,0.0,1263.6375
2025-5-26,12:00,7507.8034,7487.7351,5882.3078,4497.0633,2832.9234,1082.3821,0.0,0.0,0.0,0.0,0.0,0.0,0.0,0.0,0.0,0.0,0.0,1263.6375,3201.7125,4675.9341,6490.6082,7851.9401,7911.3241,9339.9872
2025-5-26,18:00,0.0,0.0,0.0,0.0,0.0,0.0,0.0,0.0,0.0,0.0,0.0,1263.6375,2874.2758,4305.7699,6097.6702,6276.5833,6919.4256,7914.6367,6899.8722,5952.5795,4913.1214,3379.7905,2490.1005,883.3743
2025-5-27,0:00,0.0,0.0,0.0,0.0,0.0,1263.6375,3201.7125,5368.275,6664.0125,8065.575,8939.2125,9791.55,8628.7457,7205.4806,6965.0423,4466.8188,3092.2125,1267.5,0.0,0.0,0.0,0.0,0.0,0.0
2025-5-27,6:00,3201.7125,4786.7608,6664.0125,7489.8374,7661.6805,8666.8534,7240.3443,6325.3686,5404.1393,3774.9537,2770.3291,1177.7096,0.0,0.0,0.0,0.0,0.0,0.0,0.0,0.0,0.0,0.0,0.0,1103.6955
2025-5-27,12:00,7831.4256,7050.6158,6336.8757,4433.1656,3015.4583,1267.5,0.0,0.0,0.0,0.0,0.0,0.0,0.0,0.0,0.0,0.0,0.0,633.4123,1684.8788,3964.1288,4712.7022,6375.1602,7905.1528,8691.0062
2025-5-27,18:00,0.0,0.0,0.0,0.0,0.0,0.0,0.0,0.0,0.0,0.0,0.0,1263.6375,3152.3302,4737.4705,6386.9139,6175.6045,6624.0935,6168.2228,7087.4264,6972.6644,6965.9625,4862.0722,2983.0178,1267.5
2025-5-28,0:00,0.0,0.0,0.0,0.0,0.0,1011.4338,2340.7894,3935.9216,5943.794,6370.5865,7320.4365,7335.247,8862.15,8078.25,6965.9625,4915.0747,3070.4944,1100.2583,0.0,0.0,0.0,0.0,0.0,0.0
2025-5-28,6:00,2544.5583,4119.1396,5884.7044,6434.2034,7106.0546,7471.1764,8862.15,7803.433,6442.1321,4617.8476,2607.8579,1074.6557,0.0,0.0,0.0,0.0,0.0,0.0,0.0,0.0,0.0,0.0,0.0,1033.463
2025-5-28,12:00,8635.4555,7946.6793,6735.2044,4610.2664,2628.0302,1116.5575,0.0,0.0,0.0,0.0,0.0,0.0,0.0,0.0,0.0,0.0,0.0,1263.6375,2245.9605,3191.1234,3785.5464,4316.5761,4921.0559,8325.8969
2025-5-28,18:00,0.0,0.0,0.0,0.0,0.0,0.0,0.0,0.0,0.0,0.0,0.0,1164.9423,2629.9757,3748.8696,6017.4506,7756.1625,7717.2547,8729.8878,8862.15,7505.0174,5434.7394,3821.7022,2600.8872,1105.2452
2025-5-29,0:00,0.0,0.0,0.0,0.0,0.0,1263.6375,2873.0529,3815.6597,5639.2241,6719.4671,6560.2616,8445.2244,8862.15,8078.25,6965.9625,4951.8,2844.0524,1097.9762,0.0,0.0,0.0,0.0,0.0,0.0
2025-5-29,6:00,2639.758,3730.8976,5715.6614,6660.2533,6434.3666,7365.8009,7862.8101,6429.9061,5726.2126,4294.7508,2778.6884,1145.335,0.0,0.0,0.0,0.0,0.0,0.0,0.0,0.0,0.0,0.0,0.0,0.0
2025-5-29,12:00,8646.2891,7215.4825,6368.3031,4807.0864,2835.403,1227.8954,0.0,0.0,0.0,0.0,0.0,0.0,0.0,0.0,0.0,0.0,0.0,970.6538,2556.8831,3860.3221,4737.3835,6076.4108,7677.5998,8715.3495
2025-5-29,18:00,0.0,0.0,0.0,0.0,0.0,0.0,0.0,0.0,0.0,0.0,0.0,1019.2611,2493.0689,3550.5658,4964.6177,6733.6507,6650.1192,7921.9475,7306.2978,5485.4235,5230.3499,4208.1604,2806.5737,1267.5
2025-5-30,0:00,0.0,0.0,0.0,0.0,0.0,1198.5204,2966.563,4230.4791,5710.5095,7517.9255,7267.5652,8019.6171,7773.9419,6226.1254,5378.7823,4179.0937,2783.4711,1062.0635,0.0,0.0,0.0,0.0,0.0,0.0
2025-5-30,6:00,2843.156,4466.6531,5759.0837,7083.5812,7515.3253,9351.8023,8682.731,6818.8272,5632.094,3808.4834,2430.7956,1039.5216,0.0,0.0,0.0,0.0,0.0,0.0,0.0,0.0,0.0,0.0,0.0,1263.6375
2025-5-30,12:00,8557.2092,6825.9136,5902.5128,4016.188,2562.3327,1052.2271,0.0,0.0,0.0,0.0,0.0,0.0,0.0,0.0,0.0,0.0,0.0,1263.6375,2824.664,4407.0552,4962.992,6622.8413,7124.7771,5876.2798
2025-5-30,18:00,0.0,0.0,0.0,0.0,0.0,0.0,0.0,0.0,0.0,0.0,0.0,1087.82,2119.318,3315.8497,4249.7365,5190.8069,6810.4904,7178.6358,8288.1554,8078.25,6965.9625,4951.8,3092.2125,1267.5
2025-5-31,0:00,0.0,0.0,0.0,0.0,0.0,1103.2859,2151.4945,4049.268,5519.4554,6542.5461,8879.277,8611.3292,7648.9488,5756.494,4450.2507,3455.3489,2078.2702,1094.75,0.0,0.0,0.0,0.0,0.0,0.0
2025-5-31,6:00,2592.1255,4473.463,5678.6643,6640.8591,8047.6988,7564.5136,7463.0931,6650.9545,5309.454,4554.4087,2734.7575,1199.2156,0.0,0.0,0.0,0.0,0.0,0.0,0.0,0.0,0.0,0.0,0.0,1107.0119
2025-5-31,12:00,8069.4516,6776.7584,5112.3935,4482.028,2819.4083,1193.3139,0.0,0.0,0.0,0.0,0.0,0.0,0.0,0.0,0.0,0.0,0.0,1263.6375,3201.7125,5215.4516,5918.0512,5888.0909,5232.4679,6552.5094
2025-5-31,18:00,0.0,0.0,0.0,0.0,0.0,0.0,0.0,0.0,0.0,0.0,0.0,961.7114,2170.3035,3203.7037,4509.9676,4990.3968,5279.6365,6329.5578,6969.8784,7114.3686,6675.9549,4309.9218,2580.8411,1102.6404
2025-6-1,0:00,0.0,0.0,0.0,0.0,0.0,1250.3352,2898.2361,4477.6891,5574.9198,5783.4209,5394.001,5631.321,5483.7085,4959.0041,5394.727,3044.5781,2156.7843,938.2982,0.0,0.0,0.0,0.0,0.0,0.0
2025-6-1,6:00,2675.2047,4032.7936,5010.2286,5497.6381,5278.3688,6110.9076,5962.5723,5788.6753,5870.3977,3796.403,2143.5646,1010.6317,0.0,0.0,0.0,0.0,0.0,0.0,0.0,0.0,0.0,0.0,0.0,934.3391
2025-6-1,12:00,6122.2891,6272.2292,6166.2369,4040.6826,2562.8978,1262.1151,0.0,0.0,0.0,0.0,0.0,0.0,0.0,0.0,0.0,0.0,0.0,828.8208,2314.8777,3597.1001,5668.0109,7594.7687,8939.2125,8531.5174
2025-6-1,18:00,0.0,0.0,0.0,0.0,0.0,0.0,0.0,0.0,0.0,0.0,0.0,948.2038,2586.5419,3806.3826,5926.8116,7756.1625,8746.6872,6840.2687,6119.5859,4710.9377,2868.894,2499.8258,1876.7704,688.3123
2025-6-2,0:00,0.0,0.0,0.0,0.0,0.0,956.2947,2383.7974,3411.7974,4656.2526,6391.1734,6556.6158,6592.3749,5130.0029,4918.4521,4081.2752,3467.3158,2151.1043,976.2966,0.0,0.0,0.0,0.0,0.0,0.0
2025-6-2,6:00,2464.0299,3506.357,5212.7894,7255.0417,8772.9361,7981.5057,7033.32,5949.4478,4823.9046,3458.3049,2279.5685,961.5284,0.0,0.0,0.0,0.0,0.0,0.0,0.0,0.0,0.0,0.0,0.0,1243.7461
2025-6-2,12:00,6605.7038,5766.9975,5115.9034,3523.1787,2313.0709,965.1779,0.0,0.0,0.0,0.0,0.0,0.0,0.0,0.0,0.0,0.0,0.0,1263.6375,3176.3003,4620.7768,6129.6762,6078.3994,6444.2928,6186.3921
2025-6-2,18:00,0.0,0.0,0.0,0.0,0.0,0.0,0.0,0.0,0.0,0.0,0.0,966.2759,2266.6183,3537.5136,4507.3268,5841.4679,7298.0604,9220.2244,8862.15,7777.9652,6583.7148,3857.3661,2362.8441,771.9099
2025-6-3,0:00,0.0,0.0,0.0,0.0,0.0,841.5569,2061.8302,3272.9421,4507.2104,5652.3258,6734.1904,7576.2072,7514.7347,5895.8809,6051.9795,4171.1339,2670.351,1125.3189,0.0,0.0,0.0,0.0,0.0,0.0
2025-6-3,6:00,2346.3608,3495.7262,4688.7283,5199.4608,6061.4061,7156.5346,7618.7611,5815.9834,5387.1092,3112.1383,2053.6918,885.7823,0.0,0.0,0.0,0.0,0.0,0.0,0.0,0.0,0.0,0.0,0.0,1047.9141
2025-6-3,12:00,8009.4845,6141.4099,5899.7762,3867.4639,2644.5341,1092.4981,0.0,0.0,0.0,0.0,0.0,0.0,0.0,0.0,0.0,0.0,0.0,1127.1998,2029.8779,3128.5767,4968.3948,5791.1577,7547.4255,8561.781
2025-6-3,18:00,0.0,0.0,0.0,0.0,0.0,0.0,0.0,0.0,0.0,0.0,0.0,1197.2413,2727.65,4213.9609,5546.1988,6744.6014,8851.6588,8290.7614,7258.3325,8047.423,6783.4125,4759.8526,2994.2838,1267.5
2025-6-4,0:00,0.0,0.0,0.0,0.0,0.0,1073.1708,2121.9164,3373.457,4476.1918,5127.2395,5755.1742,5638.1756,4527.9461,4680.7435,4464.4552,3370.0387,2226.4776,1064.7885,0.0,0.0,0.0,0.0,0.0,0.0
2025-6-4,6:00,2388.4529,3883.342,5416.7469,6358.2655,7358.9819,7444.705,7030.6126,7257.6391,6350.9335,4437.4656,2668.5199,1063.2966,0.0,0.0,0.0,0.0,0.0,0.0,0.0,0.0,0.0,0.0,0.0,1091.0597
2025-6-4,12:00,5881.381,6042.9379,5466.1614,3603.5574,2253.6308,1054.2341,0.0,0.0,0.0,0.0,0.0,0.0,0.0,0.0,0.0,0.0,0.0,1190.6482,2297.7129,3888.9426,5382.5455,6898.4997,8083.555,6827.8402
2025-6-4,18:00,0.0,0.0,0.0,0.0,0.0,0.0,0.0,0.0,0.0,0.0,0.0,1223.2962,2093.4444,3455.0042,4587.006,5687.9746,6186.0182,6750.2424,6840.4429,7038.6594,4737.6087,3755.8277,2755.6035,1160.6491
2025-6-5,0:00,0.0,0.0,0.0,0.0,0.0,1000.9045,2034.641,3448.3974,4861.9361,6376.8644,7027.1879,6325.8831,7136.7246,6586.0036,4895.0878,4430.6755,3092.2125,1267.5,0.0,0.0,0.0,0.0,0.0,0.0
2025-6-5,6:00,1992.992,3440.0043,4906.7803,6288.3169,6725.4884,6997.9117,7051.1427,6156.7937,4517.4594,4010.9486,2659.7914,1092.5151,0.0,0.0,0.0,0.0,0.0,0.0,0.0,0.0,0.0,0.0,0.0,1039.8716
2025-6-5,12:00,6992.0228,6291.5886,4681.8213,3764.7992,2606.7639,1154.9444,0.0,0.0,0.0,0.0,0.0,0.0,0.0,0.0,0.0,0.0,0.0,883.5029,2239.1319,3384.0234,5639.8162,7756.1625,8939.2125,9457.5
2025-6-5,18:00,0.0,0.0,0.0,0.0,0.0,0.0,0.0,0.0,0.0,0.0,0.0,819.2463,2353.2011,3857.6732,4870.2072,5256.3198,5899.8133,5358.1052,6031.5467,5499.1043,4845.482,3103.9095,2643.5266,989.0933
2025-6-6,0:00,0.0,0.0,0.0,0.0,0.0,882.3106,2310.9332,3712.4934,5127.8531,5300.6233,6259.508,6632.5371,6355.7613,5134.8107,4663.0772,2728.8892,1773.793,848.3049,0.0,0.0,0.0,0.0,0.0,0.0
2025-6-6,6:00,2290.9555,3742.8088,5139.5951,5949.7863,6929.9087,7128.1623,6614.9307,5238.4947,4897.2795,2921.7062,2081.7859,922.0534,0.0,0.0,0.0,0.0,0.0,0.0,0.0,0.0,0.0,0.0,0.0,1275.15
2025-6-6,12:00,6041.6579,4928.2287,4732.2508,2993.1992,2242.3248,997.8971,0.0,0.0,0.0,0.0,0.0,0.0,0.0,0.0,0.0,0.0,0.0,1170.1576,3051.8619,4316.5875,5492.4234,6725.0445,8284.2075,8645.3964
2025-6-6,18:00,0.0,0.0,0.0,0.0,0.0,0.0,0.0,0.0,0.0,0.0,0.0,855.7441,2389.8184,3159.3664,3933.6876,4438.8181,4984.319,6623.0998,6318.7238,5212.2483,4675.7842,3500.6599,1227.7953,527.1978
2025-6-7,0:00,0.0,0.0,0.0,0.0,0.0,921.5223,2296.0609,3062.1885,3754.791,4212.2116,5471.6858,5500.0956,5291.2238,4775.3905,4395.2351,3238.4486,2620.9753,1091.7402,0.0,0.0,0.0,0.0,0.0,0.0
2025-6-7,6:00,2499.788,3466.0088,4419.931,5033.2254,6404.317,6479.9884,6109.635,5767.6064,5339.7951,4054.2938,2611.8453,1106.648,0.0,0.0,0.0,0.0,0.0,0.0,0.0,0.0,0.0,0.0,0.0,854.6966
2025-6-7,12:00,5747.5904,5458.441,4927.9294,3511.938,2151.2824,963.3356,0.0,0.0,0.0,0.0,0.0,0.0,0.0,0.0,0.0,0.0,0.0,993.4736,2497.5222,5301.9375,6613.8,7756.1625,8939.2125,8324.7638
2025-6-7,18:00,0.0,0.0,0.0,0.0,0.0,0.0,0.0,0.0,0.0,0.0,0.0,1169.7848,2267.7262,4939.6493,6613.8,7396.3698,7609.5927,7115.4588,7317.2854,6739.9682,6190.5346,4233.0065,3092.2125,1267.5
2025-6-8,0:00,0.0,0.0,0.0,0.0,0.0,1005.9903,2018.8641,4125.2234,5690.9261,5828.5979,6458.1565,6906.8164,7343.1504,6982.2044,6582.9437,4318.6479,2553.7421,1103.2418,0.0,0.0,0.0,0.0,0.0,0.0
2025-6-8,6:00,2153.1294,4377.3722,6442.3899,7261.7169,7393.5733,7091.5742,7224.3866,5876.3299,5232.9152,3858.2531,2599.4403,1093.9105,0.0,0.0,0.0,0.0,0.0,0.0,0.0,0.0,0.0,0.0,0.0,1125.4253
2025-6-8,12:00,7177.1271,6367.8075,5290.0353,3853.2628,2544.8565,1157.3052,0.0,0.0,0.0,0.0,0.0,0.0,0.0,0.0,0.0,0.0,0.0,883.9178,2365.8841,3930.9538,6613.8,7756.1625,8471.1465,9365.3467
2025-6-8,18:00,0.0,0.0,0.0,0.0,0.0,0.0,0.0,0.0,0.0,0.0,0.0,878.6328,2033.7276,3005.0002,4503.2218,5381.3071,6042.537,6549.6002,6867.188,6407.3321,6046.7179,4415.9176,2571.0764,1234.7819
2025-6-9,0:00,0.0,0.0,0.0,0.0,0.0,1009.5272,2052.1998,3054.7547,5114.7837,6212.9495,5682.2812,6279.4297,6738.0213,5922.5116,4933.0174,3085.1275,1501.692,631.7456,0.0,0.0,0.0,0.0,0.0,0.0
2025-6-9,6:00,2141.518,3395.3253,5565.4039,7073.0481,6665.5344,7243.0199,6808.0106,5981.3272,5194.6431,3450.0907,2015.4288,982.5603,0.0,0.0,0.0,0.0,0.0,0.0,0.0,0.0,0.0,0.0,0.0,906.5052
2025-6-9,12:00,6760.8855,5827.1178,5019.8769,3458.913,2039.3895,886.7495,0.0,0.0,0.0,0.0,0.0,0.0,0.0,0.0,0.0,0.0,0.0,1055.876,2421.5401,3027.0032,3601.8785,4597.9926,5187.8669,3866.8634
2025-6-9,18:00,0.0,0.0,0.0,0.0,0.0,0.0,0.0,0.0,0.0,0.0,0.0,941.0889,2520.3746,4337.4002,6037.2879,7666.125,8511.3082,6540.7183,5437.9847,4836.4947,3841.7751,3570.71,2420.7837,1213.5694
2025-6-10,0:00,0.0,0.0,0.0,0.0,0.0,1160.5358,2543.6926,3530.0832,5050.5179,6989.7681,7100.8053,6539.795,7152.372,6143.8318,5007.2184,3726.6631,2121.3803,1041.2422,0.0,0.0,0.0,0.0,0.0,0.0
2025-6-10,6:00,2477.5555,3524.7248,4905.8164,6589.4884,7375.3618,6947.7983,7164.8772,6342.9409,5247.1789,3561.0048,1980.9247,899.7936,0.0,0.0,0.0,0.0,0.0,0.0,0.0,0.0,0.0,0.0,0.0,527.5906
2025-6-10,12:00,6487.7439,5769.8282,4788.7985,3285.6916,2082.9541,968.2166,0.0,0.0,0.0,0.0,0.0,0.0,0.0,0.0,0.0,0.0,0.0,897.5091,1798.4605,2601.691,3384.5723,3584.7119,4889.1716,5885.2778
2025-6-10,18:00,0.0,0.0,0.0,0.0,0.0,0.0,0.0,0.0,0.0,0.0,0.0,1055.0245,2300.9532,3505.276,4549.9161,4362.9143,4898.1909,7163.9467,5574.1862,3883.3051,4109.8601,3420.623,1441.1772,577.5742
2025-6-11,0:00,0.0,0.0,0.0,0.0,0.0,921.434,2163.7267,3589.8698,5183.6478,5500.0381,7718.5327,7763.5425,5774.068,4300.9629,4643.2526,2806.8505,1784.3367,864.4641,0.0,0.0,0.0,0.0,0.0,0.0
2025-6-11,6:00,2144.6734,3341.5055,4625.4043,4861.9661,6247.1232,6796.4214,5460.0808,4732.1465,5003.0652,4428.2918,2557.3904,1179.18,0.0,0.0,0.0,0.0,0.0,0.0,0.0,0.0,0.0,0.0,0.501,857.0033
2025-6-11,12:00,5650.8523,4805.681,4711.002,3506.9793,2138.9504,988.5965,0.0,0.0,0.0,0.0,0.0,0.0,0.0,0.0,0.0,0.0,0.5715,866.3798,2065.0667,3416.5431,5061.8109,6602.3308,6980.1918,6471.1822
2025-6-11,18:00,0.0,0.0,0.0,0.0,0.0,0.0,0.0,0.0,0.0,0.0,0.5725,921.9,2426.6906,4143.1182,4662.4797,6086.7763,7243.3304,6340.1506,4704.292,4433.3701,3427.0704,2908.7221,1759.9465,948.613
2025-6-12,0:00,0.0,0.0,0.0,0.0,0.6447,998.3658,2315.1912,3583.2349,4835.6275,5998.1272,7115.1365,6812.0071,6239.2136,5749.5958,4924.9006,3391.7468,1919.6938,835.8191,0.415,0.0,0.0,0.0,0.0,0.0
2025-6-12,6:00,2352.0389,3671.914,5234.4309,6340.0573,6690.5924,6425.7393,5793.3018,5264.0166,4355.5124,3719.7365,2289.3065,1000.5922,0.7029,0.0,0.0,0.0,0.0,0.0,0.0,0.0,0.0,0.0,1.7395,1076.7828
2025-6-12,12:00,6031.1139,5582.1005,4577.5256,3538.4719,2324.9886,977.7755,0.6142,0.0,0.0,0.0,0.0,0.0,0.0,0.0,0.0,0.0,2.0015,1161.7075,2025.5798,3116.3521,3498.6005,3849.6855,3943.132,4221.4822
2025-6-12,18:00,0.5604,0.0,0.0,0.0,0.0,0.0,0.0,0.0,0.0,0.0,1.7407,971.0933,1824.9698,2822.5484,3697.8575,4585.6951,5197.7891,6302.5232,6987.8873,6622.9519,4567.0096,4058.7285,2554.9765,1147.5322
2025-6-13,0:00,0.0,0.0,0.0,0.0,1.8161,1061.1493,2114.9225,3242.936,4513.7265,5427.3778,6537.5794,7402.318,7111.3955,5472.6684,4483.9746,3590.1166,2021.3555,1187.2796,2.8472,0.0,0.0,0.0,0.0,0.0
2025-6-13,6:00,2010.6277,3155.7102,4293.2059,5356.7212,6175.0552,6744.7241,7155.48,6335.4636,5108.9276,4286.6429,2548.1575,1241.1836,2.4709,0.0,0.0,0.0,0.0,0.0,0.0,0.0,0.0,0.0,4.1049,1275.15
2025-6-13,12:00,7095.3337,6033.5387,4549.3111,3689.1499,2102.3849,1097.6325,2.1804,0.0,0.0,0.0,0.0,0.0,0.0,0.0,0.0,0.0,3.3259,1275.15,2991.5625,4462.7625,6434.7,7331.3625,8666.2125,7429.2943
2025-6-13,18:00,2.2557,0.0,0.0,0.0,0.0,0.0,0.0,0.0,0.0,0.0,3.1319,964.5975,1902.6111,3661.2896,4560.3418,5257.0898,5033.5733,5717.9671,5934.1516,5360.9867,5243.8372,3837.5565,2369.2698,934.442
2025-6-14,0:00,0.0,0.0,0.0,0.0,3.4934,1204.4579,2450.3042,4236.6796,5876.3553,5918.2206,5333.6843,5224.4405,6054.2873,5305.3114,4782.5871,3589.5507,2065.8902,880.8814,3.1182,0.0,0.0,0.0,0.0,0.0
2025-6-14,6:00,2299.3582,4035.6381,5487.5721,6271.0743,6514.8348,6286.6176,6835.3471,5923.6214,4961.5534,3628.5516,2267.8678,943.4504,3.3756,0.0,0.0,0.0,0.0,0.0,0.0,0.0,0.0,0.0,3.9202,982.901
2025-6-14,12:00,6704.3201,5990.9953,5221.4658,3887.9028,2453.7204,1030.3433,3.573,0.0,0.0,0.0,0.0,0.0,0.0,0.0,0.0,0.0,4.5119,1275.15,2991.5625,4462.7625,6434.7,7291.2,8323.4633,7123.3556
2025-6-14,18:00,3.418,0.0,0.0,0.0,0.0,0.0,0.0,0.0,0.0,0.0,4.9591,1221.8651,2711.8302,3856.463,5015.4563,5308.5885,5828.0515,6587.7177,5962.8388,4951.5789,4717.3067,3779.4873,2619.9041,1265.8125
2025-6-15,0:00,0.0,0.0,0.0,0.0,4.7509,1119.9954,2556.3938,3896.7082,5471.8222,7035.9732,7380.2025,7867.9695,7451.8819,6053.4377,4433.3016,3606.8778,2547.3621,1004.0336,4.5788,0.0,0.0,0.0,0.0,0.0
2025-6-15,6:00,2620.3435,3765.6277,4807.6496,6153.3612,6365.6677,6705.6029,6450.4275,5669.649,4789.529,3974.797,2549.0391,1177.8681,5.2547,0.0,0.0,0.0,0.0,0.0,0.0,0.0,0.0,0.0,5.0236,1082.1472
2025-6-15,12:00,6321.7386,5574.6703,4794.5467,3903.2185,2487.2689,1204.1765,5.2219,0.0,0.0,0.0,0.0,0.0,0.0,0.0,0.0,0.0,4.2371,663.3318,1834.0827,3285.9531,3852.0938,5501.197,7116.3271,6127.795
2025-6-15,18:00,5.2863,0.0,0.0,0.0,0.0,0.0,0.0,0.0,0.0,0.0,4.5205,913.8448,2279.9644,3711.18,4448.3565,5045.9211,5829.7346,6018.8934,4329.5151,4574.4757,4046.9755,2658.4458,1344.1694,713.089
2025-6-16,0:00,0.0,0.0,0.0,0.0,4.5316,838.9824,2396.4294,3840.9077,5456.1652,6647.6216,8128.2993,6925.9099,6081.613,5185.7269,4549.4292,3444.4292,2447.6785,1118.2452,6.6198,0.0,0.0,0.0,0.0,0.0
2025-6-16,6:00,2322.1823,3783.0571,4787.7766,5804.28,6745.2849,6428.4343,5963.8632,5623.1015,4582.1784,3871.1007,2495.4882,1076.7487,5.6444,0.0,0.0,0.0,0.0,0.0,0.0,0.0,0.0,0.0,7.0311,1158.2618
2025-6-16,12:00,6142.2727,5748.1841,4716.7483,3724.8844,2617.883,1113.5231,6.1536,0.0,0.0,0.0,0.0,0.0,0.0,0.0,0.0,0.0,5.8957,1231.6411,2696.1826,3878.0914,5264.8132,5610.7311,5468.2675,5722.5211
2025-6-16,18:00,5.6332,0.0,0.0,0.0,0.0,0.0,0.0,0.0,0.0,0.0,4.9256,805.2501,1986.4876,3032.8376,4323.2287,5247.8725,6080.1048,5604.7653,3718.327,3584.0105,4086.6628,3104.4766,2377.2316,1124.2201
2025-6-17,0:00,0.0,0.0,0.0,0.0,5.3548,1048.7862,2559.986,3852.3256,6054.3556,7164.7152,6794.9932,6781.9349,5029.6795,4471.5937,4656.3556,3504.1363,2436.2005,934.3584,5.9953,0.0,0.0,0.0,0.0,0.0
2025-6-17,6:00,2475.7378,3481.1079,5311.7753,6113.3095,6677.8828,6377.0227,4692.2773,4432.1941,4412.8943,2789.8961,2129.5351,920.6952,6.1583,0.0,0.0,0.0,0.0,0.0,0.0,0.0,0.0,0.0,10.0125,1291.8
2025-6-17,12:00,5077.145,4885.7561,4819.5851,3088.4974,2358.4186,1023.1995,6.6839,0.0,0.0,0.0,0.0,0.0,0.0,0.0,0.0,0.0,8.2542,1000.5474,2233.6826,4239.0141,5139.6228,5278.3399,6801.628,4755.3695
2025-6-17,18:00,6.5024,0.0,0.0,0.0,0.0,0.0,0.0,0.0,0.0,0.0,7.5936,1028.9164,2267.2025,4293.3888,4771.6311,4568.8746,5190.5539,4484.8479,4283.7823,5710.0001,4798.1845,3384.7645,2104.8531,899.4918
2025-6-18,0:00,0.0,0.0,0.0,0.0,8.3496,1172.4097,2385.7803,4293.9699,5708.8757,6035.975,7084.2629,6042.4151,5346.4562,4811.2596,5224.6932,3585.0764,2173.0645,999.1803,7.9611,0.0,0.0,0.0,0.0,0.0
2025-6-18,6:00,2296.3893,4125.9255,5348.7627,5435.8351,6221.5941,5684.7112,4664.4228,4898.1458,4605.7829,3056.3798,1858.3469,1081.1188,7.0626,0.0,0.0,0.0,0.0,0.0,0.0,0.0,0.0,0.0,8.9357,1291.8
2025-6-18,12:00,5842.4506,5880.9051,5285.6183,3552.3037,2116.0195,1025.8022,6.4691,0.0,0.0,0.0,0.0,0.0,0.0,0.0,0.0,0.0,7.4827,1059.2567,2330.7823,2977.0708,3632.8725,5255.3527,6483.311,6426.516
2025-6-18,18:00,6.8812,0.0,0.0,0.0,0.0,0.0,0.0,0.0,0.0,0.0,7.0245,937.8461,2058.5,3067.7302,4027.1493,5465.2963,6630.5062,5444.4753,6455.8438,5387.8056,3557.9279,2297.6342,1955.1707,831.0868
2025-6-19,0:00,0.0,0.0,0.0,0.0,7.1697,1048.7737,2409.2238,3321.8172,4324.4784,5695.2217,6691.6323,6821.2851,7584.5622,6904.0304,6334.0308,3746.4768,2755.22,1302.6756,8.2387,0.0,0.0,0.0,0.0,0.0
2025-6-19,6:00,2599.8782,3933.6274,5008.1357,6568.9764,7940.2187,6954.8937,7698.3432,6523.0822,5367.6073,3285.7182,2698.2889,1253.8666,8.7375,0.0,0.0,0.0,0.0,0.0,0.0,0.0,0.0,0.0,8.3046,1170.0186
2025-6-19,12:00,7355.0178,5904.8981,4897.5568,3151.9928,2552.2119,1170.1867,8.0446,0.0,0.0,0.0,0.0,0.0,0.0,0.0,0.0,0.0,8.2169,1167.9725,2818.4121,4564.5214,5939.4654,6171.0545,5781.358,3281.1594
2025-6-19,18:00,7.5544,0.0,0.0,0.0,0.0,0.0,0.0,0.0,0.0,0.0,10.0125,1291.8,2991.5625,4571.1,5880.9897,7083.8538,6576.4718,6816.5588,5465.4206,6446.5726,4935.0885,3818.8361,2068.327,1347.2132
2025-6-20,0:00,0.0,0.0,0.0,0.0,8.0758,1105.0795,2422.2878,4404.2956,5197.8045,6131.2534,6749.0208,6243.3682,6070.7597,6346.3537,5509.0028,3616.2639,1891.2755,855.491,5.8218,0.0,0.0,0.0,0.0,0.0
2025-6-20,6:00,2507.1283,4290.0564,5191.9417,6257.9662,6918.3521,6187.0178,6407.3813,6019.6721,5573.1842,3943.1805,2222.5389,1040.6186,6.7547,0.0,0.0,0.0,0.0,0.0,0.0,0.0,0.0,0.0,7.5975,1212.5592
2025-6-20,12:00,6647.2281,6268.6515,5532.2233,3707.9115,2184.5045,1107.3112,6.5864,0.0,0.0,0.0,0.0,0.0,0.0,0.0,0.0,0.0,8.8305,1112.6194,2904.0942,3325.5985,3511.1901,5020.6129,4206.3693,4072.1989
2025-6-20,18:00,6.7344,0.0,0.0,0.0,0.0,0.0,0.0,0.0,0.0,0.0,8.217,1119.9493,2991.5625,4571.1,6411.6019,7725.7125,8446.5375,8474.4375,7544.8888,6024.8714,6566.6658,4182.0227,2909.4674,1357.125
2025-6-21,0:00,0.0,0.0,0.0,0.0,6.9655,859.4418,2532.6761,3933.3915,4518.8744,6743.1009,7468.5499,8161.2665,8099.5207,6021.0491,6225.5688,3539.8936,2502.9332,995.2963,7.3748,0.0,0.0,0.0,0.0,0.0
2025-6-21,6:00,2708.9555,3969.123,4741.4118,6527.066,7110.388,7400.1515,8049.7478,5773.9485,5404.4292,4006.4107,2604.2396,906.0394,7.0777,0.0,0.0,0.0,0.0,0.0,0.0,0.0,0.0,0.0,10.0125,1316.925
2025-6-21,12:00,7872.1791,5653.0395,5297.6268,3794.5428,2534.4207,972.5592,7.2096,0.0,0.0,0.0,0.0,0.0,0.0,0.0,0.0,0.0,9.8572,1132.5183,3042.4125,4439.9767,6137.9706,6838.6081,8446.5375,7878.3143
2025-6-21,18:00,7.6014,0.0,0.0,0.0,0.0,0.0,0.0,0.0,0.0,0.0,10.0125,1316.925,3042.4125,4995.4125,6434.7,7725.7125,8446.5375,7529.5297,5904.3003,4952.3082,3899.3253,3539.8416,2405.6423,1236.4148
2025-6-22,0:00,0.0,0.0,0.0,0.0,10.0125,1316.925,3042.4125,4331.8592,5854.656,6202.1876,6267.2469,6687.6415,7084.1728,6011.8971,5461.7119,4566.75,2935.2375,1321.1345,8.7375,0.0,0.0,0.0,0.0,0.0
2025-6-22,6:00,3006.0494,4362.3607,6077.2367,6952.9135,7281.6159,6515.6877,6342.4787,5267.3437,4293.1965,3931.9192,2495.2893,1080.0123,8.0982,0.0,0.0,0.0,0.0,0.0,0.0,0.0,0.0,0.0,4.3109,521.2943
2025-6-22,12:00,6703.5145,5423.2379,4616.6611,4102.1466,2636.6765,1139.9318,8.7375,0.0,0.0,0.0,0.0,0.0,0.0,0.0,0.0,0.0,7.6753,1015.2858,2723.8322,4326.2502,4737.4414,6569.516,7428.7031,6653.8072
2025-6-22,18:00,8.7375,0.0,0.0,0.0,0.0,0.0,0.0,0.0,0.0,0.0,7.007,992.152,2562.5625,4235.7241,4916.8837,6776.0159,6329.5516,5328.8676,5359.8666,4313.6755,4262.5284,3540.8348,2122.7786,718.2002
2025-6-23,0:00,0.0,0.0,0.0,0.0,8.1925,1026.1302,2321.2124,3989.729,4724.6959,6514.5261,7423.5407,8463.7016,7655.3718,5469.0344,5412.1627,4335.9279,2044.372,816.8065,6.1833,0.0,0.0,0.0,0.0,0.0
2025-6-23,6:00,2574.2743,4114.2071,5019.3875,6457.9276,7110.8376,7308.3054,6864.2807,4935.4157,5379.256,4096.5366,2066.7181,850.7427,6.3529,0.0,0.0,0.0,0.0,0.0,0.0,0.0,0.0,0.0,10.0125,1316.925
2025-6-23,12:00,6968.6767,5155.0574,5640.531,4116.6118,2334.2856,956.4142,6.8791,0.0,0.0,0.0,0.0,0.0,0.0,0.0,0.0,0.0,6.2268,1031.1587,2665.6938,4404.5684,5892.7384,6445.4164,7936.0041,8054.8309
2025-6-23,18:00,7.0873,0.0,0.0,0.0,0.0,0.0,0.0,0.0,0.0,0.0,7.3595,1035.4814,2500.1249,3571.5288,4966.906,5370.422,7249.9635,6514.7014,6612.2226,4997.1722,4164.7795,2594.1952,1543.7657,780.3943
2025-6-24,0:00,0.0,0.0,0.0,0.0,7.9157,1086.607,2511.6371,3452.2835,4729.0866,4853.9426,6229.7228,5642.5707,5751.9294,4783.8496,4126.5637,3009.6827,1938.3336,812.5553,5.416,0.0,0.0,0.0,0.0,0.0
2025-6-24,6:00,2345.7516,3166.8932,4227.1118,4802.0027,6234.3133,6126.0499,6985.822,5915.6999,4330.1332,2941.134,2169.6595,954.7844,6.38,0.0,0.0,0.0,0.0,0.0,0.0,0.0,0.0,0.0,9.2532,1316.925
2025-6-24,12:00,6457.5815,5604.1393,4402.0469,3288.3134,2014.4629,967.4587,5.6683,0.0,0.0,0.0,0.0,0.0,0.0,0.0,0.0,0.0,8.5006,1316.925,3049.1625,4876.9228,6090.7875,6993.2916,7432.1548,7944.2583
2025-6-24,18:00,6.3101,0.0,0.0,0.0,0.0,0.0,0.0,0.0,0.0,0.0,6.5415,1126.9535,2417.9664,4005.9697,4953.1313,4875.7367,5119.6815,6221.7813,5397.7906,4885.1054,3983.5272,2411.7333,800.7087,573.1782
2025-6-25,0:00,0.0,0.0,0.0,0.0,7.1203,1100.4605,2235.1604,3537.2236,4601.9824,5126.4126,5708.0567,6477.1029,7324.6385,6862.9115,5881.9113,4762.875,2935.2375,1213.1221,5.3778,0.0,0.0,0.0,0.0,0.0
2025-6-25,6:00,2351.7545,3985.7895,5103.7895,5395.3219,5115.6154,6298.1075,6632.8206,6068.5824,5084.1055,4415.5106,2675.8662,1224.693,6.7007,0.0,0.0,0.0,0.0,0.0,0.0,0.0,0.0,0.0,6.0238,1019.0896
2025-6-25,12:00,6569.4117,6023.8165,5073.7826,3952.1186,2489.9921,1114.1108,5.9788,0.0,0.0,0.0,0.0,0.0,0.0,0.0,0.0,0.0,7.3153,1146.5442,2559.4819,4082.1741,4323.0886,5386.6779,6193.7846,6285.2698
2025-6-25,18:00,6.3256,0.0,0.0,0.0,0.0,0.0,0.0,0.0,0.0,0.0,6.5847,1072.568,2187.9321,3142.5895,3930.0432,5861.061,7150.5065,8454.3288,7639.4167,7268.3322,5729.7296,4206.5687,2196.0093,1074.1768
2025-6-26,0:00,0.0,0.0,0.0,0.0,6.1348,939.8058,2092.7725,3405.5719,4300.8828,5530.0262,7131.2425,8211.3994,7841.0717,7415.3749,6531.6119,4611.8592,2126.2192,954.7908,4.8384,0.0,0.0,0.0,0.0,0.0
2025-6-26,6:00,2466.3061,3997.9666,4538.1482,5626.4726,6170.2928,6820.5944,6359.1417,6559.5215,5960.4808,4519.8945,2472.9789,1320.7941,6.175,0.0,0.0,0.0,0.0,0.0,0.0,0.0,0.0,0.0,6.2828,1316.925
2025-6-26,12:00,6617.7732,6487.5307,5744.1561,4527.8352,2278.8488,1154.5798,5.7345,0.0,0.0,0.0,0.0,0.0,0.0,0.0,0.0,0.0,4.2657,933.6392,2212.0751,3783.4788,4943.8879,6388.0912,7649.8786,7016.1494
2025-6-26,18:00,5.7529,0.0,0.0,0.0,0.0,0.0,0.0,0.0,0.0,0.0,5.3993,1110.0695,2791.6142,3997.5325,5359.0463,6417.9855,8055.0197,7086.325,6111.5346,5626.9812,4241.6832,3032.1976,1938.1498,802.9898
2025-6-27,0:00,0.0,0.0,0.0,0.0,4.3156,886.216,2069.4776,3236.6982,4751.3686,6484.0024,8958.3,8530.3307,6850.7351,5788.223,4712.9165,3066.6107,2105.5181,1014.2844,5.108,0.0,0.0,0.0,0.0,0.0
2025-6-27,6:00,2532.2806,3767.9432,5449.5626,6426.5757,8407.5773,7765.8807,6622.4814,5737.7964,5356.3095,3955.6104,2524.9417,1061.5133,4.8922,0.0,0.0,0.0,0.0,0.0,0.0,0.0,0.0,0.0,5.0546,1316.925
2025-6-27,12:00,7139.4701,6319.23,5571.6174,4314.9282,2655.9395,1032.8541,4.7972,0.0,0.0,0.0,0.0,0.0,0.0,0.0,0.0,0.0,3.8455,923.0835,1907.6547,2787.5021,3851.3758,6041.1062,7195.4902,9488.25
2025-6-27,18:00,4.9124,0.0,0.0,0.0,0.0,0.0,0.0,0.0,0.0,0.0,3.8601,1034.9475,2298.7244,3565.4967,4196.1584,6275.131,7820.4961,9036.5,7201.3841,5044.5961,4517.9568,3939.2699,2508.3635,1357.125
2025-6-28,0:00,0.0,0.0,0.0,0.0,4.2429,1173.109,2577.7845,3622.4033,4083.9964,6280.1294,7209.7771,8763.0695,7461.434,6155.2424,4911.6262,3719.5186,2154.9307,927.6577,2.8446,0.0,0.0,0.0,0.0,0.0
2025-6-28,6:00,2387.8619,3471.9649,4046.0129,5984.8327,7491.2092,8147.4703,7189.0822,5252.9158,4221.5171,3608.0589,2334.9499,1229.94,4.8283,0.0,0.0,0.0,0.0,0.0,0.0,0.0,0.0,0.0,2.5914,1290.1228
2025-6-28,12:00,7482.0533,5576.8427,4694.8782,3742.233,2268.7901,1063.4738,4.0118,0.0,0.0,0.0,0.0,0.0,0.0,0.0,0.0,0.0,2.6647,1050.9608,2333.4371,3686.3841,5204.3997,7312.9622,8158.3796,8267.1407
2025-6-28,18:00,4.3453,0.0,0.0,0.0,0.0,0.0,0.0,0.0,0.0,0.0,2.7514,1094.6725,2376.1086,3636.2651,4559.6454,6782.9868,8235.3901,6941.5356,6073.3052,6037.3907,4374.2819,3581.1987,2295.2125,1121.6166
2025-6-29,0:00,0.0,0.0,0.0,0.0,2.6006,973.4709,2135.665,3076.4814,4613.5709,6116.3681,7563.0169,7096.7205,7136.3318,8186.9625,6471.2985,4762.875,2833.0179,1345.2996,2.8585,0.0,0.0,0.0,0.0,0.0
2025-6-29,6:00,2431.4538,3632.0584,4876.2663,6209.4124,7837.1623,6882.1976,6391.8006,6838.9157,5379.3991,4096.3299,2172.0445,986.3999,2.7014,0.0,0.0,0.0,0.0,0.0,0.0,0.0,0.0,0.0,1.3271,1242.7548
2025-6-29,12:00,5909.1797,6426.0595,5171.1597,4111.4102,2442.185,1082.3176,2.824,0.0,0.0,0.0,0.0,0.0,0.0,0.0,0.0,0.0,0.8334,853.698,2115.312,3946.0184,6193.2898,7821.9375,8958.3,7721.3655
2025-6-29,18:00,2.7536,0.0,0.0,0.0,0.0,0.0,0.0,0.0,0.0,0.0,1.29,957.4316,2029.2059,4260.8864,5023.1273,5795.1836,7092.3215,5930.6937,5491.0003,5631.1299,4469.0408,3011.9191,1930.5944,1082.0202
2025-6-30,0:00,0.0,0.0,0.0,0.0,1.3188,990.1121,1952.3194,3565.0821,4862.5273,5804.2995,7570.6081,6636.219,6743.3452,5873.3845,5150.0254,3765.5852,2357.7614,1240.984,1.7515,0.0,0.0,0.0,0.0,0.0
2025-6-30,6:00,1865.8007,3607.8178,4772.2223,5765.8543,7215.285,7012.9093,6831.9561,6871.3649,5538.3783,3697.6294,1972.6731,1022.3043,1.1674,0.0,0.0,0.0,0.0,0.0,0.0,0.0,0.0,0.0,0.0539,666.9881
2025-6-30,12:00,6431.1418,6479.4896,5193.5435,3756.647,2251.2273,1093.5549,1.3192,0.0,0.0,0.0,0.0,0.0,0.0,0.0,0.0,0.0,0.0882,1308.7073,2900.4881,4808.6521,6226.3082,7399.2618,8958.3,8797.2982
2025-6-30,18:00,1.4119,0.0,0.0,0.0,0.0,0.0,0.0,0.0,0.0,0.0,0.074,1183.1,2633.7237,4098.5944,5827.3105,7440.2347,8210.5819,8493.2528,8849.3625,7262.9219,6252.314,4762.875,2935.2375,1357.125
2025-7-1,0:00,0.0,0.0,0.0,0.0,0.0783,1281.8689,2612.3201,3991.5105,5172.3933,5755.6498,7411.1021,8387.9307,8849.3625,6865.581,6674.5546,4762.875,2809.3084,1321.2205,0.0833,0.0,0.0,0.0,0.0,0.0
2025-7-1,6:00,2464.012,4008.3284,4692.1465,5949.8648,7469.0459,7605.6212,8078.6524,7407.0143,5888.3239,4592.0717,2641.1847,1208.8415,0.0621,0.0,0.0,0.0,0.0,0.0,0.0,0.0,0.0,0.0,0.0,1316.925
2025-7-1,12:00,7886.7063,6932.3868,5757.0971,4417.6195,2838.9153,1295.9873,0.0743,0.0,0.0,0.0,0.0,0.0,0.0,0.0,0.0,0.0,0.0,980.263,2507.1552,4604.3418,6573.7125,7850.775,8881.6803,7110.3711
2025-7-1,18:00,0.0735,0.0,0.0,0.0,0.0,0.0,0.0,0.0,0.0,0.0,0.0,1269.3318,2868.7893,4995.4125,6573.7125,7850.775,8958.3,8664.9098,7992.1593,7305.9802,6793.5375,4762.875,2935.2375,1357.125
2025-7-2,0:00,0.0,0.0,0.0,0.0,0.0,1198.1741,2708.9934,4434.2509,5607.7873,7079.4916,8696.5222,8346.0984,8849.3625,8186.9625,6793.5375,4015.4699,2652.1146,1142.2872,0.0,0.0,0.0,0.0,0.0,0.0
2025-7-2,6:00,2784.4201,4634.7966,5965.7096,7446.0144,8395.2288,7886.2573,7864.5911,7859.6975,6629.6924,4147.8453,2935.2375,1357.125,0.0,0.0,0.0,0.0,0.0,0.0,0.0,0.0,0.0,0.0,0.0,1316.925
2025-7-2,12:00,7856.5685,7799.9711,6793.5375,4192.7305,2935.2375,1345.8579,0.0,0.0,0.0,0.0,0.0,0.0,0.0,0.0,0.0,0.0,0.0,1316.925,3049.1625,4995.4125,6573.7125,7850.775,8370.1536,7438.8934
2025-7-2,18:00,0.0,0.0,0.0,0.0,0.0,0.0,0.0,0.0,0.0,0.0,0.0,1308.8054,2662.2633,3382.8854,5341.2259,5763.5512,7142.3907,7021.0288,8253.0693,6326.6471,6229.8383,3912.9579,2832.0782,1249.3147
2025-7-3,0:00,0.0,0.0,0.0,0.0,0.0,1161.1786,2600.7164,3247.2995,4986.6303,6520.9917,7616.3513,6798.3792,8671.911,6764.8282,5229.6468,4115.7959,2746.0911,1084.3868,0.0,0.0,0.0,0.0,0.0,0.0
2025-7-3,6:00,2625.3146,3391.0078,4979.3094,6109.0813,6799.8527,6888.8182,7394.7665,6145.2658,5550.1988,4231.8537,2505.3992,1271.5855,0.0,0.0,0.0,0.0,0.0,0.0,0.0,0.0,0.0,0.0,0.0,1252.2669
2025-7-3,12:00,7690.39,6598.9258,5524.0824,4409.6719,2725.1435,1172.3762,0.0,0.0,0.0,0.0,0.0,0.0,0.0,0.0,0.0,0.0,0.0,1316.925,2819.3645,4825.8704,5829.951,7322.2627,8958.3,9488.25
2025-7-3,18:00,0.0,0.0,0.0,0.0,0.0,0.0,0.0,0.0,0.0,0.0,0.0,1228.7781,2857.207,4101.9111,4454.3301,5235.0721,7301.5734,7591.224,7129.1804,6705.1861,6201.4599,4540.4896,2570.026,1309.7376
2025-7-4,0:00,0.0,0.0,0.0,0.0,0.0,1228.3186,2512.8466,4171.3751,4947.829,7300.7602,8572.1074,9232.1146,8849.3625,8058.8662,6107.7213,4762.875,2935.2375,1288.5144,0.0,0.0,0.0,0.0,0.0,0.0
2025-7-4,6:00,2684.0622,4159.22,5225.8236,6898.1341,8125.8547,8152.8075,7364.0126,5886.0958,5149.2605,3942.7511,2572.2215,1357.125,0.0,0.0,0.0,0.0,0.0,0.0,0.0,0.0,0.0,0.0,0.0,1112.2781
2025-7-4,12:00,7982.2956,6555.0754,5597.9106,4364.3001,2935.2375,1357.125,0.0,0.0,0.0,0.0,0.0,0.0,0.0,0.0,0.0,0.0,0.0,1122.3301,2305.3518,4125.4777,5154.0374,5085.6007,5291.4453,7792.9139
2025-7-4,18:00,0.0,0.0,0.0,0.0,0.0,0.0,0.0,0.0,0.0,0.0,0.0,975.0532,2170.182,4037.3931,6285.815,7850.775,8958.3,9294.8202,8849.3625,7401.4494,5458.2743,3935.9441,2571.3303,1210.0168
2025-7-5,0:00,0.0,0.0,0.0,0.0,0.0,1013.7854,2518.322,4199.5847,5461.0489,7850.775,8770.8236,9239.3683,8849.3625,8186.9625,6261.6835,4555.4045,2789.1048,1154.0923,0.0,0.0,0.0,0.0,0.0,0.0
2025-7-5,6:00,2560.5823,4285.3571,5897.9963,7712.8216,7913.2353,8295.4065,8554.0412,7010.7836,5391.4414,4452.4492,2834.4083,1357.125,0.0,0.0,0.0,0.0,0.0,0.0,0.0,0.0,0.0,0.0,0.0,1082.9679
2025-7-5,12:00,8694.4099,7522.1331,5714.0562,4331.9768,2714.0175,1326.9874,0.0,0.0,0.0,0.0,0.0,0.0,0.0,0.0,0.0,0.0,0.0,885.1573,2741.2073,3841.0344,4452.4291,6173.6024,6521.6272,3995.4733
2025-7-5,18:00,0.0,0.0,0.0,0.0,0.0,0.0,0.0,0.0,0.0,0.0,0.0,1185.0773,2839.7638,4787.7018,6094.0244,7691.5427,8010.009,8069.2746,6291.248,5536.1774,4053.0038,3398.8523,2175.1537,1035.3363
2025-7-6,0:00,0.0,0.0,0.0,0.0,0.0,1100.4697,2977.6636,4706.0159,6408.2564,7850.775,8958.3,9033.0316,7390.4327,5952.238,4979.9088,3944.3676,2743.9098,1357.125,0.0,0.0,0.0,0.0,0.0,0.0
2025-7-6,6:00,2793.2161,4232.3014,5290.1684,6199.1593,7417.6366,7584.2456,6936.7314,6253.3647,4859.9049,3679.2005,2270.5126,983.5046,0.0,0.0,0.0,0.0,0.0,0.0,0.0,0.0,0.0,0.0,0.0,1235.6705
2025-7-6,12:00,6841.4107,5955.6455,4947.3788,3572.7218,2116.2169,1116.1889,0.0,0.0,0.0,0.0,0.0,0.0,0.0,0.0,0.0,0.0,0.0,1121.703,2721.7817,4995.4125,6407.4151,7794.5058,8456.5119,8866.6285
2025-7-6,18:00,0.0,0.0,0.0,0.0,0.0,0.0,0.0,0.0,0.0,0.0,0.0,1316.925,3054.8625,4995.4125,6573.7125,7850.775,8451.2778,9488.25,8849.3625,8186.9625,6652.5324,5010.6,2935.2375,1357.125
2025-7-7,0:00,0.0,0.0,0.0,0.0,0.0,1281.046,2924.5437,4995.4125,6331.0671,7323.0118,7413.8342,8038.6373,7780.1116,6836.6335,5408.3244,4377.4768,2558.8973,1081.5686,0.0,0.0,0.0,0.0,0.0,0.0
2025-7-7,6:00,3054.8625,4995.4125,6318.5324,7462.0286,7632.768,8170.1493,7821.3835,7643.7955,6206.1601,4767.4327,2935.2375,1357.125,0.0,0.0,0.0,0.0,0.0,0.0,0.0,0.0,0.0,0.0,0.0,1275.4993
2025-7-7,12:00,7647.8053,7288.4184,5795.221,4079.0323,2408.269,1157.8134,0.0,0.0,0.0,0.0,0.0,0.0,0.0,0.0,0.0,0.0,0.0,842.9185,2009.8519,3094.7576,4555.3075,7770.4051,8958.3,9488.25
2025-7-7,18:00,0.0,0.0,0.0,0.0,0.0,0.0,0.0,0.0,0.0,0.0,0.0,889.4464,2471.6682,4200.4027,6573.7125,7850.775,8958.3,8600.8145,8256.449,7213.6505,5331.3346,4443.9888,2935.2375,1324.1135
2025-7-8,0:00,0.0,0.0,0.0,0.0,0.0,1050.5489,2605.5632,3883.889,5339.4624,6201.8965,7883.0292,8119.0734,7580.3547,6856.6043,5945.7922,3903.7644,2602.0364,1112.4614,0.0,0.0,0.0,0.0,0.0,0.0
2025-7-8,6:00,2412.6314,3960.6414,5650.8287,6960.2246,7892.209,9008.1538,8849.3625,7954.4115,5698.359,3962.3482,2777.8701,897.2532,0.0,0.0,0.0,0.0,0.0,0.0,0.0,0.0,0.0,0.0,0.0,485.8569
2025-7-8,12:00,8568.3125,7447.2228,5478.766,3476.8138,2432.8408,950.5802,0.0,0.0,0.0,0.0,0.0,0.0,0.0,0.0,0.0,0.0,0.0,1205.1015,2672.1683,3634.4975,5141.2508,6575.1322,5395.5132,5233.9953
2025-7-8,18:00,0.0,0.0,0.0,0.0,0.0,0.0,0.0,0.0,0.0,0.0,0.0,1070.2,2360.5998,4102.3024,6296.1803,7850.775,8945.3115,8831.1472,7807.8386,6240.2282,5418.7509,4110.2571,2190.539,945.7952
2025-7-9,0:00,0.0,0.0,0.0,0.0,0.0,1130.0107,2315.2168,3867.6546,5645.1143,7389.9539,7102.8659,7609.6147,7508.7542,6570.2264,4862.495,4566.3118,2825.0531,1326.584,0.0,0.0,0.0,0.0,0.0,0.0
2025-7-9,6:00,2516.8917,4039.3677,5881.546,7482.2112,7227.5529,7514.4124,7210.8025,6569.4234,5941.1327,4850.4692,2871.8757,1332.3417,0.0,0.0,0.0,0.0,0.0,0.0,0.0,0.0,0.0,0.0,0.0,1283.4964
2025-7-9,12:00,7815.9503,7062.5637,6112.7619,4674.1506,2620.0207,1080.1541,0.0,0.0,0.0,0.0,0.0,0.0,0.0,0.0,0.0,0.0,0.0,1161.1411,2803.9221,2859.4348,3463.5779,5402.0436,6735.7883,4822.651
2025-7-9,18:00,0.0,0.0,0.0,0.0,0.0,0.0,0.0,0.0,0.0,0.0,0.0,1210.5694,3054.8625,4764.0685,4678.7453,6457.8984,8778.7666,7496.9509,6744.3481,6980.0683,5668.99,3845.0192,2699.9791,1338.5903
2025-7-10,0:00,0.0,0.0,0.0,0.0,0.0,1236.3279,3054.8625,4561.6493,5832.6926,7850.775,8958.3,8880.2905,8212.4724,7292.3929,5547.9485,4255.6451,2643.961,1304.4878,0.0,0.0,0.0,0.0,0.0,0.0
2025-7-10,6:00,2976.2805,4065.5113,5262.9016,7185.8702,8958.3,9488.25,8849.3625,7311.3705,5698.8341,4035.5334,2266.3906,920.8061,0.0,0.0,0.0,0.0,0.0,0.0,0.0,0.0,0.0,0.0,0.0,649.8215
2025-7-10,12:00,8337.52,7260.7543,5915.3695,4223.0734,2631.5594,1197.1093,0.0,0.0,0.0,0.0,0.0,0.0,0.0,0.0,0.0,0.0,0.0,1024.8125,2339.2345,4401.286,4789.2074,4802.3741,5207.3365,4282.2851
2025-7-10,18:00,0.0,0.0,0.0,0.0,0.0,0.0,0.0,0.0,0.0,0.0,0.0,953.704,2278.2939,4154.7204,5252.4054,7032.6998,7672.1215,6604.6012,6008.6077,6520.3181,4221.7188,3359.1932,2226.4568,918.3507
2025-7-11,0:00,0.0,0.0,0.0,0.0,0.0,1004.9647,2323.9862,3870.7592,5045.9727,6498.2126,7216.2212,7175.2006,7139.3127,7652.2968,6189.4391,3742.3551,2447.284,954.1453,0.0,0.0,0.0,0.0,0.0,0.0
2025-7-11,6:00,2398.0611,4289.2193,5096.5969,6567.3325,7464.188,7076.6996,6686.054,7280.5199,6099.4013,4120.6877,2687.019,1019.6495,0.0,0.0,0.0,0.0,0.0,0.0,0.0,0.0,0.0,0.0,0.0,1316.925
2025-7-11,12:00,6883.8714,7381.7992,6212.2828,4545.8917,2856.0327,1177.2531,0.0,0.0,0.0,0.0,0.0,0.0,0.0,0.0,0.0,0.0,0.0,931.202,1987.4357,2684.9213,3527.868,5644.616,6204.057,6736.0759
2025-7-11,18:00,0.0,0.0,0.0,0.0,0.0,0.0,0.0,0.0,0.0,0.0,0.0,1144.2186,2678.8518,4124.4049,5956.6686,7676.8952,8054.4586,7523.9039,7194.7216,4819.3842,3481.0459,2968.4696,1936.3149,862.4051
2025-7-12,0:00,0.0,0.0,0.0,0.0,0.0,1112.8943,2565.4466,4499.1418,5856.1369,7639.2906,8471.7676,9488.25,8849.3625,8045.771,6335.8807,4380.9003,2845.1174,1142.5467,0.0,0.0,0.0,0.0,0.0,0.0
2025-7-12,6:00,2595.3892,4211.6843,5367.2665,6613.8292,6884.124,7818.1156,8369.444,7091.817,5442.216,4111.6919,2363.9909,1077.7098,0.0,0.0,0.0,0.0,0.0,0.0,0.0,0.0,0.0,0.0,0.0,1306.1875
2025-7-12,12:00,8168.5508,6662.1537,5253.363,3768.9747,2419.0533,1113.0487,0.0,0.0,0.0,0.0,0.0,0.0,0.0,0.0,0.0,0.0,0.0,1316.925,2811.7567,4074.5373,5323.5346,6407.7763,7339.9209,8169.0825
2025-7-12,18:00,0.0,0.0,0.0,0.0,0.0,0.0,0.0,0.0,0.0,0.0,0.0,942.6364,1905.6572,3610.1619,5069.5901,6793.2961,7955.6709,9488.25,8849.3625,8186.9625,6793.5375,5010.6,2935.2375,1357.125
2025-7-13,0:00,0.0,0.0,0.0,0.0,0.0,1153.8584,2239.1595,3870.2208,5613.1842,7512.4991,8284.7239,9488.25,8758.1311,7037.905,4677.588,3184.8933,1698.35,794.4667,0.0,0.0,0.0,0.0,0.0,0.0
2025-7-13,6:00,2548.6157,4250.973,5797.5291,7390.1035,8058.8698,9399.0572,8849.3625,8186.9625,5994.5976,4266.9954,2781.6377,1042.1837,0.0,0.0,0.0,0.0,0.0,0.0,0.0,0.0,0.0,0.0,0.0,971.2634
2025-7-13,12:00,8835.4245,8186.9625,6141.008,4706.3286,2935.2375,1235.211,0.0,0.0,0.0,0.0,0.0,0.0,0.0,0.0,0.0,0.0,0.0,1116.8668,2859.58,4876.237,5336.0616,5327.4417,5211.7198,5320.9207
2025-7-13,18:00,0.0,0.0,0.0,0.0,0.0,0.0,0.0,0.0,0.0,0.0,0.0,1040.2417,2449.9998,3254.0395,4992.5539,6048.8416,6153.2468,5799.0857,6901.6369,6006.0908,6511.9289,5010.6,2935.2375,1357.125
2025-7-14,0:00,0.0,0.0,0.0,0.0,0.0,1239.4894,2926.738,4429.5467,5989.4046,6849.6108,7297.6945,8045.8549,7529.5113,7705.6551,6793.5375,5010.6,2935.2375,1231.2798,0.0,0.0,0.0,0.0,0.0,0.0
2025-7-14,6:00,2893.8832,4440.3406,6219.3339,7413.2931,8148.917,8802.5464,8440.4415,6869.9321,6453.1736,4718.641,2935.2375,1268.6255,0.0,0.0,0.0,0.0,0.0,0.0,0.0,0.0,0.0,0.0,0.0,905.1175
2025-7-14,12:00,8236.0794,7012.9513,6624.1473,4400.446,2808.854,1031.4073,0.0,0.0,0.0,0.0,0.0,0.0,0.0,0.0,0.0,0.0,0.0,1157.3434,2711.4609,4995.4125,6573.7125,7850.775,8867.6136,8228.6637
2025-7-14,18:00,0.0,0.0,0.0,0.0,0.0,0.0,0.0,0.0,0.0,0.0,0.0,1019.6162,2458.5438,4872.9139,5811.3935,6769.5807,6606.361,5650.282,5723.6903,6397.1267,6363.5489,4671.2359,2935.2375,1226.9023
2025-7-15,0:00,0.0,0.0,0.0,0.0,0.0,1101.4277,2655.3923,4636.2056,6232.8837,7449.8454,7433.7488,6956.3153,7106.5886,7220.0015,5877.4667,4253.7391,2670.3903,1232.2961,0.0,0.0,0.0,0.0,0.0,0.0
2025-7-15,6:00,2665.8442,4777.1805,6534.5762,7850.775,8606.4503,7610.8448,7900.0237,7828.9161,6527.3038,4360.3874,2620.6754,1076.9994,0.0,0.0,0.0,0.0,0.0,0.0,0.0,0.0,0.0,0.0,0.0,1055.5742
2025-7-15,12:00,7431.5193,7238.3497,6559.6678,4851.8781,2860.0416,1147.8412,0.0,0.0,0.0,0.0,0.0,0.0,0.0,0.0,0.0,0.0,0.0,1286.8118,3054.8625,4714.3447,5986.067,7519.4417,7712.0801,7718.5235
2025-7-15,18:00,0.0,0.0,0.0,0.0,0.0,0.0,0.0,0.0,0.0,0.0,0.0,1007.3793,2847.77,4446.5463,6194.736,7850.775,8842.4717,8328.2616,7889.28,8186.9625,6793.5375,5010.6,2935.2375,1357.125
2025-7-16,0:00,0.0,0.0,0.0,0.0,0.0,975.7024,2547.0172,3940.1127,5739.8693,7353.0338,8549.3741,9049.6966,8849.3625,8186.9625,5943.7333,3887.1426,2187.4133,736.4884,0.0,0.0,0.0,0.0,0.0,0.0
2025-7-16,6:00,2765.0834,4465.455,6468.4827,7850.775,8529.7761,8791.7927,8334.3911,8040.8789,6185.4281,4450.4943,2809.7304,1079.1919,0.0,0.0,0.0,0.0,0.0,0.0,0.0,0.0,0.0,0.0,0.0,1316.925
2025-7-16,12:00,7525.3836,7487.1686,5656.9292,4168.1501,2741.6775,1123.205,0.0,0.0,0.0,0.0,0.0,0.0,0.0,0.0,0.0,0.0,0.0,1156.2381,2703.9775,4062.8569,5181.2429,6290.7133,7478.3443,5893.8891
2025-7-16,18:00,0.0,0.0,0.0,0.0,0.0,0.0,0.0,0.0,0.0,0.0,0.0,1153.3664,2174.8112,4181.5409,4516.8097,5956.7799,8153.9096,8635.5539,6969.5683,7159.1569,6149.0799,3982.5816,2158.5816,955.5458
2025-7-17,0:00,0.0,0.0,0.0,0.0,0.0,1196.6125,2655.4677,4442.8364,5287.3529,6588.8283,8541.0204,8957.2301,8360.6039,8186.9625,6793.5375,4849.3226,2830.724,1133.8644,0.0,0.0,0.0,0.0,0.0,0.0
2025-7-17,6:00,2640.3681,4504.5789,5497.8011,7254.255,8847.6985,8242.6762,7787.7717,7160.5721,5603.0715,4366.5988,2529.4812,1028.9605,0.0,0.0,0.0,0.0,0.0,0.0,0.0,0.0,0.0,0.0,0.0,1147.7744
2025-7-17,12:00,8216.3189,7371.043,5838.2268,4392.3649,2377.6586,972.4059,0.0,0.0,0.0,0.0,0.0,0.0,0.0,0.0,0.0,0.0,0.0,1316.925,3054.8625,4002.0045,4661.0304,5550.3913,6365.1492,5433.5432
2025-7-17,18:00,0.0,0.0,0.0,0.0,0.0,0.0,0.0,0.0,0.0,0.0,0.0,1312.6257,2989.2287,3841.8361,4580.7949,5293.3386,6381.0851,5467.1206,7152.4317,6583.6789,4631.9349,4001.6624,2826.3536,990.9294
2025-7-18,0:00,0.0,0.0,0.0,0.0,0.0,1141.6408,2718.6475,4210.7682,5597.743,6659.8403,8032.2568,6735.1724,7426.1092,5696.3447,4108.1561,3116.556,2757.7529,1033.3783,0.0,0.0,0.0,0.0,0.0,0.0
2025-7-18,6:00,2699.661,4018.0696,4982.666,6110.9074,7602.8224,6874.0825,7702.9853,7033.3115,4849.5551,3862.0157,2710.9979,1079.0596,0.0,0.0,0.0,0.0,0.0,0.0,0.0,0.0,0.0,0.0,0.0,965.7092
2025-7-18,12:00,8268.6423,7648.6561,5723.3179,4627.6287,2861.625,1085.541,0.0,0.0,0.0,0.0,0.0,0.0,0.0,0.0,0.0,0.0,0.0,1316.925,3054.8625,4995.4125,7004.6807,6582.9167,7335.3488,8111.2401
2025-7-18,18:00,0.0,0.0,0.0,0.0,0.0,0.0,0.0,0.0,0.0,0.0,0.0,999.0667,2861.7514,4305.0548,5746.6602,6918.2839,8451.3307,7917.0015,7066.2216,6757.5066,5356.28,3771.3078,2426.0989,1079.5681
2025-7-19,0:00,0.0,0.0,0.0,0.0,0.0,1219.5088,3054.8625,4828.1926,5983.5739,7160.3452,7943.0754,8033.9633,6418.8315,6097.5597,4346.0231,3101.2955,1975.32,1036.6169,0.0,0.0,0.0,0.0,0.0,0.0
2025-7-19,6:00,3054.8625,4609.1077,5893.9189,7157.5057,8767.1767,9488.25,9785.3625,8556.3825,6781.335,4516.0705,2700.9749,1007.2885,0.0,0.0,0.0,0.0,0.0,0.0,0.0,0.0,0.0,0.0,0.0,1316.925
2025-7-19,12:00,8481.6822,7481.2875,5881.9776,4177.2635,2380.759,916.5288,0.0,0.0,0.0,0.0,0.0,0.0,0.0,0.0,0.0,0.0,0.0,1137.8581,3054.8625,4995.4125,7148.0625,8281.2,8958.3,9488.25
2025-7-19,18:00,0.0,0.0,0.0,0.0,0.0,0.0,0.0,0.0,0.0,0.0,0.0,867.1607,2173.8822,3939.6197,6023.5616,6282.4802,8215.2829,7959.9339,8852.5231,8192.2617,6653.4291,5010.6,3138.9375,1264.9125
2025-7-20,0:00,0.0,0.0,0.0,0.0,0.0,990.0634,2620.5684,4417.8634,6322.1852,6550.205,7986.8023,6604.1495,6786.7312,6530.0522,6226.5395,4740.3219,2987.9447,1264.9125,0.0,0.0,0.0,0.0,0.0,0.0
2025-7-20,6:00,2556.6108,4468.5122,6127.8024,6491.7206,7949.2686,7153.191,7583.7572,7253.5266,5321.9614,4698.8358,2821.0162,1133.9584,0.0,0.0,0.0,0.0,0.0,0.0,0.0,0.0,0.0,0.0,0.0,1316.925
2025-7-20,12:00,8090.3726,7687.8309,5649.2014,4656.5053,2649.4966,1058.941,0.0,0.0,0.0,0.0,0.0,0.0,0.0,0.0,0.0,0.0,0.0,937.4395,2940.9028,4904.424,5523.2559,6816.1049,8958.3,8194.1266
2025-7-20,18:00,0.0,0.0,0.0,0.0,0.0,0.0,0.0,0.0,0.0,0.0,0.0,953.4462,2767.5539,3769.5048,5567.983,7116.3491,7943.9881,8427.7754,9399.7783,8637.975,6947.8429,4333.9644,2193.0142,927.7989
2025-7-21,0:00,0.0,0.0,0.0,0.0,0.0,1090.3104,2745.159,4092.3989,5514.6164,7313.1841,8040.4252,7326.3987,7228.8126,7576.365,5495.1018,3563.2079,2395.5858,1109.0887,0.0,0.0,0.0,0.0,0.0,0.0
2025-7-21,6:00,2647.3924,4101.2115,5616.7331,7181.177,8653.184,7738.9246,7882.6222,8207.8071,6325.2298,4028.1861,2700.4179,1095.2676,0.0,0.0,0.0,0.0,0.0,0.0,0.0,0.0,0.0,0.0,0.0,1008.343
2025-7-21,12:00,7318.3217,7206.1823,5679.3693,3701.0115,2349.724,939.1049,0.0,0.0,0.0,0.0,0.0,0.0,0.0,0.0,0.0,0.0,0.0,1120.3244,2674.4962,4340.3303,5699.5715,5988.9944,6864.6772,7794.986
2025-7-21,18:00,0.0,0.0,0.0,0.0,0.0,0.0,0.0,0.0,0.0,0.0,0.0,1124.446,3054.8625,4995.4125,7148.0625,8103.66,8300.8063,9488.25,9511.1767,7201.4315,5899.3075,5010.6,2971.4431,1128.902
2025-7-22,0:00,0.0,0.0,0.0,0.0,0.0,1017.193,2841.7992,4934.7704,6565.4417,6671.864,7196.4084,9488.25,8113.0763,6274.1212,5754.3266,5010.6,2699.3063,921.7872,0.0,0.0,0.0,0.0,0.0,0.0
2025-7-22,6:00,2629.4982,4656.8557,6147.935,6596.842,6413.3994,7482.5561,5880.545,4785.6809,4681.4121,4501.2526,2270.4797,1029.4299,0.0,0.0,0.0,0.0,0.0,0.0,0.0,0.0,0.0,0.0,0.0,794.4419
2025-7-22,12:00,7648.375,6261.2826,5756.3816,4852.8504,2642.2487,1070.4371,0.0,0.0,0.0,0.0,0.0,0.0,0.0,0.0,0.0,0.0,0.0,922.4589,2107.1523,4398.8695,6010.2172,8281.2,8958.3,9612.8625
2025-7-22,18:00,0.0,0.0,0.0,0.0,0.0,0.0,0.0,0.0,0.0,0.0,0.0,845.8458,2094.2973,4366.4512,6344.3449,8281.2,8958.3,9612.8625,9785.3625,7982.057,4637.9714,3527.5892,2095.9967,957.9117
2025-7-23,0:00,0.0,0.0,0.0,0.0,0.0,933.0874,2138.2138,3789.621,5031.1838,6700.5572,6782.3938,7543.3112,7710.9652,6371.5578,4302.0353,3041.4375,2192.7785,1034.1719,0.0,0.0,0.0,0.0,0.0,0.0
2025-7-23,6:00,2309.7174,4362.6696,6134.0378,7914.8268,8055.8291,8505.9813,8491.7383,7096.9102,5736.4023,4042.5832,2492.7247,1056.0562,0.0,0.0,0.0,0.0,0.0,0.0,0.0,0.0,0.0,0.0,0.0,1231.0125
2025-7-23,12:00,8728.3817,7168.683,5601.6466,3774.0479,2476.0884,919.4446,0.0,0.0,0.0,0.0,0.0,0.0,0.0,0.0,0.0,0.0,0.0,1129.8546,2962.2415,4796.2125,6099.8298,7122.705,7088.2208,7477.9319
2025-7-23,18:00,0.0,0.0,0.0,0.0,0.0,0.0,0.0,0.0,0.0,0.0,0.0,1017.9473,2456.1682,4348.1814,6476.9513,7139.7917,7448.376,7835.4752,4808.5394,3762.4969,3936.6189,2578.6546,1574.4861,1003.0024
2025-7-24,0:00,0.0,0.0,0.0,0.0,0.0,1038.7181,2574.9511,4356.8374,5979.8137,6560.2442,7405.6454,7672.5917,6118.3264,5498.9621,4768.4937,3281.4134,2062.0023,943.4997,0.0,0.0,0.0,0.0,0.0,0.0
2025-7-24,6:00,2850.516,4751.3477,6323.5905,7489.9581,7844.2628,8599.2136,7222.6153,6422.0606,5409.597,3477.5188,2110.1824,1064.7757,0.0,0.0,0.0,0.0,0.0,0.0,0.0,0.0,0.0,0.0,0.0,928.8023
2025-7-24,12:00,7002.285,6543.8837,5336.4476,3807.0319,2348.8503,1101.4781,0.0,0.0,0.0,0.0,0.0,0.0,0.0,0.0,0.0,0.0,0.0,1102.7861,2674.7417,4270.6055,5674.7869,6472.3641,7683.9841,8477.9333
2025-7-24,18:00,0.0,0.0,0.0,0.0,0.0,0.0,0.0,0.0,0.0,0.0,0.0,1231.0125,3054.8625,4725.658,7148.0625,8292.8283,9059.0625,9612.8625,9785.3625,8082.2622,6576.2362,4398.9103,2285.8715,652.4228
2025-7-25,0:00,0.0,0.0,0.0,0.0,0.0,1136.2788,2952.3193,4332.0309,6540.9335,7204.355,8562.5824,8375.8037,8431.2378,7315.3214,5753.3818,4022.687,2804.7794,923.4705,0.0,0.0,0.0,0.0,0.0,0.0
2025-7-25,6:00,2822.0852,4189.3852,6288.6743,6973.1721,7709.6807,7682.9058,7232.3805,5808.0629,5216.4191,4442.5032,2643.2996,872.223,0.0,0.0,0.0,0.0,0.0,0.0,0.0,0.0,0.0,0.0,0.0,945.954
2025-7-25,12:00,8172.3223,7000.3369,6041.9992,4498.4427,2826.2138,854.4627,0.0,0.0,0.0,0.0,0.0,0.0,0.0,0.0,0.0,0.0,0.0,726.6266,2279.1149,3531.1372,4376.0746,5300.5469,5694.1565,5585.7844
2025-7-25,18:00,0.0,0.0,0.0,0.0,0.0,0.0,0.0,0.0,0.0,0.0,0.0,837.2809,2986.7483,4796.2125,5927.0799,7241.4385,7859.4391,8111.9783,7993.3895,6816.1294,5712.3523,4660.4616,2382.9666,917.0207
2025-7-26,0:00,0.0,0.0,0.0,0.0,0.0,901.0346,2659.3708,4340.2316,5207.1641,7212.0267,7314.9076,7385.069,6865.6513,6637.8157,5010.006,4519.0006,2974.8359,1144.4467,0.0,0.0,0.0,0.0,0.0,0.0
2025-7-26,6:00,2670.6362,4293.8577,5598.1242,7482.4939,7307.242,7699.7396,7427.5239,6846.9593,5635.3037,4458.7815,2625.6906,1000.4682,0.0,0.0,0.0,0.0,0.0,0.0,0.0,0.0,0.0,0.0,0.0,602.4537
2025-7-26,12:00,7673.4093,7068.2185,5522.0437,4553.687,2787.7319,966.1581,0.0,0.0,0.0,0.0,0.0,0.0,0.0,0.0,0.0,0.0,0.0,831.5297,1948.1941,3478.4983,4020.6373,4810.6117,4722.8854,4931.5221
2025-7-26,18:00,0.0,0.0,0.0,0.0,0.0,0.0,0.0,0.0,0.0,0.0,0.0,1089.7286,2755.2364,4464.4321,6244.9568,8312.2098,8375.2831,9612.8625,8535.9537,7451.3669,7191.225,5010.6,3138.9375,1162.95
2025-7-27,0:00,0.0,0.0,0.0,0.0,0.0,838.1091,2146.289,3320.1022,4834.7821,6687.2979,7485.2538,8276.3426,7859.8494,7649.213,6862.6548,5010.6,3138.9375,1162.95,0.0,0.0,0.0,0.0,0.0,0.0
2025-7-27,6:00,2334.4194,3735.5774,5119.5493,7050.742,8066.9718,8994.9406,7966.1259,7161.7162,6454.5044,4575.8227,2625.5317,1020.4338,0.0,0.0,0.0,0.0,0.0,0.0,0.0,0.0,0.0,0.0,0.0,831.7285
2025-7-27,12:00,7675.2182,7027.3611,6002.2269,4423.39,2766.0458,1000.3213,0.0,0.0,0.0,0.0,0.0,0.0,0.0,0.0,0.0,0.0,0.0,1231.0125,3054.8625,4557.1192,5272.4251,5764.4283,6772.6352,5057.6858
2025-7-27,18:00,0.0,0.0,0.0,0.0,0.0,0.0,0.0,0.0,0.0,0.0,0.0,926.4304,2210.7735,3810.1478,5108.7472,7681.3171,8457.941,8505.8735,7431.3356,7304.603,5725.9229,4218.0946,2497.6815,1077.4779
2025-7-28,0:00,0.0,0.0,0.0,0.0,0.0,987.6088,2580.4807,3975.2413,5372.5279,7260.628,8144.3128,7424.7008,6820.2245,6523.7483,5256.8957,4179.3552,2726.2833,1162.95,0.0,0.0,0.0,0.0,0.0,0.0
2025-7-28,6:00,2586.2281,3910.481,5225.7151,6782.0325,7846.5555,7357.5164,6945.25,6937.6954,5538.802,3532.2435,2121.3431,769.0011,0.0,0.0,0.0,0.0,0.0,0.0,0.0,0.0,0.0,0.0,0.0,1005.8777
2025-7-28,12:00,6916.9566,6969.1867,5428.2262,3917.5641,2364.3379,941.4512,0.0,0.0,0.0,0.0,0.0,0.0,0.0,0.0,0.0,0.0,0.0,1231.0125,2658.1676,4777.5733,6002.487,7042.4124,6619.7676,8075.5959
2025-7-28,18:00,0.0,0.0,0.0,0.0,0.0,0.0,0.0,0.0,0.0,0.0,0.0,929.4597,1801.138,3789.6835,4639.8532,5725.0209,4659.9142,5863.0247,5145.2429,5271.0082,4014.6119,3586.5884,2130.0243,872.8358
2025-7-29,0:00,0.0,0.0,0.0,0.0,0.0,1151.9984,2594.1323,4475.6935,5827.1458,7048.1541,7096.9614,8075.7354,8209.4147,7721.2989,5783.8191,4116.8963,2432.3037,1055.4385,0.0,0.0,0.0,0.0,0.0,0.0
2025-7-29,6:00,2435.4217,4108.0266,5493.6379,6030.6823,5735.026,7084.8742,7453.1789,6837.0563,5892.8235,4606.0474,2702.4102,1095.4078,0.0,0.0,0.0,0.0,0.0,0.0,0.0,0.0,0.0,0.0,0.0,794.5016
2025-7-29,12:00,7492.894,6933.0207,5738.0481,4181.6836,2311.6652,910.2671,0.0,0.0,0.0,0.0,0.0,0.0,0.0,0.0,0.0,0.0,0.0,760.2373,1994.2235,4148.8857,6496.5785,8263.6882,8956.163,9612.8625
2025-7-29,18:00,0.0,0.0,0.0,0.0,0.0,0.0,0.0,0.0,0.0,0.0,0.0,966.8573,2558.9477,3994.2636,5686.876,7787.1233,8650.518,9612.8625,9785.3625,7830.5112,5479.933,3612.6196,2409.59,910.077
2025-7-30,0:00,0.0,0.0,0.0,0.0,0.0,979.3511,2682.4398,4119.2211,5539.4598,7562.1596,7933.9022,9290.3073,9757.4487,8954.8125,7191.225,4458.6684,2864.5011,1136.6077,0.0,0.0,0.0,0.0,0.0,0.0
2025-7-30,6:00,2384.3893,3780.4919,5230.9664,6683.8851,6987.9038,8467.1696,8449.0177,7470.5265,5739.0085,3857.1721,2571.8557,853.7691,0.0,0.0,0.0,0.0,0.0,0.0,0.0,0.0,0.0,0.0,0.0,902.4244
2025-7-30,12:00,8093.0659,7174.6888,5311.9888,3813.2323,2641.0981,980.4445,0.0,0.0,0.0,0.0,0.0,0.0,0.0,0.0,0.0,0.0,0.0,1218.1875,3054.8625,4742.0899,6383.2028,7602.6098,8822.1156,7239.5235
2025-7-30,18:00,0.0,0.0,0.0,0.0,0.0,0.0,0.0,0.0,0.0,0.0,0.0,1071.9647,2880.2493,4171.0109,5848.1934,6303.2168,6338.7593,6820.1726,5781.3661,4115.5453,4519.9795,3550.6547,1884.2685,892.9929
2025-7-31,0:00,0.0,0.0,0.0,0.0,0.0,1040.3685,3054.8625,4117.8794,5919.3178,6814.8346,7982.7477,8359.9491,8393.9048,6756.1251,6622.8385,5089.6125,2802.455,1013.3758,0.0,0.0,0.0,0.0,0.0,0.0
2025-7-31,6:00,2814.9206,3764.9862,5630.9703,6614.7043,7994.1957,7826.996,7539.2233,6701.1248,6031.6543,4744.4873,2672.3152,995.1066,0.0,0.0,0.0,0.0,0.0,0.0,0.0,0.0,0.0,0.0,0.0,1218.1875
2025-7-31,12:00,7349.4573,6579.8615,5739.2505,4428.6133,2473.3085,975.4477,0.0,0.0,0.0,0.0,0.0,0.0,0.0,0.0,0.0,0.0,0.0,1218.1875,3054.8625,5050.05,7292.1,8376.0,9358.8375,9599.9963
2025-7-31,18:00,0.0,0.0,0.0,0.0,0.0,0.0,0.0,0.0,0.0,0.0,0.0,1218.1875,3054.8625,4688.8496,6432.2588,7905.4038,9358.8375,9708.2625,9785.3625,8954.8125,6688.4529,3383.9833,1643.6189,240.447
2025-8-1,0:00,0.0,0.0,0.0,0.0,0.0,1217.2879,2982.6738,4661.4147,6792.4877,7782.5117,8589.4639,8006.5408,8267.5793,6892.4727,5542.7391,4053.5333,2305.6071,997.3558,0.0,0.0,0.0,0.0,0.0,0.0
2025-8-1,6:00,2972.4481,4523.742,6738.6333,7833.8435,9198.1753,9012.366,9785.3625,8871.0515,6812.9717,4739.9249,2803.7414,995.3374,0.0,0.0,0.0,0.0,0.0,0.0,0.0,0.0,0.0,0.0,0.0,991.7894
2025-8-1,12:00,9070.6785,7791.5965,6229.8801,4785.1919,2877.7144,1048.4932,0.0,0.0,0.0,0.0,0.0,0.0,0.0,0.0,0.0,0.0,0.0,1200.5835,3016.2237,4933.6986,5954.1433,8160.897,6428.5745,8783.1381
2025-8-1,18:00,0.0,0.0,0.0,0.0,0.0,0.0,0.0,0.0,0.0,0.0,0.0,1032.9319,2941.7259,4869.6429,7292.1,8376.0,9542.025,8965.6217,8896.8617,7710.9485,6773.8858,4669.6336,3138.9375,1017.8032
2025-8-2,0:00,0.0,0.0,0.0,0.0,0.0,1060.6624,2764.4621,4298.5166,6244.6674,7079.9094,7461.8845,7279.9513,6630.1016,5329.568,4922.5471,3598.0019,2513.1127,989.92,0.0,0.0,0.0,0.0,0.0,0.0
2025-8-2,6:00,2774.1859,4322.3937,6481.8716,7838.3328,8559.6954,8420.5164,8440.8694,8181.643,6501.6385,4339.7903,2871.7113,1001.6542,0.0,0.0,0.0,0.0,0.0,0.0,0.0,0.0,0.0,0.0,0.0,1218.1875
2025-8-2,12:00,8820.5947,8406.8224,6640.6499,4233.611,2669.9835,951.8922,0.0,0.0,0.0,0.0,0.0,0.0,0.0,0.0,0.0,0.0,0.0,902.1175,2117.0989,4438.0445,7292.1,7736.9531,9542.025,9708.2625
2025-8-2,18:00,0.0,0.0,0.0,0.0,0.0,0.0,0.0,0.0,0.0,0.0,0.0,1021.7806,2623.7206,4411.7388,7205.0741,8376.0,8498.7903,8908.5392,9493.2925,7012.0157,6379.8698,5089.6125,3138.9375,1095.2625
2025-8-3,0:00,0.0,0.0,0.0,0.0,0.0,1089.2469,2834.7434,4820.4869,7117.7806,8314.2467,8682.3623,9612.8548,9785.3625,8954.8125,7191.225,5089.6125,3138.9375,1095.2625,0.0,0.0,0.0,0.0,0.0,0.0
2025-8-3,6:00,2858.948,4714.8236,7292.1,8376.0,8700.8457,8983.577,9770.8225,8149.1153,6385.3017,4375.2351,2906.8606,1024.1955,0.0,0.0,0.0,0.0,0.0,0.0,0.0,0.0,0.0,0.0,0.0,777.0636
2025-8-3,12:00,9785.3625,8830.1411,7191.225,5089.6125,3138.9375,1095.2625,0.0,0.0,0.0,0.0,0.0,0.0,0.0,0.0,0.0,0.0,0.0,976.4027,2988.675,5050.05,7292.1,7793.0345,8882.5876,6618.172
2025-8-3,18:00,0.0,0.0,0.0,0.0,0.0,0.0,0.0,0.0,0.0,0.0,0.0,1076.8842,2949.2763,4917.0201,6875.9656,7893.6154,7424.8724,8630.5217,7739.3864,7038.9107,6124.4164,4957.9296,3138.9375,1095.2625
2025-8-4,0:00,0.0,0.0,0.0,0.0,0.0,917.2382,2816.0373,4784.1705,6538.5711,8376.0,8893.567,9051.2115,9170.0783,8814.6245,6017.6881,3867.8596,2541.56,794.7367,0.0,0.0,0.0,0.0,0.0,0.0
2025-8-4,6:00,2843.6405,4682.9962,6647.0386,7688.2163,8206.074,8478.8907,8593.7851,7435.4081,6168.6769,4097.6895,2437.0916,805.7807,0.0,0.0,0.0,0.0,0.0,0.0,0.0,0.0,0.0,0.0,0.0,1013.0761
2025-8-4,12:00,8989.4282,8405.8834,6793.4506,4793.2385,3138.9375,1069.5847,0.0,0.0,0.0,0.0,0.0,0.0,0.0,0.0,0.0,0.0,0.0,633.4423,2259.8797,4082.4963,6288.6582,8214.8706,9070.6771,9093.4739
2025-8-4,18:00,0.0,0.0,0.0,0.0,0.0,0.0,0.0,0.0,0.0,0.0,0.0,963.9653,2988.675,4992.2098,7292.1,8371.4718,8337.7856,9236.738,9785.3625,7190.2786,5282.4415,4146.8092,2676.6986,869.6247
2025-8-5,0:00,0.0,0.0,0.0,0.0,0.0,835.0473,2638.4614,4515.554,6373.7526,8270.38,9205.4387,9708.2625,9693.0687,8033.6926,6888.3049,4388.3347,2678.7907,1059.4125,0.0,0.0,0.0,0.0,0.0,0.0
2025-8-5,6:00,2696.6912,4733.4222,6177.4377,7436.1789,8084.9015,9105.7369,8636.8409,7806.1092,6534.1298,4054.6597,2761.3153,989.6847,0.0,0.0,0.0,0.0,0.0,0.0,0.0,0.0,0.0,0.0,0.0,881.2961
2025-8-5,12:00,9013.7173,8449.6443,6501.1078,4699.1534,3039.8807,1042.8533,0.0,0.0,0.0,0.0,0.0,0.0,0.0,0.0,0.0,0.0,0.0,966.8621,2439.8711,3808.5508,5465.1345,5034.4964,5208.1586,5202.396
2025-8-5,18:00,0.0,0.0,0.0,0.0,0.0,0.0,0.0,0.0,0.0,0.0,0.0,709.0515,1926.1254,3928.3329,5262.3325,5324.7782,6443.1229,7587.3991,6916.6659,6764.0657,5361.9445,3945.7266,2642.377,854.1546
2025-8-6,0:00,0.0,0.0,0.0,0.0,0.0,931.9271,2815.0567,5011.5599,7292.1,8376.0,8659.3452,9217.7444,8634.3159,6573.7315,3419.8926,3086.8078,2081.8679,782.8645,0.0,0.0,0.0,0.0,0.0,0.0
2025-8-6,6:00,2692.0005,4702.9448,6719.0961,8122.6141,8392.9767,9029.3495,8487.5173,7051.8946,5267.3301,4002.4246,2978.1586,1049.4067,0.0,0.0,0.0,0.0,0.0,0.0,0.0,0.0,0.0,0.0,0.0,908.9899
2025-8-6,12:00,8393.0542,7117.9571,5146.7715,3815.6638,2645.0719,974.0414,0.0,0.0,0.0,0.0,0.0,0.0,0.0,0.0,0.0,0.0,0.0,880.0528,2487.2304,4767.3326,5741.8453,7113.0152,7724.2837,8832.7876
2025-8-6,18:00,0.0,0.0,0.0,0.0,0.0,0.0,0.0,0.0,0.0,0.0,0.0,1115.3798,2608.8336,4745.9229,7121.6081,7097.0166,9542.025,9708.2625,9785.3625,8954.8125,7191.225,5008.9959,2791.6422,1059.4125
2025-8-7,0:00,0.0,0.0,0.0,0.0,0.0,1049.2521,2697.3466,4084.0592,5814.722,6783.9278,7048.3572,7658.0567,7223.4436,7628.5551,5559.6385,4844.5324,3138.9375,1059.4125,0.0,0.0,0.0,0.0,0.0,0.0
2025-8-7,6:00,2624.8072,4409.4947,6646.3677,7764.9433,8942.1463,9476.5342,8737.0122,7843.5586,5589.9407,4206.3171,2627.8591,944.3957,0.0,0.0,0.0,0.0,0.0,0.0,0.0,0.0,0.0,0.0,0.0,756.824
2025-8-7,12:00,9334.3097,8700.6932,6201.7082,4427.8068,2638.1517,903.0344,0.0,0.0,0.0,0.0,0.0,0.0,0.0,0.0,0.0,0.0,0.0,1031.1296,2881.0552,4713.186,5578.216,8376.0,9542.025,9708.2625
2025-8-7,18:00,0.0,0.0,0.0,0.0,0.0,0.0,0.0,0.0,0.0,0.0,0.0,845.3066,2405.8334,4379.0944,6492.0909,8234.2306,7917.2437,7807.5775,8009.3521,6497.2837,4086.4145,4158.9436,2616.1712,551.6175
2025-8-8,0:00,0.0,0.0,0.0,0.0,0.0,842.9833,2557.09,4203.5655,6405.866,8376.0,9542.025,9708.2625,9785.3625,8954.8125,7191.225,4746.0286,2819.6834,952.3581,0.0,0.0,0.0,0.0,0.0,0.0
2025-8-8,6:00,2522.4161,4375.734,6242.4623,8376.0,9542.025,9708.2625,9480.0981,8954.8125,6791.5194,4955.617,2743.9946,840.5877,0.0,0.0,0.0,0.0,0.0,0.0,0.0,0.0,0.0,0.0,0.0,689.5208
2025-8-8,12:00,9217.3532,8954.8125,6751.571,5100.156,2773.1265,927.967,0.0,0.0,0.0,0.0,0.0,0.0,0.0,0.0,0.0,0.0,0.0,538.7859,1774.6833,4027.7669,6741.255,7496.8527,8190.9344,8558.1951
2025-8-8,18:00,0.0,0.0,0.0,0.0,0.0,0.0,0.0,0.0,0.0,0.0,0.0,905.2597,2671.6776,4617.3915,7292.1,8698.6875,9542.025,9428.1665,9785.3625,8954.8125,5909.0352,4395.2145,2167.5386,542.4126
2025-8-9,0:00,0.0,0.0,0.0,0.0,0.0,834.7978,2640.0534,4899.9083,7212.37,8203.931,7898.5572,8280.3371,7712.907,8142.0673,6187.9113,4819.6446,2627.6127,801.8879,0.0,0.0,0.0,0.0,0.0,0.0
2025-8-9,6:00,2622.6403,4821.8494,7022.6156,8698.6875,8798.4357,8610.3943,7968.4512,8389.6518,6551.5835,4970.1743,2718.504,870.0299,0.0,0.0,0.0,0.0,0.0,0.0,0.0,0.0,0.0,0.0,0.0,815.9809
2025-8-9,12:00,8044.7467,8146.6886,6319.7008,4770.8461,2617.6016,821.1435,0.0,0.0,0.0,0.0,0.0,0.0,0.0,0.0,0.0,0.0,0.0,906.6295,2677.8356,5050.05,7292.1,8698.6875,9542.025,9891.9
2025-8-9,18:00,0.0,0.0,0.0,0.0,0.0,0.0,0.0,0.0,0.0,0.0,0.0,939.7397,2788.3563,4235.4356,5504.4122,6784.3803,8740.9332,8798.9547,7227.4335,6772.2039,7191.225,4685.2659,2690.5342,973.542
2025-8-10,0:00,0.0,0.0,0.0,0.0,0.0,902.3104,2988.675,4887.2193,7275.5789,8416.0596,9542.025,8424.7164,7828.1127,6371.785,6529.8421,4245.5844,2428.9982,728.4354,0.0,0.0,0.0,0.0,0.0,0.0
2025-8-10,6:00,2988.675,4764.4382,6659.225,8153.3325,9542.025,9173.2023,8109.7967,7666.5863,6502.038,4364.8738,2633.9376,887.3348,0.0,0.0,0.0,0.0,0.0,0.0,0.0,0.0,0.0,0.0,0.0,1162.6884
2025-8-10,12:00,7938.8606,7811.6591,6887.5782,4607.3187,2614.9576,862.286,0.0,0.0,0.0,0.0,0.0,0.0,0.0,0.0,0.0,0.0,0.0,856.6185,2883.2095,5050.05,5988.7157,8591.1312,9375.3347,7167.4542
2025-8-10,18:00,0.0,0.0,0.0,0.0,0.0,0.0,0.0,0.0,0.0,0.0,0.0,771.5644,2155.3452,3588.9021,4993.0498,5856.8681,6822.201,6636.4332,6334.1844,6674.9658,5326.2453,4313.8076,2467.3291,815.6496
2025-8-11,0:00,0.0,0.0,0.0,0.0,0.0,862.3035,2650.337,4766.6281,5941.0384,6936.438,9133.7739,9206.0107,7747.9535,8667.0228,7191.225,5102.325,3039.4565,1041.329,0.0,0.0,0.0,0.0,0.0,0.0
2025-8-11,6:00,2658.731,4605.4761,5792.5847,7266.1546,8774.2559,8726.3291,7913.5295,8723.8084,6613.2925,4651.673,2533.8244,921.9144,0.0,0.0,0.0,0.0,0.0,0.0,0.0,0.0,0.0,0.0,0.0,700.0406
2025-8-11,12:00,8130.2476,8516.9123,6352.8936,4768.8258,2646.0772,896.6442,0.0,0.0,0.0,0.0,0.0,0.0,0.0,0.0,0.0,0.0,0.0,1002.4231,2885.236,5050.05,6338.0991,7585.257,8687.7275,9891.9
2025-8-11,18:00,0.0,0.0,0.0,0.0,0.0,0.0,0.0,0.0,0.0,0.0,0.0,896.2992,2641.0836,4682.3284,5937.9796,6631.2048,6857.6298,8862.2076,7749.2154,7150.8344,6079.1722,5102.325,2904.976,1057.4981
2025-8-12,0:00,0.0,0.0,0.0,0.0,0.0,1002.4748,2988.675,5050.05,6167.9895,7015.0415,7708.0664,7856.7908,6954.2384,6676.2474,6309.1961,4385.9424,2742.4132,919.9462,0.0,0.0,0.0,0.0,0.0,0.0
2025-8-12,6:00,2988.675,5050.05,6067.3223,7167.9045,7865.2746,8881.6111,8111.8554,7334.6734,5595.8847,3778.1924,2188.7167,756.66,0.0,0.0,0.0,0.0,0.0,0.0,0.0,0.0,0.0,0.0,0.0,785.4728
2025-8-12,12:00,8227.6333,7551.8174,5823.5058,4149.9092,2442.1777,778.4581,0.0,0.0,0.0,0.0,0.0,0.0,0.0,0.0,0.0,0.0,0.0,674.8018,1789.2284,2615.246,3500.0078,5018.0612,5875.3061,7064.9065
2025-8-12,18:00,0.0,0.0,0.0,0.0,0.0,0.0,0.0,0.0,0.0,0.0,0.0,771.3439,2803.5261,4559.9671,5582.0308,5628.1319,6910.0524,7749.8039,8470.3878,8743.3039,7191.225,5102.325,3131.7655,803.8407
2025-8-13,0:00,0.0,0.0,0.0,0.0,0.0,768.4503,2745.4591,4318.2785,6458.5052,7680.682,8581.4315,8407.9917,9037.3846,8954.8125,7191.225,5102.325,3138.9375,1059.4125,0.0,0.0,0.0,0.0,0.0,0.0
2025-8-13,6:00,2863.0009,4581.8889,6522.2028,7481.7634,8114.4164,8725.9299,8097.5356,7394.6194,6971.2266,5102.325,3123.516,981.4581,0.0,0.0,0.0,0.0,0.0,0.0,0.0,0.0,0.0,0.0,0.0,426.8997
2025-8-13,12:00,8171.9642,7624.8486,6549.9679,4991.7914,2916.0697,901.9933,0.0,0.0,0.0,0.0,0.0,0.0,0.0,0.0,0.0,0.0,0.0,857.605,2988.675,4479.6371,6182.2695,7653.0098,7373.5662,5531.7799
2025-8-13,18:00,0.0,0.0,0.0,0.0,0.0,0.0,0.0,0.0,0.0,0.0,0.0,679.9876,2197.5823,3270.2702,4800.8276,5255.1074,6774.0559,8949.7983,8970.7761,8344.1323,7191.225,5102.325,2623.1622,814.5589
2025-8-14,0:00,0.0,0.0,0.0,0.0,0.0,670.6955,2548.476,4367.4112,6110.6024,8442.2216,9542.025,9205.0077,8630.9351,8501.8497,6199.2825,4690.1305,2183.6281,642.1179,0.0,0.0,0.0,0.0,0.0,0.0
2025-8-14,6:00,2420.7292,3857.09,5823.9658,7388.2237,8515.5482,8253.1701,8169.7943,7814.2347,6170.8457,4483.9284,2334.7133,738.5574,0.0,0.0,0.0,0.0,0.0,0.0,0.0,0.0,0.0,0.0,0.0,767.9367
2025-8-14,12:00,8212.5784,8225.1366,6793.187,4731.1523,2460.3206,753.4884,0.0,0.0,0.0,0.0,0.0,0.0,0.0,0.0,0.0,0.0,0.0,718.9691,2480.432,3867.0849,5643.4688,7338.9491,8574.8862,7908.0181
2025-8-14,18:00,0.0,0.0,0.0,0.0,0.0,0.0,0.0,0.0,0.0,0.0,0.0,788.537,2612.6406,4793.3051,6786.4912,8698.6875,9670.4625,9891.9,9785.3625,8782.4807,6407.1885,4088.6977,1645.2594,484.7453
2025-8-15,0:00,0.0,0.0,0.0,0.0,0.0,820.4695,2560.8289,4452.9265,6290.1743,7641.7991,7793.7153,7836.4211,6890.8108,5574.5735,4939.0464,4328.1144,2131.648,611.711,0.0,0.0,0.0,0.0,0.0,0.0
2025-8-15,6:00,2468.6699,4332.1135,6130.1877,7597.6368,8932.1901,9056.294,8726.5343,8132.7928,6387.1324,4682.0338,2499.8333,798.2492,0.0,0.0,0.0,0.0,0.0,0.0,0.0,0.0,0.0,0.0,0.0,1045.0544
2025-8-15,12:00,9095.8878,8352.3281,6619.5282,4891.6802,2738.0613,853.5919,0.0,0.0,0.0,0.0,0.0,0.0,0.0,0.0,0.0,0.0,0.0,1046.4482,2988.675,5050.05,7292.1,6812.1774,5896.3459,6226.7421
2025-8-15,18:00,0.0,0.0,0.0,0.0,0.0,0.0,0.0,0.0,0.0,0.0,0.0,946.9332,2988.675,5050.05,7292.1,8698.6875,9670.4625,9891.9,9785.3625,8622.7391,5936.1092,4405.9358,2751.4737,730.8987
2025-8-16,0:00,0.0,0.0,0.0,0.0,0.0,935.6977,2988.675,5050.05,6792.7133,7635.013,8002.8036,8645.0409,7144.222,6685.7146,4658.0482,3078.2604,1558.0817,618.4504,0.0,0.0,0.0,0.0,0.0,0.0
2025-8-16,6:00,2800.4277,5017.9062,7247.3552,8019.382,8727.3072,9806.7484,8481.7747,8271.0412,6754.0083,4896.7808,2482.0376,829.4816,0.0,0.0,0.0,0.0,0.0,0.0,0.0,0.0,0.0,0.0,0.0,640.8599
2025-8-16,12:00,8480.3317,7656.3863,6448.0332,4693.4339,2605.7846,765.8512,0.0,0.0,0.0,0.0,0.0,0.0,0.0,0.0,0.0,0.0,0.0,793.0689,2450.4121,4542.7886,5632.5875,6493.4595,8766.8991,9142.3371
2025-8-16,18:00,0.0,0.0,0.0,0.0,0.0,0.0,0.0,0.0,0.0,0.0,0.0,792.8762,2664.1727,5050.05,7292.1,8698.6875,9670.4625,9775.1994,8418.7441,7381.5887,5360.6874,3700.3034,2066.3239,558.7626
2025-8-17,0:00,0.0,0.0,0.0,0.0,0.0,609.7466,2154.178,4662.7639,5790.7676,7369.3396,8965.2212,7681.3355,7275.8762,8063.0758,6626.2459,4606.2334,3138.9375,870.8472,0.0,0.0,0.0,0.0,0.0,0.0
2025-8-17,6:00,2256.6574,4732.7916,6334.5737,7652.055,9226.7684,8499.7437,7328.656,7711.266,6580.5272,4988.8676,2784.6599,853.2718,0.0,0.0,0.0,0.0,0.0,0.0,0.0,0.0,0.0,0.0,0.0,540.0846
2025-8-17,12:00,8306.8678,8678.4577,6823.1913,4664.4318,2578.339,731.5581,0.0,0.0,0.0,0.0,0.0,0.0,0.0,0.0,0.0,0.0,0.0,737.1499,2656.6794,5050.05,7292.1,8698.6875,9670.4625,9891.9
2025-8-17,18:00,0.0,0.0,0.0,0.0,0.0,0.0,0.0,0.0,0.0,0.0,0.0,718.405,2452.3808,4440.1469,6038.2942,7874.6557,9658.0872,9516.8701,8108.8273,6830.9439,4801.7822,4798.3105,2897.1227,906.9918
2025-8-18,0:00,0.0,0.0,0.0,0.0,0.0,723.1527,2437.759,4124.5285,5706.8258,7590.9439,9517.7374,9787.3963,9148.7537,7308.8336,6919.2353,4694.9151,2074.8122,548.1655,0.0,0.0,0.0,0.0,0.0,0.0
2025-8-18,6:00,2524.135,4548.9805,5804.3714,7120.9139,9246.2907,9535.1199,8375.6035,7336.6482,6438.0288,4643.8227,2355.6158,633.8561,0.0,0.0,0.0,0.0,0.0,0.0,0.0,0.0,0.0,0.0,0.0,1043.25
2025-8-18,12:00,8717.2717,7743.5641,6648.2211,4974.9949,2523.795,689.833,0.0,0.0,0.0,0.0,0.0,0.0,0.0,0.0,0.0,0.0,0.0,782.2729,2633.6752,5050.05,7292.1,7870.2201,9173.1778,8308.4785
2025-8-18,18:00,0.0,0.0,0.0,0.0,0.0,0.0,0.0,0.0,0.0,0.0,0.0,894.301,2556.8632,4175.0922,5174.7524,5763.6801,7471.0881,7189.2603,7734.5082,5697.1451,5363.1155,3613.1697,2388.1786,610.7096
2025-8-19,0:00,0.0,0.0,0.0,0.0,0.0,874.2847,2680.3761,4871.503,6187.8004,7673.4568,8990.1557,9240.8792,8650.0688,7963.2658,6534.2017,4237.7237,2741.4157,737.869,0.0,0.0,0.0,0.0,0.0,0.0
2025-8-19,6:00,2724.7173,4995.4003,6621.5221,7921.4943,8199.0336,8546.9956,8810.6203,7674.2672,6640.7885,5102.325,2993.5875,876.216,0.0,0.0,0.0,0.0,0.0,0.0,0.0,0.0,0.0,0.0,0.0,232.6574
2025-8-19,12:00,8814.7153,7602.1807,6269.4359,4423.6065,2764.1106,789.1767,0.0,0.0,0.0,0.0,0.0,0.0,0.0,0.0,0.0,0.0,0.0,528.9245,1603.781,2565.0328,4263.0153,5799.7436,5788.8977,5658.9223
2025-8-19,18:00,0.0,0.0,0.0,0.0,0.0,0.0,0.0,0.0,0.0,0.0,0.0,507.0842,1888.9845,2745.8566,3780.4349,6086.5975,6730.1356,5992.2683,7014.739,6280.3,5863.3248,5102.325,2922.591,831.7731
2025-8-20,0:00,0.0,0.0,0.0,0.0,0.0,575.5033,2148.4874,3567.8032,5712.2067,7801.8341,7396.5973,7014.672,8186.4437,6228.7299,5534.1039,5102.325,2975.6625,768.2103,0.0,0.0,0.0,0.0,0.0,0.0
2025-8-20,6:00,2005.8126,3344.2487,5102.0934,7389.0268,7973.904,8017.7433,9340.0125,7733.8976,6322.6629,4984.0536,2429.8011,637.0437,0.0,0.0,0.0,0.0,0.0,0.0,0.0,0.0,0.0,0.0,0.0,441.5773
2025-8-20,12:00,8778.5128,7574.7866,6282.3634,5030.3197,2689.103,668.3786,0.0,0.0,0.0,0.0,0.0,0.0,0.0,0.0,0.0,0.0,0.0,712.2993,2507.5024,3462.0306,5560.8793,6466.9092,7346.7036,6952.4634
2025-8-20,18:00,0.0,0.0,0.0,0.0,0.0,0.0,0.0,0.0,0.0,0.0,0.0,773.6575,2988.675,5050.05,7292.1,8438.8784,9567.1256,8358.8132,7813.5187,6263.3861,4390.698,3116.3824,1547.5336,416.1177
2025-8-21,0:00,0.0,0.0,0.0,0.0,0.0,629.1459,2595.7154,4282.3562,5970.9369,7424.8264,8481.9752,7749.3286,8287.5767,6740.4573,5810.7035,5010.0417,2975.6625,686.2071,0.0,0.0,0.0,0.0,0.0,0.0
2025-8-21,6:00,2597.6144,4539.6294,6327.0313,7377.6817,8977.9646,8634.5516,8861.2687,7610.0158,6750.882,4673.591,2460.4067,532.0618,0.0,0.0,0.0,0.0,0.0,0.0,0.0,0.0,0.0,0.0,0.0,573.7758
2025-8-21,12:00,8483.7024,7310.3829,6114.5743,4910.8913,2842.5951,688.3827,0.0,0.0,0.0,0.0,0.0,0.0,0.0,0.0,0.0,0.0,0.0,680.2123,2988.675,5050.05,7292.1,8698.6875,8901.7844,8582.0861
2025-8-21,18:00,0.0,0.0,0.0,0.0,0.0,0.0,0.0,0.0,0.0,0.0,0.0,677.0555,2720.0449,4621.9558,5159.1628,7154.0605,8342.7576,9891.9,9340.0125,8954.8125,6883.0125,5102.325,2406.5546,754.3183
2025-8-22,0:00,0.0,0.0,0.0,0.0,0.0,710.6869,2869.0839,4788.7255,6833.3922,8423.6964,8581.6781,8524.5116,7772.2911,7257.5388,4819.3529,4021.4576,2234.012,684.8058,0.0,0.0,0.0,0.0,0.0,0.0
2025-8-22,6:00,2759.268,4926.1692,7089.9516,8153.2538,9074.0284,9723.7846,8479.6558,8009.6455,6231.7072,4697.7212,2509.0675,779.8466,0.0,0.0,0.0,0.0,0.0,0.0,0.0,0.0,0.0,0.0,0.0,943.2375
2025-8-22,12:00,8333.761,7526.1326,5600.1763,4564.2383,2568.5579,803.4649,0.0,0.0,0.0,0.0,0.0,0.0,0.0,0.0,0.0,0.0,0.0,679.0871,2621.5008,4404.0945,5059.7833,6873.341,8711.6622,9565.9366
2025-8-22,18:00,0.0,0.0,0.0,0.0,0.0,0.0,0.0,0.0,0.0,0.0,0.0,676.4072,2441.8156,4279.597,5901.5777,7726.1499,7402.0722,8509.0833,8827.2197,7419.6226,6883.0125,5102.325,2975.6625,811.6552
2025-8-23,0:00,0.0,0.0,0.0,0.0,0.0,625.2487,2391.5287,3959.2267,5625.1779,6907.642,8082.6864,9351.1834,9340.0125,7533.6584,6814.561,4785.0805,2969.7137,859.127,0.0,0.0,0.0,0.0,0.0,0.0
2025-8-23,6:00,2605.0028,4493.575,5736.1245,7425.5475,8268.7805,9803.4362,9340.0125,8327.7857,6883.0125,4561.9799,2433.8312,631.1199,0.0,0.0,0.0,0.0,0.0,0.0,0.0,0.0,0.0,0.0,0.0,909.4445
2025-8-23,12:00,8438.6708,7465.3775,6748.4537,4436.6775,2459.773,649.106,0.0,0.0,0.0,0.0,0.0,0.0,0.0,0.0,0.0,0.0,0.0,661.0863,2196.4214,3619.1719,4758.7679,5897.537,4338.4621,3083.4935
2025-8-23,18:00,0.0,0.0,0.0,0.0,0.0,0.0,0.0,0.0,0.0,0.0,0.0,575.7329,2160.2308,3695.1928,5348.1409,8698.6875,9670.4625,9891.9,9340.0125,8695.8,6111.1153,4893.2882,2975.6625,774.2125
2025-8-24,0:00,0.0,0.0,0.0,0.0,0.0,649.1666,2452.2578,4437.978,6351.4077,8698.6875,9670.4625,9891.9,9230.3153,6659.8232,5721.9491,4577.9293,2257.5108,561.297,0.0,0.0,0.0,0.0,0.0,0.0
2025-8-24,6:00,2402.1545,4308.5475,6016.6455,8564.2706,9597.8009,9885.1182,9340.0125,8411.1672,6861.9785,5102.325,2975.6625,716.8603,0.0,0.0,0.0,0.0,0.0,0.0,0.0,0.0,0.0,0.0,0.0,361.551
2025-8-24,12:00,9315.215,7437.9693,5753.5437,4356.4398,2231.0932,515.8238,0.0,0.0,0.0,0.0,0.0,0.0,0.0,0.0,0.0,0.0,0.0,481.1575,2315.5057,4471.1689,7183.2479,6845.1598,6505.0597,5479.6828
2025-8-24,18:00,0.0,0.0,0.0,0.0,0.0,0.0,0.0,0.0,0.0,0.0,0.0,646.9684,2407.9226,4522.6016,7120.6546,7373.2584,7069.1117,7654.3301,6406.2059,6640.5559,6040.0093,3728.4901,1976.5294,575.9323
2025-8-25,0:00,0.0,0.0,0.0,0.0,0.0,565.8515,2141.1578,4102.1506,5769.59,6396.5456,5894.9284,5426.9434,4771.8886,4883.8137,4030.0998,2917.02,2125.785,565.2668,0.0,0.0,0.0,0.0,0.0,0.0
2025-8-25,6:00,2213.3241,4315.3509,6525.0978,7792.2442,8479.2501,7702.5314,7216.0061,7156.7736,5191.0892,3214.9832,1976.2226,504.2025,0.0,0.0,0.0,0.0,0.0,0.0,0.0,0.0,0.0,0.0,0.0,518.297
2025-8-25,12:00,7257.7234,7139.8411,5526.6718,3810.9438,2404.0921,604.803,0.0,0.0,0.0,0.0,0.0,0.0,0.0,0.0,0.0,0.0,0.0,518.9807,2636.0877,4689.5742,5885.9548,8698.6875,9670.4625,9891.9
2025-8-25,18:00,0.0,0.0,0.0,0.0,0.0,0.0,0.0,0.0,0.0,0.0,0.0,475.4103,2145.0513,3773.1334,5780.0861,7546.276,9670.4625,9891.9,9340.0125,8695.8,6883.0125,4356.7989,2448.0896,578.757
2025-8-26,0:00,0.0,0.0,0.0,0.0,0.0,575.0942,2570.3982,4235.732,6091.4272,8150.2841,9055.1617,9891.9,9340.0125,8569.0081,5571.4507,3787.5326,1864.6553,465.8342,0.0,0.0,0.0,0.0,0.0,0.0
2025-8-26,6:00,2440.1579,4301.8783,6190.2519,8203.0442,8618.6865,9560.1119,8101.1894,6993.9378,5310.3115,3808.0605,2221.6364,595.2717,0.0,0.0,0.0,0.0,0.0,0.0,0.0,0.0,0.0,0.0,0.0,693.0657
2025-8-26,12:00,8392.7644,7607.7499,6167.2829,3944.7084,2099.6088,593.6668,0.0,0.0,0.0,0.0,0.0,0.0,0.0,0.0,0.0,0.0,0.0,523.5419,2269.6188,3662.8781,4863.3058,5853.0349,6188.9409,6294.0863
2025-8-26,18:00,0.0,0.0,0.0,0.0,0.0,0.0,0.0,0.0,0.0,0.0,0.0,514.5698,2424.034,4556.496,6427.7994,8698.6875,9090.5444,8981.8951,8276.2506,6070.2869,4705.4582,3367.1383,1754.3058,376.865
2025-8-27,0:00,0.0,0.0,0.0,0.0,0.0,471.9589,2149.2586,3918.7277,4775.2505,7035.4697,7955.2971,9891.9,9763.3875,8591.4894,6883.0125,4688.2846,2107.8243,521.5438,0.0,0.0,0.0,0.0,0.0,0.0
2025-8-27,6:00,2296.4773,4162.1987,5211.2144,7704.9013,7841.267,8035.0476,7452.076,6036.0256,5288.9865,4104.7048,2032.3428,469.8636,0.0,0.0,0.0,0.0,0.0,0.0,0.0,0.0,0.0,0.0,0.0,574.5351
2025-8-27,12:00,8735.1948,6944.8347,5743.3606,4099.9564,2155.8362,496.9874,0.0,0.0,0.0,0.0,0.0,0.0,0.0,0.0,0.0,0.0,0.0,389.9357,1748.6178,3253.2272,4954.9162,6787.0778,7369.5108,9084.7175
2025-8-27,18:00,0.0,0.0,0.0,0.0,0.0,0.0,0.0,0.0,0.0,0.0,0.0,509.9779,2378.4542,3750.6923,4705.7364,5488.8232,5916.7603,9177.7845,9763.3875,8592.675,6883.0125,5102.325,2106.6858,403.9717
2025-8-28,0:00,0.0,0.0,0.0,0.0,0.0,511.2421,2543.7537,4216.7056,5909.8329,6808.1057,6899.4756,8458.6748,9763.3875,8592.675,6883.0125,5102.325,2975.6625,695.4218,0.0,0.0,0.0,0.0,0.0,0.0
2025-8-28,6:00,2448.9626,4225.2439,5822.1107,6740.8852,7099.4497,7884.6409,8784.1055,7333.4593,5452.9746,3781.1871,2014.0563,437.7716,0.0,0.0,0.0,0.0,0.0,0.0,0.0,0.0,0.0,0.0,0.0,511.0242
2025-8-28,12:00,8678.7966,7477.2563,5915.6636,4455.1672,2073.2794,501.2704,0.0,0.0,0.0,0.0,0.0,0.0,0.0,0.0,0.0,0.0,0.0,438.8587,1997.4957,4494.5066,7292.1,8698.6875,9670.4625,9965.475
2025-8-28,18:00,0.0,0.0,0.0,0.0,0.0,0.0,0.0,0.0,0.0,0.0,0.0,434.8137,2058.465,3878.6035,6020.4429,7262.7481,7226.1443,7849.4451,5961.6543,5982.0622,5697.643,3863.1136,2060.8888,556.6207
2025-8-29,0:00,0.0,0.0,0.0,0.0,0.0,428.3256,1984.939,3831.2879,5908.7014,7107.9969,7482.5557,7702.8767,7281.1826,6366.9457,5155.2442,3513.9792,1904.9867,387.3773,0.0,0.0,0.0,0.0,0.0,0.0
2025-8-29,6:00,2007.6188,3844.1488,5767.9616,7491.4829,8499.1084,9052.2005,8185.1817,8295.3811,6548.6127,4536.0279,2573.9856,530.2204,0.0,0.0,0.0,0.0,0.0,0.0,0.0,0.0,0.0,0.0,0.0,385.4053
2025-8-29,12:00,8177.7974,7865.9044,6381.0684,3995.0322,2115.6789,456.9211,0.0,0.0,0.0,0.0,0.0,0.0,0.0,0.0,0.0,0.0,0.0,590.8947,2694.749,4274.5988,5331.6138,7982.9863,8432.3979,7638.1623
2025-8-29,18:00,0.0,0.0,0.0,0.0,0.0,0.0,0.0,0.0,0.0,0.0,0.0,359.9357,2199.6013,4191.954,6173.0966,7943.1878,9618.8123,8392.7331,9092.1224,7560.4671,5887.5084,4901.9904,2688.9029,591.7194
2025-8-30,0:00,0.0,0.0,0.0,0.0,0.0,471.0125,2442.3971,4386.981,6809.0691,8698.6875,9351.0579,7464.4995,7815.3501,5857.2583,4008.5272,3817.1616,2301.4093,450.6585,0.0,0.0,0.0,0.0,0.0,0.0
2025-8-30,6:00,2501.5453,4601.2925,6533.9715,8379.441,9632.3244,9246.1477,9312.3183,7257.4194,5136.2147,4051.984,2115.9384,412.2833,0.0,0.0,0.0,0.0,0.0,0.0,0.0,0.0,0.0,0.0,0.0,435.3654
2025-8-30,12:00,9257.2935,7541.6558,5410.9622,4225.165,2292.7058,461.7009,0.0,0.0,0.0,0.0,0.0,0.0,0.0,0.0,0.0,0.0,0.0,359.3864,2147.2467,4713.9814,6603.7263,8380.9973,9670.4625,9965.475
2025-8-30,18:00,0.0,0.0,0.0,0.0,0.0,0.0,0.0,0.0,0.0,0.0,0.0,496.9385,2518.6639,4988.4375,7292.1,8118.7517,7356.8073,8029.6935,8600.3259,7981.4613,5533.0219,4440.8524,2258.7768,434.8034
2025-8-31,0:00,0.0,0.0,0.0,0.0,0.0,465.2808,2412.4902,4903.3356,7292.1,8287.8116,8609.1737,7828.1475,9538.3782,8203.5629,5302.5326,3911.7311,2449.1098,432.6335,0.0,0.0,0.0,0.0,0.0,0.0
2025-8-31,6:00,2205.4435,4383.5683,6539.7288,7018.3749,8041.6619,7824.7203,8763.5399,7795.6501,6204.5267,4652.7861,2488.4807,440.0179,0.0,0.0,0.0,0.0,0.0,0.0,0.0,0.0,0.0,0.0,0.0,171.039
2025-8-31,12:00,8809.3418,7915.7392,5981.9275,4488.8558,2496.56,448.1731,0.0,0.0,0.0,0.0,0.0,0.0,0.0,0.0,0.0,0.0,0.0,467.6971,2681.7476,4901.5125,6404.469,7553.9771,8066.4478,7124.4953
2025-8-31,18:00,0.0,0.0,0.0,0.0,0.0,0.0,0.0,0.0,0.0,0.0,0.0,420.4996,2210.3166,4299.9702,5879.5426,6878.02,7561.4582,6575.6264,7535.5911,6540.2524,5450.3548,4675.5701,2219.1331,445.7906
2025-9-1,0:00,0.0,0.0,0.0,0.0,0.0,443.7173,2191.5496,4155.3012,5502.473,6390.6888,7131.0147,6196.3863,7626.4512,6962.1784,5841.9052,4798.1706,2253.4839,382.7811,0.0,0.0,0.0,0.0,0.0,0.0
2025-9-1,6:00,2413.0664,4715.1599,6258.3694,6746.8573,7835.6855,7930.8456,8784.7725,8592.675,6838.6125,5102.325,2442.6364,497.9671,0.0,0.0,0.0,0.0,0.0,0.0,0.0,0.0,0.0,0.0,0.0,232.4444
2025-9-1,12:00,8500.1476,8118.0875,6264.934,4530.467,2088.4567,391.2415,0.0,0.0,0.0,0.0,0.0,0.0,0.0,0.0,0.0,0.0,0.0,390.2785,1882.6647,3536.0769,5071.1639,6426.1691,7539.1387,7718.1665
2025-9-1,18:00,0.0,0.0,0.0,0.0,0.0,0.0,0.0,0.0,0.0,0.0,0.0,380.9672,2037.2258,4188.9721,6162.8535,7128.653,8869.769,8896.169,7469.0734,5649.0113,4347.6497,3493.2693,1652.6254,300.0402
2025-9-2,0:00,0.0,0.0,0.0,0.0,0.0,413.7543,2049.7172,4134.4579,5825.31,7057.3821,8283.3895,8822.161,9638.8396,8098.4625,6550.5143,5102.325,2791.5375,498.2835,0.0,0.0,0.0,0.0,0.0,0.0
2025-9-2,6:00,2038.4119,4178.696,6027.1851,7100.3036,7974.2633,8284.1066,8147.0615,6386.0452,5646.3841,4353.2561,2573.4053,447.5873,0.0,0.0,0.0,0.0,0.0,0.0,0.0,0.0,0.0,0.0,0.0,438.6582
2025-9-2,12:00,9209.8908,7538.8073,5964.0733,4698.8267,2712.6607,454.9653,0.0,0.0,0.0,0.0,0.0,0.0,0.0,0.0,0.0,0.0,0.0,397.8336,2180.719,4813.2569,6817.5251,7869.9163,8490.5074,9965.475
2025-9-2,18:00,0.0,0.0,0.0,0.0,0.0,0.0,0.0,0.0,0.0,0.0,0.0,452.3308,2726.55,4612.2849,6741.9667,7697.1087,8353.2181,9965.475,9763.3875,8098.4625,6518.4344,3702.2434,2147.8753,281.5552
2025-9-3,0:00,0.0,0.0,0.0,0.0,0.0,407.4023,2587.8892,4546.3832,6526.3001,7234.9431,7124.5767,8361.2476,7962.4975,7020.9122,5569.2916,4097.8392,2383.5024,369.3999,0.0,0.0,0.0,0.0,0.0,0.0
2025-9-3,6:00,2478.1973,4708.9101,6520.6549,7436.7535,7674.9854,9018.8979,8607.6916,7651.7769,5901.715,3564.8277,2201.6954,290.484,0.0,0.0,0.0,0.0,0.0,0.0,0.0,0.0,0.0,0.0,0.0,326.4821
2025-9-3,12:00,8443.5591,7543.7258,5667.7072,3727.9078,2189.9856,309.9935,0.0,0.0,0.0,0.0,0.0,0.0,0.0,0.0,0.0,0.0,0.0,293.6994,2119.0708,3884.5436,5248.0594,6562.6809,5657.279,5734.0489
2025-9-3,18:00,0.0,0.0,0.0,0.0,0.0,0.0,0.0,0.0,0.0,0.0,0.0,359.4171,2212.0879,3969.6449,6779.105,8698.6875,9670.4625,9965.475,9763.3875,8098.4625,6774.75,4524.2245,2123.9907,245.98
2025-9-4,0:00,0.0,0.0,0.0,0.0,0.0,349.6858,2408.4587,4377.8495,6942.3,8381.5179,8438.4083,9055.2848,8668.0314,6385.633,5417.8685,3909.7027,1778.9116,259.4506,0.0,0.0,0.0,0.0,0.0,0.0
2025-9-4,6:00,2263.4727,4168.0905,6687.9588,8698.6875,9124.2968,9513.2369,8709.9194,7139.224,5808.4696,3362.4207,1681.8328,246.5854,0.0,0.0,0.0,0.0,0.0,0.0,0.0,0.0,0.0,0.0,0.0,247.4584
2025-9-4,12:00,8601.3219,7584.1522,6224.4352,3609.9576,1868.3867,286.2292,0.0,0.0,0.0,0.0,0.0,0.0,0.0,0.0,0.0,0.0,0.0,263.009,1979.3929,3655.8533,5678.6662,6685.0868,7544.5036,6658.7567
2025-9-4,18:00,0.0,0.0,0.0,0.0,0.0,0.0,0.0,0.0,0.0,0.0,0.0,284.54,2106.7738,4572.8122,6662.4402,8698.6875,9670.4625,9965.475,9763.3875,8098.4625,6774.75,3746.8965,1892.8489,286.2054
2025-9-5,0:00,0.0,0.0,0.0,0.0,0.0,312.5534,2463.8145,4883.1285,6942.3,8236.5092,8878.7103,9216.1634,8823.7593,8098.4625,6771.0021,4016.5539,1787.9739,223.806,0.0,0.0,0.0,0.0,0.0,0.0
2025-9-5,6:00,2305.1283,4386.3634,6505.6953,7814.081,9119.3496,9184.3384,8465.8077,8098.4625,6774.75,4410.0887,2386.3264,373.3759,0.0,0.0,0.0,0.0,0.0,0.0,0.0,0.0,0.0,0.0,0.0,278.8237
2025-9-5,12:00,8303.531,8098.4625,6774.75,4444.7128,2474.1894,385.1016,0.0,0.0,0.0,0.0,0.0,0.0,0.0,0.0,0.0,0.0,0.0,291.7081,2199.7753,3963.2419,5499.9585,7406.4135,8656.8464,9384.1084
2025-9-5,18:00,0.0,0.0,0.0,0.0,0.0,0.0,0.0,0.0,0.0,0.0,0.0,313.2354,2200.4633,4156.4212,5609.7356,6771.3028,7898.2602,9208.329,7840.657,7789.2983,6774.75,4637.775,2427.0391,310.9065
2025-9-6,0:00,0.0,0.0,0.0,0.0,0.0,311.3532,2227.5042,4367.1436,6138.4442,7808.3533,8904.7628,9965.475,8498.0279,7807.9723,6774.75,4124.4518,2069.6918,267.3382,0.0,0.0,0.0,0.0,0.0,0.0
2025-9-6,6:00,2150.0179,3751.4232,5417.7245,7017.7821,8213.5529,9650.7285,9479.6463,8098.4625,6774.75,4406.8582,2329.3852,292.4478,0.0,0.0,0.0,0.0,0.0,0.0,0.0,0.0,0.0,0.0,0.0,280.4534
2025-9-6,12:00,9242.0173,8098.4625,6774.75,4482.1572,2376.1424,303.0433,0.0,0.0,0.0,0.0,0.0,0.0,0.0,0.0,0.0,0.0,0.0,408.8353,2602.725,4899.2625,6911.1,8698.6875,9670.4625,9965.475
2025-9-6,18:00,0.0,0.0,0.0,0.0,0.0,0.0,0.0,0.0,0.0,0.0,0.0,280.8309,2138.2278,3789.3659,5563.0118,6981.0285,7850.2312,7536.6715,6349.1654,6435.0073,5898.0474,4180.8179,2506.9128,311.1523
2025-9-7,0:00,0.0,0.0,0.0,0.0,0.0,306.5696,2473.2071,4661.163,6359.667,7853.3655,8977.7778,8682.2923,7981.7966,8098.4625,6774.75,4332.6076,2146.0976,258.1106,0.0,0.0,0.0,0.0,0.0,0.0
2025-9-7,6:00,2200.6194,4196.1941,5945.2967,7492.1714,8132.2447,8000.2533,6704.9696,6921.9256,5509.2669,4417.9479,2146.7542,254.1994,0.0,0.0,0.0,0.0,0.0,0.0,0.0,0.0,0.0,0.0,0.0,340.4285
2025-9-7,12:00,7921.8652,7684.0189,6442.5237,4279.8147,2068.4763,239.6667,0.0,0.0,0.0,0.0,0.0,0.0,0.0,0.0,0.0,0.0,0.0,301.1906,2512.4104,4679.9274,6321.7162,7816.5505,8962.8776,8857.3112
2025-9-7,18:00,0.0,0.0,0.0,0.0,0.0,0.0,0.0,0.0,0.0,0.0,0.0,333.9602,2430.2254,4899.2625,6518.4595,6789.399,8286.0653,8890.2645,7759.0673,7478.983,5027.9091,3632.5387,1694.8068,269.098
2025-9-8,0:00,0.0,0.0,0.0,0.0,0.0,286.7323,2267.0583,4264.5969,5894.5684,6139.1459,7212.8884,7562.4264,7716.9762,7417.5615,5589.8431,4023.5722,1944.4038,276.187,0.0,0.0,0.0,0.0,0.0,0.0
2025-9-8,6:00,2270.5154,4260.8076,6195.5101,6531.9553,8344.2613,8150.2225,8172.3828,7008.4083,4886.3863,3785.3306,2083.5507,293.0883,0.0,0.0,0.0,0.0,0.0,0.0,0.0,0.0,0.0,0.0,0.0,279.0317
2025-9-8,12:00,7872.6228,6442.9119,4656.5703,3644.8107,2019.4244,266.5768,0.0,0.0,0.0,0.0,0.0,0.0,0.0,0.0,0.0,0.0,0.0,285.835,2398.2782,4899.2625,6911.1,7914.6875,8682.8302,9639.1055
2025-9-8,18:00,0.0,0.0,0.0,0.0,0.0,0.0,0.0,0.0,0.0,0.0,0.0,327.8647,2531.775,4899.2625,6911.1,8502.9,8887.5164,9708.2587,7813.194,6285.0322,4084.279,2925.8905,1461.9251,179.7201
2025-9-9,0:00,0.0,0.0,0.0,0.0,0.0,242.428,2187.6732,4330.8672,6539.4827,7853.1069,9480.1923,9832.178,9250.2413,8098.4625,6576.0292,4446.458,2343.214,245.8637,0.0,0.0,0.0,0.0,0.0,0.0
2025-9-9,6:00,2151.0577,4394.2718,6911.1,8338.6479,8853.4233,9268.9201,8260.7804,6159.3081,4706.9737,3643.7447,1985.912,220.0942,0.0,0.0,0.0,0.0,0.0,0.0,0.0,0.0,0.0,0.0,0.0,173.3528
2025-9-9,12:00,8826.7265,7292.3313,5435.1889,3935.8603,2127.5013,242.8474,0.0,0.0,0.0,0.0,0.0,0.0,0.0,0.0,0.0,0.0,0.0,253.299,2531.775,4899.2625,6911.1,8502.9,9670.4625,9965.475
2025-9-9,18:00,0.0,0.0,0.0,0.0,0.0,0.0,0.0,0.0,0.0,0.0,0.0,165.1017,1719.5244,3635.8288,5067.3025,6197.4972,6619.1932,6726.9789,6115.8264,5746.1692,5602.3191,4637.775,2562.45,232.4172
2025-9-10,0:00,0.0,0.0,0.0,0.0,0.0,192.2806,1876.0072,3955.4513,5349.0231,6248.8994,7386.6183,7684.4372,6745.6884,6508.8654,5997.953,4225.2594,2483.4055,216.8985,0.0,0.0,0.0,0.0,0.0,0.0
2025-9-10,6:00,1893.2688,3920.0446,5481.5186,6917.3705,7980.48,8801.7189,8066.9353,6923.919,6142.6466,4380.0859,2495.4588,221.6852,0.0,0.0,0.0,0.0,0.0,0.0,0.0,0.0,0.0,0.0,0.0,228.5598
2025-9-10,12:00,7444.4208,6031.6899,5362.0612,3937.8624,2273.0254,205.6684,0.0,0.0,0.0,0.0,0.0,0.0,0.0,0.0,0.0,0.0,0.0,189.6678,2007.0942,3805.8982,3721.5326,4754.9043,6951.6021,6738.1064
2025-9-10,18:00,0.0,0.0,0.0,0.0,0.0,0.0,0.0,0.0,0.0,0.0,0.0,201.218,2055.7504,3984.3389,5703.9822,7032.3761,8368.8174,9590.9942,8860.7596,6477.8754,5199.0604,3371.7807,1356.2359,178.5943
2025-9-11,0:00,0.0,0.0,0.0,0.0,0.0,204.6557,2329.8345,4692.4711,6421.6158,7597.9128,7348.0026,7502.2141,7300.0657,5744.7085,4962.1412,3857.9008,1433.3305,161.7801,0.0,0.0,0.0,0.0,0.0,0.0
2025-9-11,6:00,2167.6791,4202.3293,5942.8179,7804.5372,8643.0314,9516.7515,9763.3875,8098.4625,6182.3304,4036.9042,1858.4667,181.9455,0.0,0.0,0.0,0.0,0.0,0.0,0.0,0.0,0.0,0.0,0.0,240.9086
2025-9-11,12:00,9763.3875,7697.7109,6172.1609,4108.0447,1786.6033,175.4655,0.0,0.0,0.0,0.0,0.0,0.0,0.0,0.0,0.0,0.0,0.0,161.943,2064.6624,4544.6815,6325.0122,8441.7966,9670.4625,9965.475
2025-9-11,18:00,0.0,0.0,0.0,0.0,0.0,0.0,0.0,0.0,0.0,0.0,0.0,150.2812,1949.544,3850.1734,6037.2306,7306.8974,7025.4133,7094.3945,7677.9993,7777.5644,5589.9451,4469.6949,2346.4363,233.1166
2025-9-12,0:00,0.0,0.0,0.0,0.0,0.0,145.4571,1771.0112,3983.73,6320.2747,8380.5164,8928.7358,9465.7192,9677.6469,8098.4625,6220.9841,3662.463,1891.6749,153.0298,0.0,0.0,0.0,0.0,0.0,0.0
2025-9-12,6:00,1849.1436,3943.619,6296.0648,7927.3451,8946.573,9326.9495,9280.3576,8098.4625,6742.7947,4312.8535,2197.8744,166.5034,0.0,0.0,0.0,0.0,0.0,0.0,0.0,0.0,0.0,0.0,0.0,144.6134
2025-9-12,12:00,8604.8474,7609.3956,5638.9193,3521.8459,1885.6751,146.1572,0.0,0.0,0.0,0.0,0.0,0.0,0.0,0.0,0.0,0.0,0.0,124.7523,1535.8091,2843.5828,4487.6209,5853.9365,4537.0865,4004.829
2025-9-12,18:00,0.0,0.0,0.0,0.0,0.0,0.0,0.0,0.0,0.0,0.0,0.0,145.4859,1906.2786,3947.7649,6588.7263,8502.9,9670.4625,9294.9865,7919.6433,6917.8961,5974.2165,4339.818,2347.059,219.5396
2025-9-13,0:00,0.0,0.0,0.0,0.0,0.0,137.0195,1813.5389,4217.2003,6568.6668,8502.9,9670.4625,9965.475,9278.9657,7447.7097,5929.146,4097.8272,1799.593,148.2725,0.0,0.0,0.0,0.0,0.0,0.0
2025-9-13,6:00,1744.3034,3787.6686,5855.6906,7625.8001,8815.6137,9447.2302,8427.5349,7283.1852,5978.3443,4125.7312,1992.7694,165.3451,0.0,0.0,0.0,0.0,0.0,0.0,0.0,0.0,0.0,0.0,0.0,164.2632
2025-9-13,12:00,8745.1774,7685.7965,6078.0521,3862.5644,1916.8469,151.3584,0.0,0.0,0.0,0.0,0.0,0.0,0.0,0.0,0.0,0.0,0.0,96.0056,1732.259,3938.4838,5221.3748,7031.9496,9670.4625,9203.4923
2025-9-13,18:00,0.0,0.0,0.0,0.0,0.0,0.0,0.0,0.0,0.0,0.0,0.0,107.9391,1664.7245,3571.4329,4840.151,4642.4284,4320.9052,5628.992,5433.9664,3259.3674,3762.6492,2785.3121,915.7007,62.1245
2025-9-14,0:00,0.0,0.0,0.0,0.0,0.0,103.9205,1635.4976,3167.1534,4329.1671,5426.9709,7855.3924,7140.6495,7446.3536,6895.7228,5555.5111,3657.3634,1602.3578,108.7076,0.0,0.0,0.0,0.0,0.0,0.0
2025-9-14,6:00,1798.6749,3840.2161,5201.4742,6439.717,8201.6967,8325.7074,8072.3447,7443.9668,6089.6036,3967.8965,1747.6648,118.4868,0.0,0.0,0.0,0.0,0.0,0.0,0.0,0.0,0.0,0.0,0.0,83.7272
2025-9-14,12:00,7411.2438,6807.5829,5769.0911,4050.6175,1794.0759,139.4343,0.0,0.0,0.0,0.0,0.0,0.0,0.0,0.0,0.0,0.0,0.0,98.8731,1955.7833,4381.1197,6605.9639,8223.6363,9608.7,9622.6758
2025-9-14,18:00,0.0,0.0,0.0,0.0,0.0,0.0,0.0,0.0,0.0,0.0,0.0,103.1419,1744.136,3663.7328,5923.0728,7334.6447,9307.6357,9965.475,8447.6463,6373.2247,5794.1195,3746.0544,1898.4913,111.7092
2025-9-15,0:00,0.0,0.0,0.0,0.0,0.0,98.6749,1730.2639,4026.9223,6641.1092,8502.9,9608.7,9965.475,9576.8195,7830.7974,5669.3618,4043.457,1990.14,92.785,0.0,0.0,0.0,0.0,0.0,0.0
2025-9-15,6:00,1752.8047,3996.4344,6213.5794,8502.9,9608.7,9878.3854,8509.6237,7480.337,5821.3534,3769.7757,1856.2545,93.9263,0.0,0.0,0.0,0.0,0.0,0.0,0.0,0.0,0.0,0.0,0.0,67.1585
2025-9-15,12:00,8667.1333,7390.2024,5446.5672,3784.7354,1939.2737,85.6924,0.0,0.0,0.0,0.0,0.0,0.0,0.0,0.0,0.0,0.0,0.0,101.9152,2014.4282,4351.2628,6911.1,8557.65,9608.7,9965.475
2025-9-15,18:00,0.0,0.0,0.0,0.0,0.0,0.0,0.0,0.0,0.0,0.0,0.0,75.7185,1472.0074,3807.7548,6087.7957,6386.6474,6717.5222,6853.3461,5950.4023,4526.2931,4270.9594,3702.7023,1886.1519,87.9023
2025-9-16,0:00,0.0,0.0,0.0,0.0,0.0,84.2247,1736.9653,3817.5893,5862.1261,7151.5816,7505.5846,6723.5645,7038.6489,5580.7942,4153.5417,3447.1751,2181.5048,98.2512,0.0,0.0,0.0,0.0,0.0,0.0
2025-9-16,6:00,1729.8428,3877.205,5914.5175,7266.9612,7904.6139,7331.1167,7595.8381,6510.7044,4946.2789,4210.4592,1956.0214,90.5106,0.0,0.0,0.0,0.0,0.0,0.0,0.0,0.0,0.0,0.0,0.0,52.7528
2025-9-16,12:00,8105.1099,7072.8194,5270.3852,4108.2388,1998.075,85.5312,0.0,0.0,0.0,0.0,0.0,0.0,0.0,0.0,0.0,0.0,0.0,52.3585,1784.6196,4504.1058,5574.3528,7782.3812,9608.7,9965.475
2025-9-16,18:00,0.0,0.0,0.0,0.0,0.0,0.0,0.0,0.0,0.0,0.0,0.0,50.4238,1645.5933,3883.0467,4619.6387,6314.9597,7923.2512,7533.451,7373.7018,5928.5659,4883.8455,2593.6313,1352.472,30.4358
2025-9-17,0:00,0.0,0.0,0.0,0.0,0.0,57.0403,1738.4496,4054.8739,5491.2449,6657.7765,8236.9114,9311.9724,8636.0259,5770.907,5261.5483,2791.6599,1415.35,38.8017,0.0,0.0,0.0,0.0,0.0,0.0
2025-9-17,6:00,1754.4784,3925.4882,5038.403,6737.3319,8097.165,9038.5164,9060.3693,7284.8896,5473.544,3156.7675,1575.7159,48.4925,0.0,0.0,0.0,0.0,0.0,0.0,0.0,0.0,0.0,0.0,0.0,47.5089
2025-9-17,12:00,8567.5717,6978.5673,5929.1014,3766.0248,1835.4182,50.7771,0.0,0.0,0.0,0.0,0.0,0.0,0.0,0.0,0.0,0.0,0.0,39.4352,1845.6101,3607.8606,3678.2749,4604.4584,6030.7174,4728.0318
2025-9-17,18:00,0.0,0.0,0.0,0.0,0.0,0.0,0.0,0.0,0.0,0.0,0.0,40.84,1929.7133,3869.4663,5242.9227,6188.6158,7263.1212,7864.3188,7697.2024,7990.1134,6633.4078,4432.725,2329.8,55.8439
2025-9-18,0:00,0.0,0.0,0.0,0.0,0.0,38.3721,1809.2517,4202.6862,5902.7723,7804.4392,9608.7,9965.475,8415.3817,8038.875,5654.037,3742.2462,1941.5496,39.5213,0.0,0.0,0.0,0.0,0.0,0.0
2025-9-18,6:00,1807.4555,3897.6432,5342.1782,6590.417,7989.1486,8205.1222,7021.9514,6346.0687,5090.9005,3551.048,1959.0003,42.0082,0.0,0.0,0.0,0.0,0.0,0.0,0.0,0.0,0.0,0.0,0.0,23.3652
2025-9-18,12:00,7547.6973,7087.0156,5281.7066,3914.1496,1934.7997,42.9981,0.0,0.0,0.0,0.0,0.0,0.0,0.0,0.0,0.0,0.0,0.0,21.0492,1795.9161,3581.9936,5552.5913,8557.65,9608.7,9965.475
2025-9-18,18:00,0.0,0.0,0.0,0.0,0.0,0.0,0.0,0.0,0.0,0.0,0.0,20.966,1836.1044,3693.2854,6244.7954,7509.4788,8215.169,8865.6154,8771.7768,5617.9905,4310.3188,2401.6431,678.185,5.6165
2025-9-19,0:00,0.0,0.0,0.0,0.0,0.0,20.615,1961.7565,3850.3485,5747.8528,7148.4452,7833.3926,7452.481,8348.9607,7312.8202,5773.7234,3347.1203,1464.7648,15.9382,0.0,0.0,0.0,0.0,0.0,0.0
2025-9-19,6:00,1826.6575,3539.0931,5653.6401,7206.5159,7590.376,7822.2581,8602.1155,7089.9312,5402.9274,3116.3377,1347.1349,16.1572,0.0,0.0,0.0,0.0,0.0,0.0,0.0,0.0,0.0,0.0,0.0,6.9736
2025-9-19,12:00,8281.4885,7061.4619,5648.4986,3607.1671,1690.7338,20.6957,0.0,0.0,0.0,0.0,0.0,0.0,0.0,0.0,0.0,0.0,0.0,6.1267,1740.6035,4355.3437,5394.635,8151.9215,8344.7135,7654.8348
2025-9-19,18:00,0.0,0.0,0.0,0.0,0.0,0.0,0.0,0.0,0.0,0.0,0.0,5.3854,1349.1277,3754.913,4950.1539,6766.5484,7219.0327,7895.9407,5572.7868,4254.9677,4628.5677,3660.4698,1795.4289,7.3175
2025-9-20,0:00,0.0,0.0,0.0,0.0,0.0,6.0923,1674.6511,3966.9075,5716.3512,8114.4475,9381.7913,9040.8304,8863.0044,6283.1669,5127.3612,3283.8479,1487.7192,5.9327,0.0,0.0,0.0,0.0,0.0,0.0
2025-9-20,6:00,1567.7812,3632.4043,4970.107,7228.61,8088.8257,7620.4538,7826.6869,6462.0546,5515.5081,3494.5674,1631.0387,5.128,0.0,0.0,0.0,0.0,0.0,0.0,0.0,0.0,0.0,0.0,0.0,0.0
2025-9-20,12:00,8643.0102,6599.1964,5575.883,3699.5193,1843.9934,5.6783,0.0,0.0,0.0,0.0,0.0,0.0,0.0,0.0,0.0,0.0,0.0,0.0,1774.7661,4369.9125,6911.1,6772.7112,7191.25,7740.8675
2025-9-20,18:00,0.0,0.0,0.0,0.0,0.0,0.0,0.0,0.0,0.0,0.0,0.0,0.0,2136.3831,4240.4377,6911.1,8529.0791,8339.5208,7247.8169,9166.406,7736.429,6685.6467,4307.3321,2010.4953,0.0
2025-9-21,0:00,0.0,0.0,0.0,0.0,0.0,0.0,1516.0351,3393.6128,6195.7208,6737.3786,7556.1625,7659.5788,8839.1518,6506.3249,5799.9615,3731.1436,1585.5412,0.0,0.0,0.0,0.0,0.0,0.0,0.0
2025-9-21,6:00,1659.8183,3828.1981,6352.679,6890.5833,7154.4427,7114.2915,7465.6025,6795.4819,5928.3736,3732.6581,1517.5695,0.0,0.0,0.0,0.0,0.0,0.0,0.0,0.0,0.0,0.0,0.0,0.0,0.0
2025-9-21,12:00,8402.3459,7359.6182,6260.6295,3732.9639,1549.9879,0.0,0.0,0.0,0.0,0.0,0.0,0.0,0.0,0.0,0.0,0.0,0.0,0.0,2181.5855,4369.9125,6911.1,8557.65,9608.7,9965.475
2025-9-21,18:00,0.0,0.0,0.0,0.0,0.0,0.0,0.0,0.0,0.0,0.0,0.0,0.0,2238.5748,4369.9125,6911.1,8557.65,8837.5183,8076.2347,8245.448,6464.9222,5056.9787,3379.9016,1706.0481,0.0
2025-9-22,0:00,0.0,0.0,0.0,0.0,0.0,0.0,1731.9135,3853.0811,5910.8213,7672.6475,7730.0543,7933.3524,7192.1691,6119.0702,3750.4316,2385.426,1044.5444,0.0,0.0,0.0,0.0,0.0,0.0,0.0
2025-9-22,6:00,1688.5949,3778.9853,5909.0831,7765.0664,8616.7877,8599.1161,8383.8745,6793.0214,5072.7468,3097.0709,1379.4093,0.0,0.0,0.0,0.0,0.0,0.0,0.0,0.0,0.0,0.0,0.0,0.0,0.0
2025-9-22,12:00,8038.7688,6953.3391,5490.353,3433.1742,1646.6606,0.0,0.0,0.0,0.0,0.0,0.0,0.0,0.0,0.0,0.0,0.0,0.0,0.0,1327.9775,3863.6934,5710.1157,6721.9637,8782.1193,8787.876
2025-9-22,18:00,0.0,0.0,0.0,0.0,0.0,0.0,0.0,0.0,0.0,0.0,0.0,0.0,1724.4259,4236.6964,6441.4968,7892.5412,8127.6598,7772.9791,6972.291,6311.2248,4277.2503,3593.9299,1693.7985,0.0
2025-9-23,0:00,0.0,0.0,0.0,0.0,0.0,0.0,1557.3423,3790.5523,5672.6385,6695.125,7039.7028,8741.6789,7807.7894,6799.915,4338.9708,3204.0589,1288.1895,0.0,0.0,0.0,0.0,0.0,0.0,0.0
2025-9-23,6:00,1509.2196,3772.0576,5829.5882,6509.1949,7529.2452,8803.7336,7942.5486,6944.4765,4590.2039,3318.2284,1398.0938,0.0,0.0,0.0,0.0,0.0,0.0,0.0,0.0,0.0,0.0,0.0,0.0,0.0
2025-9-23,12:00,8197.0556,7182.1322,4791.2126,3585.5303,1441.7306,0.0,0.0,0.0,0.0,0.0,0.0,0.0,0.0,0.0,0.0,0.0,0.0,0.0,1482.9845,3248.7531,5461.1794,7736.7719,7991.3901,9177.5143
2025-9-23,18:00,0.0,0.0,0.0,0.0,0.0,0.0,0.0,0.0,0.0,0.0,0.0,0.0,1433.3831,3193.9537,5391.6451,6933.8748,7719.1946,7863.0805,7832.1076,6321.7606,5710.8216,3819.0355,1591.9612,0.0
2025-9-24,0:00,0.0,0.0,0.0,0.0,0.0,0.0,1459.098,3271.153,5343.1209,7775.5432,9573.3473,9949.2517,9763.3875,7955.175,6115.875,4153.8375,1895.595,0.0,0.0,0.0,0.0,0.0,0.0,0.0
2025-9-24,6:00,1519.5643,3310.0633,5239.8568,7361.4307,8332.9534,8268.7021,8591.2683,7811.1198,6115.875,3948.1333,1816.3086,0.0,0.0,0.0,0.0,0.0,0.0,0.0,0.0,0.0,0.0,0.0,0.0,0.0
2025-9-24,12:00,8125.6537,7459.0564,5816.0019,3760.1555,1545.9629,0.0,0.0,0.0,0.0,0.0,0.0,0.0,0.0,0.0,0.0,0.0,0.0,0.0,1335.3206,2746.0674,5456.4899,7659.3758,8968.0514,9390.7642
2025-9-24,18:00,0.0,0.0,0.0,0.0,0.0,0.0,0.0,0.0,0.0,0.0,0.0,0.0,1818.408,4018.4932,5269.0134,5073.7998,5993.3146,6343.2582,6030.3998,6862.5442,5789.1732,3202.6952,1356.6219,0.0
2025-9-25,0:00,0.0,0.0,0.0,0.0,0.0,0.0,1626.4283,3572.0522,5413.0946,6866.3839,8264.6507,7736.7626,8179.1512,7821.108,6115.875,3093.8985,1420.6988,0.0,0.0,0.0,0.0,0.0,0.0,0.0
2025-9-25,6:00,1561.8876,3329.3116,5310.9907,6503.6376,7831.0696,7771.6315,7191.6049,6835.7416,5401.6757,3231.9809,1521.8548,0.0,0.0,0.0,0.0,0.0,0.0,0.0,0.0,0.0,0.0,0.0,0.0,0.0
2025-9-25,12:00,7796.9324,7097.9846,5316.2338,3200.8212,1487.0872,0.0,0.0,0.0,0.0,0.0,0.0,0.0,0.0,0.0,0.0,0.0,0.0,0.0,1193.8447,1992.3099,1820.8719,3020.3379,3545.6205,3418.8174
2025-9-25,18:00,0.0,0.0,0.0,0.0,0.0,0.0,0.0,0.0,0.0,0.0,0.0,0.0,1515.6278,3727.7537,4952.2491,6668.7795,7519.1991,8298.6715,8960.6711,7604.1311,4788.6202,3256.0454,1231.8717,0.0
2025-9-26,0:00,0.0,0.0,0.0,0.0,0.0,0.0,1536.6075,3639.0507,4790.2725,6207.5113,7163.1307,7609.9429,7044.7763,6058.8546,4180.8034,2732.8955,1235.2399,0.0,0.0,0.0,0.0,0.0,0.0,0.0
2025-9-26,6:00,1573.6624,3498.2691,4702.6397,6214.6074,7018.6739,7760.9907,8096.0531,6886.4912,5420.8913,3851.8967,1594.193,0.0,0.0,0.0,0.0,0.0,0.0,0.0,0.0,0.0,0.0,0.0,0.0,0.0
2025-9-26,12:00,8247.3321,6934.4357,5390.1275,3726.7128,1598.4094,0.0,0.0,0.0,0.0,0.0,0.0,0.0,0.0,0.0,0.0,0.0,0.0,0.0,1320.1853,3804.5061,6233.4665,8557.65,9400.3106,9965.475
2025-9-26,18:00,0.0,0.0,0.0,0.0,0.0,0.0,0.0,0.0,0.0,0.0,0.0,0.0,1693.8128,3986.0625,6272.4346,8267.2718,7892.9332,7669.099,7623.4651,6198.5999,4634.031,3032.4152,1338.116,0.0
2025-9-27,0:00,0.0,0.0,0.0,0.0,0.0,0.0,1469.4069,3879.7026,6460.0204,8557.65,8714.8072,8913.7299,9219.8535,7937.4604,5129.1338,3393.1235,1543.9375,0.0,0.0,0.0,0.0,0.0,0.0,0.0
2025-9-27,6:00,1379.4939,3652.084,5906.5401,7818.2083,8153.84,8262.5673,7197.9303,5911.1537,4085.878,2494.8389,1320.358,0.0,0.0,0.0,0.0,0.0,0.0,0.0,0.0,0.0,0.0,0.0,0.0,0.0
2025-9-27,12:00,7591.5301,6536.2582,4712.0219,3085.3375,1451.3106,0.0,0.0,0.0,0.0,0.0,0.0,0.0,0.0,0.0,0.0,0.0,0.0,0.0,1491.0108,3450.061,5526.1204,7137.7831,7832.439,8144.2359
2025-9-27,18:00,0.0,0.0,0.0,0.0,0.0,0.0,0.0,0.0,0.0,0.0,0.0,0.0,1390.4758,3458.5483,5466.6555,7979.2462,9608.7,9965.475,9435.3,8232.3375,5840.4383,4153.8375,1678.4891,0.0
2025-9-28,0:00,0.0,0.0,0.0,0.0,0.0,0.0,1468.4227,3520.7271,5422.6458,6365.3102,7968.3044,9121.8898,7337.7112,7056.1323,6115.875,3988.8552,1401.2487,0.0,0.0,0.0,0.0,0.0,0.0,0.0
2025-9-28,6:00,1404.741,3346.6469,5016.5703,6387.5205,7125.8838,7154.9964,5949.0208,5822.2999,4721.9204,3527.0927,1591.2513,0.0,0.0,0.0,0.0,0.0,0.0,0.0,0.0,0.0,0.0,0.0,0.0,0.0
2025-9-28,12:00,7113.6593,6705.3633,5545.67,3799.4791,1449.597,0.0,0.0,0.0,0.0,0.0,0.0,0.0,0.0,0.0,0.0,0.0,0.0,0.0,1777.53,3986.0625,5332.8883,6633.3246,7763.5532,9108.0477
2025-9-28,18:00,0.0,0.0,0.0,0.0,0.0,0.0,0.0,0.0,0.0,0.0,0.0,0.0,1671.3449,3746.4057,5432.4356,7248.2156,8145.5337,8192.698,7270.1568,7247.7128,5457.1723,2868.6587,1222.8292,0.0
2025-9-29,0:00,0.0,0.0,0.0,0.0,0.0,0.0,1411.6578,3400.9411,5207.3648,6833.0641,7989.4545,8518.799,7474.5982,6692.117,5062.3859,2604.2037,966.4526,0.0,0.0,0.0,0.0,0.0,0.0,0.0
2025-9-29,6:00,1457.1571,3629.6527,5662.4671,7465.1317,8297.8493,9461.0578,8424.8115,7545.8749,5608.9179,3284.8063,1311.1205,0.0,0.0,0.0,0.0,0.0,0.0,0.0,0.0,0.0,0.0,0.0,0.0,0.0
2025-9-29,12:00,7676.2494,6942.6121,5558.6307,3349.1151,1439.254,0.0,0.0,0.0,0.0,0.0,0.0,0.0,0.0,0.0,0.0,0.0,0.0,0.0,1477.0559,3796.48,5355.887,8017.0468,8982.795,9782.5459
2025-9-29,18:00,0.0,0.0,0.0,0.0,0.0,0.0,0.0,0.0,0.0,0.0,0.0,0.0,1462.2748,3486.6723,5065.4814,6610.7655,6841.3314,8296.345,8651.0136,6715.1894,5181.0633,3505.5903,1558.496,0.0
2025-9-30,0:00,0.0,0.0,0.0,0.0,0.0,0.0,1271.5095,3668.3291,5844.3242,7272.1523,8886.0258,9815.8291,7577.0164,5427.3392,4593.2307,2574.0882,967.0208,0.0,0.0,0.0,0.0,0.0,0.0,0.0
2025-9-30,6:00,1279.1018,3290.7035,5145.3653,6851.2815,7634.3711,8617.6332,8547.8764,6202.4224,4522.3091,3122.9005,1374.0787,0.0,0.0,0.0,0.0,0.0,0.0,0.0,0.0,0.0,0.0,0.0,0.0,0.0
2025-9-30,12:00,7915.9033,5836.9339,4630.2083,3080.885,1307.4201,0.0,0.0,0.0,0.0,0.0,0.0,0.0,0.0,0.0,0.0,0.0,0.0,0.0,1207.6814,3178.5286,5507.0335,7744.2152,9439.4625,9623.682
2025-9-30,18:00,0.0,0.0,0.0,0.0,0.0,0.0,0.0,0.0,0.0,0.0,0.0,0.0,1726.6543,3915.9867,6280.8722,8557.65,8431.0987,7920.9838,9003.385,7375.3774,5458.0985,4153.8375,1674.2711,0.0
2025-10-1,0:00,0.0,0.0,0.0,0.0,0.0,0.0,1588.5282,3924.6127,6487.05,8016.1104,8671.765,8480.799,7398.4308,6467.0355,5117.3049,3580.547,1486.9387,0.0,0.0,0.0,0.0,0.0,0.0,0.0
2025-10-1,6:00,1607.1774,3892.3427,6350.5449,8264.7755,8642.7726,8671.7552,8415.5713,6330.0861,5095.7459,3294.6501,1335.9379,0.0,0.0,0.0,0.0,0.0,0.0,0.0,0.0,0.0,0.0,0.0,0.0,0.0
2025-10-1,12:00,9012.8605,6996.803,5479.7848,3696.4436,1410.3327,0.0,0.0,0.0,0.0,0.0,0.0,0.0,0.0,0.0,0.0,0.0,0.0,0.0,1515.3598,3455.8774,6165.13,8427.7074,9439.4625,9835.125
2025-10-1,18:00,0.0,0.0,0.0,0.0,0.0,0.0,0.0,0.0,0.0,0.0,0.0,0.0,1139.8996,2907.0793,5333.59,7354.3221,9439.4625,9835.125,9435.3,8232.3375,6115.875,3962.1987,1273.259,0.0
2025-10-2,0:00,0.0,0.0,0.0,0.0,0.0,0.0,1521.2348,3498.1983,5180.1495,6009.2417,7376.14,8248.7802,7800.5015,5899.3795,4676.8762,2804.2891,1244.1803,0.0,0.0,0.0,0.0,0.0,0.0,0.0
2025-10-2,6:00,1565.359,3710.1067,5650.052,7421.3127,8268.9794,8532.2187,7932.7644,7200.065,5606.3779,3985.7709,1638.2583,0.0,0.0,0.0,0.0,0.0,0.0,0.0,0.0,0.0,0.0,0.0,0.0,0.0
2025-10-2,12:00,8860.6531,7741.5945,6053.8371,4003.6125,1734.6075,0.0,0.0,0.0,0.0,0.0,0.0,0.0,0.0,0.0,0.0,0.0,0.0,0.0,1730.0893,3927.225,6487.05,8557.65,8167.8121,7634.7033
2025-10-2,18:00,0.0,0.0,0.0,0.0,0.0,0.0,0.0,0.0,0.0,0.0,0.0,0.0,1719.5928,3927.225,6335.3009,8557.65,8778.4042,6744.2864,7047.1401,4600.9575,2907.4171,1802.7474,1012.2888,0.0
2025-10-3,0:00,0.0,0.0,0.0,0.0,0.0,0.0,1514.8282,3927.225,5930.9327,7499.4223,8376.4557,8564.2642,8446.1856,7052.2085,5808.4184,4003.6125,1661.7156,0.0,0.0,0.0,0.0,0.0,0.0,0.0
2025-10-3,6:00,1470.4248,3664.9882,5605.1245,7444.1091,8916.3477,9675.7294,9435.3,8225.6461,6115.875,4003.6125,1571.2785,0.0,0.0,0.0,0.0,0.0,0.0,0.0,0.0,0.0,0.0,0.0,0.0,0.0
2025-10-3,12:00,9310.1718,7428.2281,5764.0172,3819.5727,1490.8539,0.0,0.0,0.0,0.0,0.0,0.0,0.0,0.0,0.0,0.0,0.0,0.0,0.0,1075.5835,2825.02,4812.8736,7094.2425,7918.9719,7984.0809
2025-10-3,18:00,0.0,0.0,0.0,0.0,0.0,0.0,0.0,0.0,0.0,0.0,0.0,0.0,1577.1865,3705.0612,5514.4994,8225.7473,9424.1856,9835.125,9435.3,8232.3375,5798.9808,2938.6758,1273.4156,0.0
2025-10-4,0:00,0.0,0.0,0.0,0.0,0.0,0.0,1347.8221,3033.3295,4494.7168,5837.8857,6306.494,7169.189,6839.455,5945.421,4856.45,3055.9905,1264.6793,0.0,0.0,0.0,0.0,0.0,0.0,0.0
2025-10-4,6:00,1423.5355,3544.9587,5427.458,7224.3492,8258.1098,8840.4598,7705.0158,7154.4209,5697.6439,3290.9668,1460.6008,0.0,0.0,0.0,0.0,0.0,0.0,0.0,0.0,0.0,0.0,0.0,0.0,0.0
2025-10-4,12:00,8287.1429,7241.2952,5855.8599,3407.9188,1496.6313,0.0,0.0,0.0,0.0,0.0,0.0,0.0,0.0,0.0,0.0,0.0,0.0,0.0,1678.1625,3733.0858,4169.2022,4529.3037,5928.6407,3038.2775
2025-10-4,18:00,0.0,0.0,0.0,0.0,0.0,0.0,0.0,0.0,0.0,0.0,0.0,0.0,1402.3526,3537.1728,6487.05,7731.4578,9439.4625,9835.125,9324.5255,5957.9832,5357.6371,3076.8565,957.1368,0.0
2025-10-5,0:00,0.0,0.0,0.0,0.0,0.0,0.0,1330.5047,3005.6088,5280.8762,5870.1901,7032.0711,7109.2914,8088.9567,6503.002,5687.8731,3657.107,1374.6958,0.0,0.0,0.0,0.0,0.0,0.0,0.0
2025-10-5,6:00,1507.1061,3577.5327,5828.1219,6953.8629,8850.2221,9324.2545,9053.2196,7883.7422,5776.9535,3508.113,1347.9809,0.0,0.0,0.0,0.0,0.0,0.0,0.0,0.0,0.0,0.0,0.0,0.0,0.0
2025-10-5,12:00,8807.4886,7365.7928,5620.9531,3588.4049,1263.4729,0.0,0.0,0.0,0.0,0.0,0.0,0.0,0.0,0.0,0.0,0.0,0.0,0.0,1489.6994,3248.4776,5398.9172,6438.469,7552.8662,6774.5448
2025-10-5,18:00,0.0,0.0,0.0,0.0,0.0,0.0,0.0,0.0,0.0,0.0,0.0,0.0,1531.0581,3849.6891,5215.9141,6415.8776,7690.107,7977.717,6644.4748,5283.7294,4870.7693,2100.2684,562.8878,0.0
2025-10-6,0:00,0.0,0.0,0.0,0.0,0.0,0.0,1444.4839,3819.7046,6065.2025,8557.65,9439.4625,9835.125,8746.3454,8232.3375,5725.9671,3284.4294,1396.1576,0.0,0.0,0.0,0.0,0.0,0.0,0.0
2025-10-6,6:00,1417.3108,3576.9628,5638.455,7661.9507,8568.068,8846.1293,8000.9358,7027.2267,5954.3485,3429.8753,1247.5177,0.0,0.0,0.0,0.0,0.0,0.0,0.0,0.0,0.0,0.0,0.0,0.0,0.0
2025-10-6,12:00,8061.7793,7235.5099,5900.2183,3598.3612,1238.7503,0.0,0.0,0.0,0.0,0.0,0.0,0.0,0.0,0.0,0.0,0.0,0.0,0.0,1439.2744,3799.9983,4467.4313,7086.5172,7619.1341,7543.122
2025-10-6,18:00,0.0,0.0,0.0,0.0,0.0,0.0,0.0,0.0,0.0,0.0,0.0,0.0,1610.9682,3910.65,6487.05,8557.65,9439.4625,9597.7168,8970.7186,6553.3433,5616.0459,3415.066,1465.1818,0.0
2025-10-7,0:00,0.0,0.0,0.0,0.0,0.0,0.0,1386.0418,3540.5621,5470.9809,7159.2135,7905.9207,8480.2046,8237.3607,7423.6265,6115.875,4003.6125,1534.8386,0.0,0.0,0.0,0.0,0.0,0.0,0.0
2025-10-7,6:00,1301.7842,3399.3441,5115.8784,7016.0566,7818.8446,8558.0134,8447.8759,7389.2178,6115.875,3776.9623,1491.3079,0.0,0.0,0.0,0.0,0.0,0.0,0.0,0.0,0.0,0.0,0.0,0.0,0.0
2025-10-7,12:00,8148.7766,7180.6794,5495.1095,3407.121,1367.7681,0.0,0.0,0.0,0.0,0.0,0.0,0.0,0.0,0.0,0.0,0.0,0.0,0.0,1371.1406,3759.7604,5911.5113,6147.8589,5958.2959,5573.7662
2025-10-7,18:00,0.0,0.0,0.0,0.0,0.0,0.0,0.0,0.0,0.0,0.0,0.0,0.0,1016.8749,3184.8454,5031.3813,7547.2048,7930.2809,9245.7181,8772.8178,8115.3233,6115.875,3855.7868,1342.3109,0.0
2025-10-8,0:00,0.0,0.0,0.0,0.0,0.0,0.0,1213.5798,3704.1323,5780.9438,8557.65,8540.289,8209.9701,8198.4697,7978.5374,5861.3097,3583.7621,1479.5769,0.0,0.0,0.0,0.0,0.0,0.0,0.0
2025-10-8,6:00,1198.5802,3522.0531,5667.1667,7767.1411,8420.1472,8487.676,8660.0745,7969.4123,6115.875,3700.4278,1474.5262,0.0,0.0,0.0,0.0,0.0,0.0,0.0,0.0,0.0,0.0,0.0,0.0,0.0
2025-10-8,12:00,8170.4345,7864.8514,6115.875,3492.5055,1502.6349,0.0,0.0,0.0,0.0,0.0,0.0,0.0,0.0,0.0,0.0,0.0,0.0,0.0,1405.884,3910.65,6487.05,8557.65,8789.9165,9835.125
2025-10-8,18:00,0.0,0.0,0.0,0.0,0.0,0.0,0.0,0.0,0.0,0.0,0.0,0.0,1179.2659,2857.9423,4737.9313,5397.9462,5110.5564,7184.785,8343.5255,8140.3957,6115.875,4003.6125,1642.3875,0.0
2025-10-9,0:00,0.0,0.0,0.0,0.0,0.0,0.0,1133.8522,2930.453,5189.1913,6829.8046,7066.8126,7754.1914,7717.9193,6188.5285,4610.8042,2570.3083,1150.7585,0.0,0.0,0.0,0.0,0.0,0.0,0.0
2025-10-9,6:00,1176.413,3300.3909,6058.2565,7811.6425,8147.1155,9434.8261,9207.1618,8134.0979,5898.2831,3670.8256,1416.7589,0.0,0.0,0.0,0.0,0.0,0.0,0.0,0.0,0.0,0.0,0.0,0.0,0.0
2025-10-9,12:00,8864.3818,8040.1565,5681.7704,3521.0959,1382.4241,0.0,0.0,0.0,0.0,0.0,0.0,0.0,0.0,0.0,0.0,0.0,0.0,0.0,1147.6327,3664.4014,5670.396,8557.65,9439.4625,9835.125
2025-10-9,18:00,0.0,0.0,0.0,0.0,0.0,0.0,0.0,0.0,0.0,0.0,0.0,0.0,1181.5885,3346.0537,5105.3771,7301.7812,8596.0289,9835.125,9435.3,8232.3375,5687.0812,3248.2723,1027.0523,0.0
2025-10-10,0:00,0.0,0.0,0.0,0.0,0.0,0.0,1080.2656,3320.7695,4858.2114,6323.4672,8472.4771,8206.9369,7413.9406,6838.6358,5052.4158,2651.8736,1155.4566,0.0,0.0,0.0,0.0,0.0,0.0,0.0
2025-10-10,6:00,1196.5788,3601.6065,5632.9554,7182.6954,8219.6061,8509.891,8729.7378,7373.4364,4969.6971,3067.6851,1105.1855,0.0,0.0,0.0,0.0,0.0,0.0,0.0,0.0,0.0,0.0,0.0,0.0,0.0
2025-10-10,12:00,9435.3,8229.8266,5865.1384,3441.651,1273.902,0.0,0.0,0.0,0.0,0.0,0.0,0.0,0.0,0.0,0.0,0.0,0.0,0.0,1116.8808,3796.7497,6303.1436,7046.9334,9336.2357,9835.125
2025-10-10,18:00,0.0,0.0,0.0,0.0,0.0,0.0,0.0,0.0,0.0,0.0,0.0,0.0,1075.7107,3312.9435,5564.2821,7136.1644,8346.6503,7527.5666,8036.5956,5556.9159,4844.2493,2690.4899,1185.7858,0.0
2025-10-11,0:00,0.0,0.0,0.0,0.0,0.0,0.0,1033.023,3046.8155,4434.2384,6265.436,6860.842,7752.7478,7657.5989,7588.5636,5162.0064,3158.8577,1141.5444,0.0,0.0,0.0,0.0,0.0,0.0,0.0
2025-10-11,6:00,1056.0922,3195.1294,4923.3274,6629.5893,8046.8016,8344.5025,8764.5768,7326.327,5352.1759,2876.6824,1014.0925,0.0,0.0,0.0,0.0,0.0,0.0,0.0,0.0,0.0,0.0,0.0,0.0,0.0
2025-10-11,12:00,8613.4657,7298.9988,5322.6902,3426.6544,1156.8158,0.0,0.0,0.0,0.0,0.0,0.0,0.0,0.0,0.0,0.0,0.0,0.0,0.0,1395.6014,3718.4233,6487.05,6960.2628,5688.7849,5829.4776
2025-10-11,18:00,0.0,0.0,0.0,0.0,0.0,0.0,0.0,0.0,0.0,0.0,0.0,0.0,1222.4242,3887.074,6081.034,8162.1339,8730.7139,9835.125,8938.8125,8120.3661,6115.875,3979.2235,1065.8658,0.0
2025-10-12,0:00,0.0,0.0,0.0,0.0,0.0,0.0,1041.9505,3024.2858,5295.0566,7464.2645,7926.2139,8205.2319,7660.7,7287.0951,6115.3639,4003.6125,1485.1844,0.0,0.0,0.0,0.0,0.0,0.0,0.0
2025-10-12,6:00,1182.1069,3434.3798,5840.4354,7294.2226,7687.0789,7700.445,7047.8479,6921.1539,6115.875,3762.5846,1334.8604,0.0,0.0,0.0,0.0,0.0,0.0,0.0,0.0,0.0,0.0,0.0,0.0,0.0
2025-10-12,12:00,7803.7432,7107.3623,6082.7812,3986.784,1346.9171,0.0,0.0,0.0,0.0,0.0,0.0,0.0,0.0,0.0,0.0,0.0,0.0,0.0,1306.7161,3715.1734,5564.5624,8557.65,9439.4625,9835.125
2025-10-12,18:00,0.0,0.0,0.0,0.0,0.0,0.0,0.0,0.0,0.0,0.0,0.0,0.0,1370.2633,3396.0767,5263.9897,6598.3732,7343.0077,7348.4211,6646.8699,6095.4781,5607.1497,3799.6027,1419.8159,0.0
2025-10-13,0:00,0.0,0.0,0.0,0.0,0.0,0.0,1385.9764,3910.65,5633.7664,7494.4191,8091.1684,8519.2458,6725.426,7042.5228,4888.8126,2747.7495,1067.4028,0.0,0.0,0.0,0.0,0.0,0.0,0.0
2025-10-13,6:00,1280.7963,3425.3682,5398.6747,7179.4018,8728.4483,9121.1092,8482.5892,7723.4926,6020.4251,3714.7879,1260.8247,0.0,0.0,0.0,0.0,0.0,0.0,0.0,0.0,0.0,0.0,0.0,0.0,0.0
2025-10-13,12:00,8364.8919,7720.445,6006.7086,3514.23,1248.734,0.0,0.0,0.0,0.0,0.0,0.0,0.0,0.0,0.0,0.0,0.0,0.0,0.0,1401.046,3409.0229,6317.5687,7921.3225,8990.8407,9835.125
2025-10-13,18:00,0.0,0.0,0.0,0.0,0.0,0.0,0.0,0.0,0.0,0.0,0.0,0.0,992.126,2483.6989,4654.5481,7009.1094,7911.4034,7888.2294,6766.3681,6022.0735,4781.0273,2774.703,989.2126,0.0
2025-10-14,0:00,0.0,0.0,0.0,0.0,0.0,0.0,1178.6446,3219.6759,5671.4198,7321.005,7817.9027,8447.2683,7202.6479,5326.6818,4829.2305,2651.7591,940.4056,0.0,0.0,0.0,0.0,0.0,0.0,0.0
2025-10-14,6:00,1115.8791,2878.9413,5203.0586,7559.8394,8629.4439,9541.7851,9270.2507,8232.3375,5730.7509,3061.8205,963.0594,0.0,0.0,0.0,0.0,0.0,0.0,0.0,0.0,0.0,0.0,0.0,0.0,0.0
2025-10-14,12:00,7946.0443,6949.5323,5550.7387,3135.3808,1084.5209,0.0,0.0,0.0,0.0,0.0,0.0,0.0,0.0,0.0,0.0,0.0,0.0,0.0,1032.133,3161.1107,4316.5655,6235.7043,6767.1125,8098.3741
2025-10-14,18:00,0.0,0.0,0.0,0.0,0.0,0.0,0.0,0.0,0.0,0.0,0.0,0.0,868.0787,3016.0963,4534.1165,5934.6154,5928.519,7380.7258,4909.0223,4988.2087,3002.093,2013.3323,450.2938,0.0
2025-10-15,0:00,0.0,0.0,0.0,0.0,0.0,0.0,998.7632,3125.9518,5379.7445,7134.9533,7948.3941,7728.9856,6743.1227,5702.7088,3833.1208,2257.6271,813.214,0.0,0.0,0.0,0.0,0.0,0.0,0.0
2025-10-15,6:00,1065.804,3227.6338,5178.3256,7292.7551,8115.4682,9091.6013,8111.1134,6909.0018,5585.5763,3618.836,1030.299,0.0,0.0,0.0,0.0,0.0,0.0,0.0,0.0,0.0,0.0,0.0,0.0,0.0
2025-10-15,12:00,7457.454,6584.6015,5129.6805,3358.1108,1071.918,0.0,0.0,0.0,0.0,0.0,0.0,0.0,0.0,0.0,0.0,0.0,0.0,0.0,983.189,2628.9098,5240.5638,6507.9964,7139.149,8953.7914
2025-10-15,18:00,0.0,0.0,0.0,0.0,0.0,0.0,0.0,0.0,0.0,0.0,0.0,0.0,717.0413,2513.0136,4292.8941,6830.1224,8449.3969,9643.0926,9140.5873,8232.3375,6084.5799,4003.6125,1524.1348,0.0
2025-10-16,0:00,0.0,0.0,0.0,0.0,0.0,0.0,971.198,3278.57,5371.0348,7575.9124,8441.8103,9270.1642,6817.7317,6045.5047,4003.7052,2687.5073,942.9265,0.0,0.0,0.0,0.0,0.0,0.0,0.0
2025-10-16,6:00,940.538,3074.457,4822.0642,6966.7917,8074.3648,8869.1808,7792.9817,6748.5567,4610.9394,3026.269,949.5742,0.0,0.0,0.0,0.0,0.0,0.0,0.0,0.0,0.0,0.0,0.0,0.0,0.0
2025-10-16,12:00,7470.2058,6513.0787,4347.2247,3063.7146,1034.3152,0.0,0.0,0.0,0.0,0.0,0.0,0.0,0.0,0.0,0.0,0.0,0.0,0.0,942.5401,2881.0922,3850.728,4481.4537,4523.4168,5708.0059
2025-10-16,18:00,0.0,0.0,0.0,0.0,0.0,0.0,0.0,0.0,0.0,0.0,0.0,0.0,1096.0861,3491.7673,5976.225,7677.975,8686.275,9380.0625,9285.902,7551.1723,5116.5549,2793.8068,1019.7116,0.0
2025-10-17,0:00,0.0,0.0,0.0,0.0,0.0,0.0,1094.1079,3781.7541,5976.225,7677.975,8686.275,9380.0625,8897.0929,8232.3375,6115.875,3936.043,1341.8665,0.0,0.0,0.0,0.0,0.0,0.0,0.0
2025-10-17,6:00,1004.1829,3212.6035,5492.8959,7218.842,7991.8144,9170.98,8517.0306,7083.6196,5058.7658,3056.4165,929.3745,0.0,0.0,0.0,0.0,0.0,0.0,0.0,0.0,0.0,0.0,0.0,0.0,0.0
2025-10-17,12:00,7586.6846,6505.311,4971.8278,3037.643,1057.0162,0.0,0.0,0.0,0.0,0.0,0.0,0.0,0.0,0.0,0.0,0.0,0.0,0.0,891.3407,2991.3412,5402.6525,7677.975,8686.275,9380.0625
2025-10-17,18:00,0.0,0.0,0.0,0.0,0.0,0.0,0.0,0.0,0.0,0.0,0.0,0.0,1118.2596,3693.2581,5612.6112,6581.31,6536.3038,5441.6877,4523.3212,4307.9674,3918.0499,3154.4346,1190.1603,0.0
2025-10-18,0:00,0.0,0.0,0.0,0.0,0.0,0.0,1098.5143,3549.5931,5747.6002,7106.6831,7728.2422,7785.5538,6613.094,5559.4964,3833.8203,2265.89,680.8374,0.0,0.0,0.0,0.0,0.0,0.0,0.0
2025-10-18,6:00,1037.5378,3233.5565,5491.4248,6904.2418,7376.2995,7586.6131,6664.3056,5594.0737,3999.7333,2651.3993,753.3834,0.0,0.0,0.0,0.0,0.0,0.0,0.0,0.0,0.0,0.0,0.0,0.0,0.0
2025-10-18,12:00,7828.8198,6683.1034,4807.9949,3090.316,915.3892,0.0,0.0,0.0,0.0,0.0,0.0,0.0,0.0,0.0,0.0,0.0,0.0,0.0,600.873,1917.5468,3086.8549,5349.263,7994.0404,9004.6939
2025-10-18,18:00,0.0,0.0,0.0,0.0,0.0,0.0,0.0,0.0,0.0,0.0,0.0,0.0,920.7923,2555.4147,4179.4116,4993.0957,6121.9052,7633.6735,7708.6514,6411.9648,4773.3926,3197.4645,1094.5555,0.0
2025-10-19,0:00,0.0,0.0,0.0,0.0,0.0,0.0,968.8429,3042.489,5254.8214,7001.6799,8324.9996,8684.2562,7661.399,6281.6703,3558.4942,2279.7342,760.6637,0.0,0.0,0.0,0.0,0.0,0.0,0.0
2025-10-19,6:00,1018.8315,3106.1308,5315.2594,6917.0753,8161.5142,8817.9251,7272.6395,6170.7359,4110.6925,2457.3951,842.118,0.0,0.0,0.0,0.0,0.0,0.0,0.0,0.0,0.0,0.0,0.0,0.0,0.0
2025-10-19,12:00,7863.2791,6650.686,4329.1991,2587.4059,850.7427,0.0,0.0,0.0,0.0,0.0,0.0,0.0,0.0,0.0,0.0,0.0,0.0,0.0,704.4532,2545.2275,4409.92,5694.9282,6551.9879,9380.0625
2025-10-19,18:00,0.0,0.0,0.0,0.0,0.0,0.0,0.0,0.0,0.0,0.0,0.0,0.0,795.7737,2585.3057,4102.6825,5687.6282,6963.7901,8155.1074,8223.8642,6749.0038,5085.6474,3453.325,1007.7407,0.0
2025-10-20,0:00,0.0,0.0,0.0,0.0,0.0,0.0,878.9497,2625.5146,4385.9432,5820.1447,7185.4403,8564.0023,7889.5593,5350.53,4206.4037,2319.0628,576.9637,0.0,0.0,0.0,0.0,0.0,0.0,0.0
2025-10-20,6:00,955.111,2928.1139,4610.5459,6114.5055,7537.1447,7794.8035,7356.9478,6466.4464,4444.209,2976.5125,901.2532,0.0,0.0,0.0,0.0,0.0,0.0,0.0,0.0,0.0,0.0,0.0,0.0,0.0
2025-10-20,12:00,7683.2503,6515.8598,4807.0373,3158.7819,900.1125,0.0,0.0,0.0,0.0,0.0,0.0,0.0,0.0,0.0,0.0,0.0,0.0,0.0,799.9727,2361.0324,4386.7236,5171.3065,5323.8343,4366.0927
2025-10-20,18:00,0.0,0.0,0.0,0.0,0.0,0.0,0.0,0.0,0.0,0.0,0.0,0.0,700.5325,2848.4271,4763.4319,6344.9579,6291.552,6972.3984,7173.181,5178.5425,3648.1629,2894.3836,796.982,0.0
2025-10-21,0:00,0.0,0.0,0.0,0.0,0.0,0.0,758.1012,3011.3897,5320.7582,6469.5551,8047.8427,7686.4771,6774.9008,5482.5704,4292.3647,2206.3185,768.5281,0.0,0.0,0.0,0.0,0.0,0.0,0.0
2025-10-21,6:00,739.8881,2912.0026,4894.369,6309.8751,7238.5083,7524.0562,7084.8696,5798.0023,4496.8454,2963.0094,895.0012,0.0,0.0,0.0,0.0,0.0,0.0,0.0,0.0,0.0,0.0,0.0,0.0,0.0
2025-10-21,12:00,7149.5991,6035.1316,4782.2537,3074.9477,886.3216,0.0,0.0,0.0,0.0,0.0,0.0,0.0,0.0,0.0,0.0,0.0,0.0,0.0,858.9587,2617.7588,4302.5145,6001.3351,6988.4909,6236.3623
2025-10-21,18:00,0.0,0.0,0.0,0.0,0.0,0.0,0.0,0.0,0.0,0.0,0.0,0.0,887.328,3073.4475,5135.6333,7131.4479,8652.2625,9380.0625,9435.3,8232.3375,6115.875,3641.4,1130.3867,0.0
2025-10-22,0:00,0.0,0.0,0.0,0.0,0.0,0.0,756.865,2791.4345,4177.3229,6143.2721,8095.1821,8503.1158,8166.0936,6506.4067,4913.1252,2684.2878,846.2266,0.0,0.0,0.0,0.0,0.0,0.0,0.0
2025-10-22,6:00,800.6693,2841.5232,4270.9284,5770.1997,7690.0057,7676.6131,8102.9163,7390.0476,6115.875,3365.8054,1028.9098,0.0,0.0,0.0,0.0,0.0,0.0,0.0,0.0,0.0,0.0,0.0,0.0,0.0
2025-10-22,12:00,7713.7982,6747.6814,5286.6446,2781.1782,843.2827,0.0,0.0,0.0,0.0,0.0,0.0,0.0,0.0,0.0,0.0,0.0,0.0,0.0,706.9541,3159.4016,5348.1474,7677.975,8652.2625,9380.0625
2025-10-22,18:00,0.0,0.0,0.0,0.0,0.0,0.0,0.0,0.0,0.0,0.0,0.0,0.0,781.7536,2701.0255,4144.8019,6444.5239,7264.7855,7837.3663,7476.8372,7731.6781,6062.7694,3574.07,971.141,0.0
2025-10-23,0:00,0.0,0.0,0.0,0.0,0.0,0.0,651.3269,2421.0167,3656.7399,4869.1596,5896.3593,5379.0973,5793.3276,5515.2587,4493.871,3343.1712,955.1524,0.0,0.0,0.0,0.0,0.0,0.0,0.0
2025-10-23,6:00,738.7839,2882.2556,4619.3974,7400.8083,8652.2625,8865.9022,8167.7939,6897.0103,5177.9891,3172.4613,900.3619,0.0,0.0,0.0,0.0,0.0,0.0,0.0,0.0,0.0,0.0,0.0,0.0,0.0
2025-10-23,12:00,7432.8673,6455.6872,4850.6042,3001.5032,851.8535,0.0,0.0,0.0,0.0,0.0,0.0,0.0,0.0,0.0,0.0,0.0,0.0,0.0,880.5965,3209.3284,5875.05,7677.975,8652.2625,9380.0625
2025-10-23,18:00,0.0,0.0,0.0,0.0,0.0,0.0,0.0,0.0,0.0,0.0,0.0,0.0,819.6655,2899.3445,5533.0744,6621.4203,6829.3712,6867.3707,6462.2923,5092.2308,4080.9099,2689.8759,755.2264,0.0
2025-10-24,0:00,0.0,0.0,0.0,0.0,0.0,0.0,768.8178,2780.5947,4868.3713,5768.3823,7041.9576,7904.5456,8289.8491,7619.1976,5423.9342,2957.7929,719.7156,0.0,0.0,0.0,0.0,0.0,0.0,0.0
2025-10-24,6:00,744.5291,2862.9844,5031.5572,6859.3185,8322.8141,8488.1217,8147.4573,6608.5939,4602.6437,2707.7477,674.9089,0.0,0.0,0.0,0.0,0.0,0.0,0.0,0.0,0.0,0.0,0.0,0.0,0.0
2025-10-24,12:00,7811.5443,6488.0232,4599.1962,2820.1447,717.9558,0.0,0.0,0.0,0.0,0.0,0.0,0.0,0.0,0.0,0.0,0.0,0.0,0.0,531.6491,1746.5265,4102.9779,6768.6185,8652.2625,9380.0625
2025-10-24,18:00,0.0,0.0,0.0,0.0,0.0,0.0,0.0,0.0,0.0,0.0,0.0,0.0,877.5243,3302.7385,5571.5625,6226.1606,7962.4446,8703.3608,7837.7191,6874.9614,4897.8278,2991.5398,798.5599,0.0
2025-10-25,0:00,0.0,0.0,0.0,0.0,0.0,0.0,769.8807,2973.2294,4367.8725,5028.8683,6673.7898,7101.7666,6796.9746,6415.9759,4709.4815,2782.6774,850.6037,0.0,0.0,0.0,0.0,0.0,0.0,0.0
2025-10-25,6:00,796.4142,2978.0927,4982.5795,5892.5222,7972.5929,8391.4418,8224.4954,6563.6558,4691.732,2792.8447,792.0246,0.0,0.0,0.0,0.0,0.0,0.0,0.0,0.0,0.0,0.0,0.0,0.0,0.0
2025-10-25,12:00,7862.2264,6232.0406,4603.6274,2893.0011,741.3517,0.0,0.0,0.0,0.0,0.0,0.0,0.0,0.0,0.0,0.0,0.0,0.0,0.0,1025.9825,3447.7125,5571.5625,7340.4375,6662.3173,5819.7906
2025-10-25,18:00,0.0,0.0,0.0,0.0,0.0,0.0,0.0,0.0,0.0,0.0,0.0,0.0,745.436,2570.0643,4563.8767,6701.9632,7310.6057,7090.6772,7086.2012,5955.1133,5148.4965,3191.0449,893.3658,0.0
2025-10-26,0:00,0.0,0.0,0.0,0.0,0.0,0.0,683.5214,2419.8782,3850.7068,5622.0561,6311.1117,7299.6757,7412.1513,6403.286,4978.7588,2899.1498,858.6456,0.0,0.0,0.0,0.0,0.0,0.0,0.0
2025-10-26,6:00,757.4825,2954.4838,4984.4311,6904.0645,8169.5078,8858.5647,8394.713,6509.9347,5444.1798,2932.3023,695.9322,0.0,0.0,0.0,0.0,0.0,0.0,0.0,0.0,0.0,0.0,0.0,0.0,0.0
2025-10-26,12:00,7537.7923,6068.1287,5146.3573,2905.6044,735.9415,0.0,0.0,0.0,0.0,0.0,0.0,0.0,0.0,0.0,0.0,0.0,0.0,0.0,590.2544,2549.5693,5043.1979,7340.4375,8584.1625,9154.05
2025-10-26,18:00,0.0,0.0,0.0,0.0,0.0,0.0,0.0,0.0,0.0,0.0,0.0,0.0,680.7668,2484.0243,4886.2275,6398.2996,8258.8427,9154.05,7853.9409,6847.4622,5619.7475,2637.8499,598.3827,0.0
2025-10-27,0:00,0.0,0.0,0.0,0.0,0.0,0.0,682.8708,2408.5044,5130.0824,6610.1729,8584.1625,8816.9013,8083.425,6622.5552,5164.9923,2507.6179,700.0032,0.0,0.0,0.0,0.0,0.0,0.0,0.0
2025-10-27,6:00,723.797,2701.2431,5036.1722,6497.3608,7881.2668,8131.3493,7063.4916,5880.2866,3987.4944,2276.1228,643.8041,0.0,0.0,0.0,0.0,0.0,0.0,0.0,0.0,0.0,0.0,0.0,0.0,0.0
2025-10-27,12:00,7683.8706,6241.2687,4318.6039,2261.1246,587.1622,0.0,0.0,0.0,0.0,0.0,0.0,0.0,0.0,0.0,0.0,0.0,0.0,0.0,647.6295,2621.1642,4386.7144,6809.3476,8130.6314,9154.05
2025-10-27,18:00,0.0,0.0,0.0,0.0,0.0,0.0,0.0,0.0,0.0,0.0,0.0,0.0,711.3664,2490.1786,4102.0622,5499.3702,6878.8876,7855.2184,7405.9935,6990.653,5453.6702,3017.9914,538.7167,0.0
2025-10-28,0:00,0.0,0.0,0.0,0.0,0.0,0.0,595.9251,2266.323,4108.4619,6436.5037,8300.1542,8970.6401,7932.5234,7271.5875,5595.15,3148.5159,782.0752,0.0,0.0,0.0,0.0,0.0,0.0,0.0
2025-10-28,6:00,638.9993,2527.1011,4493.7968,6867.4093,8133.3858,8358.565,7011.8429,6194.7797,4454.306,2619.8516,670.6527,0.0,0.0,0.0,0.0,0.0,0.0,0.0,0.0,0.0,0.0,0.0,0.0,0.0
2025-10-28,12:00,6794.5835,6226.7837,4681.9057,2743.9401,663.9769,0.0,0.0,0.0,0.0,0.0,0.0,0.0,0.0,0.0,0.0,0.0,0.0,0.0,622.8105,2744.796,4990.7393,6283.5697,8106.4872,7823.0366
2025-10-28,18:00,0.0,0.0,0.0,0.0,0.0,0.0,0.0,0.0,0.0,0.0,0.0,0.0,745.4706,3130.9096,5308.5364,6946.3115,6891.9726,5234.0534,5664.3677,4857.3622,2916.7313,1965.9093,572.6207,0.0
2025-10-29,0:00,0.0,0.0,0.0,0.0,0.0,0.0,577.0605,2397.2343,4294.8549,6269.497,7204.0292,6792.7877,7002.2529,5507.0596,3818.7551,2580.568,753.8452,0.0,0.0,0.0,0.0,0.0,0.0,0.0
2025-10-29,6:00,634.1499,2525.2877,4279.9585,5447.5755,6921.3491,7068.4022,7306.2304,5874.5932,4585.5081,2586.5536,668.9687,0.0,0.0,0.0,0.0,0.0,0.0,0.0,0.0,0.0,0.0,0.0,0.0,0.0
2025-10-29,12:00,7142.1674,5907.5688,4471.1092,2555.4209,699.1821,0.0,0.0,0.0,0.0,0.0,0.0,0.0,0.0,0.0,0.0,0.0,0.0,0.0,612.8932,2039.5985,3738.2854,5865.5916,6740.9124,6680.0957
2025-10-29,18:00,0.0,0.0,0.0,0.0,0.0,0.0,0.0,0.0,0.0,0.0,0.0,0.0,700.7389,2562.7636,5094.2234,6833.0228,6825.9141,6443.7591,6125.8649,5347.4619,3671.0972,1847.2925,344.5,0.0
2025-10-30,0:00,0.0,0.0,0.0,0.0,0.0,0.0,582.5079,2339.9737,4492.5359,7145.8701,8384.8875,8858.0625,7963.05,6777.525,5415.525,3292.1645,580.4091,0.0,0.0,0.0,0.0,0.0,0.0,0.0
2025-10-30,6:00,621.6997,2444.4243,4917.4881,7271.325,8384.8875,8399.7352,7963.05,6777.525,4550.7265,2583.1588,529.3616,0.0,0.0,0.0,0.0,0.0,0.0,0.0,0.0,0.0,0.0,0.0,0.0,0.0
2025-10-30,12:00,7963.05,6456.4712,4565.6454,2545.4263,564.5799,0.0,0.0,0.0,0.0,0.0,0.0,0.0,0.0,0.0,0.0,0.0,0.0,0.0,399.6242,2340.861,4594.1686,7271.325,8384.8875,8858.0625
2025-10-30,18:00,0.0,0.0,0.0,0.0,0.0,0.0,0.0,0.0,0.0,0.0,0.0,0.0,640.2091,2914.3513,4683.3675,7244.7689,8384.8875,8858.0625,7963.05,6777.525,4787.4627,2870.9959,627.8457,0.0
2025-10-31,0:00,0.0,0.0,0.0,0.0,0.0,0.0,543.841,2707.1682,4524.2871,6486.5169,7118.7318,7573.1852,6455.011,5351.9671,3418.4762,1985.7064,451.1188,0.0,0.0,0.0,0.0,0.0,0.0,0.0
2025-10-31,6:00,578.7105,2687.5095,4327.8498,6572.2869,7305.7288,7063.3414,6967.4376,5851.2499,4175.9707,2566.7185,603.2524,0.0,0.0,0.0,0.0,0.0,0.0,0.0,0.0,0.0,0.0,0.0,0.0,0.0
2025-10-31,12:00,7064.4262,6190.7606,4235.7474,2401.0419,556.333,0.0,0.0,0.0,0.0,0.0,0.0,0.0,0.0,0.0,0.0,0.0,0.0,0.0,526.382,2706.6496,5517.2997,6610.1904,7523.4044,7078.8453
2025-10-31,18:00,0.0,0.0,0.0,0.0,0.0,0.0,0.0,0.0,0.0,0.0,0.0,0.0,523.056,2187.6761,3917.3595,4406.1472,4610.1836,4997.9578,5709.68,5016.9137,4965.921,2895.9116,675.4424,0.0
2025-11-1,0:00,0.0,0.0,0.0,0.0,0.0,0.0,602.1364,2615.7122,4886.3174,6301.213,8037.6513,7862.1037,7367.4125,5962.5999,4299.3223,2404.1913,587.7745,0.0,0.0,0.0,0.0,0.0,0.0,0.0
2025-11-1,6:00,599.3521,2610.868,4819.989,6106.2737,7436.0833,7415.4856,6979.0178,6370.2847,4938.0014,2700.4072,616.1039,0.0,0.0,0.0,0.0,0.0,0.0,0.0,0.0,0.0,0.0,0.0,0.0,0.0
2025-11-1,12:00,6980.0059,5928.3634,4510.4486,2446.9265,539.667,0.0,0.0,0.0,0.0,0.0,0.0,0.0,0.0,0.0,0.0,0.0,0.0,0.0,710.3313,3225.0,5402.7538,6761.1334,8384.8875,7886.7538
2025-11-1,18:00,0.0,0.0,0.0,0.0,0.0,0.0,0.0,0.0,0.0,0.0,0.0,0.0,536.8266,2792.219,4842.4967,6685.7929,7128.3402,7544.6981,6236.6024,5752.337,4649.2147,3097.0634,659.4813,0.0
2025-11-2,0:00,0.0,0.0,0.0,0.0,0.0,0.0,524.8964,2711.6427,4860.1866,6180.7536,8114.2819,8574.6783,7436.2371,5385.2898,3783.2704,2157.3104,424.6617,0.0,0.0,0.0,0.0,0.0,0.0,0.0
2025-11-2,6:00,530.2541,2599.7062,4369.5174,5973.6453,7243.3881,7401.6098,6382.7239,5075.0545,3774.0324,2284.6837,458.7139,0.0,0.0,0.0,0.0,0.0,0.0,0.0,0.0,0.0,0.0,0.0,0.0,0.0
2025-11-2,12:00,6985.2256,5552.6066,4467.2747,2654.7491,550.2385,0.0,0.0,0.0,0.0,0.0,0.0,0.0,0.0,0.0,0.0,0.0,0.0,0.0,606.1491,3079.6875,5263.425,6652.4492,7235.0271,7988.9929
2025-11-2,18:00,0.0,0.0,0.0,0.0,0.0,0.0,0.0,0.0,0.0,0.0,0.0,0.0,566.7255,3052.3023,5263.425,6083.2812,7083.9479,6910.3219,6769.936,5728.6375,4027.0294,2250.5301,427.7836,0.0
2025-11-3,0:00,0.0,0.0,0.0,0.0,0.0,0.0,528.8327,2605.8958,4618.1289,5499.8937,6731.3565,6010.8184,6360.3152,5774.1593,4445.5197,2060.3717,507.3483,0.0,0.0,0.0,0.0,0.0,0.0,0.0
2025-11-3,6:00,534.4362,2766.021,4921.2297,6224.968,7057.5056,7024.532,6807.0561,6073.5273,4110.8714,2164.9463,479.6156,0.0,0.0,0.0,0.0,0.0,0.0,0.0,0.0,0.0,0.0,0.0,0.0,0.0
2025-11-3,12:00,6890.8694,6185.6199,4282.6602,2368.8776,485.5499,0.0,0.0,0.0,0.0,0.0,0.0,0.0,0.0,0.0,0.0,0.0,0.0,0.0,538.5218,2686.2679,4734.5638,5461.0116,6868.0097,8858.0625
2025-11-3,18:00,0.0,0.0,0.0,0.0,0.0,0.0,0.0,0.0,0.0,0.0,0.0,0.0,508.1174,2219.1205,4489.3605,6063.224,6397.1308,7414.8643,7568.9102,6249.765,4894.2927,2967.5968,693.5793,0.0
2025-11-4,0:00,0.0,0.0,0.0,0.0,0.0,0.0,515.8394,2449.8848,4685.0866,5597.5731,7050.6566,8173.9442,7915.9274,6354.2429,4962.0905,2678.6843,538.5256,0.0,0.0,0.0,0.0,0.0,0.0,0.0
2025-11-4,6:00,499.2359,2472.3483,4528.6701,5589.3305,6691.2272,8268.4836,7352.1381,6208.7698,4445.155,2351.854,475.4776,0.0,0.0,0.0,0.0,0.0,0.0,0.0,0.0,0.0,0.0,0.0,0.0,0.0
2025-11-4,12:00,7410.0508,6310.7894,4730.4597,2476.2647,516.3619,0.0,0.0,0.0,0.0,0.0,0.0,0.0,0.0,0.0,0.0,0.0,0.0,0.0,561.6601,2521.0121,4555.1429,6335.8287,7086.4495,6322.2973
2025-11-4,18:00,0.0,0.0,0.0,0.0,0.0,0.0,0.0,0.0,0.0,0.0,0.0,0.0,458.3928,2185.5956,3452.0689,4106.9534,5657.8509,4338.3481,5309.9588,4006.7639,3018.5999,1186.4254,307.1111,0.0
2025-11-5,0:00,0.0,0.0,0.0,0.0,0.0,0.0,478.9689,2598.1356,4523.0117,5698.9507,6501.7867,6188.1807,5693.1077,5259.6825,3750.6634,1659.7815,390.5756,0.0,0.0,0.0,0.0,0.0,0.0,0.0
2025-11-5,6:00,500.277,2543.5035,4422.8967,6148.3946,7393.1496,7441.9637,7588.8257,6777.525,4637.0482,2535.2927,490.0206,0.0,0.0,0.0,0.0,0.0,0.0,0.0,0.0,0.0,0.0,0.0,0.0,0.0
2025-11-5,12:00,6975.2039,6469.0158,4274.1144,2252.5122,460.1526,0.0,0.0,0.0,0.0,0.0,0.0,0.0,0.0,0.0,0.0,0.0,0.0,0.0,461.4399,2088.2692,3152.1902,5160.3737,3886.1797,4151.1701
2025-11-5,18:00,0.0,0.0,0.0,0.0,0.0,0.0,0.0,0.0,0.0,0.0,0.0,0.0,405.1525,2024.9781,3819.3664,5587.5071,6344.3638,7313.6985,6376.4502,5409.4963,4014.808,2253.683,384.9815,0.0
2025-11-6,0:00,0.0,0.0,0.0,0.0,0.0,0.0,417.1079,2148.1923,4427.4213,5821.4169,6658.7169,7324.3125,6539.7359,6087.1125,5088.6483,2534.827,536.5392,0.0,0.0,0.0,0.0,0.0,0.0,0.0
2025-11-6,6:00,422.3535,2137.5703,4107.7144,5457.3483,6493.2408,7227.2397,6455.8148,5767.2545,4695.1612,2570.7497,429.9194,0.0,0.0,0.0,0.0,0.0,0.0,0.0,0.0,0.0,0.0,0.0,0.0,0.0
2025-11-6,12:00,6816.8779,6059.1443,4516.8411,2516.2037,399.8222,0.0,0.0,0.0,0.0,0.0,0.0,0.0,0.0,0.0,0.0,0.0,0.0,0.0,356.6239,2078.7119,3723.0849,6179.025,7735.3185,8858.0625
2025-11-6,18:00,0.0,0.0,0.0,0.0,0.0,0.0,0.0,0.0,0.0,0.0,0.0,0.0,389.4067,2023.9069,3016.2725,4408.5087,5806.9437,5732.1071,6449.8673,6427.5025,5088.6551,2901.9067,524.2279,0.0
2025-11-7,0:00,0.0,0.0,0.0,0.0,0.0,0.0,347.9555,2067.5103,3919.8411,5463.3851,6700.261,7929.5821,7963.05,6480.9487,4983.0636,3024.6516,489.8804,0.0,0.0,0.0,0.0,0.0,0.0,0.0
2025-11-7,6:00,363.0997,2117.0735,3768.3413,5198.7861,5968.0926,7004.3779,7167.493,5890.4179,4724.9504,2714.3585,428.1509,0.0,0.0,0.0,0.0,0.0,0.0,0.0,0.0,0.0,0.0,0.0,0.0,0.0
2025-11-7,12:00,7731.5183,6613.471,4854.8498,2728.5513,427.2185,0.0,0.0,0.0,0.0,0.0,0.0,0.0,0.0,0.0,0.0,0.0,0.0,0.0,368.7268,2265.5139,3888.7488,4868.2275,6449.0039,7640.9579
2025-11-7,18:00,0.0,0.0,0.0,0.0,0.0,0.0,0.0,0.0,0.0,0.0,0.0,0.0,501.9512,2889.74,4670.6276,6342.5233,6588.5782,8066.363,7924.4504,6645.3375,5164.3875,2609.2273,351.8866,0.0
2025-11-8,0:00,0.0,0.0,0.0,0.0,0.0,0.0,408.1308,2253.7094,3810.4996,5075.8256,5914.4399,7340.2863,6764.4658,5806.1457,4960.0183,2469.3119,406.3885,0.0,0.0,0.0,0.0,0.0,0.0,0.0
2025-11-8,6:00,459.8812,2591.6871,4468.119,5892.5112,6964.0962,7812.1657,7326.1168,6645.3375,5005.0058,2386.6776,335.0344,0.0,0.0,0.0,0.0,0.0,0.0,0.0,0.0,0.0,0.0,0.0,0.0,0.0
2025-11-8,12:00,6872.12,6205.4915,4614.9419,2416.8306,364.7956,0.0,0.0,0.0,0.0,0.0,0.0,0.0,0.0,0.0,0.0,0.0,0.0,0.0,339.7843,2420.871,4629.5159,6629.8601,8384.8875,8858.0625
2025-11-8,18:00,0.0,0.0,0.0,0.0,0.0,0.0,0.0,0.0,0.0,0.0,0.0,0.0,370.6,2206.9938,4042.8108,5531.2948,5948.0339,7177.8588,7061.109,5781.4268,3884.9094,2006.6363,340.2832,0.0
2025-11-9,0:00,0.0,0.0,0.0,0.0,0.0,0.0,388.8065,2256.1988,4351.0255,5609.0299,6910.1076,7163.8581,6562.3677,5352.2472,4086.001,2595.5472,503.7233,0.0,0.0,0.0,0.0,0.0,0.0,0.0
2025-11-9,6:00,370.5746,2215.2174,4201.3899,5807.5675,6902.2034,7572.9692,6833.8312,6141.7389,4199.444,2520.4336,476.0321,0.0,0.0,0.0,0.0,0.0,0.0,0.0,0.0,0.0,0.0,0.0,0.0,0.0
2025-11-9,12:00,6888.1617,5886.8936,3875.0141,2384.1029,437.0694,0.0,0.0,0.0,0.0,0.0,0.0,0.0,0.0,0.0,0.0,0.0,0.0,0.0,231.5314,1543.0746,3208.4591,5733.8409,6278.4783,7008.2723
2025-11-9,18:00,0.0,0.0,0.0,0.0,0.0,0.0,0.0,0.0,0.0,0.0,0.0,0.0,365.3964,2347.2834,3699.8468,4578.6416,5531.4489,6229.0857,5430.3082,4735.0651,3511.8401,1660.3681,251.235,0.0
2025-11-10,0:00,0.0,0.0,0.0,0.0,0.0,0.0,318.2744,2060.0687,4172.1271,6385.7849,7321.8777,7072.5087,6809.5979,5430.7837,3469.3175,1757.9099,301.521,0.0,0.0,0.0,0.0,0.0,0.0,0.0
2025-11-10,6:00,329.3677,2088.1279,3811.6505,5624.9226,5942.5129,6118.2974,6210.1133,5755.5838,4090.2883,2004.1136,336.715,0.0,0.0,0.0,0.0,0.0,0.0,0.0,0.0,0.0,0.0,0.0,0.0,0.0
2025-11-10,12:00,6768.3286,5852.0859,4006.7585,2031.1018,318.0096,0.0,0.0,0.0,0.0,0.0,0.0,0.0,0.0,0.0,0.0,0.0,0.0,0.0,376.7982,2698.9125,4938.2472,6908.5125,8384.8875,8858.0625
2025-11-10,18:00,0.0,0.0,0.0,0.0,0.0,0.0,0.0,0.0,0.0,0.0,0.0,0.0,353.4164,2670.1848,4747.1922,6352.4767,7857.6095,8027.0937,6137.4913,5550.7344,3274.9261,1805.5386,300.914,0.0
2025-11-11,0:00,0.0,0.0,0.0,0.0,0.0,0.0,292.7099,2033.4684,3643.4017,4758.2555,6493.418,6998.3086,6409.2206,5990.5117,3814.0862,1954.0101,336.5331,0.0,0.0,0.0,0.0,0.0,0.0,0.0
2025-11-11,6:00,331.1284,2253.9006,4156.5483,5569.341,7022.836,7285.1135,6505.2655,6077.1897,3654.6517,1992.5697,313.652,0.0,0.0,0.0,0.0,0.0,0.0,0.0,0.0,0.0,0.0,0.0,0.0,0.0
2025-11-11,12:00,6688.1885,6273.8484,4022.7839,2243.8674,363.3694,0.0,0.0,0.0,0.0,0.0,0.0,0.0,0.0,0.0,0.0,0.0,0.0,0.0,213.8769,1835.0062,3158.567,4833.1347,5936.3022,6469.9483
2025-11-11,18:00,0.0,0.0,0.0,0.0,0.0,0.0,0.0,0.0,0.0,0.0,0.0,0.0,323.1405,2180.2313,3911.3399,5917.3392,6998.7835,7910.0546,7133.8952,5757.4282,4060.3342,2125.3314,261.0826,0.0
2025-11-12,0:00,0.0,0.0,0.0,0.0,0.0,0.0,320.9257,2337.5803,4096.9787,5794.0229,7354.7693,7096.7972,6488.3629,5723.7864,4120.9401,2479.2006,344.8498,0.0,0.0,0.0,0.0,0.0,0.0,0.0
2025-11-12,6:00,322.0908,2222.7101,3785.345,5260.8897,6649.2982,6729.4354,6542.0135,5012.6052,3808.2868,2089.0418,257.8928,0.0,0.0,0.0,0.0,0.0,0.0,0.0,0.0,0.0,0.0,0.0,0.0,0.0
2025-11-12,12:00,7047.4874,5686.6529,4521.0557,2448.368,319.9767,0.0,0.0,0.0,0.0,0.0,0.0,0.0,0.0,0.0,0.0,0.0,0.0,0.0,447.5288,2663.1375,4853.4375,6097.7674,6713.3144,6490.5912
2025-11-12,18:00,0.0,0.0,0.0,0.0,0.0,0.0,0.0,0.0,0.0,0.0,0.0,0.0,316.244,2028.5004,4095.6631,6335.2951,7450.0815,6444.8155,6260.4209,5009.985,3002.9611,1629.7063,239.6967,0.0
2025-11-13,0:00,0.0,0.0,0.0,0.0,0.0,0.0,323.3168,2098.8874,3962.9802,5133.3875,6773.8404,7738.8651,7512.9343,6645.3375,4899.0375,2757.45,341.4307,0.0,0.0,0.0,0.0,0.0,0.0,0.0
2025-11-13,6:00,331.1072,2293.7757,4252.0841,5754.2518,7022.4426,7176.3569,6636.737,5836.9902,4503.3951,2461.4162,336.9556,0.0,0.0,0.0,0.0,0.0,0.0,0.0,0.0,0.0,0.0,0.0,0.0,0.0
2025-11-13,12:00,6580.8582,5636.2367,4252.8308,2391.448,327.2987,0.0,0.0,0.0,0.0,0.0,0.0,0.0,0.0,0.0,0.0,0.0,0.0,0.0,301.0558,2663.1375,4643.763,6117.3231,6802.8634,6307.3589
2025-11-13,18:00,0.0,0.0,0.0,0.0,0.0,0.0,0.0,0.0,0.0,0.0,0.0,0.0,284.1456,2450.7926,4765.4839,5859.3527,5649.2038,6428.8485,5636.1183,5496.8633,4131.4829,2421.0554,265.1857,0.0
2025-11-14,0:00,0.0,0.0,0.0,0.0,0.0,0.0,274.5429,2278.4494,4615.3807,6177.6273,6287.6137,7005.6833,7170.5173,5866.3611,3920.8609,2241.4378,266.6566,0.0,0.0,0.0,0.0,0.0,0.0,0.0
2025-11-14,6:00,276.6897,2332.5739,4423.5342,6206.848,6841.6836,7587.6615,7180.0411,6585.8359,4494.9164,2495.288,275.0709,0.0,0.0,0.0,0.0,0.0,0.0,0.0,0.0,0.0,0.0,0.0,0.0,0.0
2025-11-14,12:00,6381.031,5659.5104,3950.0066,2194.4981,261.7259,0.0,0.0,0.0,0.0,0.0,0.0,0.0,0.0,0.0,0.0,0.0,0.0,0.0,334.2106,2663.1375,4853.4375,6322.0125,7601.5875,8124.4875
2025-11-14,18:00,0.0,0.0,0.0,0.0,0.0,0.0,0.0,0.0,0.0,0.0,0.0,0.0,250.2966,2067.7251,3870.5435,4588.213,5487.8064,5829.8395,5707.3171,6042.5035,4899.0375,2432.3027,291.1048,0.0
2025-11-15,0:00,0.0,0.0,0.0,0.0,0.0,0.0,246.5134,2005.4398,3334.2988,4601.2693,5822.8363,6457.7927,6153.0421,5534.3368,3660.1642,2004.2901,211.801,0.0,0.0,0.0,0.0,0.0,0.0,0.0
2025-11-15,6:00,255.237,2128.2582,3942.5655,5626.5758,6843.1217,6924.4933,6405.4594,5353.5075,4109.8237,2116.3944,266.6022,0.0,0.0,0.0,0.0,0.0,0.0,0.0,0.0,0.0,0.0,0.0,0.0,0.0
2025-11-15,12:00,6658.1835,5784.7107,4174.2428,2223.4756,274.2379,0.0,0.0,0.0,0.0,0.0,0.0,0.0,0.0,0.0,0.0,0.0,0.0,0.0,235.1707,2302.8226,4254.4848,6059.3591,6726.5078,8124.4875
2025-11-15,18:00,0.0,0.0,0.0,0.0,0.0,0.0,0.0,0.0,0.0,0.0,0.0,0.0,209.5427,2185.7436,4105.4536,5651.1257,6238.5562,7786.6882,7243.4192,5630.3027,4006.585,1939.2119,232.9612,0.0
2025-11-16,0:00,0.0,0.0,0.0,0.0,0.0,0.0,280.6411,2455.6401,3790.2789,5468.4854,5939.9038,7366.6418,7361.8874,5987.8831,4396.6787,2424.9195,321.3981,0.0,0.0,0.0,0.0,0.0,0.0,0.0
2025-11-16,6:00,233.7076,2152.2317,3685.9033,5216.4848,5874.6111,7427.8355,6930.867,5376.8408,3755.4568,1910.1843,222.4676,0.0,0.0,0.0,0.0,0.0,0.0,0.0,0.0,0.0,0.0,0.0,0.0,0.0
2025-11-16,12:00,7009.6686,5571.1657,3862.5898,2159.7448,274.1489,0.0,0.0,0.0,0.0,0.0,0.0,0.0,0.0,0.0,0.0,0.0,0.0,0.0,208.6634,1876.3847,3061.3043,4956.3845,4895.1957,5908.0769
2025-11-16,18:00,0.0,0.0,0.0,0.0,0.0,0.0,0.0,0.0,0.0,0.0,0.0,0.0,198.4497,1985.4314,4187.3892,5970.6,7395.825,8124.4875,7764.375,6645.3375,4683.1685,2591.3246,236.1017,0.0
2025-11-17,0:00,0.0,0.0,0.0,0.0,0.0,0.0,183.8159,2098.824,3818.5842,5970.6,7357.4571,8124.4875,7548.8122,6645.3375,4765.5681,2246.8519,197.9793,0.0,0.0,0.0,0.0,0.0,0.0,0.0
2025-11-17,6:00,192.9388,1948.5079,3634.3363,5530.6153,6071.5977,6865.8684,5872.4264,5393.0925,3894.8646,2096.2273,225.5079,0.0,0.0,0.0,0.0,0.0,0.0,0.0,0.0,0.0,0.0,0.0,0.0,0.0
2025-11-17,12:00,6564.6462,5650.8229,4195.1329,2132.0389,226.5916,0.0,0.0,0.0,0.0,0.0,0.0,0.0,0.0,0.0,0.0,0.0,0.0,0.0,239.7435,1902.8138,3436.0816,4862.6738,5011.2351,4204.6057
2025-11-17,18:00,0.0,0.0,0.0,0.0,0.0,0.0,0.0,0.0,0.0,0.0,0.0,0.0,207.0853,1963.0383,4159.61,5674.7466,5921.2201,6642.5323,5665.0298,4867.1411,3046.2481,1645.8764,119.9922,0.0
2025-11-18,0:00,0.0,0.0,0.0,0.0,0.0,0.0,236.4526,2409.0018,4652.3084,5965.8375,7039.1042,7220.8113,6527.0491,5423.6863,3293.2391,2083.1186,188.0558,0.0,0.0,0.0,0.0,0.0,0.0,0.0
2025-11-18,6:00,218.835,2219.9505,4213.3298,5781.1897,6691.3182,7210.046,6610.5127,6051.7582,4300.0732,2503.039,237.8653,0.0,0.0,0.0,0.0,0.0,0.0,0.0,0.0,0.0,0.0,0.0,0.0,0.0
2025-11-18,12:00,6025.1836,5546.2699,3831.9448,2163.6948,207.7307,0.0,0.0,0.0,0.0,0.0,0.0,0.0,0.0,0.0,0.0,0.0,0.0,0.0,222.8465,2353.4743,3058.7659,4024.1632,4691.1268,4030.4439
2025-11-18,18:00,0.0,0.0,0.0,0.0,0.0,0.0,0.0,0.0,0.0,0.0,0.0,0.0,213.9443,2046.0157,3637.4774,5513.8066,6435.8708,5903.9218,5244.6844,4988.3766,3842.6124,1675.2081,180.3137,0.0
2025-11-19,0:00,0.0,0.0,0.0,0.0,0.0,0.0,208.6658,1965.6647,4033.7864,5965.8375,6671.1914,7248.737,7289.1279,5693.9964,3977.6487,2514.3928,254.6171,0.0,0.0,0.0,0.0,0.0,0.0,0.0
2025-11-19,6:00,196.4252,1901.8094,3364.6247,4859.2415,5656.2563,6256.8153,5879.1791,5231.5918,4071.7494,2171.7714,201.6927,0.0,0.0,0.0,0.0,0.0,0.0,0.0,0.0,0.0,0.0,0.0,0.0,0.0
2025-11-19,12:00,6706.6569,5475.0563,4069.18,2078.8307,201.5872,0.0,0.0,0.0,0.0,0.0,0.0,0.0,0.0,0.0,0.0,0.0,0.0,0.0,191.7765,1775.0467,3261.3399,3878.1035,4169.0754,3240.0896
2025-11-19,18:00,0.0,0.0,0.0,0.0,0.0,0.0,0.0,0.0,0.0,0.0,0.0,0.0,226.871,2555.7375,4399.275,5965.8375,7183.8,5768.542,4650.7293,3708.4894,2347.0695,1420.0413,147.8511,0.0
2025-11-20,0:00,0.0,0.0,0.0,0.0,0.0,0.0,193.512,1977.4583,4172.7192,5965.8375,7183.8,6738.4319,7158.4184,5578.1456,4315.1878,2505.9711,185.832,0.0,0.0,0.0,0.0,0.0,0.0,0.0
2025-11-20,6:00,199.1983,2188.3341,4123.7698,5659.3305,6820.1375,6715.3019,6351.025,5510.1679,4003.8699,2161.6407,200.8007,0.0,0.0,0.0,0.0,0.0,0.0,0.0,0.0,0.0,0.0,0.0,0.0,0.0
2025-11-20,12:00,6140.1634,5280.4459,3761.474,2092.8953,180.0178,0.0,0.0,0.0,0.0,0.0,0.0,0.0,0.0,0.0,0.0,0.0,0.0,0.0,203.2753,2555.7375,4399.275,5965.8375,7183.8,7817.85
2025-11-20,18:00,0.0,0.0,0.0,0.0,0.0,0.0,0.0,0.0,0.0,0.0,0.0,0.0,166.0465,2038.3374,3109.6382,3958.0244,4741.2274,4254.4598,5338.9,4914.7687,4612.1054,2428.058,206.9206,0.0
2025-11-21,0:00,0.0,0.0,0.0,0.0,0.0,0.0,163.462,2008.4492,3853.6536,5965.8375,6682.8683,7063.7224,7165.0003,6314.2489,4231.2848,2209.9011,158.8072,0.0,0.0,0.0,0.0,0.0,0.0,0.0
2025-11-21,6:00,155.6387,1950.7314,3766.4682,5608.5546,6156.4897,5728.3376,6129.5286,5168.9055,3995.9481,2112.6328,172.8942,0.0,0.0,0.0,0.0,0.0,0.0,0.0,0.0,0.0,0.0,0.0,0.0,0.0
2025-11-21,12:00,6798.1426,5567.5187,3867.5706,1981.0442,167.5854,0.0,0.0,0.0,0.0,0.0,0.0,0.0,0.0,0.0,0.0,0.0,0.0,0.0,191.906,2555.7375,4399.275,5965.8375,7183.8,7817.85
2025-11-21,18:00,0.0,0.0,0.0,0.0,0.0,0.0,0.0,0.0,0.0,0.0,0.0,0.0,126.9556,1979.6454,3846.0223,5728.8714,7183.8,7799.5193,6841.9315,5656.1457,4350.7455,2352.0365,176.8854,0.0
2025-11-22,0:00,0.0,0.0,0.0,0.0,0.0,0.0,123.0775,1812.1512,3226.8662,4673.314,5716.9679,6275.6958,5687.7923,5075.3046,4004.9552,2095.0338,151.6202,0.0,0.0,0.0,0.0,0.0,0.0,0.0
2025-11-22,6:00,145.8773,2002.6833,3590.2954,4943.1205,6173.3371,6331.61,6479.3412,5607.6421,4333.9483,2234.5347,155.9636,0.0,0.0,0.0,0.0,0.0,0.0,0.0,0.0,0.0,0.0,0.0,0.0,0.0
2025-11-22,12:00,6637.1379,5570.0949,4064.3294,2121.7335,142.7197,0.0,0.0,0.0,0.0,0.0,0.0,0.0,0.0,0.0,0.0,0.0,0.0,0.0,122.7671,1865.296,3585.1999,5674.6449,7183.8,7651.0875
2025-11-22,18:00,0.0,0.0,0.0,0.0,0.0,0.0,0.0,0.0,0.0,0.0,0.0,0.0,137.5354,1915.3497,3888.4138,4691.0341,6145.1928,6883.0082,6964.0916,4548.4324,3410.9966,1527.2466,84.4383,0.0
2025-11-23,0:00,0.0,0.0,0.0,0.0,0.0,0.0,141.2392,2087.4454,3957.8764,5546.3404,6438.8496,7326.5205,7195.8,5907.2238,4430.0684,2347.3269,142.1173,0.0,0.0,0.0,0.0,0.0,0.0,0.0
2025-11-23,6:00,120.3302,1707.8,3350.9583,4838.2433,5983.0973,6907.4409,7195.8,5451.9701,3781.1437,1880.401,130.2737,0.0,0.0,0.0,0.0,0.0,0.0,0.0,0.0,0.0,0.0,0.0,0.0,0.0
2025-11-23,12:00,7195.8,5750.3157,4258.2954,2198.1815,148.8422,0.0,0.0,0.0,0.0,0.0,0.0,0.0,0.0,0.0,0.0,0.0,0.0,0.0,142.0847,2198.436,3487.0197,5584.0959,6136.5313,5604.1763
2025-11-23,18:00,0.0,0.0,0.0,0.0,0.0,0.0,0.0,0.0,0.0,0.0,0.0,0.0,118.5175,1867.4659,3078.7719,5113.9601,5695.9527,5871.0198,5147.6511,5156.7924,3744.4938,1772.8905,114.5762,0.0
2025-11-24,0:00,0.0,0.0,0.0,0.0,0.0,0.0,127.1997,2162.063,3914.1813,5965.8375,7183.8,7606.5,7195.8,6031.6723,4181.2876,2007.4783,123.4573,0.0,0.0,0.0,0.0,0.0,0.0,0.0
2025-11-24,6:00,125.0437,2055.0299,3747.6374,5965.8375,7183.8,7329.6734,7032.5857,5548.001,3590.3634,1804.7194,122.436,0.0,0.0,0.0,0.0,0.0,0.0,0.0,0.0,0.0,0.0,0.0,0.0,0.0
2025-11-24,12:00,6791.1762,5612.5852,3766.0224,1903.4121,122.2934,0.0,0.0,0.0,0.0,0.0,0.0,0.0,0.0,0.0,0.0,0.0,0.0,0.0,116.815,1767.9808,3072.0227,5752.3783,7183.8,6420.5507
2025-11-24,18:00,0.0,0.0,0.0,0.0,0.0,0.0,0.0,0.0,0.0,0.0,0.0,0.0,122.1701,1969.2915,3866.4992,5431.9626,5273.7168,6722.1967,6317.7626,4160.7159,3918.7224,1731.505,79.6543,0.0
2025-11-25,0:00,0.0,0.0,0.0,0.0,0.0,0.0,107.4893,1735.7495,3078.8249,4732.3262,5716.8685,5473.5526,5478.899,4605.9099,3177.2348,1321.6502,92.1303,0.0,0.0,0.0,0.0,0.0,0.0,0.0
2025-11-25,6:00,109.9594,1797.6783,3287.3291,5267.0843,6070.9659,6417.8361,6378.1176,5214.7616,3849.1309,1944.9438,122.6121,0.0,0.0,0.0,0.0,0.0,0.0,0.0,0.0,0.0,0.0,0.0,0.0,0.0
2025-11-25,12:00,6629.8891,5412.6066,3966.9937,1913.7004,113.0594,0.0,0.0,0.0,0.0,0.0,0.0,0.0,0.0,0.0,0.0,0.0,0.0,0.0,108.0969,2288.1605,4083.2008,5432.1162,5542.4586,6095.6496
2025-11-25,18:00,0.0,0.0,0.0,0.0,0.0,0.0,0.0,0.0,0.0,0.0,0.0,0.0,71.4023,1734.9141,2903.4333,4519.8709,5980.111,6319.743,5231.7429,5256.7376,3595.7546,1560.2066,90.7273,0.0
2025-11-26,0:00,0.0,0.0,0.0,0.0,0.0,0.0,95.9527,2053.8691,3906.9309,5674.7163,6374.6586,5828.8111,6086.0586,4662.9848,3396.324,2113.1027,137.7183,0.0,0.0,0.0,0.0,0.0,0.0,0.0
2025-11-26,6:00,94.0661,1880.4161,3502.4083,4791.9576,5801.1021,6212.9958,5920.0793,5108.8435,3728.963,1822.8279,91.319,0.0,0.0,0.0,0.0,0.0,0.0,0.0,0.0,0.0,0.0,0.0,0.0,0.0
2025-11-26,12:00,6145.4232,5217.4284,3809.3958,2018.184,113.1447,0.0,0.0,0.0,0.0,0.0,0.0,0.0,0.0,0.0,0.0,0.0,0.0,0.0,88.191,1599.5456,3683.1534,4118.9917,4595.342,4323.6021
2025-11-26,18:00,0.0,0.0,0.0,0.0,0.0,0.0,0.0,0.0,0.0,0.0,0.0,0.0,102.4083,2027.7459,4086.0723,5302.288,6437.6824,7137.2804,6686.87,4753.2271,3167.0684,1517.106,70.9775,0.0
2025-11-27,0:00,0.0,0.0,0.0,0.0,0.0,0.0,98.1829,2110.261,4311.3375,5610.4502,5905.6745,6929.7851,6676.3261,5064.2603,3968.748,1922.7619,90.8019,0.0,0.0,0.0,0.0,0.0,0.0,0.0
2025-11-27,6:00,90.9375,1911.2461,3946.8357,5066.02,5873.1803,6372.164,6197.7608,4819.5447,3797.9758,1950.3515,94.0695,0.0,0.0,0.0,0.0,0.0,0.0,0.0,0.0,0.0,0.0,0.0,0.0,0.0
2025-11-27,12:00,6425.151,5130.9314,3761.9451,1720.2964,87.0202,0.0,0.0,0.0,0.0,0.0,0.0,0.0,0.0,0.0,0.0,0.0,0.0,0.0,64.7196,1645.335,2957.3956,3723.9339,5898.0946,4465.0445
2025-11-27,18:00,0.0,0.0,0.0,0.0,0.0,0.0,0.0,0.0,0.0,0.0,0.0,0.0,73.8906,1827.1002,3730.7825,5901.225,7151.7375,7593.1125,7195.8,5779.0125,4231.7809,1951.0559,66.6305,0.0
2025-11-28,0:00,0.0,0.0,0.0,0.0,0.0,0.0,73.5302,1685.1688,3564.4859,5134.5501,5963.5209,6829.2599,7189.6024,5779.0125,3886.8167,2117.2878,79.9769,0.0,0.0,0.0,0.0,0.0,0.0,0.0
2025-11-28,6:00,75.2214,1729.6572,3521.1417,5011.2458,5999.7469,5898.9698,6301.8892,5319.5893,3704.3833,1924.977,84.0522,0.0,0.0,0.0,0.0,0.0,0.0,0.0,0.0,0.0,0.0,0.0,0.0,0.0
2025-11-28,12:00,6845.8737,5467.8927,3845.5682,2051.8824,83.9255,0.0,0.0,0.0,0.0,0.0,0.0,0.0,0.0,0.0,0.0,0.0,0.0,0.0,88.1663,2173.8166,4040.8412,5901.225,7090.65,6936.9595
2025-11-28,18:00,0.0,0.0,0.0,0.0,0.0,0.0,0.0,0.0,0.0,0.0,0.0,0.0,64.0785,1578.0257,3515.1291,5564.6158,6486.2243,6790.5719,6657.6551,5506.7677,3655.8711,2007.6621,70.8375,0.0
2025-11-29,0:00,0.0,0.0,0.0,0.0,0.0,0.0,68.173,1535.1822,3149.1227,4284.559,4685.8705,4217.5105,4619.9104,4325.8998,3340.6622,1730.1201,69.911,0.0,0.0,0.0,0.0,0.0,0.0,0.0
2025-11-29,6:00,70.3388,1747.6863,3532.9867,5019.431,5571.1991,5356.7133,5436.6795,4967.4089,3664.6646,2084.7349,91.4029,0.0,0.0,0.0,0.0,0.0,0.0,0.0,0.0,0.0,0.0,0.0,0.0,0.0
2025-11-29,12:00,5257.9333,4628.098,3281.5267,1772.3627,72.5281,0.0,0.0,0.0,0.0,0.0,0.0,0.0,0.0,0.0,0.0,0.0,0.0,0.0,56.581,1905.5903,3430.9526,4409.9082,5914.1229,5575.3529
2025-11-29,18:00,0.0,0.0,0.0,0.0,0.0,0.0,0.0,0.0,0.0,0.0,0.0,0.0,64.5866,1846.3952,4075.5313,5889.8163,7090.65,7389.9914,7047.2155,5198.9801,3667.0145,1611.1483,60.5464,0.0
2025-11-30,0:00,0.0,0.0,0.0,0.0,0.0,0.0,71.4394,2031.8224,3861.8854,5042.8427,5416.1625,5776.0909,5742.7464,5535.5679,4066.5408,2089.253,57.7642,0.0,0.0,0.0,0.0,0.0,0.0,0.0
2025-11-30,6:00,59.4017,1781.1976,3565.0635,4814.9814,5650.7904,5912.7936,5491.6099,4504.7878,3147.8595,1733.9072,50.9051,0.0,0.0,0.0,0.0,0.0,0.0,0.0,0.0,0.0,0.0,0.0,0.0,0.0
2025-11-30,12:00,5708.562,4903.3425,3356.6118,1704.3124,55.8334,0.0,0.0,0.0,0.0,0.0,0.0,0.0,0.0,0.0,0.0,0.0,0.0,0.0,52.8447,1965.3294,3321.1091,4812.9179,5575.1325,5521.6278
2025-11-30,18:00,0.0,0.0,0.0,0.0,0.0,0.0,0.0,0.0,0.0,0.0,0.0,0.0,51.4235,1849.893,3567.3799,5312.6046,7090.65,6886.1362,6336.4304,5693.5125,4260.45,2150.3164,62.2884,0.0
2025-12-1,0:00,0.0,0.0,0.0,0.0,0.0,0.0,44.5776,1538.2253,3072.669,4698.8506,6408.5399,6175.4063,5433.4294,4347.7658,3011.8894,1707.9305,55.424,0.0,0.0,0.0,0.0,0.0,0.0,0.0
2025-12-1,6:00,48.1888,1783.818,3584.0399,5127.6837,6602.9465,6611.9851,5409.2237,4158.3911,2947.2923,1510.1311,42.1237,0.0,0.0,0.0,0.0,0.0,0.0,0.0,0.0,0.0,0.0,0.0,0.0,0.0
2025-12-1,12:00,5853.6169,4717.1654,3436.095,1747.5447,46.7483,0.0,0.0,0.0,0.0,0.0,0.0,0.0,0.0,0.0,0.0,0.0,0.0,0.0,41.3354,1414.2988,2767.7473,3231.07,3771.4716,4770.8374
2025-12-1,18:00,0.0,0.0,0.0,0.0,0.0,0.0,0.0,0.0,0.0,0.0,0.0,0.0,34.9231,1202.0888,3282.6095,4211.4995,5510.0834,7090.3053,6771.5422,4481.8477,2774.4066,959.9773,20.7163,0.0
2025-12-2,0:00,0.0,0.0,0.0,0.0,0.0,0.0,45.4678,1700.3803,3469.4312,4228.0367,4697.0657,4977.2848,4972.9981,4414.6051,3067.3893,1662.767,45.6805,0.0,0.0,0.0,0.0,0.0,0.0,0.0
2025-12-2,6:00,41.4288,1555.2472,3549.4654,4407.111,5150.9037,5773.6286,5445.0659,4266.2866,3185.8667,1529.9539,41.935,0.0,0.0,0.0,0.0,0.0,0.0,0.0,0.0,0.0,0.0,0.0,0.0,0.0
2025-12-2,12:00,5651.8494,4868.509,3258.2958,1670.5283,38.8208,0.0,0.0,0.0,0.0,0.0,0.0,0.0,0.0,0.0,0.0,0.0,0.0,0.0,25.9725,1126.1237,2247.0372,2970.679,3048.1158,2212.2991
2025-12-2,18:00,0.0,0.0,0.0,0.0,0.0,0.0,0.0,0.0,0.0,0.0,0.0,0.0,38.0158,1874.7314,3836.91,5148.9322,6031.6991,5713.33,5633.1641,4824.6363,3080.5683,1936.4756,39.8753,0.0
2025-12-3,0:00,0.0,0.0,0.0,0.0,0.0,0.0,34.3538,1555.6109,3631.4819,5274.2887,7090.65,6805.5005,6708.0902,5645.925,4166.5875,1973.5309,36.4305,0.0,0.0,0.0,0.0,0.0,0.0,0.0
2025-12-3,6:00,35.2165,1655.2476,3481.0122,5001.9136,6045.2246,5630.7811,5225.0718,4917.2674,3307.2043,1672.0494,34.6863,0.0,0.0,0.0,0.0,0.0,0.0,0.0,0.0,0.0,0.0,0.0,0.0,0.0
2025-12-3,12:00,5211.4217,4662.963,3194.0001,1559.7874,33.0041,0.0,0.0,0.0,0.0,0.0,0.0,0.0,0.0,0.0,0.0,0.0,0.0,0.0,28.3689,1801.0167,3961.2179,5752.4655,7090.65,7044.3
2025-12-3,18:00,0.0,0.0,0.0,0.0,0.0,0.0,0.0,0.0,0.0,0.0,0.0,0.0,27.8563,1657.0148,3312.5846,5235.6308,5515.263,6526.9971,6593.0514,5270.0104,3248.5148,1472.8703,19.1592,0.0
2025-12-4,0:00,0.0,0.0,0.0,0.0,0.0,0.0,24.5396,1695.1795,3454.5003,5435.9953,6387.9882,6225.3818,5369.1175,3685.677,2156.8246,1124.7885,18.246,0.0,0.0,0.0,0.0,0.0,0.0,0.0
2025-12-4,6:00,26.0363,1693.3136,3289.9596,4923.8679,6095.638,6180.3167,6037.7283,5081.1238,3376.8645,1672.8766,27.9749,0.0,0.0,0.0,0.0,0.0,0.0,0.0,0.0,0.0,0.0,0.0,0.0,0.0
2025-12-4,12:00,6131.3592,4991.7997,3410.9618,1634.1566,27.3614,0.0,0.0,0.0,0.0,0.0,0.0,0.0,0.0,0.0,0.0,0.0,0.0,0.0,21.465,1767.6029,3709.4029,5763.5926,7090.65,7044.3
2025-12-4,18:00,0.0,0.0,0.0,0.0,0.0,0.0,0.0,0.0,0.0,0.0,0.0,0.0,18.3165,1552.2724,2962.3382,3774.404,4165.3159,3434.394,2604.2698,2222.4425,2050.1323,1356.4719,23.5795,0.0
2025-12-5,0:00,0.0,0.0,0.0,0.0,0.0,0.0,18.4635,1512.5298,3273.8568,4735.1185,5268.7221,6515.4692,5821.5215,4566.1162,3494.4242,1972.4386,24.6622,0.0,0.0,0.0,0.0,0.0,0.0,0.0
2025-12-5,6:00,19.4717,1501.2779,3315.4113,4573.7273,5493.6784,6107.054,5621.4811,4072.6535,3385.6095,1803.086,26.1681,0.0,0.0,0.0,0.0,0.0,0.0,0.0,0.0,0.0,0.0,0.0,0.0,0.0
2025-12-5,12:00,6052.4221,4346.694,3221.1695,1686.2243,23.2064,0.0,0.0,0.0,0.0,0.0,0.0,0.0,0.0,0.0,0.0,0.0,0.0,0.0,19.1053,1925.1149,3795.9509,5086.6726,5937.3359,6969.0353
2025-12-5,18:00,0.0,0.0,0.0,0.0,0.0,0.0,0.0,0.0,0.0,0.0,0.0,0.0,16.167,1629.7957,3171.6726,4138.033,4676.671,5108.9995,5120.3137,5531.6598,3697.0507,1703.5183,17.4369,0.0
2025-12-6,0:00,0.0,0.0,0.0,0.0,0.0,0.0,14.6116,1495.2236,3072.5303,4113.1716,5362.4497,5524.1876,5525.8332,4824.0022,3178.2489,1487.4197,16.0213,0.0,0.0,0.0,0.0,0.0,0.0,0.0
2025-12-6,6:00,16.7424,1581.7087,3131.1596,4184.8286,4981.988,5398.5376,6005.8016,5299.5013,3435.7914,1679.3357,16.3551,0.0,0.0,0.0,0.0,0.0,0.0,0.0,0.0,0.0,0.0,0.0,0.0,0.0
2025-12-6,12:00,5762.5713,4909.6413,3354.5706,1610.8878,16.5935,0.0,0.0,0.0,0.0,0.0,0.0,0.0,0.0,0.0,0.0,0.0,0.0,0.0,10.0212,1073.5181,3147.3137,4187.0141,5476.1444,6407.2146
2025-12-6,18:00,0.0,0.0,0.0,0.0,0.0,0.0,0.0,0.0,0.0,0.0,0.0,0.0,9.5307,1298.7511,2867.457,3737.9908,4972.897,6194.6503,5338.2567,4810.2488,3600.1422,1461.3936,10.9079,0.0
2025-12-7,0:00,0.0,0.0,0.0,0.0,0.0,0.0,13.5841,1744.5357,3587.5949,4378.8187,4696.8187,5608.0967,4865.5788,4160.8904,2694.7487,1427.4927,10.7073,0.0,0.0,0.0,0.0,0.0,0.0,0.0
2025-12-7,6:00,13.0624,1699.386,3738.6715,4900.0808,6117.3995,6992.6221,5755.7272,4898.3221,3377.2541,1543.3892,11.4025,0.0,0.0,0.0,0.0,0.0,0.0,0.0,0.0,0.0,0.0,0.0,0.0,0.0
2025-12-7,12:00,5526.3733,4625.952,3118.3336,1417.4405,11.5696,0.0,0.0,0.0,0.0,0.0,0.0,0.0,0.0,0.0,0.0,0.0,0.0,0.0,6.126,1249.669,2763.4133,4164.3353,5613.732,6216.3855
2025-12-7,18:00,0.0,0.0,0.0,0.0,0.0,0.0,0.0,0.0,0.0,0.0,0.0,0.0,7.6926,1635.9517,3540.4981,5304.4963,5964.0716,7044.3,6411.6931,5596.5578,3529.0425,1682.0804,7.4169,0.0
2025-12-8,0:00,0.0,0.0,0.0,0.0,0.0,0.0,8.4388,1715.8405,3125.0424,4108.9996,4477.7077,5350.0364,5022.8299,4664.7284,3213.7859,1860.5197,8.2096,0.0,0.0,0.0,0.0,0.0,0.0,0.0
2025-12-8,6:00,8.5686,1712.2038,3667.7568,4507.2221,4980.9102,4958.1506,4200.7326,3849.3347,3007.5312,1662.6218,9.7047,0.0,0.0,0.0,0.0,0.0,0.0,0.0,0.0,0.0,0.0,0.0,0.0,0.0
2025-12-8,12:00,5209.9619,4459.4235,3174.3536,1636.5969,8.338,0.0,0.0,0.0,0.0,0.0,0.0,0.0,0.0,0.0,0.0,0.0,0.0,0.0,4.6427,1379.3103,2798.678,3168.1773,4260.1947,2453.2644
2025-12-8,18:00,0.0,0.0,0.0,0.0,0.0,0.0,0.0,0.0,0.0,0.0,0.0,0.0,3.2254,1227.088,2995.5716,4575.1146,5247.7869,5848.6114,4717.7055,2404.5901,1585.6114,1237.1471,3.5432,0.0
2025-12-9,0:00,0.0,0.0,0.0,0.0,0.0,0.0,4.4405,1416.8327,3148.3846,4394.1374,4879.7025,5424.2788,5518.4622,4621.8756,3210.1583,1853.6423,5.5207,0.0,0.0,0.0,0.0,0.0,0.0,0.0
2025-12-9,6:00,4.4536,1506.6362,3316.0084,4938.6567,6002.7591,6109.5808,6105.0992,4834.304,2898.7675,1464.8015,4.3334,0.0,0.0,0.0,0.0,0.0,0.0,0.0,0.0,0.0,0.0,0.0,0.0,0.0
2025-12-9,12:00,5943.1809,4593.1087,3054.0952,1596.2495,4.9589,0.0,0.0,0.0,0.0,0.0,0.0,0.0,0.0,0.0,0.0,0.0,0.0,0.0,1.558,1499.5636,3362.4537,4796.4803,5491.0974,5720.6222
2025-12-9,18:00,0.0,0.0,0.0,0.0,0.0,0.0,0.0,0.0,0.0,0.0,0.0,0.0,2.1847,1969.05,3851.1845,4594.5907,5964.0431,6529.512,6256.8497,5427.5021,3995.0625,1704.4811,2.5731,0.0
2025-12-10,0:00,0.0,0.0,0.0,0.0,0.0,0.0,1.9626,1820.7299,3997.7625,5381.85,6441.3,6667.275,5478.3137,4463.7255,2886.114,1098.7086,1.538,0.0,0.0,0.0,0.0,0.0,0.0,0.0
2025-12-10,6:00,2.0285,1824.1081,3842.8709,4785.4843,5662.8313,5798.8967,4796.4726,3812.1329,2992.0883,1323.2369,2.046,0.0,0.0,0.0,0.0,0.0,0.0,0.0,0.0,0.0,0.0,0.0,0.0,0.0
2025-12-10,12:00,5145.1261,4580.4249,3047.4782,1227.0875,1.7882,0.0,0.0,0.0,0.0,0.0,0.0,0.0,0.0,0.0,0.0,0.0,0.0,0.0,0.0,1720.7443,3275.1771,4256.9563,5380.566,5569.5682
2025-12-10,18:00,0.0,0.0,0.0,0.0,0.0,0.0,0.0,0.0,0.0,0.0,0.0,0.0,0.0,1480.6971,2930.6939,3697.8802,5016.0252,4722.5713,5520.8785,5207.1011,3806.8125,1771.3091,0.0,0.0
2025-12-11,0:00,0.0,0.0,0.0,0.0,0.0,0.0,0.0,1643.6818,3264.3585,4681.953,5697.3923,5048.6217,5260.6814,4661.3447,3117.8581,1581.0651,0.0,0.0,0.0,0.0,0.0,0.0,0.0,0.0
2025-12-11,6:00,0.0,1635.6297,3301.2735,4712.4112,5724.4267,5330.0616,6097.6164,5269.7544,3665.1003,1957.9405,0.0,0.0,0.0,0.0,0.0,0.0,0.0,0.0,0.0,0.0,0.0,0.0,0.0,0.0
2025-12-11,12:00,6137.0486,5070.7405,3525.3898,1806.38,0.0,0.0,0.0,0.0,0.0,0.0,0.0,0.0,0.0,0.0,0.0,0.0,0.0,0.0,0.0,1237.4933,3225.026,5026.3725,6441.3,6667.275
2025-12-11,18:00,0.0,0.0,0.0,0.0,0.0,0.0,0.0,0.0,0.0,0.0,0.0,0.0,0.0,1458.6836,3439.129,4559.7357,5746.4818,5334.3607,3943.2786,3269.8944,1817.6957,909.9721,0.0,0.0
2025-12-12,0:00,0.0,0.0,0.0,0.0,0.0,0.0,0.0,1541.4132,3499.593,4167.8367,5365.9496,5343.0501,4777.2145,5193.4869,3806.8125,1918.047,0.0,0.0,0.0,0.0,0.0,0.0,0.0,0.0
2025-12-12,6:00,0.0,1439.2967,3246.1747,4216.8244,4907.3851,4598.0256,4522.8649,4842.0317,3521.0067,1811.5423,0.0,0.0,0.0,0.0,0.0,0.0,0.0,0.0,0.0,0.0,0.0,0.0,0.0,0.0
2025-12-12,12:00,4777.7175,4649.9997,3257.9052,1574.5047,0.0,0.0,0.0,0.0,0.0,0.0,0.0,0.0,0.0,0.0,0.0,0.0,0.0,0.0,0.0,1240.7183,2615.7123,3758.7239,4285.1192,5804.2918
2025-12-12,18:00,0.0,0.0,0.0,0.0,0.0,0.0,0.0,0.0,0.0,0.0,0.0,0.0,0.0,1445.1487,3450.2256,4480.2308,5740.1948,6579.75,6300.3057,5458.725,3806.8125,2001.7875,0.0,0.0
2025-12-13,0:00,0.0,0.0,0.0,0.0,0.0,0.0,0.0,1389.4105,2903.1166,4003.8707,4938.6603,5782.2351,5197.8823,4728.7992,3806.8125,1943.0505,0.0,0.0,0.0,0.0,0.0,0.0,0.0,0.0
2025-12-13,6:00,0.0,1494.6481,3376.4138,4571.636,5569.8175,5907.7596,4853.1959,3555.4423,2827.4335,1464.3832,0.0,0.0,0.0,0.0,0.0,0.0,0.0,0.0,0.0,0.0,0.0,0.0,0.0,0.0
2025-12-13,12:00,4922.9144,4134.9214,3325.781,1618.634,0.0,0.0,0.0,0.0,0.0,0.0,0.0,0.0,0.0,0.0,0.0,0.0,0.0,0.0,0.0,1723.1435,3757.95,5088.1875,6441.3,6579.75
2025-12-13,18:00,0.0,0.0,0.0,0.0,0.0,0.0,0.0,0.0,0.0,0.0,0.0,0.0,0.0,1487.6954,3397.3582,4981.6772,5543.5469,6031.1197,5524.4122,3919.2903,2218.0454,818.0868,0.0,0.0
2025-12-14,0:00,0.0,0.0,0.0,0.0,0.0,0.0,0.0,1689.634,3757.95,5088.1875,6265.1427,6372.5343,6210.075,5076.604,3446.4877,1493.1732,0.0,0.0,0.0,0.0,0.0,0.0,0.0,0.0
2025-12-14,6:00,0.0,1646.0556,3599.4273,4860.8446,5152.3237,5710.4053,5312.871,4449.3718,3270.6379,1554.109,0.0,0.0,0.0,0.0,0.0,0.0,0.0,0.0,0.0,0.0,0.0,0.0,0.0,0.0
2025-12-14,12:00,5296.3951,4515.5673,3104.8559,1345.7052,0.0,0.0,0.0,0.0,0.0,0.0,0.0,0.0,0.0,0.0,0.0,0.0,0.0,0.0,0.0,1320.2446,2968.9816,3971.9634,4752.5253,3865.0782
2025-12-14,18:00,0.0,0.0,0.0,0.0,0.0,0.0,0.0,0.0,0.0,0.0,0.0,0.0,0.0,1457.272,3313.6726,4600.2409,5178.6194,5503.5248,6210.075,5104.35,3453.2316,1752.0375,0.0,0.0
2025-12-15,0:00,0.0,0.0,0.0,0.0,0.0,0.0,0.0,1586.3966,3700.9025,5041.4824,6441.3,6220.6824,6210.075,5104.35,3545.3628,1615.1054,0.0,0.0,0.0,0.0,0.0,0.0,0.0,0.0
2025-12-15,6:00,0.0,1531.9462,3299.9949,4310.7625,5251.7101,4888.6222,5329.2979,4647.8129,3140.9262,1612.6436,0.0,0.0,0.0,0.0,0.0,0.0,0.0,0.0,0.0,0.0,0.0,0.0,0.0,0.0
2025-12-15,12:00,5566.0339,4846.235,3080.6962,1536.1417,0.0,0.0,0.0,0.0,0.0,0.0,0.0,0.0,0.0,0.0,0.0,0.0,0.0,0.0,0.0,1351.4649,3293.7935,4374.4436,5267.6073,4830.2189
2025-12-15,18:00,0.0,0.0,0.0,0.0,0.0,0.0,0.0,0.0,0.0,0.0,0.0,0.0,0.0,1708.6577,3733.9389,4811.7039,5601.9632,5304.2128,4294.1179,3848.7832,3748.875,1752.0375,0.0,0.0
2025-12-16,0:00,0.0,0.0,0.0,0.0,0.0,0.0,0.0,1427.4422,3027.8677,4330.6662,5447.1511,5994.8275,5499.8541,4424.247,2953.5683,1453.8407,0.0,0.0,0.0,0.0,0.0,0.0,0.0,0.0
2025-12-16,6:00,0.0,1507.4304,3067.9138,4260.9373,5270.2196,5701.5669,5536.0007,4938.0866,3455.2152,1602.6385,0.0,0.0,0.0,0.0,0.0,0.0,0.0,0.0,0.0,0.0,0.0,0.0,0.0,0.0
2025-12-16,12:00,5328.2682,4821.5487,3593.2729,1624.7882,0.0,0.0,0.0,0.0,0.0,0.0,0.0,0.0,0.0,0.0,0.0,0.0,0.0,0.0,0.0,978.1935,2453.8198,3794.9637,4758.2601,3919.347
2025-12-16,18:00,0.0,0.0,0.0,0.0,0.0,0.0,0.0,0.0,0.0,0.0,0.0,0.0,0.0,1238.1753,2845.7351,4198.1459,5496.4646,5544.2593,4276.7883,4234.7844,3272.3832,1289.4736,0.0,0.0
2025-12-17,0:00,0.0,0.0,0.0,0.0,0.0,0.0,0.0,1462.5697,3091.7135,4283.5076,4371.2004,5445.6372,5141.611,5000.3752,3401.6132,1557.3679,0.0,0.0,0.0,0.0,0.0,0.0,0.0,0.0
2025-12-17,6:00,0.0,1576.1045,3479.9515,4748.8077,5654.786,5838.1452,5285.901,5104.35,3748.875,1620.4389,0.0,0.0,0.0,0.0,0.0,0.0,0.0,0.0,0.0,0.0,0.0,0.0,0.0,0.0
2025-12-17,12:00,5416.8491,5104.35,3405.0269,1495.6999,0.0,0.0,0.0,0.0,0.0,0.0,0.0,0.0,0.0,0.0,0.0,0.0,0.0,0.0,0.0,1767.3905,3619.0143,5088.1875,6416.325,6579.75
2025-12-17,18:00,0.0,0.0,0.0,0.0,0.0,0.0,0.0,0.0,0.0,0.0,0.0,0.0,0.0,1785.3,3631.4969,4754.4023,6191.1842,6579.75,6012.2577,4567.6495,2446.963,912.0549,0.0,0.0
2025-12-18,0:00,0.0,0.0,0.0,0.0,0.0,0.0,0.0,1585.8442,3170.3855,4192.1299,5843.6906,6579.75,6210.075,5104.35,3748.875,1704.1125,0.0,0.0,0.0,0.0,0.0,0.0,0.0,0.0
2025-12-18,6:00,0.0,1551.6883,3082.0215,4184.296,5690.3363,6207.554,6062.0362,4415.9835,3148.9209,1361.3916,0.0,0.0,0.0,0.0,0.0,0.0,0.0,0.0,0.0,0.0,0.0,0.0,0.0,0.0
2025-12-18,12:00,6032.2491,4758.0686,3402.2461,1547.5654,0.0,0.0,0.0,0.0,0.0,0.0,0.0,0.0,0.0,0.0,0.0,0.0,0.0,0.0,0.0,1709.1847,3097.5546,4409.6028,4818.8998,2238.1516
2025-12-18,18:00,0.0,0.0,0.0,0.0,0.0,0.0,0.0,0.0,0.0,0.0,0.0,0.0,0.0,1247.0449,2730.6635,4491.5668,5563.6061,5926.0501,5990.1758,5020.2823,3748.875,1704.1125,0.0,0.0
2025-12-19,0:00,0.0,0.0,0.0,0.0,0.0,0.0,0.0,1379.3041,3185.2314,5036.0625,6124.728,6579.75,6210.075,4944.7934,3027.9699,1548.1721,0.0,0.0,0.0,0.0,0.0,0.0,0.0,0.0
2025-12-19,6:00,0.0,1457.2997,3067.9058,4969.0983,5659.1209,5385.1903,5330.4902,4220.0143,2858.4712,1515.9984,0.0,0.0,0.0,0.0,0.0,0.0,0.0,0.0,0.0,0.0,0.0,0.0,0.0,0.0
2025-12-19,12:00,5667.521,4363.3901,3162.0885,1704.1125,0.0,0.0,0.0,0.0,0.0,0.0,0.0,0.0,0.0,0.0,0.0,0.0,0.0,0.0,0.0,1638.5813,3208.1626,4301.7412,4203.7666,2358.5793
2025-12-19,18:00,0.0,0.0,0.0,0.0,0.0,0.0,0.0,0.0,0.0,0.0,0.0,0.0,0.0,1657.5951,3334.0759,4984.8461,5478.4246,5014.5321,4756.9237,4050.3719,2571.7679,1233.0132,0.0,0.0
2025-12-20,0:00,0.0,0.0,0.0,0.0,0.0,0.0,0.0,1355.4716,3004.2466,4457.8148,6024.6825,6102.1073,5849.586,4060.1513,3111.9418,1389.4631,0.0,0.0,0.0,0.0,0.0,0.0,0.0,0.0
2025-12-20,6:00,0.0,1414.4111,3062.4434,4719.1191,5799.5603,6057.8007,5646.5253,4453.0211,3483.8994,1704.1125,0.0,0.0,0.0,0.0,0.0,0.0,0.0,0.0,0.0,0.0,0.0,0.0,0.0,0.0
2025-12-20,12:00,5618.1515,4613.6902,3264.8262,1673.3684,0.0,0.0,0.0,0.0,0.0,0.0,0.0,0.0,0.0,0.0,0.0,0.0,0.0,0.0,0.0,1167.4802,3089.5131,4440.2215,5065.0668,6579.75
2025-12-20,18:00,0.0,0.0,0.0,0.0,0.0,0.0,0.0,0.0,0.0,0.0,0.0,0.0,0.0,1570.4292,2821.9168,3992.9028,4411.3424,5709.6735,6160.6125,5091.225,3531.3944,1556.8924,0.0,0.0
2025-12-21,0:00,0.0,0.0,0.0,0.0,0.0,0.0,0.0,1573.9924,3221.5551,4556.1347,5068.3073,5603.673,5729.3413,4913.7194,3343.7907,1451.0536,0.0,0.0,0.0,0.0,0.0,0.0,0.0,0.0
2025-12-21,6:00,0.0,1568.0963,3389.1758,4981.0731,5174.3963,6417.0221,5698.2032,5035.9218,2982.9037,1376.7832,0.0,0.0,0.0,0.0,0.0,0.0,0.0,0.0,0.0,0.0,0.0,0.0,0.0,0.0
2025-12-21,12:00,5325.392,4723.819,2848.0195,1350.0089,0.0,0.0,0.0,0.0,0.0,0.0,0.0,0.0,0.0,0.0,0.0,0.0,0.0,0.0,0.0,1188.9145,2784.958,4580.9193,5262.5832,5803.4881
2025-12-21,18:00,0.0,0.0,0.0,0.0,0.0,0.0,0.0,0.0,0.0,0.0,0.0,0.0,0.0,1169.3179,2660.3165,4019.1485,4730.8461,6021.5378,4933.3249,4109.4466,2506.4456,1657.1781,0.0,0.0
2025-12-22,0:00,0.0,0.0,0.0,0.0,0.0,0.0,0.0,1371.8815,3168.1455,4575.1928,6053.3784,6579.75,5998.6273,4799.4348,3376.3039,1474.8986,0.0,0.0,0.0,0.0,0.0,0.0,0.0,0.0
2025-12-22,6:00,0.0,1397.8687,3062.7401,4692.4724,5585.1122,6047.487,5743.7792,5091.225,3405.4534,1635.3778,0.0,0.0,0.0,0.0,0.0,0.0,0.0,0.0,0.0,0.0,0.0,0.0,0.0,0.0
2025-12-22,12:00,5457.2907,4778.4394,3185.4582,1511.6789,0.0,0.0,0.0,0.0,0.0,0.0,0.0,0.0,0.0,0.0,0.0,0.0,0.0,0.0,0.0,1425.7884,3000.8541,4556.7013,4774.2828,6579.75
2025-12-22,18:00,0.0,0.0,0.0,0.0,0.0,0.0,0.0,0.0,0.0,0.0,0.0,0.0,0.0,1402.6315,2735.8269,3460.2612,4055.8067,5563.479,5083.2724,4384.9509,2749.7882,1704.1125,0.0,0.0
2025-12-23,0:00,0.0,0.0,0.0,0.0,0.0,0.0,0.0,1476.3682,2984.4407,4265.284,5117.0193,5481.4892,5876.1795,5018.3987,3180.8105,1704.1125,0.0,0.0,0.0,0.0,0.0,0.0,0.0,0.0
2025-12-23,6:00,0.0,1688.9874,3335.9328,4845.6971,5580.3567,6342.5002,6127.7244,5063.7698,2971.5553,1477.8494,0.0,0.0,0.0,0.0,0.0,0.0,0.0,0.0,0.0,0.0,0.0,0.0,0.0,0.0
2025-12-23,12:00,5804.9073,4912.3718,3144.1366,1654.5775,0.0,0.0,0.0,0.0,0.0,0.0,0.0,0.0,0.0,0.0,0.0,0.0,0.0,0.0,0.0,1785.3,3391.2006,4518.4963,6343.425,5395.2527
2025-12-23,18:00,0.0,0.0,0.0,0.0,0.0,0.0,0.0,0.0,0.0,0.0,0.0,0.0,0.0,1669.8643,2896.5987,4714.869,6343.425,6579.75,6160.6125,5091.225,3748.875,1667.6486,0.0,0.0
2025-12-24,0:00,0.0,0.0,0.0,0.0,0.0,0.0,0.0,1591.6271,3123.4349,4172.7588,5993.2319,6579.75,5664.433,4295.6928,3417.4161,1317.0335,0.0,0.0,0.0,0.0,0.0,0.0,0.0,0.0
2025-12-24,6:00,0.0,1597.167,3021.0868,4264.869,5792.0863,6379.4201,5450.8359,4542.0747,3276.769,1428.831,0.0,0.0,0.0,0.0,0.0,0.0,0.0,0.0,0.0,0.0,0.0,0.0,0.0,0.0
2025-12-24,12:00,5474.2328,4492.098,3428.9117,1661.2078,0.0,0.0,0.0,0.0,0.0,0.0,0.0,0.0,0.0,0.0,0.0,0.0,0.0,0.0,0.0,1499.0757,3729.0375,5036.0625,5995.7153,6579.75
2025-12-24,18:00,0.0,0.0,0.0,0.0,0.0,0.0,0.0,0.0,0.0,0.0,0.0,0.0,0.0,1538.148,3723.2495,4484.9486,5547.5151,4326.2867,4781.2497,3516.2152,2756.7863,1267.058,0.0,0.0
2025-12-25,0:00,0.0,0.0,0.0,0.0,0.0,0.0,0.0,1597.0854,3586.1551,4947.856,6110.9506,6462.7903,6160.6125,5091.225,3748.875,1681.9222,0.0,0.0,0.0,0.0,0.0,0.0,0.0,0.0
2025-12-25,6:00,0.0,1577.2651,3597.4181,4949.0493,5968.7661,5749.3178,6139.0556,5091.225,3703.4215,1704.1125,0.0,0.0,0.0,0.0,0.0,0.0,0.0,0.0,0.0,0.0,0.0,0.0,0.0,0.0
2025-12-25,12:00,5508.3945,4572.9048,3228.753,1499.0115,0.0,0.0,0.0,0.0,0.0,0.0,0.0,0.0,0.0,0.0,0.0,0.0,0.0,0.0,0.0,1028.7785,2696.5604,5036.0625,6343.425,6242.9296
2025-12-25,18:00,0.0,0.0,0.0,0.0,0.0,0.0,0.0,0.0,0.0,0.0,0.0,0.0,0.0,1623.6206,3192.9053,4513.4761,6053.9131,5337.284,4099.2926,3836.0178,2286.8496,1131.6815,0.0,0.0
2025-12-26,0:00,0.0,0.0,0.0,0.0,0.0,0.0,0.0,1598.257,3402.4154,4911.997,6343.425,6374.3614,5521.2006,4574.0754,3249.4287,1475.8695,0.0,0.0,0.0,0.0,0.0,0.0,0.0,0.0
2025-12-26,6:00,0.0,1486.4496,3009.0992,4569.8801,6343.425,6132.088,5110.3254,4983.1334,3321.1507,1580.807,0.0,0.0,0.0,0.0,0.0,0.0,0.0,0.0,0.0,0.0,0.0,0.0,0.0,0.0
2025-12-26,12:00,5159.7567,4530.4246,3128.4546,1527.4704,0.0,0.0,0.0,0.0,0.0,0.0,0.0,0.0,0.0,0.0,0.0,0.0,0.0,0.0,0.0,1680.075,3349.4001,4735.4431,6101.3511,6579.75
2025-12-26,18:00,0.0,0.0,0.0,0.0,0.0,0.0,0.0,0.0,0.0,0.0,0.0,0.0,0.0,1426.3869,3119.3469,5036.0625,5112.6807,5523.4108,4890.6683,3917.632,2534.877,1645.1795,0.0,0.0
2025-12-27,0:00,0.0,0.0,0.0,0.0,0.0,0.0,0.0,1680.075,3617.5089,4562.1919,5737.0699,6269.0607,4985.8742,3958.1885,3497.5958,1505.997,0.0,0.0,0.0,0.0,0.0,0.0,0.0,0.0
2025-12-27,6:00,0.0,1627.6205,3242.6526,4349.5476,5490.3096,6226.8292,5444.5027,4373.739,3244.6578,1502.1844,0.0,0.0,0.0,0.0,0.0,0.0,0.0,0.0,0.0,0.0,0.0,0.0,0.0,0.0
2025-12-27,12:00,5320.0421,4149.5958,3183.552,1525.8926,0.0,0.0,0.0,0.0,0.0,0.0,0.0,0.0,0.0,0.0,0.0,0.0,0.0,0.0,0.0,1469.8438,3101.7504,4869.3633,6236.7608,5787.0039
2025-12-27,18:00,0.0,0.0,0.0,0.0,0.0,0.0,0.0,0.0,0.0,0.0,0.0,0.0,0.0,1467.7691,3642.0605,5036.0625,6343.425,6579.75,5981.55,5091.225,3748.875,1671.3,0.0,0.0
2025-12-28,0:00,0.0,0.0,0.0,0.0,0.0,0.0,0.0,1339.4719,3413.8623,4816.3971,5835.2633,6386.0699,5491.1222,4452.8035,3478.7105,1652.9181,0.0,0.0,0.0,0.0,0.0,0.0,0.0,0.0
2025-12-28,6:00,0.0,1424.9536,3251.4143,4797.8714,5602.5068,5845.1896,5893.6012,5023.7548,3728.3887,1671.3,0.0,0.0,0.0,0.0,0.0,0.0,0.0,0.0,0.0,0.0,0.0,0.0,0.0,0.0
2025-12-28,12:00,5604.4117,4977.4785,3748.875,1627.2054,0.0,0.0,0.0,0.0,0.0,0.0,0.0,0.0,0.0,0.0,0.0,0.0,0.0,0.0,0.0,1680.075,3729.0375,5036.0625,6343.425,6579.75
2025-12-28,18:00,0.0,0.0,0.0,0.0,0.0,0.0,0.0,0.0,0.0,0.0,0.0,0.0,0.0,1680.075,3729.0375,4709.2901,5346.2366,5860.7146,5797.7848,5091.225,3748.875,1671.3,0.0,0.0
2025-12-29,0:00,0.0,0.0,0.0,0.0,0.0,0.0,0.0,1680.075,3729.0375,5036.0625,6343.425,5757.0502,5498.6958,5066.05,3382.2879,1416.0314,0.0,0.0,0.0,0.0,0.0,0.0,0.0,0.0
2025-12-29,6:00,0.0,1655.7087,3676.8611,4882.4519,5344.918,5171.4709,4870.024,4775.1745,3257.9146,1513.9741,0.0,0.0,0.0,0.0,0.0,0.0,0.0,0.0,0.0,0.0,0.0,0.0,0.0,0.0
2025-12-29,12:00,5011.0582,4489.5967,3074.7633,1492.4443,0.0,0.0,0.0,0.0,0.0,0.0,0.0,0.0,0.0,0.0,0.0,0.0,0.0,0.0,0.0,1395.5955,3179.2288,5036.0625,5113.6866,6043.9965
2025-12-29,18:00,0.0,0.0,0.0,0.0,0.0,0.0,0.0,0.0,0.0,0.0,0.0,0.0,0.0,1493.4509,3084.7571,5036.0625,6176.8061,6459.6775,5981.55,5091.225,3213.3254,1071.285,0.0,0.0
2025-12-30,0:00,0.0,0.0,0.0,0.0,0.0,0.0,0.0,1540.161,3366.041,5036.0625,6062.8381,6037.542,5584.2923,4617.3106,3358.3849,1255.0043,0.0,0.0,0.0,0.0,0.0,0.0,0.0,0.0
2025-12-30,6:00,0.0,1509.2056,3071.0374,4953.3667,6035.1033,6579.75,5369.1715,4403.2543,2871.2879,1314.6145,0.0,0.0,0.0,0.0,0.0,0.0,0.0,0.0,0.0,0.0,0.0,0.0,0.0,0.0
2025-12-30,12:00,5817.9672,5091.225,3587.2944,1622.0687,0.0,0.0,0.0,0.0,0.0,0.0,0.0,0.0,0.0,0.0,0.0,0.0,0.0,0.0,0.75,1680.075,3729.0375,4701.0241,5695.3119,4752.0188
2025-12-30,18:00,0.0,0.0,0.0,0.0,0.0,0.0,0.0,0.0,0.0,0.0,0.0,0.0,0.75,1441.7028,2789.7622,3383.1137,4206.0932,6207.6377,5981.55,5091.225,3748.875,1671.3,0.7125,0.0
2025-12-31,0:00,0.0,0.0,0.0,0.0,0.0,0.0,0.7285,1617.7777,3159.7665,4228.7377,4905.7524,5200.4739,5650.7144,4995.7096,3408.0726,1671.3,0.7125,0.0,0.0,0.0,0.0,0.0,0.0,0.0
2025-12-31,6:00,0.75,1647.3785,3270.9671,4404.5156,5267.2424,5786.0214,5545.7211,4558.8634,3347.6259,1671.3,0.7125,0.0,0.0,0.0,0.0,0.0,0.0,0.0,0.0,0.0,0.0,0.0,0.0,0.0
2025-12-31,12:00,5451.1096,4476.087,3156.9037,1620.5626,0.7002,0.0,0.0,0.0,0.0,0.0,0.0,0.0,0.0,0.0,0.0,0.0,0.0,0.0,0.6935,1565.6777,3314.4203,4855.1079,5448.9961,6346.6737
2025-12-31,18:00,0.0,0.0,0.0,0.0,0.0,0.0,0.0,0.0,0.0,0.0,0.0,0.0,0.693,1507.4644,3729.0375,5036.0625,6222.8055,6505.5081,5981.55,4577.1388,2956.0866,1671.3,0.6958,0.0
