日期\时间,00:10:00,00:20:00,00:30:00,00:40:00,00:50:00,01:00:00,01:10:00,01:20:00,01:30:00,01:40:00,01:50:00,02:00:00,02:10:00,02:20:00,02:30:00,02:40:00,02:50:00,03:00:00,03:10:00,03:20:00,03:30:00,03:40:00,03:50:00,04:00:00,04:10:00,04:20:00,04:30:00,04:40:00,04:50:00,05:00:00,05:10:00,05:20:00,05:30:00,05:40:00,05:50:00,06:00:00,06:10:00,06:20:00,06:30:00,06:40:00,06:50:00,07:00:00,07:10:00,07:20:00,07:30:00,07:40:00,07:50:00,08:00:00,08:10:00,08:20:00,08:30:00,08:40:00,08:50:00,09:00:00,09:10:00,09:20:00,09:30:00,09:40:00,09:50:00,10:00:00,10:10:00,10:20:00,10:30:00,10:40:00,10:50:00,11:00:00,11:10:00,11:20:00,11:30:00,11:40:00,11:50:00,12:00:00,12:10:00,12:20:00,12:30:00,12:40:00,12:50:00,13:00:00,13:10:00,13:20:00,13:30:00,13:40:00,13:50:00,14:00:00,14:10:00,14:20:00,14:30:00,14:40:00,14:50:00,15:00:00,15:10:00,15:20:00,15:30:00,15:40:00,15:50:00,16:00:00,16:10:00,16:20:00,16:30:00,16:40:00,16:50:00,17:00:00,17:10:00,17:20:00,17:30:00,17:40:00,17:50:00,18:00:00,18:10:00,18:20:00,18:30:00,18:40:00,18:50:00,19:00:00,19:10:00,19:20:00,19:30:00,19:40:00,19:50:00,20:00:00,20:10:00,20:20:00,20:30:00,20:40:00,20:50:00,21:00:00,21:10:00,21:20:00,21:30:00,21:40:00,21:50:00,22:00:00,22:10:00,22:20:00,22:30:00,22:40:00,22:50:00,23:00:00,23:10:00,23:20:00,23:30:00,23:40:00,23:50:00,0:00+1
2025-01-01,3529.7296,3609.5287,3726.56,3510.6311,3502.5625,3787.01,3900.3205,3916.8376,3817.28,3533.0136,3694.6613,4064.73,3810.671,3844.9495,4234.62,4109.9755,3996.8945,4102.19,4086.0577,4133.7626,4179.18,3953.3711,3910.7496,4099.31,4123.8623,4169.0068,4260.24,4217.2222,4261.857,4341.9,4208.2208,4302.1233,4456.59,4148.637,4498.1333,5369.38,5440.8991,5316.893,5399.82,5447.4007,5444.401,5433.63,5449.2818,5510.0042,5476.0,5329.4215,6084.1163,7316.0,7469.4947,7225.691,7216.13,7361.7004,7275.513,7077.29,7221.8762,7229.5513,7099.33,7297.1521,7313.1756,7099.46,7125.5214,7096.3104,6986.17,7098.9702,7193.993,7135.18,7042.947,7069.1675,7129.17,6971.0393,6648.4937,6471.29,6681.1855,6585.2714,6283.97,6547.9322,6747.6789,6682.36,6790.9628,6916.0165,6834.78,6546.5252,6539.873,6773.97,6736.8117,6623.3813,6548.98,6398.5627,6196.5854,6154.69,6459.5818,6622.8857,6493.61,6375.0516,6354.113,6404.25,6444.972,6399.4586,6292.15,6236.9153,6299.9437,6389.06,6325.1833,6169.4734,6191.99,6464.5067,5764.0309,4529.45,4490.5328,4644.0206,4469.21,4470.465,4510.8756,4486.17,4471.7293,4439.8235,4387.19,4347.9765,4300.6345,4315.99,4483.2744,4551.706,4499.8,4535.0935,4528.916,4483.51,4548.2302,4595.6841,4620.9,4653.7148,4131.9845,3363.0,3305.7588,3470.932,3521.37,3561.5279,3386.068,3289.99,3774.2552,3883.62,3525.14,3553.5909,3697.1141,3696.7
2025-01-02,3622.5509,3622.7611,3708.23,3750.5226,3684.9038,3644.14,3809.298,3855.1226,3783.78,3907.3849,3968.2398,3886.77,3865.3901,3931.6861,4055.98,4164.982,4067.4326,3919.44,4068.323,4140.4792,4061.12,4138.7041,4283.3011,4330.98,4225.1585,4201.989,4273.9,4219.0352,4069.3885,4030.95,4262.9553,4330.5086,4149.13,4130.3346,4641.7286,5411.59,5738.8011,5695.3891,5537.66,5461.5746,5483.6005,5540.88,5575.3367,5669.9633,5566.66,5081.9454,5737.5547,7205.75,7519.6199,7253.8265,7156.62,7351.5694,7430.2399,7295.25,7207.6569,7113.8825,7023.12,7047.9517,7129.0191,7151.1,7053.4551,7028.7906,7115.54,7158.8016,7104.1648,6988.45,6905.2356,6918.8526,7053.45,7224.2372,7061.4737,6627.88,6385.5315,6379.3415,6517.08,6677.4158,6740.259,6776.29,6923.5069,6851.0971,6622.15,6654.8176,6745.2794,6768.73,6785.5204,6651.4681,6519.73,6699.3894,6745.2289,6621.14,6686.5383,6510.334,6220.79,6406.2703,6474.5982,6290.24,6307.331,6312.2172,6239.28,6276.4877,6335.5438,6317.75,6215.7285,6137.0958,6185.23,6275.9932,5749.3845,4825.29,4462.7208,4487.596,4531.35,4433.2667,4446.1905,4522.69,4365.4081,4272.9727,4365.74,4459.5799,4483.9677,4509.26,4622.8615,4560.6006,4323.46,4224.7758,4398.0305,4648.27,4633.6,4538.5738,4588.87,4752.9518,4388.3683,3695.47,3549.5286,3568.6566,3527.23,3577.6994,3478.244,3323.61,3478.4063,3640.9395,3700.96,3769.729,3428.202,2919.12
2025-01-03,2954.3509,2960.6102,2756.51,2725.0654,2639.7341,2583.76,2902.6811,3131.051,3056.82,2923.5412,2940.6553,3047.21,3000.6237,2860.5275,2800.1,2953.2923,3161.0061,3294.0,3346.735,3390.5777,3426.62,3375.8805,3204.2096,3155.14,3470.3443,3371.4266,2945.58,3074.9809,3342.863,3341.55,3130.4364,3224.3627,3607.85,3733.6991,3503.3718,3256.78,3421.25,3519.6603,3365.9,3274.086,3462.1699,3787.21,3895.0622,3904.9573,3913.93,3897.2707,3918.3208,4025.58,4146.3263,3906.1017,3524.22,3689.646,4284.7343,4753.54,4591.2578,4391.5782,4496.24,4673.3336,4538.2138,4253.49,4355.1198,4561.5437,4553.01,4289.7362,4146.1721,4247.72,4376.5197,4356.2528,4292.25,4431.7662,4528.7137,4406.42,4161.4411,4175.5384,4332.03,4156.8051,3998.4468,4008.75,4000.4293,4052.8564,4047.69,3788.9507,3812.7819,4095.07,4064.0778,3932.6141,3892.01,3900.8667,3890.6631,3800.74,3650.1373,3708.4101,3860.93,3736.1478,3699.9877,3817.2,3751.9521,3533.1584,3406.26,3544.1616,3385.5316,2996.54,2994.4949,2976.805,2847.22,2930.8792,2970.7432,2859.03,2767.8666,2778.7108,2809.88,2711.9698,2609.4796,2608.92,2689.2879,2685.1189,2707.6,2988.2372,3022.4875,2798.06,2801.341,2810.0049,2766.2,2865.7629,2932.1172,2903.7,2876.0861,2739.4924,2646.76,2854.3033,2801.1854,2481.44,2453.7519,2496.4764,2462.06,2454.9477,2478.41,2531.44,2618.7584,2674.9089,2688.94,2712.3789,2755.1168,2763.54
2025-01-04,2696.7943,2758.1877,2846.8,2662.8402,2560.2275,2737.71,3010.7018,2977.7182,2777.21,2904.2621,2944.0406,2839.4,2961.5683,3044.5086,3017.52,3088.4171,3140.8968,3120.06,3111.9018,3174.4757,3222.83,3140.7512,3203.5176,3305.62,3082.9711,3029.6183,3220.05,3240.2096,3268.5206,3392.42,3464.9422,3393.7832,3279.16,3313.089,3356.2249,3321.9,3281.593,3376.2584,3460.27,3291.7135,3419.9099,3836.22,3951.1717,3880.812,3754.85,3595.1141,3657.7613,3841.09,3781.6989,3727.8564,3748.37,3718.0706,4050.9075,4551.39,4547.9478,4435.5222,4409.26,4296.3622,4336.0833,4540.85,4626.107,4473.539,4327.19,4517.6361,4485.4969,4182.18,4147.4422,4325.6893,4465.74,4390.8655,4359.7887,4354.43,4136.5048,4106.5153,4265.7,4196.0578,4049.2294,3984.21,4041.6607,4331.9607,4485.56,3988.5685,3704.7485,3923.46,4088.3897,3973.5363,3805.42,3952.685,3941.4367,3722.7,3725.3858,3744.2329,3688.59,3719.3955,3874.1808,3950.84,3716.7753,3616.3037,3720.57,3626.41,3226.8567,2831.45,2875.1922,2966.3344,2895.99,2826.198,2826.1038,2855.21,2854.7653,3003.3345,3128.85,2852.5218,2595.6755,2609.96,2771.3445,2948.2664,2972.82,2762.3933,2709.883,2873.54,2935.6796,2890.2486,2804.72,2765.9763,2958.1633,3183.56,3043.4519,2941.1204,3048.68,3089.3913,2762.2668,2371.17,2519.0914,2613.8506,2504.08,2587.9952,2506.0837,2360.95,2656.3913,2882.5455,2736.89,2499.9476,2866.8742,3595.5
2025-01-05,3749.1135,3734.5244,3812.66,3801.623,3722.8105,3699.55,3827.0906,3912.9068,3857.93,3743.3376,3705.3998,3840.47,4111.152,4173.47,4084.0,4206.0662,4239.7353,4083.92,3978.0678,4035.3939,4133.79,4072.3103,4117.2544,4285.16,4282.9866,4066.6452,3935.69,4248.767,4509.0492,4402.53,4086.7682,3984.5987,4079.37,4097.6845,4692.7683,5571.11,5654.4759,5441.9211,5397.62,5477.7916,5397.1683,5303.73,5583.5442,5650.0131,5351.0,5277.6062,6196.9922,7436.32,7474.9983,7261.0405,7320.01,7260.5156,7234.7778,7272.34,7214.1844,7215.2231,7226.12,7042.5144,6966.8397,7069.57,7122.3726,7145.5435,7149.66,7079.801,6930.6048,6895.28,7172.3968,7265.2666,7062.78,6923.202,6839.5336,6774.68,6720.8698,6529.9733,6288.91,6288.4849,6544.1343,6831.21,6858.3943,6739.4191,6660.78,6728.4133,6849.0853,6918.25,6866.3355,6625.8829,6466.4,6725.6005,6709.0562,6426.68,6548.432,6553.2269,6364.16,6463.2558,6571.3423,6513.68,6398.4571,6257.6269,6193.1,6308.4609,6357.8788,6309.1,6342.8264,6300.3441,6311.16,6521.7748,5729.6017,4404.25,4338.8485,4607.6467,4526.19,4360.318,4390.1578,4563.4,4576.1663,4427.0555,4334.35,4505.0479,4556.4254,4351.65,4160.6277,4279.4441,4521.53,4432.6636,4404.8742,4533.4,4513.5242,4490.1854,4606.86,4732.2031,4167.146,3288.53,3237.2905,3378.3357,3386.03,3539.0148,3492.3971,3344.01,3552.7439,3624.3427,3519.7,3689.4184,3763.9773,3649.51
2025-01-06,3644.3668,3667.3643,3653.36,3658.847,3753.8161,3831.1,3742.862,3867.3399,4073.21,3860.756,3797.2685,4004.45,4037.46,4051.3579,4096.18,4015.9457,3883.79,3868.77,4075.327,4218.4464,4188.9,4140.3836,4178.0178,4252.97,4243.1978,4278.5712,4315.37,4174.8385,4081.6915,4164.85,4320.0376,4318.4262,4155.34,4122.0605,4646.0249,5383.5,5503.404,5417.125,5449.41,5509.7866,5476.4267,5342.83,5230.2796,5280.2131,5270.17,5011.711,5827.5655,7250.86,7388.8238,7275.0152,7428.53,7306.3966,7181.3297,7187.42,7162.0091,7174.1353,7188.39,7083.0799,7044.4106,7061.68,6971.4648,7078.0798,7254.91,7069.6909,7040.008,7218.78,7123.4645,6954.6354,6914.65,6973.3315,6888.7502,6624.43,6393.9803,6372.3105,6420.44,6270.784,6323.1806,6607.41,6736.1467,6805.2961,6827.09,6688.1859,6602.936,6604.2,6546.8999,6620.7574,6729.88,6559.4615,6397.4923,6448.2,6600.7085,6466.0213,6227.22,6416.9364,6445.7257,6248.02,6350.4995,6421.7448,6329.54,6303.9238,6334.1013,6361.0,6337.9893,6211.8391,6153.4,6282.3997,5672.8597,4555.27,4190.276,4291.3488,4481.62,4652.709,4540.3689,4257.34,4219.5344,4376.3172,4517.09,4488.7631,4509.8562,4589.65,4509.2665,4348.1004,4278.06,4410.8707,4564.9603,4619.89,4580.7427,4427.1767,4380.31,4629.1303,4293.6924,3515.59,3358.1757,3425.7624,3398.05,3381.1046,3373.3843,3438.86,3647.7613,3719.8946,3608.88,3521.8802,3402.6697,3407.81
2025-01-07,3741.011,3710.9838,3426.04,3679.1188,3924.5819,3924.15,3966.4301,3851.1738,3629.34,3633.0292,3796.9509,3962.42,4024.1701,4046.7708,4062.18,4032.9777,3947.2747,3873.3,3896.8687,3891.1035,3871.03,3968.7109,4012.6814,4022.7,4173.384,4198.1928,4091.27,4137.02,4285.4128,4404.47,4388.4703,4220.2728,4055.59,4179.3732,4764.4546,5362.77,5300.172,5322.0543,5603.32,5580.5931,5454.7219,5396.92,5380.2708,5493.9268,5514.25,5260.965,6012.6374,7323.54,7373.5665,7165.9026,7287.33,7285.1873,7133.4233,7004.45,7074.6297,7221.0117,7285.64,7196.3454,7060.0998,7000.21,7055.8079,7050.7147,6968.56,6977.9993,7123.1233,7156.13,6821.5569,6825.7529,7181.63,7166.3476,6861.4286,6570.2,6525.2873,6635.134,6733.96,6736.6727,6836.4577,6915.42,6695.5355,6741.7615,6951.33,6663.8261,6484.8337,6572.12,6491.2297,6516.0687,6678.09,6683.0353,6637.5483,6561.05,6359.9487,6248.9115,6333.03,6511.7854,6622.123,6598.91,6497.8796,6413.5184,6476.44,6708.6316,6615.6516,6227.23,6080.7418,6136.3433,6351.33,6570.8076,5681.9866,4273.04,4165.2166,4392.5376,4379.89,4500.9237,4506.8239,4402.76,4486.1276,4545.6704,4456.58,4307.194,4168.1273,4164.02,4375.0363,4477.7804,4451.3,4538.8514,4446.8478,4251.03,4344.9672,4386.8448,4419.09,4717.9588,4271.4087,3355.75,3334.3173,3487.6211,3376.87,3308.2583,3294.7889,3347.77,3501.1796,3567.9915,3549.34,3612.986,3626.9375,3630.21
2025-01-08,3804.6827,3915.2093,3757.03,3396.6361,3403.0377,3718.9,3728.6648,3584.712,3616.27,3933.9484,3910.8265,3723.48,4105.295,4125.7674,3777.98,4007.0946,4197.4587,4068.17,4007.8588,4117.8482,4277.01,4304.9779,4346.1868,4440.64,4449.7695,4281.5984,4132.85,4294.5796,4356.1163,4204.4,4129.2809,4128.7636,4140.19,4233.7361,4894.6373,5661.61,5525.7329,5435.0745,5636.75,5466.1072,5388.6925,5490.3,5384.7079,5467.9868,5618.62,5418.2049,6059.7944,7251.31,7400.2529,7257.1228,7292.32,7202.4795,7129.2896,7184.85,7285.1287,7179.8326,6940.09,6904.0134,7029.6254,7114.57,7008.0275,6995.0177,7109.65,7099.8083,7010.825,6970.25,7044.1227,7045.3819,6917.35,6804.3091,6865.295,6936.1,6697.0958,6490.3649,6467.1,6475.8735,6586.0304,6737.41,6758.8124,6781.0771,6821.09,6742.7939,6566.3106,6394.0,6341.2366,6410.1263,6551.88,6684.3446,6686.7793,6573.85,6472.4987,6380.5095,6284.0,6232.5343,6418.7974,6574.89,6224.4112,6011.5509,6186.14,6349.2478,6248.0105,6157.63,6516.7242,6531.403,6234.92,6305.2396,5526.2193,4229.81,4131.0846,4381.1254,4380.81,4373.0028,4322.2089,4256.16,4294.5256,4355.3967,4352.03,4299.4248,4414.1404,4578.34,4446.6377,4292.0769,4354.38,4593.9525,4643.6622,4537.22,4607.0591,4489.0919,4346.36,4630.6904,4197.889,3203.3,3041.4847,3256.6951,3322.52,3223.7681,3323.4535,3528.27,3413.8966,3394.1058,3568.45,3616.2412,3645.4482,3663.84
2025-01-09,3561.7974,3597.1481,3763.79,3801.0687,3853.2165,3954.83,3977.0073,3989.576,3967.72,3841.7389,3926.0375,4107.01,3968.56,3957.6482,4069.99,3881.3239,3942.5588,4235.28,4166.688,4105.8207,4155.59,4037.1717,3994.0237,4106.06,4179.4112,4129.5527,4024.55,4022.1068,4146.3482,4288.96,4319.6185,4392.0786,4306.72,3861.9598,4453.306,5675.03,5645.5762,5351.5585,5400.11,5389.1944,5359.3817,5389.08,5470.7803,5588.6296,5607.54,5527.2493,6284.1769,7344.99,7179.2989,7025.2069,7372.05,7450.7115,7297.9313,7194.11,7309.0706,7286.8063,7119.74,7148.5628,7195.0881,7145.11,7085.0373,7101.9361,7146.75,7095.7463,7056.9146,7061.77,7043.4576,7078.6784,7134.09,7074.9057,6946.1843,6746.81,6472.5949,6454.1594,6562.44,6390.6564,6554.0168,6910.82,6681.1908,6565.7411,6727.83,6635.2844,6624.6153,6726.19,6594.9169,6501.7937,6520.33,6453.558,6443.8129,6533.98,6584.5684,6487.653,6333.13,6332.5243,6431.4264,6484.02,6395.5528,6355.4761,6363.12,6253.3206,6234.9823,6302.88,6243.9493,6244.9228,6347.39,6263.3001,5430.2066,4360.72,4249.5681,4480.4458,4522.22,4430.3752,4395.3295,4415.33,4347.1526,4351.3328,4444.32,4465.4924,4433.605,4366.69,4275.7082,4322.8484,4423.59,4349.1072,4414.8701,4651.07,4721.3895,4536.7603,4423.68,4689.0953,4237.769,3266.59,3131.2489,3267.3904,3312.82,3508.9328,3712.1107,3713.22,3467.9974,3416.9241,3643.39,3747.2369,3335.7145,2709.78
2025-01-10,2591.3421,2655.4633,2666.58,2702.2194,2667.9703,2655.03,2846.3251,2884.3771,2793.03,2946.2661,3055.7465,2958.58,2815.3216,2878.0005,3068.17,3067.9847,3000.0404,3048.62,3249.9781,3272.9441,3050.13,2868.8904,2996.9931,3277.17,3269.9673,3076.3922,3033.91,3370.8589,3521.7681,3399.08,3440.6476,3484.8412,3408.14,3300.28,3314.3249,3434.84,3496.2727,3463.6694,3389.94,3374.352,3485.5931,3712.11,3959.8789,4096.6651,4064.01,3917.0843,3828.5147,3842.08,3876.3829,3972.4228,4064.27,4050.1014,4222.1561,4531.55,4616.5386,4620.4304,4631.46,4586.482,4557.232,4552.52,4515.6265,4516.0205,4508.77,4375.2893,4282.91,4299.28,4324.5521,4284.1287,4205.23,4178.8684,4177.3769,4155.55,4109.6831,4141.035,4185.92,4098.0156,4145.6389,4271.16,4125.853,3918.29,3884.13,4033.3519,3966.166,3750.93,3854.5093,4063.694,4059.79,3763.222,3733.0981,3899.61,3696.9327,3689.4859,3892.88,3754.8644,3778.6468,3985.09,3834.6131,3562.9799,3502.51,3685.7211,3413.9516,2846.6,2844.5204,2939.2439,2856.18,2819.4836,2890.1801,2910.32,2691.826,2596.4438,2697.47,2724.2314,2737.7689,2804.85,2901.2248,2967.6582,2970.54,2908.1659,2777.6254,2690.3,2772.5136,2766.8152,2689.41,2800.7801,2865.764,2764.68,2654.0319,2802.6285,3082.17,3073.3766,2878.4892,2630.22,2391.5103,2352.9166,2476.23,2516.6688,2456.3222,2470.86,2710.6018,2714.469,2457.3,2384.4493,2463.4468,2560.23
2025-01-11,2614.5757,2752.2535,2873.07,2740.4436,2648.8243,2751.05,2910.6204,2952.2614,2901.88,2941.9056,3047.6639,3097.43,3008.6752,3013.5679,3103.75,3062.9674,3106.4689,3205.92,3131.7252,3241.7002,3420.32,3178.2047,3003.6128,3105.62,3207.3927,3213.6525,3157.39,3138.0493,3206.6256,3263.26,3187.5941,3306.2844,3545.78,3473.0957,3268.9509,3217.12,3410.4657,3427.8149,3301.47,3462.9419,3630.8501,3697.53,3829.734,3870.4184,3847.15,3952.1694,3971.2856,3878.31,3873.4718,3894.9494,3870.47,3828.8125,3959.7333,4262.36,4513.2381,4532.7182,4454.91,4568.0734,4590.2659,4419.23,4258.5998,4226.5424,4259.42,4214.784,4253.09,4400.75,4474.5202,4314.7152,4138.58,4314.8013,4368.3226,4185.92,4132.5286,4180.7326,4250.9,4293.7651,4182.4035,3990.96,3939.1117,3949.5046,3983.47,4078.3232,4118.343,4050.99,3924.5957,3781.8669,3702.24,3759.1062,3846.1236,3845.89,3753.7989,3857.4414,4021.81,3824.9846,3657.0178,3628.13,3485.2108,3461.1448,3602.78,3635.7769,3276.0929,2774.01,2713.6628,2886.9918,3010.45,2973.2197,2843.8167,2781.97,2885.0572,2831.7097,2691.85,2835.5281,2869.992,2722.72,2724.0701,2760.195,2824.02,3013.49,2974.3573,2731.03,2686.3217,2782.5387,2898.54,2977.4624,2992.8165,2963.83,2933.9257,2892.778,2918.05,3050.9622,2811.3581,2311.09,2216.1871,2505.7069,2756.31,2566.7937,2484.425,2593.24,2466.9644,2429.6972,2555.72,2630.6195,3037.7055,3676.82
2025-01-12,3947.6871,3811.5211,3622.6,3762.4947,3766.2576,3569.77,3608.6197,3852.8383,4064.07,4004.2861,3780.3094,3645.01,3780.4541,3869.4412,3913.87,4192.5823,4330.7475,4167.56,3951.6224,4016.8533,4191.01,4009.2464,3907.8213,4061.75,4200.2196,4239.9218,4189.34,4113.6401,4138.4038,4215.24,4202.7478,4320.3801,4386.73,4086.7832,4475.3514,5400.65,5590.0628,5484.2762,5485.73,5498.9615,5381.3934,5208.7,5229.5149,5472.6467,5618.26,5425.5464,6053.8952,7178.17,7252.2731,7151.816,7341.78,7376.2661,7305.7453,7199.66,7048.8816,6988.1089,7009.08,6984.8148,7024.2042,7068.55,6949.1478,6953.0667,7066.33,6991.1546,6948.9663,6941.43,6784.951,6936.8603,7230.55,6980.2715,6566.9018,6440.57,6686.6244,6779.2313,6580.87,6447.7446,6546.5136,6784.23,6895.6961,6764.508,6600.52,6717.2796,6717.6153,6516.7,6441.0149,6488.2448,6538.29,6480.7782,6364.6,6271.71,6259.8042,6318.4149,6432.33,6553.0901,6467.3972,6308.01,6420.3864,6468.5252,6336.41,6259.159,6294.723,6377.82,6396.2264,6351.6336,6349.21,6370.0791,5658.4191,4546.19,4228.9202,4286.486,4367.87,4537.8895,4587.5222,4480.79,4401.4115,4417.2372,4399.92,4189.704,4141.0549,4324.36,4445.4175,4415.9451,4351.83,4440.6759,4565.7504,4563.06,4388.8838,4344.5437,4493.23,4535.351,4050.9401,3378.84,3322.2707,3423.7006,3427.48,3510.6784,3494.6758,3475.49,3700.8521,3590.6135,3323.1,3636.9669,3687.2144,3428.92
2025-01-13,3664.8226,3796.0254,3640.21,3622.5043,3502.2591,3442.25,3877.4521,4058.387,3854.96,3854.6287,3844.8009,3793.01,3920.3192,3922.0899,3841.43,4032.5041,4176.016,4146.53,4127.7748,4075.731,4016.15,4066.0939,4183.6089,4256.55,4192.0591,4090.2487,4095.71,4262.2003,4313.9978,4291.81,4473.5987,4507.6034,4250.56,4029.0082,4518.2504,5357.01,5461.9133,5320.0047,5368.31,5515.5833,5404.0999,5226.44,5514.5093,5728.6236,5482.46,5095.747,5904.4347,7308.63,7308.5163,6996.0608,7138.56,7387.0392,7428.0463,7289.82,7263.3115,7397.5353,7430.66,7090.1807,7011.7474,7230.13,7174.4341,7152.6866,7225.24,7091.5756,6913.1899,6958.0,7281.2919,7190.8671,6848.94,7030.5745,6855.5037,6332.69,6396.658,6460.8066,6331.79,6441.3027,6579.4648,6599.22,6615.2155,6841.3886,7058.5,6825.4626,6613.2601,6617.57,6580.7511,6470.5188,6437.52,6623.3726,6667.5029,6490.81,6365.097,6332.7342,6382.22,6460.5474,6336.7486,6189.35,6421.7311,6544.2737,6382.31,6245.7277,6205.3068,6162.05,6012.3093,6036.1704,6297.14,6421.7071,5607.7431,4424.28,4334.2432,4513.7539,4394.88,4230.6443,4179.4372,4297.82,4502.1756,4447.497,4264.09,4407.0533,4492.631,4412.48,4444.0335,4452.465,4396.41,4383.483,4322.9995,4379.06,4774.9591,4791.9948,4554.1,4777.8613,4306.2637,3362.9,3404.6549,3437.2321,3180.43,3402.8914,3693.2037,3646.87,3339.5077,3458.6917,3896.15,3865.1225,3637.6074,3562.48
2025-01-14,3697.9759,3747.6432,3671.25,3687.5239,3690.6944,3729.45,3947.315,3936.6292,3760.55,3897.6533,4057.5941,4078.28,4083.8129,4039.1961,3978.03,4001.9451,4040.0989,4051.76,4081.042,4205.4195,4323.79,4253.2183,4216.5933,4284.59,4282.6217,4092.0312,3932.1,4157.7637,4394.8383,4375.62,4192.7375,4188.9897,4266.0,4125.6214,4611.4452,5465.61,5493.3361,5298.6069,5424.51,5764.588,5749.3421,5417.95,5362.4173,5507.1929,5505.59,5276.1374,6089.9784,7427.03,7404.3563,7150.6382,7234.84,7121.0484,7169.2129,7323.79,7111.0081,6978.6805,7110.28,7225.9639,7207.6195,7149.03,7218.8417,7229.8919,7098.36,6973.6872,7137.5167,7347.91,7082.1778,6886.8085,6994.34,7044.604,6685.9447,6257.45,6423.774,6462.9742,6203.99,6215.8957,6410.3962,6574.95,6598.7261,6574.1707,6566.61,6584.9017,6710.191,6783.33,6572.018,6559.8235,6766.47,6713.503,6511.4193,6402.74,6497.0689,6478.8189,6318.61,6283.7744,6267.8291,6257.03,6359.1253,6411.6841,6316.06,6145.8456,6119.3464,6249.57,6333.8378,6277.1871,6251.36,6369.8612,5636.2271,4401.26,4143.4386,4362.3562,4496.99,4483.0056,4432.1063,4432.1,4473.4318,4419.4883,4344.73,4447.5956,4469.0721,4379.48,4417.7491,4514.3555,4576.55,4567.9369,4452.958,4336.79,4384.1615,4441.8823,4469.38,4475.6136,3940.3912,3285.58,3498.6046,3579.0998,3289.22,3405.5732,3684.6806,3779.75,3627.7651,3616.7077,3758.77,3713.4398,3664.8078,3672.89
2025-01-15,3620.6386,3708.3377,3838.32,3697.5425,3616.2551,3730.26,3846.9076,3898.524,3875.21,3815.078,3850.0953,3956.44,3969.5136,3881.7966,3821.77,3913.8305,3904.4889,3843.04,4037.7965,4247.0307,4248.04,4069.9033,4083.9377,4262.08,4230.8738,4159.0828,4154.0,4149.3712,4190.2662,4264.68,4312.3813,4413.9209,4348.62,3943.2555,4474.4327,5548.3,5455.8935,5313.3578,5579.36,5541.4861,5343.0804,5255.31,5374.4514,5501.492,5339.18,4945.959,5800.8471,7364.76,7507.7254,7186.718,7164.43,7232.1356,7266.4146,7234.54,7181.1675,7218.3981,7287.37,7234.717,7261.9851,7302.12,7095.8184,7028.4994,7108.68,6964.7042,6860.0289,6942.53,7071.0172,7079.3719,7027.49,7077.8548,6911.9381,6664.16,6788.4291,6743.0632,6398.4,6222.1543,6392.3254,6774.03,7016.6377,6859.4982,6533.01,6550.9908,6703.1405,6733.45,6607.3214,6597.493,6675.57,6573.958,6553.8661,6555.76,6270.5816,6192.2126,6399.46,6455.4466,6346.7819,6238.61,6294.822,6412.6386,6460.62,6397.4004,6378.4975,6415.1,6362.923,6236.3891,6276.16,6551.191,5794.0877,4408.74,4169.1645,4334.9524,4303.58,4245.8886,4268.7645,4381.34,4495.3332,4438.9802,4333.83,4458.7756,4489.4042,4421.17,4587.0461,4778.3999,4756.8,4516.0372,4507.0391,4645.34,4455.2805,4457.0947,4672.49,4513.9403,3985.8003,3483.22,3442.6273,3537.9536,3489.4,3307.4853,3199.0136,3255.64,3394.4568,3486.92,3537.29,3622.9227,3558.641,3429.6
2025-01-16,3526.9471,3626.8272,3626.59,3641.0299,3647.4731,3754.71,4055.3702,3946.9391,3651.74,3951.4431,3923.0595,3568.29,3842.8051,4103.7695,4044.77,4034.9116,4134.1421,4153.67,3925.5742,3983.9433,4260.75,4154.8507,4030.1941,4043.49,3997.7702,4093.5673,4269.59,4241.1487,4276.5942,4371.29,4250.1119,4200.101,4267.29,4287.4853,4761.2514,5477.15,5639.7902,5625.4495,5606.62,5395.3118,5366.0404,5558.06,5626.846,5609.389,5434.46,5129.7378,5871.1972,7238.34,7524.4005,7386.168,7301.65,7118.5668,7286.0201,7523.84,7113.245,7072.6026,7462.64,7317.9348,7145.0309,7146.98,6981.6112,6864.0469,6943.16,7103.3035,7043.1418,6870.1,6956.1981,6943.447,6809.04,6894.0002,6916.2069,6709.1,6431.9024,6416.3607,6528.16,6364.1463,6436.5655,6722.36,6678.647,6734.8208,6951.12,6922.9589,6854.2634,6768.3,6505.066,6498.3409,6615.85,6304.5338,6170.0549,6408.91,6570.192,6453.4866,6227.96,6235.5021,6320.5967,6392.63,6487.9626,6397.0092,6217.93,6293.3681,6457.5278,6391.15,5977.6923,5960.9148,6397.64,6477.2279,5581.577,4364.52,4187.8237,4415.9697,4504.07,4492.3332,4356.9789,4251.51,4404.2374,4552.2016,4515.35,4368.5589,4362.5221,4511.7,4579.8728,4450.8266,4294.25,4402.6087,4555.1868,4561.67,4436.9432,4367.0796,4494.88,4678.6031,4045.3251,3128.35,3386.6017,3684.861,3490.62,3405.726,3490.181,3552.85,3439.5028,3528.2241,3825.32,3873.6924,3406.561,2666.03
2025-01-17,2257.2766,2397.7026,2813.97,2957.0975,2744.2964,2523.27,2709.2039,2779.2945,2672.76,2825.4676,2883.0635,2806.24,2919.4573,2940.4807,2871.07,3003.3446,3043.6663,2964.56,3055.4828,3206.3367,3259.96,3184.1367,3206.2324,3377.85,3500.9363,3358.0932,3165.81,3362.409,3546.8679,3505.4,3400.4142,3294.9629,3298.28,3476.6582,3446.1618,3239.14,3266.7995,3345.4919,3328.08,3305.1722,3534.5287,3866.6,3880.0349,3840.8903,3887.66,3906.1241,3980.1238,4055.41,3964.3905,3844.002,3775.26,3778.0304,4138.5692,4628.29,4658.1401,4517.6887,4468.55,4507.3177,4584.073,4583.29,4431.6343,4431.9218,4533.55,4404.8644,4360.1508,4375.69,4117.7592,4008.6204,4172.39,4298.6845,4313.0226,4277.26,4256.3285,4057.7372,3834.8,3957.5544,4040.7685,3998.18,4089.1481,4008.2518,3802.69,3854.3518,3901.5064,3846.32,3850.387,3803.9563,3800.91,4034.9904,4029.8138,3839.84,3966.2912,3920.7962,3618.47,3507.9532,3538.7746,3554.66,3482.7829,3473.159,3592.48,3678.3868,3247.2339,2645.08,2729.8818,2810.8925,2658.11,2721.324,2754.0504,2694.29,2751.3478,2757.3229,2662.15,2620.3758,2731.7806,2886.87,2884.7199,2918.3542,2981.92,2880.725,2847.1691,2871.07,2711.234,2604.0074,2704.32,2907.7781,2911.0682,2810.83,2942.9338,2848.0255,2718.12,3153.4958,3037.0518,2403.93,2422.6272,2467.5583,2276.12,2310.2826,2603.1117,2815.25,2601.7353,2582.8903,2789.46,2657.6167,2559.9359,2653.7
2025-01-18,2697.4268,2688.0064,2668.94,2697.2903,2936.5134,3123.35,2806.6371,2570.2508,2638.56,2725.0725,2972.4356,3172.96,2920.2445,2836.9868,3036.29,3031.6962,3014.6763,3087.97,3105.9112,3002.1911,2874.27,2926.0835,3210.8263,3454.8,3287.3786,3088.41,3145.25,3382.8892,3430.7967,3322.07,3401.4177,3381.0633,3234.26,3257.2882,3344.964,3375.47,3329.3057,3243.9581,3199.86,3290.2147,3537.082,3863.76,4095.5313,4005.3522,3743.88,3715.1688,3782.42,3786.4,3731.1341,3792.8185,3902.46,3856.3275,4035.7036,4429.41,4588.0665,4484.011,4361.52,4463.3637,4407.3683,4183.4,4192.9036,4362.1313,4462.07,4317.9965,4095.8238,4067.61,4342.0199,4328.1193,4091.85,4266.3949,4444.3716,4369.51,4207.009,4119.4191,4106.21,4063.7852,4098.9616,4179.1,4128.1126,3974.4431,3871.56,3968.2726,4110.0625,4119.36,3935.7888,3749.2117,3714.63,3823.0164,3811.7147,3700.49,3736.9643,3717.7466,3700.91,3947.0661,4035.1397,3828.61,3627.2869,3628.1392,3732.45,3632.8595,3258.6684,2863.18,2805.5617,2832.3248,2797.65,2789.7078,2782.4624,2825.01,2977.5377,2936.1531,2711.66,2637.4234,2705.1387,2717.31,2540.1147,2657.3542,2928.52,2737.9381,2657.1598,2850.1,2884.5378,2795.4336,2735.02,2822.4223,3064.2315,3221.92,3014.3339,2840.7645,2879.14,2914.7585,2751.8838,2523.36,2557.4772,2690.1213,2718.22,2577.3304,2406.3386,2380.98,2567.8976,2662.13,2554.62,2505.8609,3056.3953,3823.91
2025-01-19,3821.1868,3580.0444,3565.04,3723.9786,3783.1536,3734.99,3802.4033,3869.9562,3861.45,3835.2643,3873.9603,3952.99,3984.616,4064.5528,4089.63,3864.5005,3790.0931,3988.65,4174.7034,4161.4246,3965.36,3795.3468,3913.2545,4132.86,4022.0244,3980.5192,4116.57,4123.7888,4055.5124,4058.0,4214.3325,4364.3136,4269.23,3941.3133,4398.3282,5336.4,5411.8556,5372.7447,5552.83,5498.3552,5411.7523,5402.49,5353.0844,5301.4234,5172.11,5028.797,6017.4264,7413.62,7246.1559,7043.53,7337.81,7143.3595,6957.9392,7093.26,7280.2901,7251.9392,7066.99,7034.6426,7180.8558,7258.14,7012.6905,6936.1501,7121.3,7191.3061,7229.2641,7183.59,6915.1735,6926.8644,7147.69,7000.4004,6810.3165,6662.63,6341.2557,6291.189,6461.35,6378.1893,6510.9154,6807.93,6718.7444,6722.921,6890.85,6788.8294,6654.7375,6620.37,6571.3983,6532.2852,6513.07,6502.638,6602.1169,6668.34,6435.7736,6228.5561,6235.14,6354.3797,6470.7827,6460.12,6280.0413,6234.3001,6381.48,6456.1181,6242.8068,5976.73,6102.608,6193.0776,6223.58,6436.6902,5722.2528,4470.78,4322.5961,4562.1303,4496.01,4200.6151,4267.6742,4549.95,4355.4232,4228.599,4399.96,4519.7149,4453.629,4269.25,4178.8157,4390.9036,4687.26,4598.7682,4348.0856,4284.46,4529.1867,4530.726,4364.1,4537.1092,4170.9633,3376.84,3254.1161,3483.6047,3604.45,3497.738,3484.7426,3617.61,3638.0828,3552.3443,3422.49,3326.1141,3445.459,3654.69
2025-01-20,3637.3248,3637.6183,3719.31,3709.2827,3774.3553,3939.31,4013.9205,3880.97,3687.51,3724.3305,3886.657,4045.69,4143.0188,4097.6081,3958.12,3882.6979,3917.9796,3976.38,3936.6422,3950.8094,3980.82,3853.7657,3878.1694,4087.43,4198.7221,4252.4673,4256.06,4150.889,4082.6528,4146.31,4299.9517,4371.5182,4267.96,4142.6937,4644.2341,5426.43,5454.728,5378.9352,5578.33,5742.6877,5636.6935,5445.98,5569.3819,5687.2578,5447.38,5004.5514,5832.0159,7360.18,7455.2219,7160.3018,7218.6,7305.9903,7312.7802,7253.14,7186.3058,7122.2236,7108.38,7184.9652,7171.8892,7081.5,7101.0877,7131.8932,7147.33,7215.0167,7201.819,7106.46,7065.0429,7031.3637,6975.11,6914.5065,6810.7062,6671.91,6559.1635,6493.8756,6419.51,6301.7807,6442.6254,6723.81,6690.2472,6552.486,6537.83,6662.927,6729.4834,6643.35,6475.5492,6334.2667,6361.94,6595.8292,6575.0594,6380.09,6509.2832,6498.9078,6341.25,6484.7993,6421.8996,6182.62,6336.9512,6492.9202,6381.01,6154.3729,6152.5289,6347.14,6376.1497,6197.0538,6146.52,6425.6454,5616.9772,4234.64,4287.1209,4472.9208,4238.55,4360.7371,4548.0595,4584.62,4569.2367,4427.1702,4223.26,4173.3123,4338.3468,4489.58,4336.8665,4316.1857,4487.34,4476.1721,4408.4853,4405.14,4434.1847,4406.5007,4441.14,4634.0719,4163.7447,3311.77,3256.7039,3449.9969,3465.47,3414.6001,3291.8243,3229.07,3404.4809,3505.7869,3476.72,3561.1085,3682.4426,3709.51
2025-01-21,3614.2576,3646.3504,3745.44,3625.0196,3591.6057,3676.01,3632.2788,3794.3598,4064.71,3961.8912,3782.5416,3773.33,3895.5826,3979.3714,3975.22,3958.4907,3905.134,3838.97,3860.9548,4068.6401,4229.33,4021.461,4047.5328,4353.37,4383.1813,4325.1586,4226.46,3952.9142,3960.4556,4231.08,4298.6545,4384.5715,4420.85,4200.5332,4755.9807,5676.45,5454.6926,5177.7596,5418.09,5652.837,5709.332,5544.88,5251.7024,5309.7979,5518.92,5360.6225,6062.7226,7286.97,7336.1043,7081.0778,7137.19,7231.4028,7224.455,7200.4,7299.4177,7188.8436,6909.55,6896.1332,7172.7967,7419.21,7268.0317,7091.6733,7034.99,6924.9335,6960.5587,7059.62,6915.4414,6822.6586,6854.53,6763.6972,6528.8309,6303.53,6278.6438,6340.9637,6393.34,6437.0197,6492.4524,6559.56,6614.613,6634.1586,6542.13,6318.5134,6355.4744,6606.61,6637.1204,6616.1352,6613.42,6504.7492,6409.8256,6391.08,6409.5592,6499.3911,6585.41,6512.3147,6321.9943,6156.09,6160.9701,6301.7754,6407.08,6306.7151,6190.6769,6163.79,6162.3664,6157.4345,6220.01,6310.211,5645.2271,4578.38,4320.7409,4259.5562,4143.39,4333.8999,4347.7191,4160.12,4243.0025,4351.0243,4333.93,4311.4827,4349.9374,4359.3,4216.459,4208.9095,4363.77,4420.5412,4425.2683,4476.46,4577.6416,4486.4436,4384.48,4596.8995,4148.8871,3247.89,3154.5927,3320.6931,3375.13,3479.2693,3365.3111,3232.65,3549.9926,3584.1062,3367.71,3646.5521,3763.5655,3526.8
2025-01-22,3445.1091,3517.679,3551.57,3438.4345,3601.5994,3934.74,3894.011,3819.1541,3844.6,3771.09,3784.6221,3854.52,3765.9529,3818.0558,3977.23,3905.0839,3886.1434,3983.98,3984.678,4076.1187,4200.06,4097.5097,4090.6423,4220.73,4214.8396,4251.5244,4356.48,4321.02,4094.4049,3979.05,4346.7259,4625.0674,4485.18,4209.1978,4545.8292,5311.7,5554.7683,5420.8956,5316.74,5468.209,5498.1415,5319.18,5265.3567,5566.176,5762.49,5300.8093,5779.1603,7023.72,7215.2055,7175.0804,7381.28,7408.7913,7333.0328,7264.0,7207.6582,7161.9309,7140.19,7159.1075,7185.315,7220.93,7268.6337,7152.6652,6925.3,6844.0267,6893.1937,6956.65,6938.7995,6937.5411,6972.58,6930.4557,6685.5598,6405.47,6406.9178,6438.4236,6432.86,6570.8503,6711.5387,6768.8,6756.7582,6550.9576,6339.2,6489.8638,6709.0931,6742.12,6602.2851,6528.7168,6524.83,6410.9096,6419.1479,6545.49,6533.5093,6482.5261,6484.31,6499.8606,6379.9605,6218.78,6269.664,6351.4325,6356.47,6347.5803,6330.1373,6328.11,6360.3644,6297.9953,6261.17,6361.327,5602.5883,4374.34,4168.8454,4268.7387,4291.97,4552.2693,4554.4231,4319.58,4379.7951,4416.384,4341.62,4409.7755,4449.2873,4467.48,4636.5983,4644.4538,4444.18,4326.552,4370.3453,4504.15,4588.6277,4591.114,4660.72,4865.2364,4387.6885,3481.89,3313.1445,3528.1233,3609.41,3421.8888,3415.8448,3624.47,3640.8186,3537.5601,3433.67,3378.0966,3451.1453,3569.37
2025-01-23,3562.1129,3590.8072,3698.67,3762.7363,3804.5706,3809.53,3748.6813,3819.8877,3952.56,3892.6395,3934.5087,4022.66,3795.8606,3615.9188,3657.98,3777.4358,4029.0446,4228.58,4080.7888,3997.388,4101.05,4128.5615,4144.4526,4192.55,4193.8287,4025.2343,3922.52,4250.278,4440.2757,4286.28,4153.7825,4279.2136,4429.35,4246.9202,4550.2744,5287.19,5528.1758,5499.3129,5450.75,5380.2519,5380.0405,5416.5,5384.2974,5481.0709,5522.94,5271.1527,6011.7795,7336.93,7448.7502,7261.989,7291.77,7134.7691,7097.6909,7250.81,7313.9524,7305.0636,7225.48,7061.1468,7097.5392,7191.38,6923.3745,6764.0547,6846.45,6835.0775,6783.419,6871.05,7163.5136,7205.8049,7007.02,6979.903,6798.6992,6511.96,6559.0491,6688.8991,6657.61,6483.5261,6476.1948,6701.53,6899.5547,6783.5469,6501.65,6478.6748,6507.7255,6537.89,6702.5411,6623.3262,6382.71,6458.5386,6556.0399,6518.9,6478.7679,6375.6499,6302.41,6432.0225,6456.8422,6330.7,6321.4009,6414.0904,6449.73,6319.5031,6368.1724,6497.03,6271.906,6128.893,6309.29,6457.8071,5583.7715,4294.51,4259.8244,4442.1428,4284.28,4274.7618,4376.6432,4354.67,4083.097,4063.331,4341.4,4465.7106,4444.8686,4401.17,4416.0446,4443.2798,4483.33,4574.9173,4601.3656,4531.05,4457.0379,4467.9751,4555.95,4561.9643,4127.8622,3503.45,3374.4837,3545.9251,3647.18,3492.3621,3408.6293,3433.34,3322.151,3357.7558,3592.45,3696.9892,3309.8293,2676.97
2025-01-24,2454.856,2503.1642,2653.22,2860.271,2880.7933,2778.73,2843.3884,2844.8353,2777.55,2879.605,2944.2292,2955.71,3094.5401,3118.238,3062.58,3215.9765,3338.5043,3294.94,3183.0556,3069.2598,3027.99,3093.0213,3075.6669,3055.87,3266.4209,3282.1619,3157.29,3351.218,3384.5866,3218.64,3295.7538,3277.9747,3188.72,3391.4893,3387.4373,3209.63,3386.3735,3439.5712,3254.97,3261.4341,3552.7944,3845.75,3775.2195,3772.9415,3969.4,4044.2727,3898.5619,3724.3,3779.7769,3694.1788,3540.43,3796.1381,4154.1112,4346.33,4396.8721,4516.8168,4657.18,4563.795,4376.9656,4306.72,4427.8864,4422.9429,4320.47,4437.9774,4489.0141,4387.56,4322.5609,4169.8425,4000.8,4058.7394,4167.761,4139.86,3989.7687,4130.1387,4388.77,4189.95,4047.8194,4091.83,3945.0531,3850.5206,3914.19,3975.3644,4003.2024,3979.89,3895.5604,3855.53,3823.29,3693.1359,3743.1837,3828.88,3546.159,3500.5605,3774.15,3819.2749,3695.0751,3604.61,3640.2181,3536.7839,3394.05,3499.1378,3127.3168,2542.59,2767.0596,2916.6364,2712.48,2738.4986,2673.5839,2549.2,2763.8894,2848.8452,2744.34,2845.1956,2854.3145,2738.85,2773.9649,2707.4422,2544.01,2573.4613,2658.8762,2727.71,2838.0265,2872.5661,2753.91,2572.7107,2720.2863,2997.41,2839.3916,2844.18,3120.71,3097.8301,2651.0909,2211.69,2369.9225,2631.298,2682.97,2647.7992,2563.1294,2488.8,2476.4154,2364.5323,2290.71,2558.4689,2744.8498,2716.52
2025-01-25,2725.9526,2680.0361,2659.84,2861.9215,2905.6089,2809.25,2942.6338,2923.2679,2787.63,2965.6344,3034.1367,2927.02,3011.4346,3089.5616,3045.26,2987.7561,3006.3681,3084.35,3126.3068,3116.9757,3072.66,3032.6936,3080.0636,3156.82,3125.5784,3130.4829,3213.03,3270.1602,3315.7504,3312.33,3207.5332,3209.2912,3361.11,3477.1944,3389.6322,3243.73,3336.766,3366.626,3278.07,3360.0772,3665.4689,3894.99,3712.6548,3753.1081,4054.89,4015.2966,3827.522,3736.9,3788.9,3858.0465,3872.56,3877.6081,4000.7483,4240.59,4437.5166,4407.4568,4290.19,4408.5137,4513.921,4437.97,4286.0237,4334.2227,4479.23,4368.0102,4310.2467,4394.17,4369.3618,4206.5277,4134.8,4371.2835,4324.9891,4005.61,4010.5176,4082.2261,4059.06,4063.6281,4084.3251,4120.89,4172.4181,4057.988,3918.32,4063.8793,4042.9883,3837.06,3865.4845,3810.1825,3645.61,3679.5471,3639.056,3582.69,3831.8668,3861.2116,3603.96,3529.2409,3550.8973,3517.55,3413.9279,3434.0292,3571.47,3567.5467,3184.5084,2715.7,2721.0976,2758.5335,2668.58,2719.4226,2743.7553,2690.45,2703.5,2782.238,2858.84,2884.2639,2984.8855,3023.65,2730.4273,2515.4751,2559.75,2676.3603,2816.0299,2920.46,2918.1476,2873.215,2816.72,2761.3788,2900.4206,3106.5,3020.6067,2820.061,2756.77,2895.4313,2827.9101,2527.15,2387.1465,2484.5415,2647.18,2621.5043,2483.2034,2367.89,2362.2724,2451.694,2539.45,2578.0459,2919.4172,3440.36
2025-01-26,3618.1419,3625.0328,3600.12,3525.664,3596.9321,3775.4,3818.2361,3816.2744,3795.64,3687.2824,3642.2271,3767.05,4013.0514,4125.9305,4050.77,3939.5538,3780.2709,3678.5,3824.2939,4098.0264,4249.84,4114.7502,4054.354,4174.14,4234.8671,4178.5459,4154.1,4322.8401,4292.6064,4129.71,4281.1493,4345.1844,4219.63,4292.2109,4811.7339,5411.14,5444.9027,5425.9845,5494.45,5321.7277,5352.1961,5596.52,5612.9403,5662.4424,5625.31,5259.8909,5988.936,7353.2,7377.7838,7185.2959,7400.64,7465.2636,7285.5238,7105.67,7211.8964,7248.4039,7148.44,7178.7695,7147.823,7083.24,7200.7589,7140.1234,6999.44,7201.8835,7090.4166,6728.9,6864.4274,7011.2867,6926.72,6851.8199,6722.5178,6572.18,6548.9194,6544.766,6489.0,6434.0775,6501.8355,6595.33,6510.4485,6536.379,6678.91,6638.954,6533.0109,6537.31,6699.2269,6754.1937,6560.6,6244.0654,6177.8737,6348.59,6409.0876,6455.315,6519.47,6493.2366,6423.1929,6379.48,6379.6147,6308.7459,6237.55,6346.2556,6391.0395,6280.41,6172.7032,6180.7322,6360.94,6509.0941,5626.3481,4326.35,4313.8513,4475.2435,4336.63,4518.2502,4585.4478,4401.7,4302.4635,4215.1705,4219.54,4476.5425,4462.8371,4236.61,4361.7801,4428.4876,4347.72,4450.2024,4471.745,4368.77,4374.9575,4343.0202,4311.41,4409.9237,4036.2212,3378.17,3285.6804,3371.3467,3382.94,3462.0232,3509.1319,3467.56,3420.1911,3559.2156,3716.63,3554.2886,3566.3998,3722.21
2025-01-27,3516.9328,3466.742,3621.0,3510.7865,3493.3368,3655.28,3703.1288,3756.2096,3874.09,3949.2539,3886.7372,3771.99,3783.6653,3784.2691,3845.38,4157.5352,4251.3866,4045.24,3918.8613,3876.9541,3877.75,3947.0226,4155.2451,4313.64,4161.1801,4195.9729,4398.61,4271.775,4222.3179,4316.25,4210.2352,4201.1959,4272.51,4175.2552,4601.6956,5362.88,5520.9025,5594.4171,5687.57,5390.6877,5362.9918,5635.78,5578.1772,5501.8465,5415.03,5145.6264,5905.6819,7202.1,7208.2477,6942.9659,7039.06,7097.3869,7072.4379,7050.95,7113.6973,7192.5831,7206.98,7128.89,7039.629,7023.26,7109.6017,7208.8447,7204.31,7028.6785,6801.2065,6692.8,6811.6219,6994.4176,7003.19,6710.3672,6444.9135,6365.77,6346.2006,6261.5911,6170.75,6256.7835,6477.6497,6658.83,6620.5647,6460.5907,6383.3,6528.1764,6641.1637,6641.37,6673.7523,6699.2353,6638.23,6495.4027,6554.5088,6622.94,6254.864,6138.5503,6406.14,6508.2409,6541.7203,6541.76,6380.6627,6204.8511,6128.53,6142.3405,6157.6546,6107.51,6008.5584,6043.9633,6288.99,6485.2572,5706.5742,4464.07,4277.9916,4337.3843,4205.98,4259.5422,4240.6681,4157.47,4307.9134,4426.2907,4442.43,4528.5695,4477.7566,4350.47,4424.708,4403.1355,4261.46,4285.0939,4324.253,4333.62,4425.0088,4477.16,4534.92,4670.4608,4209.406,3453.58,3443.3828,3545.5713,3454.92,3488.4053,3432.3529,3329.71,3480.5689,3636.2047,3704.67,3794.5385,3647.2224,3458.67
2025-01-28,3695.8008,3746.0434,3518.14,3552.6533,3734.221,3904.39,4025.7551,4030.135,3922.95,3824.4289,3961.0852,4083.07,3751.6921,3735.2172,4067.87,4034.0334,4054.8445,4185.74,4035.1474,4041.1612,4228.17,4150.5681,3990.3903,3958.27,4098.0836,4324.2712,4445.89,4299.199,4121.6278,4122.56,4331.0667,4567.3091,4503.04,4041.9142,4336.4032,5278.06,5563.1747,5398.3695,5262.39,5373.1738,5415.1845,5366.79,5507.4854,5621.7384,5460.24,5173.8734,6039.7811,7434.6,7344.1121,6870.6699,6915.78,7270.9596,7335.7982,7155.65,7266.6945,7264.8831,7124.78,7246.2619,7265.0789,7108.46,7094.341,7149.4216,7172.45,7140.0094,7043.5178,6978.14,7040.9617,6956.3891,6879.99,7171.3198,6961.3834,6370.94,6423.4767,6568.6521,6438.16,6287.1949,6479.1348,6792.94,6680.6574,6675.5401,6880.9,6856.2812,6797.9078,6709.25,6409.1626,6385.2374,6578.1,6440.6354,6326.8871,6362.39,6295.0708,6209.2849,6280.88,6557.9895,6590.4511,6299.61,6061.1781,6073.535,6249.31,6319.6438,6238.3078,6124.85,6136.4854,6163.6161,6315.86,6634.6227,5833.7084,4422.48,4302.333,4470.1743,4307.09,4237.2872,4317.5251,4384.81,4276.7738,4278.3326,4401.92,4394.1905,4464.2872,4561.73,4423.1921,4426.7505,4543.09,4370.3261,4284.0833,4408.65,4457.569,4323.9184,4281.05,4594.3062,4240.9948,3367.27,3176.4938,3156.7372,3120.32,3431.1774,3606.7014,3512.4,3493.9478,3546.112,3598.28,3622.7544,3644.9019,3606.8
2025-01-29,3458.6049,3543.9984,3765.7,3687.1272,3655.5767,3753.48,3716.6518,3747.0853,3839.82,3762.8299,3683.7993,3725.15,3851.3249,3988.4237,4017.39,3888.8498,3956.7638,4125.34,3966.3955,3901.0145,3996.49,3912.4253,3948.0996,4154.59,4239.4883,4195.6728,4128.12,4139.9163,4182.8641,4197.16,4186.7171,4289.7628,4357.05,4202.0577,4705.5599,5502.28,5288.9047,5031.503,5277.6,5587.4199,5598.5221,5350.2,5210.3075,5355.4423,5456.08,5197.1609,6034.2469,7501.31,7546.7527,7205.0549,7202.78,7251.2468,7409.4733,7535.11,7333.7226,7096.4607,7085.85,7281.7006,7268.2115,7032.28,6955.8405,7002.8225,7036.57,6991.5715,7037.9815,7148.05,7101.9248,6941.7447,6858.28,6977.4693,6868.6545,6506.8,6303.1504,6236.0008,6272.81,6453.5555,6694.101,6864.51,6867.1677,6785.8813,6695.21,6601.8149,6465.0849,6353.96,6385.1195,6392.8823,6361.53,6433.6032,6500.0723,6452.92,6316.0529,6356.6598,6468.83,6298.2664,6207.6992,6238.99,6096.4484,6126.887,6232.81,5979.5975,5988.621,6300.19,6292.8147,6104.7587,6070.84,6235.1418,5562.6053,4405.13,4217.2859,4277.1805,4204.03,4333.5906,4281.2404,4090.72,4236.6306,4452.5847,4487.37,4337.0094,4156.283,4107.49,4243.3465,4310.5003,4268.12,4310.2424,4412.9605,4436.07,4283.9398,4261.3816,4491.67,4728.1859,4410.5804,3737.56,3473.6455,3329.0838,3196.67,3305.4878,3419.6862,3433.71,3453.0932,3427.6649,3403.64,3504.084,3609.0955,3580.49
2025-01-30,3405.0251,3380.0304,3577.56,3783.6354,3856.4513,3824.86,3827.3155,3845.2461,3858.51,3874.8551,3859.9835,3852.87,3927.6167,3965.3072,3873.71,3726.5738,3926.369,4234.77,4023.3392,3952.983,4132.71,4026.1383,4019.4923,4181.77,4158.353,4122.8105,4213.2,4324.2664,4102.7096,3828.15,4137.5499,4356.9406,4200.31,4137.5527,4724.5597,5520.43,5512.8903,5408.2934,5506.17,5412.5822,5337.2095,5358.01,5315.6271,5264.8746,5218.79,5254.1598,6042.2438,7161.23,7392.7444,7280.64,7308.43,7406.3915,7361.7069,7196.09,7134.8739,7159.2675,7186.55,7169.8028,7197.8419,7224.23,7110.4886,7018.7333,7006.28,6976.7466,6945.9801,6955.18,7008.0727,6985.3095,6918.99,6943.2568,6879.5196,6645.42,6393.7171,6483.9943,6689.08,6446.9699,6371.0456,6661.75,6865.4227,6779.6018,6556.59,6532.9858,6644.7924,6695.39,6550.7458,6435.9368,6469.45,6556.007,6539.6212,6424.06,6349.861,6316.0749,6341.58,6428.3448,6305.7453,6167.59,6443.5135,6417.6185,6082.73,6155.394,6264.1638,6231.89,6269.2072,6242.5971,6243.22,6378.7541,5634.1529,4417.6,4274.7081,4502.2566,4521.01,4444.4081,4338.8188,4297.73,4406.8332,4537.7375,4590.91,4559.0024,4472.2431,4378.52,4331.4062,4365.9783,4409.48,4360.888,4403.9618,4463.06,4277.6201,4164.8813,4375.58,4750.4443,4405.2383,3566.17,3355.6295,3349.0323,3303.4,3416.3011,3343.5838,3194.59,3433.1575,3585.8703,3531.41,3560.8635,3272.937,2764.86
2025-01-31,2646.1276,2855.5504,2992.76,2726.2465,2625.2224,2782.1,2737.1989,2634.3706,2702.62,2974.1159,3010.7318,2785.16,2705.3167,2806.6425,2956.75,3015.4936,3082.8054,3216.26,3342.7105,3288.6358,3083.49,2957.0343,3026.727,3247.77,3430.0944,3345.1988,3118.16,3096.1014,3081.2197,3050.39,3211.4128,3436.1829,3507.69,3311.7729,3142.9083,3201.44,3424.7698,3498.7079,3388.26,3366.8188,3572.0744,3887.78,4033.4899,3945.9216,3819.92,3907.5969,3904.1434,3814.84,3934.9192,3931.9504,3736.17,3695.0484,4100.6031,4629.99,4630.4064,4494.6264,4430.16,4287.6493,4288.9844,4432.45,4456.3366,4348.1921,4244.26,4279.0401,4260.6514,4187.59,4236.8391,4219.0996,4107.58,4069.793,4030.9301,4052.36,4255.383,4226.986,3970.98,3931.5101,4099.0801,4240.21,4130.4793,3991.1863,3962.39,3985.0705,3981.9354,3936.33,3884.0683,3820.6494,3778.93,3790.2557,3700.348,3602.4,3744.9629,3833.4458,3731.19,3583.8382,3476.6332,3435.64,3464.5494,3629.9363,3767.15,3578.4748,3220.5113,2897.8,2738.8542,2827.3551,2914.47,2667.7624,2671.9607,2910.94,2777.2844,2612.3865,2531.64,2354.0137,2563.4296,2932.59,2704.8886,2505.2233,2588.87,2611.3308,2713.5911,2842.66,2760.6899,2768.3574,2956.63,3066.6595,2853.2272,2563.45,2720.0962,3016.7542,3130.84,2987.8558,2718.2505,2465.56,2323.2047,2323.7541,2385.86,2375.9042,2346.4082,2370.67,2453.2289,2442.3864,2407.21,2554.4855,2618.3394,2543.76
2025-02-01,2532.1822,2492.4439,2464.3,2581.7688,2546.4635,2436.31,2620.5011,2710.7861,2676.48,2830.598,2688.1558,2384.42,2604.5438,2943.3655,3019.32,2844.4369,2768.3064,2861.65,2900.3973,2919.6115,2993.09,3109.8584,3054.8008,2901.7,2947.1208,3027.8717,3033.47,3019.3858,3017.0819,2997.85,2932.7015,2991.1125,3175.34,3284.4619,3187.3644,3065.9,3211.1231,3203.9961,3027.12,3117.3221,3398.49,3652.75,3703.2843,3572.3788,3477.22,3654.0022,3841.4201,3803.65,3545.4639,3411.349,3445.37,3467.1139,3894.4802,4422.76,4267.5205,4190.1702,4418.32,4399.2754,4182.7342,4071.53,4268.5932,4240.2423,4001.96,4072.3226,4068.783,3917.55,3946.1661,3936.6103,3927.21,4153.2513,4080.8969,3840.2,4061.0483,3978.5628,3564.13,3606.685,3800.0122,3832.09,3716.2454,3639.0264,3642.08,3637.91,3749.5633,3849.87,3676.3403,3619.6065,3664.87,3429.7385,3327.5652,3473.54,3562.932,3620.2202,3651.93,3580.7319,3420.6657,3292.5,3324.4944,3354.2164,3378.64,3481.7178,3196.9081,2680.68,2601.2611,2638.6848,2616.82,2675.971,2639.3558,2570.82,2725.1073,2833.5919,2725.01,2510.2571,2484.4934,2592.83,2544.0862,2654.4748,2902.48,2887.1068,2668.5956,2508.57,2620.4431,2716.1871,2699.81,2730.4002,2724.0742,2756.43,2984.5246,3019.6988,2865.34,2874.8157,2701.2246,2352.51,2230.6189,2181.4693,2154.94,2292.3043,2503.0105,2590.78,2438.7897,2405.7592,2459.67,2323.4202,2728.2609,3484.94
2025-02-02,3591.9843,3490.4069,3507.56,3516.6172,3523.1812,3576.44,3672.3289,3589.9458,3433.4,3549.9164,3745.7742,3771.99,3594.4447,3671.1635,3882.83,3711.2114,3797.0551,4096.45,3901.7476,3751.7022,3892.96,4003.4218,3951.333,3825.93,3819.9275,3875.44,3917.79,3937.5329,3992.324,4086.2,4146.1246,4075.3387,3887.68,3800.9682,4342.6923,5133.2,5203.4971,5131.6891,5241.01,5256.0742,5123.0993,4993.59,5070.2148,5192.5144,5177.86,5107.2798,5778.338,6861.82,7139.7466,7041.3312,7005.21,7028.9548,7017.2375,6958.18,6935.0691,6996.679,7027.62,6860.5787,6729.1115,6761.89,6859.4615,6845.7405,6724.95,6674.3697,6765.9436,6843.27,6688.1647,6621.1787,6792.25,6965.5774,6630.8407,6087.62,6175.5508,6411.0816,6361.38,6105.716,6176.8003,6523.95,6584.3213,6510.3066,6505.58,6573.9919,6477.1548,6293.17,6343.9244,6432.3346,6412.67,6334.645,6283.5157,6229.68,6095.8225,6087.739,6190.57,6188.1819,6219.2064,6258.91,6141.1677,6137.4884,6224.49,6105.9198,6010.4802,6029.99,6026.1738,6032.2614,6161.51,6305.1609,5412.6184,4082.26,4095.677,4472.5015,4531.66,4527.6331,4424.796,4323.77,4404.8581,4312.8182,4130.13,4288.8356,4348.8871,4231.89,4286.1231,4243.0563,4138.32,4290.6901,4315.4061,4171.98,4209.43,4246.2148,4246.12,4309.7445,3982.239,3400.51,3218.53,3233.6389,3249.58,3279.304,3263.6442,3249.25,3340.4792,3374.5712,3290.75,3222.8875,3382.9527,3548.26
2025-02-03,3319.2759,3357.1864,3657.72,3554.5058,3451.8734,3501.36,3451.4924,3542.1206,3695.18,3578.3139,3604.263,3829.91,3880.9085,3840.4513,3782.43,3687.2132,3675.2639,3798.75,3984.4677,4080.7714,4010.12,3846.4851,3882.6756,4079.42,4136.8547,4238.4444,4297.05,4021.4082,3863.4609,3942.06,3947.5006,3942.7658,3952.29,3985.0604,4499.5576,5189.98,5241.4145,5279.2812,5482.36,5399.2249,5309.6915,5379.84,5474.7763,5479.928,5338.1,5211.6634,5884.2656,6901.39,6957.866,6874.3036,7031.01,6975.4139,6867.2926,6931.27,7168.4724,7113.8761,6903.41,7092.1866,7081.9938,6787.06,6763.2921,6902.8358,7016.31,7015.3261,6849.1934,6633.22,6591.6314,6748.0069,6939.41,6906.4448,6557.1512,6179.16,6201.0237,6283.7355,6205.79,6101.8178,6256.2681,6478.48,6326.5879,6353.2911,6521.17,6262.9832,6229.8159,6481.06,6403.1887,6297.0155,6333.33,6361.4609,6413.9012,6453.94,6363.6505,6180.9555,6087.24,6224.8774,6192.9434,6034.0,6176.3787,6286.8491,6225.27,6188.0451,6160.8359,6129.45,6127.4318,6152.2373,6224.14,6233.9384,5481.1387,4401.83,4245.8516,4405.0674,4386.01,4283.1266,4170.8372,4144.74,4275.9972,4411.1059,4428.69,4335.9206,4291.4631,4306.97,4269.9239,4298.3288,4377.61,4344.978,4218.956,4184.9,4391.6678,4394.6789,4285.05,4493.1038,4123.8497,3293.37,3105.1174,3229.5907,3357.66,3501.5761,3407.5277,3255.72,3462.0944,3405.4182,3093.7,3198.8987,3477.1602,3553.22
2025-02-04,3336.6152,3408.8996,3660.38,3443.381,3357.9047,3581.83,3660.2306,3584.7198,3554.88,3732.4547,3792.5835,3683.77,3679.2392,3765.887,3825.6,3781.583,3823.7076,3869.66,3676.6709,3690.3593,3929.86,3947.2932,3832.9804,3750.74,3770.2417,3855.8012,3958.72,4026.6169,3951.1382,3816.31,3849.5351,4019.7327,4093.72,3932.184,4266.4029,5006.39,5278.7665,5233.1418,5171.74,5211.4822,5197.2767,5156.16,5263.4876,5302.4221,5183.34,5167.5228,5950.1372,7018.49,7090.5435,7014.7406,7107.25,6866.4316,6803.4191,6936.35,6781.4388,6844.4418,7091.32,6956.5717,6902.3983,7008.47,6860.5501,6654.4937,6584.89,6642.6662,6658.1956,6661.16,6817.0111,6894.0265,6796.52,6645.9327,6480.662,6320.63,6209.727,6256.7548,6328.33,6200.3562,6293.9794,6618.01,6718.4247,6597.753,6423.21,6352.032,6325.483,6248.34,6108.216,6136.0102,6257.19,6169.689,6114.5243,6222.22,6359.7027,6350.3532,6230.05,6193.8356,6193.6116,6180.26,6168.6792,6178.8633,6181.13,6133.0318,6135.5204,6175.61,6129.0218,6031.0407,6035.4,6148.7496,5538.9329,4463.38,4112.4403,4217.346,4351.89,4357.6076,4262.4012,4181.72,4222.2926,4284.4862,4263.96,4181.9588,4346.2639,4535.91,4223.1693,4022.6749,4158.1,4261.6649,4328.0016,4351.03,4270.9124,4206.0606,4274.9,4401.7238,3964.2736,3283.33,3361.1725,3631.4896,3627.17,3432.9369,3316.671,3328.21,3304.7698,3265.9979,3273.43,3340.2987,3324.794,3318.01
2025-02-05,3549.4514,3726.2944,3658.72,3444.0645,3371.5581,3538.24,3758.5985,3691.2443,3505.94,3681.9327,3771.01,3647.76,3667.4439,3857.5951,3982.63,3807.7439,3773.957,3870.1,3689.2947,3702.9844,3901.02,3804.5122,3864.5933,4156.22,4245.6438,4132.3903,3982.27,3963.455,4045.8244,4081.51,3965.1573,4010.8965,4160.4,4107.3539,4428.5572,5079.87,5350.9171,5260.8765,5171.06,5364.728,5252.979,4978.05,5280.7653,5518.6126,5276.13,4955.1631,5802.5486,7201.84,7224.4705,6916.132,6957.22,6970.7892,6881.9081,6817.92,6917.1612,6922.7812,6891.71,7092.01,7015.2382,6734.61,6852.438,6984.658,6914.36,6823.1873,6794.1983,6801.4,6746.6319,6573.2756,6489.78,6715.605,6544.8645,6080.21,6134.6449,6221.0944,6179.62,6340.2179,6358.2071,6168.81,6121.2057,6379.5771,6661.94,6523.8357,6424.8672,6470.84,6328.0088,6227.5557,6241.63,6188.312,6096.2172,6051.73,6107.4261,6175.2133,6168.84,6093.9183,6159.43,6261.28,6107.4314,6084.59,6217.54,6148.5445,6117.2321,6178.17,6123.596,6057.3163,6158.6,6333.7326,5505.6169,4259.54,4322.0213,4423.1983,4146.07,4331.6129,4397.494,4217.7,4297.7254,4364.8371,4299.05,4281.3639,4274.4482,4260.57,4281.5221,4304.6559,4274.3,4184.7236,4230.5998,4347.86,4286.2697,4275.6154,4422.44,4496.0386,3948.2411,3176.95,3189.1888,3367.0094,3345.18,3359.5033,3372.3589,3343.85,3306.9838,3292.5734,3329.35,3407.647,3378.9675,3329.79
2025-02-06,3497.9209,3655.2255,3623.51,3476.4439,3591.7096,3832.31,3689.813,3512.4654,3576.43,3784.4762,3740.3364,3513.98,3547.6302,3631.7631,3623.61,3636.9672,3851.004,4038.16,3798.4365,3694.4181,3860.63,3909.0565,4036.1819,4167.96,3967.0475,3731.5802,3751.5,4016.3868,4030.6615,3848.11,3981.9707,4119.6281,3994.17,3775.815,4288.2664,5219.6,5384.5687,5265.3908,5233.23,5165.0204,5125.311,5137.64,5156.1992,5221.8023,5136.75,4828.4213,5671.6114,7183.26,7370.8801,7059.1318,6994.56,7074.7624,7041.4353,6892.45,6834.3263,6774.059,6791.21,7042.6097,7024.1427,6799.84,6918.149,6945.9367,6772.21,6754.8012,6829.7963,6945.51,7088.9525,6932.1934,6664.16,6774.8271,6614.9184,6253.43,6430.7434,6562.3879,6362.83,6187.2486,6365.7413,6692.99,6651.762,6552.0172,6608.06,6684.1086,6499.5032,6257.32,6400.755,6307.1531,5990.44,6113.5462,6317.6375,6367.36,6369.0472,6248.8631,6081.83,6072.5868,6153.6375,6234.95,6274.8648,6237.8934,6166.52,6149.214,6152.7943,6163.46,6194.6798,6174.664,6196.74,6287.1803,5525.683,4336.56,4179.4467,4352.2859,4283.71,4132.7538,4207.6564,4428.7,4420.9672,4294.9882,4184.43,4115.8736,4099.3943,4155.24,4284.5026,4365.2546,4387.52,4417.887,4276.9982,4159.27,4434.6906,4468.5287,4287.12,4463.2525,4144.5334,3413.57,3286.6188,3334.1493,3322.07,3459.2504,3460.9125,3350.57,3427.9108,3371.0317,3281.05,3518.3223,3204.4529,2446.62
2025-02-07,2317.5067,2551.5967,2681.61,2515.519,2360.9112,2352.1,2377.9897,2522.902,2714.13,2740.8987,2676.2771,2656.34,2761.4582,2891.9185,2942.14,2881.5252,2818.7568,2794.84,2789.3528,2932.7084,3127.28,3096.29,2919.171,2888.65,3198.0765,3197.1951,2913.97,3005.0418,3101.0153,3045.64,3066.5776,3021.8955,2956.6,3070.6652,3065.3656,2965.84,3091.0776,3146.1675,3072.82,3148.9148,3409.6004,3661.85,3661.7567,3602.3877,3512.37,3283.0895,3332.6611,3617.51,3666.7599,3671.7789,3674.24,3554.5827,3801.4018,4281.98,4321.5445,4174.4885,4104.81,4125.0966,4171.508,4261.89,4434.4978,4428.4811,4186.2,3928.6528,3863.6249,3930.87,3906.4129,3947.7974,4078.44,4123.2356,4044.6803,3891.36,3793.2051,3982.75,4120.85,3654.1618,3509.9755,3860.87,3953.5463,3854.169,3783.97,3831.0188,3809.2441,3682.71,3596.7205,3551.9824,3565.06,3659.5606,3677.6437,3597.27,3530.6448,3410.6488,3367.78,3604.4523,3657.2982,3447.46,3370.2341,3496.4442,3661.3,3587.1481,3154.6085,2651.27,2549.0755,2602.1399,2559.3,2428.6276,2521.5602,2750.66,2702.5994,2548.591,2544.49,2766.331,2856.1812,2770.64,2771.0269,2665.6767,2538.61,2700.751,2813.0736,2750.18,2711.7362,2682.1524,2730.06,2946.4209,2964.3955,2795.77,2813.9795,2869.6311,2884.94,2903.8178,2646.8815,2227.68,2118.6366,2315.3029,2501.96,2359.0354,2278.792,2377.65,2400.8248,2425.9028,2476.83,2466.7072,2430.0806,2384.59
2025-02-08,2341.7515,2470.4076,2672.61,2658.4702,2590.3963,2597.56,2635.6004,2574.3796,2483.03,2564.6464,2685.7726,2714.6,2650.4279,2653.2525,2672.88,2543.3971,2613.0524,2894.07,3012.954,2926.4899,2768.81,2726.08,2829.4415,2965.83,2993.6622,3063.8276,3144.08,3048.1729,2992.0363,3034.95,3032.4921,3059.7317,3117.64,3110.9314,3082.969,3030.45,2930.0234,2991.4215,3077.97,2876.6178,2961.1378,3448.51,3840.8402,3922.8412,3791.3,3711.2136,3683.7115,3617.82,3470.8274,3472.0038,3570.14,3524.3658,3705.6773,4086.19,4208.25,4121.5693,4093.56,4314.4298,4351.2177,4175.13,4170.7722,4146.4341,4070.73,4117.5036,4055.864,3928.38,4002.932,3958.4875,3824.59,3958.2897,4034.9636,3921.1,3812.6111,3754.9529,3752.71,3815.9017,3964.0912,4012.35,3753.6393,3691.0133,3848.87,3761.1833,3623.5697,3566.04,3526.9069,3617.8063,3703.09,3527.6316,3504.4535,3605.5,3427.6007,3477.7658,3707.63,3525.5076,3309.516,3336.98,3495.7825,3536.9177,3481.31,3512.4924,3284.0124,2784.96,2438.5491,2500.385,2752.42,2725.5465,2642.8433,2680.81,2763.1768,2710.9051,2573.26,2579.0636,2671.5519,2772.29,2836.7741,2756.719,2645.21,2726.221,2731.8889,2636.81,2686.3673,2747.333,2823.76,3011.7561,2862.6392,2491.94,2505.9998,2673.0217,2785.84,2825.3895,2579.1988,2278.77,2401.0457,2450.6884,2272.89,2222.3953,2330.2868,2410.13,2288.1399,2335.5518,2467.63,2297.8503,2560.3434,3210.87
2025-02-09,3413.1243,3410.7391,3455.39,3530.9259,3640.1986,3696.65,3594.5691,3532.2407,3601.59,3691.0079,3622.8511,3532.57,3718.2938,3835.1652,3752.64,3687.6941,3726.8646,3786.15,3740.9419,3822.0144,3957.72,3835.9485,3743.7079,3895.11,4147.7392,3888.3989,3466.14,3836.9859,4121.0497,4014.0,4054.4316,3986.365,3780.72,3826.3176,4406.5888,5117.96,5213.7558,5173.0183,5213.02,5087.7112,4992.6928,5088.16,5330.3755,5474.3428,5360.73,5182.8537,5931.5321,7069.64,7013.0112,6835.2684,6987.21,6855.133,6774.3172,6923.0,7076.4168,7043.0052,6885.98,6845.5852,6901.5097,6949.12,6908.9049,6863.2487,6828.44,6772.0265,6878.177,7035.62,6918.5128,6739.5027,6706.44,6801.1068,6692.1289,6381.32,6200.6084,6160.81,6143.36,6082.9418,6281.0463,6572.22,6455.9764,6310.3522,6332.14,6342.1121,6289.9034,6272.58,6393.2239,6357.3874,6256.34,6439.8152,6380.14,6098.5,6162.7816,6250.6368,6199.51,6196.2174,6259.4301,6310.86,6253.8715,6121.6041,5995.06,5936.7561,5882.9593,5900.71,6099.0482,6128.3256,6052.81,6138.8163,5413.7623,4282.32,4245.8923,4461.6363,4393.35,4336.8806,4277.4231,4257.37,4369.9413,4350.6509,4264.54,4417.7273,4422.2484,4253.23,4271.9255,4235.6357,4119.53,4183.0157,4323.7969,4357.82,4213.92,4205.2685,4375.33,4393.087,3922.3547,3315.77,3294.611,3336.7503,3202.52,3171.3778,3200.1094,3254.38,3353.795,3358.6249,3304.49,3371.5493,3456.3921,3455.92
2025-02-10,3379.5939,3383.4974,3448.16,3401.8151,3310.8169,3342.05,3590.7072,3724.373,3618.87,3472.4035,3498.5763,3641.32,3673.3313,3749.9849,3838.85,3747.9383,3772.7648,3877.96,3733.1851,3637.5125,3726.03,3836.5689,3923.6135,3980.98,4017.3722,4072.9699,4156.04,4214.4236,4124.2018,3996.63,4070.2555,4094.0932,3965.33,3935.6531,4534.128,5280.15,5131.1066,5047.1349,5289.05,5175.9768,5084.0444,5130.68,5042.6345,5104.9789,5201.03,5037.151,5722.9662,6954.24,7204.3318,7106.1213,7087.1,6917.6326,6788.5475,6778.17,6781.9739,6860.9025,6955.6,6901.7422,6773.4372,6744.95,6911.8197,6921.1422,6795.19,6884.2005,6916.6855,6853.19,6922.3371,6868.1077,6635.3,6446.8012,6333.0288,6280.71,6267.5904,6211.1174,6188.32,6369.7152,6602.4027,6687.27,6542.9747,6402.6821,6343.0,6254.9764,6222.0466,6275.85,6335.7219,6288.7541,6176.27,6157.4738,6217.2728,6268.89,6242.633,6235.3382,6222.76,6082.0383,5945.0647,5945.4,6080.6489,6076.3087,5965.41,6031.9221,6074.4768,6001.55,5947.3338,6003.9012,6163.98,6203.4616,5432.3006,4330.05,4160.3165,4219.1371,4132.67,4245.7049,4433.708,4461.43,4234.5337,4140.9324,4275.29,4366.2027,4336.4434,4250.43,4224.2607,4229.0967,4257.2,4328.1796,4343.5835,4306.34,4319.8492,4366.208,4462.95,4568.2065,4169.6641,3455.59,3188.9582,3167.0284,3190.94,3279.7622,3314.121,3298.03,3353.5211,3433.5833,3493.98,3540.5163,3588.2487,3569.7
2025-02-11,3413.1735,3355.82,3448.9,3499.9739,3406.6361,3290.27,3368.9998,3464.6653,3531.49,3680.6743,3728.3424,3677.22,3722.5369,3782.3375,3805.98,3828.9341,3820.2622,3802.84,3831.9758,3814.2393,3794.42,3893.8921,3852.6459,3701.11,3749.3532,3880.4067,3986.44,4066.3956,4068.6519,3995.45,3915.7712,3889.9944,3878.46,3862.5048,4266.8742,4965.17,5311.3728,5244.8342,5122.52,5326.6014,5317.5364,5082.38,5178.5319,5405.3337,5370.34,5034.1354,5660.9293,6925.71,7166.8905,7005.0033,6928.27,6791.6544,6800.103,6969.01,7064.9932,7006.3532,6906.59,6935.7884,6887.2513,6764.8,6788.6782,6825.9334,6805.39,6791.7637,6780.3684,6765.86,6745.9792,6663.6085,6591.38,6658.1091,6651.4306,6471.21,6252.8643,6259.7822,6379.83,6279.7377,6338.8052,6568.56,6538.1586,6257.3134,6046.78,6227.0981,6361.8733,6354.71,6500.3727,6546.6959,6415.65,6309.5813,6283.9183,6317.7,6333.2549,6186.076,6063.12,6277.7738,6287.8513,6011.52,5914.0565,5941.444,6005.81,6093.4407,6082.0952,6014.9,6056.5613,6091.5349,6113.51,6107.794,5358.0607,4280.79,4127.3359,4276.6873,4284.35,4312.938,4321.1219,4292.32,4282.8958,4308.7451,4366.85,4428.8408,4402.4261,4314.73,4299.5401,4371.7866,4417.93,4325.9289,4360.0927,4454.09,4298.7698,4294.4142,4511.94,4512.0046,3896.5149,3117.76,3098.6629,3325.6005,3342.56,3197.0669,3227.6168,3396.81,3360.9713,3318.1995,3403.13,3511.4656,3414.4946,3222.62
2025-02-12,3272.9536,3349.6031,3369.15,3450.7993,3438.761,3414.57,3606.609,3619.2095,3464.48,3533.5142,3490.2982,3395.43,3648.3843,3700.1997,3544.26,3717.0732,3807.6443,3694.41,3701.5862,3797.3879,3870.12,3858.2282,3840.1305,3912.76,4089.0705,4126.8486,4072.79,4185.7572,4179.5333,3999.55,3910.187,3958.6663,4002.29,3933.7326,4279.4535,4954.99,5282.4251,5292.9099,5194.96,5164.4701,5270.1089,5320.97,5099.3445,5170.8846,5369.77,5103.5516,5701.5902,6910.02,7038.6535,6906.9702,7060.18,7161.6182,7053.7235,6831.7,6754.952,6933.4812,7099.22,6871.9593,6750.0182,6838.9,6766.7449,6706.7741,6744.59,6751.6825,6671.5113,6599.54,6685.2513,6772.7219,6728.94,6564.0332,6448.7866,6386.69,6240.5349,6131.269,6145.2,6262.023,6437.0938,6537.14,6426.3021,6289.4757,6312.37,6493.7517,6432.8869,6246.4,6418.785,6469.586,6329.57,6397.107,6327.2119,6108.87,6089.973,5972.507,5898.21,6284.3968,6276.2774,5915.36,6092.9383,6245.0482,6103.44,6010.1431,6051.9184,6139.71,6130.8014,6086.8829,6136.23,6203.4816,5410.929,4262.11,4237.3936,4440.5489,4365.59,4370.1907,4275.7047,4126.0,4219.314,4402.3792,4437.52,4249.9092,4260.775,4439.29,4351.5358,4242.1787,4261.17,4308.898,4367.5178,4380.39,4297.6644,4335.303,4544.56,4655.1476,4083.4038,3203.11,3045.8569,3163.4074,3224.2,3334.4123,3368.5906,3350.77,3437.1037,3470.2312,3428.03,3429.5613,3312.5874,3246.86
2025-02-13,3551.1175,3564.4899,3359.41,3637.4322,3727.2317,3541.72,3670.4203,3686.134,3576.21,3776.6289,3829.2363,3670.27,3705.0845,3727.1376,3670.09,3687.8113,3628.897,3582.83,3801.871,3927.8411,3911.92,4036.9681,4064.1527,3927.28,3839.7693,3892.7028,3959.36,3852.1611,3859.7716,4036.06,4121.7531,4035.5976,3905.59,4003.4932,4510.4632,5075.08,5112.9521,5115.1071,5270.94,5288.7626,5253.123,5264.43,5313.8866,5297.0686,5156.66,5071.5977,5821.4827,6879.27,6860.8934,6728.0422,6899.9,6849.2515,6826.2502,6905.4,6877.6233,6917.3204,7014.89,6970.6903,6949.2561,6937.15,6780.3822,6826.3424,6982.8,6803.8085,6680.334,6762.81,6803.3488,6783.0979,6707.04,6558.2792,6387.2029,6285.47,6310.4857,6294.5457,6195.83,6136.7719,6165.0738,6261.34,6365.1747,6438.0924,6453.67,6402.6416,6319.5446,6237.76,6185.8141,6218.1278,6330.92,6413.6039,6210.878,5961.51,6152.2354,6180.1099,5996.4,6152.6901,6288.5033,6180.84,6015.4129,6092.1913,6234.45,6014.4743,5972.8414,6162.44,6077.866,5917.8715,5980.03,6195.9096,5454.3484,4206.8,4096.7818,4288.6917,4264.15,4327.2801,4263.2524,4152.54,4335.2677,4466.5791,4449.81,4504.7293,4434.0364,4252.11,4220.6924,4306.8174,4361.04,4279.0138,4281.6382,4392.58,4404.7974,4311.866,4332.28,4576.2919,4099.573,3175.09,3086.9552,3262.1302,3319.84,3450.3645,3449.67,3300.1,3235.3239,3320.559,3476.6,3485.2873,3002.7256,2421.19
2025-02-14,2507.4053,2504.407,2279.89,2453.1982,2614.2955,2540.69,2446.8116,2463.2495,2526.22,2484.4435,2502.227,2641.81,2788.2162,2853.8397,2873.18,2941.2771,2950.6945,2932.72,3031.4389,3088.6809,3071.22,3077.6325,2938.1001,2750.34,2813.4681,2897.2229,2918.94,3017.7785,3088.177,3018.43,2822.8368,2777.4037,3002.27,3331.1391,3358.6035,3168.24,3208.2589,3214.0725,3055.74,2966.104,3321.3615,3793.45,3662.1843,3551.7063,3666.85,3627.5892,3741.3119,3879.58,3592.3123,3560.3716,3690.33,3302.5634,3551.5395,4325.93,4284.9499,4083.3399,4195.68,4372.7346,4284.1428,4079.69,4185.3818,4186.6034,4033.88,4093.8859,4092.9204,3997.38,4056.0614,4037.6559,3963.56,4077.1002,4020.4602,3734.91,3595.7207,3874.9701,4242.25,4067.0054,3788.4046,3743.79,3833.8068,3736.149,3570.18,3723.1806,3710.2281,3488.33,3509.0192,3554.8056,3563.06,3684.7153,3626.6321,3422.21,3406.8108,3371.4365,3250.57,3219.0463,3276.5868,3402.25,3551.8878,3500.5255,3363.61,3423.0939,3125.4527,2663.37,2811.0042,2870.2823,2654.98,2689.923,2791.968,2810.19,2790.7901,2699.1235,2628.82,2722.1363,2728.5724,2668.76,2777.1605,2686.6964,2491.39,2668.8166,2790.5219,2695.36,2660.0487,2709.7889,2786.54,2823.4388,2781.4662,2712.63,2724.4115,2809.5529,2907.91,2900.0471,2546.6841,2129.41,2205.0428,2258.8212,2180.07,2348.1134,2411.5928,2316.87,2380.9303,2459.6931,2466.09,2475.0873,2498.3467,2509.56
2025-02-15,2470.6272,2382.0519,2368.11,2562.6447,2694.4828,2670.09,2638.8085,2603.2797,2580.38,2604.0104,2569.8976,2558.95,2755.3699,2887.7801,2853.33,2808.6563,2807.16,2832.08,2826.685,2746.0871,2704.26,2863.7716,2971.2828,2929.56,2873.7259,2823.2854,2814.14,2906.9504,3064.1049,3118.21,2950.9929,3028.4188,3258.81,3111.6413,3090.4657,3283.9,3249.9468,3140.3558,3067.12,3022.6376,3277.5637,3580.87,3403.4837,3434.6423,3694.1,3515.8993,3389.5491,3557.89,3712.3789,3546.7399,3274.47,3438.1919,3847.0411,4185.35,4277.918,4251.6422,4241.44,4260.5477,4119.6383,3965.49,4139.1512,4233.1074,4067.14,3863.3264,3775.1077,3863.48,4066.7828,4127.1437,4003.96,3902.399,3940.7108,4034.76,4002.3289,3972.1955,3979.27,3909.4115,3752.4605,3660.54,3796.4761,3845.4978,3761.18,3793.2892,3823.925,3740.31,3565.5059,3454.6804,3458.76,3512.2008,3623.7294,3720.58,3686.103,3627.54,3554.55,3393.9213,3348.3604,3434.6,3451.6225,3360.7732,3320.42,3468.5596,3279.2582,2786.86,2590.3181,2636.4918,2730.01,2735.6491,2649.6432,2638.17,2844.6785,2801.1139,2544.67,2592.4295,2748.6131,2771.14,2624.1035,2534.5975,2679.14,3002.1837,3007.2386,2728.81,2678.5967,2724.744,2739.23,2750.2798,2729.8125,2763.95,2954.8205,2969.259,2849.49,2912.6371,2666.057,2164.86,2055.4315,2319.8601,2600.46,2536.9145,2409.0558,2410.2,2477.0663,2514.3034,2440.31,2312.0104,2632.229,3285.85
2025-02-16,3581.8623,3455.4123,3300.0,3560.6628,3736.6145,3615.91,3478.3666,3453.9842,3566.6,3730.1577,3686.3889,3493.18,3477.6261,3609.1312,3753.29,3803.0421,3798.8088,3734.14,3598.3508,3681.0276,3933.36,3982.6389,3824.5209,3697.34,3854.6305,4033.8598,4007.01,3823.8139,3949.707,4161.6,3829.8469,3806.3444,4075.93,3878.233,4373.401,5323.04,5228.614,5067.7645,5258.66,5220.56,5162.0763,5223.44,5273.2069,5214.3079,5086.15,5135.6243,5893.3461,6891.5,7041.8646,7010.3161,7088.51,6917.7643,6816.9516,6850.71,6775.8882,6829.858,6941.38,6776.0395,6663.6439,6716.64,6734.3081,6805.7117,6863.05,6726.3025,6684.3033,6768.71,6698.8956,6462.223,6328.71,6571.4232,6655.4958,6431.66,6266.7438,6230.4488,6268.8,6311.1209,6389.2587,6508.35,6593.1934,6473.2112,6289.49,6379.1322,6529.1886,6512.92,6301.4327,6139.4936,6154.45,6267.5733,6319.0474,6255.36,6158.4546,6145.2689,6143.71,6002.0963,6017.5848,6181.95,6183.3564,6165.0782,6173.74,6107.9785,6123.7568,6196.14,6120.294,5968.5837,6031.59,6372.5389,5651.9178,4258.65,4030.5357,4305.204,4391.9,4297.1692,4323.0664,4483.84,4510.4814,4420.1037,4297.28,4225.3091,4304.7427,4423.73,4350.5904,4237.037,4230.63,4312.0562,4223.6602,4095.57,4288.8453,4334.7216,4266.94,4488.6503,4084.4293,3240.41,3144.2762,3261.0615,3231.89,3269.7873,3380.8962,3416.74,3253.3506,3231.4509,3409.17,3495.3228,3409.0306,3314.64
2025-02-17,3431.708,3464.7519,3377.32,3431.3453,3527.468,3576.51,3575.2625,3456.5529,3393.56,3632.8254,3712.76,3637.9,3845.8645,3942.9591,3782.6,3648.763,3690.8685,3822.98,3840.7382,3845.1775,3845.81,3760.4248,3805.4805,3942.57,3933.4157,4044.5704,4188.07,3976.5794,3749.2786,3725.93,3819.8482,3941.5587,3947.91,3847.4726,4420.6849,5267.26,5148.4723,4927.7716,5069.37,5198.3629,5334.1552,5405.79,5247.483,5098.6741,5017.06,4982.7563,5745.3417,6858.3,6988.6956,6794.161,6759.73,6736.0929,6773.4448,6859.84,6876.1621,6759.9085,6625.5,6670.5591,6782.9626,6845.8,6823.9207,6718.0077,6684.55,6867.6441,6801.752,6563.46,6697.3076,6850.6426,6794.18,6626.895,6348.5401,6134.85,6221.7316,6281.2467,6166.15,6041.9441,6029.4626,6233.75,6600.9744,6490.9986,6139.8,6387.4033,6447.2715,6206.24,6339.3585,6341.2551,6121.24,6154.6937,6298.2876,6339.9,6220.7502,6114.2726,6117.11,6175.004,6170.7143,6094.71,6048.916,6088.2711,6143.83,6100.3069,6092.8792,6152.96,6154.7556,6026.6843,6000.31,6214.3521,5380.927,4031.28,4080.0175,4323.1557,4202.99,4364.1505,4481.6681,4439.77,4493.2595,4514.7449,4403.94,4225.8516,4185.5425,4295.44,4375.169,4379.6866,4335.86,4285.2296,4192.7692,4165.47,4346.7078,4402.3228,4403.12,4621.1289,4098.0991,3139.43,3105.689,3304.3399,3290.96,3321.7955,3347.1378,3374.42,3492.2515,3552.3526,3508.49,3456.4279,3410.2663,3399.92
2025-02-18,3450.3468,3422.9814,3328.74,3337.8974,3487.4247,3605.53,3494.605,3523.4594,3665.68,3553.1238,3579.3909,3736.88,3617.0876,3578.6485,3735.41,3798.4413,3652.2794,3503.36,3671.4332,3847.5044,3850.01,3805.6633,3909.2533,4038.82,3909.0472,3882.4283,4004.92,3974.5829,4009.1854,4070.49,3905.9491,3939.8387,4067.9,3857.848,4304.751,5205.24,5265.5357,5057.1148,5064.76,5165.6198,5102.8008,4950.71,5024.7181,5170.7299,5132.97,4941.1125,5614.0172,6731.6,6811.1876,6812.2937,7150.59,7206.1836,6922.3072,6707.96,7006.8545,7182.2754,6986.06,6776.4141,6684.3375,6678.43,6675.6948,6770.154,6876.27,6792.1746,6738.0382,6764.0,6705.0778,6646.1414,6698.66,6834.9757,6654.3917,6295.72,6308.1878,6367.6692,6251.21,6125.4396,6377.4949,6718.19,6477.1201,6334.7357,6504.68,6552.5619,6680.12,6760.88,6412.5198,6185.1355,6210.25,6128.9079,6224.9939,6409.6,6257.4489,6140.5228,6177.44,6124.8136,6117.0376,6190.42,6220.8957,6231.2638,6239.36,6229.2444,6222.198,6179.23,6051.3142,6022.8445,6185.51,6302.4577,5498.3451,4295.11,4175.5436,4290.7817,4235.4,4419.9192,4377.9304,4164.66,4323.2756,4367.4836,4184.92,4189.6386,4341.9424,4455.04,4398.2522,4362.5691,4408.29,4401.2157,4282.8665,4200.48,4341.517,4341.3832,4262.22,4419.0865,3937.326,3133.65,3254.1403,3335.4149,3054.59,3088.2449,3279.0448,3370.93,3309.7181,3341.3286,3438.67,3343.488,3250.6023,3266.88
2025-02-19,3303.9013,3313.3661,3285.26,3271.8472,3454.8323,3691.57,3651.5768,3657.5614,3718.33,3555.1354,3631.5557,3875.63,3743.5048,3683.3509,3807.08,3789.5583,3902.7111,4033.93,3786.9047,3756.2325,3982.33,3897.3406,3725.0525,3744.91,3960.6979,3909.0814,3716.51,3959.2283,4210.7575,4189.13,4045.3873,4031.2276,3972.51,3619.095,4122.7661,5162.0,5218.7818,5244.438,5474.66,5172.7585,5080.7037,5322.18,5260.0676,5201.2262,5151.68,4921.6567,5646.7527,6915.16,7058.5681,6883.7625,6973.38,7070.555,7024.0708,6926.09,6977.5716,6993.7677,6896.31,6819.4961,6912.8547,6984.25,6725.6262,6703.7161,6925.07,6823.936,6664.8517,6675.89,6794.353,6814.9721,6726.17,6667.0876,6487.8745,6290.71,6347.4803,6318.7947,6094.85,5958.1898,6193.8951,6563.47,6558.023,6633.5205,6732.12,6333.0761,6076.2506,6200.96,6320.7886,6343.2525,6271.48,6139.1195,6043.5897,6086.26,6265.4952,6237.1406,6075.78,6164.3768,6129.981,6031.19,6282.0829,6254.3312,5960.65,6060.9857,6187.4235,6099.05,5964.1354,6000.9056,6185.99,6164.8189,5313.9388,4239.58,4256.7247,4389.5624,4231.93,4312.5475,4297.3611,4169.02,4301.8449,4463.7413,4431.67,4249.5478,4335.682,4589.64,4499.0642,4334.1051,4298.44,4332.0993,4395.011,4437.99,4426.3736,4448.2955,4544.11,4589.0789,4144.8396,3425.35,3170.8188,3304.7677,3487.58,3451.5445,3408.4731,3420.3,3333.2903,3216.223,3285.58,3654.8641,3704.5067,3432.95
2025-02-20,3438.0854,3517.8944,3519.16,3539.0179,3640.5283,3759.28,3748.198,3599.825,3474.51,3547.5503,3543.3658,3432.4,3468.9858,3601.1578,3671.49,3598.3153,3682.0156,3847.9,3704.4248,3473.5153,3477.41,3827.7004,4048.6143,4025.69,4037.5473,3922.4063,3796.9,3985.6115,4088.1201,3963.37,3882.1701,3972.5419,4083.97,4028.024,4379.6647,5071.23,5360.1711,5163.6398,4912.03,5111.6447,5244.1495,5173.85,5279.386,5425.6575,5320.0,4991.238,5747.2128,7049.65,7003.5173,6881.8762,7196.52,7130.334,6853.534,6677.28,6737.1697,6953.7632,7066.38,6849.6688,6714.8932,6777.89,6787.5292,6838.7204,6888.68,6767.7308,6702.2679,6719.66,6638.9938,6638.7162,6768.34,6858.0729,6756.4387,6483.37,6218.4527,6112.0372,6071.25,5920.4723,6062.7716,6439.46,6534.765,6438.9817,6364.43,6416.4859,6425.1601,6326.57,6211.7777,6098.9379,6111.59,6348.0356,6333.0961,6120.01,6217.3778,6280.7408,6158.02,6067.8847,6056.8973,6057.4,5990.0898,5987.9868,6062.46,6086.6729,6083.6779,6135.32,6264.6713,6203.5837,6098.67,6222.6382,5480.5945,4230.65,4070.8836,4382.4779,4525.29,4448.0842,4247.7695,4126.05,4239.7053,4287.0288,4227.12,4281.2262,4232.6842,4171.04,4411.179,4512.2923,4345.84,4237.3777,4300.238,4466.73,4549.2809,4388.5822,4246.69,4458.3054,4061.7401,3241.87,3206.9612,3384.5908,3344.93,3269.3408,3355.9122,3524.35,3506.7905,3387.508,3312.4,3296.5461,2976.1418,2498.4
2025-02-21,2404.3697,2406.5763,2408.53,2606.2237,2754.444,2673.75,2455.302,2521.5309,2714.97,2517.6478,2572.2155,2902.32,2866.8569,2810.9403,2870.89,2816.0837,2797.8571,2796.24,2650.1249,2698.7717,2892.59,2848.5039,2894.0586,3013.38,2870.754,2925.2862,3093.45,2847.3578,2829.5625,3059.43,2923.1631,2939.9741,3231.66,3334.4986,3210.228,3031.18,2982.9885,2929.0392,2903.48,3109.1773,3416.706,3664.99,3774.7493,3778.6648,3772.28,3814.3541,3689.8247,3460.32,3429.984,3492.9685,3484.65,3408.8824,3721.4574,4265.02,4384.8008,4326.9616,4301.37,4264.7827,4238.1086,4229.24,4189.0811,3984.7821,3829.89,4084.2945,4247.4185,4102.2,3915.7971,3873.6406,3954.42,3996.7253,4000.773,3983.75,3927.8339,3784.6519,3675.82,3773.0324,3756.7304,3588.03,3574.7625,3780.1759,3981.31,3880.3715,3749.654,3710.42,3622.1565,3485.2824,3432.52,3580.6593,3625.7442,3572.9,3678.3404,3567.7885,3304.23,3361.7347,3473.2312,3460.09,3399.5129,3279.9769,3274.19,3529.2927,3300.1235,2706.67,2624.7694,2619.9382,2563.99,2788.4988,2900.9766,2783.61,2727.2217,2795.7426,2757.25,2395.0547,2441.8696,2784.93,2609.754,2594.7869,2852.56,2768.6161,2611.7796,2585.08,2608.5672,2656.6597,2675.66,2627.04,2701.1707,2880.68,2934.2368,2840.602,2726.76,2728.4331,2654.6855,2448.62,2259.8063,2193.9544,2278.86,2443.6162,2492.2416,2459.05,2525.0152,2434.5253,2279.26,2444.3866,2657.9443,2618.28
2025-02-22,2306.8268,2251.2662,2487.51,2568.431,2612.9758,2684.72,2681.1259,2646.8473,2586.76,2495.8782,2626.5445,2875.71,2857.4855,2731.6974,2679.07,2731.3889,2808.1772,2867.79,2928.7544,2987.0089,3010.07,2973.9131,2971.4204,3007.83,2991.3709,2913.2318,2844.51,2868.0256,2888.5193,2914.71,3040.3813,3109.5499,3050.24,2965.2171,3049.0916,3181.83,3073.3225,3073.0293,3147.14,2964.6211,3151.7632,3642.81,3691.0592,3562.5983,3491.86,3437.8085,3436.6766,3513.77,3630.6631,3633.8989,3476.78,3312.6478,3530.4636,4032.02,4290.5426,4251.108,4159.45,4273.2092,4216.9433,4049.49,4213.9211,4331.9968,4262.27,4212.9008,4010.3922,3711.49,3654.7787,3966.4034,4318.92,4196.4501,3908.9368,3799.08,3918.0004,3883.866,3689.21,3674.0128,3656.6362,3574.15,3584.0084,3702.6515,3795.24,3712.5159,3686.5594,3729.58,3645.3316,3653.4195,3714.07,3555.7874,3434.097,3436.18,3416.1112,3497.9179,3554.72,3331.9894,3320.4866,3493.97,3339.0244,3205.6037,3317.5,3464.9134,3141.0025,2638.44,2751.8271,2840.2896,2725.62,2868.6897,2976.121,2871.2,2686.4511,2532.9818,2491.85,2575.0029,2612.0393,2594.9,2663.0409,2722.5464,2786.08,2933.673,2867.4709,2681.57,2762.0736,2736.2164,2630.86,2835.8186,2843.6919,2594.5,2574.8078,2743.7729,2908.79,2904.7817,2728.8044,2468.49,2268.5689,2287.6979,2349.73,2154.921,2225.7868,2513.82,2431.3847,2335.0965,2361.35,2353.2333,2802.0442,3501.77
2025-02-23,3653.2341,3532.2424,3459.66,3473.299,3422.0792,3350.9,3457.2413,3592.289,3653.18,3659.552,3585.2763,3502.88,3549.4666,3673.132,3751.14,3684.8701,3564.2261,3586.63,3864.6728,3953.4737,3778.13,3693.1107,3728.627,3789.18,3784.28,3798.6426,3938.56,4172.0991,4039.2024,3750.28,3998.8203,4314.3401,4216.02,3799.5495,4233.84,5223.52,5283.915,5060.7204,5067.34,5138.9405,5138.5733,5063.84,5021.3723,5068.1241,5121.24,5147.2537,5770.3191,6774.47,7208.9983,7204.4884,7095.93,7053.5686,6909.1248,6696.45,6662.0902,6759.9485,6873.15,6914.4582,6895.6271,6910.76,7026.4821,6984.5031,6800.61,6756.6519,6777.3404,6748.26,6647.4546,6602.7927,6693.95,6825.6181,6573.0284,6118.36,6082.6393,6109.2877,6056.55,6159.5885,6299.7833,6394.72,6462.8024,6414.1273,6301.94,6297.8948,6360.4377,6387.4,6302.6409,6157.6904,6078.23,6170.6557,6298.4012,6329.15,6241.1276,6187.7879,6249.08,6335.1972,6168.1656,5981.24,6256.3378,6281.8394,5946.33,5875.5449,6024.1489,6150.21,6086.4439,6033.1703,6134.06,6204.4026,5407.301,4253.06,4185.6462,4386.8744,4313.1,4238.6829,4275.9401,4318.11,4208.4311,4248.6928,4446.17,4486.9072,4415.725,4363.73,4399.782,4384.8817,4342.77,4395.6994,4229.7441,4062.16,4415.282,4508.4584,4298.36,4437.4575,4133.2173,3410.27,3204.6159,3337.9124,3360.14,3058.3791,3051.9814,3345.11,3353.7879,3410.0531,3547.7,3428.7737,3355.6136,3389.9
2025-02-24,3298.8996,3288.6824,3450.98,3622.7712,3554.1812,3388.5,3512.7373,3650.4318,3607.7,3470.6979,3427.5689,3546.68,3715.574,3683.6027,3511.47,3505.3853,3582.4448,3699.68,3875.7489,3830.9702,3645.1,3693.8762,3803.0873,3847.65,3874.8125,3858.2428,3812.5,3802.669,3848.6174,3918.21,3942.7078,3870.9135,3744.23,3749.6415,4274.2955,5047.81,5309.1383,5165.6899,5056.51,5312.1267,5425.4876,5213.89,4994.7242,4936.6066,4949.58,4942.4414,5627.7657,6710.1,7050.7951,6971.7733,6900.24,6940.4953,7000.4169,6999.02,6941.4551,6937.8548,6882.97,6607.3052,6617.3478,6885.44,6882.8661,6881.666,6948.42,6837.583,6704.4106,6710.72,6857.4483,6902.526,6721.41,6402.4009,6169.6518,6126.32,6196.4274,6205.0654,6080.91,5947.2221,6170.6529,6531.0,6438.8301,6383.0937,6448.54,6236.731,6121.4329,6252.74,6371.9082,6294.9268,6162.89,6273.1923,6353.3279,6256.62,6101.8349,5984.857,6034.35,6285.1378,6259.1507,5995.87,5993.0009,6012.0165,5982.52,6098.7719,6184.952,6161.04,6132.3556,6175.1194,6324.7,6392.6513,5493.6392,4218.05,4143.5352,4254.0339,4132.22,4352.1513,4422.0864,4248.45,4257.3685,4252.9867,4178.85,4209.1662,4237.9269,4234.61,4298.6079,4447.8999,4550.71,4453.536,4411.1487,4420.38,4249.8636,4190.2073,4419.03,4704.4169,4224.6955,3345.66,3277.3239,3317.7071,3179.45,3292.6424,3347.2867,3274.04,3347.1724,3474.8255,3514.42,3414.7832,3307.125,3348.42
2025-02-25,3552.7178,3469.8025,3218.78,3364.1626,3532.237,3581.61,3714.8213,3634.7961,3421.09,3470.2626,3445.2782,3397.57,3716.491,3862.224,3713.77,3693.7996,3771.4767,3832.69,3834.3408,3862.2807,3902.36,3842.0634,3707.156,3660.16,3837.9236,3890.2595,3767.57,3759.5924,3822.526,3891.6,3951.7081,3923.1463,3823.34,3862.8377,4522.5683,5302.21,5167.631,5085.7384,5304.62,5146.7314,5123.2639,5348.53,5377.7209,5347.1147,5255.57,5081.6946,5809.3898,6957.83,6976.2637,6858.478,7053.8,7001.518,6886.5341,6816.19,6703.3109,6774.4982,6957.03,6923.1019,6839.2383,6804.23,6769.1053,6862.6734,6960.71,6798.1124,6725.3678,6808.65,6750.4494,6571.822,6544.01,6835.442,6598.9266,6060.34,6265.0066,6275.5762,5888.91,5906.3877,6176.5943,6456.82,6651.3036,6620.0953,6445.58,6360.0069,6263.7959,6183.42,6263.9704,6288.1517,6162.29,6029.2245,6097.6206,6270.55,6233.1014,6077.7451,6016.67,6172.1374,6262.1916,6197.86,6156.6538,6198.7328,6203.66,6026.6918,5997.9472,6112.52,6036.0747,5934.8661,6033.3,6235.6641,5527.3095,4337.6,4190.7311,4334.2637,4244.04,4194.0162,4371.4449,4572.06,4415.3701,4244.7362,4252.65,4308.4231,4334.3862,4327.76,4319.5261,4251.3137,4209.7,4341.9449,4382.9286,4339.86,4461.8945,4475.6237,4398.88,4449.0864,3988.7473,3318.27,3416.7412,3404.9395,3114.61,3250.2301,3287.5654,3141.01,3300.2175,3528.9673,3595.6,3487.1925,3291.949,3204.43
2025-02-26,3373.4506,3448.9758,3341.49,3300.5603,3384.2961,3525.89,3613.7807,3649.9517,3695.69,3767.6638,3605.8005,3385.6,3571.5617,3780.8844,3801.45,3776.5842,3723.2581,3715.99,3857.5361,3992.2417,3949.72,3705.9928,3604.6715,3751.73,3942.5673,4049.0568,4031.14,3932.7062,3868.741,3894.84,3982.1181,4066.0245,3993.62,3760.632,4218.8696,5073.92,5146.3117,5122.8044,5306.37,5287.9469,5256.9567,5230.0,5041.3647,5094.354,5266.19,5160.106,5889.2816,7085.65,7131.9133,6842.15,6836.01,6943.243,7119.2447,7226.31,7080.326,6844.5428,6742.69,6865.224,6896.9058,6787.2,6790.8007,6911.7802,6899.85,6546.467,6520.8775,6805.43,6721.192,6567.2515,6658.56,6909.3097,6630.5179,6017.15,5979.2402,6170.9266,6200.93,6098.1585,6409.5557,6827.61,6479.422,6120.8387,6169.05,6304.8961,6301.4252,6215.89,6252.1608,6206.398,6160.7,6394.1863,6437.0525,6209.6,6099.8171,6043.9082,5949.49,5858.3077,5971.9469,6219.86,6296.6451,6201.5054,6004.98,5817.7001,5923.8315,6201.33,6205.9376,6010.2906,5980.65,6263.5709,5576.4603,4268.69,4080.4412,4374.4308,4427.55,4183.6357,4110.4134,4295.27,4384.9244,4293.4598,4191.81,4315.8918,4433.9686,4428.18,4389.2135,4314.0704,4250.8,4289.7254,4380.1959,4390.93,4248.8657,4275.2628,4510.05,4588.4091,4080.4444,3279.17,3002.1912,3216.5195,3464.53,3307.8187,3179.6188,3258.07,3313.5479,3380.7788,3439.12,3394.6125,3361.0248,3375.21
2025-02-27,3349.53,3229.2378,3194.44,3477.9668,3645.7771,3618.69,3704.5804,3679.2491,3541.69,3551.9602,3572.1043,3488.49,3375.0932,3520.9927,3718.98,3495.7485,3470.6344,3686.87,3586.8496,3604.9829,3845.99,3926.4329,3860.3522,3807.2,3891.8216,3949.0319,3894.44,3806.7541,3796.0086,3839.12,3835.8466,3920.9406,3984.3,3852.7932,4271.4413,5074.69,5274.5613,5157.9455,5131.4,5275.3886,5234.9162,5059.27,5142.9444,5227.5943,5104.87,4973.315,5717.7078,6889.02,7071.6761,6959.1786,6956.68,6800.7551,6855.8202,7052.09,6925.3468,6817.3173,6878.54,6906.9564,6888.0639,6878.21,6919.1745,6918.1459,6793.39,6578.4028,6569.3173,6706.05,6648.7939,6610.0224,6618.4,6481.0179,6408.1491,6337.68,6037.9332,6067.4187,6307.34,6101.1518,6117.8793,6471.11,6577.5165,6633.4874,6617.44,6277.9813,6110.4573,6232.19,6291.3386,6332.1038,6396.47,6411.3239,6281.6741,6103.42,6109.233,6292.6732,6460.65,6388.7826,6221.4726,6083.65,6010.4923,6116.8133,6231.3,6043.047,5895.9676,5938.85,5991.7808,6014.8474,6143.17,6356.6466,5552.9721,4243.71,4170.807,4490.9541,4532.61,4444.5623,4303.9541,4212.32,4267.9034,4353.0442,4371.54,4322.0496,4276.8679,4284.74,4335.7146,4353.9167,4346.77,4382.7569,4382.633,4350.82,4379.5757,4428.9821,4498.4,4531.2941,3996.5658,3236.97,3195.4129,3273.6166,3192.08,3262.9858,3316.6853,3314.16,3385.029,3315.2527,3201.78,3301.187,2955.6871,2323.87
2025-02-28,2298.0528,2521.2007,2612.24,2546.2529,2515.4946,2578.29,2623.4325,2605.5697,2594.81,2679.3176,2644.4747,2491.34,2473.1831,2672.6694,2905.96,2861.3881,2605.6504,2464.38,2724.9008,2896.6859,2817.77,2785.3559,2834.2144,2930.33,3014.8577,2933.6649,2836.01,3028.6659,3156.8607,3091.92,3042.7074,2993.6964,3000.31,3146.9015,3127.7924,2988.86,3077.2879,3153.3232,3050.02,2902.7461,3129.0115,3551.36,3576.1038,3576.6763,3718.49,3745.051,3554.1943,3396.94,3602.7566,3608.8884,3360.94,3400.7755,3714.08,4095.26,4342.7814,4445.4841,4383.4,4160.6017,4086.8289,4138.37,4039.3875,4121.818,4289.48,4091.7315,3973.5362,4044.96,3990.894,4040.5833,4205.23,4207.3342,4058.8111,3912.78,3894.5881,3775.294,3608.95,3703.1021,3891.8077,3924.29,3716.7107,3678.1642,3787.57,3658.4086,3631.8299,3723.92,3596.8827,3532.6393,3587.17,3520.7373,3450.2717,3438.38,3410.2502,3336.6207,3298.45,3390.5107,3387.3664,3286.61,3297.5504,3274.6939,3320.2,3621.1804,3394.8841,2729.74,2553.2782,2683.3975,2727.39,2539.908,2614.5778,2827.06,2588.0245,2518.6813,2712.87,2640.3319,2608.7645,2693.73,2645.9575,2701.7281,2803.41,2654.5294,2657.7315,2791.39,2658.9162,2744.0628,2972.78,2769.9845,2667.5175,2867.63,2995.4761,2846.4583,2694.44,2941.2304,2830.0269,2359.98,2292.3636,2258.3044,2110.11,2128.9587,2253.2448,2393.02,2511.8456,2538.6448,2470.03,2391.7744,2430.8585,2558.33
2025-03-01,2600.0321,2473.6509,2374.37,2567.9403,2615.297,2439.66,2408.349,2500.4955,2603.08,2631.1368,2572.2373,2516.07,2586.9302,2710.0802,2736.17,2578.7731,2485.8538,2493.03,2439.6319,2546.2353,2712.58,2607.7582,2632.3864,2840.02,2843.29,2635.5597,2452.91,2550.8548,2702.4247,2704.71,2561.1512,2507.0845,2639.56,2833.2532,2865.4546,2798.36,2868.5484,2802.2693,2663.15,2814.8758,2963.0248,2984.77,3054.0387,3163.9713,3196.68,3086.5326,3198.431,3395.6,3192.4296,3116.7813,3247.7,3208.0292,3584.3447,4142.36,3996.6431,3893.434,4041.18,3909.5907,3824.0448,3896.7,3857.2443,3665.2085,3549.02,3774.8873,3949.5509,3874.65,3727.8235,3731.9715,3876.39,3945.6604,3872.1383,3693.04,3525.3254,3533.4678,3656.87,3670.2762,3631.3821,3595.15,3545.8992,3489.7693,3442.04,3405.8399,3330.2526,3286.33,3402.6179,3502.4015,3485.97,3419.2797,3406.9686,3453.5,3463.1131,3379.3576,3330.45,3484.4758,3495.8158,3375.79,3458.3111,3438.7784,3307.43,3341.32,3153.8038,2831.66,2863.6165,2797.9864,2609.64,2714.7263,2651.0734,2446.93,2630.7939,2873.6388,2871.65,2652.5975,2565.4494,2690.08,2794.7509,2793.8917,2777.06,2873.681,2847.6828,2691.78,2663.0398,2781.6069,2828.13,2585.7358,2530.3251,2765.61,2919.9299,2913.2802,2832.21,2794.4007,2696.0174,2478.18,2234.1814,2242.1623,2400.97,2333.2101,2244.9954,2285.98,2392.0568,2471.882,2425.23,2287.1573,2613.2707,3225.63
2025-03-02,3361.4819,3355.8267,3419.88,3418.6324,3455.1567,3517.28,3486.6938,3525.0886,3582.96,3448.1229,3375.7127,3408.39,3361.458,3455.5294,3676.62,3735.4743,3605.8448,3462.6,3520.0761,3628.5697,3650.96,3588.6601,3572.7801,3668.29,3801.0603,3745.1024,3576.44,3597.6574,3667.6181,3659.41,3608.4572,3671.2212,3742.04,3647.2402,4056.6045,4753.67,4799.2939,4735.5505,4820.5,4761.2504,4719.4016,4810.58,4962.0271,5015.9128,4812.91,4500.2502,5291.2447,6654.22,6764.819,6621.9869,6787.97,6795.4853,6713.8595,6673.37,6694.1212,6699.9747,6601.91,6393.2358,6340.5451,6435.13,6421.4757,6421.964,6454.35,6390.5395,6328.2239,6371.04,6481.8889,6300.589,6045.1,6288.6078,6420.789,6186.01,5942.7956,5868.4615,5936.79,6013.9026,6135.9361,6306.98,6437.1614,6377.789,6243.66,6298.9499,6308.6254,6198.68,6161.9871,6292.2573,6401.03,6202.1859,6022.6724,6047.01,6140.4291,6098.4309,6009.11,6120.5829,6114.4773,5991.64,6061.2611,6030.2693,5932.55,6087.4382,6056.5318,5910.98,6153.0606,6229.9434,6171.22,6417.7413,5728.5144,4454.53,4318.1825,4480.6464,4361.48,4266.0333,4347.3457,4440.67,4277.752,4234.7632,4399.16,4464.6612,4366.9929,4239.78,4264.3246,4290.9284,4267.16,4290.854,4336.4182,4377.21,4419.6394,4475.3869,4563.07,4579.909,3961.063,3104.55,3062.1472,3216.0676,3182.63,3178.4687,3174.7201,3224.69,3429.7605,3497.6379,3430.72,3501.8101,3500.1392,3405.41
2025-03-03,3424.6787,3422.9514,3434.35,3594.0494,3443.6832,3161.72,3398.6654,3573.1271,3519.17,3641.2648,3711.8883,3673.0,3696.935,3555.8562,3382.99,3559.5635,3625.0768,3482.45,3511.3355,3680.2715,3798.45,3720.0085,3668.0872,3694.74,3643.0842,3572.1486,3509.12,3440.6705,3532.064,3670.53,3582.4074,3617.1551,3647.74,3320.8543,3838.2777,4906.37,4957.8463,4848.9283,5001.65,4933.422,4781.7757,4742.3,4847.3806,4915.0251,4799.88,4651.9731,5379.0863,6539.24,6692.5899,6527.6208,6528.77,6492.6995,6471.5141,6462.33,6417.8069,6597.2676,6791.92,6533.0045,6460.2388,6669.26,6623.8345,6553.2203,6526.85,6364.1561,6311.8275,6411.2,6458.5804,6524.9441,6532.29,6294.1521,6063.6343,5954.93,5875.6553,5902.2488,5933.17,5807.7758,5989.6764,6393.04,6408.6623,6166.532,6008.82,6163.1998,6332.2245,6343.7,6294.9368,6325.2064,6375.21,6271.1575,6196.8175,6213.0,6197.3111,6153.2652,6124.22,6135.8495,6125.2647,6148.55,6301.4654,6291.1714,6122.38,6084.8075,6035.2236,5991.83,6119.4869,6098.8968,6062.37,6295.1449,5486.1258,4070.71,3943.436,4264.9715,4334.54,4303.8856,4345.0436,4464.11,4510.6466,4367.3229,4208.26,4308.8714,4251.0297,4051.65,4157.2923,4301.7717,4369.69,4513.8128,4620.2074,4582.33,4433.6068,4443.2313,4640.43,4701.8672,4127.38,3313.27,3221.2083,3348.9185,3367.45,3421.0404,3359.4695,3208.6,3181.4907,3221.6798,3308.17,3467.5505,3505.1401,3420.11
2025-03-04,3407.0972,3441.8705,3456.28,3428.5039,3462.9105,3583.3,3676.3857,3545.7926,3371.31,3552.338,3792.8412,3822.06,3635.7692,3473.4836,3440.87,3466.5822,3537.5622,3569.84,3500.9124,3676.2893,3901.74,3634.9247,3482.6437,3680.55,3847.1646,3805.5137,3688.47,3759.1169,3804.824,3697.64,3544.4351,3552.9073,3658.41,3676.4422,4089.7095,4765.83,5003.7484,4961.3436,4862.68,4766.9276,4703.3253,4716.81,4839.4644,4963.9271,4897.42,4677.4853,5388.7724,6661.71,6925.7674,6654.9437,6447.55,6444.725,6578.7397,6667.85,6567.1951,6530.4467,6592.51,6562.9492,6611.5954,6663.42,6476.58,6467.059,6567.24,6301.2135,6144.5147,6306.05,6490.7788,6451.7771,6353.18,6514.7647,6345.9636,5950.56,6039.9392,6081.3818,5915.46,5950.674,6093.8136,6222.44,6314.3024,6334.116,6277.11,6187.7809,6163.0762,6199.7,6206.7789,6193.9243,6172.2,6153.0493,6240.2827,6361.03,6307.5015,6137.4622,6092.11,6340.7377,6337.2067,6073.54,6070.3889,6101.7405,6018.88,5934.5933,5918.7764,5994.24,6121.387,6154.1148,6138.92,6114.969,5282.1259,4117.12,4031.2603,4252.7718,4243.49,4223.2702,4258.4677,4309.28,4299.6365,4247.4847,4261.81,4418.8368,4414.0069,4251.79,4249.9472,4359.5902,4436.14,4397.6935,4402.4378,4465.43,4448.2164,4410.1289,4444.84,4496.7721,4022.424,3260.28,3080.3832,3266.3143,3374.76,3182.6496,3110.2645,3305.84,3504.7303,3530.7797,3482.25,3578.7339,3552.2383,3403.02
2025-03-05,3411.259,3414.6676,3347.79,3347.6013,3502.913,3641.94,3506.0751,3453.6334,3528.82,3433.1773,3371.5688,3447.43,3529.3286,3486.7652,3434.69,3593.1725,3649.8602,3560.36,3603.7268,3734.1132,3734.33,3460.2364,3380.6373,3618.77,3829.6161,3805.7575,3644.45,3611.2805,3594.9618,3590.21,3715.8913,3781.8348,3675.03,3575.8109,4158.5474,5019.72,5019.9898,4841.099,4851.77,4769.5999,4815.8286,4942.4,4864.2963,4935.1277,5019.59,4766.2772,5477.6773,6744.43,6756.2638,6572.1695,6693.28,6549.8639,6464.6278,6576.03,6642.1936,6590.303,6482.94,6452.3808,6550.6201,6693.37,6709.3026,6548.1289,6378.58,6452.2218,6603.5753,6597.02,6358.1476,6291.677,6443.96,6441.848,6162.6944,5949.8,6238.2676,6279.5625,5967.65,5965.6933,6235.3666,6390.14,6131.2135,6122.1897,6395.42,6335.5063,6214.6094,6172.58,6065.3226,6056.2088,6117.66,6071.7058,6203.0175,6390.45,6212.9589,6122.1598,6211.3,6127.3032,6049.7047,6040.97,5980.0885,6026.2969,6131.17,6056.926,5930.3899,5969.42,6227.5233,6154.7302,5985.83,6305.5684,5474.5643,3981.11,4077.6564,4371.8858,4226.57,4376.5333,4302.0333,4078.48,4358.703,4437.1843,4207.13,4288.3931,4427.1712,4454.07,4470.723,4418.0496,4378.87,4497.4795,4443.4616,4254.19,4312.3271,4436.5272,4500.73,4472.5447,3925.6886,3198.84,3150.2698,3279.4975,3316.48,3445.058,3368.3884,3171.2,3266.0128,3359.1915,3319.15,3328.9307,3446.195,3529.41
2025-03-06,3401.6642,3382.3408,3496.83,3463.467,3442.9701,3509.33,3546.2609,3489.2794,3406.42,3430.2819,3486.1251,3532.48,3573.7517,3467.4885,3379.89,3614.7147,3668.3383,3460.35,3417.3017,3483.0926,3586.84,3719.9186,3687.7737,3616.83,3803.9767,3782.5237,3558.87,3621.5664,3726.8942,3697.01,3626.0177,3661.3705,3749.35,3771.297,4160.234,4685.75,4656.5615,4712.9746,4935.12,4789.6963,4859.342,5152.3,5038.797,4778.1472,4588.11,4578.1208,5452.8794,6597.13,6575.8584,6498.9908,6692.65,6436.338,6514.4111,6885.88,6655.4285,6356.0223,6350.16,6448.9737,6432.8536,6332.17,6350.6244,6383.2725,6357.03,6309.5258,6274.8124,6301.27,6409.7589,6454.1628,6449.06,6499.7044,6289.1149,5973.53,6058.3782,6141.0469,6022.75,5919.3149,5951.7521,6112.8,6279.2795,6276.8391,6225.37,6380.3794,6343.2146,6165.66,6294.5937,6314.8146,6200.9,6338.9606,6336.427,6134.29,6090.4138,6098.1211,6105.95,6186.314,6205.9779,6155.03,6156.1394,6158.7853,6140.41,6143.8125,6175.7304,6126.54,5905.9185,5909.1402,6249.72,6490.9169,5683.5866,4377.05,4156.3124,4295.8224,4275.36,4309.4216,4349.3369,4298.01,4146.1144,4120.0938,4262.97,4378.5597,4295.9408,4166.44,4300.1884,4404.0397,4362.72,4360.8276,4449.3921,4539.6,4490.9755,4368.8017,4318.25,4352.2478,3889.0786,3190.17,3157.9378,3313.7233,3354.92,3444.3466,3485.1538,3480.89,3532.8698,3462.7845,3338.27,3367.1607,3080.9135,2606.24
2025-03-07,2572.0153,2567.384,2435.91,2443.6488,2464.8341,2483.21,2608.2467,2612.6705,2482.91,2447.72,2503.7935,2576.37,2578.9256,2428.8127,2280.54,2391.961,2503.233,2523.42,2604.2814,2668.6012,2668.23,2652.15,2693.5179,2736.79,2665.8084,2647.6456,2709.02,2710.056,2693.819,2723.9,2800.3418,2785.4491,2650.04,2521.6228,2571.0701,2686.89,2609.8072,2635.6653,2740.54,2649.6306,2893.7587,3348.4,3315.6305,3227.5356,3269.08,3182.9193,3093.1533,3095.69,3163.896,3291.509,3311.02,3099.859,3340.0953,3866.6,3816.1392,3707.7905,3824.51,3889.226,3769.143,3634.01,3762.9868,3847.829,3766.75,3691.4462,3628.0167,3654.28,3833.6126,3734.1799,3477.21,3611.2248,3704.8729,3610.07,3631.9067,3743.4031,3782.71,3632.591,3527.8077,3557.0,3604.9292,3675.6024,3720.2,3635.6365,3448.9879,3365.51,3588.5415,3748.8042,3647.64,3417.8647,3254.3376,3309.45,3559.5931,3524.9113,3287.8,3392.0823,3538.369,3526.01,3459.3842,3395.1232,3374.62,3365.8179,3068.1493,2705.74,2800.1235,2733.6356,2472.36,2604.6692,2729.8029,2688.72,2716.6491,2646.0426,2535.79,2645.4891,2721.2594,2698.62,2739.2084,2641.4982,2520.48,2701.0431,2730.822,2561.73,2599.8127,2665.1105,2649.66,2663.2074,2779.7824,2924.25,2935.1492,2858.9829,2846.24,2975.89,2860.2694,2480.6,2251.0075,2355.6193,2523.94,2310.3489,2118.1155,2163.58,2288.6196,2446.8486,2527.81,2420.5708,2385.0922,2480.27
2025-03-08,2516.5725,2489.7128,2434.91,2390.2228,2437.9909,2506.59,2446.9012,2448.9464,2528.66,2526.2006,2609.6136,2764.18,2769.4901,2655.902,2590.59,2706.5086,2729.4374,2611.06,2579.3003,2650.2413,2717.77,2677.3383,2684.2651,2757.17,2757.2199,2724.3715,2723.9,2778.0411,2824.8386,2816.83,2756.7772,2705.6118,2703.99,2728.4526,2647.7408,2552.92,2667.738,2762.3957,2748.22,2779.5581,2946.1414,3143.4,3181.4097,3220.9139,3302.96,3293.0089,3193.9997,3106.16,3130.7313,3137.4336,3094.36,3143.7637,3477.0927,3846.63,3789.7126,3759.5157,3912.2,3945.5771,3850.1681,3751.07,3781.4237,3882.845,3915.56,3789.2272,3731.7514,3799.07,3824.8102,3764.2946,3682.84,3690.3001,3765.5198,3809.45,3721.5006,3574.2533,3532.85,3699.0645,3743.3149,3619.81,3581.9394,3521.1409,3461.35,3559.9493,3610.2354,3569.12,3565.1198,3403.649,3239.1,3447.6852,3583.4053,3463.73,3360.8541,3456.6177,3583.07,3420.4509,3312.6478,3384.0,3417.592,3392.4941,3455.07,3665.6096,3331.8663,2660.79,2588.7162,2641.0793,2567.65,2620.991,2712.1552,2738.13,2695.8713,2667.3916,2671.41,2662.5184,2670.638,2677.79,2639.8962,2671.9607,2767.33,2787.7674,2720.7378,2663.08,2717.2579,2713.0841,2627.79,2609.5155,2627.573,2677.26,2791.0239,2865.0154,2928.45,3042.691,2760.7762,2299.66,2354.299,2392.5846,2301.84,2479.9127,2457.55,2233.19,2301.5552,2385.4877,2306.43,2251.6792,2643.0513,3225.68
2025-03-09,3292.478,3237.4148,3324.66,3426.8838,3502.0365,3507.56,3431.1038,3473.6567,3594.86,3557.4107,3509.7799,3555.92,3641.1552,3655.9636,3543.51,3372.1843,3433.173,3643.78,3645.447,3675.5099,3757.93,3675.0871,3692.4117,3770.94,3595.1498,3448.5806,3508.42,3677.9907,3811.0944,3811.25,3687.7667,3624.1582,3573.05,3430.9788,3910.5016,4684.99,4662.5182,4630.9571,4865.16,4833.475,4754.4125,4806.9,4914.4509,4933.8299,4767.01,4609.2445,5509.2756,6851.4,6856.1255,6549.9284,6599.75,6633.8963,6467.2442,6302.88,6481.1651,6592.5263,6484.09,6418.4605,6518.5099,6630.21,6512.2709,6502.5103,6630.42,6557.3852,6302.2947,6139.91,6335.7334,6490.4082,6449.13,6404.0703,6289.6573,6074.17,5856.6378,5832.8273,5880.63,5742.5875,5946.0348,6364.57,6310.5052,6240.8995,6343.28,6317.1863,6175.089,6115.9,6287.3651,6252.6751,6067.16,6207.1757,6296.1654,6205.5,6187.8907,6157.2395,6132.39,6235.1377,6232.1683,6077.59,5997.2237,6171.8736,6347.01,6102.5043,6009.8767,6209.79,6254.8516,6089.0731,5990.31,6130.8855,5424.3901,4226.44,4080.7722,4283.1437,4376.46,4585.8707,4574.1724,4367.99,4349.783,4289.1098,4202.54,4338.9627,4282.6219,4120.45,4357.9332,4505.1937,4354.35,4214.6341,4296.87,4464.79,4402.2874,4331.7213,4420.73,4533.5113,4129.5604,3429.12,3232.8639,3239.1202,3205.81,3205.7904,3196.4971,3178.85,3213.6503,3295.9887,3387.07,3435.786,3412.7441,3396.17
2025-03-10,3488.6651,3494.1095,3409.08,3437.0062,3536.1754,3633.38,3675.3519,3568.208,3448.5,3549.5895,3549.8052,3475.66,3662.8074,3744.5307,3615.12,3538.7083,3492.975,3426.74,3378.7327,3539.6837,3746.63,3628.5892,3529.3374,3569.64,3558.3552,3665.1567,3800.65,3685.8786,3676.4146,3786.3,3687.9331,3680.4236,3703.87,3486.3564,3930.4804,4819.87,4944.7959,4772.6031,4686.84,4622.381,4773.1595,4929.28,4711.3454,4897.5876,5160.89,4557.7676,5145.4647,6705.9,6838.7388,6530.4228,6560.53,6654.5564,6674.2659,6634.32,6593.2987,6377.4209,6197.51,6473.7706,6708.8273,6634.46,6460.4147,6439.6314,6490.51,6344.552,6328.4479,6507.35,6602.3636,6609.4028,6477.1,6149.9591,6017.3188,6108.19,6092.1496,6083.2574,6102.03,6044.0875,6129.8959,6321.96,6344.8157,6329.776,6348.48,6304.4854,6101.1739,5909.02,6001.528,6022.8627,5908.1,5963.3123,6169.6836,6326.07,6230.4432,6057.5158,5979.15,6031.2734,6102.0784,6126.64,6113.862,6040.1844,5945.23,5935.913,6090.8116,6283.42,6274.1168,6160.4549,6144.83,6211.3337,5462.7694,4270.57,4024.1751,4245.97,4374.1,4326.7075,4334.6251,4435.31,4445.0731,4369.0931,4371.73,4583.266,4584.9201,4350.97,4251.0264,4127.3234,4079.87,4377.9253,4422.5978,4228.25,4395.4384,4550.4401,4510.23,4427.8111,4046.6842,3461.39,3147.4028,3256.5698,3531.64,3535.6553,3401.2495,3311.49,3335.9737,3465.1397,3503.65,3263.3413,3226.6825,3449.29
2025-03-11,3510.7186,3469.5191,3461.81,3506.9543,3374.1792,3269.96,3613.5702,3717.4107,3497.11,3540.2349,3595.4639,3535.31,3531.5154,3577.3603,3566.94,3432.6366,3445.9844,3572.97,3508.2219,3418.107,3445.47,3538.694,3470.3868,3404.56,3706.8456,3840.3311,3628.19,3454.6563,3568.4138,3771.96,3672.7087,3692.1344,3803.44,3629.6041,3963.5992,4667.41,4749.904,4704.8275,4831.83,4897.3489,4855.3107,4826.06,4965.4719,5116.9984,5003.7,4636.7679,5260.6904,6531.59,6768.7029,6512.2188,6421.94,6595.8368,6723.5669,6696.24,6666.5004,6638.9883,6576.03,6459.2136,6358.4656,6437.77,6771.4698,6815.7693,6513.69,6345.7297,6372.2733,6508.65,6620.2171,6518.7283,6330.5,6353.1386,6277.1234,6049.76,5941.5499,5874.253,5844.17,5954.1365,6073.9107,6145.25,6221.8659,6276.1963,6242.82,6115.9598,6173.7243,6332.05,6218.1733,6031.42,5973.44,6071.6569,6236.2096,6298.96,6157.8492,6156.3267,6271.44,6146.7856,5998.6573,6036.25,6236.0341,6279.2377,6082.9,5884.8597,5956.5661,6166.45,6120.5703,6004.4448,6080.07,6267.2228,5487.9677,4228.57,4150.0139,4399.0939,4344.21,4214.8938,4195.6132,4238.62,4189.9202,4297.1212,4478.92,4384.9682,4300.5612,4339.94,4327.6641,4267.8615,4200.97,4162.6185,4215.2948,4361.25,4524.2926,4587.4941,4531.15,4362.6035,3802.397,3219.18,3328.7982,3393.846,3258.48,3437.0303,3354.0169,3076.69,3275.6495,3364.944,3177.35,3150.3596,3176.8003,3201.35
2025-03-12,3321.6259,3463.1874,3527.24,3468.4705,3370.2431,3302.84,3285.4359,3315.4359,3443.68,3683.7084,3689.4311,3549.74,3672.7368,3664.9542,3466.25,3460.5095,3645.5504,3821.07,3772.4744,3611.0536,3538.58,3661.1742,3685.7065,3564.94,3529.3051,3541.6652,3606.46,3762.6601,3755.1465,3637.56,3706.7854,3713.3795,3602.85,3662.2368,4173.5841,4773.84,4769.0347,4680.8555,4857.4,5105.8579,5032.5936,4759.91,4803.2858,5005.6872,4991.81,4698.3533,5397.9824,6696.67,6849.8277,6674.643,6725.93,6708.7649,6627.8293,6557.49,6531.347,6486.934,6462.76,6539.9136,6486.455,6353.58,6425.6494,6481.6945,6467.79,6532.5876,6460.9952,6294.01,6322.2561,6436.8966,6498.3,6455.555,6319.994,6095.93,5843.8234,5909.0906,6100.12,5927.8065,6097.2585,6485.06,6240.8726,6101.8527,6307.26,6330.9336,6213.8715,6147.08,6225.9314,6186.1493,6034.89,6055.2801,6187.444,6245.78,6098.8158,5966.4283,5947.76,5961.7281,6037.2912,6121.14,6101.3886,6075.2145,6081.2,6070.4373,6088.0637,6104.67,6042.9591,6027.8385,6158.51,6272.1818,5530.9579,4373.19,4184.131,4384.134,4436.76,4366.1272,4240.1258,4194.26,4332.7727,4396.9761,4332.17,4322.9887,4334.3903,4378.31,4504.9898,4508.2416,4364.89,4268.1365,4280.7376,4365.29,4413.6771,4307.3509,4224.8,4390.9667,4069.7025,3392.08,3275.3352,3358.5179,3410.21,3566.1912,3598.1597,3460.78,3363.388,3408.2701,3451.49,3282.453,3269.9946,3486.26
2025-03-13,3617.1514,3585.3143,3514.21,3566.7633,3529.764,3390.6,3352.8783,3308.9055,3260.08,3353.4584,3552.8392,3655.73,3484.6496,3416.4269,3529.19,3565.0967,3662.8512,3749.14,3576.3344,3450.3953,3522.37,3631.228,3569.4386,3455.04,3583.9838,3645.8233,3577.07,3630.4401,3717.5034,3727.07,3652.3286,3627.5869,3625.87,3603.0838,4178.7819,4976.26,4927.8193,4816.9758,4945.2,4841.0708,4756.7742,4785.54,4770.8891,4933.7109,5017.07,4678.8593,5430.5741,6755.97,6545.8122,6234.5498,6481.09,6510.8474,6551.7773,6666.06,6601.3223,6573.4361,6614.79,6548.6468,6569.7745,6666.81,6615.2017,6539.3464,6477.96,6366.0057,6413.9505,6574.38,6549.5232,6360.3078,6232.56,6357.7494,6325.6393,6078.6,5973.117,6003.5669,6043.44,6007.2071,6064.0725,6254.85,6422.854,6403.1925,6313.29,6396.8916,6299.9773,6106.75,6255.132,6265.1371,6109.64,6254.7096,6398.0053,6358.98,6262.9226,6174.0028,6169.43,6264.8243,6126.1485,5880.11,5993.8657,6119.1519,6080.34,6051.7025,6078.2733,6196.49,6367.7307,6177.7386,5943.23,6260.5833,5643.5605,4339.62,4184.4013,4355.2005,4309.15,4354.2603,4338.3067,4288.92,4415.0451,4447.7655,4430.96,4648.3362,4630.751,4405.57,4459.9096,4389.7527,4195.37,4327.8811,4512.0344,4484.87,4273.0646,4239.7897,4406.58,4390.6494,3913.3811,3346.61,3373.0005,3465.5966,3381.63,3375.153,3326.3207,3298.16,3488.4212,3525.4193,3418.47,3469.7557,3090.0777,2440.31
2025-03-14,2355.0261,2463.588,2420.08,2293.8601,2441.1752,2670.1,2440.6514,2262.2015,2385.74,2568.7867,2705.4255,2740.46,2650.4788,2497.5557,2398.51,2461.8607,2628.4966,2786.66,2826.019,2690.3324,2494.03,2451.2289,2546.5797,2703.95,2822.8702,2729.0151,2610.3,2825.5244,2917.3491,2745.07,2626.9212,2616.0362,2660.75,2713.517,2863.1842,2980.29,2821.0215,2680.4995,2656.3,2617.9598,2841.8723,3227.25,3328.245,3245.6065,3143.19,3101.7814,3177.0229,3231.54,3075.1332,3038.744,3177.28,3263.3668,3553.7362,3968.99,4085.718,3952.3965,3771.46,3702.311,3620.0681,3590.1,3794.8523,3860.0682,3761.53,3812.5494,3729.6299,3562.32,3683.6567,3821.2863,3792.57,3687.9297,3657.3204,3702.98,3705.884,3698.5378,3695.09,3649.3761,3513.2443,3404.45,3496.5434,3539.1671,3537.68,3725.6514,3811.1061,3723.26,3684.1887,3663.1694,3608.92,3542.9041,3580.084,3602.37,3389.502,3315.7733,3442.25,3469.9274,3507.4893,3526.25,3382.5032,3427.8073,3634.08,3553.9645,3102.8786,2640.65,2665.0725,2844.1255,2883.29,2786.4887,2745.7792,2758.44,2672.5203,2681.0488,2737.92,2596.4871,2508.0152,2579.95,2653.3021,2602.3083,2570.96,2803.6429,2930.1418,2825.64,2729.185,2724.6763,2783.37,2821.0911,2809.5907,2732.88,2612.6006,2621.0388,2744.91,2768.7339,2571.4056,2288.14,2198.1132,2237.2507,2298.54,2335.9814,2363.7039,2357.96,2303.4,2411.8558,2587.44,2501.177,2347.496,2350.93
2025-03-15,2545.3728,2636.3141,2592.17,2625.0717,2561.0927,2457.91,2567.8591,2609.6729,2514.29,2497.001,2517.0807,2547.59,2618.0306,2663.0304,2726.31,2879.3777,2793.111,2561.15,2606.9016,2595.7133,2462.47,2506.251,2625.2954,2649.9,2540.3771,2607.9815,2805.08,2763.8136,2618.9869,2606.81,2818.0608,2894.7719,2738.65,2601.7604,2641.8271,2770.18,2775.8331,2820.4064,2864.61,2736.0091,2884.6784,3219.55,3185.1181,3147.0295,3226.45,3161.2348,3081.6772,3126.63,3274.3213,3255.9743,3108.05,3156.057,3413.3483,3707.48,3840.1362,3916.2729,3931.58,3780.7344,3690.0665,3761.86,3871.3548,3832.9136,3704.4,3706.2421,3693.6856,3661.05,3738.3016,3680.1062,3482.87,3437.32,3644.733,3831.82,3616.5426,3454.8839,3539.68,3632.7078,3676.6594,3672.05,3627.9594,3558.8564,3493.58,3481.1044,3589.9156,3697.28,3581.7843,3407.2974,3349.44,3444.3938,3525.4692,3558.19,3626.9436,3574.101,3417.1,3364.7726,3440.024,3588.9,3691.1178,3494.5825,3224.97,3336.5883,3195.2827,2769.17,2694.3575,2767.1803,2752.06,2645.5891,2614.5606,2691.5,2769.5963,2876.9925,2924.56,2769.7025,2657.0993,2689.34,2744.3115,2764.6334,2738.82,2677.111,2574.7687,2568.44,2794.199,2831.3888,2738.9,2964.0443,3051.8942,2892.76,2855.1546,2913.1739,3009.5,3078.7541,2759.5316,2306.53,2360.6351,2377.0403,2262.63,2456.9813,2531.5746,2377.66,2340.6874,2403.033,2462.14,2521.4161,2931.3933,3459.73
2025-03-16,3473.5801,3394.9965,3435.22,3414.8197,3505.5224,3659.67,3627.6899,3591.2009,3592.15,3490.9185,3419.7494,3456.76,3542.8747,3574.5111,3549.16,3548.9637,3555.5931,3620.69,3789.7865,3722.4749,3520.57,3625.1138,3693.0383,3589.88,3537.3318,3541.5911,3598.92,3694.7299,3593.2707,3367.91,3364.2619,3550.6356,3648.55,3516.0783,4083.5759,5009.84,4963.659,4775.9802,4860.5,4801.169,4753.3693,4832.81,4951.1903,4980.3787,4858.08,4761.5487,5469.2393,6491.39,6505.7154,6477.9325,6761.78,6723.1202,6564.1932,6474.09,6428.2032,6482.7636,6578.73,6569.8804,6513.8351,6527.29,6641.4426,6541.8947,6346.23,6486.1176,6592.0342,6458.76,6267.1814,6250.9346,6414.4,6517.1949,6311.9567,5974.85,5956.0462,6112.5877,6181.66,6051.649,6064.5316,6244.68,6296.0282,6352.2,6406.09,6306.5368,6317.8637,6360.02,6117.844,6107.718,6328.43,6258.9605,6201.0939,6221.84,6100.8484,6231.9696,6476.65,6264.7813,6042.8399,6047.47,6075.9967,6058.0826,6037.46,6097.693,6177.3249,6152.0,5965.5276,5924.991,6141.26,6296.7921,5571.4463,4428.28,4237.2327,4397.9239,4368.75,4231.0635,4271.4036,4379.58,4184.3185,4023.9396,4117.31,4334.2069,4370.1292,4227.24,4181.2908,4215.048,4241.83,4231.8688,4338.1736,4430.94,4237.1116,4201.7608,4439.91,4536.8243,4046.929,3328.41,3225.965,3326.6246,3340.28,3370.4337,3319.812,3247.77,3339.596,3443.1879,3451.17,3416.1304,3492.055,3564.41
2025-03-17,3395.9681,3401.7395,3555.85,3411.405,3254.9941,3311.57,3503.657,3563.2025,3459.71,3413.7832,3514.2289,3666.85,3685.9538,3608.4664,3546.73,3583.8009,3615.4101,3545.01,3404.7037,3499.1219,3675.67,3513.0181,3576.8409,3841.86,3687.7281,3473.9966,3502.58,3694.7269,3712.4964,3519.49,3420.1197,3608.8794,3759.44,3455.625,3808.7623,4713.02,4874.9044,4658.0096,4632.22,4947.1029,5006.0602,4771.26,4796.1094,5019.9514,5045.14,4701.5557,5340.1526,6640.33,6833.9697,6551.3288,6440.82,6493.5817,6499.2246,6466.18,6587.726,6746.8065,6758.14,6539.3484,6361.3999,6372.01,6485.8549,6535.8811,6441.76,6299.1913,6459.0854,6662.4,6330.7874,6255.0414,6573.42,6588.1755,6273.8315,5953.4,5963.3324,6027.9813,5984.69,5952.7532,6096.1013,6321.55,6369.8356,6370.4893,6366.45,6281.7896,6297.3577,6328.56,6125.489,6081.3797,6245.07,6257.5501,6163.9567,6121.21,6204.2446,6156.5244,6027.5,6122.9222,6227.5315,6206.12,6153.1916,6213.6195,6311.22,6220.5748,6044.5972,5973.23,6091.9807,6082.9796,6073.13,6320.6216,5522.014,4156.9,4120.4176,4311.033,4193.91,4340.1172,4404.7463,4246.56,4130.4519,4150.7796,4229.12,4253.2071,4452.7161,4607.02,4275.5813,4241.1391,4557.64,4499.3346,4369.007,4402.68,4464.3014,4294.9597,4157.57,4468.9728,4134.9841,3240.58,3035.3964,3191.3036,3318.59,3366.7275,3251.1396,3087.75,3132.3944,3344.3248,3497.18,3387.6461,3324.3932,3365.04
2025-03-18,3306.312,3402.2507,3568.2,3425.6265,3241.0675,3259.86,3457.5259,3500.3242,3434.89,3580.3983,3550.3863,3385.03,3530.1639,3638.7736,3539.7,3428.6006,3437.4838,3498.17,3462.642,3564.3969,3690.64,3490.1794,3410.0786,3584.2,3701.1273,3738.9523,3755.19,3774.1574,3689.7892,3541.77,3514.9089,3648.3668,3653.93,3306.0108,3714.5044,4710.36,4941.7979,4773.8984,4650.27,4630.7778,4712.6196,4847.9,4949.1959,4909.8498,4731.93,4657.7649,5385.9175,6541.54,6921.4474,6751.7863,6578.55,6719.2424,6797.0624,6661.85,6509.2154,6326.896,6221.39,6360.2932,6467.8706,6445.94,6448.7193,6478.2633,6483.46,6422.2307,6338.1411,6336.47,6493.2074,6613.3901,6590.55,6463.7775,6232.893,6004.32,5936.0248,5922.6668,5862.11,5785.0136,5954.1481,6285.72,6394.9526,6310.1645,6207.18,6230.6908,6247.5296,6187.66,6132.0209,6221.7511,6348.3,6249.8089,6098.21,6038.33,6066.1034,6136.7669,6221.61,6286.255,6187.0515,6030.69,6081.722,6134.8191,6100.78,6086.0176,6039.1443,6011.15,6110.8179,6118.1544,6133.5,6309.8585,5482.0383,4144.01,4095.0719,4423.4088,4431.7,4323.6511,4248.1245,4279.14,4395.5745,4409.9033,4317.12,4277.8425,4226.6778,4169.4,4198.2792,4235.1014,4249.48,4284.5414,4311.0276,4305.03,4265.6112,4191.8841,4218.93,4411.0997,4054.3656,3363.41,3312.3138,3434.3354,3363.11,3234.0222,3283.2443,3438.49,3395.4864,3237.8117,3194.33,3404.8527,3494.1346,3412.87
2025-03-19,3431.2079,3297.927,3117.68,3290.5028,3449.4926,3403.74,3329.7152,3372.0515,3461.96,3435.1511,3534.8505,3745.9,3763.7166,3582.7117,3430.47,3558.1356,3703.6722,3710.45,3657.8862,3625.7299,3639.83,3650.5382,3525.1462,3414.32,3598.4006,3683.8104,3598.39,3647.9482,3684.4307,3604.71,3493.4627,3518.8601,3584.46,3539.4543,4095.6763,4940.67,4972.457,4865.0673,4881.84,4643.8415,4642.247,4816.99,4622.2644,4642.0367,4829.63,4658.9117,5291.5639,6480.37,6689.6717,6560.8433,6546.25,6433.0507,6354.1802,6369.14,6403.5703,6514.0488,6649.66,6664.7651,6602.1714,6531.37,6479.0144,6393.2385,6313.7,6328.4338,6287.7284,6263.14,6468.9818,6581.1457,6552.91,6606.8243,6406.5893,6027.31,5951.7863,6070.8733,6121.01,5960.0968,5920.3324,6160.33,6484.9665,6478.6578,6261.55,6314.7354,6238.6177,5999.99,6014.3953,6127.2133,6192.06,6226.9575,6273.1306,6256.6,6092.7393,6109.5922,6242.64,6120.4343,6106.9145,6185.24,5982.6772,5955.2469,6134.72,6083.4045,6024.7694,6086.1,6134.1999,6080.0676,6126.14,6388.6366,5618.664,4259.5,4108.1979,4276.424,4217.31,4292.2503,4363.2854,4346.43,4317.3888,4234.6986,4135.3,4135.7259,4229.8793,4337.59,4360.6113,4299.8142,4240.16,4278.2772,4325.261,4317.72,4280.1677,4297.0863,4433.5,4584.3104,4143.0002,3389.55,3254.4505,3251.7622,3155.07,3242.1918,3319.2885,3304.3,3320.603,3364.8361,3348.1,3220.2834,3271.009,3410.51
2025-03-20,3299.0689,3421.881,3683.11,3476.737,3302.6695,3426.94,3609.5343,3668.9025,3589.3,3503.6157,3545.9703,3590.66,3395.9017,3276.7246,3394.28,3587.5594,3605.7268,3522.79,3631.2618,3731.3543,3721.01,3699.7385,3674.7825,3623.58,3538.7697,3488.7843,3513.51,3598.3779,3700.4359,3753.57,3716.9811,3707.0664,3642.69,3457.8398,4028.7787,4962.09,4905.1198,4660.8239,4703.75,4726.9008,4819.4733,4880.33,4689.3761,4713.3646,4827.2,4578.156,5187.0368,6405.59,6658.0486,6606.6001,6687.27,6649.776,6705.5335,6757.81,6494.2004,6436.4392,6570.85,6399.3635,6445.9301,6697.43,6577.9956,6445.2772,6473.61,6454.2353,6352.336,6279.9,6362.0436,6393.8373,6360.1,6424.0276,6379.6216,6168.32,5958.8116,5855.2299,5883.66,6006.2794,6168.3548,6351.38,6510.6216,6358.8315,6039.3,6028.9848,6177.7813,6280.02,6283.4823,6314.912,6352.79,6259.4213,6190.1146,6156.64,6039.3659,6054.6789,6187.68,6195.3721,6186.1376,6200.17,6153.3743,6101.7592,6118.95,6209.4949,6190.199,6102.19,6143.2969,6075.0134,6025.68,6213.4416,5394.1467,4094.12,4187.9837,4441.4267,4255.45,4286.5369,4470.2464,4579.24,4480.3082,4285.5618,4196.78,4330.8684,4370.9481,4358.21,4586.0191,4523.6629,4215.37,4256.2469,4319.0159,4257.25,4290.2681,4418.7036,4553.6,4526.2528,4001.6252,3318.94,3233.4088,3319.971,3255.84,3144.1326,3161.8174,3296.4,3356.4081,3261.7676,3267.73,3604.076,3245.8691,2401.0
2025-03-21,2359.4277,2565.8193,2575.28,2518.1559,2469.2345,2452.15,2467.8812,2545.8704,2630.1,2613.006,2552.2316,2541.69,2619.4506,2634.2617,2611.53,2720.1249,2811.4736,2755.16,2585.9171,2583.1026,2720.82,2717.5963,2719.3215,2719.41,2572.9256,2612.286,2778.68,2677.0324,2605.978,2700.26,2777.9368,2766.8966,2733.67,2794.526,2839.1231,2792.61,2696.9196,2681.3328,2748.23,2815.9656,3041.6208,3279.13,3206.7424,3231.8696,3358.92,3200.0881,3133.1293,3215.5,3147.9488,3249.8115,3381.09,3110.6884,3266.6515,3743.54,3624.7818,3715.4945,4034.39,3748.4692,3509.4392,3650.03,3833.0174,3863.5355,3759.9,3703.6641,3835.8185,3965.11,3774.8146,3704.2487,3861.49,3906.7627,3809.3095,3743.31,3855.7024,3726.8411,3478.64,3661.1832,3820.4558,3730.77,3616.594,3552.0978,3490.6,3383.8889,3472.4549,3685.68,3688.7835,3620.0331,3584.09,3547.3175,3543.0798,3528.37,3429.2521,3418.0606,3516.82,3554.1053,3445.6468,3342.26,3454.2621,3412.5591,3301.7,3514.9419,3321.9457,2724.73,2514.9969,2569.2819,2650.07,2673.2405,2664.3189,2671.73,2713.5631,2702.9262,2614.26,2541.4788,2688.527,2883.47,2742.7098,2629.359,2725.96,2863.5218,2952.2413,2895.31,2680.3533,2729.6593,2968.95,2901.1609,2750.0023,2690.23,2673.5533,2703.3172,2812.34,2946.0913,2677.1833,2222.59,2279.0919,2521.1249,2572.13,2383.5469,2344.5656,2417.96,2259.3637,2390.9613,2671.23,2416.7437,2284.9201,2450.59
2025-03-22,2430.3122,2405.3057,2450.06,2428.3992,2477.1664,2525.39,2361.4063,2312.4557,2502.35,2706.2165,2682.2321,2481.59,2382.5576,2398.9799,2504.86,2671.4817,2747.1509,2682.29,2577.2183,2588.5808,2646.27,2547.1253,2503.0358,2599.79,2694.047,2665.6074,2622.96,2770.4849,2830.8751,2771.14,2821.9319,2811.6916,2734.01,2773.8686,2808.2517,2756.85,2689.1,2768.2011,2848.66,2671.328,2809.8101,3235.94,3314.4444,3228.0394,3191.72,3204.0027,3134.0132,3090.95,3287.8711,3295.6317,3069.34,3073.5006,3589.2657,4167.1,4034.4884,3813.6396,3830.52,3830.9713,3843.3047,3824.31,3682.3038,3707.2152,3791.67,3550.1007,3438.0704,3592.6,3685.7175,3668.4601,3611.89,3624.5936,3774.9157,3830.99,3488.8094,3288.1525,3384.53,3436.9515,3505.5411,3610.08,3655.4369,3672.0771,3642.94,3538.7779,3585.9294,3669.71,3456.5337,3341.6582,3480.01,3620.589,3603.4724,3450.34,3322.5726,3317.6662,3376.16,3371.7638,3456.4875,3590.67,3545.2703,3386.5018,3295.21,3357.7977,3159.7583,2811.22,2834.1825,2819.4121,2627.18,2550.9984,2580.0978,2635.48,2678.7353,2771.0441,2793.53,2581.5607,2579.8835,2777.6,2719.3083,2603.8094,2601.2,2669.2659,2714.911,2691.82,2632.8635,2652.1905,2742.38,2776.7646,2720.8813,2659.33,2716.63,2802.5239,2849.0,2834.9436,2629.7148,2320.05,2186.4053,2293.0684,2451.16,2396.3096,2337.3433,2363.74,2385.8885,2539.6334,2623.91,2365.6529,2722.5157,3487.42
2025-03-23,3450.6115,3267.5474,3367.92,3507.2084,3578.1579,3536.89,3417.1036,3461.4616,3595.09,3509.0564,3425.1581,3446.87,3468.3177,3559.5393,3679.15,3681.3606,3631.7104,3562.28,3479.3672,3618.5746,3826.07,3685.8627,3513.1234,3557.81,3743.9665,3724.7642,3568.2,3652.6995,3695.8505,3620.21,3655.9561,3757.2802,3699.05,3426.3039,3922.9107,4917.21,5089.1019,4963.7033,4938.03,4866.8287,4849.9397,4825.19,4644.5765,4706.3784,4861.31,4699.7854,5430.2926,6685.6,6763.6612,6530.4784,6518.87,6409.6637,6445.0668,6590.58,6526.8877,6493.5843,6559.42,6546.5366,6543.9909,6534.66,6402.5536,6332.7993,6385.12,6444.1779,6500.264,6467.29,6271.4093,6284.6894,6466.18,6376.0004,6082.1794,5808.96,5757.7239,5932.3656,6009.63,5695.5426,5866.2191,6394.05,6270.4014,6126.7353,6268.23,6325.794,6240.85,6160.19,6251.3098,6297.0662,6222.08,6160.961,6130.1839,6088.02,6018.7797,6100.9371,6239.74,6153.9798,6092.4019,6156.99,6192.347,6149.898,6128.96,6224.8277,6072.5268,5830.75,6044.3059,6266.1431,6335.8,6389.2673,5641.74,4431.53,4052.2956,4192.0015,4349.52,4349.0284,4392.5491,4448.62,4304.0602,4299.7723,4444.77,4413.6616,4421.0247,4404.04,4117.3271,4210.6115,4537.34,4322.5722,4326.6455,4573.14,4308.3819,4163.9474,4377.55,4466.5235,4100.1923,3518.8,3301.6385,3292.7847,3310.46,3325.4942,3270.4271,3205.92,3257.9015,3266.2446,3244.62,3356.9857,3395.7836,3392.55
2025-03-24,3547.3049,3426.2475,3138.35,3249.9381,3358.2974,3292.44,3302.2653,3392.7582,3467.47,3454.5951,3509.0944,3582.51,3490.9715,3529.2374,3621.0,3414.096,3397.1726,3589.39,3532.4597,3575.4188,3745.86,3680.4055,3566.0666,3529.75,3522.2311,3596.0756,3653.54,3529.2316,3486.6306,3613.84,3742.3779,3812.8581,3733.21,3543.6731,4012.2596,4865.46,5000.0326,4870.3025,4875.36,4934.3439,4888.8394,4792.2,4830.9265,4825.3536,4632.31,4463.5294,5346.959,6663.09,6652.1887,6347.2065,6436.86,6583.7501,6606.8355,6600.41,6759.0704,6795.0967,6633.04,6493.2216,6435.2836,6418.37,6398.0621,6525.8473,6629.25,6368.9222,6210.4998,6329.63,6437.7258,6382.6403,6325.19,6508.4906,6440.6898,6113.74,6022.107,5997.4417,5910.76,5864.6834,6024.1867,6241.68,6201.9838,6203.9876,6274.85,6156.9558,6149.2398,6247.07,6150.1276,6145.5637,6229.76,6120.2709,6165.0898,6318.16,6164.8453,6027.1362,6072.73,6141.6538,6144.9399,6093.01,6066.6271,6112.7859,6184.33,6168.727,6038.4032,5948.33,6094.6884,6212.9072,6283.19,6373.7375,5533.8845,4284.3,4230.5114,4440.6569,4314.13,4184.4487,4178.5788,4256.47,4295.017,4259.6286,4195.84,4186.263,4231.9802,4257.52,4190.3301,4184.3411,4282.73,4373.6821,4398.8808,4350.03,4273.2297,4287.1604,4396.15,4413.8708,3951.3892,3288.5,3167.3872,3315.9137,3378.71,3275.6494,3298.4495,3461.76,3471.1523,3281.2175,3209.8,3599.2507,3739.3863,3501.11
2025-03-25,3443.9236,3493.8383,3455.77,3294.383,3397.8272,3596.51,3347.4934,3237.2332,3467.7,3630.9033,3587.2556,3539.37,3742.7245,3632.8062,3331.66,3528.587,3639.5234,3562.13,3746.1685,3648.9396,3351.58,3526.2791,3711.2663,3725.61,3814.0173,3654.6751,3391.22,3530.4073,3603.7031,3478.64,3515.4348,3692.5654,3751.05,3563.3203,4009.3033,4846.53,4920.1845,4891.0998,5024.59,4913.4341,4895.6039,4984.74,4850.7874,4843.7468,4905.03,4743.0037,5395.413,6516.24,6623.5646,6536.102,6623.05,6451.6755,6522.3835,6816.84,6746.6344,6494.235,6380.02,6543.7964,6667.5739,6585.45,6450.6063,6604.5087,6871.31,6732.3235,6527.2698,6450.67,6364.6819,6270.5183,6313.33,6551.4123,6319.9784,5794.92,5846.2655,6048.1443,6048.37,5946.4991,5998.8573,6163.93,6177.8952,6205.4488,6239.76,6109.9552,6099.5034,6182.52,6068.4073,6090.2759,6250.37,6193.9346,6097.0917,6114.23,6198.6853,6152.0544,6036.85,6106.4619,6197.7501,6229.84,6260.6893,6159.3729,6074.12,6288.4515,6338.8279,6154.02,6108.9984,6049.4691,6061.79,6269.0522,5507.8047,4200.03,4047.4367,4262.8873,4262.31,4266.4631,4326.8509,4364.78,4308.5892,4409.8094,4563.18,4406.4768,4286.3169,4341.95,4379.1561,4420.9454,4401.63,4221.2191,4213.6413,4413.28,4513.4834,4484.3164,4421.41,4357.1761,3897.6614,3316.38,3326.8912,3340.3886,3252.27,3505.2974,3497.4118,3242.58,3384.674,3558.0185,3492.49,3312.6318,3276.7416,3349.46
2025-03-26,3288.8805,3306.0397,3420.99,3417.5274,3364.1381,3372.71,3467.2932,3459.323,3428.76,3618.1982,3656.5683,3496.93,3477.5912,3553.0041,3564.0,3425.1431,3384.7203,3531.4,3694.0152,3649.9934,3512.26,3593.8321,3639.6896,3574.45,3598.4311,3709.8803,3782.65,3691.6039,3590.8352,3568.06,3583.6263,3634.4963,3688.6,3764.5812,4212.8615,4788.39,4835.8651,4754.669,4766.55,4712.9763,4699.3312,4673.88,4499.2631,4578.8759,4797.28,4755.5924,5472.5309,6628.17,6761.9518,6613.4811,6618.82,6493.3474,6536.3504,6692.42,6581.709,6547.6185,6664.2,6629.0095,6463.3227,6425.11,6710.3908,6700.1916,6385.48,6353.5406,6334.2012,6258.46,6358.4359,6390.6269,6394.61,6607.019,6462.6711,6023.01,5951.0528,6002.0443,5971.19,5945.2629,6062.7113,6234.64,6238.7782,6258.0051,6345.54,6350.6519,6246.187,6155.88,6229.4864,6259.3438,6133.97,5959.0957,5950.052,6075.68,6116.5241,6177.4974,6224.79,6104.0872,6058.5762,6167.32,6273.3891,6338.4994,6330.16,6220.489,6106.1178,6090.39,6178.8045,6105.8196,6027.42,6224.5339,5595.8524,4373.7,4014.1263,4144.7513,4257.35,4250.8743,4284.8226,4373.89,4373.1856,4323.3693,4292.63,4311.7268,4348.4381,4405.92,4492.7112,4445.4771,4288.49,4223.2387,4236.5575,4282.25,4327.5529,4309.8898,4367.02,4573.7748,3994.4034,3105.92,3371.5985,3592.4973,3331.2,3342.9919,3385.6484,3254.37,3099.0997,3253.2478,3529.49,3421.5241,3373.6128,3468.14
2025-03-27,3344.1586,3275.9671,3378.7,3462.5861,3424.975,3375.48,3513.0807,3652.0482,3633.42,3484.0657,3460.9766,3576.62,3620.9056,3688.3137,3772.6,3744.4958,3696.0852,3612.1,3415.9788,3424.03,3582.98,3540.3425,3602.9938,3742.21,3606.1309,3554.1993,3707.01,3812.7916,3820.3644,3759.28,3677.8557,3595.7182,3525.46,3556.2368,4048.9466,4685.89,4733.2918,4748.9226,4933.09,4913.9078,4781.514,4671.47,4642.2009,4741.6455,4730.78,4477.4524,5321.3524,6779.68,6909.2138,6651.3628,6600.37,6422.5569,6420.2538,6565.86,6490.2598,6447.7551,6529.22,6547.0135,6501.7133,6515.79,6667.8065,6599.4274,6383.93,6472.6155,6666.5932,6693.86,6494.1187,6452.1933,6604.73,6590.3506,6300.5654,5953.25,5888.352,5910.8524,5897.76,5926.6448,6039.4245,6187.75,6275.8221,6333.2686,6398.78,6456.5036,6374.6746,6211.49,6179.1592,6230.6794,6240.04,6143.1651,6157.6965,6270.86,6239.805,6107.5872,6044.65,6169.3926,6197.6058,6107.49,6138.4898,6132.6584,6106.01,6240.7257,6288.0524,6198.32,6161.6415,6097.9625,6087.3,6166.0405,5347.6352,4108.59,4026.8225,4241.5031,4193.99,4197.5897,4325.326,4468.08,4450.0547,4282.4519,4168.65,4328.0281,4477.722,4447.67,4323.5687,4249.6361,4274.65,4336.828,4364.9313,4355.92,4360.2391,4369.9768,4481.0,4698.5183,4242.5333,3362.64,3161.216,3260.9834,3311.48,3359.6785,3403.5685,3473.03,3583.4128,3513.732,3355.66,3369.5594,3037.5167,2463.43
2025-03-28,2320.9786,2300.2059,2271.31,2426.4493,2520.5839,2542.29,2689.6893,2632.3772,2451.87,2588.0122,2736.1733,2711.36,2638.0194,2625.7735,2652.51,2613.6794,2573.1105,2631.69,2805.7165,2814.2387,2654.2,2602.6318,2648.0655,2696.13,2675.6271,2634.5434,2624.81,2650.9856,2635.1093,2553.06,2484.2122,2610.7381,2811.13,2775.4737,2740.4525,2763.82,2685.8708,2733.542,2772.6,2484.1964,2612.3842,3171.08,3385.9999,3332.9401,3292.08,3419.9139,3466.2616,3341.64,3214.5523,3226.2888,3268.76,3160.1097,3354.3972,3834.83,4079.1469,4075.6445,4005.66,4030.6422,4007.3351,3912.57,3874.5244,3843.1499,3812.97,3819.1441,3706.1103,3540.4,3571.6937,3699.9985,3754.0,3647.7443,3553.2313,3542.94,3541.9547,3540.7209,3541.87,3539.1373,3514.7443,3453.87,3384.2605,3468.1296,3611.94,3559.2673,3547.7232,3676.88,3746.8474,3449.166,3142.06,3487.1799,3640.7441,3388.07,3342.1335,3382.7193,3385.72,3390.3079,3332.9492,3266.28,3313.9704,3320.0285,3329.13,3475.0713,3196.6906,2602.83,2425.4662,2509.5689,2637.23,2754.7298,2795.9308,2770.27,2750.7858,2740.7747,2678.86,2518.5806,2450.424,2539.74,2674.4471,2774.0237,2807.66,2795.1401,2794.3116,2754.97,2613.6915,2699.1351,2903.24,2759.2968,2507.8797,2521.48,2919.4909,3048.1933,2882.49,2933.7001,2617.9805,2081.95,2146.8148,2305.7589,2317.22,2429.8391,2432.5393,2289.37,2234.4039,2383.8318,2570.71,2521.3545,2520.3952,2623.15
2025-03-29,2589.6557,2483.2197,2397.61,2385.5338,2522.0161,2633.28,2474.0337,2503.1914,2688.88,2550.9202,2473.6422,2591.08,2632.3018,2601.4124,2571.24,2598.2696,2689.2664,2717.74,2557.2807,2545.325,2681.37,2627.8104,2516.2901,2526.66,2686.4112,2725.4984,2652.33,2730.6698,2841.4813,2854.24,2759.6921,2677.1466,2661.6,2656.8128,2553.5246,2457.33,2590.4111,2740.9834,2766.67,2755.4274,2975.6447,3299.27,3317.8725,3250.5496,3268.23,3323.0786,3334.0402,3266.64,3156.2916,3103.0105,3116.89,3161.5291,3420.6906,3773.93,3864.2226,3822.8344,3747.47,3628.155,3650.2456,3769.07,3753.2365,3738.6218,3766.97,3731.7849,3688.5536,3708.23,3795.6177,3805.4472,3694.15,3571.6091,3594.346,3667.85,3561.3151,3530.7983,3669.9,3778.406,3644.3578,3405.07,3420.4687,3547.3944,3574.28,3426.5397,3326.6341,3432.25,3666.9386,3600.624,3386.63,3565.6755,3580.9424,3367.98,3432.7563,3484.3066,3430.36,3488.2187,3499.3611,3471.1,3559.7527,3481.455,3313.24,3380.237,3143.1103,2717.89,2790.2527,2845.1697,2682.68,2617.113,2534.2735,2520.49,2794.9857,2875.9894,2683.42,2618.1778,2681.1269,2712.61,2608.9154,2682.7776,2808.46,2578.4283,2594.4788,2893.47,2887.3596,2772.9408,2758.44,2821.2657,2801.0666,2737.8,2816.8424,2881.9133,2851.22,2777.92,2610.7718,2398.8,2297.1365,2365.5189,2474.2,2427.4185,2409.5766,2413.18,2268.893,2292.3453,2408.54,2298.2652,2676.9098,3416.19
2025-03-30,3585.3895,3465.0542,3401.87,3442.503,3436.9109,3369.87,3355.1763,3307.1261,3303.4,3527.2127,3731.7044,3760.15,3673.6402,3597.6209,3515.92,3360.6918,3456.281,3700.17,3637.2646,3501.9869,3555.62,3801.1019,3836.7545,3697.06,3767.1986,3714.4513,3519.28,3533.1298,3605.6048,3646.38,3735.5579,3863.9169,3838.64,3562.0452,3898.8625,4709.74,4940.1401,4848.4716,4760.97,4722.6222,4750.1522,4863.17,5021.1177,4932.256,4634.42,4608.2702,5479.5958,6623.24,6700.0241,6599.3664,6713.22,6575.5296,6539.3852,6635.91,6533.5695,6578.8417,6717.0,6542.4762,6525.0544,6727.68,6722.477,6638.4247,6570.64,6471.1273,6434.1096,6468.11,6462.3277,6332.7466,6257.04,6468.2135,6437.0782,6147.06,6087.8811,5971.8933,5792.71,5909.6271,6209.8956,6427.32,6371.8818,6269.3525,6235.63,6192.1931,6142.3268,6177.49,6357.4173,6369.6605,6176.43,6047.928,6011.9412,6015.84,6018.5574,6082.1919,6155.04,6134.9351,6256.2836,6369.6,6097.8973,6000.0006,6135.28,6028.0217,5997.0363,6126.29,6128.6759,6008.842,6069.46,6407.147,5523.8501,4033.78,4156.6135,4546.0436,4428.12,4362.0889,4286.526,4251.24,4430.4078,4391.2769,4155.03,4187.8389,4307.1701,4308.12,4193.2663,4196.6477,4324.58,4351.5932,4264.9445,4198.17,4289.7784,4350.4858,4386.13,4477.005,3944.4895,3179.6,3317.829,3469.0704,3273.7,3256.1171,3282.3089,3235.71,3205.4797,3319.071,3478.92,3459.6003,3445.132,3520.7
2025-03-31,3575.6323,3535.3135,3438.26,3405.9523,3477.7431,3524.13,3378.1454,3300.4609,3402.85,3549.5095,3645.7519,3649.2,3581.8449,3559.1646,3556.29,3461.8941,3459.8903,3534.94,3493.7284,3517.9223,3600.7,3536.0421,3457.6455,3484.67,3575.5608,3476.0225,3328.18,3537.0695,3775.2534,3750.05,3511.6109,3557.8854,3760.91,3633.5236,4123.383,4951.37,4819.3447,4675.8805,4878.37,4814.2724,4664.9551,4644.73,4757.0001,4872.0776,4760.03,4446.3734,5166.1917,6456.76,6538.4609,6324.1425,6425.32,6520.5526,6543.1326,6519.29,6493.7684,6509.893,6559.23,6581.6511,6520.6506,6448.28,6497.6377,6543.8032,6535.87,6527.2446,6438.7172,6379.19,6545.4963,6612.033,6508.06,6445.7613,6235.1505,5986.77,6031.7115,5983.3935,5759.76,5704.0827,5900.3651,6203.43,6356.5034,6301.2314,6231.25,6375.4524,6326.2967,6085.66,6065.8662,6053.4609,6021.76,6165.4091,6188.01,6157.62,6397.923,6331.2563,6067.7,6295.8918,6379.5023,6130.46,6016.1287,5975.8838,6005.11,6196.6187,6260.6697,6139.06,6053.4348,6032.3627,6163.42,6359.1049,5475.5652,4095.34,4056.2847,4301.2035,4175.59,4098.5394,4182.514,4275.94,4183.1642,4212.3442,4369.44,4349.9088,4317.843,4339.99,4313.1642,4322.7241,4306.97,4153.1301,4296.9469,4548.82,4296.2336,4252.695,4542.45,4496.0329,3999.0371,3386.95,3141.639,3132.5628,3203.5,3303.4603,3287.2248,3161.24,3107.8655,3290.4544,3501.15,3359.9444,3240.7008,3355.05
2025-04-01,3533.6798,3517.8857,3384.39,3441.4736,3516.2152,3495.16,3460.8055,3534.3082,3604.96,3464.7512,3456.3326,3649.14,3755.7525,3720.1325,3657.03,3721.2293,3796.5755,3755.2,3594.9611,3573.5703,3689.83,3683.7295,3557.6456,3489.25,3637.1468,3678.2511,3603.93,3714.5927,3811.9562,3779.86,3721.8078,3763.9951,3817.19,3745.514,4067.2984,4686.39,4913.9211,4813.4345,4679.34,4743.2678,4853.3288,4860.29,4761.7679,4730.4729,4602.84,4246.7219,5069.7692,6554.63,6659.6122,6448.701,6572.25,6588.9467,6548.757,6547.3,6586.8644,6654.2857,6637.36,6460.2444,6546.1638,6737.56,6455.3831,6235.5787,6321.32,6421.9147,6430.943,6353.33,6277.7473,6379.0884,6554.66,6483.2456,6170.7138,5871.74,5871.9402,5936.4601,5944.01,5988.5195,6045.5193,6118.48,6246.0043,6367.3693,6421.28,6387.1853,6307.0438,6220.42,6158.2086,6184.349,6296.91,6397.3922,6312.7276,6179.55,6276.0,6166.5718,5926.15,6090.3974,6284.1228,6252.57,6128.1362,6152.8902,6230.41,6062.4013,5974.7181,6080.97,6143.1195,6022.7264,6000.5,6336.5099,5733.3842,4450.97,4135.8954,4207.11,4157.31,4123.5962,4206.4474,4357.55,4426.7036,4390.6541,4364.18,4448.2096,4298.9028,4142.46,4530.318,4632.2187,4331.83,4339.164,4415.4298,4373.51,4309.3064,4254.2983,4354.55,4632.4817,4146.4189,3224.15,3183.9747,3296.2885,3164.82,3157.8491,3255.0662,3350.02,3381.0437,3380.9403,3343.12,3247.6868,3264.4125,3423.61
2025-04-02,3564.2691,3521.3393,3380.85,3389.0665,3437.3362,3422.3,3364.8536,3389.1227,3491.43,3530.9473,3439.5123,3420.83,3703.6612,3651.7247,3384.15,3629.9235,3702.1108,3514.02,3675.2728,3747.1846,3613.56,3629.3297,3662.4041,3660.67,3729.6183,3777.2703,3778.27,3797.4287,3790.0389,3749.31,3741.2386,3845.6192,3895.56,3730.7925,4158.187,4933.09,4953.4994,4839.4947,4911.53,4848.0443,4732.8047,4664.36,4662.493,4798.4064,4874.31,4722.666,5358.0975,6492.11,6730.1456,6631.9073,6613.72,6514.6599,6455.1832,6455.63,6407.9649,6396.5877,6454.54,6530.0266,6631.7763,6652.78,6457.3548,6313.3207,6369.34,6518.3957,6529.6584,6438.85,6472.0324,6446.4212,6302.98,6188.7747,6155.6527,6165.0,6134.4243,6062.8704,5968.07,5879.1641,5877.9622,6014.45,6239.7959,6304.759,6247.16,6328.3077,6363.8182,6214.1,5988.8262,6124.1417,6432.57,6289.3588,6113.0346,6100.5,6055.3438,6151.6337,6275.48,6115.5707,6090.5633,6255.43,6240.3374,6171.6156,6162.68,6167.9649,6085.0598,5959.59,5940.2566,5954.0413,6068.25,6279.8325,5587.2766,4398.89,4221.7197,4347.0158,4305.3,4336.9222,4286.8497,4147.66,4120.3205,4216.8826,4376.97,4503.3964,4452.126,4313.81,4350.9907,4524.9387,4622.79,4455.3034,4300.7769,4296.07,4326.568,4316.6631,4371.46,4546.2258,4080.1605,3274.36,3248.3563,3356.1871,3220.11,3128.8844,3143.3887,3264.41,3441.6595,3419.3019,3301.29,3421.705,3414.2345,3279.03
2025-04-03,3404.4367,3556.4034,3547.58,3440.1538,3446.8411,3487.68,3323.4861,3363.7072,3579.25,3522.4089,3474.9267,3604.57,3753.5575,3690.5563,3549.65,3662.6189,3654.2405,3516.87,3617.0482,3642.8257,3534.36,3568.9366,3663.4271,3687.67,3621.4279,3677.1914,3763.77,3599.5918,3565.2856,3719.05,3753.074,3843.5132,3842.49,3510.5986,3966.0518,4897.14,4826.5362,4662.2762,4807.2,4761.4706,4868.9657,5020.9,4726.7144,4630.8862,4724.72,4529.8272,5366.0635,6728.61,6646.2541,6357.2852,6485.7,6409.3216,6283.7892,6370.71,6694.0091,6769.6013,6565.34,6487.6573,6398.8756,6309.16,6405.9511,6438.9461,6364.47,6388.1768,6436.8648,6383.24,6227.2061,6371.7196,6655.52,6505.9918,6337.5504,6212.93,5848.714,5950.6398,6358.73,6193.4308,6136.4168,6382.3,6388.8044,6223.1259,6076.61,6064.8845,6151.9067,6246.4,6268.3212,6251.9555,6225.33,6193.4394,6205.1403,6226.23,6180.3469,6192.9761,6278.33,6299.0125,6171.6456,6041.22,6138.6573,6199.6307,6136.89,6122.0984,6149.384,6159.09,6108.7002,6051.9449,6144.24,6341.0169,5565.3326,4251.14,4031.5419,4281.3447,4348.0,4235.8037,4326.9451,4573.03,4551.1107,4409.7397,4308.57,4265.2477,4276.5272,4272.39,4199.1545,4302.392,4486.06,4392.2642,4274.012,4310.22,4415.0422,4384.9126,4347.22,4507.7911,4017.6934,3190.36,3236.4626,3286.4671,3090.55,3284.0945,3445.8627,3434.21,3520.413,3429.8708,3387.5,3798.6716,3314.2471,2234.15
2025-04-04,2288.9737,2593.894,2517.36,2367.6003,2469.1655,2635.21,2422.413,2354.9025,2574.73,2677.9273,2599.9772,2494.72,2554.6878,2629.0036,2664.59,2722.2976,2595.5258,2395.78,2465.3939,2538.3703,2564.62,2756.2229,2894.1438,2856.31,2739.4695,2677.3509,2743.01,2883.0055,2825.0675,2622.12,2607.4788,2718.5814,2771.21,2648.9967,2570.6464,2602.15,2618.5122,2672.3286,2744.72,2788.6437,3092.2778,3437.05,3280.6933,3126.5442,3130.51,2996.5819,3059.7941,3304.98,3333.7395,3265.4044,3167.22,3026.5505,3234.4722,3705.61,3917.1456,3911.9194,3827.97,3735.9946,3650.5017,3637.12,3756.5438,3801.7141,3733.17,3694.5305,3628.6361,3604.97,3765.8412,3840.7915,3764.01,3733.5697,3763.2309,3803.5,3801.1562,3744.4001,3660.33,3599.9571,3593.0702,3588.53,3502.6989,3420.637,3412.39,3476.3082,3556.3,3589.54,3533.5062,3404.9275,3303.32,3338.0348,3390.3723,3392.65,3382.3378,3382.6037,3416.34,3498.0856,3588.9333,3589.94,3423.7138,3281.4535,3328.47,3483.5437,3101.6346,2492.26,2622.2852,2752.1912,2663.03,2843.6895,2808.8258,2528.85,2528.7207,2711.5225,2802.26,2640.6957,2567.9188,2664.85,2690.2876,2655.6205,2603.89,2583.7458,2790.1296,3021.02,2857.2651,2724.8048,2762.86,2711.2479,2712.5881,2774.04,2740.5157,2764.8267,2855.2,2823.876,2602.8081,2311.02,2176.4666,2238.7235,2365.96,2387.1486,2451.4929,2484.09,2279.6857,2303.3384,2501.0,2372.904,2366.504,2489.47
2025-04-05,2313.0806,2365.1609,2633.72,2544.9417,2409.2532,2440.57,2542.8499,2682.0373,2773.89,2713.1661,2587.347,2524.96,2604.5206,2734.0178,2731.91,2499.3013,2435.0377,2590.02,2635.3727,2612.373,2607.05,2650.6745,2762.5472,2848.76,2776.9512,2698.6254,2711.98,2776.2071,2797.6878,2699.4,2510.2662,2549.3627,2754.28,2739.1478,2635.6066,2630.2,2771.2636,2877.34,2828.58,2705.6501,2892.2079,3247.21,3223.8729,3043.8415,3008.9,3189.1723,3220.8009,3052.5,2979.9759,3007.4886,3053.67,3114.7372,3500.5148,3931.66,3777.6073,3644.2885,3788.67,3862.6925,3767.2435,3639.79,3682.2592,3697.4551,3640.38,3663.4388,3695.1944,3646.55,3516.0183,3480.7463,3592.75,3713.8605,3640.1582,3554.46,3808.9551,3859.688,3653.59,3672.1425,3674.1857,3605.15,3694.4976,3811.9635,3841.72,3772.1062,3583.5531,3466.99,3652.22,3696.0233,3579.54,3706.5823,3802.8142,3668.43,3418.2578,3404.0709,3598.11,3640.1279,3580.0446,3485.5,3361.1994,3313.8523,3369.52,3397.2887,3092.1842,2682.6,2732.6836,2864.6825,2866.4,2875.405,2807.6373,2717.95,2767.8877,2761.4056,2657.31,2625.1542,2686.8653,2713.78,2580.4096,2600.1152,2793.31,2854.0282,2787.0888,2697.16,2676.3414,2698.308,2768.58,2903.5064,2926.2443,2840.3,2813.0351,2758.358,2715.99,2804.8108,2712.9214,2459.34,2374.2144,2284.374,2228.04,2421.5028,2450.1777,2309.11,2415.0235,2590.6358,2588.26,2412.9682,2701.8787,3305.13
2025-04-06,3398.2558,3227.2196,3147.48,3267.9976,3393.6977,3437.49,3473.1216,3490.7026,3493.33,3523.9871,3634.4974,3716.67,3592.7704,3449.4025,3456.7,3601.9049,3596.5383,3505.56,3643.0432,3656.7075,3520.49,3582.1169,3698.9506,3696.19,3584.2474,3705.0399,3895.93,3685.2851,3672.6118,3858.32,3656.3465,3593.4391,3697.16,3535.9553,3932.7751,4736.67,4873.9254,4746.3565,4727.02,4778.3406,4864.5044,4880.72,4755.2396,4818.7235,4922.1,4746.0718,5522.1592,6763.27,6636.5507,6320.8496,6495.7,6655.5218,6658.9633,6534.69,6385.79,6348.7465,6464.9,6631.7496,6597.1731,6405.7,6350.6733,6390.3433,6426.57,6411.7876,6376.7485,6375.71,6425.2798,6385.1019,6318.99,6399.9963,6286.8023,6018.8,5978.3539,5890.1547,5726.34,5780.456,5963.0517,6114.66,6168.9305,6295.9251,6388.47,6184.9123,6124.7325,6258.29,6191.011,6021.6347,5993.46,6225.7624,6301.9058,6129.19,6024.3758,6099.8955,6187.85,6055.6973,6083.9195,6233.9,6097.3551,6062.1921,6166.21,6056.1417,6017.5037,6072.98,5967.8866,6030.6038,6239.61,6091.9947,5202.5939,4171.93,4097.3506,4287.9711,4220.35,4073.8549,4304.3575,4635.19,4356.0893,4165.8506,4310.83,4356.6528,4390.114,4417.46,4322.4885,4359.0679,4437.99,4247.8692,4304.7224,4518.88,4284.0052,4170.0516,4448.49,4685.4915,4091.5633,3146.0,3146.9197,3303.6666,3205.5,3226.1185,3221.1699,3180.01,3281.8264,3380.2685,3433.91,3514.6659,3408.5548,3237.23
2025-04-07,3358.3526,3452.379,3378.98,3314.2059,3290.9159,3378.27,3612.0281,3613.1385,3414.4,3434.5854,3571.5219,3603.22,3439.3106,3431.352,3582.26,3573.2617,3618.4533,3702.47,3582.6997,3561.1996,3688.21,3695.3893,3610.6918,3597.86,3766.5956,3798.7996,3677.93,3680.3052,3630.4802,3539.25,3629.9352,3761.6182,3707.35,3469.0141,3874.7464,4693.87,4832.1926,4777.0045,4842.63,4825.5834,4778.5127,4788.37,4859.263,4815.5534,4599.11,4460.1367,5178.0162,6389.13,6828.7119,6714.6323,6494.01,6407.1911,6484.7431,6608.51,6624.9376,6624.272,6609.69,6507.4965,6517.8083,6567.62,6395.7425,6342.0481,6466.95,6470.6085,6352.6883,6341.1,6597.6548,6467.4574,6048.02,6089.8526,6147.9856,6045.82,6060.8498,5992.1932,5884.6,6000.3888,6009.2794,5961.61,6238.5587,6431.7541,6350.4,6214.8709,6197.0395,6226.56,6111.5122,6063.07,6111.65,6077.859,6072.1829,6123.36,6123.0497,6047.6707,5981.25,6029.271,6051.4316,6007.61,5993.6729,6002.3331,6069.78,6203.5587,6041.6471,5793.54,6025.7184,6113.4025,6026.42,6207.5299,5478.7578,4213.76,4113.2072,4356.0324,4311.08,4200.3,4271.8885,4354.02,4091.7071,4036.0489,4273.3,4333.3953,4301.1028,4323.43,4410.1155,4367.8884,4172.03,4022.4779,4131.2632,4415.05,4528.0355,4283.436,4104.54,4509.5327,4208.7425,3292.86,3189.767,3349.8702,3345.77,3349.9009,3385.6594,3402.34,3374.1226,3477.7579,3569.0,3335.9101,3259.2054,3465.82
2025-04-08,3587.5611,3506.7353,3330.63,3278.6424,3387.2104,3499.38,3425.8775,3417.712,3514.94,3523.3079,3588.4294,3639.56,3448.8729,3363.2846,3503.5,3633.6542,3594.661,3479.7,3522.8945,3610.2324,3628.44,3572.605,3509.6139,3512.1,3609.2421,3704.7096,3749.79,3754.7722,3658.4556,3562.71,3643.4915,3657.8179,3527.92,3508.1638,4055.0069,4792.78,4856.6962,4906.0016,5122.78,4998.5912,4731.219,4635.63,4836.5175,4983.3971,4841.54,4604.9238,5186.9488,6307.99,6699.2279,6607.2797,6467.2,6454.2649,6524.7367,6540.96,6422.9451,6467.6265,6624.65,6547.4305,6460.0367,6453.67,6401.7697,6418.2293,6451.51,6331.4161,6312.4654,6412.82,6389.9619,6334.5466,6326.62,6303.355,6043.7577,5801.36,6041.6657,6066.7277,5806.67,5906.5448,6177.6649,6322.66,6249.5594,6232.9099,6286.53,6179.6062,6099.9136,6173.49,6309.381,6246.2375,6059.65,6082.5732,6172.8579,6204.33,6190.6676,6150.9362,6140.05,6195.2012,6150.0941,6049.07,6094.1965,6085.4705,6052.65,6211.1396,6209.1547,6069.33,6164.09,6206.4148,6214.32,6362.3103,5623.9823,4386.87,4197.7442,4391.8747,4395.14,4319.7636,4360.2031,4414.05,4233.0926,4203.2234,4342.96,4302.6853,4357.0968,4479.03,4348.4662,4308.9685,4419.47,4385.9216,4321.1736,4361.56,4499.922,4502.81,4415.19,4410.0169,3885.5832,3173.0,3282.4699,3457.374,3338.66,3321.9157,3414.1449,3507.22,3512.7592,3455.5159,3380.55,3338.3496,3423.9481,3528.49
2025-04-09,3448.2221,3443.9852,3525.02,3436.7318,3342.039,3339.56,3383.2538,3529.7474,3643.19,3512.0151,3480.7501,3552.65,3406.5624,3339.4489,3464.35,3587.4506,3662.4409,3681.6,3643.1193,3577.591,3534.95,3566.3344,3679.1389,3786.03,3773.7199,3754.7657,3785.09,3803.7622,3740.7526,3576.23,3395.596,3478.2104,3648.79,3535.341,3935.0046,4707.39,4854.1444,4858.4092,4950.07,4868.4977,4915.0904,4976.03,4650.825,4598.8654,4742.26,4517.3432,5344.8997,6736.99,6644.6723,6372.4108,6582.17,6604.3482,6471.452,6380.26,6427.2253,6428.2883,6345.84,6323.9698,6367.1486,6412.58,6397.692,6378.3709,6386.13,6403.7824,6434.8373,6448.31,6402.143,6369.3402,6413.25,6486.5607,6277.6838,5930.68,5929.7896,6041.7495,6006.15,5831.2915,5942.1349,6266.7,6300.8255,6203.1176,6168.09,6210.6566,6182.3034,6111.03,6167.5132,6235.1106,6247.15,6244.3183,6201.475,6108.09,6015.7719,6084.6447,6266.99,6341.7475,6330.367,6258.77,6151.1688,6237.9704,6303.42,5928.1329,5833.3656,6160.55,6310.0948,6211.087,6182.91,6400.5985,5563.7714,4189.62,4207.4734,4492.2629,4352.5,4228.7174,4204.0807,4247.54,4308.851,4311.1691,4270.34,4272.2658,4289.9521,4352.01,4497.9315,4486.3528,4352.79,4377.4809,4432.7565,4406.03,4319.1719,4247.7388,4265.52,4336.3188,4064.4352,3533.15,3276.0474,3346.7562,3528.1,3525.9644,3324.1957,3147.18,3259.2577,3416.6808,3472.93,3490.417,3463.6071,3385.28
2025-04-10,3293.9067,3331.0825,3470.66,3546.0099,3595.4731,3564.82,3369.3096,3365.8286,3566.5,3626.3037,3596.2886,3575.65,3577.6828,3504.5661,3434.37,3538.8741,3568.4351,3529.01,3658.0465,3684.7773,3629.89,3765.3903,3703.9705,3466.97,3498.5172,3628.5669,3689.68,3701.3833,3772.7711,3845.06,3768.0179,3759.9726,3688.0,3332.0954,3826.9153,4856.44,4890.7979,4685.831,4773.42,4895.9806,4905.1723,4840.81,4854.1023,4925.5986,4793.92,4409.7025,5255.9164,6787.0,6855.2097,6510.4268,6518.38,6581.1318,6590.9016,6601.73,6694.3545,6660.9505,6515.77,6482.6408,6449.5942,6382.6,6389.1497,6479.7421,6580.83,6582.629,6467.3864,6355.91,6384.5747,6312.3734,6257.94,6530.8889,6426.9349,5965.54,5884.225,5882.2161,5806.29,5864.118,6034.5552,6218.13,6311.0035,6264.54,6193.11,6266.2797,6287.2887,6170.61,6044.7698,6066.6492,6169.37,6154.208,6197.2971,6294.25,6242.7461,6150.7368,6093.34,6056.0059,6114.1709,6250.71,6338.5334,6282.1534,6137.27,6069.4124,6111.8627,6183.03,6151.9136,6018.7443,5996.42,6172.4758,5493.7083,4362.91,4298.1704,4358.8832,4169.7,4294.2048,4288.952,4209.72,4557.679,4601.8015,4269.9,4245.3279,4342.3809,4373.18,4356.434,4243.2677,4176.87,4368.1164,4470.2372,4390.07,4353.8274,4296.4963,4363.52,4689.9914,4285.5493,3385.32,3266.9475,3366.6442,3293.0,3242.5937,3173.7173,3138.9,3277.9919,3440.7266,3502.1,3394.8765,2909.0874,2353.89
2025-04-11,2343.2886,2501.1142,2517.24,2430.0395,2388.0836,2449.65,2570.4404,2745.38,2803.23,2550.0696,2390.8372,2442.64,2454.8209,2460.0756,2485.64,2487.251,2461.8185,2477.92,2616.1923,2764.8719,2792.87,2687.0937,2767.1439,2945.59,2823.8591,2703.7101,2734.62,2760.2758,2735.5331,2722.58,2800.6321,2821.8265,2770.6,2781.3692,2830.3825,2886.87,2944.8353,2959.9812,2901.92,2814.5252,2928.9145,3196.51,3310.8343,3240.3863,3062.4,2922.3169,3071.1503,3293.64,3135.973,3124.0121,3233.71,2999.3578,3326.4962,4037.65,3989.4649,3873.49,3944.13,3766.3898,3767.3354,3988.0,3971.3975,3722.0299,3532.57,3698.6195,3873.3509,3778.83,3488.6103,3524.8064,3789.16,3688.3062,3553.7588,3624.61,3756.8127,3625.3198,3430.09,3650.3155,3654.884,3420.8,3542.0735,3544.2485,3385.5,3526.9507,3621.6144,3528.91,3461.338,3384.9724,3340.02,3422.4836,3403.7444,3278.37,3280.5469,3377.7287,3429.32,3338.7472,3324.2994,3382.14,3312.0895,3324.0025,3514.46,3674.8756,3290.7226,2646.07,2585.2397,2720.5808,2749.63,2761.4457,2797.213,2816.28,2737.6425,2584.6826,2499.21,2640.9271,2873.4893,2958.92,2778.5861,2772.2165,2940.09,2858.7085,2717.0628,2642.07,2576.0638,2602.5298,2688.82,2687.8639,2612.8982,2577.51,2697.7544,2864.3205,2890.28,2666.0966,2462.3317,2371.88,2297.8571,2455.7906,2684.05,2542.1625,2300.5688,2258.72,2464.0984,2585.3348,2516.74,2449.9854,2483.9475,2521.9
2025-04-12,2403.9977,2381.2075,2528.83,2653.3117,2615.1578,2486.53,2452.6948,2383.952,2362.33,2595.6624,2648.6165,2469.42,2440.238,2493.5366,2552.98,2622.1201,2594.5148,2540.18,2632.9596,2656.8435,2648.34,2830.9908,2792.8067,2534.13,2487.4388,2523.2076,2587.88,2756.6348,2745.8342,2575.55,2573.9116,2714.2707,2795.88,2665.2662,2661.3296,2770.53,2644.6634,2495.2693,2512.99,2680.8609,2825.2077,2949.88,3174.0546,3234.3951,3126.45,3110.916,3089.8993,3061.17,3152.9624,3258.4586,3210.48,3014.6625,3320.4264,3902.01,3860.073,3717.1383,3718.45,3613.3134,3720.4248,3976.12,3929.5931,3708.1406,3578.58,3664.1394,3583.7565,3437.28,3688.7918,3854.9629,3734.87,3618.4998,3649.5868,3788.84,3875.805,3833.3882,3727.08,3689.6451,3648.7045,3628.29,3716.9317,3679.5997,3529.0,3512.0057,3499.5793,3457.94,3502.3919,3574.863,3611.36,3601.3209,3585.4339,3518.81,3354.4738,3408.7162,3630.02,3626.5503,3483.8866,3409.23,3503.6618,3476.8638,3439.96,3693.9946,3361.5871,2606.18,2525.1331,2615.6911,2594.57,2724.445,2914.3124,2964.69,2758.8746,2555.6875,2527.1,2624.7619,2650.7459,2558.47,2489.5832,2581.7372,2744.05,2747.4952,2708.146,2734.14,2812.1979,2836.4816,2823.62,2856.9236,2726.1473,2553.12,2691.5711,2811.8416,2800.55,2829.3878,2662.8609,2389.63,2358.478,2261.9486,2176.37,2481.3823,2592.0618,2415.17,2434.4428,2491.83,2395.25,2239.2003,2678.9622,3430.32
2025-04-13,3500.9734,3357.2133,3343.02,3352.3042,3462.7826,3550.13,3391.9011,3365.7303,3516.67,3527.9305,3562.4411,3579.45,3386.8987,3471.7919,3778.06,3719.9071,3458.5394,3351.76,3579.9749,3635.5127,3507.69,3634.8418,3601.569,3370.18,3374.8235,3543.6766,3686.38,3674.5283,3573.0818,3578.94,3814.8135,3796.7212,3458.92,3325.954,3954.1144,4853.13,4913.9421,4719.5909,4703.95,4754.3167,4897.6473,5000.2,4853.605,4739.5223,4619.14,4365.2423,5187.5863,6582.74,6693.9151,6419.2538,6436.71,6532.1266,6645.5588,6692.13,6591.2697,6562.0309,6615.23,6555.4437,6492.3009,6482.9,6461.6064,6405.0615,6428.3,6625.3383,6529.4835,6189.11,6157.4735,6377.1338,6546.82,6398.2064,6125.4131,5923.1,5858.966,5951.6651,6091.02,6125.6269,6200.2201,6299.7,6248.8849,6169.9739,6195.11,6318.2658,6267.2144,6125.66,6237.2042,6313.7953,6262.81,6281.6185,6298.4132,6232.79,6089.8308,5964.7686,5945.94,6052.1298,6144.9649,6185.1,6218.9258,6098.8776,5971.01,6144.7457,6229.0253,6121.33,6099.3117,6100.2031,6167.69,6293.4938,5542.8354,4297.23,4000.535,4166.0286,4270.8,4271.4764,4192.8279,4161.47,4311.9866,4454.5872,4393.91,4137.1885,4166.501,4410.79,4340.9789,4264.2336,4346.9,4434.254,4513.6932,4552.65,4486.0673,4359.9587,4324.75,4431.3285,4068.6237,3372.97,3145.8083,3201.7423,3272.77,3301.9407,3370.6788,3382.53,3169.2671,3100.2909,3283.28,3442.2471,3373.9239,3207.28
2025-04-14,3253.7645,3329.3189,3425.04,3671.1493,3580.7731,3331.8,3584.4994,3677.2051,3472.8,3503.5874,3539.1281,3509.53,3608.0738,3648.6,3591.39,3606.6356,3717.2274,3772.63,3601.6687,3475.3233,3528.46,3640.4692,3669.4767,3656.25,3727.5402,3632.824,3473.73,3630.4228,3814.6314,3826.36,3738.825,3670.204,3596.12,3523.2755,4131.3197,5016.1,4985.8397,4687.23,4652.84,4807.1813,4992.8451,5043.95,4891.9111,4816.7081,4766.52,4591.989,5348.9577,6575.09,6639.4115,6484.2106,6611.51,6567.5751,6484.6245,6527.79,6671.9435,6650.4183,6517.26,6573.7073,6603.3366,6538.9,6528.8181,6462.033,6362.06,6390.1971,6450.3889,6419.09,6258.1187,6112.6674,6132.74,6310.4745,6199.3984,5936.41,6081.0426,6139.0424,5936.2,5856.9615,6133.4188,6439.57,6215.7263,5998.4631,6080.24,6238.0254,6291.4209,6288.01,6397.954,6443.1506,6331.14,6159.7727,6082.8926,6150.08,6271.2154,6270.8533,6138.19,6041.3138,6115.0634,6255.52,6216.4431,6094.3855,6038.04,6101.4228,6114.3632,6084.16,6151.9347,6084.3993,6070.25,6366.9113,5537.764,4074.76,4021.7985,4259.7968,4225.59,4464.1751,4494.1699,4273.85,4286.1412,4285.47,4251.33,4431.594,4503.661,4362.78,4239.1401,4238.511,4339.08,4417.9902,4330.1449,4200.59,4286.3363,4296.4448,4321.78,4627.6808,4162.9254,3197.13,3138.017,3351.8678,3335.75,3238.911,3180.938,3243.64,3415.8745,3424.5913,3328.06,3427.2534,3427.0738,3317.75
2025-04-15,3393.4435,3422.0494,3326.52,3277.6123,3272.876,3294.19,3362.4668,3523.2995,3643.4,3538.7245,3538.732,3595.32,3377.4413,3418.236,3655.69,3488.6277,3400.6198,3569.83,3660.0534,3620.8208,3500.73,3393.6544,3476.5039,3644.69,3590.7695,3407.0652,3359.38,3609.5628,3651.061,3453.08,3488.6969,3669.8969,3714.5,3536.1652,3963.9241,4798.92,4953.3688,4797.6279,4736.16,4795.6686,4869.3788,4834.04,4662.4303,4641.0984,4727.72,4732.9139,5444.6742,6464.69,6506.9404,6429.5858,6608.09,6555.5697,6463.9032,6480.82,6527.8343,6523.8899,6422.98,6261.5417,6261.1172,6420.71,6512.1648,6477.3185,6413.34,6451.6071,6431.7431,6368.21,6420.0451,6346.0817,6198.96,6265.6599,6203.8148,5956.84,5854.3676,5969.7805,6052.54,5839.5564,5994.328,6437.07,6394.0945,6212.1089,6189.27,6245.9045,6166.2336,6105.5,6383.7135,6408.8207,6133.03,6085.3965,6016.1979,5940.88,6173.5651,6364.1962,6326.06,6205.9485,6142.0204,6164.01,6197.7763,6166.6315,6053.39,5944.6328,6086.326,6316.9,6209.0493,6052.4283,6160.86,6405.3208,5609.1188,4241.68,4045.5573,4265.1814,4283.94,4251.0261,4240.9837,4298.17,4421.7596,4451.8556,4417.29,4489.9329,4506.4512,4365.13,4160.6563,4166.3512,4351.47,4421.2576,4413.0696,4445.6,4536.0825,4349.0696,4169.49,4534.1453,4229.4641,3327.31,3159.5921,3204.1796,3116.9,3158.5896,3359.4711,3487.1,3288.113,3194.6486,3315.44,3339.4748,3267.6106,3253.27
2025-04-16,3410.4015,3436.4279,3331.53,3404.8125,3569.977,3626.0,3472.6049,3441.1569,3585.98,3658.2806,3727.2838,3722.52,3493.7597,3443.2045,3607.37,3623.7613,3556.7435,3535.32,3598.1924,3619.0113,3558.02,3527.5206,3720.0995,3923.37,3724.8911,3582.8946,3639.05,3608.4853,3642.8681,3716.8,3633.4756,3657.0041,3670.6,3410.5419,3945.8265,4935.19,4902.4535,4775.6727,4924.42,4784.0085,4743.7165,4897.3,4883.872,4715.2121,4579.0,4744.7448,5472.6893,6344.36,6555.0904,6445.6402,6376.91,6401.2986,6434.3295,6418.88,6371.4561,6368.1512,6484.15,6685.7564,6590.6374,6326.46,6406.6034,6515.8033,6500.02,6514.4112,6458.9219,6342.61,6297.8652,6250.8309,6269.13,6451.7897,6278.2432,5861.16,5869.6996,6046.2392,6083.17,5971.11,6106.7242,6410.79,6389.6323,6193.4802,6150.98,6419.3515,6455.6652,6225.09,6208.6327,6228.9076,6193.28,6221.7606,6261.115,6293.9,6342.8254,6274.9724,6178.28,6266.2715,6233.069,6116.08,6259.84,6346.9981,6198.91,5982.4733,5991.5214,6147.92,6107.7703,6056.8326,6124.5,6108.9558,5314.323,4244.06,4181.2289,4289.353,4210.3,4399.1332,4492.7187,4366.91,4292.5833,4300.5948,4333.88,4334.7206,4330.6797,4285.02,4153.4999,4188.6861,4339.17,4302.2366,4277.4119,4388.76,4518.7195,4425.7265,4334.24,4589.7469,4118.4972,3209.28,3278.8706,3414.5633,3233.41,3298.1433,3437.0834,3444.17,3330.6857,3320.2306,3450.0,3544.9151,3534.4176,3440.02
2025-04-17,3350.8639,3366.712,3439.46,3440.0268,3504.3037,3598.91,3541.7057,3496.5862,3544.31,3594.8277,3568.846,3504.97,3518.4631,3576.0132,3561.65,3423.1922,3515.0551,3710.56,3544.9421,3504.9958,3661.76,3610.138,3657.1594,3759.38,3545.1867,3449.9355,3584.54,3629.1405,3660.9627,3677.85,3578.4373,3586.4833,3644.0,3559.9842,4021.2592,4793.02,4867.7884,4709.6724,4751.3,4946.1276,4994.624,4899.31,4932.4427,5001.0046,4890.93,4652.5724,5414.7909,6705.52,6827.5423,6624.6835,6648.29,6592.6663,6513.4983,6484.25,6496.2278,6540.9738,6540.71,6417.1268,6360.9325,6402.89,6403.4734,6447.1889,6524.63,6525.4713,6536.7669,6499.85,6271.6042,6145.3615,6236.41,6354.7892,6261.7595,6049.44,6008.301,5883.0064,5739.61,5944.5884,6230.0378,6397.15,6453.6365,6313.3159,6116.12,6144.7011,6248.4314,6265.98,6187.225,6194.3264,6266.07,6201.7535,6084.2702,6074.28,6224.4835,6164.7929,5999.81,6180.7516,6251.7234,6164.27,6306.6975,6277.7308,6057.53,6059.4087,6097.1871,6087.09,6139.629,6118.571,6072.76,6075.1253,5358.2516,4346.44,4317.8731,4393.8817,4183.17,4182.3479,4278.6113,4355.66,4431.7146,4426.6448,4343.19,4295.4715,4395.3728,4505.26,4379.5312,4316.1719,4397.56,4403.5026,4322.8039,4254.38,4307.0742,4415.8314,4523.26,4519.71,3922.6203,3134.98,3115.2555,3164.6968,3029.94,3163.4624,3366.6094,3434.71,3360.7568,3263.2736,3295.05,3437.017,3014.3356,2337.22
2025-04-18,2427.4102,2591.1373,2479.84,2441.3138,2465.0682,2513.67,2589.4467,2575.5742,2481.66,2457.6895,2578.5747,2703.63,2623.3893,2619.2043,2767.94,2858.9231,2848.5164,2734.99,2572.3546,2632.0805,2799.05,2703.5883,2700.2686,2840.71,2806.3806,2746.2447,2764.29,2792.367,2747.9364,2666.54,2661.6651,2681.7911,2691.34,2707.8296,2725.8383,2704.56,2618.6635,2612.0252,2672.74,2673.2781,2804.5978,3052.3,3174.9465,3173.5439,3157.54,3206.9679,3122.932,3032.72,3251.1241,3285.9635,3090.47,3156.1636,3511.5328,3831.53,3773.744,3819.5862,3994.77,3854.8822,3717.749,3780.34,3902.6571,3882.7699,3758.77,3735.5802,3686.565,3607.04,3630.3878,3620.3787,3565.93,3597.1143,3633.1844,3626.92,3618.4133,3639.468,3626.73,3501.1246,3476.5545,3554.59,3527.8529,3490.9517,3422.07,3230.2971,3301.8114,3534.12,3442.6947,3431.7003,3599.18,3595.686,3427.4546,3324.09,3497.0451,3588.8723,3507.51,3498.6935,3524.0637,3488.33,3361.3507,3292.1095,3312.11,3277.3729,3004.7532,2633.81,2530.5031,2640.3872,2728.64,2614.7201,2604.2493,2726.44,2723.7918,2773.1552,2851.56,2743.7378,2701.1937,2749.86,2674.4124,2665.1487,2740.83,2711.0521,2652.0927,2627.62,2627.872,2676.7657,2764.71,2825.0144,2743.6108,2615.47,2641.152,2581.7674,2537.61,2809.8003,2736.5201,2311.72,2209.1383,2227.4519,2201.65,2208.9966,2239.3465,2335.8,2524.9289,2475.9015,2239.71,2211.4916,2283.0138,2401.15
2025-04-19,2602.7429,2560.894,2331.69,2329.7686,2496.9372,2579.42,2396.6392,2329.8171,2456.13,2494.4921,2510.3605,2625.19,2841.9234,2848.792,2647.27,2546.3438,2522.4649,2545.11,2621.5105,2600.4897,2572.9,2756.3861,2770.4383,2644.65,2754.165,2639.5461,2404.64,2636.4071,2771.3433,2621.72,2577.0795,2648.8552,2759.61,2828.1239,2717.3392,2536.75,2582.6881,2844.8572,2974.99,2664.3223,2746.8902,3230.34,3295.9185,3259.5424,3290.5,3212.836,3225.2741,3294.31,3195.3238,3239.8422,3366.7,3235.3632,3392.9875,3788.73,3802.7507,3816.8831,3916.12,3787.8042,3736.1176,3818.7,3777.159,3710.0725,3664.95,3589.1691,3600.006,3660.82,3618.5331,3634.7616,3690.57,3619.3881,3690.4373,3846.33,3749.3353,3679.0373,3732.28,3721.5831,3685.2559,3620.37,3470.6635,3369.6482,3438.86,3644.2509,3597.0059,3398.89,3511.281,3542.6841,3407.57,3442.373,3569.2155,3600.96,3454.3493,3443.193,3569.22,3531.9806,3458.449,3376.58,3196.6883,3185.3792,3365.5,3433.6575,3138.3679,2615.71,2329.3455,2545.2875,2921.66,2830.3786,2694.5382,2714.87,2673.9414,2641.2804,2641.0,2616.4462,2671.3407,2796.8,2851.6119,2785.9618,2677.58,2649.3269,2601.5142,2581.07,2728.5419,2762.0785,2671.13,2714.4188,2721.9316,2656.18,2678.1521,2766.3297,2830.14,2767.8037,2527.8398,2347.64,2532.8272,2582.8241,2364.68,2243.5977,2284.2438,2371.92,2348.9609,2275.598,2221.91,2282.2492,2798.1559,3429.12
2025-04-20,3406.0222,3206.3349,3255.0,3499.7272,3495.4072,3309.7,3421.4067,3540.8134,3508.12,3467.8757,3465.747,3486.39,3512.4229,3636.9539,3706.58,3474.9338,3397.4504,3554.97,3581.127,3531.9228,3550.94,3689.795,3739.6251,3677.72,3669.3215,3633.7526,3569.44,3601.6298,3778.9693,3890.34,3684.0189,3668.3357,3777.71,3552.0459,3954.102,4825.5,4959.8518,4872.7292,4910.08,4857.1593,4724.7232,4644.27,4734.1515,4835.3889,4846.99,4935.5189,5767.0863,6792.02,6692.7219,6396.2135,6478.77,6613.6485,6581.0972,6484.74,6593.7924,6700.9104,6632.42,6423.766,6312.6351,6348.91,6381.9289,6404.8917,6436.69,6474.5241,6483.0833,6481.84,6509.933,6444.2199,6350.76,6397.9729,6262.5197,5965.36,5891.3022,5998.2033,6057.73,5927.5777,6075.1785,6403.66,6333.7798,6208.4979,6187.49,6107.0849,6180.9941,6355.38,6328.1282,6261.8004,6249.6,6213.5077,6150.2991,6110.91,6138.538,6118.6111,6049.07,6043.5976,6069.7056,6059.99,5998.6192,6050.9245,6156.27,6060.3375,5824.4877,5717.54,5949.8851,6027.2239,5988.92,6193.6632,5512.7109,4260.33,4029.9894,4262.6617,4328.75,4182.6654,4148.7491,4279.8,4329.2694,4288.0802,4214.88,4174.3013,4229.7064,4272.33,4142.0011,4141.8325,4280.02,4275.6553,4325.1459,4367.27,4149.3208,4151.771,4431.71,4468.4221,3907.7265,3223.51,3270.9462,3348.8543,3208.9,3275.1145,3278.18,3202.97,3329.8007,3387.9719,3298.89,3284.4965,3421.8093,3556.38
2025-04-21,3462.3791,3384.3233,3450.78,3550.859,3563.7899,3491.43,3454.3599,3548.7097,3651.29,3534.6552,3394.337,3364.68,3409.7522,3490.18,3581.77,3658.3431,3636.9276,3599.27,3712.7096,3780.8502,3746.08,3718.9581,3572.2077,3485.65,3766.4434,3792.0143,3552.61,3659.8915,3826.6931,3822.06,3744.4468,3829.6366,3905.34,3673.3649,4029.8987,4835.23,5002.9967,4990.9725,5053.87,4950.8014,4863.3406,4848.98,4794.7444,4836.5996,4845.12,4669.0419,5320.9182,6521.59,6857.4023,6706.5998,6564.9,6536.6922,6552.6432,6500.49,6345.9273,6364.7925,6569.74,6675.4155,6578.5857,6478.65,6657.052,6728.9612,6571.99,6430.6133,6296.1861,6242.46,6407.0432,6585.5672,6584.02,6367.7419,6142.0645,6002.81,5885.8646,5764.4937,5700.06,5811.6065,6131.9309,6458.54,6499.8418,6449.202,6391.8,6241.0348,6142.8574,6135.92,6138.5,6248.188,6356.28,6233.9439,6169.6549,6264.22,6323.2169,6258.7309,6202.28,6332.5556,6282.6216,6066.9,6078.8602,6157.2087,6187.98,6222.0887,6207.7389,6172.24,6187.3463,6090.599,6013.93,6128.1804,5420.2832,4327.47,4360.6362,4388.8366,4061.42,4186.68,4386.7667,4381.37,4290.3396,4193.2641,4145.5,4172.7443,4223.5366,4291.77,4401.5629,4446.1017,4428.82,4440.3863,4358.032,4285.74,4452.7915,4487.0048,4411.08,4519.7143,4058.0175,3272.03,3239.8776,3327.7174,3303.86,3558.2818,3619.0694,3422.63,3382.6811,3306.5711,3222.14,3376.223,3398.1678,3275.05
2025-04-22,3359.0032,3412.6743,3394.64,3504.126,3521.0047,3433.83,3459.8912,3471.365,3463.76,3568.9202,3621.3181,3598.88,3625.6043,3542.6047,3422.21,3525.2002,3655.0081,3640.11,3508.2375,3501.8458,3656.19,3766.4654,3713.4978,3598.49,3633.6888,3694.2408,3641.73,3495.5696,3592.2337,3828.24,3765.541,3683.7005,3642.15,3516.395,4013.7353,4838.26,4894.3938,4723.6864,4683.67,4621.8322,4752.349,4938.22,4788.1934,4670.1891,4648.96,4571.9196,5338.0534,6507.01,6598.8053,6372.5127,6408.93,6545.5673,6670.2739,6706.79,6633.8887,6583.9084,6578.22,6528.636,6502.9269,6550.65,6616.8941,6483.9142,6341.44,6595.178,6745.3697,6533.58,6215.7273,6191.8778,6373.4,6308.3876,6160.8822,6047.17,5921.7398,5912.798,5991.81,6020.5782,6210.5701,6374.13,6103.0587,6028.2249,6276.38,6344.9427,6288.4288,6250.08,6261.9966,6163.0615,6093.47,6334.1526,6364.4281,6171.95,6269.8765,6430.1449,6391.94,6153.1526,6082.5122,6128.89,5927.7758,5881.6518,6073.85,6157.6125,6131.0328,6065.05,6018.6818,6075.6637,6240.39,6289.7771,5490.8379,4282.83,3989.4991,4281.876,4504.72,4315.0504,4191.7718,4307.65,4364.6486,4236.788,4148.67,4399.8712,4416.9749,4199.8,4292.347,4265.4837,4105.79,4257.3137,4345.2507,4287.67,4385.0025,4461.5724,4538.86,4712.4966,4151.4357,3237.31,3263.2699,3418.7963,3302.46,3317.8022,3299.3428,3264.87,3433.0194,3497.1594,3362.26,3272.3453,3426.1107,3663.48
2025-04-23,3636.2405,3602.4319,3617.65,3504.9275,3566.3783,3731.84,3598.5022,3409.2671,3400.77,3574.1506,3690.4323,3663.84,3604.9799,3561.4678,3489.95,3351.7145,3402.2025,3606.95,3661.6001,3636.7657,3645.33,3705.5304,3688.1161,3636.75,3722.5171,3794.0843,3721.85,3542.4507,3524.8567,3674.58,3739.1276,3716.1795,3683.77,3773.2175,4246.673,4826.81,4903.4865,4809.0779,4791.78,4781.315,4740.6697,4707.91,4772.0461,4958.2965,4937.37,4506.5282,5215.1682,6653.3,6759.7251,6434.3293,6465.14,6675.2579,6572.7089,6291.82,6428.5121,6655.6667,6686.44,6559.0347,6488.0689,6522.92,6532.306,6489.9682,6455.73,6487.6102,6419.3662,6328.26,6456.0099,6516.9784,6445.98,6429.4819,6252.795,5929.03,5764.9086,5899.6344,6108.93,6039.2302,6069.9094,6272.87,6328.9748,6325.5815,6317.22,6253.2703,6218.1679,6243.5,6279.2252,6299.8403,6251.81,6126.5161,6212.4009,6345.93,6095.9467,6031.2757,6156.51,5946.1761,5994.7025,6278.06,6146.6766,6053.258,6159.88,6156.8891,6147.3055,6227.85,6336.003,6254.6902,6166.45,6313.2129,5511.907,4159.97,3985.5168,4301.7702,4448.64,4418.0739,4212.9002,4052.5,4202.0155,4247.7579,4106.79,4118.3027,4294.9077,4481.48,4490.2167,4330.4564,4188.87,4258.0183,4263.6486,4229.16,4421.7059,4449.2758,4406.35,4675.8845,4240.383,3295.92,3136.6643,3197.0845,3145.76,3255.7095,3360.8717,3367.62,3357.9771,3354.6642,3327.2,3258.176,3316.883,3475.26
2025-04-24,3503.3495,3352.7321,3282.91,3573.9144,3587.9122,3351.63,3508.199,3604.2192,3479.68,3470.0908,3581.652,3689.14,3677.0744,3635.0884,3593.84,3520.7003,3560.9743,3636.9,3530.4701,3522.4506,3672.83,3737.5207,3655.3262,3539.66,3554.4002,3570.4392,3506.69,3434.9862,3533.195,3661.21,3527.8157,3579.4317,3757.52,3636.3217,4037.219,4815.07,4932.063,4895.6802,4982.99,4923.7247,4783.1804,4750.04,4926.0178,4950.2231,4698.89,4548.2188,5392.1725,6667.63,6821.3307,6630.4154,6570.77,6387.4581,6476.1833,6698.62,6499.1179,6445.655,6634.0,6576.702,6486.1118,6511.1,6539.8549,6417.5671,6267.17,6362.6582,6451.3352,6422.9,6409.0919,6402.0698,6380.88,6339.0404,6229.1308,6004.32,5725.6902,5811.8795,6094.78,5992.3907,5948.762,6161.66,6342.6788,6309.6079,6139.45,6071.7462,6088.2801,6111.21,6104.382,6162.6976,6266.82,6279.7824,6185.4421,6082.64,6100.7838,6161.5328,6193.63,6200.0235,6234.2918,6215.24,6034.9787,6044.2363,6216.53,6169.1873,6063.7822,6091.6,6241.5557,6167.5364,6063.38,6309.7741,5634.0691,4372.3,4254.2574,4503.0833,4461.21,4288.0821,4316.9035,4431.3,4240.7758,4173.3329,4336.42,4389.9105,4324.9779,4212.09,4136.6099,4266.8925,4473.01,4419.9319,4229.898,4169.06,4390.3277,4512.9283,4560.06,4764.5966,4123.1622,3041.04,3037.0692,3234.6331,3159.33,3222.2124,3303.6002,3311.3,3314.6337,3343.0024,3403.41,3417.3765,3035.3529,2493.69
2025-04-25,2415.768,2385.9105,2336.47,2599.1316,2670.1623,2447.86,2364.8612,2510.7493,2658.78,2518.1372,2420.8815,2494.48,2552.146,2597.485,2601.93,2511.194,2493.6709,2558.96,2559.9385,2579.0261,2642.14,2664.7893,2595.0362,2598.85,2868.5774,2896.8242,2652.23,2616.2486,2709.8661,2736.8,2622.3959,2642.0575,2786.46,2774.4367,2717.7459,2663.02,2559.8636,2624.8564,2808.94,2851.5791,2966.9562,3121.63,3049.0299,3017.411,3147.05,3276.7082,3268.4641,3138.46,3035.133,3047.3396,3056.76,2936.3124,3246.1999,3801.1,3819.4881,3784.6209,3864.97,3732.7813,3627.9229,3670.59,3738.0699,3806.8518,3797.88,3633.7027,3564.4809,3650.47,3711.8971,3703.092,3690.41,3758.1907,3769.3151,3726.42,3742.3725,3602.8485,3366.47,3352.0797,3493.319,3657.86,3749.0301,3682.1448,3520.23,3431.0159,3421.8174,3483.82,3583.9515,3507.4069,3393.39,3588.2527,3687.6493,3541.17,3408.4256,3401.9988,3522.29,3652.2515,3510.5178,3307.31,3513.4303,3549.8401,3374.44,3465.5841,3206.1682,2690.65,2706.5309,2855.9377,2878.57,2904.4935,2852.0592,2722.63,2624.1422,2533.8302,2538.47,2756.5224,2871.9679,2773.52,2666.1375,2745.2023,2862.95,2708.7839,2649.4518,2758.57,2762.6023,2847.4901,2941.25,2759.3512,2659.4385,2724.77,2687.3805,2630.1703,2715.39,2935.3394,2697.8483,2233.23,2348.2445,2327.3898,2105.39,2354.3605,2556.3776,2479.08,2410.8446,2351.8906,2382.07,2593.4927,2524.7954,2264.26
2025-04-26,2361.9963,2475.5827,2467.85,2558.2714,2653.1946,2670.58,2626.6756,2553.0368,2504.44,2535.8129,2618.1345,2637.16,2499.2528,2439.6547,2558.12,2714.1862,2693.2941,2563.44,2592.777,2660.4114,2659.61,2605.2636,2538.4753,2472.3,2432.0847,2606.9071,2799.36,2608.6415,2509.1585,2690.46,2837.7567,2674.6861,2448.18,2668.3756,2885.6749,2856.48,2765.3075,2698.1141,2598.7,2438.3024,2712.5897,3241.08,3318.0012,3342.3076,3358.91,3020.7147,2934.4796,3165.97,3182.935,3188.9173,3169.35,2951.2236,3314.5015,4006.53,3959.6953,3904.2343,4037.34,3808.6482,3641.0123,3696.5,3700.2461,3687.2887,3718.29,3776.9823,3773.9807,3705.92,3671.4562,3754.6459,3852.38,3762.4034,3612.2942,3543.81,3596.1342,3679.5463,3678.82,3543.9363,3456.6207,3535.98,3722.3864,3738.1814,3592.61,3553.2331,3564.1276,3566.73,3575.0907,3565.5609,3497.69,3377.9621,3413.0822,3554.44,3541.7276,3485.9848,3511.91,3611.0443,3581.4381,3378.45,3171.206,3156.1955,3338.63,3468.3519,3093.9573,2552.08,2645.1757,2731.2536,2640.98,2815.128,2791.8621,2529.53,2506.0886,2659.3096,2825.02,2904.7994,2901.2956,2825.19,2703.0792,2684.6558,2774.77,2812.5738,2689.7651,2589.22,2784.9708,2835.7542,2676.21,2690.9141,2830.764,2878.01,2686.0333,2593.4616,2704.37,2787.5796,2701.4369,2437.64,2157.1073,2243.6824,2550.03,2544.0373,2482.2242,2479.18,2384.7372,2360.9948,2405.99,2413.046,2805.4018,3346.82
2025-04-27,3333.9964,3344.4078,3611.44,3741.6372,3545.1211,3319.64,3515.2917,3511.9004,3274.15,3371.7096,3392.2146,3273.74,3403.4949,3553.6114,3560.03,3494.3787,3469.3952,3498.27,3506.5645,3502.7945,3609.0,3906.7275,3970.3376,3728.97,3544.5397,3568.6357,3642.49,3510.6171,3518.9015,3673.76,3626.1819,3561.5697,3480.87,3315.6701,3944.9539,4917.15,4834.033,4734.6829,4921.7,4653.8739,4444.0738,4611.43,4915.491,4981.6103,4752.7,4631.8865,5421.6301,6654.28,6958.0721,6789.9332,6636.39,6535.7424,6502.5104,6522.51,6535.7336,6420.4533,6291.92,6398.724,6523.2894,6531.19,6481.5129,6400.1318,6361.11,6421.2079,6348.0084,6175.26,6174.7933,6222.4622,6276.08,6381.2212,6218.9155,5903.31,5887.0606,5886.4381,5762.45,5722.0611,5998.4085,6390.89,6418.5877,6225.2841,6105.3,6210.8233,6188.2161,6034.51,6085.7339,6138.1118,6126.36,6199.3271,6253.5512,6253.7,6268.7525,6250.9931,6193.48,6151.0488,6138.4286,6124.86,6075.0954,6070.3247,6123.01,6174.1508,6265.6553,6326.59,6228.81,6162.1515,6175.38,6031.6903,5281.9202,4371.39,4259.5195,4223.2817,4056.82,4255.2506,4351.3664,4228.96,4246.0504,4260.3684,4243.81,4340.0398,4403.1787,4366.75,4314.8344,4311.6585,4321.0,4259.3431,4225.0874,4270.67,4345.4986,4364.3688,4407.71,4519.5534,3962.6093,3107.2,3144.9976,3366.6746,3323.8,3267.6269,3248.3531,3306.49,3459.493,3450.464,3252.93,3137.425,3343.8415,3635.53
2025-04-28,3529.6765,3404.4175,3477.16,3584.1767,3572.7225,3551.53,3712.6921,3596.1676,3317.7,3496.7351,3806.885,3809.57,3413.1097,3342.7918,3594.72,3518.0331,3569.2252,3748.61,3573.9808,3571.8179,3749.2,3578.7102,3490.2522,3623.26,3668.3573,3670.4431,3678.87,3655.7999,3578.8716,3524.22,3592.129,3610.9428,3476.75,3369.7218,4001.6903,4904.63,4832.0656,4625.9286,4689.22,4630.6008,4757.3641,4975.78,4841.5747,4819.1875,4816.99,4441.7959,5149.793,6521.35,6586.3415,6495.332,6733.06,6601.6691,6531.5567,6602.55,6430.6187,6351.9272,6443.75,6433.0514,6420.6703,6397.42,6242.1773,6207.723,6371.13,6524.056,6423.0275,6288.19,6559.9294,6710.0323,6602.51,6568.0798,6277.2413,5935.76,6118.458,6088.2562,5711.16,5653.4779,6014.0729,6436.4,6457.9073,6389.8479,6397.04,6345.6588,6277.0812,6209.77,6144.9291,6278.6715,6447.13,6273.1099,6145.5635,6229.21,6294.5197,6224.5745,6129.35,6192.6828,6136.6968,6005.78,6109.6068,6083.5183,5931.35,6040.1104,6171.2843,6138.5,6001.215,5940.4616,6078.33,6245.613,5523.4461,4344.77,4154.2243,4318.1885,4303.63,4231.2597,4277.8957,4385.35,4322.9231,4142.2515,4064.99,4262.1892,4336.8721,4237.76,4276.2713,4272.4065,4210.67,4302.8539,4495.903,4597.26,4446.8096,4289.1673,4349.59,4550.3721,4139.0796,3376.18,3301.9384,3381.414,3278.17,3218.8775,3256.826,3288.09,3203.4185,3279.6334,3402.17,3200.7959,3206.6568,3447.14
2025-04-29,3409.9503,3349.0502,3424.09,3494.6984,3409.1518,3310.59,3475.3704,3553.9363,3471.49,3498.2464,3551.491,3567.4,3567.7545,3478.4647,3411.79,3568.1433,3666.7187,3585.16,3476.095,3461.9147,3521.05,3550.2654,3643.6812,3736.29,3650.1613,3585.8428,3623.45,3651.093,3657.1515,3631.45,3568.6458,3577.9578,3597.0,3543.0065,4010.1917,4771.67,4920.6523,4788.9728,4757.02,4863.9164,4882.6681,4770.93,4713.9092,4801.0682,4794.91,4533.104,5266.6719,6589.97,6742.0744,6552.4956,6572.75,6520.2458,6554.4244,6672.65,6659.2204,6577.4512,6547.2,6618.1674,6631.8555,6540.31,6439.6822,6354.7132,6331.99,6409.1684,6429.8894,6362.67,6323.8071,6324.8368,6336.98,6320.6473,6241.5542,6059.77,5821.9763,5919.8085,6150.51,5945.8261,5960.0012,6288.08,6335.2548,6231.1134,6172.67,6203.9783,6252.1925,6260.04,6210.6004,6082.0755,6021.25,6213.635,6333.6764,6270.88,6214.9896,6180.2835,6187.37,6259.7812,6226.3903,6084.83,6026.156,6133.6356,6247.11,6123.7445,6033.3708,6081.44,6094.2952,5973.3624,5913.16,6059.3818,5355.4843,4201.85,4146.7114,4331.7699,4277.09,4343.2133,4277.2101,4162.01,4365.0876,4418.893,4270.16,4329.0164,4359.973,4299.45,4356.0804,4466.4091,4493.95,4363.2601,4243.3335,4254.63,4347.3318,4251.986,4165.16,4441.942,4060.5317,3194.41,3112.3459,3306.9541,3345.58,3323.7335,3304.0313,3276.95,3207.3219,3186.725,3275.51,3416.3862,3356.0726,3256.37
2025-04-30,3499.9191,3533.3545,3341.24,3441.2406,3405.5679,3249.42,3447.2636,3582.5044,3540.95,3611.2394,3577.7827,3442.38,3474.1798,3615.7082,3751.08,3787.7274,3629.4293,3438.23,3490.9789,3502.686,3428.32,3525.0783,3721.0501,3745.38,3426.3224,3401.9412,3684.66,3667.0192,3567.2427,3543.83,3514.4504,3529.1178,3551.76,3557.8121,4023.8771,4787.69,5110.5262,5014.5679,4828.31,4860.6133,4919.4745,4876.87,4802.2341,4783.6457,4691.7,4486.3682,5281.5474,6575.76,6649.8942,6488.1593,6605.87,6520.6245,6413.121,6444.15,6548.071,6557.2292,6502.23,6545.5312,6503.6566,6399.67,6454.301,6504.8652,6466.06,6433.349,6510.0475,6588.25,6458.4755,6342.7692,6410.79,6580.0246,6435.7561,6076.44,6003.546,5966.5977,5833.32,5802.2575,6120.4345,6499.42,6368.0651,6180.6594,6193.22,6216.7044,6134.7578,6092.59,6314.8492,6408.6779,6235.21,6048.8733,6025.5265,6139.46,6215.1674,6191.6918,6131.82,6143.1667,6145.1039,6124.33,6144.2615,6120.5075,6088.96,6168.2052,6183.4044,6107.74,6093.2835,6119.3041,6213.15,6283.7299,5458.7671,4205.28,3997.9867,4225.0583,4308.07,4245.6864,4065.6082,3986.32,4247.1582,4430.5527,4383.18,4341.0336,4372.8455,4448.55,4481.0299,4372.9944,4230.58,4283.6169,4437.9033,4579.24,4640.9075,4506.6473,4356.87,4416.1629,3906.0225,3140.52,3267.3147,3424.812,3221.68,3143.8478,3232.9183,3320.5,3249.233,3245.6711,3349.79,3407.8539,3606.5014,3791.19
2025-05-01,3587.1893,3436.1989,3525.12,3603.2309,3533.0955,3421.83,3465.8096,3394.3864,3283.84,3476.4776,3541.3856,3456.26,3621.878,3720.0669,3629.97,3551.6116,3442.5767,3398.8,3598.7264,3751.0302,3738.11,3724.5062,3818.7227,3861.64,3619.1899,3536.8964,3728.52,3824.9159,3567.8125,3297.34,3597.0769,3792.8722,3550.64,3299.379,3822.8292,4740.31,4854.508,4665.4804,4668.14,4836.8147,4854.0279,4739.71,4798.9228,4860.62,4751.27,4622.1741,5371.2189,6517.46,6599.8613,6453.5681,6594.03,6683.355,6620.967,6534.06,6616.25,6698.4213,6639.67,6475.2627,6447.7452,6512.04,6408.8758,6361.0045,6404.48,6340.8554,6274.8424,6333.08,6491.0965,6374.3932,6097.16,6125.5369,6058.388,5889.9,6033.496,6122.8403,5980.23,5832.7536,5949.0376,6236.39,6334.7915,6285.6928,6260.52,6370.5096,6394.8928,6280.6,6193.4369,6170.0732,6195.92,6251.3622,6352.9721,6331.43,6026.3148,6053.5823,6322.6,6153.7293,6088.5127,6207.95,6042.5728,5999.927,6165.94,6201.0805,6251.895,6372.33,6436.2481,6476.9973,6551.93,6567.3309,5945.4452,5058.95,4931.4787,4938.5574,4783.39,4767.1497,4603.9771,4467.17,4816.8277,4852.9427,4577.11,4777.1857,4917.6889,4691.64,4406.3804,4514.2528,4915.99,5086.4612,5114.2648,5040.16,4792.0254,4664.3725,4761.39,4822.1281,4305.6777,3594.91,3637.4007,3716.9005,3598.99,3766.2205,3942.7332,3844.05,3518.726,3549.3366,3870.95,3785.9715,3199.4846,2577.89
2025-05-02,2519.1235,2560.227,2453.6,2390.8136,2380.8368,2397.73,2441.739,2549.5788,2676.22,2704.2041,2596.0937,2494.69,2586.0885,2606.8153,2502.4,2496.5773,2626.0188,2711.01,2548.4229,2488.9677,2641.76,2767.0112,2761.7004,2671.97,2641.2851,2751.4845,2889.87,2850.7304,2763.5247,2742.72,2789.545,2853.5518,2834.31,2676.0953,2640.5117,2746.29,2775.9985,2844.3632,2841.33,2588.223,2827.271,3395.25,3362.278,3259.28,3336.02,3280.3699,3165.487,3107.37,3113.2235,3012.1536,2912.48,3132.5333,3536.3462,3823.93,3786.7748,3753.9586,3827.38,3799.9371,3680.9229,3629.34,3795.7711,3938.2759,3890.62,3730.8028,3790.4266,3917.49,3642.299,3389.1476,3457.55,3726.4477,3825.9099,3699.67,3611.0517,3611.9983,3657.0,3667.4734,3597.9544,3487.5,3438.5223,3500.1352,3626.84,3696.6576,3612.3465,3484.81,3517.0258,3492.0743,3452.34,3621.5129,3517.044,3260.48,3461.2082,3573.2056,3479.97,3600.1227,3605.9115,3455.37,3459.6372,3440.876,3550.46,4037.2752,3784.8159,2956.67,2887.3405,3107.0242,3083.71,2831.9449,2893.5425,3209.73,3194.4953,3054.7365,2979.13,2929.8531,2866.242,2871.31,3044.2008,3081.0952,3035.6,3234.361,3278.4933,3045.39,2864.1938,3001.2039,3269.65,3254.3056,3329.6055,3489.56,3296.6588,2923.2706,2828.08,3256.5346,3154.4634,2577.04,2623.3627,2844.7708,2825.32,2636.0117,2544.1157,2638.58,2748.5999,2580.1309,2387.57,2701.3053,2879.1009,2676.09
2025-05-03,2474.8848,2381.3108,2441.44,2619.8616,2515.8743,2298.01,2543.7938,2840.1088,2891.14,2791.7079,2703.2909,2640.87,2513.2129,2434.9609,2447.54,2470.3856,2445.2518,2424.39,2508.7483,2585.1882,2605.11,2637.3324,2736.2814,2786.04,2634.7686,2627.2471,2746.63,2649.2722,2617.6441,2707.55,2675.1535,2627.916,2666.36,2766.731,2808.5587,2745.25,2640.3419,2604.2693,2627.3,2633.0967,2792.9144,3129.92,3428.3581,3384.9711,3188.72,3289.4373,3168.9247,2870.51,3013.4253,3290.8809,3314.68,3051.7073,3209.7122,3690.32,3715.6833,3723.7817,3906.48,3969.5171,3916.9946,3812.87,3716.3453,3742.9939,3836.07,3807.3836,3689.8154,3579.87,3557.4461,3610.0959,3686.28,3737.2105,3784.6231,3771.9,3627.3323,3586.6287,3579.96,3350.6249,3395.5751,3661.5,3593.0421,3574.4965,3693.71,3625.2675,3539.2674,3518.6,3469.8158,3459.2613,3529.51,3622.1918,3555.199,3471.36,3680.1512,3758.5124,3584.23,3472.6425,3530.2925,3636.15,3597.3672,3602.2184,3670.95,3588.2919,3269.0417,2923.33,2904.1816,3095.8874,3246.76,3162.4341,2941.7418,2760.41,2786.4483,3121.3396,3349.99,2955.222,2950.9854,3370.73,3245.7919,3049.9412,3081.76,3152.5804,3316.6589,3435.05,3264.783,3165.7351,3173.65,3001.415,2963.8402,3134.23,3253.8927,3325.3077,3425.41,3533.492,3245.5321,2663.28,2380.8672,2538.7121,2778.92,2605.191,2459.2957,2534.79,2605.5211,2703.9259,2701.94,2483.8675,2850.2293,3576.17
2025-05-04,3600.878,3517.5583,3663.87,3738.6203,3627.6038,3519.92,3677.555,3681.4709,3477.57,3446.4336,3553.1771,3597.33,3435.7679,3362.7028,3434.64,3439.9067,3479.3008,3611.94,3750.4401,3726.4832,3594.14,3557.7935,3473.0313,3447.04,3722.2143,3748.567,3515.52,3543.1462,3532.5678,3505.97,3788.1802,3812.7481,3556.64,3633.8857,4107.4929,4647.18,4824.7988,4805.1034,4816.77,4938.8312,5003.3023,4860.67,4565.1648,4629.412,4781.05,4416.9322,5099.0946,6517.11,6661.7452,6384.5243,6401.56,6539.4824,6585.4327,6542.59,6572.6929,6609.9453,6604.5,6573.8955,6508.3917,6482.0,6571.3404,6514.3487,6338.0,6339.6685,6404.5115,6425.39,6421.499,6454.9941,6532.08,6541.8897,6192.0146,5714.75,5697.9744,5882.3584,5971.23,5942.686,6128.1645,6425.18,6388.1313,6269.1542,6252.7,6272.0999,6252.8738,6242.54,6336.3133,6344.4272,6212.53,6102.4862,6195.3774,6363.67,6301.9684,6226.6517,6230.62,6217.011,6344.8218,6510.87,6437.6251,6446.4149,6565.1,6487.2298,6351.0292,6291.01,6310.3425,6367.9031,6456.06,6459.7267,5717.0811,4705.0,4625.3319,4536.9583,4327.09,4808.4573,5035.9817,4803.87,4824.9605,4738.9632,4538.2,4656.2287,4771.8741,4740.81,4726.6026,4644.9477,4585.64,4764.64,4949.0228,4952.32,4816.5647,4835.2421,4969.68,4848.1529,4356.698,3836.45,3769.4786,3684.6664,3514.84,3629.0544,3585.2479,3411.99,3580.5189,3637.814,3509.46,3570.0123,3543.1032,3478.5
2025-05-05,3724.6146,3859.5851,3667.01,3387.0802,3443.2452,3635.86,3385.8926,3228.6855,3394.39,3549.9039,3490.5612,3439.47,3758.0044,3836.8187,3567.95,3453.621,3447.154,3440.92,3431.9732,3492.4664,3584.03,3598.3423,3652.031,3721.08,3649.078,3540.0642,3494.06,3541.9951,3714.7728,3841.66,3708.8262,3713.0604,3799.92,3609.0664,3929.0561,4660.16,4833.007,4717.1707,4650.95,4670.1401,4627.4277,4580.45,4738.4521,4927.3282,4919.06,4763.6645,5381.3423,6467.97,6718.1974,6568.7843,6487.0,6506.8758,6607.8721,6645.58,6475.2859,6396.7642,6510.56,6615.3584,6560.0825,6465.06,6572.0344,6600.8937,6460.48,6362.218,6428.5728,6519.86,6401.3861,6387.3304,6554.76,6604.2484,6260.9891,5781.11,5746.2292,5958.8145,6053.48,5882.6558,6004.9692,6371.62,6370.393,6260.9285,6325.75,6542.3756,6504.1106,6189.11,6011.4848,6193.3389,6421.83,6203.2927,6206.659,6467.51,6364.3682,6336.534,6457.96,6327.2542,6193.3091,6216.38,6285.8351,6253.1959,6252.35,6501.1862,6434.6164,6129.86,6237.2141,6364.8053,6543.25,6978.6702,5943.4133,4251.5,4576.106,4996.363,4689.91,4758.1815,4893.7667,4806.82,4621.0366,4528.4292,4585.76,4676.5274,4601.0273,4547.35,4855.4603,4881.439,4561.13,4496.4406,4635.7546,4824.28,4950.6434,4818.3401,4629.87,4711.4088,4259.2438,3538.56,3661.9444,3756.3837,3547.33,3622.4368,3604.076,3429.43,3486.269,3690.2929,3807.5,3677.5266,3527.1571,3471.86
2025-05-06,3434.9695,3408.8761,3497.99,3770.8304,3806.1137,3596.55,3549.4285,3583.6544,3561.52,3468.147,3483.4949,3587.01,3588.7979,3608.1207,3679.68,3679.7603,3521.4354,3404.93,3623.896,3760.5708,3658.89,3567.6684,3581.9109,3685.57,3805.792,3911.8258,3947.41,3853.4735,3707.4493,3635.45,3714.9048,3776.1897,3685.08,3544.957,3977.7737,4765.43,4994.2807,4841.0641,4721.48,4846.1087,4806.5374,4594.54,4631.5901,4835.4916,4885.7,4691.4576,5421.5413,6627.89,6632.5802,6510.801,6705.06,6563.5191,6409.6855,6459.97,6535.772,6364.1663,6175.72,6443.8918,6556.8717,6430.83,6555.443,6521.3903,6303.57,6336.6179,6432.1177,6449.6,6449.2116,6452.5909,6492.74,6557.6115,6380.3979,6054.69,5956.1431,5904.6587,5880.71,6054.3746,6154.5745,6186.04,6377.9263,6326.1269,6073.63,6097.5019,6183.7571,6198.12,6239.3821,6300.1648,6303.96,6185.8171,6083.7815,6137.19,6338.0505,6313.5091,6165.98,6340.2639,6409.9064,6246.34,6160.7658,6140.6411,6197.34,6386.4839,6506.1017,6465.44,6351.7557,6261.3022,6387.97,6696.3588,5933.2703,4557.62,4386.8225,4641.8853,4785.45,5017.8306,4874.163,4526.87,4674.9725,4885.615,4802.18,4538.2904,4585.4115,4830.92,4701.419,4543.7238,4607.79,4782.9916,4861.5907,4775.23,4652.4385,4751.3039,4949.73,4838.7136,4502.357,4095.04,3751.7503,3741.08,3936.03,3919.1607,3820.4468,3699.36,3488.0711,3441.0186,3512.52,3426.8003,3496.1753,3646.95
2025-05-07,3479.9819,3422.4561,3639.64,3837.6106,3795.3254,3588.79,3489.693,3461.9451,3479.39,3572.1229,3637.7761,3586.92,3446.4644,3502.1816,3687.03,3655.2819,3604.4745,3644.15,3662.3977,3582.649,3512.05,3615.1483,3614.3526,3522.99,3626.1038,3694.5348,3646.5,3630.468,3600.9121,3607.07,3758.6638,3830.8574,3715.56,3604.0965,4037.0143,4719.27,4781.0662,4713.707,4845.07,4982.0314,4916.8584,4764.93,4833.9762,4921.3173,4799.13,4599.1398,5387.3272,6642.27,6690.7106,6484.4334,6586.23,6601.0302,6561.7435,6584.12,6692.1628,6695.1376,6549.43,6420.6012,6493.8451,6606.11,6449.1264,6505.2182,6722.44,6552.1332,6382.9854,6416.21,6451.7889,6409.5132,6360.99,6384.2326,6140.6223,5784.44,5850.3161,6011.8229,5969.16,5785.2084,5948.2277,6333.94,6329.9791,6223.8251,6253.54,6331.7774,6216.5902,6040.87,6186.7888,6398.0163,6388.81,6148.736,6197.5338,6454.23,6337.7044,6177.4322,6176.4,6199.5029,6209.0054,6218.68,6269.5897,6414.3244,6596.82,6648.9813,6418.4121,6183.25,6400.0128,6565.6173,6579.06,6672.8288,5902.5823,4747.71,4733.0216,4729.0495,4384.83,4502.1389,4670.459,4634.91,4604.1901,4730.2908,4873.81,4764.8511,4685.8837,4749.84,4809.4,4911.7584,4998.07,4915.0423,4764.2897,4721.26,4875.1297,4949.2253,4864.49,4734.7172,4311.6641,3782.26,3667.1035,3714.4655,3665.58,3529.4263,3598.9724,3790.91,3715.4,3530.9668,3397.66,3360.1314,3546.7375,3732.12
2025-05-08,3561.6798,3628.7172,3860.57,3597.8341,3430.5853,3546.91,3534.6226,3472.8675,3460.27,3475.3537,3465.2172,3455.3,3515.7833,3561.5999,3597.12,3681.0139,3591.2653,3463.05,3651.7386,3703.9613,3542.22,3543.7658,3580.185,3536.1,3452.7362,3409.9292,3395.96,3371.0255,3564.0323,3876.94,3938.0805,3854.7837,3690.87,3506.7432,3970.1323,4778.3,4869.4194,4631.0325,4578.96,4828.8809,4904.801,4713.99,4636.6107,4812.5695,4907.89,4621.2437,5319.4287,6640.68,6745.9356,6451.7657,6454.75,6620.9968,6729.9125,6663.68,6485.4704,6499.8188,6608.97,6426.4126,6246.2409,6314.49,6568.1769,6621.3556,6464.55,6446.6688,6530.0839,6551.63,6415.993,6379.045,6424.33,6271.2561,6023.6632,5872.45,5916.4043,5946.4475,5870.84,5818.9125,6013.1008,6366.59,6522.9209,6381.1426,6192.54,6302.1972,6314.3962,6166.33,6191.2247,6232.0462,6243.9,6333.2514,6268.4574,6144.39,6285.2523,6301.9698,6171.7,6275.6565,6423.4412,6470.27,6437.5068,6243.4198,6017.57,6037.852,6221.354,6453.21,6591.2207,6190.199,5862.62,6574.6547,6291.5145,4958.71,4580.7689,4473.2339,4317.39,4594.1449,4742.1599,4650.99,4754.7265,4789.8367,4697.25,4709.3731,4693.1356,4780.98,5216.0094,5278.6294,4896.24,4709.0841,4650.2622,4648.99,4750.5699,4751.4832,4785.02,5087.007,4754.3501,3846.48,3416.7339,3483.9922,3716.64,3783.6932,3672.707,3531.58,3507.9301,3444.4764,3462.23,3755.4913,3447.9768,2707.67
2025-05-09,2599.3019,2548.7312,2408.77,2650.1701,2832.4709,2768.42,2695.0856,2591.8803,2516.79,2596.8139,2648.5886,2570.76,2452.0248,2486.0113,2655.34,2755.1917,2772.6807,2741.37,2682.8211,2589.8524,2511.31,2535.9726,2655.9057,2752.53,2704.3428,2708.3745,2749.57,2627.6992,2560.3088,2595.85,2584.5241,2678.0362,2821.65,2769.361,2645.6746,2583.19,2613.1645,2708.4366,2743.8,2631.5068,2747.2598,3037.68,3081.586,3150.6622,3254.15,3108.2906,3009.4765,3074.49,3119.4069,3079.4919,3014.67,3077.1728,3408.2476,3798.64,3856.3739,3832.682,3849.59,3788.6949,3741.6521,3776.13,3847.3089,3790.0003,3652.4,3668.3425,3837.112,3944.2,3771.6587,3678.4344,3730.2,3664.4004,3651.9097,3741.36,3758.2267,3588.6285,3399.59,3470.5864,3493.0333,3344.41,3261.3217,3544.702,3864.21,3588.7253,3423.5064,3615.02,3680.2474,3438.0262,3245.46,3593.9687,3735.6281,3504.77,3461.627,3489.0783,3458.49,3448.2066,3672.5743,3896.28,3664.4202,3540.7107,3659.71,3592.1883,3408.5346,3273.97,3257.969,3203.7375,3037.9,2845.0462,2779.1808,2915.56,3148.8163,3058.1474,2799.85,2929.0316,3001.8817,2898.08,2979.6649,3209.2252,3278.84,2962.0185,2972.1296,3282.55,3182.8471,3110.7704,3264.27,3364.7519,3376.6729,3306.41,3172.579,3134.8437,3231.27,3294.3272,2989.006,2540.25,2524.8996,2547.9627,2441.81,2438.915,2470.4732,2522.97,2642.6529,2585.8571,2363.47,2249.2838,2254.1548,2309.07
2025-05-10,2346.7852,2353.3555,2422.15,2619.7567,2556.7927,2335.12,2456.9541,2613.0977,2563.53,2415.1194,2520.7766,2683.38,2406.2589,2386.5339,2672.47,2605.3498,2499.7067,2587.69,2745.5513,2777.3441,2624.51,2419.1498,2435.1652,2664.92,2813.7274,2712.7607,2518.89,2558.616,2677.8199,2688.31,2579.7694,2675.7678,2915.87,2915.2352,2846.657,2783.47,2642.6613,2673.5294,2795.38,2720.2924,2957.164,3370.46,3262.8534,3065.3495,3106.32,3280.967,3337.3168,3203.69,3026.0662,2961.5007,2973.47,2968.5012,3366.3362,3920.35,3887.2719,3708.563,3769.02,3980.5623,3846.0504,3589.82,3878.7468,3917.8439,3607.84,3658.3177,3752.4044,3734.59,3769.5039,3605.3877,3382.12,3516.1469,3555.3572,3439.28,3563.7719,3700.2559,3625.09,3378.2143,3359.1047,3518.01,3460.6957,3539.0965,3729.59,3614.7271,3462.299,3456.7,3515.576,3536.9683,3498.66,3447.8868,3386.9257,3404.47,3569.7363,3508.9481,3399.32,3748.2669,3780.4692,3479.01,3606.5656,3728.5593,3778.27,4059.8774,3703.2354,2868.01,2676.3768,2793.3831,2875.01,2935.8872,2948.8901,2940.95,2983.0259,3049.4473,3123.71,3203.1615,3204.9841,3042.69,2762.4004,2844.821,3222.31,3324.2744,3197.3048,3089.34,3173.0635,3176.1678,3064.3,3102.929,3345.4616,3497.48,3229.948,3201.4004,3460.05,3376.6567,3051.862,2733.72,2601.3965,2724.3042,2866.16,2707.8093,2687.9077,2853.25,2826.514,2846.8322,2754.62,2244.1401,2578.1274,3508.15
2025-05-11,3481.4968,3322.0139,3466.6,3496.0165,3560.8297,3648.33,3556.3778,3573.5782,3694.05,3618.3884,3546.6896,3603.48,3693.4693,3672.6618,3621.25,3714.5923,3598.3414,3376.29,3530.4977,3699.475,3666.88,3588.7772,3647.9772,3741.84,3623.4395,3603.5187,3730.5,3733.5454,3683.2169,3713.08,3850.8098,3821.3226,3583.98,3456.8612,3918.1477,4677.14,4906.8122,4847.6498,4806.81,4834.7409,4798.2269,4678.42,4628.5711,4834.5085,4945.28,4562.9476,5177.1145,6542.31,6810.1725,6546.3654,6350.07,6259.1162,6424.9498,6619.82,6418.5861,6244.2645,6308.54,6416.6508,6464.3905,6480.73,6535.5084,6450.211,6245.12,6175.3011,6372.0923,6599.29,6484.1992,6420.6316,6487.01,6360.8884,6155.1892,6008.78,5971.3904,6078.6424,6099.95,5791.5635,5867.2106,6270.83,6233.8435,6163.7829,6271.77,6317.9945,6266.1375,6158.65,6087.9663,6239.3594,6421.7,6243.1906,6088.3669,6120.3,6145.847,6220.3858,6321.19,6348.5291,6460.0385,6560.46,6375.5658,6180.3944,6159.65,6243.6393,6279.7961,6327.14,6539.3038,6555.9288,6491.02,6661.5524,5865.7857,4584.77,4618.9508,4833.4585,4783.55,5116.901,5110.0133,4725.48,4750.4586,5081.7143,5165.37,4613.4429,4505.6267,4876.98,4748.8819,4706.1676,4885.59,4776.8795,4681.8388,4710.24,4655.2405,4654.0639,4769.95,4819.1954,4323.0331,3525.45,3262.6501,3544.9918,3806.74,3473.631,3339.6545,3606.86,3703.234,3705.7293,3712.32,3694.9954,3720.7213,3718.16
2025-05-12,3550.165,3458.5262,3493.12,3487.9611,3557.6493,3668.22,3625.9059,3489.8374,3489.13,3776.609,3811.1533,3525.51,3407.4935,3559.7021,3720.12,3568.0987,3566.9461,3781.74,3796.8761,3660.5326,3501.36,3408.9105,3477.1736,3635.45,3701.2314,3706.6855,3668.24,3578.5839,3608.241,3696.56,3621.7015,3604.9276,3576.07,3367.3689,3969.032,5012.68,5041.16,4815.746,4837.66,4839.2072,4807.7834,4791.96,4817.5589,4860.9386,4761.97,4533.8413,5297.6253,6578.41,6688.1596,6537.7591,6664.88,6668.6139,6568.6078,6517.4,6594.9848,6543.6676,6422.12,6526.2114,6519.1312,6411.05,6536.3754,6512.977,6336.9,6415.2199,6555.4106,6588.92,6520.9556,6342.4725,6287.98,6570.0162,6369.8589,5814.14,5867.7361,6047.7192,6015.71,5970.6753,6161.1276,6368.39,6153.3955,6062.5078,6245.95,6305.8445,6244.1905,6203.27,6278.6603,6263.3773,6262.17,6521.8919,6355.0043,5931.3,6126.8809,6295.8205,6161.76,6102.6079,6072.021,6071.11,6191.827,6253.9026,6279.77,6445.9595,6474.9134,6420.13,6595.087,6592.5223,6494.25,6655.8995,5915.531,4632.82,4487.3743,4828.0812,4928.28,4707.685,4545.9359,4632.5,4831.9986,4916.1872,4844.36,4728.4414,4477.6391,4326.39,4631.6554,4760.2695,4567.43,4550.5338,4802.9057,5020.61,4798.9794,4476.7965,4443.84,4716.4057,4422.4601,3685.87,3517.3268,3619.2754,3588.5,3381.8889,3429.4489,3634.78,3497.9759,3447.8365,3567.78,3490.2573,3374.5059,3340.5
2025-05-13,3341.0226,3368.4742,3400.78,3423.3143,3546.4458,3681.9,3606.8285,3475.7407,3424.72,3468.0006,3588.8177,3655.11,3524.6733,3440.0602,3515.35,3621.3799,3571.1474,3431.79,3450.2061,3531.4136,3572.65,3551.6028,3452.6033,3426.89,3666.007,3867.5002,3815.31,3586.4178,3560.9772,3689.51,3592.085,3559.1225,3593.98,3514.323,4167.8274,5119.09,4991.9076,4777.7804,4902.08,4799.6317,4637.9193,4659.5,4896.896,5035.0364,4867.4,4596.1928,5214.6203,6377.4,6695.1159,6707.6247,6757.5,6611.2316,6505.1716,6535.92,6556.197,6506.4089,6436.37,6447.1112,6506.7555,6561.34,6575.2453,6540.645,6517.95,6554.3613,6417.4227,6233.31,6358.909,6381.7512,6254.02,6337.1884,6393.3259,6262.06,6042.367,5925.818,5886.24,5791.3182,6009.5066,6400.8,6403.4497,6300.0409,6277.91,6242.8007,6224.5331,6222.56,6205.3843,6269.141,6363.18,6313.9708,6176.2786,6113.87,6231.9829,6219.5162,6061.17,6051.7345,6128.758,6230.26,6363.8419,6442.6963,6446.21,6430.429,6395.3342,6340.1,6291.3736,6328.8301,6544.52,6792.9639,6052.7736,4705.91,4287.7641,4466.9117,4626.14,4512.6393,4517.4302,4762.41,4955.8147,4878.2154,4683.23,4739.3391,4876.6899,4861.11,4656.6743,4694.5711,4852.51,4624.9766,4616.0087,4910.76,4944.4995,4770.2902,4668.62,4758.7372,4306.5639,3460.89,3189.2599,3349.0607,3563.59,3602.6932,3593.5169,3595.49,3553.6588,3572.4823,3598.12,3464.1546,3345.1934,3317.83
2025-05-14,3304.7077,3349.8747,3423.84,3431.1507,3432.2405,3437.07,3398.1032,3396.5429,3462.35,3544.4136,3604.7352,3602.95,3532.9085,3542.9348,3622.7,3608.1054,3511.9747,3453.35,3542.9662,3626.6583,3656.43,3735.3353,3872.4542,3915.66,3696.8857,3516.2952,3536.49,3661.2915,3783.1023,3777.28,3601.0158,3585.0695,3658.11,3539.3152,4033.1872,4869.83,4896.5966,4799.5472,4943.24,4978.0266,4881.164,4711.82,4558.0324,4637.5049,4743.94,4585.4416,5275.0903,6492.4,6684.6073,6498.3279,6448.54,6395.7599,6384.7858,6457.96,6575.7346,6602.7941,6536.73,6503.5749,6516.3702,6516.54,6454.8176,6475.6839,6542.71,6473.3732,6413.2888,6440.02,6486.3398,6515.3451,6477.52,6334.0758,6174.5763,6074.53,6040.4266,5991.5834,5902.69,5851.709,6008.6845,6238.49,6224.4768,6219.2472,6301.53,6300.8086,6319.4985,6321.94,6171.5014,6149.4183,6244.82,6181.9198,6205.5145,6347.59,6349.3376,6187.8009,6122.8,6420.1331,6522.3212,6409.85,6567.2357,6539.018,6279.69,6219.3076,6103.7612,6096.18,6610.8926,6741.5507,6527.12,6725.2464,5943.0968,4577.22,4570.9441,4753.3443,4582.26,4694.3877,4734.2465,4642.38,4732.9331,4604.2196,4329.96,4456.7617,4782.0146,4938.05,4747.9045,4658.46,4795.37,4857.4446,4752.5607,4650.4,4786.2177,4857.9378,4826.6,4859.2401,4391.9453,3671.01,3573.9531,3548.5467,3463.67,3720.6858,3731.2862,3524.9,3691.4201,3610.5741,3334.96,3575.7923,3765.4935,3615.61
2025-05-15,3426.4425,3404.0807,3482.29,3441.36,3408.1664,3421.47,3390.407,3408.0359,3450.06,3420.6384,3577.972,3794.54,3653.6439,3474.658,3506.67,3683.8404,3732.3949,3639.5,3627.6708,3625.0758,3586.39,3561.9666,3568.0222,3546.38,3449.4513,3515.401,3702.17,3716.5414,3663.9583,3612.24,3546.7672,3665.4407,3711.95,3348.9306,3863.5357,4979.11,5050.0736,4819.7137,4795.86,4728.2504,4741.0,4815.73,4778.2367,4798.1971,4798.97,4654.1729,5308.0172,6374.72,6429.9336,6264.4026,6422.51,6626.5869,6597.6708,6429.21,6450.8454,6489.9,6423.91,6330.6578,6358.7603,6422.58,6327.1414,6416.5565,6637.59,6581.1048,6534.9673,6538.26,6341.7715,6243.225,6328.32,6359.0311,6223.5009,6008.76,5911.9576,5916.4663,5941.21,5935.1331,6000.134,6186.33,6403.2094,6376.8971,6213.4,6270.9903,6237.8705,6080.5,6113.9327,6248.2782,6343.1,6341.0439,6292.9067,6239.05,6200.1019,6255.5089,6279.22,6082.1858,6082.3194,6317.71,6426.154,6565.5139,6694.68,6549.4849,6308.2018,6155.28,6158.3841,6342.9155,6552.47,6436.7898,5601.3886,4586.13,4440.6736,4512.5293,4457.56,4574.4067,4757.6035,4833.73,4713.5942,4484.4242,4379.67,4569.2324,4587.6017,4470.56,4678.2866,4748.5609,4552.26,4466.7275,4604.9449,4862.61,5019.1591,4977.6898,4879.29,4879.2978,4411.158,3704.69,3634.6061,3757.8461,3725.23,3602.2535,3385.0358,3235.29,3380.1118,3566.633,3632.4,3572.1151,3179.1997,2648.72
2025-05-16,2485.8649,2616.6331,2760.76,2687.4586,2580.2886,2511.82,2413.1183,2494.7308,2691.64,2693.1237,2594.8794,2553.38,2618.1606,2601.9587,2539.71,2620.0784,2545.3317,2400.78,2567.8535,2606.7735,2440.77,2465.1832,2662.4483,2773.88,2573.8402,2475.6229,2607.64,2710.5413,2757.8115,2777.85,2793.3322,2831.3278,2795.16,2594.8492,2640.5564,2868.44,2781.6218,2548.3439,2410.13,2481.6475,2763.7261,3120.64,3343.1893,3370.6517,3308.33,3309.625,3221.3608,3082.0,3110.4282,3172.3251,3129.63,3042.761,3380.3562,3902.33,3885.6144,3880.0576,3979.47,3745.7397,3713.906,3946.92,3931.5825,3747.3212,3659.26,3821.8201,3849.463,3703.31,3718.4285,3800.3392,3800.31,3689.7833,3671.7423,3655.28,3398.6103,3426.2049,3667.21,3526.0487,3447.4748,3604.22,3703.0536,3744.3256,3677.01,3443.1064,3453.3798,3641.33,3544.5211,3481.1591,3534.71,3442.799,3303.902,3275.56,3416.811,3540.0271,3477.51,3267.3943,3410.6066,3709.91,3503.7411,3485.0602,3783.38,3755.5209,3326.2399,2905.72,2981.9894,3049.5777,3007.17,3178.2306,3004.4012,2696.92,3050.9511,3252.8886,3090.11,3142.4522,3122.4267,2955.35,2929.1372,3018.3129,3099.13,3050.5365,2834.766,2712.22,3027.0676,3362.4993,3396.68,3165.0684,2974.0657,3077.04,3462.8669,3564.3905,3394.09,3434.748,3212.3218,2719.21,2511.9324,2548.5884,2612.04,2565.1684,2647.1005,2850.02,2877.858,2661.3395,2533.03,2871.7276,2918.2178,2594.84
2025-05-17,2566.1507,2600.1911,2545.27,2509.3345,2390.5594,2301.73,2485.7503,2638.9398,2659.4,2705.2704,2623.4567,2502.69,2609.9552,2648.3597,2555.32,2567.6901,2607.456,2575.37,2493.9471,2609.8445,2853.78,2886.7616,2775.8537,2687.02,2717.5248,2723.4851,2657.06,2618.8879,2674.2009,2779.75,2816.1785,2754.9634,2673.56,2691.4604,2764.7264,2743.97,2550.7855,2617.0579,2856.92,2780.5875,2839.3079,3103.35,3168.207,3210.8103,3269.03,3187.4578,3188.1666,3261.23,3176.5808,3130.2948,3165.21,3160.1335,3373.7329,3762.19,3939.5721,3767.4422,3505.17,3566.3362,3668.5954,3656.0,3651.5444,3678.1134,3735.09,3801.0173,3762.8251,3739.5,3942.3582,3956.5153,3765.93,3759.928,3729.9083,3616.18,3603.2257,3637.272,3673.4,3730.4675,3790.6714,3719.14,3433.0451,3452.545,3684.22,3533.5534,3439.0881,3547.35,3528.5992,3386.665,3302.65,3447.7647,3608.0514,3594.33,3420.2649,3403.8638,3507.92,3416.1859,3401.407,3554.35,3664.2069,3658.7686,3710.88,3978.2882,3773.4382,3151.35,2890.2485,2846.807,2871.61,2968.2301,2838.1533,2677.76,2991.0812,3248.8813,3296.95,3435.4975,3253.0249,2816.49,2722.3103,3022.6487,3434.29,3560.0077,3327.6402,3044.48,3143.7819,3383.0519,3454.79,3270.7171,3173.37,3217.65,3164.6944,3166.2418,3226.02,3150.6518,2960.2676,2775.63,2701.9211,2614.8245,2579.11,2791.1147,2991.2588,2930.97,2618.8535,2551.2383,2658.34,2509.6786,2918.0073,3636.98
2025-05-18,3537.2003,3424.5856,3641.69,3696.2258,3603.7301,3469.0,3365.8673,3429.6092,3634.44,3782.4604,3708.1121,3551.12,3629.1519,3791.7974,3794.83,3557.9284,3525.7543,3708.72,3689.1418,3594.4022,3617.8,3800.6787,3892.8804,3801.43,3677.9874,3721.2034,3804.89,3644.5088,3633.6244,3775.52,3680.942,3626.2481,3647.35,3580.5389,4065.5062,4803.43,4783.4216,4686.3406,4818.73,4818.2664,4870.6882,4948.88,4819.7909,4836.9502,4941.4,4854.2716,5590.8203,6709.39,6648.6452,6461.078,6644.29,6625.4425,6462.4578,6398.09,6564.2566,6615.197,6546.38,6651.5631,6597.1368,6403.38,6450.5304,6506.3594,6427.25,6330.2278,6376.6496,6539.34,6599.1229,6375.5565,6135.74,6305.5255,6243.4134,5955.63,6078.955,6121.891,5913.13,5843.3161,6084.3399,6357.29,6224.9072,6149.7626,6270.55,6259.8895,6141.4216,6097.71,6279.9852,6457.3259,6383.08,6054.0889,6079.3074,6315.07,6081.9955,6128.1044,6458.29,6276.4193,6005.1511,6002.24,6186.0168,6258.2557,6187.97,6220.4164,6425.9969,6575.39,6356.4928,6128.8152,6255.09,6610.495,5882.2345,4565.11,4517.0222,4694.2855,4601.84,4765.8871,4649.7281,4359.77,4585.5235,4692.0852,4511.21,4540.5063,4706.6506,4722.7,4457.4237,4604.9757,5031.42,4889.6634,4606.5237,4621.76,4917.1945,4943.6314,4775.27,4877.9666,4343.0257,3490.65,3645.6359,3872.8912,3677.98,3491.8048,3363.0013,3424.01,3791.7921,3797.1156,3440.6,3392.4372,3531.1094,3618.11
2025-05-19,3568.1539,3539.1497,3572.23,3559.821,3505.9703,3447.45,3406.8584,3345.0387,3354.21,3567.1055,3702.7672,3639.98,3533.6724,3570.7466,3636.48,3471.5346,3444.904,3630.04,3717.3121,3688.9632,3610.3,3545.5448,3533.5037,3589.73,3678.9462,3641.3284,3545.5,3605.7917,3595.3286,3482.62,3493.5245,3641.6893,3714.51,3570.2269,3977.1043,4736.43,4847.1366,4850.2753,4915.35,4664.5394,4584.9283,4781.21,4858.1041,4840.569,4678.86,4426.8398,5216.4771,6584.55,6801.6883,6515.2114,6400.62,6484.1858,6551.7854,6574.54,6661.7731,6540.3296,6300.78,6329.1237,6361.0534,6325.38,6401.4481,6348.4754,6290.5,6563.0066,6496.2522,6170.77,6351.6034,6538.7671,6452.92,6324.2373,6229.846,6219.64,6287.8401,6154.5639,5853.13,5743.8121,5953.3991,6235.65,6220.6764,6264.0329,6409.7,6342.532,6283.3777,6299.37,6248.1046,6305.9481,6373.75,6172.2369,6113.7132,6294.6,6400.5693,6438.6963,6354.73,6080.4042,6053.8348,6251.63,6246.068,6329.2644,6485.63,6364.9216,6242.2113,6266.56,6298.8895,6212.6721,6206.73,6466.1957,5919.1572,4857.57,4677.5565,4520.7699,4207.17,4472.8606,4709.4013,4697.58,4792.9482,4716.9473,4563.43,4725.9595,4674.521,4411.92,4553.943,5073.4011,5402.02,4967.1902,4625.4393,4660.62,4614.8862,4774.2066,5038.98,4853.5044,4183.6358,3559.95,3611.6724,3683.9616,3548.87,3558.5459,3401.753,3200.26,3445.9787,3700.4306,3684.52,3548.8588,3553.2322,3637.99
2025-05-20,3538.0878,3519.3758,3599.27,3523.9969,3484.0799,3543.55,3557.164,3510.8711,3451.22,3437.7251,3479.0911,3523.35,3514.5588,3563.6812,3642.69,3608.6362,3576.68,3565.35,3489.9985,3497.0523,3591.76,3621.0579,3601.7155,3598.01,3646.7897,3665.7277,3586.23,3438.0813,3456.432,3610.68,3632.6526,3568.8361,3513.27,3584.1112,4103.2489,4736.41,4757.6428,4680.4273,4795.36,4887.9119,4886.2803,4786.75,4663.5177,4772.4952,4867.17,4581.4109,5177.2747,6428.26,6727.4774,6536.0842,6468.88,6631.0037,6647.4557,6515.14,6579.7143,6639.1089,6533.77,6354.4548,6432.6013,6672.46,6631.766,6423.812,6313.15,6448.3275,6503.17,6429.61,6458.3401,6366.1468,6233.04,6361.3743,6286.9434,5993.29,5931.0528,5860.9372,5767.8,5921.774,6128.7443,6290.04,6460.561,6456.2974,6271.7,6131.5727,6208.0863,6389.12,6387.5314,6289.0401,6252.6,6322.2307,6197.2913,6022.43,6226.1425,6281.126,6180.15,6417.4035,6462.8092,6192.85,6057.523,6114.0222,6251.75,6311.2488,6199.0712,6125.24,6366.1801,6359.0688,6244.42,6566.8016,5920.6931,4652.36,4615.8917,4756.4765,4571.22,4672.3445,4918.1966,4989.44,4758.0747,4732.5868,4934.14,4887.8333,4718.7515,4699.34,4935.1247,4930.9691,4680.34,4672.4183,4820.9728,4806.52,4445.0985,4392.6347,4794.19,5046.9936,4495.8178,3661.05,3704.4301,3686.9133,3427.88,3686.2535,3826.3827,3615.09,3493.345,3534.4286,3647.22,3693.6825,3610.4835,3492.2
2025-05-21,3478.055,3352.1308,3272.16,3592.3923,3636.5168,3357.37,3382.0482,3478.9727,3461.28,3427.7546,3530.2627,3640.42,3494.7691,3434.2487,3554.51,3639.2159,3806.4308,3899.07,3608.5741,3446.3802,3526.2,3501.1683,3589.939,3726.21,3574.6458,3443.8125,3535.51,3737.344,3781.9398,3634.54,3518.3238,3601.3432,3730.04,3671.7605,4053.7146,4736.94,4885.6078,4802.6745,4820.46,4932.3248,4858.869,4675.64,4728.8702,4776.8812,4658.42,4593.0496,5337.3611,6456.72,6672.4581,6591.1661,6615.08,6532.682,6435.2088,6427.66,6499.169,6464.3589,6343.19,6339.9458,6405.631,6475.96,6529.78,6521.8169,6545.25,6708.7105,6626.1948,6326.18,6240.1986,6260.6497,6311.62,6407.5786,6256.7923,5986.78,6021.3993,6001.492,5876.68,5983.0074,6168.6912,6302.19,6372.2142,6269.0006,6123.41,6198.1504,6230.4989,6156.56,6174.6151,6203.5275,6187.49,6161.8912,6132.479,6118.23,6137.2481,6126.7159,6218.77,6549.2027,6451.2352,6067.44,6209.0578,6341.5175,6241.45,6242.7211,6280.7953,6361.22,6548.2756,6461.6113,6247.59,6323.3272,5699.4594,4615.38,4440.2418,4726.9513,4883.21,4747.5336,4567.0387,4472.33,4430.0095,4596.5733,4850.76,4866.026,4798.2506,4772.2,4747.4911,4652.7766,4600.79,4782.787,4954.5872,5009.9,5020.7605,4801.3425,4648.87,4968.6626,4480.7586,3373.75,3218.763,3548.9877,3722.44,3601.2247,3617.2968,3751.31,3599.001,3555.4837,3758.07,3912.4105,3861.1028,3647.14
2025-05-22,3448.5525,3338.1772,3335.52,3406.8729,3416.5118,3426.18,3595.2875,3603.494,3471.21,3536.2455,3568.7598,3539.85,3647.422,3623.3414,3499.66,3573.4958,3542.5941,3460.76,3674.3074,3687.8689,3481.17,3543.4509,3649.7307,3666.79,3683.1653,3576.9939,3494.35,3694.5453,3629.5369,3320.74,3360.8461,3536.7785,3619.66,3670.6593,4104.5167,4740.08,4922.5973,4827.6398,4757.53,4858.8239,5007.1721,4985.44,4708.7624,4692.1929,4844.06,4717.7425,5398.7528,6634.2,6921.1675,6661.1435,6420.6,6398.6233,6630.4458,6776.87,6450.1067,6374.173,6594.67,6478.3689,6485.6787,6648.25,6489.5346,6336.6265,6396.98,6525.2374,6492.595,6377.7,6448.8437,6450.0289,6353.54,6365.4954,6199.0231,5971.41,6097.9401,6088.8027,5870.38,5895.5286,6125.3943,6291.33,6183.4341,6200.7621,6327.15,6172.3719,6104.9472,6251.92,6348.8156,6319.0569,6236.53,6226.6177,6228.5402,6192.51,6143.932,6168.3707,6226.07,6210.4169,6292.5646,6403.71,6287.7131,6171.0956,6137.72,6080.9285,6183.1861,6343.64,6255.2562,6207.6329,6353.11,6425.6361,5707.0642,4735.46,4840.3007,5092.6602,4897.01,4578.5667,4478.3926,4588.1,4637.388,4675.6662,4696.11,4622.8683,4648.8878,4698.3,4550.0929,4714.5203,5015.42,4756.6362,4616.9244,4789.36,4748.977,4465.1909,4280.08,4485.7606,4264.6463,3646.02,3513.5244,3668.248,3804.1,3801.4495,3594.0353,3374.99,3436.1805,3488.5074,3459.56,3489.0008,3138.4467,2555.47
2025-05-23,2414.4389,2561.5667,2686.12,2628.9374,2594.9921,2663.52,2705.4205,2628.0,2468.93,2381.6861,2495.2288,2653.97,2582.6587,2614.749,2758.93,2678.1004,2565.0851,2594.49,2746.1687,2850.1271,2820.31,2706.291,2618.4703,2614.29,2666.4728,2680.7597,2649.19,2653.1337,2717.3703,2744.98,2627.0946,2618.2873,2735.91,2742.2249,2693.9067,2674.0,2708.2242,2791.1865,2791.6,2629.7732,2868.2941,3348.93,3320.8113,3175.8187,3203.5,3294.8158,3340.7378,3315.69,3263.1661,3188.125,3119.25,3147.8841,3462.238,3890.66,4000.8652,3858.1403,3776.73,4000.3018,4036.6378,3841.11,3830.2325,3752.2382,3606.41,3693.2857,3826.1862,3875.49,3869.1445,3738.55,3555.28,3513.0456,3623.6306,3733.96,3672.0783,3647.8941,3676.67,3582.2839,3574.9303,3651.51,3590.1545,3539.6542,3595.59,3659.0057,3472.9291,3262.94,3510.5114,3666.6502,3547.44,3504.1969,3519.055,3555.41,3614.8076,3541.9867,3424.65,3514.0794,3595.44,3601.93,3669.8182,3684.6872,3642.15,3614.0463,3300.9771,2910.06,2971.0082,2932.7752,2738.4,2901.922,3148.49,3239.66,3185.2934,3028.3482,3005.71,3306.323,3222.0016,2907.73,3186.8965,3246.8868,2956.68,3025.8239,3132.1977,3055.06,2959.9332,3058.4755,3267.97,3307.8844,3306.6344,3336.64,3286.1372,2978.5086,2806.98,3272.9717,3061.0313,2385.09,2738.7985,2849.1784,2426.43,2520.6044,2770.3443,2806.95,2666.8484,2541.9076,2466.7,2356.0628,2401.299,2564.43
2025-05-24,2594.4578,2585.2917,2605.35,2611.295,2576.8539,2572.41,2671.4364,2613.3069,2463.47,2557.6363,2679.6396,2686.46,2656.8059,2688.7297,2767.66,2776.1371,2653.1733,2527.55,2590.9658,2602.3302,2508.13,2518.5315,2699.0828,2880.94,2802.8749,2613.8383,2564.07,2767.4427,2826.1001,2672.57,2612.8571,2616.6468,2630.3,2660.0841,2689.0101,2700.05,2676.6757,2583.43,2495.24,2574.1496,2858.9424,3106.63,3026.4318,3103.5733,3301.37,3135.5389,3170.1301,3422.65,3314.0498,3132.7887,3111.75,3222.0832,3503.0311,3771.06,3751.9732,3762.3761,3857.16,3785.924,3717.2734,3743.47,3789.9115,3852.4631,3842.69,3672.5347,3652.8105,3775.18,3731.3245,3684.7922,3733.95,3777.9073,3681.1857,3560.76,3660.088,3705.9878,3602.15,3536.5566,3590.4254,3623.5,3461.5286,3530.3062,3736.02,3551.3637,3380.1247,3369.72,3300.5516,3448.9544,3717.67,3658.2896,3428.7235,3316.49,3457.3675,3507.8663,3407.45,3417.9637,3481.6614,3473.62,3358.7114,3379.2552,3547.38,3577.9634,3215.8573,2706.32,2634.6923,2976.0104,3271.15,3051.783,2890.413,3004.69,3057.1355,2970.889,2939.96,3165.0072,3113.5717,2886.16,3115.0239,3310.2676,3252.06,3202.1605,3116.2862,3003.45,2992.6666,3140.7141,3293.23,3231.6672,3231.2511,3332.39,3313.0794,3334.0686,3449.74,3455.7649,2971.4038,2356.01,2411.8223,2610.3056,2659.74,2754.2161,2731.3073,2620.79,2651.9233,2706.1994,2689.7,2677.4841,2942.4877,3367.67
2025-05-25,3533.452,3556.7941,3555.95,3511.4498,3408.9745,3360.3,3508.5275,3636.4646,3608.0,3493.1496,3485.2471,3552.77,3493.9048,3436.5259,3495.76,3631.4095,3591.4982,3474.44,3602.4275,3606.7145,3464.21,3536.7744,3644.9059,3697.22,3764.6493,3666.6529,3522.82,3650.6901,3716.2337,3643.92,3683.494,3692.3384,3610.81,3628.5543,4156.295,4904.55,5066.7882,4787.926,4593.4,4873.2627,4973.1651,4764.48,4751.755,4821.6916,4758.18,4628.018,5323.8113,6474.97,6707.1785,6490.5794,6395.35,6542.0798,6760.6902,6785.18,6496.9434,6443.6524,6591.22,6412.9757,6379.2937,6600.62,6669.8488,6581.1631,6477.59,6485.5658,6502.3526,6461.6,6404.8104,6422.727,6489.72,6464.122,6256.2609,5917.21,5663.6429,5841.2394,6189.1,6081.6099,5963.2562,6079.66,6230.118,6324.3711,6354.06,6355.2041,6343.0305,6282.5,6154.8627,6168.2268,6214.52,6022.8042,6126.5618,6407.79,6203.9545,6068.1781,6116.36,5929.0428,5921.3934,6130.45,6150.1448,6167.2445,6184.89,6049.4111,6292.0793,6679.44,6428.6896,6283.9529,6598.86,6819.6863,5967.0987,4638.38,4484.0339,4707.7214,4746.37,4810.5883,4762.6249,4605.32,4524.3717,4494.5439,4578.85,4849.1336,4864.8691,4662.56,4705.3245,4750.7074,4709.1,4793.9474,5072.2926,5229.94,4862.8866,4553.1923,4712.43,5088.1342,4532.814,3457.4,3434.2127,3616.1197,3559.99,3670.8228,3654.5526,3531.75,3622.3205,3474.1204,3196.9,3370.7436,3445.6147,3267.09
2025-05-26,3265.0194,3452.6851,3557.38,3328.6338,3272.2996,3406.43,3297.4919,3390.8477,3677.71,3659.1312,3588.2481,3626.9,3638.4832,3454.934,3246.69,3370.0461,3561.3663,3614.37,3562.9984,3531.5523,3526.03,3468.2519,3487.681,3546.1,3486.9114,3548.5072,3707.85,3694.6161,3690.282,3777.61,3835.7608,3794.2206,3646.07,3542.0568,4027.6476,4805.11,4941.3477,4719.1494,4552.78,4601.4329,4738.007,4825.72,4827.051,4851.7287,4812.2,4647.231,5271.2478,6403.68,6742.8242,6650.3633,6510.36,6350.1328,6391.5735,6553.0,6497.7973,6298.4662,6178.85,6290.6941,6333.886,6284.13,6391.4405,6459.1174,6473.69,6617.0467,6668.0545,6581.07,6517.7954,6364.7569,6245.47,6386.3005,6226.1466,5835.23,5866.9932,5994.211,5926.24,5766.6459,5997.8512,6410.42,6303.7876,6125.9911,6157.02,6232.1556,6264.1364,6214.33,6097.1563,6036.9624,6057.66,6082.2859,6137.5347,6199.0,6195.922,6181.8743,6153.06,6068.7234,6087.7364,6196.95,6221.3972,6226.0716,6238.13,6211.2395,6205.0242,6279.61,6430.3064,6510.7065,6548.45,6561.9588,5760.2651,4608.21,4496.8975,4713.8718,4760.21,4837.7044,4928.9499,4949.6,4830.6776,4588.4025,4450.5,4634.9396,4595.3829,4396.95,4627.6712,4777.556,4709.37,4777.8861,4705.3851,4592.4,4824.4986,4797.1193,4654.76,5021.3928,4522.828,3417.46,3425.5675,3594.8973,3475.87,3618.5316,3800.0251,3728.3,3396.5805,3357.6467,3553.8,3417.3892,3318.5644,3464.52
2025-05-27,3640.4009,3582.0572,3389.76,3392.5393,3360.5626,3267.17,3341.2072,3452.3232,3528.9,3596.6841,3477.7284,3310.68,3448.0727,3631.1271,3669.57,3629.7158,3689.2265,3745.49,3567.9939,3607.34,3809.33,3684.5265,3685.0266,3794.63,3553.0438,3533.4963,3786.97,3766.1211,3672.4942,3640.33,3589.4113,3622.5434,3620.3,3445.3751,3915.2483,4787.48,4930.1136,4832.9072,4800.52,4645.4934,4616.2903,4737.39,4786.7413,4896.7397,4885.47,4565.6094,5262.9208,6595.18,6765.3057,6633.4563,6695.13,6562.1033,6502.4981,6583.63,6576.1325,6563.8192,6578.64,6535.5846,6423.6002,6356.7,6467.4358,6550.9746,6518.58,6457.9356,6360.4306,6291.7,6345.9695,6341.5142,6295.57,6375.6633,6292.6001,6057.07,5985.5529,5955.1904,5855.69,5771.4746,6030.4205,6394.82,6281.8102,6202.3446,6361.44,6437.6925,6355.044,6241.49,6273.3375,6281.989,6169.2,6024.4569,6042.5863,6140.97,6055.5754,5995.8254,6086.74,6225.0945,6231.6877,6198.49,6349.6865,6310.2103,6086.54,6064.1751,6024.4842,5998.58,6244.214,6325.6981,6234.87,6289.0623,5741.8857,4841.92,4662.2477,4545.7774,4344.93,4589.7392,4729.105,4667.23,4831.3772,4825.4932,4694.98,4888.5132,4880.5941,4673.59,4818.0396,4960.4335,4915.65,4855.8649,4773.7237,4683.09,4647.2738,4649.5533,4750.18,4907.7101,4341.2401,3411.4,3374.9835,3772.7744,3911.82,3572.9159,3544.2763,3768.05,3462.2419,3296.6585,3540.76,3746.1916,3704.7326,3505.28
2025-05-28,3425.7937,3574.8023,3755.99,3659.5185,3548.9587,3551.96,3553.9234,3592.1198,3570.65,3355.2654,3333.5168,3530.42,3581.7219,3541.4926,3478.27,3413.8299,3549.1894,3769.13,3722.9872,3565.6033,3557.31,3786.625,3780.6273,3525.81,3467.1651,3494.1346,3543.04,3675.5088,3695.9018,3590.75,3561.2335,3662.3173,3672.92,3437.5818,3939.4478,4835.39,4737.8365,4494.9517,4608.05,4730.6587,4817.166,4860.62,4853.5958,4955.0828,4945.19,4609.1649,5337.8837,6677.93,6696.9493,6490.6429,6628.47,6550.1128,6402.5488,6397.95,6546.8795,6573.6163,6499.41,6573.3624,6509.6671,6392.34,6594.3518,6640.6151,6440.35,6382.7977,6376.1283,6348.16,6349.5437,6340.6551,6360.46,6454.8671,6308.6006,6018.19,5999.862,5953.8965,5809.77,5845.8724,6075.2855,6301.29,6302.8457,6302.1578,6288.41,6066.0017,6056.111,6257.32,6234.7709,6135.7961,6114.28,6145.524,6081.8877,5971.47,6014.391,6123.6894,6236.88,6337.0872,6216.3106,6102.46,6425.2457,6516.5092,6202.64,6028.149,6286.1267,6594.55,6326.524,6249.9692,6562.36,6568.3536,5746.8703,4595.0,4235.3483,4436.8837,4665.55,4607.4248,4622.2644,4716.23,4549.1744,4467.3011,4665.37,4949.7081,4915.9633,4747.85,4954.6952,4846.3032,4483.97,4643.5151,4759.2193,4688.74,4831.2571,4709.3184,4501.56,4813.0875,4494.4276,3640.18,3543.7141,3563.7371,3466.06,3666.7635,3586.4297,3317.01,3552.4555,3704.5872,3555.57,3500.6438,3579.8992,3667.5
2025-05-29,3636.8164,3627.0474,3645.86,3570.7724,3544.266,3562.29,3490.5855,3519.3747,3592.22,3459.1836,3401.2275,3479.2,3474.0148,3468.8541,3538.62,3659.1139,3760.3852,3752.73,3607.5301,3563.3462,3600.72,3499.2776,3516.6621,3624.5,3548.2412,3639.6836,3835.8,3709.5185,3657.7047,3754.61,3681.2238,3667.6643,3688.4,3562.2785,4027.3822,4838.32,4935.3948,4841.5452,4788.1,4529.3948,4670.5008,5038.4,4841.8672,4764.0012,4804.2,4441.3766,5214.5549,6665.0,6677.4717,6535.1469,6727.69,6438.2798,6274.3271,6461.07,6569.5599,6578.105,6521.37,6421.9149,6454.997,6516.8,6342.3895,6275.084,6389.91,6422.2186,6439.0993,6482.57,6483.5709,6387.8357,6338.26,6487.762,6297.3505,5892.48,5945.7416,5986.2639,5842.58,5842.2517,5936.9168,6112.94,6401.513,6487.2692,6310.14,6141.895,6195.2871,6376.2,6394.3549,6324.5678,6253.75,6210.1816,6304.9395,6396.15,6221.5983,6117.0334,6140.92,6085.5627,6361.1242,6702.76,6403.0392,6275.6492,6492.8,6431.6815,6392.7436,6455.56,6358.2555,6317.8367,6507.68,6711.4661,5906.463,4658.65,4656.2971,4966.7564,4978.39,4939.2591,4587.0984,4304.82,4814.6238,5110.0536,4858.67,4712.7394,4795.6553,4892.37,4760.4295,4795.2218,4907.17,4632.0444,4560.7833,4816.96,4889.71,4697.6384,4597.19,4875.9673,4341.4394,3353.88,3512.6585,3722.6569,3437.28,3254.4668,3364.1052,3546.24,3455.0631,3404.266,3562.58,3692.3581,3224.3057,2455.95
2025-05-30,2314.4079,2473.5514,2592.28,2626.2654,2494.7448,2364.42,2494.1782,2495.0965,2343.78,2409.9251,2523.6422,2588.16,2669.4923,2639.3827,2545.19,2587.1913,2672.1546,2652.54,2507.0137,2611.2418,2948.77,3087.3364,2905.182,2572.8,2403.4578,2440.3722,2560.78,2616.5162,2730.7978,2829.94,2690.868,2547.223,2546.35,2635.9854,2775.8696,2859.36,2775.9668,2678.6331,2612.86,2554.3268,2866.6869,3350.8,3375.943,3223.1595,3210.69,3342.9576,3192.5454,2939.81,3195.8335,3458.1535,3342.66,3030.1796,3294.099,3939.71,4006.9058,3898.7164,3860.98,3726.0799,3698.7765,3750.89,3664.0478,3762.3623,3978.87,3891.1977,3764.7122,3769.81,3803.8766,3768.1294,3680.12,3636.6963,3605.2926,3586.16,3623.7572,3675.2769,3709.95,3717.141,3636.556,3580.44,3721.9669,3751.7256,3579.64,3447.8235,3545.7534,3742.92,3714.1186,3564.9729,3451.41,3452.9498,3583.7981,3782.83,3901.656,3701.4506,3375.16,3373.8675,3387.2608,3386.45,3640.5621,3728.5824,3616.35,3656.6396,3511.1971,3111.93,2818.722,2888.005,3116.28,3042.5316,2883.3978,2829.25,2860.8725,2922.8504,2965.83,2978.4854,3043.3436,3115.57,3067.3695,3034.5137,3053.73,3040.5624,3084.0837,3134.21,3050.5498,3055.933,3169.62,3195.1186,3247.2666,3265.73,3067.6058,2987.7906,3107.37,3150.5938,2971.135,2742.63,2763.8801,2721.8029,2623.14,2772.8848,2788.6,2638.48,2646.0318,2472.7719,2237.65,2430.6904,2541.0037,2476.42
2025-05-31,2596.8568,2409.3227,2159.52,2617.0655,2856.7669,2586.78,2442.2229,2493.9583,2620.58,2684.7513,2646.5044,2563.42,2526.3725,2477.3795,2526.5,2822.1964,2870.5489,2656.9,2661.2434,2775.8219,2787.37,2639.8906,2691.1516,2915.7,2917.6495,2764.4169,2656.42,2721.8481,2764.7367,2783.11,2915.9932,2791.8367,2501.05,2540.5248,2673.3582,2717.96,2749.094,2873.8689,2932.37,2707.9777,2809.3239,3199.32,3226.2911,3181.4169,3170.82,3001.0095,2980.9635,3100.81,3043.2747,3041.043,3077.75,2956.0498,3277.5911,3870.18,3908.9115,3844.3481,3881.98,3777.8191,3772.1404,3855.65,3770.0494,3753.0169,3810.87,3714.3038,3714.3374,3840.79,3843.0603,3733.2358,3671.25,3769.2023,3659.5467,3427.58,3543.4968,3733.7998,3787.01,3741.7062,3623.1682,3529.02,3592.1298,3768.173,3869.39,3717.8419,3556.9382,3485.56,3389.1064,3306.0805,3389.89,3691.2943,3596.6133,3272.57,3457.6061,3435.4209,3200.41,3494.779,3741.7188,3680.46,3609.4237,3449.5679,3398.66,3705.256,3375.7672,2655.99,2801.3946,2935.3074,2665.6,2554.0009,2820.7879,3174.51,3139.251,3134.2447,3193.44,2972.0178,3026.8698,3288.26,3123.2433,3050.3931,3183.98,3109.982,3092.8648,3237.32,3307.6821,3079.5608,2887.49,3271.943,3430.5651,3197.9,3185.5201,3210.5843,3157.85,3100.6233,2781.5548,2380.24,2397.2223,2535.705,2509.4,2342.2567,2415.5534,2713.6,2827.4146,2713.0038,2478.24,2396.9445,3130.7429,4191.11
2025-06-01,4313.5613,4091.2701,4038.65,4098.9159,4158.5286,4108.48,3936.9137,3948.233,4026.48,3809.3436,3904.1095,4207.33,3999.2869,3893.3218,4019.97,3895.6913,3864.4701,3972.19,3883.797,3785.8718,3753.61,3676.5406,3681.7391,3740.95,3693.726,3709.4795,3789.51,3749.9667,3674.7575,3637.71,3634.7741,3665.6662,3642.7,3559.8033,4048.4691,4859.09,5018.8664,4818.3757,4653.85,4652.5666,4752.5554,4847.73,4873.2843,4915.7391,4854.8,4627.9049,5306.121,6520.97,6732.2082,6583.5254,6565.3,6514.1916,6518.099,6578.2,6566.1986,6472.403,6473.26,6726.4793,6726.4779,6498.29,6563.7832,6653.5267,6609.59,6569.6708,6583.2462,6611.84,6578.873,6504.1313,6412.16,6328.2665,6352.6901,6418.34,6320.5352,6057.478,5864.63,6018.8676,6235.2792,6325.82,6331.0934,6253.7297,6193.4,6286.9795,6393.2598,6522.36,6795.1744,6904.8598,6829.99,6832.0718,6740.3348,6616.39,6737.6776,6875.4742,6890.9,6848.0267,6746.6558,6673.19,6742.5597,6774.8726,6775.18,6920.4852,7039.4947,6941.74,6637.7913,6634.3689,6992.89,7143.6182,6324.8307,5061.15,4745.8039,4951.887,5188.26,5372.5011,5438.8683,5398.4,5348.6961,5412.2285,5418.56,5122.7418,5137.4489,5441.07,5412.0054,5411.1396,5475.46,5274.2185,5291.1532,5535.38,5502.5325,5368.3317,5385.82,5509.0544,4956.9451,4128.51,4239.8998,4371.1539,4111.9,3956.3654,3799.7671,3761.76,4137.0027,4399.9361,4340.36,4221.9165,4108.013,4074.69
2025-06-02,4174.7567,4112.8955,3929.85,3958.7894,4016.7836,4005.08,4009.2933,3986.0877,3971.74,4045.3757,4014.2913,3929.48,4015.7018,3962.0812,3796.72,3857.6464,3837.5938,3724.56,3823.9776,3877.3909,3791.13,3720.717,3585.604,3481.47,3627.4348,3792.3075,3870.1,3938.9158,3861.9898,3682.28,3634.4775,3762.0195,3742.68,3351.2499,3919.0125,5063.25,4991.6923,4655.9728,4710.32,4842.1168,4900.779,4862.25,4791.268,4795.5025,4710.11,4439.6461,5208.9053,6595.53,6832.8978,6662.708,6659.28,6620.4729,6507.9901,6442.58,6546.483,6528.3992,6378.07,6389.1715,6524.7674,6573.43,6364.786,6232.6809,6401.35,6749.0397,6746.5397,6447.63,6422.7712,6580.7935,6672.71,6531.75,6261.3965,6072.18,6104.241,6072.9242,5936.41,5959.7152,6228.1191,6568.79,6687.4647,6643.2744,6626.34,6753.9657,6708.9298,6476.75,6397.122,6567.9361,6765.9,6665.3782,6546.4596,6622.21,6815.0263,6790.4918,6625.21,6706.8597,6790.317,6786.99,6860.7965,6913.4917,6948.61,7075.442,7148.4465,7081.26,6934.2146,6852.8953,6946.41,7076.7292,6402.8754,5272.02,4982.9036,5197.0014,5368.14,5277.6058,5141.4359,5088.77,5104.9074,5349.9111,5513.44,5120.696,5054.1679,5409.28,5416.5214,5355.184,5331.23,5137.4768,5089.8284,5270.87,5429.927,5462.9659,5389.13,5239.9104,4791.2475,4320.8,4364.7904,4268.5664,4004.41,4165.6576,4148.0116,3985.26,4304.5209,4359.3728,4051.31,4043.0298,4054.6125,4001.61
2025-06-03,4120.339,4172.9482,4055.42,3920.4293,3909.1438,3944.52,3864.9487,3995.5358,4215.45,4061.5438,3955.8072,3969.84,3781.4272,3778.8392,3942.72,3859.0569,3877.3711,3993.22,3832.3567,3729.3933,3808.3,3832.2838,3708.0417,3629.98,3835.4048,3779.4708,3544.52,3731.2823,3748.7884,3530.16,3646.5708,3896.091,3852.42,3448.122,4043.6843,5186.9,5017.6077,4667.1224,4756.03,4775.0007,4814.2658,4888.03,4849.1375,4850.5229,4792.75,4553.1033,5164.7916,6336.48,6628.7405,6462.8848,6390.71,6511.4967,6539.8425,6450.63,6491.2794,6591.9962,6667.26,6676.1663,6500.205,6313.37,6442.8971,6591.8605,6609.95,6594.4085,6423.6909,6267.79,6462.636,6626.5383,6581.83,6485.7718,6293.7795,6077.73,6024.8299,6094.2395,6080.42,5881.5892,6184.6679,6747.75,6609.3872,6406.9249,6468.62,6472.5461,6387.1969,6408.49,6692.8473,6687.7376,6494.56,6753.2738,6951.0447,6825.88,6651.3044,6640.8722,6776.14,6876.4337,6951.5809,6959.04,6827.1108,6766.665,6831.79,6881.4479,6907.3596,6915.35,6915.6718,7017.6316,7240.8,7339.7755,6530.7087,5318.1,5108.8417,5261.6674,5269.14,5265.4352,5302.0756,5331.22,5263.6304,5137.6099,5192.58,5590.6228,5554.4324,5065.6,4927.1291,5229.1175,5504.49,5230.6661,5098.4383,5272.73,5259.4626,5251.8503,5402.81,5534.3185,5072.6039,4323.4,4202.7425,4189.674,3981.24,3837.4259,3910.2435,4140.15,4299.3468,4212.2058,4009.13,4012.3104,4145.6597,4200.62
2025-06-04,4059.6256,4069.1109,4264.67,4304.9617,4067.5258,3897.77,4250.7265,4419.9409,4173.76,3974.3776,3974.9688,4111.96,4212.1581,4187.8554,3969.97,3592.9121,3498.9807,3713.37,3839.6384,3870.269,3877.29,3883.5577,3816.4503,3753.73,3854.7238,3917.9074,3851.55,3787.469,3925.9195,4070.63,3863.1561,3898.2743,4018.22,3588.033,3955.2402,4921.88,4881.2641,4746.7605,4873.33,4683.7289,4683.3545,4923.84,4913.3614,4915.1828,4888.71,4636.2608,5258.2702,6445.21,6683.2141,6570.9014,6568.36,6505.706,6436.2416,6476.25,6637.8154,6543.6319,6310.48,6440.7083,6624.472,6598.35,6420.288,6392.8017,6489.75,6418.3861,6363.2106,6535.02,6882.8217,6743.7867,6355.25,6575.1756,6579.7341,6112.03,5809.8361,5880.3866,6106.5,6125.7154,6201.5652,6391.07,6454.8278,6432.6008,6423.69,6521.6307,6833.181,6994.66,6560.4565,6587.6033,7029.82,6808.9387,6617.9079,6742.8,6770.3581,6929.4043,7062.19,6717.9614,6474.5307,6585.16,6750.6591,6815.3453,6713.23,6523.7647,6687.1162,7013.87,6879.5869,6777.2052,7043.73,7332.9253,6431.2341,5027.05,5077.1181,5229.9972,4968.61,5126.688,5233.5173,5176.27,5326.0421,5215.5848,4979.29,5240.389,5340.01,5161.75,5257.6838,5380.3076,5402.21,5447.674,5345.5215,5211.96,5366.6088,5497.8141,5463.49,5328.0225,4693.8385,3902.82,3825.5654,4031.9304,4183.47,4320.8289,4309.8488,4289.09,4513.4691,4450.3042,4080.62,3959.6172,4079.4577,4210.89
2025-06-05,4149.5418,4073.8838,4079.21,4074.3121,3949.0163,3779.1,3793.2733,4063.4797,4310.42,4152.0466,4014.2795,4051.78,4021.5143,3990.216,3969.05,3889.6501,3910.1834,4057.32,4161.7166,4040.152,3771.43,3641.2695,3703.9477,3828.74,3820.5872,3723.9926,3642.81,3654.6397,3740.0952,3864.76,3986.086,3995.1179,3832.28,3644.2518,4088.7453,4820.71,4808.256,4752.5684,4919.03,4869.9196,4862.986,4928.73,4819.8085,4799.5875,4783.0,4561.3081,5272.3869,6548.69,6741.1954,6445.0528,6396.45,6702.7913,6751.6597,6531.07,6576.98,6538.3404,6366.54,6415.0073,6521.0804,6537.36,6482.3775,6434.1312,6399.65,6345.1668,6401.2611,6530.92,6545.0752,6486.5717,6497.65,6645.6667,6561.2059,6202.48,5924.7445,5913.5312,6104.76,6264.8756,6302.0011,6391.16,6729.0144,6718.1714,6388.72,6390.1656,6545.1694,6677.82,6809.3025,6878.4977,6762.33,6428.1199,6337.9858,6560.37,6700.2534,6597.508,6555.02,6978.8523,7128.7491,6778.4,6465.2341,6542.5344,6865.46,6981.5249,6976.5259,6982.29,6998.3716,6886.4821,6875.37,7187.6205,6510.3098,5213.24,5082.8341,5324.0561,5294.4,5190.7625,5271.8519,5502.79,5590.6968,5421.1041,5162.58,5120.209,5209.6939,5362.8,5558.8643,5522.0149,5331.48,5346.6278,5374.2603,5250.9,5045.3209,5050.3492,5270.78,5354.8807,4923.6876,4284.23,4150.6002,4133.2145,4110.29,4328.6816,4331.82,4099.84,4076.9493,4102.9373,4172.77,4387.2359,4061.9331,3310.03
2025-06-06,3019.7242,3181.9656,3367.49,3188.1596,3133.1647,3300.05,3279.2818,3087.0344,2897.81,2893.3599,3094.2612,3263.81,3085.8735,2786.7929,2599.49,2609.6948,2829.9499,3026.47,2896.3751,2763.864,2783.94,2801.0502,2738.1035,2694.54,2808.8343,2781.3779,2633.62,2697.48,2821.6393,2818.66,2678.2136,2720.7473,2895.76,2836.9468,2716.0937,2632.22,2528.2596,2559.7742,2662.85,2648.3909,2897.8542,3288.32,3288.882,3311.3143,3429.54,3296.9907,3191.2865,3176.98,3050.8157,3027.3881,3136.45,3214.5479,3481.057,3843.3,3930.9445,3898.5386,3844.41,3717.7765,3635.2853,3667.49,3778.3241,3866.719,3844.47,3691.8221,3549.2939,3573.84,3781.3475,3742.3203,3498.37,3522.2577,3686.366,3793.27,3765.3634,3664.145,3734.41,4146.6211,4213.1908,3876.01,3780.1209,3991.5012,4214.2,4091.4841,3851.5233,3792.59,4011.5098,4128.2511,3992.47,3821.8277,3897.7714,4148.2,4225.0734,4142.1119,4071.93,4155.5988,4164.3031,4095.31,4157.39,4145.7017,4144.79,4411.7038,4340.7045,3842.83,3487.4338,3514.8572,3734.74,3749.5085,3688.1466,3678.7,3704.4339,3717.355,3722.19,3753.3115,3733.2315,3685.59,3724.136,3802.1746,3788.04,3592.99,3464.0087,3511.69,3650.1876,3879.9881,3973.01,3655.7354,3461.6109,3637.14,3901.9368,3857.6705,3622.76,3638.4546,3502.1927,3236.25,3295.1851,3312.385,3087.21,2849.1116,3007.139,3385.59,3388.4676,3233.1147,3177.57,3230.9528,3105.1585,2903.8
2025-06-07,3023.5774,3187.593,3188.78,3094.6021,3087.209,3144.72,3077.0297,2941.7039,2871.14,2960.6552,3115.2431,3181.77,3050.7295,2830.3881,2718.43,2820.8019,2761.8332,2608.6,2776.3582,2845.5228,2786.24,2964.2903,2939.7,2752.47,2885.3536,2869.8358,2673.52,2747.1431,2768.8115,2689.6,2788.2881,2782.2728,2749.78,3045.2705,3130.3915,2869.64,2695.7272,2774.764,2903.81,2770.2716,2782.6616,3029.8,3187.4733,3287.8703,3359.35,3339.7355,3206.5624,3130.73,3297.485,3247.8615,2992.58,3047.6551,3414.159,3840.38,4016.5881,3880.3547,3682.48,3766.8118,3862.7413,3857.68,3880.1861,3780.4767,3667.91,3814.1147,3835.2692,3730.38,3849.4556,3775.3851,3581.17,3779.1031,3913.9013,3895.42,4050.6606,3947.7071,3660.34,3720.274,3712.0642,3654.26,3965.9537,3993.9532,3709.21,3777.4998,4049.3304,4255.17,4268.4696,4159.8403,4045.59,4002.3489,3961.8177,3899.65,3891.668,4080.0147,4310.27,4255.8497,4146.257,4255.56,4580.8126,4446.1052,3998.91,4015.673,3868.2388,3514.92,3593.0837,3685.3548,3624.68,3664.5115,3652.3284,3549.65,3509.2015,3564.3211,3738.22,3988.7332,3946.4014,3678.75,3623.0993,3630.1259,3634.43,3730.3751,3722.4982,3710.54,3959.6465,3949.4609,3730.5,3847.3544,3769.4198,3457.29,3467.6404,3668.6714,3772.81,3615.6306,3417.3567,3294.35,3181.6818,3089.2902,3071.27,3166.9128,3261.8725,3170.28,2857.4118,2979.4698,3339.97,3172.9743,3471.6835,4175.29
2025-06-08,4173.8346,4139.4847,4261.73,4047.0669,4014.4815,4160.9,3930.1364,3681.4247,3684.19,3854.7181,4005.6081,3919.91,3572.3045,3685.3403,4086.77,3907.3277,3780.8495,3905.38,3822.6771,3730.9427,3723.27,3664.364,3618.4461,3702.61,3927.941,3903.7343,3639.0,3535.489,3565.4404,3592.17,3553.951,3655.6324,3771.6,3643.7072,4020.7785,4744.03,4850.2283,4789.451,4837.6,4791.2318,4692.686,4697.16,4887.8668,4896.9268,4669.62,4648.0364,5498.3542,6631.75,6698.7418,6494.8889,6509.24,6465.7204,6448.8086,6472.9,6444.3459,6504.8418,6605.65,6535.4687,6433.481,6442.88,6562.5092,6571.4736,6471.88,6459.8439,6411.8021,6399.53,6616.6412,6652.7253,6439.98,6308.9848,6203.2097,6101.64,6102.8679,6223.6828,6248.97,5988.7492,6151.613,6723.95,6913.0668,6625.1262,6373.83,6719.8716,6775.3504,6491.72,6663.2632,6672.6535,6483.97,6719.3924,6871.1075,6772.03,6790.6044,6899.7219,6895.56,6654.9167,6635.9152,6883.08,6992.0626,6996.1962,6915.57,6730.7114,6758.0982,6920.4,6856.4278,6964.1865,7331.28,7464.8973,6629.4289,5330.8,4930.4985,5041.0994,5177.55,5237.9211,5239.8789,5283.95,5453.7928,5545.1999,5440.82,5232.9137,5201.8324,5387.25,5535.2803,5379.0428,5048.63,4980.5252,5238.4128,5559.85,5557.6084,5272.553,5150.3,5516.1771,5113.3803,4103.78,3974.5656,4259.3861,4324.6,4051.1478,3986.3046,4209.36,4282.7841,4224.9284,4172.2,4206.4223,4207.8039,4127.52
2025-06-09,4028.4969,3938.461,3946.73,4125.6693,4207.2704,4163.73,4190.5649,4088.7697,3933.56,4002.4594,3903.6002,3690.45,3810.7909,3844.9743,3663.73,3608.2176,3827.1117,4002.45,3713.321,3729.305,4003.33,3779.5165,3884.9563,4256.96,3953.4228,3673.5623,3806.66,3995.2376,3857.1672,3564.52,3637.0504,3786.1669,3744.41,3623.4529,4086.6347,4847.24,4902.6055,4710.5754,4707.85,4848.2176,4770.4923,4582.34,4735.314,4894.934,4781.2,4584.2401,5278.0272,6463.77,6689.9815,6535.0405,6579.7,6784.8729,6744.6101,6496.99,6461.384,6473.7253,6477.71,6581.9232,6534.1618,6385.94,6447.5352,6487.8984,6379.37,6243.7014,6224.3275,6384.75,6617.2555,6493.2538,6261.34,6538.4243,6444.7492,5993.34,6095.4002,6186.1337,6053.46,6076.6402,6078.0237,6202.15,6758.8949,6894.7725,6672.99,6951.1813,6958.4125,6515.55,6313.2849,6460.5621,6637.47,6484.5926,6539.5235,6790.03,6693.4225,6668.2262,6807.64,6769.3876,6751.1382,6754.46,6609.0379,6772.4429,7085.6,6921.092,6854.2129,7013.64,6962.9744,7013.1607,7313.23,7491.4643,6594.8341,5200.19,4954.7628,5136.3001,5188.3,5285.5839,5419.3082,5457.73,5304.3479,5260.6359,5346.35,5304.0398,5285.2036,5318.39,5301.191,5499.167,5686.74,5361.9288,5218.8604,5327.0,5099.0976,5015.5416,5242.36,5326.8919,4750.6942,3963.85,3973.9875,4133.666,4022.42,3884.3629,3996.1649,4185.52,4045.1446,4006.9213,4245.44,4465.4433,4399.0963,4215.96
2025-06-10,4293.8723,4173.9363,3901.63,3993.5928,4007.8663,3930.42,4158.5014,4075.4333,3778.38,4003.8053,4173.3054,3981.37,3750.8088,3845.8415,4120.55,4064.8155,3770.9285,3582.25,3748.8569,3794.758,3661.05,3742.4442,3854.8003,3782.77,3532.3988,3494.6719,3694.63,3808.6715,3947.094,3993.13,3703.6315,3656.0599,3811.26,3655.3288,4020.7849,4797.36,4946.2808,4849.0878,4812.47,4741.2693,4705.1848,4726.55,4747.0847,4755.3973,4650.46,4506.0674,5416.8452,6731.76,6618.3285,6453.0638,6772.11,6732.3851,6613.1824,6556.05,6381.1198,6353.1992,6484.84,6495.1667,6404.0837,6347.12,6431.6836,6513.339,6524.69,6528.0151,6539.1365,6479.85,6300.3244,6362.9144,6570.04,6438.3477,6186.7737,5986.27,5836.2648,5948.6315,6125.14,5959.369,6037.4163,6341.6,6252.3497,6153.6636,6303.39,6540.7041,6592.9012,6549.7,6707.3282,6669.1466,6445.36,6478.7468,6611.0059,6660.05,6618.6604,6638.3595,6701.58,6678.3402,6802.0667,7030.94,7033.1931,6800.8524,6640.3,6852.5139,6836.4178,6604.62,6750.9609,6855.9347,6888.01,7093.9549,6315.2736,4941.03,4697.6164,5056.0519,5344.24,5387.2651,5239.8554,5182.43,5443.1971,5389.3188,5088.36,5231.7273,5359.3152,5245.1,5174.3103,5332.047,5486.61,5271.8878,5291.4501,5568.21,5485.6467,5181.7525,5059.98,5317.2909,5103.5274,4439.09,4178.9872,4010.4199,3909.83,4203.3647,4277.6623,4102.58,4235.7492,4307.6742,4168.83,4086.336,4143.9325,4222.03
2025-06-11,4152.2007,4165.7828,4264.35,4200.6974,4056.4627,3963.48,4007.7087,4220.8798,4317.8,3968.1131,3842.3309,4102.02,4222.7576,4002.6503,3703.9,3751.8963,3746.9212,3590.18,3582.0279,3584.546,3581.6,3704.2644,3736.8011,3652.65,3638.9777,3630.769,3652.88,3805.1495,3873.6102,3795.5,3724.9402,3747.364,3684.17,3410.9442,3926.1692,4893.44,4920.3658,4818.7764,4945.06,4835.1199,4817.3375,4912.91,4790.2473,4751.4165,4775.05,4662.0172,5380.3871,6560.85,6743.8553,6612.6939,6623.09,6538.0434,6469.4363,6507.28,6609.8168,6681.0015,6659.9,6554.2644,6455.4071,6438.1,6494.4737,6447.904,6402.39,6591.8952,6514.4706,6250.87,6388.9059,6490.6562,6465.82,6618.844,6419.0227,5937.64,5857.9733,6043.6477,6199.17,6204.8323,6398.5631,6631.74,6405.9813,6206.9325,6355.01,6681.1135,6753.1146,6617.03,6660.9612,6513.2701,6269.87,6469.5723,6780.9571,6916.82,6898.2787,6897.3463,6981.15,7056.1209,6955.7956,6753.53,6709.0203,6799.1219,6877.87,6814.2435,6735.7522,6871.34,7298.3887,7380.2678,7149.39,7113.2897,6358.1717,5197.29,5021.779,5196.7103,5227.76,5253.5634,5287.4346,5333.4,5392.4832,5345.7084,5257.52,5296.9975,5215.6286,5086.72,5224.3603,5220.2806,5135.61,5405.305,5383.0137,5104.27,5266.0094,5401.0482,5375.42,5447.4046,4955.1676,4138.71,4020.3105,4213.0058,4351.85,4399.8922,4112.0458,3806.95,4098.3759,4329.8691,4186.96,4001.4036,4010.8167,4112.1
2025-06-12,4027.3318,4008.2757,4204.61,4424.0883,4103.7795,3622.85,3916.3436,4063.8173,3798.51,3782.4675,3881.918,3854.94,3689.3139,3842.7487,4069.35,3707.4088,3658.4916,4012.06,3957.8953,3909.5407,4025.19,3989.8068,3888.5788,3792.83,3674.7681,3589.7185,3584.27,3642.0247,3625.8981,3548.97,3561.2075,3634.6985,3571.23,3340.302,3998.259,5067.65,4936.2165,4632.9944,4799.19,5017.1037,4925.1837,4636.64,4612.272,4890.0071,5004.15,4600.6044,5240.7579,6630.6,6818.0323,6541.0165,6509.22,6649.8425,6679.2971,6566.2,6525.0151,6563.5769,6581.2,6495.8783,6501.7711,6568.1,6485.9681,6494.1152,6533.3,6325.6095,6341.6788,6577.87,6531.8918,6366.9901,6337.13,6490.1499,6405.6903,6101.77,6001.6788,5943.7723,5888.09,6023.7162,6350.0282,6592.03,6480.1311,6619.7916,6875.1,6552.3738,6523.8316,6848.96,6715.4219,6654.348,6900.48,7087.5553,7034.8737,6778.07,6522.754,6491.1289,6636.86,6711.0361,6740.3963,6877.51,7160.782,6998.9672,6615.93,6830.222,6981.9906,6834.26,6830.0325,6924.7082,7060.62,7117.3753,6318.4011,5208.73,5223.0505,5449.1549,5333.05,5223.1657,5228.5645,5298.14,5318.9687,5288.7564,5207.48,5094.788,5142.3563,5308.81,5338.3874,5227.0869,5126.04,5205.8204,5358.3789,5410.41,5286.3153,5265.2757,5384.45,5342.2871,4828.7578,4075.25,3743.7308,4032.0924,4407.07,4113.3907,3904.7567,4013.06,3948.4205,3946.57,4200.38,4487.0813,3922.6684,2926.78
2025-06-13,2867.2945,3069.8223,3022.49,2901.7226,2871.6563,2887.97,2798.6579,2801.9522,2952.2,3083.6015,3089.0372,2987.65,2880.8911,2767.4946,2713.69,2810.8767,2883.2347,2905.36,2976.4205,2841.6387,2628.46,2742.2872,2824.9729,2710.22,2606.668,2661.4331,2785.42,2773.7971,2811.0763,2863.44,2709.4574,2634.8231,2723.2,2783.2017,2843.8869,2797.67,2513.4715,2514.3927,2727.7,2616.5498,2791.7634,3203.81,3134.5499,2993.4846,3016.86,3021.8379,3013.8299,3093.93,3309.9387,3339.1269,3144.62,3068.2195,3425.9095,3961.95,4058.6028,3891.0964,3760.31,3801.113,3810.6275,3758.69,3797.651,3794.034,3750.76,3809.6728,3833.2746,3785.92,3786.609,3870.6618,3908.37,3765.4001,3830.0341,3993.28,3773.0602,3683.9288,3837.03,3819.0005,3748.1162,3694.54,3627.8421,3844.5252,4184.03,4122.0999,3842.3018,3691.96,3861.9874,4008.5092,3979.2,3918.2131,3858.5545,3871.97,4029.9158,4131.7481,4123.06,4134.1575,4172.9609,4189.21,4137.2898,4090.4995,4139.64,4255.2431,4006.6149,3541.61,3498.1105,3758.5884,3994.43,3945.0448,3684.994,3462.88,3503.2765,3585.1878,3623.44,3714.1993,3697.6926,3609.48,3665.6134,3758.9728,3768.07,3692.2474,3723.7198,3801.17,3682.8781,3599.5187,3676.86,3827.6257,4009.085,3998.09,3588.139,3386.7216,3552.8,3631.2374,3349.6975,3002.17,3134.9824,3273.0966,3204.51,3163.1081,3076.8751,2942.23,2914.1665,3158.2982,3363.41,3044.5874,2898.9834,3140.81
2025-06-14,3292.2207,3247.762,3135.42,3144.8943,3189.3566,3191.86,3141.3129,2978.2906,2859.96,2991.4169,2886.449,2684.58,2981.874,3040.3061,2782.61,2861.4034,2863.2888,2706.74,2767.5101,2826.5835,2821.38,2923.502,2996.6877,2885.8,2608.6737,2602.2534,2799.89,2720.8463,2641.2198,2632.74,2502.539,2578.8036,2833.56,2871.5102,2789.4328,2768.88,2863.8437,2808.6146,2621.69,2617.437,2834.3885,3131.11,3294.7013,3261.0929,3155.75,3173.0118,3186.3298,3174.31,3235.6404,3211.7119,3117.03,3160.411,3366.9129,3644.16,3852.5107,3939.4047,3890.66,3743.0588,3668.9743,3763.84,3940.9272,3851.4805,3627.76,3731.9048,3783.4133,3618.92,3481.824,3500.7818,3619.72,3676.5508,3689.0127,3693.53,3700.2899,3725.1955,3761.52,3780.9427,3768.4578,3763.37,3817.3428,3834.9581,3827.67,3893.2639,3906.2985,3871.55,3911.3368,3878.1365,3792.1,3849.9288,4004.3225,4111.94,4048.532,3899.0665,3872.03,4110.3626,4232.824,4214.01,4333.1906,4174.9277,3991.85,4411.5054,4246.9867,3538.36,3542.8764,3659.3145,3539.76,3489.1585,3482.0899,3497.41,3573.5938,3613.6869,3620.91,3681.3967,3682.0144,3671.85,3806.9784,3830.7687,3686.48,3569.6441,3471.128,3506.94,3809.9315,3890.9938,3770.6,3932.4898,4058.333,3918.77,3614.0096,3370.7921,3342.58,3493.8805,3460.6218,3267.44,3261.2988,3218.1699,3190.19,3472.9639,3653.9269,3463.23,3048.478,2905.5899,3071.94,3193.2655,3497.8213,3929.38
2025-06-15,4104.4483,4073.2932,3966.46,3873.2135,3844.8132,3816.48,3690.4241,3656.0584,3785.78,3947.7195,3960.7672,3812.38,3687.4872,3825.0955,4005.91,3763.3064,3505.1831,3508.73,3668.6769,3776.5117,3797.22,3832.5407,3760.5047,3649.74,3718.0974,3791.0457,3716.42,3531.2489,3520.0975,3653.51,3637.6446,3609.2445,3587.67,3536.5214,4063.907,4826.04,4805.3336,4714.4296,4875.13,4897.6433,4879.5197,4846.68,4710.5577,4715.1653,4733.45,4541.1563,5269.4541,6538.99,6712.9528,6509.233,6502.96,6536.1811,6531.272,6561.78,6724.233,6730.7074,6535.61,6395.7355,6411.9045,6497.66,6490.7947,6498.699,6570.31,6639.8637,6688.8957,6628.82,6386.605,6271.5731,6388.16,6505.9828,6289.1037,6019.1,6267.524,6253.9908,6002.57,6317.0392,6556.9632,6501.5,6567.1942,6562.8041,6495.35,6597.0098,6582.8048,6442.1,6484.6417,6666.7718,6746.92,6525.494,6373.9805,6417.35,6455.2594,6543.5709,6708.56,6866.1007,6889.3666,6805.51,6781.2509,6880.8409,6994.94,6960.446,6972.9322,7069.32,7090.2911,7090.6579,7167.47,7216.4039,6443.4638,5239.48,4922.3888,5107.091,5352.23,5549.0739,5402.7493,5045.78,4943.4957,4988.1925,5114.08,5344.779,5322.6096,5110.23,5146.8788,5307.9872,5342.74,5139.6912,5045.6032,5119.17,5125.9046,5256.4291,5544.66,5667.4654,4997.136,4061.14,4084.5731,4214.9508,4100.66,4218.3157,4243.8373,4129.69,4175.7382,4137.0801,4035.78,4148.2153,4153.2717,4015.98
2025-06-16,4053.173,4225.4364,4321.51,4159.291,3979.2079,3994.08,4185.3781,4167.5652,3965.15,3943.951,3854.3056,3755.29,3966.1044,4002.577,3824.26,3852.6321,3781.0634,3637.74,3763.5734,3688.8019,3516.88,3790.3251,3733.9417,3431.33,3739.1226,3864.0205,3615.24,3613.3364,3628.4761,3590.39,3704.2094,3753.8618,3664.78,3682.6719,4287.0114,5028.88,4923.983,4743.8677,4823.61,4758.1722,4716.1737,4772.04,4779.6229,4700.5277,4541.05,4491.2495,5350.9355,6589.49,6756.2238,6615.3217,6690.21,6743.3528,6734.8759,6647.49,6479.881,6428.008,6519.38,6597.6792,6641.3909,6607.4,6469.0289,6479.3066,6578.84,6470.1257,6419.6562,6486.56,6456.546,6427.7004,6483.81,6568.5666,6466.9357,6302.53,6392.6951,6346.2405,6173.45,6290.4119,6419.3026,6418.35,6414.4506,6353.8246,6324.84,6482.7996,6509.6321,6468.28,6706.296,6731.7569,6472.04,6378.2625,6457.8117,6600.84,6734.2533,6920.6742,7060.76,6945.7134,6714.7291,6647.64,6891.5508,6890.7737,6688.5,6847.3534,6934.3126,6877.57,7033.7203,7024.0557,6863.03,6871.2265,6309.6649,5329.67,4952.0238,5033.1804,5223.36,5306.8786,5221.8343,5122.24,5240.6821,5410.8505,5386.99,5101.9292,5086.0372,5385.67,5505.2051,5326.3225,5118.65,5248.3891,5341.6726,5298.17,5380.2644,5459.7185,5427.17,5244.3497,4692.4497,3995.45,3704.4516,3726.2064,3896.55,4127.3052,4257.3842,4227.66,4094.7137,3898.8907,3809.03,3983.2189,4023.3728,3899.93
2025-06-17,3965.4077,4071.1678,4089.61,4081.1738,4230.6893,4295.42,3877.4513,3739.7369,3884.89,3622.5111,3663.1485,3957.2,3730.947,3750.6832,4009.09,3733.8827,3725.5287,4026.62,3843.64,3669.3774,3762.52,3848.6378,3801.4677,3692.04,3676.1763,3639.3457,3545.64,3506.1621,3621.5326,3830.87,3934.5702,3815.614,3571.66,3517.6205,4036.7809,4812.37,5054.6905,4938.7418,4803.33,4817.7937,4823.085,4774.32,4780.3569,4781.697,4628.43,4414.5965,5305.168,6695.41,6714.8283,6520.6957,6662.42,6534.5626,6443.9456,6550.33,6632.2065,6518.2933,6368.79,6503.4882,6632.6887,6553.88,6370.7169,6418.2069,6603.31,6531.2971,6512.4074,6557.56,6370.1334,6325.6242,6490.33,6510.0728,6288.42,6017.02,5984.3289,6001.7854,5966.63,5988.5384,6183.7979,6365.41,6238.9659,6267.906,6581.9,6794.4112,6584.9016,6214.51,6277.9194,6475.6857,6489.28,6300.6086,6235.1714,6343.26,6421.4368,6664.3947,6867.03,6608.3503,6577.2697,6844.14,6827.5609,6915.2163,7060.19,6810.2443,6799.3596,7039.56,6886.966,6668.8619,6750.21,7017.7973,6379.4846,5177.86,4950.6035,5314.7667,5556.91,5345.8486,5181.1678,5179.86,5058.6953,5251.7517,5569.97,5346.229,5202.4799,5309.13,5250.2699,5369.2495,5610.06,5498.4241,5271.2435,5194.05,5318.3123,5466.2969,5498.32,5347.8868,4882.5582,4313.05,4075.2086,4067.3054,4153.48,4260.4775,4168.226,4066.18,4349.8157,4475.5367,4259.37,4060.1387,4004.0323,4002.65
2025-06-18,3917.2691,3987.1446,4089.99,3851.1488,3697.4474,3811.4,3952.0321,3986.0354,3875.03,3717.0235,3873.9818,4106.33,3821.0769,3647.933,3824.73,3947.8463,3874.2637,3690.57,3590.0025,3566.7765,3591.27,3643.7446,3637.8568,3570.86,3532.0368,3574.5147,3694.27,3826.516,3856.7354,3778.89,3710.3861,3769.2111,3807.94,3642.1793,3953.4692,4661.47,4950.0667,4977.0141,4970.11,4957.0337,4903.3308,4795.39,4689.4254,4767.5528,4879.12,4809.9431,5477.3891,6498.09,6481.3987,6314.1126,6470.54,6545.6022,6605.2332,6647.91,6553.8971,6503.7618,6491.1,6369.8037,6467.3857,6678.13,6557.5608,6499.9044,6559.87,6380.5795,6173.5912,6153.99,6312.73,6341.9588,6292.42,6458.8815,6412.3276,6151.15,6139.3364,6252.6859,6254.58,6081.5604,6167.3231,6386.48,6226.9647,6320.6552,6659.83,6559.9739,6348.7158,6320.23,6440.0697,6551.0147,6576.07,6548.5683,6513.8688,6549.76,6681.597,6626.3345,6564.0,6923.8433,7012.7221,6823.66,7010.8716,7018.6017,6798.67,6894.1148,6952.1254,6894.32,6975.8856,6793.345,6607.96,6986.9144,6476.2472,5270.84,5103.7119,5245.9659,5211.13,5269.7516,5209.9657,5058.55,5103.5323,5205.7259,5195.2,5070.4715,5161.253,5375.44,5315.1864,5347.5177,5419.54,5099.5553,4884.4871,4990.3,5161.792,5337.9899,5496.99,5508.3195,4907.8156,4053.11,3883.5626,4058.3743,4205.44,4266.7557,4246.2229,4164.87,4068.4399,4073.6195,4128.6,4072.3005,4044.9512,4120.61
2025-06-19,4194.048,4037.6148,3861.91,4089.3843,4151.5363,3926.75,3866.9222,3918.9866,3896.34,3718.8752,3713.3086,3907.93,4001.3505,3975.1396,3912.43,3892.2594,3873.5697,3830.22,3780.5811,3738.7026,3684.28,3601.3287,3611.7033,3632.08,3479.6028,3511.2851,3721.37,3755.7418,3848.9128,3945.84,3739.3145,3657.7721,3760.16,3764.1045,4214.0114,4934.93,5100.0961,4989.4725,4834.11,4614.1968,4628.7507,4780.81,4690.8801,4738.0735,4841.94,4678.5877,5478.3552,6821.34,6908.199,6570.419,6514.97,6640.6434,6825.9866,6808.55,6403.4101,6278.0923,6478.33,6425.1904,6371.6615,6437.67,6460.702,6539.4216,6614.26,6497.6849,6392.1214,6424.95,6528.6523,6561.8534,6494.25,6397.0097,6239.1131,6016.73,5816.1479,5851.9377,6014.45,5987.4723,6038.7414,6299.59,6605.0011,6759.4661,6783.77,6840.5414,6788.6506,6680.43,6723.2076,6671.8722,6503.89,6481.2758,6641.0176,6766.18,6617.0549,6613.9698,6783.5,6747.4454,6738.1502,6829.99,6827.0889,6724.9765,6691.99,6878.8397,6903.7444,6794.56,6903.1121,6746.5928,6671.03,7327.2228,6558.7181,4852.7,4992.7179,5582.6423,5567.04,5298.2357,5066.7985,5069.2,5362.0622,5692.8301,5689.45,5199.6858,5074.4017,5329.21,5196.6626,5097.8544,5189.4,5198.7674,5404.7529,5631.77,5367.7307,5128.4824,5235.53,5414.3681,4890.2453,3955.45,3730.1084,3906.2996,4008.05,3891.0345,3911.4487,4137.56,4264.1301,4144.9872,3899.78,3779.267,3675.9614,3469.38
2025-06-20,3148.7339,2829.7632,2744.23,3002.4654,2933.1076,2693.63,3063.7231,3255.2988,3081.07,3103.5781,2903.4633,2597.25,2784.2534,2859.5256,2685.08,2720.0186,2721.3411,2636.96,2694.0267,2745.1909,2737.33,2772.4727,2806.7962,2790.59,2729.2383,2712.2739,2724.96,2671.6274,2627.1977,2586.15,2496.7568,2601.9779,2802.6,2734.6705,2634.4472,2672.48,2769.1273,2735.1751,2579.65,2548.4949,2915.6262,3348.84,3224.1461,3159.8108,3335.2,3326.5273,3309.4975,3331.33,3230.7615,3149.346,3081.74,2962.3333,3344.0878,3950.46,3873.5395,3606.5202,3549.88,3647.0681,3824.9511,3924.72,3803.191,3714.6079,3760.01,3814.6855,3861.9632,3846.67,3729.6251,3790.6562,3977.09,3942.0354,3813.378,3833.97,4059.1437,3872.8652,3529.9,3894.9103,4156.3931,3947.14,3717.1932,3678.4855,3789.12,3873.9223,3957.0455,3970.66,3817.7889,3836.6106,3938.02,3735.7471,3772.4778,4078.43,4091.149,3883.5987,3778.86,4005.0563,4102.6343,3989.93,4003.326,3966.4438,3976.61,4296.4077,4252.6887,3730.9,3329.2267,3294.5097,3452.71,3441.055,3431.3341,3558.64,3725.1979,3617.7967,3336.02,3300.0569,3360.4468,3377.23,3408.9871,3656.7054,3816.69,3416.9107,3409.2439,3811.05,3692.2866,3496.7719,3521.61,3611.9694,3811.6437,3961.77,3791.8138,3606.3418,3637.27,3794.5028,3605.1005,3143.55,2968.2843,3011.9106,3073.16,3060.9927,3187.9334,3312.85,3096.8265,3093.0251,3316.17,3236.7553,3190.728,3230.95
2025-06-21,3087.9838,3200.0919,3401.46,3063.5261,2820.2572,2883.38,2869.9796,2985.8287,3164.18,3064.8457,2954.0459,2994.62,3072.4014,3013.1015,2838.75,2749.9199,2820.5847,2936.24,2920.1894,2951.0328,2977.51,2780.298,2728.3059,2862.19,2845.9182,2748.951,2677.31,2660.8713,2702.3205,2732.32,2664.7178,2606.871,2642.15,2745.0641,2758.042,2741.64,2888.7304,2932.231,2764.02,2606.6137,2867.7649,3304.27,3254.3169,3137.5948,3174.85,3159.7263,3087.5763,3062.36,3162.0197,3160.9922,3037.59,3030.9974,3289.939,3650.62,3785.9011,3849.6183,3824.6,3582.3586,3687.9447,4000.14,3826.1041,3761.4976,3901.91,3726.7535,3565.5609,3679.21,3945.6166,3900.6403,3645.76,3705.1427,3724.3133,3631.08,3735.5415,3852.2352,3928.56,4059.9044,3912.5928,3688.01,3910.4683,3862.6154,3589.29,3849.2221,3978.2382,3861.85,4047.8905,4095.2281,4007.39,4227.0513,4182.4486,3879.68,3916.2335,3924.3398,3875.5,4137.0155,4317.2602,4217.43,4034.2858,3980.7146,4042.02,3983.774,3621.8931,3240.3,3335.0072,3462.6248,3484.27,3649.2081,3604.3529,3349.51,3274.4828,3297.0032,3342.79,3456.8314,3634.5648,3852.72,4004.9442,3706.7434,3293.48,3492.5254,3490.6667,3189.62,3348.2366,3725.2052,3960.13,3881.8245,3513.6729,3160.32,3214.7106,3489.1029,3713.49,3715.4477,3460.6768,3169.68,3161.2424,3268.4465,3317.19,3281.0391,3250.7574,3190.39,2998.9363,2920.9743,2989.3,3024.571,3193.3141,3636.14
2025-06-22,4241.9529,4388.4535,4075.43,3916.6663,3984.7585,4147.35,4225.5694,4109.5613,3920.37,3887.9694,3838.098,3764.47,3821.1602,3740.7575,3660.99,3973.9118,4067.2406,3807.51,3668.1163,3614.9248,3642.37,3787.4609,3636.4612,3414.14,3727.9017,3751.7031,3384.09,3374.4387,3520.126,3586.43,3585.9117,3639.2521,3676.99,3605.2738,4046.5058,4773.98,4875.2823,4796.9286,4873.19,4964.2144,4900.1545,4811.14,4967.7976,5007.2992,4725.84,4453.3561,5288.5994,6623.7,6667.1858,6423.6657,6463.75,6375.1556,6412.4315,6623.19,6697.7295,6461.4215,6210.61,6414.8866,6533.8911,6427.38,6471.4852,6487.6664,6362.48,6226.8011,6326.8079,6525.28,6443.2686,6361.5089,6433.77,6503.2099,6368.3834,6099.17,6000.4404,6183.0784,6317.96,6006.3851,6074.8569,6516.96,6489.8088,6360.7462,6406.27,6490.2313,6461.9305,6448.2,6673.2917,6673.1461,6464.72,6540.3576,6675.7958,6605.68,6333.0706,6331.3493,6683.62,6971.3336,6819.9776,6454.05,6476.8129,6681.4391,6756.97,6617.1899,6635.7268,6845.89,6942.0069,7069.6308,7279.16,7269.3346,6253.524,4906.2,4811.338,4927.0873,4824.86,5086.898,5218.8292,5089.09,5103.7061,5234.7283,5340.75,5332.0287,5310.6345,5283.32,5165.0431,5073.9384,5120.57,5294.6376,5355.3218,5304.81,5335.0062,5220.1648,5159.12,5476.7015,4955.5688,3875.21,3805.8784,3972.1239,3995.05,4268.3912,4294.1893,4084.44,4152.3874,4073.518,3928.65,4230.4867,4267.7331,3930.49
2025-06-23,3863.9277,4063.6894,4185.77,3918.9827,3729.3127,3757.46,3715.6497,3683.7059,3744.34,3848.9993,3810.2869,3571.99,3333.5589,3614.3343,4025.72,3674.0167,3535.5013,3836.19,3840.4843,3856.8768,3926.58,3740.4645,3726.3034,3843.6,3649.5235,3686.4422,3857.08,3539.5843,3533.6129,3800.51,3525.9987,3549.4217,3819.08,3508.3656,3879.8634,4870.62,5027.2595,4768.5781,4651.47,4784.3419,4891.6517,4795.92,4591.8979,4673.0318,4835.86,4650.9599,5373.5336,6651.22,6748.9919,6506.5099,6543.31,6623.4826,6638.3202,6618.46,6650.3723,6656.3069,6599.86,6521.1255,6435.3863,6421.41,6537.1821,6491.2553,6270.72,6184.4632,6348.6047,6525.15,6380.2399,6374.7828,6504.03,6313.8553,6197.6871,6185.74,5930.4372,5873.8372,6002.98,5897.7836,6105.3355,6519.69,6465.3745,6557.8544,6853.1,6754.8312,6609.5016,6626.1,6684.0925,6862.5031,6972.25,6707.9091,6562.3735,6659.97,6669.124,6708.9807,6735.09,6542.1879,6403.0141,6508.76,6792.5795,6982.254,6987.68,6915.4377,6742.402,6602.04,6711.1033,6863.9139,6989.78,7056.9931,6282.2414,5130.81,4990.8518,5214.4971,5292.47,5316.3972,5142.9651,4906.51,4963.6108,5184.4161,5297.8,5167.3442,5230.7692,5426.74,5274.9583,5170.6259,5286.56,5387.4077,5399.6954,5324.19,5218.1221,5241.6535,5408.65,5464.6682,4820.9058,3990.52,4124.298,4241.8258,4020.92,4092.7474,4109.0822,3995.09,4071.8083,4128.4023,4054.59,3968.3734,3940.6405,3964.0
2025-06-24,3968.5445,3896.4237,3844.52,3956.0557,3970.9775,3877.85,3942.3504,4129.8192,4226.56,4075.7181,4117.9874,4257.55,3963.4778,3690.4552,3647.9,3634.0969,3782.6258,3928.56,3743.5192,3760.9772,3924.21,3654.7691,3495.2096,3554.03,3413.1049,3419.0464,3626.26,3699.043,3702.8858,3724.12,3761.7174,3799.7012,3707.01,3487.9318,4067.2038,5006.88,4892.4691,4725.4945,4902.28,4832.1405,4855.66,4932.32,4667.3618,4710.8844,4894.08,4531.8572,5123.0682,6472.64,6751.8776,6576.5411,6550.32,6596.7636,6523.0361,6397.63,6471.8521,6600.5907,6662.57,6658.6616,6577.962,6492.81,6510.3757,6530.9514,6495.0,6449.5654,6490.5374,6586.91,6591.9254,6455.6458,6324.05,6379.7039,6291.7402,6076.69,6099.9513,6211.4924,6118.4,5730.309,5761.7951,6210.77,6384.9659,6487.7866,6601.84,6540.7829,6456.2174,6463.95,6540.2249,6603.8123,6652.75,6713.0174,6573.7034,6428.42,6706.6738,6944.5979,6952.34,6951.8737,6817.5395,6670.78,6817.572,6954.5403,6864.35,6626.2013,6524.5379,6608.96,6706.7749,6883.535,7118.23,7156.4187,6451.962,5412.77,5086.2944,5002.805,4893.2,4980.8896,5102.5034,5172.03,5263.8233,5368.9937,5398.89,5241.3144,4929.4337,4799.2,5180.7916,5358.2404,5266.14,5485.5844,5553.6227,5419.44,5512.3578,5473.9092,5298.05,5276.1066,4718.0612,3972.05,4127.0951,4139.5832,3834.93,4071.6347,4210.6175,4031.02,4024.5117,4282.8984,4396.65,3931.3624,3865.1328,4215.0
2025-06-25,4049.8387,3890.6925,3972.72,3972.8983,3980.6378,4002.24,3905.7314,3780.2248,3775.75,3934.8949,3880.3137,3673.57,3730.2081,3727.6358,3645.66,3804.0934,3924.2828,3871.71,3791.3838,3746.5972,3705.24,3612.1999,3598.8297,3655.66,3655.6846,3739.9216,3783.26,3522.6489,3456.4352,3647.75,3669.5709,3640.9968,3591.17,3496.6215,4007.0357,4805.33,4854.3502,4756.7598,4846.57,4849.4257,4815.7937,4745.2,4578.843,4565.6295,4624.69,4567.6896,5338.2871,6550.1,6738.3142,6565.6663,6588.82,6693.4416,6710.9937,6622.27,6553.0965,6579.6421,6602.77,6457.0817,6348.5476,6388.77,6470.4988,6383.7218,6275.3,6453.7609,6388.7074,6162.9,6393.604,6553.6875,6409.23,6247.1826,6087.391,5944.82,5871.6384,5800.2717,5743.54,5856.6919,6388.4308,6883.14,6593.1499,6455.8025,6640.29,6458.2752,6534.196,6772.63,6404.8846,6182.3577,6527.5,7046.6588,7005.3458,6525.72,6419.2058,6526.7775,6623.88,6684.4722,6725.0435,6721.92,6658.1352,6726.5479,6901.06,6938.6264,6819.6727,6662.37,6640.6955,6827.5262,7070.11,6985.9079,6118.9785,5084.65,5067.708,5223.7356,5159.97,5287.2931,5360.3612,5250.56,5113.5295,5068.9701,5062.04,4972.4196,5051.9886,5299.23,5421.9353,5362.3094,5221.85,5148.6455,5095.4531,5096.1,5220.7208,5184.8167,5159.92,5507.949,5229.9755,4394.24,4106.1952,3993.4231,3908.39,4137.5345,4281.6456,4172.77,4022.1218,3921.1452,3950.74,4122.7775,4100.8498,3994.04
2025-06-26,4198.2019,4160.9326,3904.86,4000.562,3970.9788,3804.46,3970.5985,3954.6445,3804.64,4066.8105,4053.5462,3699.54,3649.4388,3647.2104,3621.35,3791.3298,3874.6987,3783.43,3715.6962,3712.326,3678.92,3520.8954,3497.7828,3629.75,3680.6529,3699.8906,3701.89,3624.5525,3536.9374,3482.22,3477.0627,3653.4651,3760.31,3489.1802,3884.8956,4788.18,4947.6356,4899.629,4927.65,4772.5172,4841.5215,5031.41,4828.1809,4776.4393,4815.93,4500.1543,5243.2322,6600.61,6599.5217,6425.0091,6639.21,6599.8794,6580.7228,6679.02,6641.0775,6499.3155,6479.39,6725.6067,6628.8996,6308.4,6483.8703,6632.4101,6504.63,6398.3341,6417.1095,6474.32,6416.0261,6355.0334,6367.8,6396.9781,6279.2926,6081.42,6023.1302,5928.6216,5820.56,5927.2003,6105.8919,6286.31,6491.1167,6463.7593,6381.91,6686.4474,6873.994,6800.88,6788.8207,6633.7969,6404.35,6461.3908,6690.3699,6795.77,6628.7685,6810.6714,7086.36,6628.5757,6534.2813,6901.35,6713.6904,6446.0163,6486.03,6707.225,6845.0593,6932.62,7153.1245,7020.9472,6750.03,6929.6047,6259.1741,5017.32,4918.2815,5207.9111,5249.52,5158.2188,5034.5338,5127.13,5587.6203,5589.6122,5212.18,5323.6036,5374.6063,5188.95,5184.3882,5204.8879,5183.55,5221.9513,5147.1175,5042.38,5191.3325,5378.8107,5501.35,5553.0867,5000.6913,4133.85,3909.4063,4121.9551,4246.79,3983.9976,3969.6158,4252.86,4222.2938,3919.118,3811.57,4221.1929,3941.6443,3163.47
2025-06-27,3270.9974,3348.1951,3048.11,2975.3128,2900.3861,2711.69,2619.7533,2753.492,2898.45,2727.3439,2711.8671,2919.87,2938.1126,2853.9588,2808.9,2823.8391,2758.5822,2671.92,2742.1118,2690.1001,2539.19,2616.9425,2789.8463,2785.14,2488.6551,2466.7341,2742.73,2798.5787,2791.659,2778.26,2628.7157,2569.4013,2661.84,2737.4786,2736.7632,2667.59,2585.2018,2578.9562,2615.21,2614.2559,2819.6254,3170.79,3314.9444,3274.4003,3146.4,3010.916,2968.0036,3049.83,3186.9651,3200.6773,2986.67,2694.6318,3035.4451,3700.71,3664.6229,3625.1964,3803.86,3720.468,3745.05,3910.83,3833.7072,3690.9135,3641.95,3665.0961,3675.1532,3676.67,3710.7828,3568.3406,3399.87,3579.2865,3701.522,3640.37,3671.1681,3763.0491,3818.31,3753.4001,3498.2991,3368.49,3766.778,3953.5007,3749.6,3690.054,3764.0968,3810.66,3768.7256,3966.3721,4164.88,3816.9055,3749.9513,4069.98,4039.1745,3832.3314,3807.99,4078.2963,4034.8959,3806.5,4085.2704,4191.3944,4013.73,4096.1582,3947.59,3533.47,3362.8723,3233.3625,3111.39,3229.8396,3465.1749,3527.31,3265.7515,3339.3437,3626.86,3396.5851,3366.2453,3683.6,3734.449,3623.829,3522.96,3498.0081,3675.5201,3848.93,3656.5089,3496.4418,3557.71,3645.5654,3642.9951,3469.52,3197.5453,3419.9517,3940.95,3887.2357,3358.7371,2906.59,3003.0323,3047.8042,2950.99,3158.4141,3170.6119,3024.03,3242.6278,3216.6573,2942.74,3050.1589,3126.241,2963.58
2025-06-28,2818.117,2883.6011,3035.66,3002.7907,3091.2734,3230.06,3025.6465,2873.7712,2893.19,2836.9528,2899.1977,3017.92,2896.7359,2776.3908,2760.43,2698.2651,2535.0117,2469.58,2742.4989,2878.3385,2787.31,2823.187,2853.9934,2813.34,2779.3598,2648.0936,2560.12,2796.8975,3041.7753,2987.11,2637.3392,2566.0513,2755.03,2687.3207,2750.4558,2887.67,2624.3317,2499.5539,2661.39,2738.1136,2875.5195,3101.92,3226.433,3204.684,3195.02,3373.155,3353.1806,3110.32,3026.8578,3096.2491,3123.92,2983.2983,3135.1961,3601.6,3896.3262,3860.1717,3723.08,3848.7787,3946.4754,3880.71,3819.9341,3850.9467,3849.54,3663.4691,3745.1639,3986.26,3828.8608,3743.8117,3802.61,3619.5157,3610.6869,3793.31,3750.6285,3740.124,3808.27,3699.0576,3496.5137,3488.26,3874.0888,4071.4311,3899.69,3727.7484,3720.0526,3822.24,3850.0716,3752.0882,3689.4,3877.2322,4045.7141,4003.33,3825.035,3827.4551,3978.42,3979.8846,4078.4808,4210.63,4052.6129,4020.7407,4202.23,4214.7846,3888.1614,3426.6,3254.1092,3399.7493,3540.9,3310.8891,3145.0724,3234.81,3361.2735,3453.0094,3461.04,3381.6013,3453.9841,3638.85,3651.7319,3580.4746,3482.5,3354.8137,3445.6833,3703.51,3768.0617,3517.7708,3278.69,3509.1661,3688.119,3664.4,3746.8256,3633.4927,3442.01,3605.4539,3539.4072,3231.62,3253.7388,3204.519,2956.61,2870.2285,3127.0273,3317.87,2906.6355,2942.4328,3322.95,3000.1714,3274.4804,4151.9
2025-06-29,4230.7194,4046.1056,4039.51,4060.4738,3991.8078,3861.32,3811.417,3911.5164,3961.36,3750.0665,3970.6908,4326.37,3844.7486,3663.4302,4035.26,4047.9857,3826.1866,3647.92,3614.0257,3607.5767,3584.04,3597.7739,3601.8577,3640.17,3798.4491,3870.1208,3807.19,3748.3704,3653.0867,3562.42,3591.2508,3636.1741,3598.57,3560.6731,4044.6661,4763.58,4844.3312,4723.0809,4714.25,4721.399,4831.095,4950.3,4875.5342,4865.5833,4897.44,4806.5555,5401.6163,6370.25,6511.1212,6502.8457,6616.23,6459.0493,6523.273,6734.67,6509.5141,6386.0902,6549.31,6612.4323,6483.0944,6387.34,6575.2029,6478.5473,6160.86,6255.3169,6345.8384,6361.33,6623.5602,6597.7024,6392.92,6621.8112,6500.9405,6023.11,6027.9688,6214.1462,6223.64,6046.5557,6080.6589,6358.93,6503.6033,6364.6451,6184.2,6352.9534,6547.5356,6543.7,6418.7569,6325.2173,6295.5,6284.6497,6467.4053,6756.1,6819.9591,6641.3868,6519.4,6757.9441,6778.212,6615.12,6873.3243,7106.6146,7009.64,6735.4786,6606.9778,6692.43,6794.6472,6831.5518,6916.59,7039.7357,6128.289,4783.68,4841.9301,5349.0636,5497.22,5376.6387,5207.1211,5162.31,5252.9727,5137.7445,4915.59,5035.0918,5242.0695,5309.71,5252.8719,5210.2735,5180.79,5077.6201,5129.4554,5285.05,5257.0128,5248.2492,5411.31,5586.6528,5117.3492,4211.85,3805.5963,3796.9688,3953.16,4107.665,3841.4443,3534.94,3974.184,4164.8011,3881.76,3878.8966,3944.9932,3960.92
2025-06-30,4056.9881,3990.0766,3784.12,3761.2615,3966.1913,4065.63,3693.8178,3539.3575,3781.31,3924.2046,3884.699,3789.71,3802.1326,3832.7221,3699.13,3371.6114,3502.9587,3920.15,3793.7201,3628.3061,3654.33,3604.2306,3675.4998,3784.04,3615.491,3536.4931,3711.71,3909.4707,3836.7252,3582.12,3528.7139,3658.8329,3696.17,3482.411,3892.2993,4799.21,5103.9317,4866.7972,4556.22,4587.7015,4755.6792,4878.4,4950.496,4948.253,4773.15,4526.3472,5298.9135,6569.78,6625.9786,6385.8209,6477.13,6606.9097,6674.2051,6643.74,6512.0428,6374.1089,6334.49,6442.872,6587.7916,6580.78,6323.0841,6205.2369,6351.26,6522.1227,6587.0598,6526.79,6413.696,6360.9094,6369.17,6346.8427,6311.9311,6137.08,5730.4574,5792.2254,6164.02,6025.5312,6096.4363,6447.05,6374.717,6250.6012,6310.27,6406.263,6516.7026,6553.5,6419.3093,6377.4967,6533.6,6720.5463,6691.9268,6516.15,6485.9062,6478.0164,6595.16,7025.5381,7014.681,6686.58,6882.5165,6884.4952,6544.62,6503.8994,6671.5397,6794.62,6731.5309,6658.8678,6809.33,7085.4956,6256.0799,4950.08,5083.2869,5220.8672,4799.66,4762.8277,5134.6051,5401.85,5095.8741,5036.3687,5370.76,5413.7359,5146.4548,4893.67,4984.4898,5117.0332,5185.94,5329.3045,5256.9897,5075.67,5211.2246,5352.4052,5389.0,5414.8289,4825.8707,3968.27,3915.8733,4157.876,4235.12,4198.3417,4279.3317,4348.22,4065.0262,3837.8504,3835.18,3906.2333,4320.8075,4854.75
2025-07-01,4919.4637,4861.7117,4764.0,4394.7449,4255.9876,4380.22,4328.3136,4389.8153,4614.84,4700.771,4652.1293,4616.67,4687.786,4520.9674,4264.26,4402.254,4390.8192,4239.76,4497.174,4620.1067,4391.89,4179.1082,4234.5555,4442.48,4453.7082,4320.8838,4242.53,4361.5233,4439.878,4343.5,4162.5942,4077.4412,4087.16,4109.9944,4518.3027,5155.56,5368.851,5112.632,4828.56,5047.3402,5351.6776,5286.22,4858.4993,5047.9724,5495.73,5049.3431,5578.8393,6998.26,7204.9494,6911.3325,6791.36,6765.3951,6827.1614,6969.43,7115.6297,7039.0725,6842.93,6877.9528,7019.6346,7083.53,7005.7096,6946.0524,6969.07,7032.2642,7249.6654,7367.86,6993.1732,6773.0815,6920.75,7023.8638,6968.3246,6808.65,6678.4877,6675.3939,6725.51,6687.7805,6786.1168,7064.06,7302.2142,7332.9233,7230.66,7234.0553,7329.8688,7354.2,7189.1633,7215.9496,7354.27,7188.7677,7279.3057,7679.58,7809.7512,7590.8895,7290.36,7243.4216,7224.1645,7279.9,7629.791,7566.3677,7268.95,7598.8507,7704.2186,7451.35,7570.8103,7645.6153,7652.87,7882.3436,7178.3299,5806.73,5354.0622,5537.9209,5839.41,6001.0416,5829.4617,5603.44,5801.0356,5892.5044,5782.86,5895.0348,5970.6398,5892.03,5847.0994,5959.2731,6061.11,5878.1776,5777.4658,5934.4,6122.8881,5963.2212,5788.52,6163.4444,5683.2756,4576.65,4560.728,4813.6012,4821.7,4878.3014,4668.7722,4419.37,4731.7387,4928.2412,4757.55,4651.9572,4752.4981,4884.99
2025-07-02,4768.584,4621.8471,4554.16,4484.2656,4506.6186,4575.97,4538.8816,4546.4487,4654.26,4753.6203,4775.4872,4709.13,4595.8785,4496.0121,4398.21,4256.3647,4184.2536,4239.21,4340.6326,4265.512,4218.9,4586.2504,4664.7235,4395.16,4425.0662,4551.8844,4501.07,4245.4801,4130.538,4264.5,4406.9856,4257.5411,3956.12,4016.5927,4616.2868,5275.81,5250.2465,4990.7473,4973.52,5236.4418,5217.592,4952.87,5038.5756,5328.6276,5364.35,5004.1171,5742.4706,7043.2,6826.6291,6526.6498,6731.43,6644.9476,6885.4524,7244.37,6819.5575,6675.1394,7060.74,7150.9042,7087.9845,7068.84,7088.2889,7136.1198,7097.69,6872.6361,6817.4336,6906.83,6818.8414,7000.4367,7356.73,7252.3821,6849.5777,6543.39,6613.0507,6780.4109,6798.52,6689.6248,6842.9454,7134.11,7057.8775,6980.7784,7071.08,7138.1364,7240.1642,7346.79,7339.3376,7356.8702,7357.49,7173.6123,7104.4021,7138.01,7029.5025,7282.5804,7667.04,7398.6175,7151.4209,7324.59,7629.0895,7645.7469,7467.48,7561.6718,7748.7319,7797.58,7666.0672,7592.4108,7639.76,7529.5538,6649.1336,5606.54,5713.5071,5938.9272,5756.37,5640.0694,5651.682,5817.91,6132.0983,6153.3931,5798.98,5492.2339,5771.0335,6278.32,6118.9139,5889.8911,5912.46,5912.401,5871.0944,5868.73,5933.3498,5798.5594,5688.83,5970.6686,5413.5085,4517.49,5016.0035,5135.3427,4581.89,4844.3887,5064.3425,4786.44,4525.0055,4588.8803,4782.61,4662.8082,4549.2047,4679.87
2025-07-03,4951.8268,5023.9817,4883.29,4794.5697,4611.4251,4432.13,4543.0414,4598.0907,4590.51,4795.34,4649.347,4274.7,4420.2709,4750.8137,4900.09,4797.506,4556.6297,4364.25,4348.8228,4298.7388,4212.27,4292.0123,4383.3192,4383.84,4327.9543,4219.3314,4092.6,4042.2094,4221.6742,4359.73,4040.2757,3981.8243,4225.63,4208.7056,4748.5568,5528.45,5302.8348,5022.328,5100.3,5012.9223,4892.102,4906.72,5061.5006,5255.0981,5230.38,4982.4343,5932.6025,7452.87,7387.8065,7032.3471,6991.67,6611.234,6479.7574,6761.65,6973.213,7047.6929,7019.26,6913.0735,6768.7961,6725.84,6909.467,7016.7505,6918.74,6774.3416,6759.5506,6914.53,7102.896,7051.5374,6942.35,7179.0998,7138.2328,6751.46,6611.894,6687.0354,6747.13,6637.5516,6619.6852,6786.9,6963.0672,6995.0854,7001.21,7229.6565,7412.3027,7473.24,7573.0382,7531.8554,7318.06,7132.7177,7149.4512,7288.35,7320.0878,7384.2828,7495.51,7487.1351,7352.6183,7243.62,7326.0783,7373.4132,7364.64,7496.7002,7626.4069,7707.71,7801.0736,7675.4587,7582.83,7892.813,7300.6746,6048.68,5770.8158,5822.1547,5900.9,6341.6323,6335.7991,5904.07,5877.6375,5853.6334,5675.86,5665.5291,5781.8932,5855.78,5784.0496,5840.2137,6067.64,6179.1011,5894.2492,5635.03,6099.839,6354.5294,6179.5,6148.1539,5545.5492,4709.99,4830.99,4995.502,4741.82,4541.0416,4613.5781,4811.1,4803.6611,4711.5904,4681.82,4669.5496,4254.0895,3699.83
2025-07-04,3704.5218,3628.0657,3420.09,3683.7338,3928.4725,3909.12,3840.2245,3670.6614,3536.56,3660.7249,3604.3341,3434.01,3633.68,3692.3935,3541.83,3621.8526,3628.4608,3482.9,3427.8134,3328.1718,3229.64,3347.2914,3460.8373,3371.43,3113.5509,3098.2149,3297.65,3298.4681,3257.6252,3184.54,2956.3837,3069.57,3368.14,3191.4284,3073.5535,3216.27,3262.5588,3182.7133,3093.8,3142.133,3357.0804,3686.14,3941.3928,3640.5694,3123.13,3270.378,3574.9398,3694.16,3764.6093,3755.0481,3635.81,3512.6828,3804.2329,4278.64,4267.717,4243.4818,4368.42,4301.8529,4104.5291,4029.44,4254.7173,4342.3468,4253.37,4322.6515,4194.091,4012.07,4297.1631,4393.8899,4173.85,4166.7784,4231.0121,4282.1,4404.0667,4428.0844,4345.03,4348.2854,4525.6797,4626.58,4318.1231,4151.2272,4316.91,4468.2859,4450.8369,4323.56,4298.1497,4545.0706,4858.59,4848.3588,4823.3998,4845.4,4674.6374,4560.0436,4640.09,4786.5028,4767.3793,4648.85,4681.3657,4592.3573,4544.38,4918.0681,4749.0168,4101.82,4066.8324,4357.5989,4469.73,4225.7133,4159.7162,4289.06,4130.9225,3964.903,4044.61,4332.2249,4529.6021,4469.93,4231.4313,4085.2094,4088.0,4122.8715,4396.9327,4675.25,4467.491,4335.4752,4429.38,4366.2511,4340.4632,4425.62,4440.7573,4291.121,4228.64,4524.2608,4292.4011,3627.42,3571.9755,3875.9103,4053.0,3893.3897,3860.5396,3955.39,3766.1846,3722.8832,3871.17,3810.2111,3747.3787,3770.68
2025-07-05,3762.87,3881.2009,3976.78,3738.4441,3684.5057,3799.99,3591.2454,3590.6747,3720.21,3359.1403,3182.0556,3405.22,3563.6406,3626.9365,3512.98,3151.7578,3163.3906,3552.34,3663.7624,3379.7574,3042.96,3114.4497,3273.5734,3341.06,3434.6116,3499.8404,3463.81,3328.523,3275.2212,3355.32,3442.0162,3399.9552,3253.25,3150.5084,3100.2837,3090.83,3134.2903,3264.5042,3338.97,3160.1919,3027.3149,3144.52,3445.3291,3671.5083,3665.02,3474.1247,3377.1301,3427.87,3436.4635,3363.4191,3294.36,3399.8386,3832.4197,4285.21,4235.1558,4093.9956,4132.24,4214.5207,4120.8413,4051.57,4366.9432,4362.2408,4084.48,4270.3272,4360.4801,4292.15,4556.5355,4571.892,4345.6,4459.3418,4370.5568,4259.68,4828.9759,4884.6142,4360.64,4400.3264,4557.3211,4552.77,4601.5886,4575.009,4519.52,4628.7549,4630.9269,4506.34,4514.8048,4552.8979,4519.81,4458.6505,4582.8804,4799.24,4790.2478,4723.681,4646.76,4490.3565,4668.5931,4942.26,4657.5192,4570.98,4926.38,5123.7797,4721.1356,4156.43,4303.1164,4482.1367,4285.76,4014.5793,4101.8212,4407.84,4387.5958,4259.0418,4206.22,4184.1784,4158.4488,4133.92,4126.3788,4066.3481,4042.95,4219.647,4348.2535,4352.25,4368.557,4294.2485,4250.77,4451.8592,4365.741,4062.94,4144.772,4198.9901,4247.76,4640.7807,4324.9935,3552.72,3684.9627,3902.488,3731.26,3574.8619,3694.8537,3890.02,3769.0585,3816.569,3992.38,3826.1198,4069.5945,4642.88
2025-07-06,4669.9004,4642.8066,4745.0,4645.2955,4593.7136,4673.77,4680.4692,4540.0171,4416.47,4524.1702,4497.7458,4400.63,4609.4717,4496.2582,4228.1,4586.5831,4652.5714,4249.68,4146.8465,4184.6071,4147.36,4091.2091,4372.0748,4706.46,4436.542,4225.267,4365.81,4468.813,4267.6355,4027.47,4232.6931,4302.167,4093.89,4115.4179,4607.5598,5253.67,5447.0784,5347.3342,5185.53,5072.1611,5130.109,5338.89,5522.8107,5482.8481,5155.76,4846.0182,5685.8095,7120.19,7336.2767,7031.4596,6913.26,6992.9724,7055.2906,6957.48,6767.9046,6878.222,7025.48,6621.5587,6657.082,7229.87,7378.6795,7096.8951,6827.67,6997.0948,7191.1664,7139.77,6962.9827,6909.369,7074.15,7284.6456,7056.8292,6605.44,6629.3579,6687.8088,6551.92,6501.574,6806.3192,7180.57,7065.4447,6969.5827,7053.81,7006.634,7090.0226,7259.26,7180.8911,7177.0188,7352.78,7456.1219,7355.0839,7073.54,6832.5116,7113.0047,7496.91,7135.8496,7235.041,7784.84,7529.0278,7150.3548,7150.82,7329.5664,7424.9039,7444.65,7558.6491,7502.4184,7499.06,7889.8151,7190.5417,5704.38,5381.0749,5766.9686,6033.73,5856.5192,5882.2718,6120.67,5945.4034,5687.4176,5732.47,6080.4058,6011.4071,5706.33,6021.7064,6239.4259,6065.76,5955.5182,6027.695,6071.74,5829.6631,5772.5591,5941.17,5857.8826,5444.4383,4999.59,4908.6005,4841.7435,4756.62,4899.6736,4821.0768,4450.2,4243.0603,4501.4659,4865.65,4696.7732,4664.2197,4792.23
2025-07-07,4476.9606,4472.9218,4856.1,4915.9432,4895.2793,4923.71,4800.4577,4471.0522,4292.73,4662.2663,4704.8883,4472.01,4810.9375,4814.5046,4364.63,4317.4577,4468.6471,4523.7,4446.4505,4465.655,4556.12,4444.6507,4147.8487,3971.46,4227.5941,4422.6976,4352.71,4277.1105,4327.0305,4379.92,4227.1277,4161.9955,4189.48,4100.0911,4452.7219,5118.71,5326.9047,5265.5814,5201.49,5197.0661,5187.3206,5200.96,5328.2592,5411.7468,5245.78,4926.4109,5617.3204,6959.54,7344.6509,7296.4768,7265.5,7128.4242,6970.8739,6932.41,7040.3294,6921.2266,6730.8,6975.0477,7076.9567,6925.33,6964.1495,6907.387,6806.32,7019.0686,7048.6026,6847.0,6875.4097,6966.5125,7016.96,7079.6414,6936.3886,6702.18,6754.1378,6906.6595,6883.28,6657.8655,6940.2325,7523.22,7449.2543,7146.014,7068.02,7220.5036,7164.5715,6963.32,7081.8465,7173.4874,7085.52,7032.0983,7080.2033,7247.19,7479.5027,7490.3013,7315.99,7265.7941,7223.0128,7157.79,7211.4989,7412.0519,7567.84,7453.6797,7445.6981,7609.83,7622.4699,7460.1711,7360.12,7445.2745,6731.3615,5587.03,5475.5159,5739.9751,5822.27,5806.4623,5761.3597,5803.46,5978.9273,5851.5644,5624.06,5929.8173,6117.432,5952.52,5854.299,5870.2405,5950.03,6023.2805,5938.1461,5801.08,5867.8035,5895.7509,5957.02,6239.0595,5695.3445,4645.28,4592.5581,5070.6943,5325.33,5021.5216,4599.3462,4459.41,4638.6699,4667.6501,4523.07,4608.2602,4755.639,4733.08
2025-07-08,4520.4376,4579.8654,4860.2,4837.9663,4632.2837,4529.56,4682.3052,4729.3632,4651.16,4744.9616,4714.5078,4544.46,4513.1464,4355.2692,4110.23,4183.1429,4637.8153,4932.87,4430.1113,4113.4861,4230.63,4136.2805,4173.6674,4264.63,3948.9545,3920.1051,4198.14,4146.0868,4332.2805,4640.3,4328.8029,4106.3631,4205.56,4216.7884,4531.3515,5111.7,5392.6934,5267.1894,5084.08,5277.2989,5312.411,5081.35,5048.1598,5263.483,5364.77,5075.2865,5592.4246,6689.18,6902.3561,6965.5465,7192.84,7106.3969,6999.7977,7037.43,7059.2212,6950.0473,6863.27,7048.0727,7143.6653,7114.05,7225.4866,7062.0378,6693.12,6662.7567,6777.144,6843.25,6893.3232,7075.4865,7217.39,6949.0885,6502.3583,6326.87,6685.8281,6877.1469,6756.69,6847.4379,7135.5358,7340.87,7192.8245,6947.7872,6903.79,7134.7888,7207.3186,7086.19,7151.0131,7343.9366,7488.41,7457.3246,7336.0718,7273.12,7345.9815,7322.4596,7206.0,7239.0544,7366.781,7442.9,7388.5999,7433.6533,7521.56,7376.4823,7289.2896,7464.06,7759.4557,7627.2191,7441.11,7923.8422,7229.7737,5603.56,5316.1321,5785.0907,6048.61,5798.6301,5836.3144,6107.34,5812.2975,5648.951,5845.28,5915.387,5935.8248,5951.82,5894.2778,5951.6746,6139.01,6222.3881,5955.4093,5628.67,5805.6602,6015.8234,6077.55,6157.7016,5649.7091,4797.33,4570.3749,4658.3323,4749.55,4836.3883,4815.4206,4784.62,4906.6991,4721.3185,4381.15,4537.5105,4765.3653,4685.77
2025-07-09,4380.512,4442.9455,4754.84,4644.2128,4546.139,4689.87,4828.8756,4789.2611,4617.76,4533.0315,4639.3807,4696.51,4386.9232,4303.8495,4455.5,4317.7804,4458.3754,4735.17,4381.0633,4065.8343,4146.25,4314.8038,4348.6556,4263.83,4231.9702,4210.8477,4203.01,4252.5435,4181.75,4081.16,4213.2925,4247.4186,4108.57,4110.8566,4476.7244,5005.21,5234.5844,5242.4855,5208.74,5241.3723,5306.7153,5279.2,5092.8878,5119.2607,5188.2,4929.5987,5682.4875,7008.34,7013.121,6772.9217,6860.18,6768.7484,6745.3371,6902.79,7003.351,6776.7988,6534.67,6840.2348,6961.8945,6814.38,6991.5357,6936.8367,6685.59,6882.9396,7074.5367,7016.8,6930.2889,6910.6774,7022.54,7238.4813,7165.6152,6880.5,6816.5726,6620.0859,6389.79,6640.8604,6949.4007,7037.57,7028.4556,7089.7875,7237.69,7319.6569,7162.3897,7037.79,7366.3738,7411.1192,7110.45,7139.6904,7255.8109,7273.27,7280.7831,7273.807,7235.91,7217.1137,7450.305,7664.35,7380.2553,7432.9198,7786.68,7579.9227,7429.4229,7467.69,7207.8039,7133.0608,7512.79,7916.9667,7078.9615,5726.14,5898.5625,6167.495,5862.76,5756.333,5791.6217,5742.66,5578.0816,5783.66,6116.98,5859.0981,5767.8273,5965.76,5831.8415,5798.826,5961.9,5946.62,5936.1577,5975.15,5908.3186,5909.5583,6014.6,5962.1208,5246.9396,4443.23,4703.8678,4992.81,4799.91,4602.2687,4486.3188,4494.04,4674.6647,4849.9674,4877.57,4748.3205,4606.076,4491.3
2025-07-10,4402.6303,4697.733,5003.29,4559.1732,4298.7355,4486.12,4449.0552,4184.3735,4057.04,4382.4977,4556.7148,4508.48,4682.2694,4563.8199,4245.34,4392.5034,4566.3369,4491.32,4354.1445,4381.312,4508.19,4419.486,4003.4576,3693.51,4079.5067,4445.2073,4472.3,4462.4565,4294.4812,4111.13,4232.6209,4205.2707,3992.18,4085.2305,4613.896,5157.7,5136.1703,5111.8165,5314.06,5406.1837,5290.9022,5136.84,5204.3553,5326.9331,5296.99,5179.4823,5798.5696,6811.52,6963.3353,6750.5017,6593.6,6472.4285,6693.4352,7083.43,7075.9086,6803.2874,6663.95,6921.0175,6992.3881,6899.18,7152.7397,7014.7583,6592.03,6764.8372,6879.7543,6757.37,6909.5156,7140.1721,7253.7,7235.6325,7053.5926,6782.92,6611.2598,6703.6737,6881.33,6801.7238,6798.1284,6978.34,7081.8172,6979.1075,6849.55,6970.9854,6957.8118,6918.27,7320.8093,7461.3401,7185.77,7065.2435,7166.7503,7343.53,7403.0432,7294.968,7275.39,7631.9288,7732.962,7500.99,7463.6948,7437.688,7412.8,7579.4026,7523.2797,7398.06,7749.7697,7846.4899,7635.26,7653.7766,6857.0044,5617.59,5523.3927,5761.4541,5718.27,5632.2683,5846.3286,6164.22,6073.617,5996.0877,5987.86,5722.2398,5724.4093,5916.98,5734.7577,5897.4415,6257.54,5943.843,5917.6653,6192.12,5827.2433,5698.6449,6011.95,6002.3547,5592.0871,5134.27,5014.4914,4794.6986,4577.97,4886.7759,4965.5465,4718.21,4761.1391,4645.3107,4413.76,4533.5042,4150.9333,3449.51
2025-07-11,3525.5937,3662.5161,3542.34,3579.1766,3654.6707,3684.38,3717.1843,3638.9688,3519.32,3555.0372,3558.9585,3535.48,3661.728,3661.8849,3514.06,3472.3612,3421.6789,3336.8,3362.1883,3562.7721,3682.18,3379.2556,3150.0282,3221.97,3361.7183,3420.7033,3357.8,3229.3796,3157.0037,3255.84,3493.9596,3370.5052,3001.36,3013.6568,3154.2631,3161.86,3053.4942,3066.2469,3179.14,3185.9396,3363.0248,3679.3,3767.891,3648.6561,3526.53,3569.0887,3479.0628,3278.76,3324.4008,3554.9568,3662.21,3449.666,3671.6553,4221.06,4219.1347,4082.9103,4101.3,4160.2655,4373.1338,4518.03,4231.8315,4138.6109,4285.73,4123.1636,4004.5772,4103.32,4211.3858,4259.597,4284.13,4346.7755,4354.4186,4332.95,4404.5512,4446.3929,4355.87,4185.8178,4254.9839,4424.98,4265.737,4244.9977,4463.22,4528.8182,4472.042,4437.06,4515.7825,4585.7467,4521.77,4343.4025,4420.8095,4648.43,4597.0825,4754.2403,4929.42,4446.046,4281.4557,4586.61,4564.7433,4604.9338,4887.41,5043.0197,4616.5862,3940.58,3846.972,3968.9661,4018.7,4087.3547,4225.347,4306.62,4152.4073,4011.883,4030.94,4136.3895,4231.3165,4315.64,4422.4883,4333.449,4161.13,4268.8356,4445.8042,4405.89,4069.1882,3873.0414,3977.87,4184.9978,4471.5878,4646.46,4470.6768,4359.8131,4406.62,4288.3524,3983.4536,3729.39,3785.9525,3807.0569,3708.27,3741.7532,3845.3148,3864.27,3719.2817,3657.1036,3717.8,3738.4273,3879.6966,3986.55
2025-07-12,3729.7402,3652.5609,3835.96,3828.0779,3772.4903,3677.17,3424.0167,3521.2597,3787.64,3543.7162,3473.3879,3676.84,3561.1655,3476.8378,3570.38,3580.753,3427.3008,3316.08,3507.305,3554.5904,3365.84,3265.451,3125.6514,3064.14,3341.3525,3367.1978,3154.64,3269.6131,3240.3254,2989.89,2977.6039,3152.5756,3293.87,3241.934,3209.5437,3183.8,2988.5136,3040.7441,3223.08,3049.8095,3254.5899,3686.92,3432.7663,3270.3814,3509.85,3663.8116,3673.741,3622.51,3622.6703,3792.7451,3894.16,3595.3491,3589.562,3999.55,4253.1357,4322.5858,4361.7,4474.9467,4438.7554,4276.24,4240.9769,4202.8761,4179.27,4347.4871,4541.2036,4600.67,4496.4943,4337.9433,4223.1,4176.6115,4114.9612,4072.97,4160.43,4219.0249,4284.59,4500.5585,4422.0609,4191.08,4401.9313,4539.742,4458.17,4532.503,4615.8316,4582.38,4478.5508,4402.157,4420.51,4537.4266,4669.3284,4714.69,4627.558,4566.0503,4638.3,4790.1271,4740.213,4566.89,4621.4319,4695.6308,4665.54,4565.6343,4178.4664,3884.87,4292.8494,4329.1317,3974.74,4237.2434,4347.5276,4094.53,4084.7961,4133.9836,4137.98,4217.1274,4242.0229,4222.65,4296.3584,4300.283,4229.08,4245.392,4251.9517,4253.48,4351.0101,4361.9429,4242.55,4152.0792,4205.9175,4296.86,4216.6932,4180.2747,4280.83,4386.9325,4388.6412,4213.33,3899.082,3787.7079,3809.02,3613.3199,3650.5966,3832.17,3631.5002,3702.2427,3996.63,3838.0819,4005.7579,4570.87
2025-07-13,4758.2793,4729.9686,4685.57,4622.6356,4564.1055,4532.08,4538.2916,4584.5358,4525.1,4252.3222,4350.2549,4644.77,4379.5599,4169.8534,4288.66,4374.4192,4314.1391,4188.34,4164.3336,4258.1904,4367.33,4359.4569,4300.3642,4284.11,4316.3353,4157.2077,3953.33,4109.382,4284.1598,4219.2,3991.3983,3904.1041,3894.2,3746.8137,4263.0538,5199.75,5388.9493,5163.0744,4969.73,4967.8149,5240.2169,5441.95,5097.4805,4826.777,4849.24,4942.6815,5775.3432,6901.07,7036.61,6893.4822,6907.21,6843.5899,6927.223,7047.92,6851.5452,6811.5309,6946.39,6817.798,6804.801,6982.41,7002.1715,6888.4541,6852.25,7047.1078,7070.1552,6932.62,7028.7641,7083.4729,6993.21,6956.1566,6992.2904,6958.9,6693.9098,6410.0369,6298.03,6425.4565,6818.6337,7125.92,6925.7505,6948.8183,7222.03,7060.3964,6896.2478,7026.4,7273.2453,7284.487,7120.37,7154.2784,7218.7726,7296.51,7512.2755,7426.2815,7090.91,7063.599,7363.8866,7594.25,7350.9494,7275.6165,7543.33,7685.9396,7591.8887,7379.01,7268.1019,7358.9252,7627.12,7782.3328,6913.6041,5633.27,5604.5003,6015.1319,6122.3,5946.2359,5731.7661,5737.31,6040.7552,6158.6908,5960.6,5792.0417,5911.8115,6102.92,5909.3774,5700.3698,5748.33,5968.478,6089.0619,6021.79,5899.2113,5827.5522,5849.15,5850.8358,5356.9354,4717.5,4763.5078,4643.1281,4358.77,4740.7943,4844.2184,4468.84,4404.5752,4594.5099,4839.76,5001.1535,4864.2471,4597.46
2025-07-14,4604.889,4638.4815,4635.57,4766.6931,4744.0484,4621.41,4705.7241,4515.3881,4252.05,4598.8884,4672.632,4307.9,4244.5593,4367.5263,4358.24,4103.8789,4188.3047,4549.49,4544.2902,4469.3831,4525.16,4566.5282,4437.8185,4220.02,4147.5753,4132.2653,4134.08,4185.5731,4100.1272,4008.54,4225.038,4321.0021,4088.67,3865.194,4462.5587,5393.48,5298.1393,4948.9573,4950.84,5147.6365,5218.3715,5149.45,5193.0144,5299.499,5299.38,5203.272,5843.4904,6847.71,6901.9176,6549.2575,6399.82,6566.5819,6830.9282,7020.64,7107.3131,7136.3006,7113.79,7019.8414,6952.6153,6987.47,7119.7205,7234.9563,7161.57,6855.919,6873.563,7145.7,7061.0666,6923.1714,6968.67,7074.3974,6914.9069,6590.08,6522.9398,6544.9882,6474.4,6364.6923,6621.2176,7040.69,7012.1896,7045.9025,7289.18,7349.3915,7276.9055,7238.37,7321.5382,7316.672,7203.69,7189.0356,7323.9643,7498.85,7522.8727,7367.2178,7273.45,7525.2787,7681.8848,7600.32,7533.5544,7406.033,7370.06,7661.7561,7633.7765,7378.89,7602.4,7644.6624,7465.47,7607.0268,7121.1325,6155.93,5899.2786,5811.7598,5641.25,5747.5531,5995.4816,6090.64,5863.3297,5734.2162,5863.68,6029.0081,6109.9907,6065.86,5939.9308,5904.9335,5947.15,5910.5493,5933.943,6028.74,6042.7714,5985.5398,5953.16,5944.8435,5436.4553,4684.78,4567.1258,4799.6588,4928.35,4769.4069,4681.3382,4743.17,4702.2249,4628.0542,4550.93,4438.3409,4492.4693,4709.36
2025-07-15,4817.9952,4571.1304,4351.78,4759.5855,4828.3512,4404.26,4314.3756,4468.0542,4564.52,4453.0242,4436.113,4555.8,4581.0533,4665.9807,4685.88,4348.6403,4183.1133,4331.48,4448.317,4607.0311,4649.58,4303.1435,4170.9145,4266.59,4043.6111,3941.8851,4166.1,4378.2772,4072.721,3614.92,3885.3372,4217.863,4105.12,3788.0239,4221.325,5214.12,5560.2187,5274.6583,4927.46,5053.3937,5136.4851,5101.46,5350.7316,5397.6215,5072.46,4894.8263,5869.675,7218.55,7047.8685,6549.3253,6587.76,6868.3373,6951.1038,6768.53,6633.4731,6777.3099,7010.82,6917.0771,6745.8065,6781.08,7037.3675,7026.5389,6799.19,6876.269,7018.3447,7009.53,6887.8781,6820.2997,6930.4,7132.2847,6837.7975,6320.65,6449.7923,6565.0935,6443.29,6551.781,6803.9794,7040.36,7171.8745,7104.0808,7000.1,7160.546,7400.5504,7490.08,7353.2802,7207.1057,7166.45,7194.9478,7339.2452,7451.74,7314.8646,7278.805,7381.81,7336.8078,7367.4763,7534.36,7593.8344,7294.7176,6973.7,7219.1011,7318.3946,7107.34,7148.3157,7391.5343,7650.23,7671.6125,6888.0954,5841.43,5763.4785,5926.5951,5858.44,5807.4057,5866.6701,5964.49,5959.0358,5899.7937,5897.26,5983.8094,5853.8373,5618.89,5700.0563,5767.0693,5696.19,5697.2647,5719.2499,5739.17,5817.7245,5958.5819,6127.42,6167.8563,5569.219,4717.92,4561.532,4396.1465,4129.4,4421.7936,4816.8859,4853.71,4528.565,4485.3773,4683.0,4510.0133,4423.4005,4568.4
2025-07-16,4580.642,4418.3657,4321.88,4524.4124,4484.4518,4224.64,4296.9771,4353.1848,4316.82,4483.8293,4630.4974,4666.23,4720.0908,4727.2693,4613.66,4400.7161,4306.73,4214.31,3852.2986,3838.2022,4242.51,4462.2221,4313.5945,4171.63,4521.5007,4555.1626,4224.77,4266.3758,4229.3833,4067.67,4237.1542,4362.7107,4153.52,3849.2793,4532.8356,5690.36,5635.1448,5172.6163,4999.83,5044.7611,5162.7975,5172.43,5010.78,5162.4855,5452.39,5324.3712,5814.6898,6736.79,6797.3799,6753.6147,6953.82,6934.7875,6748.267,6669.17,6871.0918,6821.2855,6613.03,6860.5625,7067.6279,6902.33,6578.1537,6654.4095,7033.7,7091.1858,7034.7031,7051.82,7075.5626,6977.0724,6844.11,6888.3367,6910.0893,6855.38,6824.2839,6554.6071,6273.08,6539.6685,6931.5485,7075.69,7002.3038,7117.2772,7240.82,6890.5203,7013.5967,7443.34,7098.8874,7083.5386,7372.82,6895.4317,7060.478,7810.24,7629.4328,7533.332,7801.61,7633.2605,7449.0277,7511.25,7633.4736,7744.4755,7667.57,7287.4826,7255.096,7558.35,7554.4388,7494.1053,7689.52,7978.8849,7084.016,5588.46,5503.9478,6022.5218,6139.09,5686.1789,5662.517,6007.99,5749.5645,5599.9497,5779.92,5764.775,5751.3481,5918.87,6178.5016,6214.3815,5940.95,5579.0253,5423.8742,5513.53,5641.2091,5715.3097,5757.62,5785.0189,5489.647,4965.92,4721.9642,4956.1611,5166.26,4674.0363,4510.2252,4805.54,4679.2957,4521.8562,4610.87,4750.2753,4651.2984,4497.77
2025-07-17,4707.5422,4705.4391,4446.33,4494.8043,4719.9209,4816.83,4630.5144,4547.9563,4568.64,4376.232,4445.0689,4595.81,4184.9304,4088.1001,4377.33,4253.0449,4171.2368,4241.63,4090.4876,4082.7939,4309.17,4450.4952,4420.2728,4327.74,4329.4054,4253.7771,4135.36,4226.1143,4480.1393,4549.33,4122.8437,3900.1521,3994.83,3969.8292,4498.3017,5378.06,5544.7964,5142.1365,4807.95,5072.7979,5343.4215,5275.41,5090.0369,5120.1631,5173.59,4940.3341,5728.4654,6998.56,6801.5374,6512.7498,6793.26,6926.1308,6957.7086,7015.97,7077.1671,7023.7483,6882.43,6796.423,6717.0757,6716.04,6921.4461,7019.3055,6864.34,6616.8165,6525.8343,6656.85,6855.6618,6915.6156,6963.41,7218.3211,6944.8714,6345.48,6419.4468,6652.3706,6599.12,6389.2637,6574.5721,7035.33,7109.2811,7042.3763,7099.45,7249.7097,7171.4232,7040.35,7327.286,7444.3121,7272.48,7262.6182,7200.8874,7058.17,7085.3248,7219.5411,7372.63,7459.429,7208.0902,6962.59,7372.391,7692.7679,7650.2,7667.2585,7651.4884,7571.89,7523.5966,7331.3514,7256.89,7610.3166,6964.3422,5641.5,5482.1339,5682.413,5743.97,5948.1974,5775.6988,5461.84,5793.3626,5945.1337,5724.98,5754.9647,5751.1487,5719.82,5984.814,6057.2464,5921.82,6024.5684,5957.496,5795.27,6022.5971,5993.9468,5781.05,5994.2254,5452.2241,4432.55,4504.1585,4775.8786,4742.65,4799.605,4860.7054,4865.85,4850.8105,4631.7657,4577.25,5124.9897,4658.719,3434.74
2025-07-18,3382.1392,3598.9386,3559.97,3674.9832,3671.5325,3586.08,3750.7896,3739.0115,3498.46,3424.3775,3429.7786,3426.93,3462.912,3607.159,3645.94,3320.9198,3301.3665,3503.01,3213.7642,3123.8592,3356.54,3309.4372,3180.184,3120.64,3087.4684,3260.157,3414.99,3122.2781,2946.5567,3051.42,3057.7992,3031.1357,3084.13,3213.311,3244.4691,3182.19,3184.5677,3144.5482,2968.59,2758.4698,3031.8436,3579.12,3637.4964,3537.9135,3560.22,3654.8442,3784.9077,3824.08,3658.1163,3588.6786,3621.92,3534.0925,3753.8097,4189.9,4272.4695,4253.1796,4308.45,4319.0342,4152.2516,4050.59,4345.2841,4271.328,3927.86,4164.0936,4298.5382,4126.12,4152.7383,4244.868,4173.82,3928.8229,4041.4438,4444.28,4509.2516,4304.0127,4157.55,4301.3143,4287.0646,4128.05,4267.3115,4358.7088,4324.84,4429.9876,4430.8182,4351.7,4494.9113,4678.9562,4683.34,4488.8713,4509.9506,4670.84,4516.89,4445.7788,4565.74,4609.9547,4823.0543,5020.91,4709.0032,4383.0369,4403.75,4614.5657,4386.4402,3932.17,4049.5872,4092.1711,3911.98,4039.3506,4245.4317,4292.48,4178.188,4073.5254,4040.55,4007.9514,3974.1182,4016.11,4218.6729,4454.1471,4432.65,3993.5423,3886.354,4164.15,4179.5987,4168.7127,4237.5,4186.4901,4044.7572,4048.69,4361.2648,4311.2024,4023.52,4229.2596,4112.1013,3695.54,3859.7889,3993.0822,3825.26,3747.9102,3876.0941,4004.05,3838.4917,3697.9148,3763.56,3876.7213,3714.349,3459.93
2025-07-19,3593.6991,3636.3318,3569.35,3796.7894,3635.6837,3256.92,3555.3193,3820.3757,3665.27,3422.8638,3341.2231,3329.14,3186.1159,3467.8638,3864.47,3498.8196,3394.68,3637.13,3313.0009,3176.019,3450.91,3524.5551,3291.0651,3078.82,3293.5875,3481.74,3395.64,3220.3134,3166.4201,3250.35,3329.8996,3405.7982,3362.77,3047.5465,2763.1306,2761.61,3006.6426,3008.6036,2933.97,3367.4155,3541.2336,3369.41,3513.7874,3541.7928,3351.21,3351.9039,3536.7946,3691.59,3619.3431,3565.1903,3609.23,3638.2017,3854.7844,4154.98,4190.4384,4181.9055,4307.79,4462.3624,4193.7876,3760.16,3917.1251,4246.0915,4323.75,4142.3426,4140.9202,4295.72,4194.6892,4143.9298,4324.29,4550.5955,4447.6214,4273.15,4564.4801,4339.0478,3830.2,4270.6874,4535.9855,4222.77,4071.1268,4089.6065,4257.05,4593.4372,4639.783,4442.43,4508.8697,4686.5691,4719.97,4537.4605,4506.8908,4631.12,4585.0092,4610.4691,4701.55,4581.734,4462.4997,4475.57,4555.3598,4668.5916,4727.88,4616.636,4362.9993,4117.24,4069.0288,4218.6402,4380.69,4327.6474,4209.2498,4188.32,4262.0539,4120.1839,3924.28,4143.0839,4303.06,4148.93,3932.4281,4068.278,4422.81,4450.0148,4289.8507,4236.97,4413.8853,4374.7502,4153.68,4213.5139,4263.5611,4244.75,4378.1714,4324.1024,4186.59,4390.4001,4322.79,3884.85,3635.1778,3638.6857,3714.62,3654.2551,3584.3015,3548.62,3492.9921,3626.4482,3855.67,3922.7205,4348.0226,4868.06
2025-07-20,4634.6083,4358.8227,4420.66,4522.1237,4582.6121,4625.91,4648.3969,4393.3599,4097.99,4299.963,4526.5306,4460.03,4239.242,4163.2913,4335.84,4586.1697,4587.707,4379.37,4281.5543,4148.0406,4056.02,4264.6659,4397.6973,4246.97,4001.9801,4093.3497,4410.29,4397.6573,4119.6119,3903.92,4019.63,4102.7828,3873.31,3518.2108,4048.1134,5048.5,5079.5217,5062.387,5363.08,5376.1496,5254.2601,5132.35,4995.9265,5087.7787,5145.2,4808.2751,5518.079,6917.36,7069.7127,6712.9739,6627.81,6833.2318,6922.0438,6805.78,6746.4949,6738.8498,6775.51,6863.9301,6807.8652,6699.17,6825.239,6910.3364,6849.54,6816.7869,6840.2718,6911.45,7016.8826,7113.8683,7219.76,7293.0812,6828.7331,6144.85,6176.7681,6576.0375,6820.54,6731.5996,6841.2194,7114.26,6994.1376,6803.4494,6925.26,7354.7144,7262.3353,6912.93,7329.7032,7436.9216,7027.41,7021.9151,7228.7919,7303.27,7171.0152,7250.9601,7476.01,7364.5745,7200.7214,7294.58,7609.1285,7451.854,6991.68,7105.0423,7419.1815,7566.07,7513.866,7280.4605,7304.36,7896.2098,7318.9129,5841.01,5535.8439,5646.1289,5556.34,5485.2474,5482.0859,5585.41,5805.7153,5887.7845,5780.08,5672.5659,5638.7463,5715.12,5876.2629,5885.8453,5844.29,6057.1355,6112.2518,5858.96,5614.5307,5762.2645,6124.25,6072.2146,5483.6491,4730.4,4401.098,4500.0094,4767.11,4880.4739,4738.7149,4552.56,4614.5214,4548.7081,4431.51,4699.2833,4772.3308,4557.42
2025-07-21,4539.4336,4538.2502,4467.73,4452.2785,4395.3201,4383.54,4606.1244,4709.1521,4489.54,4133.7308,4197.5145,4605.06,4728.1861,4610.7549,4434.48,4317.5852,4275.0401,4259.68,4211.5041,4168.633,4251.18,4472.5297,4236.7244,3836.95,4144.0382,4228.8271,4016.72,4310.4728,4218.7778,3790.69,4033.0815,4299.8461,4178.83,4021.5909,4529.4341,5216.01,4950.7453,5017.4353,5497.67,5193.0437,5013.2862,5259.46,5244.0871,4954.1013,4689.24,4885.4554,5944.0092,7037.87,6845.6902,6856.2241,7332.78,7077.7028,6778.1348,6776.97,6735.4782,6908.6983,7098.32,6798.2319,6675.114,6786.68,6587.598,6710.9792,7073.33,6928.0812,6920.1161,7119.28,6944.1298,6912.8752,7108.09,7030.5334,6740.4314,6524.71,6600.0528,6606.7541,6500.36,6591.6341,6773.2598,6871.94,6851.4063,7024.1757,7222.1,6959.9069,6732.0375,6799.13,6952.1806,7045.6583,7004.8,6879.563,6999.9698,7298.26,7367.3121,7303.9451,7162.51,6929.3878,6988.8275,7266.73,7263.522,7023.9948,6902.91,7203.2184,7376.8482,7278.4,7294.4701,7468.4664,7703.76,7769.0612,7124.7007,6074.31,5558.0713,5396.6829,5435.12,5725.0489,5904.4249,5880.88,5869.4013,5813.4664,5705.19,5655.7936,5758.6829,5836.79,5628.158,5570.4249,5832.56,6100.2556,5944.6969,5657.17,5923.6156,6071.3282,5944.73,5964.796,5448.0122,4543.42,4233.1851,4364.3568,4604.3,4755.7194,4706.3637,4573.57,4580.7982,4550.9344,4508.29,4661.8607,4756.7254,4710.71
2025-07-22,4689.6304,4686.1428,4717.89,4821.7476,4835.8618,4781.85,4779.8624,4443.8093,4063.51,4370.1682,4668.0409,4525.38,4203.3743,4186.7376,4328.66,4081.0763,3986.0058,4254.77,4528.9379,4619.752,4521.76,4363.0051,4266.2841,4294.11,4395.8607,4314.5152,4109.48,4090.339,4106.5411,4087.21,4124.0762,4162.3986,4065.09,3860.6693,4358.5335,5296.09,5489.7523,5144.9273,4878.71,5103.2879,5236.0732,5057.09,4950.2772,5234.6775,5453.08,4998.9962,5570.0781,6900.95,6929.6339,6557.7516,6560.48,6785.6046,6961.0909,6985.75,6944.9942,6905.5246,6898.4,6910.8302,6875.8197,6843.37,6902.4885,6797.6447,6649.01,6841.4332,6983.1188,6886.0,6767.825,6846.3699,7077.72,7182.9882,6989.0083,6728.02,6770.0395,6571.4309,6262.19,6578.5485,7068.7365,7241.8,7009.6246,6813.4825,6976.69,7406.5819,7376.7632,6932.23,6820.8853,6903.1554,7019.33,7189.4482,7305.7028,7245.12,7037.3381,7210.6824,7615.63,7577.814,7507.306,7515.66,7328.7183,7410.2523,7664.09,7484.4035,7220.0023,7242.06,7542.0131,7527.1602,7294.54,7373.0527,6758.372,5704.42,5600.1716,5800.9897,5795.96,5724.7833,5684.0278,5649.14,5576.076,5734.586,6005.86,5983.7684,5968.3281,6051.24,5992.3808,5790.8435,5658.32,5796.3218,5796.453,5661.58,5776.4573,5813.3979,5749.33,5833.354,5486.6484,4808.56,4573.8925,4695.4115,4820.11,4696.0075,4622.1285,4694.21,4729.8438,4790.6569,4791.05,4568.8098,4482.8845,4562.35
2025-07-23,4496.2937,4454.7529,4526.87,4583.2533,4461.9818,4376.21,4657.8769,4632.9831,4343.12,4479.2441,4479.5499,4250.63,4291.8391,4322.415,4264.57,4333.1465,4304.0313,4233.97,4390.7736,4334.4867,4086.34,4131.5035,4249.9239,4240.51,4151.5372,4203.5226,4295.77,4138.6896,4110.1911,4187.36,4010.6452,4117.9808,4307.03,3904.4871,4159.8494,5061.87,5282.1743,5208.6631,5138.97,4947.938,4955.1682,5177.89,5286.6474,5240.6961,5019.96,4817.2397,5805.3217,7218.64,7020.2838,6744.0294,7024.99,6973.1727,6844.9834,6873.09,6945.6734,6903.2201,6785.16,6784.1298,6875.7367,6958.48,6965.6769,7040.8988,7123.19,6995.8563,6845.6283,6897.26,7176.5334,7202.0735,6959.97,6881.6688,6815.3256,6670.88,6556.8401,6520.1135,6604.45,6813.259,6938.4914,6907.54,6892.2614,7252.8942,7584.7,7114.5273,6787.131,6883.4,6836.2711,7062.3018,7472.86,7467.1599,7422.4863,7374.21,7016.0684,7014.1497,7365.29,7383.7654,7313.571,7287.52,7195.5316,7345.9097,7589.57,7462.9227,7474.7889,7631.38,7423.1043,7267.8738,7436.77,7627.7476,6868.1682,5706.33,5732.6551,6010.3177,5898.26,5702.0841,5714.7672,5876.58,5882.8473,5805.7634,5816.28,5977.8148,5941.3525,5731.53,5721.638,5778.6396,5777.2,5730.0985,5651.7841,5721.85,6065.8263,5975.5745,5616.12,5769.0237,5418.4972,4683.26,4774.2737,4925.5865,4703.96,4494.6762,4558.7847,4652.76,4350.5036,4316.5082,4672.53,4851.3325,4813.4865,4702.25
2025-07-24,4670.0358,4733.5093,4750.01,4577.7584,4555.9818,4639.57,4456.7121,4334.9086,4378.62,4370.1858,4407.5777,4453.82,4347.0361,4288.9084,4347.16,4376.4315,4295.9735,4224.53,4349.298,4421.6574,4394.81,4438.7804,4354.6956,4186.22,4172.4373,4008.3511,3864.42,4226.1291,4414.1114,4265.61,4267.6895,4257.5723,4110.45,4035.9387,4688.7832,5580.44,5492.4043,5253.7148,5270.62,5173.6635,5259.595,5439.7,5248.4346,4954.1784,4821.31,4999.1182,5903.8318,6943.38,6948.0763,6710.3556,6704.52,6693.7348,6859.9694,7074.69,6971.4321,6905.8628,6894.88,6628.7693,6565.4753,6865.89,7165.2448,7007.2715,6651.69,6786.792,6908.8502,6831.36,6866.4634,6840.8542,6751.32,6798.4616,6812.811,6708.75,6596.4281,6638.7045,6741.63,6696.4668,6880.6612,7213.52,7215.0815,7216.5747,7252.37,7042.7286,7046.4801,7222.63,7061.2465,6918.348,6954.93,6981.8212,7079.1858,7254.13,7375.6779,7344.8278,7170.33,6995.986,7094.2841,7339.74,7342.6357,7356.5948,7437.09,7388.4088,7448.5217,7595.14,7523.4163,7296.1453,7235.29,7515.0748,7126.5625,6138.26,5684.9444,5665.9803,5648.02,5382.5581,5367.1035,5640.76,5746.2113,5808.798,5840.85,5709.8031,5744.1549,5880.72,5727.1786,5599.4859,5662.69,5746.2785,5683.2969,5572.58,5670.1698,5822.1287,5908.59,5884.9166,5473.7214,4885.69,4702.334,4794.0694,4774.06,4413.5312,4372.97,4698.33,4774.1317,4685.4227,4602.31,4510.8244,4085.2311,3546.94
2025-07-25,3514.0294,3703.0796,3776.04,3651.228,3552.0048,3547.94,3513.9865,3459.4494,3439.19,3469.4499,3387.1471,3280.05,3399.4629,3482.5652,3473.12,3532.9374,3367.7712,3139.3,3324.6321,3401.416,3352.09,3604.5256,3383.2105,2939.26,3302.2721,3342.7139,2975.43,3242.4928,3347.9972,3121.73,3209.0007,3138.4882,2882.47,2957.2598,3123.4787,3119.03,2945.4408,2939.9066,3027.89,2902.1779,3245.0187,3745.36,3367.9459,3119.3047,3488.83,3935.8721,3985.6319,3667.34,3400.7585,3262.4405,3218.87,3300.3736,3830.1573,4325.95,3931.8467,3754.307,4064.13,4048.0828,3891.5945,3843.12,3931.6097,4111.1923,4272.16,4304.2271,4279.7768,4217.45,4096.2887,4120.7385,4190.52,4030.8295,4089.1116,4352.48,4338.3936,4256.0795,4287.62,4380.9759,4382.1102,4245.53,4095.5508,4189.9855,4393.86,4321.0415,4262.8775,4303.98,4255.0284,4336.8674,4485.93,4419.4011,4515.3185,4713.71,4558.7955,4420.2216,4393.18,4233.8346,4268.6776,4437.3,4352.4455,4432.3174,4699.29,4671.1037,4273.0829,3853.81,3878.2152,4027.9198,4018.15,3894.2683,4061.4477,4348.62,4201.8862,4159.339,4329.01,4250.3293,4028.4173,3887.77,3963.8359,4153.5953,4256.29,4139.2686,4083.674,4191.72,4287.7245,4224.4381,4065.39,4006.0964,3974.2883,3976.86,4119.7042,4312.6526,4442.19,4413.6584,4112.5155,3734.8,3646.4229,3640.9124,3627.63,3701.5987,3665.7111,3584.19,3706.3557,3695.357,3574.13,3711.5733,3830.801,3726.98
2025-07-26,3483.731,3369.601,3412.95,3443.8709,3618.9496,3824.52,3749.543,3693.2217,3650.77,3343.3642,3215.0162,3376.46,3485.3372,3469.1052,3464.89,3634.7332,3706.3541,3571.66,3384.025,3241.7706,3138.98,3056.6563,3250.4786,3525.99,3369.6002,3063.6675,2945.48,3102.8008,3237.0386,3242.87,3242.344,3126.8778,3016.46,3156.4914,3156.345,2916.2,2786.8229,3078.6713,3389.13,3041.4896,2999.456,3386.94,3369.5366,3290.9788,3373.95,3436.0032,3397.7921,3347.17,3432.4578,3499.4052,3370.74,3145.6076,3737.6106,4563.55,4119.968,3932.9064,4285.31,3964.743,3805.5949,4078.31,4132.398,4025.3409,4011.64,4236.6251,4391.5881,4384.0,4393.5969,4372.177,4258.8,4093.0157,4109.5865,4244.16,4221.3399,4295.9064,4512.89,4609.6676,4488.1805,4339.52,4441.0482,4456.6352,4309.13,4265.1128,4306.6964,4357.35,4393.9859,4529.7643,4698.12,4696.595,4627.2593,4527.3,4388.3627,4562.992,4804.31,4524.741,4492.2004,4760.73,4621.1164,4527.4461,4666.38,4688.2731,4395.132,4025.91,4018.0553,4046.716,3928.96,3840.051,4018.4337,4205.98,3926.8763,3834.7494,4086.64,4181.7836,4125.7758,4046.64,4050.6771,4199.5308,4341.37,4248.1659,4182.9535,4216.44,4181.7328,4221.557,4348.98,4382.8442,4220.2318,4074.58,4264.9164,4376.9866,4316.93,4320.7877,3953.7894,3458.37,3567.0066,3612.3219,3520.72,3840.0964,3839.4873,3539.17,3710.8281,3829.9047,3578.48,3305.5615,3800.2183,4651.52
2025-07-27,4637.2981,4470.0714,4528.36,4502.8362,4636.7082,4772.73,4510.129,4613.3408,4970.01,4662.7944,4231.7018,4158.31,4374.5311,4385.7453,4265.49,4479.5291,4421.174,4087.69,4112.0503,4172.9745,4170.41,4320.0816,4250.1097,4053.23,4205.3366,4275.3394,4214.69,4400.9913,4470.264,4277.51,4084.5544,4117.2294,4162.42,3909.3046,4295.7476,5161.22,5348.8973,5346.564,5359.59,5074.3569,4914.6921,4971.62,4927.0345,4915.636,4952.19,4996.3961,5691.9881,6688.73,6872.3727,6725.2087,6736.14,6915.1911,6991.5539,6930.11,6923.4425,6876.0775,6774.48,6728.7047,6715.711,6714.07,6732.3985,6753.3524,6759.75,6775.863,6944.8975,7015.27,6618.6604,6568.1578,6852.42,6670.9417,6533.5769,6589.91,6467.6453,6485.151,6625.14,6548.6128,6664.9388,6919.97,6844.574,6901.4717,7035.3,6742.8667,6723.7496,7100.38,7273.37,7296.1605,7291.0,7291.2297,7384.0883,7511.6,7489.6846,7276.1406,7024.4,6986.578,7169.2475,7364.58,7325.0163,7241.1181,7231.44,7254.134,7353.1165,7472.27,7447.4797,7196.6271,7115.22,7550.2155,6936.9039,5630.45,5609.1931,5790.3963,5606.05,5627.2318,5758.6882,5790.72,5671.9469,5700.0057,5843.12,5785.1462,5722.823,5680.89,5514.6532,5596.3476,5873.52,5886.3414,5769.1545,5688.04,5679.1203,5749.3655,5876.26,5914.3948,5360.9336,4532.76,4368.5771,4656.725,4834.1,4554.1577,4512.2652,4759.68,4678.1697,4573.5591,4567.16,4466.8278,4513.1257,4709.99
2025-07-28,4756.7387,4543.8501,4279.9,4304.6381,4425.1563,4506.12,4560.8848,4438.0456,4287.41,4427.7935,4496.5823,4427.12,4497.2558,4495.9563,4391.84,4373.8338,4298.423,4265.04,4504.1387,4480.5727,4102.07,3833.0214,3808.5471,3975.62,4160.1926,4117.3064,3992.42,4149.1914,4216.661,4109.47,4117.9529,4143.4361,4056.07,3932.4245,4348.2583,5062.36,5236.4672,5373.6576,5540.27,5295.4402,5258.8827,5408.03,5101.3988,4859.6384,4905.64,5054.2773,5829.9517,6761.85,6749.1887,6824.4201,7120.06,6750.8708,6502.0908,6606.82,6527.9447,6567.0389,6721.7,6641.8326,6664.5137,6849.95,6915.2006,7010.524,7128.29,7055.8697,6850.669,6761.16,6995.4537,7135.8818,7015.9,6840.756,6670.5266,6598.17,6690.5311,6633.8231,6439.03,6440.1493,6583.6167,6790.36,7025.8042,7133.8703,7030.35,6814.7536,6882.9937,7109.22,6996.7644,6925.4642,7065.26,7190.3,7234.0315,7179.93,7061.5646,7082.4477,7289.19,7477.7605,7271.0745,6983.53,7297.9037,7478.9019,7307.71,7280.5282,7254.8434,7314.94,7671.9117,7522.5025,7237.72,7823.2703,7228.6668,5668.2,5529.7164,5769.4391,5644.48,5514.13,5386.8368,5385.12,5666.8638,5703.394,5509.14,5609.6264,5720.3983,5666.45,5606.3729,5738.9931,5931.75,5861.3461,5783.8024,5888.46,6117.1172,6286.1863,6271.67,6011.0077,5356.4704,4669.74,4562.4949,4548.2437,4509.55,4732.8609,4569.751,4208.27,4535.4684,4947.172,4957.13,4670.942,4528.9019,4539.14
2025-07-29,4401.1163,4582.8969,4886.44,4586.8824,4277.1601,4197.89,4068.5806,4257.1277,4567.97,4402.4767,4440.5802,4739.83,4622.6553,4273.0554,4140.25,4436.0355,4319.581,3929.01,4221.7875,4497.1014,4411.55,4336.2681,4353.1299,4352.19,4198.1283,4087.2531,4064.38,4000.2821,4004.0082,4064.13,4047.5037,4058.3094,4117.44,4182.828,4518.2133,4991.0,5138.26,5071.628,5014.81,5079.1282,5085.2967,5050.15,5162.7284,5232.0498,5074.53,4853.6014,5620.2616,6846.91,6881.1445,6718.328,6889.92,6917.5354,6861.6131,6832.8,6841.8218,6885.3418,6895.59,6832.1048,6987.0814,7178.9,6909.0544,6623.7231,6592.56,6669.1523,6722.5619,6731.41,6764.4926,6844.2508,6919.0,6906.4414,6844.8874,6743.52,6589.858,6517.3098,6530.58,6532.4944,6674.7483,7014.87,7357.354,7168.6235,6770.51,7039.1327,7343.5022,7313.76,7194.9817,7102.9009,7200.15,7544.4323,7471.7098,7124.0,7273.6518,7300.2643,7036.15,7015.0223,7312.0966,7490.12,7081.2783,7001.4874,7385.7,7497.4402,7609.3426,7579.58,6977.1654,6873.2581,7404.98,7513.9064,6678.2387,5677.34,5802.076,5844.9368,5456.91,5525.8758,5901.8961,6105.38,5851.341,5809.7564,6014.04,5862.0453,5695.3797,5701.06,5703.1975,5679.0168,5742.15,5973.3519,5968.2588,5685.22,5500.1222,5516.9596,5722.04,5912.4328,5359.6339,4429.22,4306.4154,4571.248,4756.65,4774.1579,4589.7459,4421.91,4572.9039,4720.7961,4671.4,4541.6782,4535.5851,4608.11
2025-07-30,4522.7091,4349.3237,4291.14,4500.7498,4720.6003,4748.44,4572.1092,4310.5329,4214.4,4447.4371,4456.7672,4286.79,4480.4625,4495.8465,4216.8,4132.3518,4321.2368,4553.55,4516.6839,4355.6507,4222.34,4156.2994,4184.4168,4283.37,4373.7232,4351.3625,4260.69,4228.5455,4107.8211,3975.21,4077.6217,4175.7227,4106.07,3967.0163,4089.9443,4602.35,5244.1426,5291.9892,4986.82,5216.519,5195.085,4779.28,4720.6931,5041.8807,5206.08,4834.9985,5534.4676,6888.95,6837.3164,6742.4569,7047.62,6816.2977,6764.4186,7086.34,7152.6991,6870.0944,6581.94,6726.8197,6965.3577,7004.07,6855.1739,6768.5956,6807.15,6815.9152,6749.8203,6715.65,6855.299,6969.9991,6905.3,6711.6144,6715.1182,6845.31,6721.1932,6569.3227,6609.69,6841.2366,7038.5832,7051.1,6928.7973,6989.1037,7182.32,7167.0825,7154.687,7250.38,7304.525,7159.3698,7011.54,7200.8678,7255.1537,7173.83,7405.271,7504.6488,7368.19,7333.2763,7231.7018,7150.11,7372.4848,7449.0476,7356.53,7505.4602,7601.4676,7548.32,7527.9673,7335.9466,7242.8,7592.9546,6837.3613,5544.55,5862.8882,5977.0479,5464.98,5741.2749,5960.7901,5703.59,5477.9608,5435.7969,5568.12,5772.9201,5829.1921,5730.74,5680.1511,5733.9731,5782.04,5695.1315,5757.3113,5888.86,5722.8488,5604.0381,5753.27,5935.6955,5380.1812,4516.39,4572.4003,4688.153,4471.88,4430.3011,4631.9016,4743.42,4409.1265,4273.8765,4459.51,4479.0498,4499.0089,4488.13
2025-07-31,4224.8986,4179.4518,4407.12,4464.892,4290.8649,4092.05,4158.5159,4434.844,4568.5,4250.4464,4146.8856,4388.11,4501.1497,4701.61,4784.34,4279.6871,4021.1381,4154.76,4060.8851,4109.9764,4335.41,4323.9907,4249.3038,4205.14,4122.2521,4196.9191,4365.22,4347.2314,4305.5022,4287.33,4176.7911,4112.7331,4066.15,3949.4327,4336.4662,5050.74,5243.4831,5050.2499,4862.81,4929.2234,4940.8253,4865.59,4959.9572,4981.146,4789.09,4647.05,5438.7247,6732.64,7086.552,6873.7368,6657.01,6637.0984,6693.1729,6739.05,6779.3429,6740.4247,6673.19,6716.8536,6785.731,6806.03,6766.5938,6638.222,6620.14,6942.4666,7053.2173,6865.09,6818.075,6822.7319,6934.44,7252.6963,6974.0636,6395.77,6628.9653,6770.3591,6489.81,6427.2544,6724.0558,7079.95,7076.5396,7025.5616,7031.15,6908.0953,6875.7008,6984.25,7048.9638,7044.5908,7031.71,7109.5254,7346.3827,7492.38,7197.3613,6934.8255,7033.31,7379.402,7529.2851,7421.56,7359.495,7270.9436,7221.77,7388.4676,7458.963,7375.13,7399.8713,7563.5821,7792.13,7819.2532,6848.8117,5537.95,5470.7932,5651.0035,5620.3,5846.81,5745.8362,5455.34,5742.4069,5929.9777,5778.7,5745.6804,5833.8091,5897.0,5828.4281,5778.6536,5831.93,5916.1653,5866.9929,5710.67,5635.3112,5631.1269,5720.21,5836.4244,5283.6973,4521.27,4724.8092,4750.3047,4440.32,4729.4013,4658.8339,4201.6,4326.1179,4342.9034,4267.4,4745.637,4488.6458,3594.79
2025-08-01,3530.3421,3724.6598,3661.17,3473.0096,3530.7256,3678.88,3447.6547,3391.8791,3566.51,3483.4321,3507.8932,3682.38,3617.0073,3373.4451,3203.2,3302.5994,3379.5934,3387.84,3528.7607,3535.7143,3366.99,3278.3399,3324.169,3340.59,3157.0735,3205.7101,3447.14,3400.6649,3306.1731,3369.89,3506.9587,3371.3681,3020.97,2880.3503,2969.0375,3084.42,3022.9753,3024.3418,3072.07,2949.5318,3082.4918,3390.37,3367.7956,3460.3396,3588.56,3240.0029,3207.1866,3628.45,3803.7725,3641.3977,3352.64,3251.7683,3489.6316,3840.55,3911.9115,3964.5,4075.5,4048.3705,3990.2599,3999.59,4070.4449,4133.8018,4111.18,3995.6079,4030.3067,4191.97,4215.6612,4183.3615,4207.61,4294.7217,4276.1767,4188.65,4245.6983,4375.317,4429.01,4332.7169,4309.0933,4415.73,4483.8974,4404.399,4261.55,4249.5039,4301.9286,4380.01,4530.3704,4754.1512,4836.82,4563.7481,4500.6503,4675.11,4568.8463,4412.1987,4409.43,4521.4097,4624.2302,4655.82,4635.5268,4588.6177,4600.95,4696.0834,4436.9966,3921.4,3759.5741,4001.9226,4369.44,4488.0129,4337.379,4104.15,4030.0371,4110.9136,4266.18,4373.5214,4216.2566,3953.7,3986.7816,4095.0741,4124.2,4125.0044,4071.0101,4025.44,4115.1833,4274.1508,4350.5,4226.2491,4058.5176,3949.08,3907.2081,4058.6033,4294.78,4267.9035,3759.7444,3232.37,3434.5014,3707.9097,3635.71,3471.0053,3711.3576,4116.8,3926.8314,3461.7268,3200.56,3342.9727,3470.277,3442.75
2025-08-02,3486.4692,3561.1217,3539.53,3345.7818,3165.013,3109.43,3193.6717,3568.9752,3817.55,3344.1,3204.1311,3553.83,3517.673,3354.1141,3304.74,3298.5664,3277.2192,3268.22,3341.0065,3415.4152,3369.97,3189.8982,3269.8431,3434.33,3124.1882,2908.936,3043.67,3200.2524,3146.7158,2981.36,2999.8977,3090.6341,3066.12,2875.1288,2873.4107,3055.08,3071.613,3047.4069,3030.94,2948.5142,3021.1694,3238.49,3356.073,3418.0213,3433.29,3361.3169,3391.7266,3446.43,3297.2216,3388.3212,3584.52,3387.3432,3778.0919,4486.17,4209.3014,3978.9901,4065.76,3787.0996,4029.0471,4522.67,4063.5273,3883.0206,4236.23,4158.9656,4180.0281,4315.39,3992.9438,3865.0403,4036.4,3982.3551,4090.5976,4422.46,4543.1633,4306.6858,4042.29,4231.5471,4401.3371,4373.85,4412.6263,4402.8093,4346.87,4393.6357,4413.1079,4365.24,4338.7418,4295.3633,4304.97,4487.0655,4605.2312,4607.18,4614.1806,4371.0156,4161.46,4542.589,4667.121,4398.3,4432.4715,4538.9516,4584.53,4646.5041,4313.5509,3804.8,3823.8707,4002.8936,4061.16,4072.3733,4073.9997,4078.88,4105.1833,4227.8157,4288.65,4070.1431,4074.8279,4268.19,4116.8106,3954.8112,3977.58,4055.766,4207.6338,4320.84,4222.9571,4173.3418,4224.83,4203.7216,4277.6241,4294.56,3949.2861,3914.1028,4133.11,3845.0886,3371.1546,3207.1,3523.1808,3645.7684,3412.19,3289.3244,3371.8741,3486.04,3433.5376,3561.2446,3738.96,3583.0271,4082.9252,4897.42
2025-08-03,4594.9993,4074.1836,4108.94,4581.7257,4747.3018,4535.41,4487.7547,4324.6661,4155.07,4404.5442,4395.35,4123.87,4263.5528,4391.3703,4290.37,4202.2467,4231.4783,4238.57,4044.9968,4104.7727,4385.25,4373.8693,4223.118,4179.83,4316.0189,4337.2671,4239.5,4280.5217,4252.9175,4092.55,3971.474,3947.1052,3946.84,3957.8112,4550.9396,5329.48,5231.2698,4963.7253,5062.49,5361.8811,5416.3194,5166.29,4951.0698,4900.6743,4910.17,4907.2066,5607.2912,6713.03,7057.8818,6846.2609,6644.85,6811.3447,6871.283,6793.77,6974.8767,6939.4345,6615.14,6487.0311,6736.7249,6975.23,6674.0551,6647.7413,6905.68,6695.2146,6751.1559,7068.58,6866.4452,6723.8196,6839.41,6784.5245,6556.8807,6383.35,6473.1806,6521.4721,6419.77,6388.4355,6643.0912,7052.53,7235.9799,7183.4871,7000.68,6835.1448,6909.5536,7094.94,7053.3283,7074.0884,7211.29,7201.0035,7091.9058,7010.36,7041.5852,7125.2375,7158.55,7094.1128,7118.5242,7209.47,7195.8186,7357.3239,7548.63,7330.7358,7226.0801,7387.81,7439.3533,7355.1192,7374.22,7599.5088,6979.8777,5808.41,5513.6122,5557.1612,5566.41,5737.8301,5854.2374,5843.68,5857.0219,5911.7486,5980.7,6039.8839,6105.5276,6058.39,5762.3269,5581.6563,5680.04,5874.4518,5915.6045,5791.56,5710.1747,5756.4191,5963.75,6168.1927,5553.4877,4625.58,4767.689,4984.6368,4871.84,4968.8737,4816.983,4401.95,4276.6301,4428.5565,4597.74,4543.3173,4485.1285,4543.75
2025-08-04,4609.4219,4525.3639,4403.93,4497.2961,4518.8716,4409.01,4380.9361,4293.262,4200.62,4328.0038,4434.9393,4339.08,4099.9074,4020.0841,4154.82,4281.5888,4293.5095,4148.0,3916.7385,3978.079,4279.89,4370.3894,4231.5059,4075.27,4150.7278,4384.8411,4492.48,4220.6203,3951.1579,3892.1,3922.7001,3942.7334,3845.57,3704.7945,4313.0399,5217.86,5115.3508,4948.9981,5174.83,5281.6538,5160.8461,5079.84,5308.8235,5122.9916,4656.87,4896.6442,5778.6736,6678.9,6913.9536,6707.4517,6540.72,6732.4965,6861.8957,6823.56,6887.5278,6841.9009,6791.07,7034.0502,6922.2127,6542.49,6670.942,6945.7386,7049.5,7015.4076,6922.6887,6914.18,7094.8499,7206.4625,7163.1,7091.4161,6920.3238,6683.48,6547.8916,6576.8832,6606.51,6448.8696,6588.0884,6981.62,7085.809,7124.794,7175.02,7086.0967,7167.3937,7344.32,7231.7906,7192.0048,7287.97,7208.6897,7106.3655,7096.57,7158.325,7344.8965,7482.41,7319.2825,7260.1142,7359.25,7311.6988,7417.5004,7548.88,7265.451,7186.1544,7535.93,7873.013,7782.1049,7595.47,7845.9384,7041.4581,5618.92,5609.3122,5720.3634,5468.6,5697.8074,5916.7752,5778.48,5477.9844,5377.3747,5503.72,5593.3306,5697.6161,5788.19,5733.296,5634.9843,5580.01,5580.3529,5648.7996,5748.56,5795.2978,5727.0404,5718.06,5903.7159,5407.1854,4548.91,4595.6678,4823.434,4795.36,4758.9908,4520.9001,4333.39,4695.7979,4873.0953,4647.64,4541.118,4690.5552,4826.46
2025-08-05,4596.5473,4495.6832,4630.85,4607.1339,4438.5079,4351.12,4512.0966,4467.6185,4254.75,4318.4537,4185.3062,4033.31,4494.8163,4530.8449,4126.69,4253.7259,4080.3678,3677.63,4032.715,4358.0707,4264.3,4175.4053,4320.6378,4398.25,3963.1094,3843.9227,4187.58,4303.3895,4174.0265,4002.59,3957.4032,3911.3286,3839.76,3929.4173,4474.4209,5099.64,5060.3407,4887.589,4928.94,5022.0981,5012.7147,4913.15,4877.2962,4975.7122,4960.72,4692.1223,5545.0869,7066.1,7284.3225,6965.7077,6743.05,6512.9918,6570.3279,6776.22,6660.6554,6579.4793,6665.84,6708.3723,6841.7846,6919.88,6670.1692,6758.0907,7047.4,6731.847,6456.623,6568.86,6766.5962,6849.3595,6841.89,6887.519,6840.3232,6620.66,6320.8051,6154.6954,6292.85,6712.1825,6926.5688,6840.84,6790.5927,6815.5859,6984.82,7314.1714,7210.7955,6811.51,6870.4454,7086.3739,7056.08,6751.7784,6913.128,7376.59,7237.0062,6974.7025,6956.72,7058.1492,7083.268,7058.52,7152.024,7175.7461,7211.43,7494.3185,7467.1651,7260.0,7501.0739,7317.5683,6896.88,7235.8424,6877.7532,5778.28,5452.1576,5505.6485,5541.43,5632.3922,5747.9457,5815.79,5752.3189,5487.0601,5334.96,5701.2881,5864.0983,5715.84,5816.5631,5815.9826,5600.76,5458.4277,5391.4008,5532.58,5981.5089,5931.228,5593.51,5870.4284,5516.5696,4597.77,4545.446,4826.8428,4871.7,4677.3444,4595.9412,4619.05,4468.6243,4537.5724,4776.16,4699.9794,4536.8958,4470.25
2025-08-06,4452.4079,4434.1407,4479.58,4650.814,4583.083,4401.61,4566.1769,4518.3296,4239.21,4269.6368,4210.0513,3958.89,3870.4582,3955.9259,4156.19,4367.7872,4250.6419,4012.51,4210.7856,4396.3744,4404.26,4465.0005,4251.7342,3969.65,4187.5264,4253.3779,3983.77,3860.2914,3899.4334,3982.7,4020.3704,4071.6934,4082.13,4009.2257,4419.9027,5044.9,5028.9695,5084.7288,5214.29,4741.2844,4667.312,5026.11,4859.5895,4799.7248,4958.84,4895.3044,5610.1822,6844.93,7172.0863,6995.8472,6859.78,6871.5936,6760.5548,6600.56,6732.8461,6837.4534,6688.52,6417.6412,6497.782,6762.58,6632.1695,6723.094,7125.28,7229.8642,6975.4423,6629.03,6552.9795,6754.5336,6993.61,6932.726,6493.1553,6167.3,6556.1237,6727.4581,6531.96,6705.2527,6859.2421,6836.11,6902.3118,6934.4139,6918.16,6996.7289,7091.8496,7032.17,6773.5697,6885.5897,7254.23,7212.5988,7204.2108,7335.95,7243.9906,7162.1401,7178.73,7158.3232,7263.4422,7418.04,7368.7588,7397.3386,7441.46,7157.0895,6977.2262,7048.6,7082.843,7008.9373,7144.87,7676.3702,7049.9076,5709.79,5720.5995,5943.7429,5796.6,5826.2529,5600.8953,5258.23,5428.6264,5437.8583,5242.84,5482.1384,5681.6305,5677.08,5766.0827,5717.1163,5575.48,5649.7447,5660.2275,5661.92,5967.5808,6012.2067,5834.0,5947.7624,5518.1815,4624.76,4320.2769,4503.9453,4752.2,4718.0205,4450.2321,4269.01,4479.6086,4657.1283,4605.78,4552.4099,4739.7073,4942.6
2025-08-07,4691.5278,4393.0597,4345.14,4485.5047,4641.1685,4591.16,4267.9815,4276.1321,4529.57,4378.3445,4323.6375,4516.78,4565.399,4490.0093,4408.22,4362.032,4161.6983,3963.11,4128.8583,4253.1973,4156.52,4029.1947,3863.1375,3875.25,4301.8916,4379.399,3980.97,3752.6886,3865.1196,4193.57,4436.2601,4269.9412,3833.81,3707.933,4331.5026,5183.69,5246.7339,5161.3589,5253.37,5236.8012,5315.2039,5322.42,4919.769,5014.3158,5350.52,4949.2723,5718.6014,7193.74,6894.6771,6625.7645,7066.67,7008.796,6608.4572,6345.3,6484.2303,6621.1477,6648.1,6796.1477,6818.2952,6744.02,6854.9816,6857.6418,6773.76,6916.2878,6928.8507,6735.91,6638.4087,6633.3427,6708.74,6856.8406,6813.1282,6575.67,6406.1763,6313.1993,6295.82,6399.3378,6619.0448,6818.53,6839.6479,6899.2728,7028.96,7070.5226,7213.4935,7400.28,7342.0694,7169.3764,7022.59,6940.206,6947.3894,7057.82,7208.7859,7093.8929,6913.2,7185.8009,7454.9209,7402.26,7143.5616,6967.6895,7012.49,7193.1674,7301.0819,7249.27,7131.0681,7152.2041,7394.51,7598.507,6812.773,5551.3,5386.0109,5607.846,5699.52,5819.6955,5728.82,5489.12,5466.9184,5605.6124,5745.33,5772.1941,5731.4557,5776.69,5992.4799,5939.3487,5646.25,5576.7582,5546.1261,5519.23,5655.1635,5637.3644,5497.1,5543.2941,5345.6333,4991.42,5017.3322,4953.8636,4679.28,4571.221,4578.5864,4585.11,4544.3867,4495.4372,4514.97,4574.5657,4192.3108,3557.18
2025-08-08,3419.152,3630.4708,3720.18,3391.3301,3362.6263,3675.79,3664.4985,3544.6485,3463.69,3324.4314,3241.2637,3229.6,3210.9277,3333.5423,3391.5,3040.5791,2992.7047,3288.11,3276.9443,3285.6478,3339.45,3105.7653,3017.8434,3129.32,3084.8949,3177.9753,3318.47,3082.8355,2897.9834,2867.89,2709.7921,2738.5651,2927.1,2908.2575,2927.3827,3006.66,2910.7916,2887.9062,3001.0,3088.0394,3310.1417,3515.33,3377.5772,3429.8791,3652.21,3490.4838,3328.1134,3453.97,3732.4155,3702.4169,3349.37,3170.0114,3573.8526,4116.78,3962.3903,3960.564,4281.72,4237.3763,4126.718,4117.43,4050.0104,4011.639,3995.47,3919.2273,4024.1995,4300.63,4408.8154,4053.4171,3622.12,3845.833,4178.6298,4278.77,4310.7904,4337.7412,4308.64,4173.6691,4199.8442,4298.84,4159.2761,4280.5744,4486.52,4110.3398,4009.1631,4376.19,4519.3729,4425.7242,4300.36,4326.1908,4449.7989,4546.72,4515.5184,4394.7704,4295.81,4343.243,4554.8892,4708.43,4553.7818,4553.0706,4692.59,4482.4541,4146.9813,3960.21,3985.3386,3996.7535,3934.19,3953.727,4124.2968,4301.81,4240.1994,4041.9247,3941.26,4087.3485,4133.1173,3942.43,3740.0837,3833.1902,4100.15,4102.0617,3918.6251,3886.81,4237.6456,4321.5931,4043.11,3951.8801,4072.9091,4208.76,4144.042,3929.5368,3842.35,4110.0436,4153.9692,3816.66,3533.7451,3595.5243,3798.81,3691.0596,3602.7136,3592.48,3391.1775,3292.1805,3379.93,3429.9585,3404.7064,3396.62
2025-08-09,3505.5667,3554.1814,3536.09,3606.6636,3609.572,3444.51,3215.7162,3272.5383,3417.56,3164.3577,3248.5167,3622.92,3478.1986,3310.8042,3394.88,3470.2973,3389.939,3198.5,3072.6263,3079.1188,3072.14,2889.9468,3005.3214,3240.84,2960.9351,2897.7062,3151.91,3079.4085,2965.9482,2903.36,2723.4084,2925.678,3257.07,2940.5092,2760.8248,2994.32,3112.5745,3009.0539,2786.8,2667.9531,2953.4761,3482.62,3707.6515,3470.5012,3081.33,3054.4355,3259.4193,3421.15,3372.9148,3291.4761,3248.85,3232.8105,3624.9998,4208.66,4296.0716,4105.3762,3949.34,3950.1121,4026.6569,4076.0,4061.7727,4097.988,4182.56,4190.9513,4123.0526,4026.53,3969.8546,4035.2527,4091.41,3955.9667,4077.766,4340.66,4142.4041,3829.9174,3832.8,4225.0041,4343.8906,4156.34,4249.3887,4446.6843,4452.05,4173.4677,4000.3205,4089.82,4232.02,4172.6086,4052.51,4242.6081,4436.1881,4435.21,4368.4211,4520.1827,4720.45,4533.5727,4401.4639,4516.78,4606.6451,4452.3636,4312.94,4587.4227,4450.5744,3933.67,3920.9304,4054.3257,4027.17,3931.2324,3942.6414,4015.39,3960.2235,3960.7944,4056.95,4092.9812,4089.9071,4122.66,4203.4742,4082.4165,3831.03,3812.9368,4007.0174,4185.41,4109.5096,3921.1198,3816.65,3897.7426,4057.1921,4217.09,4363.4506,4415.1679,4305.13,4041.8325,3803.3461,3668.83,3608.5897,3708.8666,3802.52,3613.5957,3543.2161,3634.09,3530.1821,3395.4298,3341.56,3391.3849,3927.4439,4587.96
2025-08-10,4538.6607,4372.4353,4408.62,4419.813,4532.5885,4577.6,4253.8792,4256.2647,4543.76,4381.5178,4192.9393,4185.44,4118.2526,4027.016,4101.04,4438.3628,4486.3641,4211.54,4104.656,4032.8471,3924.7,3925.2929,4133.1169,4334.27,4188.6283,4032.3435,4102.27,4283.5095,4168.5005,3911.32,4022.928,3950.1065,3675.79,3840.7966,4465.1238,5045.37,5013.5822,4950.1885,5030.01,4907.2169,4917.7538,5070.0,5016.088,4985.5733,4897.31,4593.9263,5364.5046,6792.33,7031.1084,6778.8398,6771.81,6975.8949,6797.3639,6414.59,6542.3199,6469.7692,6250.85,6689.2651,7091.15,6998.58,6658.6701,6618.0475,6817.9,6740.4952,6709.8929,6894.38,7082.0066,7049.8532,6928.84,7010.1173,6846.1678,6490.58,6492.578,6634.2832,6701.86,6718.4967,6829.7097,6932.32,6787.7356,6711.0884,6867.93,7113.7775,7236.7182,7204.25,7136.2352,6998.8338,6925.1,7087.3776,7015.26,6754.64,6861.4412,7209.1176,7367.31,7077.0089,7210.3388,7622.53,7298.5128,6919.0418,6984.02,7301.3448,7409.8085,7299.58,7345.0669,7420.2876,7497.25,7551.6128,6727.6961,5527.06,5428.7887,5593.5862,5537.96,5602.2818,5624.108,5583.02,5653.6302,5686.6621,5648.44,5659.6301,5664.241,5662.21,5720.6008,5771.1602,5831.75,5961.2309,5913.6918,5718.47,5656.2852,5614.2844,5649.92,5827.0107,5218.4602,4328.08,4651.3072,4980.167,4700.32,4436.23,4586.4976,4814.73,4482.9873,4362.2096,4617.61,4645.7684,4616.4382,4601.04
2025-08-11,4481.4443,4566.8829,4745.1,4581.9305,4465.8087,4624.48,4832.9474,4581.8336,4156.25,4328.9486,4411.6136,4122.52,3912.6679,4020.6066,4212.46,4061.7796,3993.0135,4153.72,4262.3279,4295.5124,4260.2,4135.2415,3950.467,3847.21,3982.5976,4185.9764,4256.78,4119.7803,3978.5876,3876.97,3733.1425,3850.8568,3992.98,3687.9082,4016.8034,4897.82,5076.4186,4836.8426,4788.79,5183.7119,5193.4702,4811.43,4860.571,5124.6755,5220.18,5130.6679,5817.5941,6825.72,6695.8009,6538.1279,6883.82,7135.7889,7146.395,6964.15,6756.9095,6861.5085,7025.18,6691.67,6575.0655,6803.71,6785.552,6680.2854,6669.69,6724.4747,6686.9124,6651.94,6858.7126,7005.0742,6950.2,6847.3571,6817.4129,6749.19,6473.03,6437.621,6558.63,6366.4979,6562.1795,7038.68,6920.44,6672.572,6704.52,6940.3092,6995.4177,6891.98,6960.7612,6875.9367,6741.69,7020.8235,7235.5403,7180.88,7123.4187,7153.6418,7222.64,7224.2746,7181.6597,7135.31,7110.7631,7135.998,7211.43,7282.7068,7203.0928,7105.47,7245.4183,7193.4296,7112.68,7463.9667,6917.5975,5693.14,5468.9948,5749.9895,5756.55,5296.8858,5346.495,5810.68,5681.8005,5689.4347,5949.32,5783.1998,5574.2048,5642.38,5876.971,5831.2575,5587.35,5641.2106,5721.3412,5664.26,5596.5169,5578.3861,5647.82,5715.5872,5239.9907,4629.4,4861.6544,4990.3787,4726.11,4707.5139,4701.0327,4557.71,4428.5198,4400.9019,4495.33,4649.76,4673.9789,4606.35
2025-08-12,4672.9262,4804.9262,4738.41,4307.1899,4174.1526,4384.84,4335.9834,4133.0738,4075.56,4295.1833,4257.4394,4065.36,4317.2777,4408.777,4171.61,4063.9317,4072.1854,4180.6,4413.9232,4479.2293,4364.13,4307.1833,4123.2028,3920.61,4018.4404,3989.6086,3795.81,3852.1654,4068.6851,4226.53,4189.3873,4126.3758,4067.25,3975.0929,4370.0616,5027.65,5128.7763,5004.9501,4913.88,4822.1541,4994.0253,5257.91,5158.6042,5135.6951,5219.89,5114.8313,5706.7896,6773.5,7062.8906,6840.6261,6588.56,6541.4721,6656.7228,6730.18,6596.6434,6604.9818,6822.64,6922.9183,6670.8094,6413.19,6738.9576,7014.5578,6914.48,6740.1247,6801.8265,6956.94,6804.618,6689.7912,6806.89,6954.2042,6740.2165,6349.96,6354.5698,6409.6357,6413.44,6616.9589,6781.0464,6827.28,6895.976,6862.9798,6867.4,7156.6624,7118.1281,6759.35,6752.1048,7061.7832,7289.8,7080.6935,6939.4542,7026.56,7054.197,7174.2069,7347.22,7325.9309,7253.6273,7218.78,7190.6228,7274.7113,7382.66,7288.0719,7127.6701,7045.73,7080.0142,7189.4843,7410.77,7648.5157,6961.0917,5726.95,5396.0938,5587.9424,5767.12,5784.1541,5751.5651,5779.17,5870.4393,5872.2015,5820.06,5886.1108,5888.1071,5748.04,5593.5607,5583.7222,5656.76,5623.2389,5675.3315,5789.26,5713.1333,5541.4325,5537.38,5779.8606,5357.8869,4528.91,4523.0168,4814.0809,4883.9,4724.4374,4513.9871,4377.98,4357.174,4518.4323,4648.31,4432.1454,4281.7294,4334.86
2025-08-13,4343.1271,4343.2323,4331.42,4296.4106,4625.3045,4927.19,4419.8644,4210.9753,4512.82,4428.7645,4130.7316,3945.54,3990.7305,4067.6574,4159.44,4399.684,4500.5635,4390.69,4275.4891,4171.2848,4094.12,4089.3386,4115.7572,4076.18,3938.7831,4044.8141,4289.65,4222.1261,4143.4359,4104.79,3898.322,4015.4846,4208.77,3830.9211,4222.3357,5227.85,5248.5924,4897.6373,4828.38,5039.3133,5072.7028,4924.4,4996.6636,5076.9571,4944.0,4735.3186,5356.9982,6491.6,6846.0374,6858.4031,6909.17,6880.2544,6693.7449,6528.2,6644.0228,6686.152,6612.19,6725.0619,6839.7459,6814.02,6726.4766,6842.8008,7100.64,7140.2438,6915.2486,6716.61,6902.084,7092.0273,7058.48,6911.2424,6755.384,6681.15,6714.7952,6674.3296,6508.78,6390.1629,6624.0614,6944.15,6769.2841,6648.0648,6869.05,7144.9692,7109.23,7008.38,7364.9582,7349.3388,6961.19,7038.1139,7102.2744,7010.31,7108.2611,7024.5518,6877.02,7190.9274,7441.2461,7401.92,7358.9338,7368.5869,7379.16,7318.9079,7214.8153,7152.14,7179.9533,7096.7207,7241.91,7936.3951,7151.553,5471.37,5589.2901,5897.8279,5674.82,5825.4142,5816.2036,5536.89,5529.0699,5718.4086,5758.69,5402.5244,5209.5735,5385.59,5604.1059,5650.6247,5648.91,5845.7725,5795.5684,5603.05,5822.036,5925.2353,5790.36,5764.6657,5375.5157,4734.19,4512.5995,4455.4425,4427.63,4559.7731,4611.8577,4466.6,4254.8824,4208.6585,4259.97,4169.8439,4282.253,4542.77
2025-08-14,4515.6238,4421.8117,4457.17,4584.4198,4622.6194,4523.37,4371.2399,4129.8152,4012.6,4301.3802,4450.7095,4333.29,4314.9176,4238.843,4204.36,4445.1868,4210.1178,3673.64,3810.6716,4118.9845,4308.45,4536.6148,4403.6781,4028.25,4004.2291,4169.029,4151.72,3767.9581,3600.335,3806.86,3998.5829,4063.9392,3954.62,3795.4017,4390.0378,5237.43,5004.4082,4863.1364,5142.02,5025.9677,5034.951,5216.82,5024.4919,4803.8388,4764.55,4872.8632,5559.1166,6556.57,6978.1889,6744.7847,6452.51,6790.9325,7002.1731,6791.56,6641.251,6796.5508,6900.25,6459.4648,6510.5033,7003.17,6854.9938,6718.7406,6915.78,7029.8822,6835.4167,6512.24,6480.1396,6714.2985,6908.2,6762.2046,6651.5395,6678.65,6588.6198,6463.911,6328.33,6172.461,6416.9398,6942.17,7146.2356,7091.2103,6916.43,6688.7899,6564.8035,6631.09,6836.3419,6963.4852,7040.12,7235.3828,7172.4678,6978.2,7163.7023,7234.2907,7119.24,7239.7941,7274.6493,7152.8,7167.1501,7289.3556,7334.35,7185.4434,7258.0126,7473.61,7348.0498,7268.575,7480.26,7696.8218,7033.4092,5805.68,5320.5121,5463.1298,5701.74,5639.6727,5592.9374,5713.7,5825.1572,5810.5157,5703.21,5643.8407,5671.4568,5698.81,5610.6407,5573.3262,5729.66,6020.2783,5988.6754,5788.65,5960.7934,5809.2882,5472.51,5720.5903,5326.7156,4380.31,4268.9038,4304.257,4266.8,4649.6319,4802.6369,4618.69,4603.0775,4387.5965,4203.17,4633.1533,4438.3174,3611.73
2025-08-15,3422.419,3479.2169,3505.05,3664.8132,3712.215,3567.52,3430.8152,3503.5025,3609.24,3395.4405,3280.7559,3335.53,3251.9763,3363.6918,3555.22,3329.1653,3103.5472,3113.55,3186.8638,3198.8932,3129.95,3041.4353,2971.1976,3077.82,3438.4143,3340.4382,2932.92,3057.7651,3122.1979,2967.5,3050.1214,3088.0015,3022.84,3084.6381,3004.5424,2767.67,2682.1658,2809.9553,3027.57,3163.8665,3326.095,3478.16,3459.1789,3453.2782,3440.28,3257.637,3314.5172,3473.45,3188.7786,3023.5158,3149.11,3229.4317,3574.6593,4009.78,3954.9624,3811.6489,3864.1,4010.3634,4084.8221,3965.2,3706.0709,3815.8085,4168.88,4167.9222,4278.8121,4412.51,3991.7344,3765.3535,3989.89,4165.0829,4104.3794,3910.65,3849.6593,4022.0566,4272.91,4317.0074,4197.1637,4059.01,4025.8824,4059.8637,4124.4,4203.6783,4201.8689,4105.97,4019.3311,4091.5962,4347.63,4642.5708,4708.5833,4591.22,4562.9236,4451.2408,4381.06,4659.9959,4709.0563,4446.77,4393.4685,4576.5907,4772.1,4700.9811,4351.5781,3918.6,3678.2421,3674.991,3783.78,3846.9049,4000.3762,4087.14,3808.273,3736.248,3938.78,3932.1222,3919.844,3979.89,3942.0214,3862.7913,3808.12,3813.2351,3983.3004,4213.06,4242.1562,4109.0751,4052.6,4241.6198,4113.8059,3847.8,4159.178,4260.6544,4114.5,4380.6963,4041.9523,3324.33,3537.2511,3677.4954,3385.53,3347.5025,3477.3746,3621.57,3737.9107,3683.3402,3517.35,3480.0724,3610.0378,3734.16
2025-08-16,3630.9189,3510.8641,3489.99,3468.8105,3319.3349,3276.08,3641.7922,3575.159,3140.96,3246.3326,3408.3672,3354.4,3325.074,3332.636,3371.12,3432.8599,3337.8548,3206.16,3316.6504,3237.3918,3002.36,3107.907,3313.8883,3269.75,2892.5581,2813.2679,3083.42,3173.8666,3244.8152,3275.74,3037.3935,2891.7048,2908.75,2853.2492,3015.3051,3191.89,2873.6123,2798.2677,3004.05,2854.6569,3045.4626,3624.12,3832.2447,3657.1314,3340.44,3152.6325,3240.5601,3477.53,3556.2736,3422.6661,3256.73,3341.6685,3690.9556,4029.34,4020.6959,3951.934,4012.35,4119.0006,4131.1605,4079.19,4084.7506,3923.622,3733.4,3907.8012,4079.6133,4045.11,3962.2116,3993.6003,4136.32,4211.9937,4013.2504,3808.2,4063.911,4159.6672,4110.6,4476.9573,4406.7801,4041.85,4393.1512,4564.9062,4164.65,3788.6903,3972.0016,4386.69,4236.6375,4164.8697,4401.57,4495.1854,4397.6071,4240.79,4182.3894,4202.0489,4271.21,4384.5758,4484.2859,4560.3,4596.7482,4340.0142,4182.68,4701.2243,4471.8821,3597.12,3641.4793,3913.9662,3874.06,3742.2213,3818.0914,4005.63,3961.1779,3966.0972,4143.33,4310.4533,4342.9265,4196.36,3962.7819,4006.7748,4204.77,4064.8041,3836.8508,3805.24,4036.4575,4349.6082,4391.37,3955.4706,3832.6811,4145.3,4248.8197,4111.8288,3967.48,3996.8408,3797.8787,3504.28,3675.707,3862.6623,3750.83,3485.6513,3449.3673,3570.91,3463.4577,3481.4319,3523.7,3210.2407,3561.8823,4378.15
2025-08-17,4387.5695,4310.009,4490.14,4504.189,4411.7509,4303.58,4206.9021,4279.4486,4411.25,4305.3394,4120.1234,4078.44,4263.9805,4424.8517,4455.77,4436.6675,4281.4979,4152.95,4312.6878,4279.2698,4110.68,4292.4457,4151.8761,3748.91,3859.0795,4022.7772,3989.0,3982.4694,4016.8092,4066.26,4097.5213,3979.6844,3770.28,3748.4421,4203.0331,4866.23,5080.8593,4868.9596,4644.83,4816.1977,4926.2256,4915.59,5149.1698,5239.0736,4933.46,4574.093,5453.0434,6819.82,6592.6275,6384.5969,6804.23,6846.0164,6834.2227,6817.19,6474.6695,6488.2002,6814.02,6724.9364,6662.1123,6718.9,6531.6686,6486.7084,6597.64,6505.0027,6595.713,6755.64,6478.1339,6425.0576,6718.22,6794.5315,6705.2789,6544.94,6350.9716,6389.2662,6483.45,6246.5164,6404.4814,6893.18,6907.4551,6943.3498,7138.08,7101.819,7100.9217,7132.95,6927.9429,6883.3199,7011.41,6938.4915,6956.4593,7136.5,7217.3261,7184.2884,7170.87,7265.747,7084.9095,6924.95,7419.2502,7422.5972,6996.06,7297.5328,7301.5168,6969.45,7306.5142,7355.2306,7162.36,7597.239,6892.3335,5348.43,5221.0653,5647.7635,5857.19,5916.9049,5671.2142,5453.0,5821.1236,6058.3631,5967.61,5991.0284,5775.5967,5411.42,5452.9806,5709.8327,5852.92,5714.4956,5543.9677,5490.3,5507.5658,5587.7882,5757.16,5913.1217,5399.5128,4585.49,4534.4612,4476.6775,4210.86,4358.9235,4678.3676,4722.13,4307.9556,4183.3582,4472.7,4609.5724,4678.4345,4767.18
2025-08-18,4777.8417,4555.6191,4203.72,4052.9805,4243.6493,4418.36,4102.8819,4099.3524,4529.25,4665.2696,4417.5051,4182.17,4399.5556,4455.688,4205.34,4119.65,4190.4735,4245.03,4165.1467,4180.6141,4213.01,3985.8655,3982.0823,4176.46,4062.1503,3996.4829,4141.99,4249.2797,4110.4525,3872.72,3894.7285,4021.4404,3991.43,3807.1543,4360.5208,5332.36,5411.4223,5036.9603,4787.61,4826.9365,4920.37,4877.93,4747.2203,4929.0869,5128.42,4819.7102,5573.3002,6911.61,6705.159,6460.6839,6844.88,6964.9811,6804.7264,6689.84,6858.9768,6820.7904,6618.75,6765.906,6805.6979,6619.88,6588.5594,6728.0062,6893.4,6917.4634,6801.0032,6661.75,6641.7921,6684.4986,6697.89,6630.7746,6534.5501,6486.56,6509.063,6414.2828,6238.68,6245.6425,6492.6612,6832.43,6996.8358,6850.582,6632.62,6760.7114,7015.3492,7129.05,7042.3814,7050.0864,7130.4,7023.4534,7103.8962,7267.57,7006.9157,6752.4341,6815.95,7108.551,7381.5361,7399.92,7146.4097,7235.0194,7512.38,7263.0552,7178.2431,7315.63,7082.6373,7221.1865,7776.64,7824.5106,6782.2592,5457.88,5341.0409,5516.4428,5426.09,5406.87,5486.8219,5666.69,5915.475,5854.1682,5502.73,5329.6682,5620.6188,5915.97,5526.5867,5555.4629,6048.27,5934.34,5704.7416,5692.54,5692.8501,5618.7046,5634.1,5867.1089,5492.9928,4629.11,4291.7898,4365.1014,4494.23,4480.5437,4510.331,4612.98,4589.0229,4347.6595,4148.4,4361.4105,4540.2824,4537.73
2025-08-19,4590.2835,4463.0872,4264.25,4391.2111,4544.2702,4495.88,4309.1128,4193.2101,4162.42,4114.4015,4366.3924,4679.82,4458.0182,4294.5277,4398.45,4379.089,4208.3898,4063.85,4139.812,4274.1094,4336.75,4312.3179,4160.0199,3973.32,3930.2231,3982.4421,4099.37,4257.7679,4178.3325,3919.91,3851.4274,3965.1943,4042.42,3949.4674,4300.9932,4935.56,5030.6592,4957.2743,4944.01,4844.9049,4813.4824,4909.04,5033.9593,5150.6677,5044.67,4681.521,5425.3549,6785.15,6830.4257,6646.1795,6857.77,6959.213,6875.9257,6785.15,6872.1085,6848.5648,6672.9,6610.9386,6690.1239,6817.5,6872.2457,6847.5122,6727.41,6534.302,6575.6308,6762.77,6724.819,6806.6715,6942.53,6675.9632,6354.0335,6233.44,6283.4285,6502.7733,6633.62,6399.8194,6479.2369,6837.06,6769.3969,6691.0651,6819.16,6925.0213,6951.5577,6959.47,7003.7901,6855.6634,6599.92,6627.4771,6995.9968,7313.47,7073.2479,6743.2227,6688.81,6898.9738,7249.2199,7408.14,7101.4194,6977.2089,7108.75,6977.6047,6909.5607,7014.12,7046.3332,7085.9633,7245.31,7391.0667,6683.2018,5515.21,5267.3956,5629.7191,5874.55,5595.2609,5541.2448,5702.96,5423.2651,5587.5546,6160.53,6134.0676,5867.8311,5798.62,5934.2019,5719.3341,5278.91,5322.839,5631.7799,5789.77,5607.1818,5599.1142,5958.14,6233.9038,5473.345,4335.35,4472.1792,4650.2507,4470.99,4717.2233,4645.9526,4266.14,4394.3003,4504.4212,4408.74,4464.6528,4475.3273,4353.64
2025-08-20,4275.3889,4429.1659,4647.82,4572.9756,4487.9017,4431.19,4193.0323,4178.9878,4337.79,4210.4961,4148.2745,4260.43,4277.8891,4220.9025,4146.8,4091.7485,4161.6629,4333.81,4436.4261,4299.5532,4024.22,3917.9726,4028.9641,4115.44,3881.1643,3689.4382,3821.71,4171.6266,4113.3811,3691.19,3602.2974,3949.0725,4258.06,4031.1515,4282.4122,4984.47,5065.7221,4951.3836,4943.08,4885.5904,4846.3413,4869.01,4906.9047,4890.0968,4698.86,4433.2623,5174.5889,6483.36,6738.311,6624.8848,6687.36,6771.0049,6869.1004,6907.17,6769.3192,6619.9142,6569.07,6594.05,6642.2975,6640.61,6556.4983,6568.6246,6681.47,6713.67,6652.0182,6596.62,6627.5823,6495.771,6457.2,6932.5383,6726.6667,6018.76,6201.7626,6429.5562,6293.09,6283.4782,6427.675,6647.38,6869.479,6963.2497,6998.72,7145.4272,7127.0302,6955.12,6935.5131,6951.6964,6955.55,7041.0716,7156.0414,7184.16,7079.348,7158.409,7368.33,7324.9504,7157.3005,7002.84,6930.6156,7210.2224,7581.98,7465.0105,7297.3833,7336.88,7407.4016,7373.5821,7356.88,7477.1503,6935.2747,5941.98,5587.6139,5532.2017,5523.48,5651.9155,5568.4728,5385.93,5574.2055,5743.2461,5700.2,5644.8329,5670.9239,5788.16,5914.0333,5822.3336,5549.39,5421.0898,5701.5668,5988.88,5623.4022,5459.2069,5711.99,5679.5829,5110.3993,4476.68,4510.5923,4611.85,4467.5,4358.4033,4423.6005,4556.85,4545.9083,4554.3976,4572.04,4440.976,4473.8008,4657.6
2025-08-21,4642.2613,4510.5959,4398.23,4377.8041,4500.642,4571.17,4329.3829,4203.0449,4261.53,4182.9315,4196.3427,4313.69,4276.4488,4185.3573,4188.72,4318.0803,4336.0273,4239.53,4240.3964,4214.1485,4149.16,4176.5993,4201.8045,4160.63,4091.7824,4080.4752,4035.97,3842.6979,3996.6708,4341.45,4193.7317,3970.88,3886.14,3818.1212,4220.1185,4798.04,4751.3906,4798.8905,5119.26,5129.1804,4916.2235,4755.65,4843.5533,5018.1832,4978.78,4715.6211,5490.5436,6828.2,6897.9295,6626.9291,6668.0,6735.7762,6741.8839,6745.89,6812.358,6693.6138,6499.46,6580.199,6531.7514,6430.66,6742.6873,6831.2835,6615.66,6660.9356,6769.22,6732.54,6594.4272,6629.7134,6823.73,6856.7653,6584.1755,6233.89,6215.542,6368.7961,6461.49,6412.9312,6441.3901,6612.33,6793.125,6962.0882,7045.14,6949.4549,6837.3624,6928.26,7257.5219,7195.4693,6868.2,6987.3009,6956.1313,6697.16,6808.8644,7163.2973,7321.57,6983.0875,6849.3814,7174.27,7513.3742,7451.8998,7138.91,7096.1204,7147.6513,7093.91,6933.65,6834.8848,7068.5,7582.1384,6889.8977,5616.16,5862.4189,5869.0138,5336.81,5715.3942,5720.2453,5240.28,5530.4697,5815.6984,5733.89,5734.519,5752.9673,5694.07,5608.9341,5686.6983,5836.41,5785.7693,5773.716,5783.62,5564.9178,5461.9469,5592.99,5662.6458,5267.9691,4690.08,4618.469,4575.9374,4399.52,4407.8644,4404.5758,4357.99,4435.9652,4420.8878,4390.75,4585.1564,4347.6727,3671.71
2025-08-22,3300.8077,3444.9118,3686.06,3409.5152,3130.5274,3143.68,3254.1288,3349.3363,3480.56,3703.8368,3575.185,3238.17,3296.7321,3362.67,3306.43,3395.4846,3439.9059,3416.76,3480.0195,3361.8405,3107.86,3100.3423,3367.779,3574.17,3338.1559,3158.9579,3221.59,3231.726,3127.2932,2916.49,2688.7493,2808.0799,3134.95,3143.2974,3038.5097,2967.36,2877.474,2902.9764,3046.08,3162.1034,3243.4083,3309.2,3348.3257,3275.3485,3202.77,3352.8979,3527.8753,3564.21,3497.857,3574.5631,3616.45,3285.9191,3448.1795,3991.93,3915.914,3762.1418,3866.95,3997.496,4064.7267,3980.73,3743.6108,3833.0677,4205.39,4314.1415,4180.1626,3998.84,3967.2266,4171.9123,4340.83,4102.8446,3984.2457,4071.8,3953.846,3882.6146,4000.4,4145.7268,4091.1451,3962.62,4076.3069,4067.7747,3986.27,4256.8549,4472.5696,4379.06,4168.8356,4319.7915,4608.56,4369.5779,4212.6834,4389.83,4533.055,4540.0771,4487.71,4492.478,4419.705,4310.51,4384.7486,4614.8479,4832.09,4790.5721,4270.6798,3706.62,3829.939,4006.1208,3939.26,3933.7688,3952.9455,4015.88,4193.5347,4186.2665,3973.07,3881.8816,4122.664,4370.1,4101.3618,3971.8856,4062.53,3865.0912,3967.1522,4179.88,3754.2191,3866.3463,4507.04,4420.8052,4065.575,4007.27,4301.2873,4350.0497,4166.91,4241.1226,3933.4282,3444.26,3699.4992,4031.6423,3953.22,3615.564,3352.5051,3320.88,3427.2339,3452.4563,3398.67,3433.5695,3398.5758,3335.89
2025-08-23,3471.19,3628.8318,3647.14,3512.2122,3332.0303,3255.66,3341.1044,3257.1049,3089.09,3242.4188,3362.5608,3284.26,3215.4899,3304.9844,3396.46,3200.8805,3034.5392,3195.94,3600.8279,3382.6686,2839.34,3108.8667,3304.6515,3091.6,3049.4943,3128.3673,3133.39,3007.626,3121.2443,3336.34,3136.7824,2934.154,2975.68,3076.7442,2955.1575,2710.07,2717.9106,2860.6737,2930.14,2879.6069,3127.0236,3519.12,3479.2563,3456.872,3521.38,3314.8105,3314.5557,3497.56,3345.246,3203.9219,3223.29,3246.3283,3547.0932,3947.4,3940.8928,3944.3787,4095.47,4115.0546,4114.161,4131.37,4066.9539,3971.0072,3942.92,4046.4201,4162.9762,4129.07,3900.1601,3881.1561,4049.9,3994.8539,3902.1256,4055.66,4475.2311,4401.4683,3962.25,4012.7839,4022.284,3790.97,3767.9951,4211.1506,4650.61,4338.7154,4068.0139,4175.48,4241.7131,4217.0366,4225.86,4389.5219,4530.9426,4470.62,4190.5405,4016.4678,4125.71,4417.893,4622.8185,4578.56,4357.2924,4354.2274,4572.28,4595.1716,4233.3907,3764.88,3708.911,3925.1237,4044.21,3826.7018,3764.2125,3926.38,3919.3891,3907.0671,3968.36,4003.4018,4108.1273,4140.3,3874.2843,3876.3627,4160.42,4155.8065,3967.4796,3866.35,4012.4588,4174.7001,4192.97,4095.4856,3988.1405,3972.89,4075.9086,4119.6976,4181.69,4420.4391,4140.0804,3418.63,3131.6562,3367.3274,3682.25,3578.1402,3597.8263,3760.37,3540.7711,3366.3045,3412.97,3486.9801,3881.1243,4417.68
2025-08-24,4521.0545,4409.1841,4379.63,4512.228,4532.8274,4435.49,4447.8656,4329.1904,4139.94,4199.7079,4197.3292,4154.37,4397.1683,4510.6878,4339.06,4139.404,4020.2956,4032.55,4162.5719,4213.3444,4203.72,4293.6551,4183.1306,3950.7,3984.6134,3947.079,3789.57,3819.508,3870.6414,3822.75,3750.684,3818.0841,3918.68,3859.314,4222.8435,4938.22,5258.5001,5147.6518,4986.35,5166.6889,5233.0192,5085.9,5071.1228,5040.6692,4897.22,4827.2886,5391.1961,6334.61,6759.716,6811.2217,6721.5,6601.8196,6782.3162,7003.61,6724.2294,6797.3882,7023.56,6406.5531,6318.2188,6932.7,6990.1514,6710.6307,6591.79,6803.9715,6703.0421,6486.44,6917.7589,6916.4514,6455.15,6589.3829,6646.3749,6479.65,6621.3673,6461.3444,6086.9,6257.2773,6471.4628,6522.52,6722.5233,6977.1891,7034.89,6756.9765,6630.1884,6791.25,6935.0691,7017.3147,7074.13,7112.6606,6998.3381,6859.73,6995.4968,7194.1585,7208.39,6992.5544,6911.2547,7052.44,7174.3041,7228.844,7223.87,7174.4663,7112.8063,7093.9,7156.6824,7209.9251,7323.88,7501.0286,6771.2125,5632.99,5648.1875,5828.1037,5720.63,5841.5639,5827.375,5565.85,5370.9282,5325.3071,5475.54,5783.6048,5791.0247,5520.78,5448.8647,5519.7629,5627.51,5741.9003,5782.3117,5701.37,5568.7195,5712.4656,6017.52,5931.2024,5209.1551,4361.07,4255.0914,4516.75,4661.78,4513.8715,4294.4426,4295.77,4611.2947,4675.1065,4458.57,4463.7586,4517.275,4473.7
2025-08-25,4382.9847,4260.6667,4164.55,4184.4721,4322.1836,4471.58,4471.7225,4292.6997,4151.36,4287.7748,4213.609,3960.57,4042.359,4104.8678,4073.42,4224.9772,4246.2592,4119.29,4145.6846,4121.6106,3935.04,3749.8586,3917.5458,4295.17,4361.637,4231.3156,4016.89,3763.3483,3878.7214,4134.23,3910.2227,3895.796,4083.26,3850.6771,4182.1164,4996.8,5153.5297,5152.3536,5286.7,5273.9547,5067.2432,4850.04,4876.0373,5017.76,4954.76,4641.7094,5418.8666,6735.55,6650.7338,6539.0643,6888.06,6777.368,6599.3016,6674.38,6867.3002,6908.1795,6779.15,6687.8367,6622.726,6585.14,6643.1345,6840.4852,7023.48,6939.9285,6706.7435,6545.55,6597.6572,6653.1139,6672.62,6763.3858,6608.4196,6329.52,6388.209,6431.0854,6279.74,6171.0349,6436.3736,6799.19,6671.6955,6692.2294,6936.93,6839.6418,6748.9863,6829.76,6882.7428,6934.8536,6929.46,6777.5099,6821.3852,7108.3,7315.9082,7271.253,7051.7,6917.9245,7016.1664,7153.29,7012.7444,6996.4105,7193.06,7277.6713,7256.0668,7258.4,7331.2868,7082.2165,6911.56,7474.166,6947.2437,5533.47,5348.3589,5578.4576,5533.71,5401.9185,5339.2379,5396.97,5538.966,5723.757,5809.66,5668.6475,5609.3314,5655.78,5570.5485,5629.745,5796.29,5733.1927,5674.3331,5702.31,5651.7349,5562.1343,5556.31,5651.047,5353.7028,4719.45,4333.2153,4202.2037,4300.33,4603.9951,4653.8744,4530.66,4707.7686,4660.5037,4335.38,4258.4923,4363.9176,4457.03
2025-08-26,4423.7554,4358.677,4309.29,4242.6084,4200.7539,4273.58,4473.1312,4412.4574,4144.06,4089.2002,4002.5645,3839.63,3862.4358,4062.8648,4293.9,4387.9874,4361.7024,4215.73,3973.4119,3980.4049,4232.33,4353.2487,4216.8747,4006.93,4039.061,4185.7749,4219.48,4022.3211,3850.8901,3803.21,3788.3718,3946.4134,3989.63,3551.951,3834.7369,4796.22,5124.1656,4983.0393,4859.93,4994.1085,4921.7574,4683.65,4790.5666,4926.0412,4817.25,4673.0294,5519.0041,6803.97,6866.1956,6666.6056,6749.29,6691.5849,6569.7058,6545.14,6665.613,6737.8814,6697.56,6647.5307,6606.34,6586.13,6598.8902,6595.5555,6660.8,6875.2683,6742.6243,6437.09,6655.8847,6942.5856,7001.62,6951.8819,6744.9169,6460.94,6329.1644,6459.1073,6620.91,6496.8211,6615.6356,6993.72,7080.7356,6965.6031,6820.93,6738.2723,6815.1651,7008.09,7148.97,7150.3885,7060.59,7022.5463,7097.573,7214.03,7227.2683,7148.3516,7087.38,7119.1593,6968.6244,6883.34,7334.6024,7308.6263,6846.24,7021.1073,7332.2753,7425.02,7425.379,7185.0484,7052.48,7435.3109,6794.2427,5419.95,5258.4218,5611.3461,5694.18,5451.0308,5320.9359,5446.32,5577.6808,5564.0261,5539.03,5745.1338,5855.0897,5788.01,5741.0506,5483.0996,5261.29,5586.0637,5705.2778,5514.63,5638.773,5759.4116,5791.84,5892.1636,5320.1114,4478.28,4551.0794,4430.8355,4005.27,4290.7888,4521.7978,4317.19,4129.3829,4327.2969,4611.62,4357.879,4164.4835,4290.57
2025-08-27,4399.382,4384.3895,4335.16,4361.8295,4159.3212,3954.72,4285.6241,4422.8438,4241.51,4287.5649,4115.2517,3865.69,4184.672,4389.3563,4198.72,4018.9673,4021.9675,4080.91,3967.2679,3958.1479,4113.52,4183.1664,4069.7829,3929.44,3997.4569,3997.1264,3893.45,3913.5555,3859.0548,3742.52,3834.6859,4138.7081,4256.99,3859.0606,4132.1522,5006.31,5167.564,4878.4633,4622.82,4628.4285,4854.6939,5016.61,4840.0221,4779.7667,4745.51,4412.7712,5323.2587,6882.0,6817.4938,6524.4736,6690.65,6625.0791,6700.6903,6878.04,6662.6847,6502.695,6555.27,6568.6591,6765.7386,6898.09,6477.486,6388.6527,6703.68,6639.6137,6618.3426,6814.54,6894.0653,6746.8059,6654.33,6942.0006,6835.7111,6269.73,6025.6305,6304.7342,6651.56,6462.7272,6499.7733,6800.31,6654.9598,6617.7585,6859.0,6966.8054,7034.4815,7026.28,6812.0792,6902.0669,7176.05,7007.2748,6887.0844,6933.92,6799.3334,6885.2069,7181.12,7220.2185,7131.1676,7030.99,6939.5036,7132.524,7406.64,7242.1396,7018.9624,6997.59,7071.2979,7079.3674,7156.07,7416.8085,6757.5521,5463.03,5084.722,5449.8084,5857.57,5775.6091,5635.4594,5608.7,5494.4432,5585.6523,5770.39,5624.5996,5585.8361,5734.58,5691.9578,5552.6184,5480.48,5530.156,5550.0951,5546.85,5638.1438,5573.0951,5526.35,5822.7721,5383.4323,4484.45,4530.286,4639.3977,4419.92,4385.3185,4363.7478,4303.2,4380.4096,4478.2841,4478.9,4394.7247,4439.0801,4490.53
2025-08-28,4217.8767,3973.7206,3974.0,4113.6938,4257.331,4403.04,4568.9497,4338.2093,4006.36,4276.7179,4253.5716,4008.3,4465.8323,4529.1347,4113.58,4249.8378,4334.7121,4181.85,4262.2341,4320.7731,4212.06,4087.8736,4075.7031,4038.8,3787.4441,3899.0337,4225.36,4013.6351,3753.8175,3808.8,4031.6463,4042.9737,3760.85,3563.0726,4203.6613,5158.76,5100.5445,4911.5256,4992.93,4894.1876,4927.8854,5034.19,4820.8698,4828.9172,5017.01,4915.5395,5556.3035,6690.34,6887.7059,6635.7195,6478.18,6458.4121,6399.3461,6459.8,6911.2496,6978.9083,6706.52,6882.5396,6965.6609,6724.38,6549.1734,6684.9337,6949.12,6918.8485,6746.0323,6748.06,7042.1357,6919.963,6501.16,6571.1816,6484.9069,6229.36,6462.0291,6551.3411,6299.33,6225.2845,6621.3091,7061.23,6846.6377,6759.9009,6993.95,6988.1319,7013.0767,7066.02,6871.4787,6988.9835,7248.87,6952.514,7000.9996,7389.21,7156.2831,6768.1638,6693.59,6932.0389,7097.7822,7129.91,7254.9892,7204.7049,7117.03,7373.3016,7243.1091,6921.65,7328.4017,7499.0963,7277.79,7335.7287,6567.8547,5347.84,5346.7959,5713.4387,5761.07,5652.9083,5668.6804,5715.15,5499.8911,5476.9756,5626.79,5516.418,5679.344,6012.82,5814.8194,5511.2227,5466.46,5609.9573,5566.0125,5393.18,5492.0093,5620.5204,5737.28,5943.3613,5496.9691,4672.13,4560.1323,4619.6693,4357.14,3944.2364,4271.201,4921.47,4586.2262,4264.6106,4453.15,4543.4622,3940.1805,3180.9
2025-08-29,3367.9563,3449.8707,3141.31,3218.9558,3446.8345,3476.25,3245.3833,3196.1128,3344.88,3284.4555,3111.8173,3061.88,3238.1574,3219.4192,3004.57,3007.1068,3096.6247,3075.06,2906.4087,2887.8876,3000.74,2974.7978,3106.6278,3350.48,3308.8157,3129.394,3077.44,3243.325,3143.1262,2791.63,2717.2007,2925.7711,3088.21,2891.3015,2845.9616,3008.49,2956.8093,2984.4428,3066.87,2895.6521,3010.9419,3427.9,3596.1069,3658.4996,3597.18,3240.8055,3141.1812,3297.27,3198.3749,3220.3868,3415.28,3430.3874,3498.1006,3751.96,4048.4363,4153.5686,4110.38,4142.7901,4026.7392,3781.51,3704.1013,3770.4456,3928.32,4111.712,4000.5632,3786.71,3977.1944,4067.039,4002.78,4219.0006,4283.3081,4089.95,3982.3828,3903.3806,3854.78,3951.4958,4101.5695,4204.43,4226.8122,4223.2013,4228.94,4233.6023,4205.2045,4087.96,3886.1606,3902.8667,4129.66,4232.061,4129.202,4088.73,4423.3852,4535.782,4347.84,4359.5075,4392.8234,4311.99,4239.8274,4431.1564,4649.34,4384.7247,4101.0688,3995.02,3824.66,3659.4307,3671.01,3915.0643,3935.1348,3756.59,3831.7936,3898.4467,3909.53,4075.5618,4053.9396,3799.07,3669.0192,3857.4511,4050.9,3783.5924,3785.7625,4191.96,4374.9194,4266.4144,4113.48,4184.4791,4185.5736,4020.6,3900.0689,3897.5072,3968.79,3985.3741,3813.0609,3620.63,3700.8131,3653.377,3476.87,3566.2246,3617.2856,3527.19,3504.3037,3479.0768,3461.14,3525.3348,3418.5113,3318.2
2025-08-30,3629.6725,3653.8806,3368.96,3457.95,3601.986,3543.01,3374.0081,3296.448,3343.96,3388.8838,3422.9044,3442.86,3434.0759,3438.3733,3407.35,3250.5863,3121.1586,3074.9,3027.946,2972.0526,2859.17,2680.3127,2800.1263,3120.66,3166.631,3166.7795,3228.82,3194.098,3053.9879,2906.85,2897.0316,3077.5605,3235.04,3053.6421,2775.163,2689.66,2848.1192,2750.2859,2436.84,2474.2555,2820.8177,3263.73,3573.5575,3518.5047,3272.25,3259.4956,3294.4217,3241.83,3157.4427,3035.2439,2975.11,3128.0168,3362.2066,3640.08,3995.8749,4106.6514,4019.61,4069.8327,3928.1559,3760.22,4082.8862,4193.6373,3975.81,4006.2502,4059.9049,4068.29,4187.4838,4034.567,3779.48,3972.9704,3963.5225,3725.89,3889.6037,3992.2122,3894.41,3959.0216,4132.7047,4273.04,4295.7966,4261.6619,4237.29,4234.8559,4175.5932,4114.76,4170.5596,4106.0772,4022.04,4266.0535,4473.2662,4382.56,4132.0486,4272.6774,4593.55,4384.1593,4341.8977,4586.86,4540.5396,4563.5693,4774.1,4791.9135,4229.7258,3524.61,3571.0766,3833.8463,3946.27,4020.1606,3953.1904,3865.78,4023.4334,4150.9757,4008.82,3663.6701,3679.756,4011.16,4081.2935,4106.7943,4179.29,4109.399,3917.173,3860.64,4152.5809,4139.841,3928.1,4221.3068,4253.5361,3934.49,3965.7769,4024.6094,4051.13,4285.0506,4082.4523,3494.74,3291.948,3430.3125,3650.94,3739.1886,3665.0382,3477.11,3321.1928,3568.221,3879.49,3602.3944,3819.6059,4431.84
2025-08-31,4238.8191,4086.9599,4303.74,4331.8449,4262.5311,4221.85,4196.7023,4174.4711,4180.8,4244.4363,4266.0654,4249.98,4282.4459,4238.9512,4064.36,3861.9191,3861.4236,4033.55,4096.0348,3926.5379,3766.41,3962.024,4025.1071,3878.25,3942.1342,4134.9683,4182.23,3907.4233,3747.0965,3833.88,3869.6701,3679.9174,3470.14,3699.8678,4445.761,5177.0,5181.215,5024.3365,4973.63,4797.2717,4750.0141,4934.03,5154.9935,5168.9777,4997.5,4986.2621,5636.7174,6531.59,6684.5167,6627.8543,6748.95,6888.7895,6852.0472,6631.68,6427.7689,6486.1634,6679.56,6643.093,6582.0839,6631.87,6714.8956,6768.5318,6726.27,6570.5645,6508.7904,6556.67,6552.224,6604.5832,6664.7,6548.1457,6435.536,6415.69,6397.3788,6318.0164,6273.31,6460.1478,6870.1273,7131.53,6853.9674,6771.6983,6945.98,6745.7859,6584.0995,6755.18,7066.6635,6978.2858,6722.44,7019.3873,7158.271,6943.42,6904.1621,6948.9806,7017.5,7181.0802,7263.3928,7241.69,7254.7417,7222.8953,7149.08,7150.9721,7240.3879,7252.55,7018.0211,6926.5462,7132.54,7264.4649,6429.1446,5316.46,5555.0543,5764.7645,5465.52,5528.9593,5575.2232,5484.18,5585.0904,5654.2883,5627.45,5658.556,5575.3902,5504.48,5738.1599,5734.6997,5586.89,5885.1573,5864.7531,5397.73,5178.89,5257.4175,5578.7,5928.1014,5256.7191,4116.14,4189.942,4494.3047,4356.65,4145.5154,4365.7071,4719.91,4472.5326,4390.589,4598.05,4408.4557,4001.1814,3703.89
2025-09-01,3677.7838,3739.9661,3710.66,3555.6899,3464.3863,3548.79,3734.9542,3747.9063,3585.55,3496.1169,3447.557,3450.79,3566.7016,3600.2758,3530.94,3524.679,3538.0712,3544.66,3588.2495,3700.1701,3777.92,3666.4086,3514.9955,3439.35,3452.0206,3590.2391,3722.17,3642.2466,3547.9505,3560.43,3618.5174,3648.539,3589.72,3519.4376,3971.2456,4678.0,4789.2108,4757.4119,4871.79,4943.7518,4876.6708,4749.61,4752.1443,4914.8743,4950.2,4673.8826,5335.4022,6564.65,6669.8226,6549.8982,6711.19,6699.1639,6470.8581,6244.3,6288.3153,6488.1024,6605.84,6499.7397,6497.4787,6664.79,6734.6809,6632.74,6453.38,6360.867,6335.0509,6358.42,6439.4266,6493.2985,6479.89,6421.286,6314.9906,6161.33,5979.7125,5827.5998,5785.56,5892.2408,5975.3264,6071.57,6344.1498,6434.4432,6313.3,6294.131,6224.3181,6169.38,6362.0504,6370.7592,6180.07,6212.3825,6306.0566,6337.81,6357.9908,6352.1923,6377.55,6500.8585,6482.9432,6341.62,6336.7094,6364.9297,6382.31,6445.9337,6412.1217,6314.41,6319.8318,6234.0839,6249.05,6581.7858,5745.1719,4352.63,4587.3149,4868.4727,4570.14,4654.1077,4765.5405,4807.12,5071.2755,5013.4857,4676.5,4693.8203,4855.6838,4879.97,4721.4759,4679.317,4813.76,4893.2715,4822.3998,4771.7,4962.6061,4934.9956,4707.93,4696.717,4337.7374,3826.08,3973.8409,4055.4712,3785.88,3598.2814,3465.9623,3482.65,3794.4742,3813.9392,3568.33,3631.1483,3590.2774,3529.51
2025-09-02,3932.3259,3930.2997,3532.89,3623.1887,3707.4367,3504.58,3310.04,3424.9428,3719.75,3766.3104,3642.9886,3506.6,3446.5076,3489.1526,3542.54,3495.5324,3556.5886,3628.92,3423.0071,3395.8109,3564.5,3503.7636,3519.7008,3623.53,3513.2352,3550.3999,3764.71,3793.0265,3711.3634,3664.63,3702.9161,3688.9195,3580.05,3565.9474,4157.3358,4950.89,4949.092,4726.1185,4745.52,4898.1749,4861.3324,4701.85,4782.573,4904.8054,4814.59,4596.8273,5262.4174,6466.88,6755.7683,6565.1578,6521.33,6764.4673,6726.2767,6495.35,6669.0056,6601.2218,6340.44,6581.8137,6595.6628,6332.01,6468.4377,6439.7913,6160.89,6173.0957,6322.4979,6436.64,6499.8031,6472.4883,6435.3,6481.032,6265.8176,5926.46,5958.094,5949.6122,5834.49,5988.9044,6252.3109,6392.66,6320.0607,6229.6615,6216.45,6216.7175,6215.8192,6240.5,6318.2729,6371.719,6319.4,6167.0903,6167.0538,6352.88,6498.9097,6471.6014,6366.4,6417.1107,6589.7988,6561.53,6098.5263,6141.9998,6542.1,6251.4223,6133.6797,6463.42,6591.3537,6505.3283,6449.19,6503.0264,5817.8914,4797.06,4761.9789,4815.5169,4635.73,4808.6057,4986.357,5010.12,5058.0728,4936.0526,4791.98,4994.2728,5060.3343,4899.51,4866.9182,4689.1572,4532.14,4857.0991,4936.8505,4715.85,4816.1349,4709.2771,4494.34,4755.0793,4386.4018,3572.75,3667.7119,3857.9391,3774.27,3858.4177,3798.8392,3599.25,3620.4077,3611.7099,3594.68,3804.7175,3655.3392,3375.82
2025-09-03,3797.799,4096.9429,3897.66,3649.3886,3595.1666,3678.26,3667.1776,3584.4655,3491.44,3422.2008,3411.0777,3484.85,3622.3228,3651.4943,3577.87,3568.5122,3581.0133,3627.17,3750.5334,3700.1763,3474.42,3361.5931,3500.5492,3687.9,3584.5314,3497.0719,3519.26,3475.8865,3606.922,3814.93,3727.7944,3638.7859,3618.71,3550.4264,4086.8274,4871.72,4816.4521,4686.4695,4819.84,4787.9979,4707.7252,4734.37,4869.7904,4937.4626,4825.58,4705.4073,5386.618,6441.4,6555.1641,6415.8948,6455.93,6421.7948,6399.676,6487.12,6645.6849,6634.5639,6469.11,6419.0513,6539.8345,6639.2,6476.8538,6366.9066,6387.51,6324.0053,6290.7889,6344.68,6390.0141,6308.7996,6244.95,6411.0257,6265.6651,5874.81,5882.2992,6055.403,6085.19,5928.3277,5974.2077,6200.0,6193.4921,6060.257,6049.48,6273.7776,6292.8145,6146.36,6267.6355,6219.3045,6007.94,6103.8026,6180.6255,6208.4,6439.9173,6293.8268,6012.02,6423.6696,6608.0562,6337.42,6311.5826,6383.2623,6406.01,6441.2056,6480.1331,6476.26,6412.0146,6451.3341,6676.09,6824.5643,5859.8307,4568.08,4841.3051,5024.013,4630.38,4826.0441,5093.8098,5066.13,4955.4271,4910.7738,4821.67,4519.9735,4525.858,4852.12,4934.3903,4648.4007,4454.07,4912.8843,5170.141,5017.73,5030.6769,4919.9487,4771.65,4936.1025,4479.0272,3670.53,3768.0423,3896.0582,3683.9,3683.3315,3909.4664,4076.57,3903.3243,3730.3296,3688.62,3589.4145,3434.0861,3330.51
2025-09-04,3370.3237,3372.1401,3351.01,3478.4422,3505.2359,3407.42,3423.6589,3510.0569,3552.66,3500.8214,3526.2114,3538.98,3326.8196,3420.9822,3749.83,3696.6949,3613.9989,3653.74,3597.7685,3546.6991,3543.41,3516.7355,3506.8887,3538.07,3590.985,3651.9997,3662.83,3573.3352,3545.4003,3639.64,3758.4983,3793.8649,3704.4,3620.2314,4050.0059,4765.38,4965.085,4873.1831,4832.03,4936.1531,4895.8668,4746.13,4810.5039,4894.7501,4764.17,4548.777,5378.5048,6708.82,6764.8611,6498.8643,6536.11,6537.6509,6432.8623,6360.71,6500.1801,6671.7422,6745.2,6704.7148,6447.7489,6246.39,6521.3151,6720.3973,6594.75,6431.9668,6446.5736,6470.8,6208.9648,6250.2076,6602.57,6620.8175,6282.0721,5967.05,6069.1123,6101.1378,5933.86,5922.803,6042.5791,6219.39,6390.973,6343.0565,6155.81,6145.8223,6243.9292,6296.41,6210.577,6077.4579,6073.62,6286.1397,6308.8633,6154.8,6231.2973,6357.7136,6343.43,6205.5828,6208.7705,6413.62,6576.8571,6328.6152,5997.07,6270.4612,6413.5504,6314.79,6535.9457,6432.5157,6200.23,6583.5935,6019.2211,4802.34,4862.2495,4943.6201,4608.1,4719.9195,4821.1494,4734.74,4775.5538,4728.499,4697.8,5023.888,5185.7298,5092.46,5115.1028,4901.897,4640.19,4909.9146,4993.4019,4747.65,4705.8864,4512.8127,4372.3,4790.4466,4410.8709,3534.2,3825.0791,3951.0821,3448.53,3278.8507,3529.853,3864.1,3896.3074,3800.3707,3786.44,3848.7621,3566.4241,3007.25
2025-09-05,2690.1853,2577.8801,2593.96,2713.7037,2703.7534,2526.34,2390.2139,2478.8545,2610.1,2446.1363,2428.7541,2649.45,2734.445,2648.6786,2524.33,2519.8939,2594.1091,2679.66,2737.6268,2742.5653,2644.64,2446.3231,2453.0172,2676.33,2809.1401,2754.9501,2615.46,2581.8579,2636.5635,2689.87,2657.7959,2555.6006,2487.65,2558.3883,2624.9764,2681.78,2853.1139,2984.7288,2863.3,2500.2233,2701.8949,3271.18,3181.9727,2884.169,2830.45,3019.287,3161.3727,3157.98,3154.2236,3229.2823,3263.7,3126.7275,3324.4626,3722.74,3662.795,3573.979,3728.08,3929.8918,3886.5538,3666.09,3616.2412,3682.6692,3728.6,3676.5229,3597.1514,3603.27,3728.7339,3690.5451,3579.17,3759.743,3896.6794,3737.05,3392.8426,3357.484,3602.94,3632.2133,3525.0367,3440.41,3434.6861,3445.2619,3493.9,3620.8301,3511.6997,3326.86,3523.194,3520.8226,3281.87,3369.7204,3534.3931,3568.2,3534.6211,3558.6393,3660.8,3746.7811,3735.4739,3655.42,3618.8986,3650.8351,3706.33,3687.187,3477.3359,3138.48,2886.5322,2821.9695,2892.29,2963.8373,3062.976,3169.73,3195.4179,3128.6442,3009.19,2943.2419,3159.1454,3462.79,3387.5574,3183.348,3191.41,3493.0934,3532.55,3309.33,3329.0803,3291.1141,3231.23,3488.9477,3471.1039,3166.23,3174.2777,3269.5213,3286.12,3279.4942,3101.8069,2847.03,2815.1845,2943.6866,2980.44,2722.6714,2534.3638,2626.81,2857.2419,2868.3124,2706.04,2746.0474,2866.9018,2808.45
2025-09-06,2474.0124,2426.1705,2652.79,2626.5635,2690.9835,2800.03,2542.7673,2476.6081,2649.04,2553.3349,2481.8679,2499.94,2395.3361,2556.5499,2845.01,2698.5927,2566.2044,2636.87,2644.0567,2582.1818,2576.87,2728.7945,2806.5811,2694.85,2518.6258,2548.1863,2685.47,2597.5621,2603.3651,2765.94,2805.5071,2763.0946,2748.55,2809.1297,2811.875,2715.85,2623.9601,2658.2264,2747.21,2732.8599,2880.7165,3179.87,3300.6765,3186.1891,3070.16,3219.6043,3189.8614,3003.67,3127.4801,3228.029,3136.02,3099.827,3518.4536,4005.4,3778.7174,3700.5488,3905.38,3721.1599,3794.2988,4064.32,3768.7271,3506.1042,3605.77,3789.2885,3839.8777,3754.44,3689.0788,3670.2475,3674.62,3664.3445,3608.1628,3559.55,3601.8558,3612.3412,3554.1,3507.1955,3467.3882,3427.91,3432.0432,3626.8461,3817.43,3638.058,3490.1343,3512.5,3459.8459,3384.2865,3428.07,3643.9267,3701.7025,3588.39,3603.1239,3647.0971,3641.05,3655.8463,3850.0371,3981.47,3669.5047,3621.126,3830.31,3584.0158,3278.5286,3125.57,2976.6327,3107.8612,3326.45,3114.7021,2957.3088,3157.38,3501.4037,3490.9037,3182.1,3104.1592,3191.8575,3185.76,2924.486,2781.7774,2986.97,3398.5473,3530.5056,3370.53,3329.5426,3291.5879,3165.96,3042.6263,3073.8889,3243.63,3380.4719,3424.115,3418.46,3397.5724,3083.3575,2685.2,2727.3247,2752.1977,2601.79,2582.1806,2654.417,2760.21,2872.1448,2806.8261,2623.96,2647.176,3100.4761,3640.08
2025-09-07,3652.0537,3575.4973,3540.41,3306.45,3427.7814,3815.06,3774.0923,3574.2545,3485.14,3523.2836,3684.3055,3763.91,3529.7895,3406.561,3512.82,3548.6489,3437.8042,3348.04,3499.1643,3602.6357,3581.75,3624.8471,3624.375,3569.53,3589.0522,3669.5582,3704.98,3603.5013,3543.8821,3605.39,3709.8661,3815.1251,3769.28,3530.943,3927.3457,4740.92,4871.5277,4725.1059,4716.7,4838.1832,4920.2562,4901.86,4869.8698,4911.873,4803.39,4425.6868,5225.0514,6753.9,6989.0914,6721.96,6620.44,6545.8104,6536.3014,6567.75,6517.615,6343.1656,6235.44,6437.9154,6571.6196,6508.19,6475.2862,6490.8886,6526.58,6544.9577,6441.9964,6355.47,6492.044,6338.2009,6074.19,6368.3848,6383.2113,5990.81,5931.1816,6040.5779,6102.69,6101.9207,6084.1674,6115.94,6230.2507,6303.9741,6333.18,6404.3242,6344.1539,6185.43,6158.6673,6197.2998,6217.17,6221.5907,6314.7939,6392.17,6225.6944,6020.2257,5929.44,5970.2563,6244.2756,6508.3,6372.0469,6302.5038,6407.4,6338.8234,6231.2175,6219.74,6275.0257,6233.3132,6326.43,6761.8884,6043.6087,4630.7,4539.6214,4549.0955,4331.57,4820.3577,5121.126,4919.21,4806.4176,4782.9687,4799.94,4877.1208,4876.181,4810.24,4826.9998,4847.1223,4809.71,4740.8656,4705.7188,4784.64,4975.652,4944.7472,4791.11,4835.0564,4278.7202,3457.96,3569.2198,3631.7128,3383.36,3534.5218,3599.6349,3434.28,3444.5774,3618.9743,3763.11,3710.8037,3680.8563,3703.71
2025-09-08,3604.1048,3516.922,3462.19,3348.4377,3407.0929,3652.1,3808.8787,3665.9054,3388.57,3371.8685,3499.1347,3551.57,3442.2938,3473.833,3604.3,3495.2867,3379.74,3449.03,3645.6616,3689.4838,3604.81,3656.5791,3652.2943,3559.94,3562.0279,3591.6813,3689.56,3930.594,3866.7072,3638.37,3818.3162,3854.803,3618.28,3631.231,4155.9051,4848.84,5034.9334,4845.7904,4664.26,4759.8955,4794.819,4747.4,4912.3197,4987.3176,4792.33,4591.2886,5256.0391,6402.77,6688.0978,6533.8762,6480.63,6638.3544,6755.7035,6687.73,6513.6229,6427.1385,6423.3,6346.1585,6328.8901,6397.38,6426.1708,6413.7928,6418.4,6468.7718,6384.3902,6266.7,6408.0208,6538.2683,6525.57,6458.1317,6191.359,5902.57,5977.7576,6115.6349,6086.59,5959.8506,5995.9936,6200.78,6331.239,6349.3628,6275.49,6167.3585,6204.2511,6304.22,6213.4168,6146.4441,6205.2,6283.1825,6368.8324,6396.27,6294.2665,6278.7051,6320.6,6204.4684,6219.1632,6332.58,6227.3086,6230.2507,6456.91,6666.3226,6708.0804,6611.42,6511.7631,6372.2737,6439.83,6862.3167,6176.6864,4762.92,4566.9185,4834.5117,4879.25,4795.9259,4731.054,4757.88,4836.8937,4798.3631,4662.4,4614.2269,4615.8581,4628.61,4675.8993,4791.7939,4839.57,4664.4575,4705.2148,4969.05,5005.2522,4863.4628,4831.8,5030.6073,4547.5177,3720.62,3820.6604,3863.4603,3505.78,3443.3803,3641.1894,3827.3,3778.5828,3625.8177,3497.11,3467.9199,3745.1038,4013.84
2025-09-09,3714.8929,3499.9465,3566.05,3500.6008,3491.0769,3537.77,3422.2241,3416.3419,3530.8,3507.0941,3546.5091,3652.34,3613.1065,3614.537,3661.34,3578.3116,3591.1018,3693.66,3648.0399,3615.8873,3567.67,3331.3274,3321.2017,3589.27,3755.599,3764.0519,3704.64,3695.1859,3723.7687,3683.76,3527.8247,3659.6232,3853.63,3560.6497,3841.2476,4664.88,4857.1534,4670.0697,4613.96,4879.8683,4876.3775,4627.6,4747.6878,4974.3223,4883.28,4468.0294,5043.1831,6315.28,6616.537,6507.3563,6556.34,6703.2311,6669.3597,6502.35,6501.9565,6490.5477,6454.2,6552.8502,6511.8203,6368.45,6440.3626,6483.9009,6403.79,6367.6601,6419.3747,6524.24,6580.283,6410.1227,6185.26,6247.8611,6178.4332,5924.15,5869.8465,5912.2368,5949.54,6010.1651,6120.6844,6219.57,6214.4007,6226.3742,6256.53,6182.0584,6082.2917,6077.55,6207.0346,6246.4217,6248.96,6456.7331,6511.4114,6300.19,6102.0416,6152.7973,6385.39,6488.3825,6337.6926,6176.34,6377.0795,6579.0892,6596.13,6571.3111,6519.5339,6425.23,6296.6421,6219.0067,6387.08,6764.9558,6119.7192,4896.76,4848.3974,5082.0038,4966.83,4792.6352,4744.0055,4791.86,4786.0717,4797.6286,4894.11,5014.1311,4849.541,4635.48,4912.4132,5054.5977,4815.14,4589.4719,4620.8135,4803.32,4835.1878,4836.7172,4847.19,4707.7014,4245.6727,3731.96,3656.6143,3630.1241,3555.11,3707.7476,3806.0941,3771.23,3764.6563,3539.7323,3269.61,3442.3909,3713.0753,3743.76
2025-09-10,3524.9649,3457.3768,3611.13,3717.4516,3862.3122,3945.6,3742.6717,3631.5782,3753.17,3855.7816,3699.3497,3457.94,3538.8189,3664.9928,3626.63,3488.2736,3434.1428,3515.78,3615.8813,3592.4503,3548.75,3690.3296,3657.0898,3488.71,3579.6571,3589.6644,3486.04,3581.323,3597.6788,3505.58,3565.4833,3599.3242,3474.25,3376.7815,4071.4976,5045.57,4962.7072,4820.0419,4998.59,4886.626,4748.1509,4769.44,4834.4214,4856.8648,4743.06,4593.4803,5294.5996,6470.84,6754.0714,6621.3412,6580.51,6642.4475,6626.0666,6533.83,6530.5845,6529.5381,6500.22,6513.1317,6552.748,6511.72,6334.269,6418.058,6620.6,6414.3328,6318.3885,6436.49,6356.0741,6321.4045,6404.52,6375.6486,6180.5359,5970.8,5945.2135,5874.9054,5799.74,5988.0372,6130.8177,6189.63,6396.9672,6414.5444,6244.52,6249.5225,6289.5777,6241.22,6168.2576,6277.3052,6440.21,6317.4535,6188.1823,6233.98,6355.6409,6363.7053,6225.84,6104.5121,6215.7962,6375.47,6225.198,6320.4124,6612.27,6478.9208,6333.9622,6370.06,6382.6596,6520.6569,6716.25,6581.8646,5733.6857,4727.6,4584.101,4491.3092,4320.16,4742.4351,5059.3936,4918.6,4675.0974,4689.0522,4894.57,4895.7956,4666.0881,4515.3,4787.4972,5021.8487,4930.44,4682.6328,4741.7224,5001.67,4921.4645,4769.0389,4887.86,5210.2528,4637.3968,3600.97,3656.6434,3763.9016,3467.18,3421.8767,3701.5961,3967.82,3813.4329,3556.6771,3430.44,3408.4258,3502.1439,3659.13
2025-09-11,3740.1711,3579.6284,3347.92,3401.0642,3483.3108,3480.9,3533.9078,3601.5037,3560.32,3380.2182,3506.8223,3748.21,3490.6061,3421.7864,3687.77,3721.3056,3600.5604,3498.56,3494.1862,3589.3191,3656.13,3543.3222,3444.4624,3493.88,3651.2115,3766.8461,3729.68,3557.6767,3516.0252,3653.14,3763.9835,3746.4206,3645.69,3654.3062,4056.7736,4642.11,4859.1327,4858.6088,4836.68,4839.9037,4858.4463,4841.71,4768.598,4830.3657,4855.64,4628.5375,5336.3181,6635.22,6881.995,6748.7437,6774.03,6772.2097,6606.6238,6465.89,6633.8257,6587.8151,6343.39,6434.0401,6510.7187,6406.42,6339.349,6416.4212,6512.67,6423.7664,6409.8611,6479.67,6388.8585,6349.5784,6457.75,6520.9609,6162.2584,5669.27,5757.0728,6029.8858,6077.16,5898.01,6014.9859,6343.63,6309.8012,6295.5661,6369.93,6207.5314,6128.8714,6225.61,6244.0315,6138.4013,6002.04,5982.9725,6112.2873,6278.51,6306.0066,6216.7487,6187.1,6382.4107,6521.1168,6485.53,6407.8185,6314.8348,6254.87,6295.4422,6376.2773,6371.31,6230.1005,6315.7161,6591.46,6514.5252,5586.3191,4567.53,4812.5553,5134.3647,4937.17,4741.6014,4580.5701,4524.93,4701.0114,4778.3165,4657.7,4588.7354,4804.335,5036.43,4808.2475,4745.7545,4972.69,4980.6482,4863.7828,4825.75,4936.5327,4945.8451,4875.28,4881.8341,4312.9823,3548.85,3691.6984,3825.9939,3638.11,3688.641,3585.6908,3380.94,3573.387,3700.0847,3614.42,3581.4644,3278.1644,2749.74
2025-09-12,2479.1911,2600.7798,2841.21,2778.2848,2642.5828,2599.45,2581.6767,2523.963,2468.6,2503.6578,2493.0486,2493.42,2684.3446,2755.2398,2676.2,2719.7277,2751.3145,2694.14,2628.7419,2606.3857,2598.67,2571.1734,2730.0962,2944.6,2850.5707,2729.5845,2731.41,2731.5583,2701.7213,2704.51,2790.84,2725.4433,2542.36,2528.781,2618.6098,2660.97,2591.7805,2648.401,2766.79,2691.2174,2873.5275,3209.58,3115.0685,3013.059,3130.83,3245.256,3167.5949,3020.23,3087.856,3127.0828,3049.42,3058.1567,3346.625,3731.28,3809.0358,3775.2421,3792.55,3836.1817,3876.5736,3871.0,3795.6259,3753.9291,3783.4,3833.0141,3887.0686,3882.95,3759.3597,3678.6181,3656.86,3574.6421,3570.0099,3596.06,3481.905,3544.3031,3710.13,3594.4826,3598.8424,3764.34,3724.1574,3713.1211,3736.6,3542.0403,3377.7587,3356.67,3365.1538,3436.9742,3510.92,3476.0004,3548.8162,3751.38,3863.0138,3810.7083,3710.73,3727.1698,3634.3741,3475.6,3545.3398,3678.4259,3757.98,3763.4837,3417.4557,2981.24,3035.8321,3050.2493,2869.36,2906.3811,3193.9054,3388.09,3134.4871,3093.3488,3295.08,3144.0807,3061.9493,3167.56,3136.1349,3124.6462,3173.13,3127.8677,3034.1298,2980.59,3032.3423,3193.8008,3398.7,3499.3339,3272.2247,3102.43,3582.6959,3687.89,3320.09,3349.6669,3206.1427,2859.86,2919.7502,2914.7706,2745.41,2792.4474,2771.7154,2686.23,2841.0594,2921.3287,2774.48,2562.3243,2415.3875,2468.61
2025-09-13,2742.98,2766.3937,2530.93,2486.3607,2563.1536,2565.48,2418.2851,2467.0876,2648.79,2565.3582,2516.2057,2584.82,2548.6615,2535.5923,2555.64,2483.2298,2479.9936,2564.9,2582.542,2547.8062,2536.72,2589.1319,2548.6238,2509.68,2720.372,2856.642,2769.11,2642.5301,2699.9911,2848.32,2796.6504,2742.3323,2774.45,2767.5496,2677.9302,2586.29,2620.5996,2694.2814,2709.84,2668.5524,2778.8581,3014.04,3130.0082,3155.5888,3112.38,2996.1364,3004.3995,3175.39,3328.7667,3264.3611,3050.05,3003.4061,3335.5946,3717.61,3604.0326,3592.5594,3807.88,3784.9966,3743.7334,3764.59,3703.0877,3773.9975,3908.81,3796.4402,3652.9631,3627.3,3678.0604,3805.717,3813.74,3507.8283,3503.3296,3754.24,3623.9227,3551.4511,3662.08,3615.2752,3566.8024,3584.65,3549.6391,3471.1066,3478.09,3664.6744,3665.9523,3490.52,3494.0615,3479.1233,3451.88,3620.0222,3631.4912,3521.46,3652.8702,3602.3153,3347.26,3354.9149,3632.0039,3920.15,3900.0014,3594.3778,3401.57,3690.1983,3609.6847,3204.86,3326.3999,3277.3942,2928.64,2924.9526,3137.0291,3256.85,3123.3447,3047.4917,3140.53,3207.57,3108.4882,2934.01,2914.4248,2986.556,3078.68,3155.929,3077.5841,3025.99,3317.1931,3427.841,3231.8,3144.6118,3293.7865,3476.34,3369.5742,3176.4302,3174.99,3416.2355,3314.0623,2923.91,2841.1068,2653.6607,2457.77,2791.9512,2926.5938,2667.79,2553.0169,2596.5142,2580.2,2396.7918,2709.7538,3451.6
2025-09-14,3800.2617,3630.4333,3376.53,3550.9922,3517.4266,3270.43,3426.9796,3440.608,3290.36,3515.038,3615.2701,3479.0,3509.5639,3555.0703,3476.12,3341.3692,3402.1593,3601.04,3627.5526,3568.7928,3585.56,3714.1839,3636.8728,3528.12,3839.9897,3858.1806,3601.27,3786.4808,3835.0923,3580.89,3510.8495,3717.8374,3833.35,3509.6761,3831.0145,4656.34,4739.1338,4721.2551,4868.65,4762.8132,4690.4322,4696.38,4545.2283,4566.2495,4675.23,4587.9909,5378.4444,6657.84,6808.1205,6502.3892,6439.03,6624.0032,6592.35,6433.03,6611.9235,6485.6734,6143.97,6372.5764,6688.861,6691.2,6453.4513,6300.9198,6314.13,6336.8261,6464.1735,6538.27,6295.6539,6294.3402,6543.6,6468.2743,6185.8035,5991.26,6052.0718,6055.3631,5907.27,5848.9203,6087.5211,6415.32,6388.5615,6225.6703,6205.29,6405.9235,6552.8222,6473.08,6246.6068,6190.1701,6254.27,6140.3703,6219.5565,6401.32,6233.3252,6307.7817,6512.37,6180.4832,6258.191,6724.7,6571.7186,6337.2626,6356.44,6400.5832,6407.5982,6433.0,6530.3076,6486.3589,6443.37,6618.3995,5915.6175,4703.23,4579.0405,4897.5051,5021.33,4926.7555,4696.7186,4613.95,4907.4858,4910.9282,4589.79,4585.776,4814.0684,4991.59,4920.6073,4768.6906,4683.68,4721.3295,4993.0829,5158.96,4736.2696,4503.1342,4770.56,5004.4633,4492.908,3687.59,3756.6942,3966.913,3786.12,3445.3502,3442.2052,3715.94,3778.0525,3876.6752,3951.08,3654.2334,3471.9897,3623.68
2025-09-15,3801.302,3545.4581,3205.7,3564.409,3807.9888,3597.01,3393.2439,3333.3273,3456.09,3712.2435,3747.8471,3599.62,3620.8245,3579.7923,3454.99,3478.9804,3465.7822,3372.29,3376.1026,3525.4321,3690.76,3676.1916,3588.2343,3552.08,3602.3292,3648.5887,3648.03,3638.1485,3659.0959,3615.29,3407.5566,3439.0194,3659.9,3708.574,4243.9031,5003.39,4971.0232,4817.7013,4956.31,5097.2546,4933.4832,4650.57,4736.3136,4934.1572,4892.97,4667.8779,5463.1244,6759.52,6731.9232,6331.5198,6350.75,6639.5866,6792.7953,6692.6,6573.3078,6692.182,6880.95,6731.7768,6571.4838,6524.53,6428.4138,6514.2335,6627.61,6349.0892,6132.3395,6216.41,6399.5169,6480.4645,6510.17,6619.6189,6309.3215,5780.6,5798.5025,5954.7741,5910.98,5780.5929,5969.3608,6385.11,6500.2048,6318.9788,6126.73,6188.4613,6144.8095,6019.9,6169.3979,6139.093,5915.04,5980.5484,6215.8049,6401.77,6419.9399,6319.4394,6195.58,6141.9868,6216.9061,6266.47,6094.1773,6120.2534,6338.88,6316.3562,6227.2116,6175.29,6094.8352,6150.831,6399.31,6595.3299,6018.159,5001.45,4669.0544,4640.5593,4620.49,4722.6138,4810.4251,4867.86,4960.3605,4757.0526,4520.5,4856.5751,5007.0306,4797.35,4798.1216,4841.1276,4798.7,4769.655,4812.8173,4884.79,4867.0296,4710.2345,4640.06,4832.7233,4310.1007,3396.47,3457.4807,3690.1865,3668.02,3756.7214,3759.9998,3624.37,3560.621,3652.521,3727.83,3541.5236,3429.676,3606.04
2025-09-16,3937.1458,4000.4017,3751.36,3531.7831,3436.6857,3454.54,3517.2378,3497.5299,3422.74,3457.0954,3628.0075,3727.77,3520.7314,3436.0535,3624.55,3799.684,3729.9253,3599.4,3766.8381,3732.5778,3487.16,3542.3682,3671.4309,3753.85,3887.5822,3864.8881,3746.52,3799.8707,3743.4045,3548.17,3510.4937,3645.7435,3724.04,3582.2553,3957.97,4700.49,4861.7696,4752.5347,4711.73,4749.8589,4762.9137,4720.02,4702.584,4833.7499,4939.54,4828.7625,5406.1206,6462.55,6779.0099,6649.2879,6494.49,6432.8642,6438.1781,6502.19,6620.0241,6603.7913,6407.33,6200.5473,6249.554,6480.82,6557.067,6530.2617,6502.13,6501.3745,6474.7018,6439.65,6473.1896,6527.364,6531.11,6437.2197,6258.0133,6034.17,5857.0228,5948.518,6160.56,6118.0293,6129.9123,6271.57,6267.4025,6084.3297,5983.25,6249.9547,6377.6378,6187.65,6004.646,6039.8719,6212.36,6261.2286,6234.7935,6185.32,6148.1901,6373.9324,6665.78,6522.3391,6227.3075,6173.39,6477.1231,6552.0795,6332.94,6320.4369,6492.3208,6599.87,6444.2201,6365.2663,6543.08,6702.631,5992.5794,4835.08,4585.0492,4700.096,4806.54,5029.1871,4889.8514,4602.8,4878.9151,5049.4296,4902.19,4891.8419,4903.2757,4818.68,4696.702,4700.0445,4852.22,4995.945,4921.7777,4789.94,4921.2572,4795.1606,4582.3,4908.0858,4661.9285,3835.63,3598.3753,3658.3589,3679.49,3675.7073,3704.1898,3714.13,3626.4469,3690.0841,3800.23,3632.9661,3700.6194,3923.31
2025-09-17,3707.9525,3598.7506,3655.71,3419.833,3431.4069,3710.73,3694.7894,3589.2708,3539.77,3456.4648,3354.4113,3352.29,3534.2712,3568.3628,3473.4,3576.5869,3629.2082,3537.38,3493.2604,3607.5405,3731.48,3619.9138,3567.5712,3612.95,3516.2158,3486.4493,3554.97,3543.515,3599.7331,3659.6,3531.8577,3665.9539,3857.95,3568.5138,4092.1151,5099.85,4885.936,4546.5196,4678.19,4769.9948,4772.8863,4766.96,4801.5362,4803.7495,4711.69,4677.9476,5484.2011,6638.15,6766.0622,6651.3226,6714.63,6593.4441,6454.5023,6413.17,6414.8993,6494.7785,6580.13,6538.9676,6522.4301,6552.34,6510.8891,6519.0048,6556.02,6468.3377,6379.2566,6361.66,6350.4002,6228.2538,6151.71,6354.7241,6274.5848,5943.4,5963.623,6042.8846,5935.76,5750.4527,5868.294,6195.64,6275.8973,6345.2941,6452.34,6365.6605,6201.3831,6157.49,6317.2519,6357.8866,6232.41,6187.2164,6141.0948,6102.67,6183.547,6214.1402,6189.62,6289.1065,6472.6772,6486.09,6153.2053,6195.164,6582.11,6565.8744,6418.3484,6339.23,6254.6752,6339.5328,6631.58,6777.109,5755.1812,4356.76,4495.3883,4744.222,4530.65,4688.1595,4851.9973,4829.65,4851.9628,4880.47,4796.41,4564.3728,4499.9014,4716.01,4987.6742,4924.154,4666.1,4706.5218,4695.0434,4648.71,4935.7345,5024.9232,4927.99,5077.1866,4557.0719,3628.5,3551.7447,3547.8594,3449.0,3881.3607,4129.0683,3863.08,3505.1893,3514.3004,3739.99,3654.8531,3641.6933,3771.92
2025-09-18,3671.7874,3377.6096,3217.56,3485.2684,3630.192,3512.0,3496.423,3488.6398,3460.18,3508.0011,3488.2684,3441.66,3545.4503,3552.6472,3482.1,3598.967,3665.6547,3553.52,3408.115,3498.4226,3704.68,3656.5203,3632.3332,3696.24,3629.6913,3596.0278,3594.74,3478.7624,3547.3109,3724.07,3658.7012,3823.9748,3975.96,3484.6715,3797.2473,4840.25,5018.7551,4828.9686,4786.22,4847.9626,4850.903,4744.07,4642.9528,4760.0063,4830.68,4535.4792,5239.3471,6578.03,6724.2704,6574.6561,6653.57,6565.6599,6529.6768,6602.56,6590.4772,6596.0352,6591.23,6451.5228,6478.3173,6599.87,6456.6352,6442.4035,6618.15,6624.1551,6520.9308,6416.76,6349.8625,6330.9224,6374.16,6438.9801,6248.0552,5952.48,5983.5733,5964.0568,5795.02,5794.5204,5998.923,6230.99,6265.6273,6233.5094,6260.9,6350.8787,6396.8722,6348.13,6240.2888,6125.2248,6045.72,6027.1074,6070.7805,6100.77,6045.9994,6124.1576,6242.43,6109.9071,6153.7287,6450.31,6601.0477,6456.876,6205.66,6214.0447,6477.5614,6633.47,6326.3961,6246.1196,6562.35,6621.5145,5680.85,4507.24,4695.3857,5104.3247,4947.44,4561.9221,4531.731,4843.54,4955.3417,4810.6447,4724.79,4999.0988,4949.0098,4631.71,4788.8391,4961.3448,4949.41,5014.7804,4996.1086,4889.48,4869.9872,4773.0875,4852.06,5363.9365,4675.2247,3341.34,3620.3314,3987.7251,3657.69,3409.5651,3423.6091,3587.9,3684.8752,3584.719,3544.61,3845.5073,3473.5709,2563.14
2025-09-19,2350.1762,2577.6705,2691.15,2442.2488,2409.4416,2703.51,2846.0803,2709.1899,2566.23,2792.1055,2958.6876,2804.93,2495.2397,2393.8144,2519.5,2597.3523,2730.5358,2856.91,2756.5963,2626.8287,2579.55,2562.1251,2625.4468,2665.41,2531.9366,2600.1625,2858.13,2907.669,2877.2953,2803.18,2600.7477,2600.2023,2756.16,2692.7604,2628.0011,2672.78,2716.5072,2799.2303,2845.84,2752.3363,2896.3835,3197.6,3170.5997,3024.1341,2998.1,3138.1754,3308.2292,3328.45,3129.4136,3063.0838,3140.66,3106.4004,3388.6111,3849.2,3855.4135,3748.1267,3733.57,3692.2667,3738.6039,3864.36,3892.5704,3724.7123,3560.14,3696.7247,3745.6922,3694.36,3877.8371,3848.3828,3619.39,3655.0822,3598.7667,3503.55,3782.436,3833.4284,3582.52,3560.1606,3571.554,3487.61,3431.8655,3507.3936,3621.88,3579.7743,3514.8145,3471.83,3371.5156,3324.774,3346.04,3372.6063,3598.5009,3865.06,3775.8467,3641.7957,3603.73,3531.3492,3604.0941,3810.26,3913.4669,3869.5045,3710.12,3509.405,3400.6178,3292.02,2983.343,2786.7948,2884.62,3135.55,3169.9699,3083.87,3271.129,3268.0591,3077.65,3176.7003,3212.9275,3138.07,3244.5259,3140.929,2917.89,3080.4106,3181.9748,3108.7,3175.3218,3118.792,2951.8,2995.8086,3107.6534,3169.08,3228.3312,3403.2864,3524.2,3274.5349,2952.1756,2735.73,2588.8043,2704.2247,2979.46,3042.6883,2873.6111,2677.8,2670.5431,2586.2318,2414.27,2421.7741,2488.7618,2596.53
2025-09-20,2811.8104,2757.6988,2476.43,2430.4489,2626.9056,2792.75,2650.8941,2535.0329,2588.06,2643.4332,2676.3171,2664.87,2587.4921,2563.2838,2629.26,2682.3321,2547.3136,2434.53,2726.0389,2906.1181,2782.23,2664.5651,2661.9162,2733.18,2760.3313,2692.8943,2528.3,2363.9012,2548.8789,2860.53,2709.4901,2554.1852,2584.9,2547.3566,2549.367,2615.3,2632.0934,2651.2614,2649.88,2596.8766,2869.9553,3293.67,3274.921,3161.3956,3198.67,3277.7207,3257.5707,3183.05,3211.7282,3199.3554,3089.3,3041.7795,3394.9846,3875.12,3853.8497,3867.98,3948.5,3626.0757,3603.9109,3900.73,3825.4628,3770.4203,3880.74,3853.7195,3714.0498,3649.48,3778.389,3670.486,3449.23,3659.5162,3794.1618,3738.75,3850.8606,3750.0613,3490.88,3547.6659,3587.2391,3527.13,3613.4964,3587.4508,3476.63,3579.3321,3620.4249,3524.14,3518.7473,3650.9942,3726.77,3527.2237,3474.9712,3558.73,3379.1112,3347.4008,3574.94,3739.3611,3816.7358,3786.09,3622.9814,3588.0439,3785.23,3996.0539,3667.5776,3078.11,3076.3224,3166.456,3041.3,2933.3153,3078.8084,3342.5,3335.254,3120.6871,2913.62,2908.9604,3082.9587,3287.21,3321.9676,3077.5141,2852.48,3097.8535,3351.0384,3310.01,3135.3291,3236.583,3432.53,3219.1322,3339.043,3552.75,2898.1037,2653.0218,3003.21,2873.5922,2778.2241,2876.89,2747.2584,2698.3006,2781.92,2700.4581,2549.566,2485.94,2548.1539,2486.5655,2331.07,2434.2666,3007.2589,3589.43
2025-09-21,3447.8751,3261.3448,3405.47,3604.2079,3635.0625,3485.08,3331.2098,3345.8758,3501.33,3601.6224,3571.0288,3483.7,3492.3886,3589.5574,3633.53,3490.741,3421.6297,3569.15,3803.0909,3788.0115,3581.06,3560.3734,3625.9957,3644.53,3607.9089,3639.1569,3745.51,3796.0297,3704.2665,3554.38,3540.4909,3660.1622,3747.7,3702.6319,4095.6561,4773.71,4950.4892,4867.286,4791.12,4750.7465,4780.2959,4792.84,4672.8974,4672.799,4724.7,4621.8132,5199.3823,6278.9,6719.8988,6646.6966,6455.04,6389.1032,6332.8129,6325.54,6524.5995,6599.1746,6538.1,6635.3656,6641.8643,6481.34,6352.8111,6301.1271,6301.15,6324.5993,6434.5935,6534.72,6452.3196,6427.4752,6509.14,6487.1777,6304.749,6045.86,5877.8004,5895.4648,5981.87,5964.6635,6193.4492,6528.89,6435.1657,6261.8263,6247.9,6289.2146,6270.109,6224.44,6272.6067,6293.9132,6274.36,6327.221,6398.9096,6357.33,6131.8348,6022.764,6092.11,6141.3549,6250.2363,6443.88,6582.5572,6401.8522,6141.24,6323.8299,6496.5683,6501.0,6599.9802,6580.145,6479.71,6449.414,5653.4545,4594.07,4705.9104,4860.8163,4701.28,4960.1513,5051.1564,4831.99,4794.4255,4817.2116,4809.79,4838.4816,4830.8832,4774.63,4734.9637,4704.6429,4758.15,4962.0716,4969.8311,4832.21,4908.3748,4815.8814,4706.72,5029.8917,4600.5429,3626.11,3558.0335,3630.6197,3453.83,3472.4008,3664.9061,3746.3,3480.1598,3347.5238,3473.47,3517.517,3433.9696,3477.72
2025-09-22,3850.0398,3713.2024,3319.83,3725.8595,3851.8342,3467.67,3442.9839,3476.8249,3482.73,3722.5181,3784.5704,3615.66,3566.3512,3486.7391,3422.22,3606.3848,3733.8192,3663.29,3557.9862,3580.9639,3715.57,3779.6846,3648.2264,3519.4,3702.7222,3748.0135,3544.32,3439.4213,3482.9454,3576.17,3614.3145,3726.7641,3796.36,3635.7735,3955.5988,4676.79,4942.0389,4849.0283,4702.48,4705.5765,4823.6119,4888.05,4782.6367,4869.8803,4957.49,4658.8093,5408.2094,6764.99,6763.8996,6623.874,6824.73,6600.3082,6417.1691,6457.6,6421.553,6499.9185,6600.28,6417.226,6415.5474,6602.49,6512.9457,6396.9418,6372.53,6315.1466,6386.4812,6479.78,6312.8648,6257.151,6425.61,6508.77,6231.4501,5822.98,5819.6044,6023.4131,6121.02,5979.2092,5883.6779,6043.77,6392.1468,6495.9235,6289.79,6120.8417,6147.9865,6253.15,6194.6953,6129.7753,6167.2,6244.1928,6223.7424,6180.89,6316.1285,6424.2012,6384.12,6271.1474,6189.3275,6171.98,6219.997,6488.7991,6737.2,6521.8295,6315.1396,6374.42,6500.6021,6480.5642,6460.63,6620.8633,5918.4471,4690.32,4455.5361,4718.8918,4802.52,4551.6896,4516.9118,4751.59,4768.0605,4598.3898,4531.32,4812.2749,5051.8977,5065.44,4994.0333,4831.2262,4697.06,4755.5952,4702.88,4696.11,5136.8313,5141.2803,4800.45,5006.335,4708.6239,3802.12,3350.9898,3317.9329,3399.41,3431.5717,3683.8841,3955.61,3760.664,3743.5821,3904.8,3608.4453,3378.8075,3425.14
2025-09-23,3421.106,3361.9091,3388.6,3591.0535,3639.0639,3538.62,3584.1201,3479.83,3316.08,3504.3201,3611.1697,3543.64,3627.3783,3646.7973,3569.92,3591.0744,3523.6786,3402.03,3470.8796,3546.3118,3521.1,3493.0415,3616.52,3738.77,3573.138,3548.8256,3696.43,3629.4046,3602.4949,3708.74,3751.3647,3689.4488,3557.68,3509.0644,4001.4806,4743.74,4911.4158,4831.9735,4792.2,4757.3085,4755.1526,4789.05,4816.282,4786.2179,4660.51,4606.8822,5489.8417,6701.06,6664.9869,6469.7028,6635.97,6600.0815,6462.4233,6427.57,6551.7343,6611.8297,6584.42,6627.8893,6567.1756,6455.96,6527.0912,6488.4499,6336.11,6376.9432,6473.6947,6470.56,6357.1346,6310.6975,6431.52,6604.0357,6371.5522,5893.69,5815.5593,5929.8452,5958.43,5882.5546,6091.5912,6408.53,6253.4833,6080.4251,6115.63,6161.9414,6291.8498,6409.53,6298.6605,6212.8259,6236.6,6217.1274,6206.2876,6262.68,6377.3851,6461.0017,6382.45,6120.1976,6153.6297,6505.17,6704.9712,6651.3841,6512.95,6516.7553,6452.5286,6349.71,6441.2731,6397.9351,6368.49,6667.634,5886.4358,4515.87,4585.9791,4985.787,5006.5,5016.9579,4862.5058,4664.56,4794.5933,4953.598,4906.9,4721.0181,4705.315,4871.47,4963.0687,5061.4062,5038.25,4709.3717,4809.9708,5215.3,5055.1463,4827.5711,4880.29,4979.2148,4609.119,3835.46,3320.6494,3496.0714,3883.24,3580.1991,3332.1137,3416.1,3387.9352,3459.0094,3661.95,3702.4038,3409.7885,3147.61
2025-09-24,3465.0342,3687.7365,3534.34,3383.0924,3422.758,3542.36,3504.663,3532.7848,3668.81,3688.6729,3511.4984,3381.13,3626.5256,3793.9851,3673.08,3500.9032,3523.4928,3692.2,3740.5039,3700.5618,3725.81,3881.9371,3740.7375,3448.39,3585.8674,3704.3636,3644.65,3701.2216,3769.1907,3740.28,3663.2644,3781.9597,3865.39,3536.4417,3855.999,4722.49,4914.5238,4823.8454,4844.25,4935.812,4997.9257,4967.59,4866.551,4849.4391,4799.08,4605.7943,5328.2829,6510.11,6549.455,6449.342,6611.63,6434.9988,6369.7742,6580.66,6713.8223,6603.3726,6410.47,6433.6783,6441.7908,6435.04,6630.9467,6667.5333,6464.22,6330.8126,6406.3686,6530.61,6449.9255,6521.1052,6711.64,6581.1694,6239.4285,6004.03,6091.9442,6085.3407,5981.3,6162.6481,6277.6876,6234.52,6282.7183,6250.0653,6110.76,6046.682,6044.8279,6077.52,6134.0609,6129.4807,6079.95,6081.8342,6078.3003,6120.24,6317.9202,6437.944,6346.16,6170.229,6308.0965,6544.38,6306.7575,6268.9056,6476.33,6313.0458,6276.2404,6483.21,6504.7612,6403.0656,6437.67,6618.723,5777.8215,4448.42,4461.5647,4887.5332,4944.45,4751.6791,4588.9829,4661.86,4916.4561,4726.2299,4348.01,4659.1198,4950.7033,4865.83,4755.0714,4754.2859,4806.08,4765.4549,4664.8259,4649.28,4833.172,4952.8431,4931.88,4844.4779,4275.863,3562.55,3531.3304,3505.1083,3366.32,3646.7698,3731.9198,3546.05,3615.6064,3560.3488,3396.8,3572.6966,3742.8035,3644.49
2025-09-25,3391.3943,3427.071,3729.28,3830.8903,3674.0004,3498.91,3590.9665,3668.7453,3594.86,3495.7573,3406.875,3449.88,3712.6529,3725.0552,3460.92,3378.1491,3526.5338,3721.23,3739.9872,3708.0836,3666.75,3545.2741,3505.4543,3564.77,3580.7088,3586.4863,3623.61,3680.9708,3694.5448,3724.16,3841.6891,3647.1046,3225.53,3196.5335,3866.3002,4713.22,4837.8041,4776.2034,4884.14,4977.7923,4914.8956,4790.96,4842.9403,4983.5963,4939.82,4665.2752,5346.6012,6576.57,6677.8075,6465.2702,6487.23,6458.2121,6400.3893,6420.79,6550.385,6538.5993,6392.74,6375.5865,6457.9497,6514.14,6463.2219,6472.5578,6536.9,6480.2965,6380.8386,6320.09,6311.8141,6348.4888,6405.11,6410.4738,6177.3666,5885.42,5943.6995,6102.1531,6077.49,5853.9726,5913.0202,6187.73,6164.6502,6206.4176,6397.32,6407.7842,6272.719,6145.1,6153.0699,6237.6465,6242.81,6077.2079,6087.8755,6268.69,6256.6369,6115.2444,6040.05,6165.5966,6306.878,6325.24,6250.6727,6273.2282,6424.47,6521.9697,6337.7453,6134.1,6372.536,6359.685,6162.79,6417.6312,5894.0728,4685.89,4272.2052,4471.3943,4798.56,4985.9902,5099.3287,5092.23,4831.8916,4603.1091,4521.95,4485.6664,4605.5672,4783.07,4777.1384,4825.6925,4903.71,4773.096,4859.5963,5160.69,5206.8709,5054.8911,4907.33,4828.8399,4335.9664,3589.51,3313.5119,3365.0197,3501.08,3641.5192,3846.0797,3983.6,3832.7673,3697.6033,3741.04,3784.0837,3406.5664,2744.5
2025-09-26,2417.315,2512.0196,2696.34,2548.213,2387.4741,2342.89,2258.3025,2338.8799,2487.81,2403.5838,2522.4572,2801.04,2726.4479,2569.8837,2539.37,2587.6272,2705.3445,2736.16,2525.5327,2533.7497,2686.22,2474.1288,2388.8321,2626.77,2843.197,2758.7757,2570.98,2725.0197,2856.9836,2793.42,2726.8269,2720.1602,2744.85,2725.5317,2625.1849,2563.64,2701.5945,2786.6673,2691.49,2579.1993,2827.0153,3217.96,3165.1481,3154.6097,3305.55,3244.9524,3188.0932,3245.18,3271.5618,3151.0476,3029.98,3207.4152,3580.218,3879.04,3874.4177,3744.0694,3679.04,3733.1135,3771.8092,3708.74,3592.5642,3622.34,3736.49,3688.6465,3669.2971,3690.56,3591.8263,3664.3098,3845.28,3757.0014,3630.5521,3591.54,3534.6232,3483.3291,3526.08,3709.8465,3804.8847,3699.67,3500.8411,3425.9226,3470.89,3449.937,3434.8849,3471.9,3509.7743,3483.148,3420.4,3433.9715,3580.8897,3752.31,3737.2617,3527.3937,3332.38,3392.7199,3427.2378,3429.05,3649.4801,3763.6077,3685.91,3625.9237,3431.517,3078.77,2775.9506,2753.2263,2896.04,2846.6598,2670.6491,2656.84,2994.4955,3057.215,2857.54,3003.9542,3132.4057,3084.24,3098.6142,3172.6611,3191.52,3094.9381,3202.4764,3373.06,3139.7502,2936.768,2979.66,3058.303,3067.4576,3098.26,3270.0886,3185.9493,3034.36,3371.1771,3398.2838,2934.8,2636.9818,2646.3245,2762.7,2703.9935,2657.6956,2661.85,2565.4401,2529.9701,2626.81,2739.3713,2694.3666,2539.44
2025-09-27,2487.2597,2484.0145,2550.57,2741.5818,2697.9922,2560.08,2799.6823,2830.53,2546.96,2459.2323,2534.7786,2610.07,2596.4898,2641.4615,2687.93,2537.9475,2472.3532,2643.8,2890.1686,2817.101,2515.05,2486.7261,2714.7341,2848.27,2587.5855,2588.2165,2865.71,2784.3078,2615.8543,2616.34,2740.6821,2763.3693,2737.86,2884.2018,2829.8365,2647.68,2785.1291,2825.1273,2725.12,2899.6484,3203.2112,3350.26,3195.3362,3107.1313,3125.43,2989.5054,3044.4924,3301.06,3378.1027,3289.7142,3119.26,2991.4462,3305.4257,3832.96,3885.6311,3714.2442,3684.54,3897.1946,3925.7079,3736.18,3725.7274,3914.6125,4019.59,3760.9842,3659.409,3796.77,3779.0282,3849.8543,3905.68,3578.8289,3467.4009,3674.23,3710.4604,3684.0781,3727.96,3798.0521,3686.7549,3471.69,3455.5173,3542.606,3537.8,3368.9762,3417.3713,3624.46,3560.4247,3507.4671,3589.21,3649.5051,3771.8771,3833.1,3615.8862,3576.3012,3610.59,3233.0188,3301.3047,3807.72,3857.4246,3822.7761,3912.07,3861.5742,3511.2839,3079.2,2949.0934,2806.8323,2742.26,3129.7153,3199.388,2956.12,3158.6756,3337.5862,3260.36,3200.3026,3226.592,3254.06,3177.9288,3191.8012,3291.78,3272.3215,3210.3062,3173.3,3166.1317,3262.4974,3284.0,2976.7687,2843.8724,3078.96,3359.9311,3332.2462,3186.05,3358.7179,3134.7924,2582.36,2516.7951,2465.7334,2400.48,2757.2389,2770.9892,2481.86,2699.539,2883.903,2781.1,2758.7408,3103.8499,3562.79
2025-09-28,3592.91,3531.0498,3517.34,3384.9942,3409.5963,3552.88,3473.2878,3329.9927,3356.6,3607.5188,3667.7164,3585.07,3772.5178,3808.9509,3612.47,3534.3618,3453.0048,3366.19,3445.9984,3588.9189,3669.11,3650.1065,3649.1338,3665.9,3611.2183,3649.1077,3717.19,3598.8032,3605.6568,3727.05,3644.6363,3620.8186,3624.84,3458.7891,3966.453,4819.23,4784.8916,4719.4129,4923.91,4835.0566,4783.2875,4895.3,4921.7884,4861.9931,4686.98,4496.67,5217.5589,6405.07,6584.5059,6444.2315,6514.03,6608.1026,6556.3338,6455.84,6533.9457,6534.9891,6487.52,6665.8725,6714.1402,6516.59,6353.1048,6459.6459,6658.06,6563.3045,6536.1247,6638.75,6552.9655,6391.2345,6267.1,6178.6232,6109.5605,6035.72,5936.7972,5832.1226,5789.13,5881.3483,6053.2115,6195.04,6208.8767,6131.8423,6092.0,6192.1818,6218.4741,6148.58,6170.3511,6229.2538,6269.48,6302.6329,6356.2943,6360.15,6231.593,6224.9391,6253.74,6020.9897,6058.9162,6361.87,6371.3327,6305.3807,6325.04,6345.6358,6338.7064,6321.36,6331.5131,6381.6387,6613.71,6954.9249,6030.6186,4458.31,4344.412,4533.4075,4372.8,4401.028,4547.3426,4642.74,4655.9129,4814.5968,5035.21,4986.6247,4842.3655,4759.58,4723.9318,4632.4453,4603.64,4827.2709,4839.7521,4691.53,4845.9623,4741.4101,4541.39,4901.1411,4568.7213,3657.31,3611.0893,3812.1798,3676.99,3305.2039,3224.4161,3504.75,3721.5115,3712.9547,3604.93,3652.3655,3764.3005,3776.89
2025-09-29,3623.5154,3551.5328,3634.15,3698.7693,3608.6926,3449.5,3441.5221,3504.3942,3535.26,3494.6412,3382.4957,3342.41,3534.0176,3657.0042,3598.6,3531.1549,3550.5271,3708.78,3935.1308,3783.3961,3411.25,3440.8877,3578.7542,3660.01,3795.0875,3751.4302,3597.97,3655.4025,3698.087,3623.57,3580.4403,3655.5986,3699.79,3584.4395,4081.5741,4974.85,5177.7635,4976.3714,4775.35,4712.8914,4806.2791,4897.29,4798.3,4777.3602,4801.89,4717.776,5476.331,6645.72,6726.0286,6558.9896,6626.63,6574.9147,6547.2566,6550.81,6415.8481,6341.8494,6439.34,6592.8027,6535.0692,6317.62,6263.6059,6363.3021,6487.89,6517.2665,6493.7022,6491.29,6529.8984,6459.5276,6327.54,6297.7399,6065.7116,5774.49,5901.1725,6010.1231,5876.71,5758.492,6031.6516,6449.64,6397.5604,6349.2686,6424.84,6276.0276,6195.1171,6220.29,6112.5495,6188.1707,6433.85,6464.7049,6305.3596,6172.68,6277.0941,6464.8971,6497.03,6280.8625,6258.5148,6447.67,6442.2433,6366.3656,6325.36,6287.9372,6305.022,6419.98,6574.7543,6451.5547,6272.68,6442.6315,5760.4343,4539.27,4419.1176,4692.2413,4811.21,4936.5507,4991.1484,4919.92,4792.4339,4804.0977,4879.98,4759.5917,4635.5756,4637.86,4717.8761,4831.0705,4953.85,5033.7223,4851.0866,4609.25,4728.9807,4682.1264,4625.62,5096.8166,4549.1738,3273.43,3218.6404,3534.8556,3590.86,3649.803,3766.3689,3753.53,3441.4731,3411.349,3643.23,3585.663,3692.2356,3948.16
2025-09-30,3819.9704,3601.7198,3550.55,3629.3058,3641.8309,3605.45,3680.186,3611.3009,3408.5,3361.5077,3399.0674,3412.09,3396.6528,3528.0227,3672.5,3531.1321,3531.2865,3711.61,3681.0312,3617.4636,3645.58,3687.3869,3667.2106,3644.09,3728.2793,3722.1243,3688.25,3880.4589,3977.017,3840.25,3665.2875,3637.8025,3618.77,3415.1746,3836.1619,4656.45,4755.7349,4571.764,4587.91,4830.2328,4945.931,4905.53,4958.0592,4830.8995,4588.85,4732.6217,5581.6399,6599.26,6802.8179,6632.2227,6537.39,6559.5425,6535.9859,6550.36,6803.5458,6818.2124,6547.02,6422.3308,6390.7703,6419.49,6547.8466,6525.0868,6376.76,6375.5249,6388.7743,6364.18,6390.308,6386.2972,6426.78,6608.9283,6362.3764,5899.85,6015.3001,6055.0667,5816.18,5813.5947,6128.2884,6417.69,6258.4605,6108.6267,6204.0,6339.967,6342.002,6232.49,6193.6783,6299.9714,6384.38,6212.3041,6112.9756,6209.76,6294.3973,6237.3147,6127.09,6163.509,6219.6814,6245.43,6301.6333,6261.7661,6188.61,6283.1434,6357.1781,6344.01,6342.8465,6247.0483,6261.62,6579.1948,5964.0389,4713.71,4487.554,4825.8361,4976.9,4684.0509,4601.0864,4817.43,4803.761,4705.0941,4677.44,4690.454,4646.9505,4743.01,5188.4669,5077.6688,4635.34,4962.2646,5072.8062,4806.41,4977.0115,4893.8685,4526.15,4545.7565,4275.2494,3687.76,3499.4974,3420.7791,3345.76,3484.7954,3545.6039,3508.87,3633.6573,3693.3391,3674.65,3771.7187,3671.9577,3400.52
2025-10-01,3336.4792,3405.6429,3498.22,3558.3168,3430.4624,3303.76,3510.7796,3509.6941,3292.44,3395.9557,3526.9529,3528.89,3557.8463,3608.3399,3594.62,3478.3672,3535.6135,3680.32,3568.1615,3563.1017,3692.73,3619.7375,3603.7592,3680.89,3634.9528,3732.5367,3863.88,3633.152,3484.1323,3600.07,3719.4785,3708.5376,3535.24,3386.2268,4003.8527,4898.83,4791.0765,4661.9537,4826.08,4644.8701,4622.3088,4805.38,4695.1537,4614.5168,4646.91,4659.565,5407.2628,6496.15,6643.5256,6484.7447,6500.01,6542.6482,6557.0743,6505.53,6408.6164,6545.7545,6738.79,6528.1924,6393.2803,6478.32,6447.741,6346.4528,6270.88,6274.5455,6428.5835,6570.19,6435.3004,6298.899,6312.46,6350.8744,6238.4464,6066.18,6081.7442,6066.5096,5977.03,6008.0329,6130.1718,6309.87,6492.2844,6344.0461,6067.87,6217.9666,6351.6598,6280.27,6240.3194,6141.0341,6064.08,6194.7078,6120.0353,5888.88,5993.9048,6249.1837,6346.62,6164.1811,6088.6151,6210.63,6266.1354,6258.1328,6163.83,5951.5829,5926.4134,6097.14,6165.1912,6132.6469,6182.39,6322.8443,5531.6649,4185.3,3832.0735,4087.682,4300.03,4210.3011,4178.4111,4259.99,4180.811,4160.6828,4271.66,4351.5456,4404.1435,4429.84,4399.4447,4354.6296,4295.15,4201.8582,4211.5382,4293.71,4277.8945,4259.4021,4360.19,4492.127,3949.6189,3115.15,3151.3128,3400.4948,3357.17,3188.4058,3246.743,3429.33,3326.1593,3262.2131,3384.41,3499.9812,3530.4894,3522.98
2025-10-02,3548.8619,3421.5715,3253.65,3366.1052,3469.1182,3429.6,3415.432,3535.6031,3676.24,3615.6665,3515.1711,3529.36,3669.0632,3790.6487,3757.41,3566.7215,3554.3685,3677.34,3586.7008,3545.4521,3610.33,3575.8975,3629.1984,3691.44,3501.6647,3514.5092,3740.0,3713.2514,3575.0788,3514.04,3566.4249,3604.7811,3530.51,3470.9661,4123.5132,4973.47,4756.1332,4565.1675,4808.28,4832.31,4882.5873,4994.14,4897.5287,4877.7468,4814.69,4476.2421,5274.4649,6710.33,6759.4466,6547.1124,6612.1,6361.5651,6249.9015,6453.15,6650.8012,6756.7486,6713.99,6479.1916,6208.755,6169.77,6502.1286,6624.525,6435.55,6380.4234,6447.8893,6515.43,6509.211,6505.8798,6533.74,6505.104,6228.8926,5879.5,5860.9865,5943.5893,5940.18,5904.7522,6022.0771,6229.96,6285.5972,6322.5398,6325.28,6160.492,6185.131,6352.95,6254.9994,6133.5196,6128.3,6146.7831,6242.08,6298.12,6118.3939,6003.7117,6034.96,6015.7464,6020.0527,6041.0,5993.5249,6074.7607,6232.92,6179.6843,5971.6407,5902.04,6198.0523,6271.0965,6150.73,6275.2909,5507.984,4231.7,4106.6445,4257.4717,4183.77,4272.5891,4348.525,4254.82,4073.8557,4141.4394,4381.16,4390.0075,4342.1793,4306.68,4191.736,4260.8138,4403.83,4242.8586,4168.6336,4300.34,4361.709,4368.9623,4393.92,4381.8747,3900.5735,3285.0,3355.7268,3462.9187,3324.23,3295.7182,3314.7428,3340.45,3406.7664,3325.2254,3238.39,3409.1561,3079.6586,2377.67
2025-10-03,2249.1115,2350.6615,2425.69,2566.0402,2581.7738,2450.61,2380.7447,2518.0142,2686.84,2569.7829,2478.845,2528.52,2521.493,2450.6327,2465.28,2684.4952,2709.2548,2533.11,2549.4723,2659.8126,2673.59,2542.1987,2614.7108,2812.09,2727.0627,2723.7886,2816.46,2649.4654,2562.9301,2632.85,2590.2526,2556.4658,2614.38,2705.805,2772.595,2776.25,2715.4282,2662.1368,2639.63,2665.6161,2978.0446,3298.68,3086.4821,3000.1438,3163.43,3070.1692,3040.0564,3176.79,3215.9846,3151.2338,3124.71,3276.5532,3431.1624,3554.98,3759.3816,3859.2356,3846.73,3886.845,3830.7431,3688.3,3646.4985,3646.6528,3696.48,3851.6556,3852.6645,3696.56,3657.6604,3766.0582,3848.67,3711.8716,3620.3484,3654.61,3652.0036,3673.8492,3738.96,3749.3079,3562.4927,3385.47,3568.1156,3622.4237,3478.48,3528.7673,3508.6204,3421.35,3551.4227,3571.2581,3453.6,3519.3207,3653.9845,3739.13,3745.5186,3572.4896,3351.21,3350.2455,3390.9412,3333.49,3238.3839,3337.5311,3536.83,3464.2003,3111.5731,2729.97,2625.0508,2667.7279,2684.59,2615.19,2579.7702,2595.09,2570.6876,2575.0052,2628.51,2678.8815,2737.054,2764.82,2714.294,2750.1311,2806.54,2665.7958,2620.9532,2670.17,2546.033,2600.8316,2871.5,2992.0539,2890.68,2711.01,2654.8186,2619.2169,2639.66,2795.5079,2519.9541,2043.72,2190.5304,2343.2901,2263.45,2328.0166,2388.196,2365.83,2378.385,2479.7019,2595.19,2586.97,2504.6642,2441.46
2025-10-04,2458.7692,2509.6248,2534.53,2516.2741,2541.8529,2567.72,2469.6202,2418.6879,2490.68,2578.9478,2539.3561,2410.41,2385.2548,2509.5183,2663.65,2665.0861,2584.2466,2560.78,2659.5697,2642.4271,2522.21,2553.8066,2654.4489,2691.71,2643.4719,2756.2106,2905.1,2739.3944,2728.3357,2903.7,2831.3829,2783.54,2776.34,2575.8941,2674.2621,3010.92,2990.5816,2825.9442,2744.75,2777.1905,2940.2936,3176.12,3367.0997,3454.1552,3433.16,3339.4732,3211.1327,3150.21,3237.2092,3222.2414,3023.89,2873.3535,3212.5641,3790.8,3879.3053,3791.2378,3739.1,3648.5845,3756.6737,3958.04,3883.7571,3793.7165,3801.36,3758.1113,3699.9641,3698.25,3756.3888,3679.2147,3592.73,3789.2238,3774.1199,3548.78,3592.7548,3538.5512,3415.93,3649.3091,3796.5822,3682.18,3574.2027,3552.3955,3569.95,3558.4604,3648.2575,3765.47,3664.2175,3432.4565,3314.3,3484.0848,3574.3194,3465.07,3384.4267,3413.6421,3506.58,3533.5196,3388.6529,3255.26,3395.5817,3297.3714,3123.24,3471.3601,3265.4679,2585.37,2630.7434,2776.0329,2657.11,2573.121,2538.5807,2553.51,2649.1482,2728.2393,2788.12,2877.1696,2757.7922,2564.72,2679.7475,2716.5258,2649.09,2818.8381,2832.1217,2668.56,2724.5627,2819.1951,2805.4,2729.4869,2673.3988,2720.84,2880.1373,2895.5447,2831.12,2927.827,2633.7897,2163.82,2320.2178,2417.6981,2275.98,2390.3009,2430.4812,2366.85,2512.5734,2509.142,2357.7,2493.9923,2949.1975,3420.64
2025-10-05,3534.528,3528.4091,3531.14,3471.2591,3521.5634,3678.99,3734.0039,3616.784,3438.32,3399.3458,3484.0869,3564.3,3517.8575,3469.8557,3509.82,3617.4245,3722.9827,3701.0,3499.859,3517.2915,3710.09,3650.3329,3574.9882,3635.79,3722.0667,3711.1112,3648.88,3697.5495,3806.9548,3829.79,3676.4247,3636.1501,3625.29,3394.2777,3840.4827,4739.3,4888.6104,4805.6041,4860.26,4875.2843,4853.1043,4813.72,4775.2168,4867.1428,4875.2,4607.7248,5360.115,6714.91,6835.9028,6530.7811,6472.76,6521.3222,6557.7926,6550.19,6537.9746,6552.5575,6512.08,6327.9962,6310.9334,6510.06,6644.8882,6575.0835,6402.18,6356.5775,6377.4181,6435.03,6540.7481,6460.9424,6261.9,6216.6908,6002.803,5749.74,5933.7175,6024.9816,5844.25,5764.3459,5923.0296,6186.86,6297.3211,6313.0436,6248.03,6061.22,5987.5334,6139.54,6389.1613,6433.1836,6302.78,6268.7731,6080.1057,5891.04,6149.1814,6339.9157,6250.31,6156.1723,6098.1646,6110.49,6220.9516,6211.4584,6100.07,6098.4656,6015.2943,5909.01,6041.1887,6094.2432,6141.25,6400.1905,5603.3954,4201.19,4050.3634,4291.4063,4254.07,4153.8251,4173.9144,4259.88,4221.2883,4196.1505,4246.77,4279.3783,4224.7473,4200.94,4382.5181,4467.7985,4383.14,4344.3588,4333.5578,4378.69,4540.562,4591.5436,4517.47,4447.9125,3972.4902,3274.28,3065.9531,3249.9373,3467.26,3433.1968,3352.4023,3306.34,3206.4411,3253.5362,3385.69,3326.3951,3283.0062,3379.91
2025-10-06,3517.5086,3539.1983,3466.29,3458.2286,3470.021,3461.71,3431.2548,3305.9985,3237.24,3458.9546,3587.1055,3541.86,3608.5673,3691.5061,3678.26,3581.1459,3567.7121,3635.66,3632.1971,3627.7146,3619.18,3539.2659,3576.0889,3678.56,3607.9374,3579.8883,3630.67,3581.9369,3574.7396,3659.78,3732.8551,3762.5531,3705.61,3610.2909,3982.8599,4626.75,4800.1211,4833.4493,4940.33,4962.9388,4841.8698,4735.82,4861.5199,4922.3622,4746.28,4580.3458,5268.137,6429.14,6745.9787,6616.2308,6443.1,6253.4532,6303.5752,6504.22,6501.6866,6504.3081,6616.38,6696.941,6629.7906,6527.92,6597.1117,6549.9253,6352.42,6290.4006,6405.4735,6531.2,6477.2506,6511.9712,6631.47,6530.6337,6256.3425,6015.43,5969.4578,5847.5107,5710.23,5892.11,6076.9424,6135.03,6229.7781,6287.353,6317.61,6399.0435,6315.4592,6191.95,6358.2984,6325.9574,6061.67,6060.9549,6272.4673,6406.04,6227.9304,6092.6174,6122.84,6108.6441,6032.8685,6026.75,6210.4659,6288.626,6151.44,5991.7291,6035.8547,6180.51,6119.8524,6067.4678,6146.01,6137.357,5407.3989,4340.74,4069.3363,4245.2895,4405.03,4392.6632,4224.1558,4127.7,4346.6981,4512.5581,4464.11,4386.1266,4391.4762,4424.92,4367.6902,4416.7871,4514.96,4395.4429,4283.1794,4315.35,4390.549,4327.2763,4307.96,4563.6053,4067.7691,3173.21,3298.0097,3389.8039,3108.83,3199.1915,3360.8159,3378.09,3384.8995,3466.08,3559.59,3517.163,3372.3391,3298.57
2025-10-07,3446.8842,3521.9592,3467.02,3494.8026,3499.2303,3467.55,3520.8402,3607.557,3621.9,3516.628,3502.3061,3556.99,3469.2613,3447.1227,3558.07,3658.1776,3747.6705,3759.31,3600.7346,3491.9166,3456.55,3353.919,3465.4739,3673.7,3560.1693,3511.5177,3633.94,3641.1352,3620.7791,3641.63,3674.7113,3762.1848,3760.8,3568.4159,4007.5062,4819.3,4861.4808,4690.0873,4707.73,4741.8307,4694.9507,4632.29,4698.8607,4807.7069,4770.45,4621.6546,5380.9735,6622.82,6789.0587,6532.3389,6464.5,6549.7695,6617.8675,6643.17,6706.677,6643.6063,6543.17,6650.156,6588.6812,6423.07,6589.1995,6637.9128,6442.85,6343.3813,6340.5786,6375.07,6422.6044,6477.4495,6510.03,6445.246,6154.7001,5866.46,5961.0831,5978.7428,5872.86,6053.7234,6260.0684,6296.75,6229.329,6197.5896,6243.68,6281.8485,6178.927,6018.73,6031.5396,6124.4028,6149.48,6061.9226,6097.6721,6164.82,5978.0974,6036.448,6281.97,6156.8041,6104.0196,6180.98,6004.9835,5984.994,6163.71,6151.6048,6106.1325,6119.31,6087.9614,5972.8648,6000.64,6273.3533,5497.0768,4129.83,4030.3054,4289.408,4288.25,4321.2951,4321.7138,4266.54,4243.5008,4207.8914,4210.61,4346.1777,4374.8712,4256.16,4195.9332,4245.8318,4343.36,4378.9094,4346.2362,4311.41,4348.1,4383.5817,4442.59,4522.0299,4016.2692,3237.24,3176.2843,3289.7349,3231.33,3212.0345,3297.046,3439.78,3513.0064,3356.6527,3131.75,3195.0494,3376.1939,3466.0
2025-10-08,3417.7315,3433.4414,3440.66,3227.1563,3327.6382,3633.36,3477.9665,3282.7104,3352.68,3540.8746,3503.4175,3364.87,3548.6553,3643.7665,3554.75,3608.8203,3707.9492,3716.88,3630.583,3652.6539,3749.84,3700.7825,3673.3993,3685.23,3585.5091,3544.4241,3603.9,3638.8072,3695.151,3734.93,3658.9773,3627.8998,3595.37,3463.9218,3970.4101,4827.7,4930.0063,4813.6077,4855.85,4889.3583,4899.3954,4902.49,4901.5247,4894.0274,4786.03,4638.9173,5425.4075,6725.18,6988.0408,6619.4909,6252.59,6160.098,6287.9609,6449.71,6466.6529,6407.4254,6428.32,6604.3037,6603.8178,6441.78,6455.2693,6484.9506,6435.48,6401.9466,6460.6994,6490.53,6325.2226,6356.6147,6551.14,6446.9846,6139.8483,5926.77,6009.4068,6003.7249,5805.3,5728.6844,6035.5342,6463.99,6444.1231,6192.3348,6040.6,6136.873,6247.7786,6238.79,6168.2691,6093.1007,6065.1,6113.1718,6184.6087,6199.99,6128.5211,6148.2076,6237.8,6198.4185,6124.8898,6145.62,6266.9084,6193.6889,5934.07,5810.709,5889.5791,6107.19,6298.8632,6166.8762,5998.7,6244.066,5617.3116,4364.45,4135.4549,4331.3468,4325.63,4136.2261,4114.6814,4269.81,4292.1515,4274.9605,4319.33,4400.5624,4388.8646,4316.76,4345.159,4401.0881,4411.3,4368.1726,4287.6117,4237.56,4292.076,4366.6906,4434.07,4447.4509,3933.0303,3214.79,3183.8187,3394.0281,3438.37,3328.6955,3214.3424,3161.79,3154.7555,3286.2446,3410.88,3281.7655,3289.639,3439.76
2025-10-09,3356.4957,3316.943,3426.52,3488.8525,3466.9879,3437.26,3499.3237,3569.164,3556.73,3453.4469,3410.0794,3526.29,3742.3184,3740.5029,3545.28,3495.3633,3564.7633,3643.36,3649.2558,3572.2645,3529.97,3645.3553,3639.2729,3498.14,3503.5398,3644.1857,3733.51,3620.5355,3663.3583,3770.59,3521.2247,3455.9062,3652.18,3692.9341,3994.7891,4574.53,4920.9912,4888.3387,4721.37,4788.156,4798.4068,4718.51,4819.6683,4901.6551,4806.47,4724.1914,5509.6834,6622.97,6601.5338,6477.7686,6745.86,6843.435,6704.3327,6539.67,6589.0301,6652.4038,6591.59,6464.0853,6410.7427,6444.75,6470.2998,6536.0475,6592.74,6516.8743,6425.8872,6394.21,6386.7498,6352.7672,6319.04,6319.1551,6111.6615,5814.04,5820.8172,5928.8816,5973.76,5991.7221,6046.0158,6091.51,6054.1183,6175.2982,6306.71,6080.1377,6090.2017,6327.5,6193.5222,6110.8386,6264.68,6370.7987,6284.5765,6123.47,6118.6338,6081.6393,5995.0,6035.485,6053.3141,6030.59,6102.047,6153.3232,6157.61,6180.4814,6063.4493,5937.04,6103.4628,6188.0656,6171.28,6270.9608,5606.1567,4469.91,4170.713,4278.3132,4308.82,4242.4414,4310.5587,4414.07,4257.8488,4288.3885,4460.82,4292.7536,4246.9448,4371.59,4253.5575,4247.5539,4448.71,4556.7963,4526.8759,4420.54,4323.481,4270.4587,4358.53,4548.1501,4013.4333,3138.04,3195.7845,3427.2667,3323.01,3159.6947,3244.1539,3433.63,3327.1623,3268.4862,3405.67,3460.99,3035.1656,2488.22
2025-10-10,2591.2176,2654.4988,2453.69,2461.7903,2587.7929,2656.42,2602.1303,2531.6209,2527.91,2582.8691,2594.4556,2588.35,2663.872,2627.1314,2530.94,2616.637,2611.2769,2524.75,2640.1707,2690.2592,2640.41,2715.1059,2691.5354,2587.75,2646.1022,2599.9085,2528.72,2772.4202,2832.9353,2688.4,2790.8759,2750.0729,2542.5,2586.5392,2732.0682,2769.67,2664.0212,2699.8812,2803.11,2666.8268,2777.5445,3201.61,3461.1713,3403.7908,3167.8,3028.4216,2998.6346,3033.95,3106.1947,3206.675,3228.88,3106.7655,3317.6914,3821.74,4054.5203,3977.1615,3834.74,3882.0912,3847.125,3678.19,3626.7306,3734.7228,3833.68,3729.6349,3727.7521,3900.7,3978.6475,3775.086,3524.75,3641.1584,3690.6963,3560.48,3571.9587,3641.0526,3681.68,3686.6023,3555.4993,3451.81,3646.2099,3709.1785,3569.91,3587.2643,3691.0503,3698.14,3528.1111,3491.2371,3558.14,3410.7802,3312.72,3380.94,3467.6526,3548.7894,3535.26,3366.2472,3461.2655,3687.37,3491.0728,3311.7621,3401.21,3510.8369,3195.5871,2693.63,2695.1146,2807.8741,2808.41,2847.7991,2796.2411,2671.56,2656.19,2700.9137,2717.52,2669.5286,2637.2352,2623.47,2582.2042,2683.4017,2827.61,2716.1362,2546.2145,2518.67,2652.1708,2742.4054,2754.04,2828.1091,2916.1252,2884.43,2684.5035,2724.6179,2956.49,2878.3959,2472.0071,2132.61,2317.5996,2600.7355,2647.66,2505.6444,2467.8092,2500.56,2352.258,2409.8882,2586.92,2418.9908,2446.0876,2694.69
2025-10-11,2607.4686,2374.0367,2283.22,2425.1448,2493.7152,2416.29,2405.9133,2490.6975,2606.77,2646.8156,2510.6209,2383.11,2561.4829,2679.2286,2628.09,2641.9619,2623.0001,2586.3,2659.2111,2631.4125,2560.72,2706.1684,2733.5824,2633.1,2724.6002,2756.2078,2676.83,2685.6696,2602.5436,2495.83,2645.1666,2795.0548,2752.44,2589.292,2618.4485,2777.31,2718.1767,2673.125,2713.52,2710.844,2955.2953,3312.24,3300.2354,3172.1557,3139.69,3154.2218,3059.8142,2936.01,3019.4689,3142.8976,3187.12,3233.9121,3539.8726,3922.52,3897.8749,3694.7297,3595.68,3689.9868,3815.7294,3828.11,3731.3843,3791.5849,3873.82,3616.3974,3580.2349,3829.1,3848.4187,3737.5383,3657.59,3642.8561,3622.9424,3586.94,3590.529,3619.1871,3678.0,3752.61,3615.7993,3379.49,3415.1431,3565.2687,3626.6,3528.562,3369.1312,3307.8,3438.7372,3521.2848,3412.2,3221.234,3319.5282,3568.19,3470.3626,3370.8494,3375.35,3259.8848,3288.4525,3474.79,3523.598,3417.2046,3318.69,3359.8951,3144.552,2726.67,2604.0366,2713.8148,2805.38,2707.8628,2715.1638,2802.71,2679.0573,2700.8746,2825.7,2660.275,2645.337,2831.65,2821.6646,2827.9887,2873.05,2747.6421,2700.1591,2794.19,2854.7365,2953.6933,2979.29,2729.5102,2614.1511,2696.4,2675.9587,2786.7537,2923.53,2683.5639,2373.2293,2161.58,1995.7176,2187.4655,2532.04,2457.8994,2351.4122,2384.12,2337.2185,2273.886,2316.38,2558.3521,3030.9898,3432.27
2025-10-12,3357.8854,3246.6655,3323.4,3398.1125,3345.7477,3306.04,3475.1379,3338.356,3086.02,3445.1917,3775.6375,3707.97,3506.7783,3470.0304,3603.07,3667.0162,3625.4682,3560.88,3562.7456,3501.3584,3479.24,3706.1741,3700.9651,3510.48,3635.8552,3610.2811,3419.18,3537.7763,3615.2249,3599.22,3777.3711,3767.7192,3512.4,3440.4272,3914.6832,4703.71,5125.5796,5004.2671,4715.29,4805.3931,4855.2947,4749.51,4795.5194,4801.6234,4640.55,4552.0074,5393.8804,6613.88,6691.043,6442.7852,6441.73,6479.9017,6605.0892,6754.71,6733.3547,6553.5622,6391.01,6430.8481,6470.6328,6461.25,6533.5167,6539.9262,6434.91,6336.5885,6318.2667,6384.65,6477.6688,6513.7557,6487.26,6443.2985,6302.188,6108.04,6009.9184,5956.3668,5919.77,5948.7281,6088.5863,6260.7,6310.8353,6271.0331,6204.33,6157.7134,6178.0025,6229.36,6239.402,6311.3339,6378.67,6263.7992,6190.4892,6209.7,6154.4281,6085.2685,6063.86,6081.9422,6092.4145,6157.88,6325.3121,6138.314,5791.79,5961.8199,6159.3126,6139.57,6133.7423,6108.1095,6154.57,6280.1802,5443.7755,4214.89,4298.0865,4498.2323,4237.33,4150.2873,4270.4999,4409.61,4401.662,4387.6463,4397.85,4338.5153,4362.5025,4471.62,4483.4311,4344.0082,4179.43,4180.4124,4222.4146,4288.66,4454.9189,4435.886,4341.8,4484.1678,4083.6368,3347.5,3319.9277,3369.8066,3254.43,3380.3572,3479.7752,3404.52,3313.2044,3390.5402,3552.67,3540.2096,3474.2889,3467.55
2025-10-13,3500.703,3460.9804,3391.7,3448.4739,3524.4963,3480.43,3304.0766,3330.1712,3490.9,3414.6505,3449.8551,3667.29,3727.305,3515.1389,3305.73,3487.9462,3615.8863,3556.15,3591.6105,3581.3084,3506.48,3516.6863,3506.3192,3467.6,3517.8374,3618.9164,3714.68,3781.8982,3835.474,3829.07,3696.0765,3565.892,3503.87,3558.6746,4129.4098,4837.57,4821.4525,4720.9342,4843.83,4863.8868,4788.3499,4757.97,4873.3834,4913.9146,4763.62,4654.7514,5406.2674,6526.27,6629.8895,6539.1322,6660.57,6582.4689,6539.4603,6642.69,6724.644,6693.252,6627.88,6662.4706,6568.2346,6393.84,6442.4671,6559.9685,6559.05,6412.89,6380.3483,6444.62,6363.0142,6360.8674,6488.09,6505.9352,6226.8508,5954.29,6170.3087,6206.9945,5909.67,5820.621,6035.0323,6273.39,6190.2368,6170.1426,6271.88,6185.2495,6153.8839,6231.9,6203.9524,6111.9954,6083.87,6204.9463,6321.3746,6270.43,6038.0569,5979.1049,6056.25,5935.3332,6002.9033,6209.88,6082.3071,5920.6039,5984.17,6209.6379,6229.3882,6081.5,6123.3853,6094.2898,6049.93,6201.9758,5550.7681,4380.33,4093.085,4218.6064,4268.07,4241.1768,4219.0465,4219.48,4227.7693,4399.1164,4608.81,4552.2051,4483.4631,4470.7,4357.9145,4391.4242,4502.97,4364.6965,4271.3829,4357.73,4432.0967,4299.5199,4238.5,4602.6107,4237.0715,3298.59,3163.3688,3333.0142,3331.98,3225.5666,3194.2306,3264.32,3317.1856,3360.6414,3374.27,3313.2024,3276.705,3281.5
2025-10-14,3272.6499,3374.328,3500.2,3427.097,3398.9669,3507.98,3588.6064,3538.5956,3469.62,3566.0189,3543.408,3477.91,3710.2563,3749.4091,3553.8,3557.2429,3468.5,3357.32,3615.3672,3748.8489,3605.44,3537.5464,3632.6358,3715.02,3557.1925,3473.6307,3610.96,3801.6185,3851.2593,3748.53,3661.4396,3718.9805,3785.21,3675.7493,3986.5359,4636.18,4888.1545,4879.9519,4836.52,4814.4078,4765.0839,4748.31,4885.7936,5016.777,4949.81,4769.9498,5433.1664,6529.94,6643.5183,6611.6349,6769.28,6603.0995,6518.876,6651.87,6690.4028,6589.2249,6496.48,6573.1657,6562.8423,6462.27,6512.1554,6507.456,6446.94,6531.7715,6513.0967,6416.6,6511.301,6497.2656,6380.87,6447.6009,6312.7251,5980.91,5876.7732,5862.7733,5785.86,5700.9084,5944.5582,6351.21,6384.2148,6297.1635,6308.16,6367.5988,6321.5694,6202.87,6174.1101,6088.734,5998.29,6110.4985,6162.0835,6113.33,6180.3614,6231.3324,6182.96,6102.8109,6098.0251,6136.87,6090.9997,6032.7573,6045.41,6135.9511,6175.0327,6120.05,6031.225,5907.6389,5938.1,6196.2562,5548.9759,4361.08,4210.2334,4354.3458,4282.59,4253.0679,4278.87,4377.37,4543.3175,4408.7303,4115.57,4201.8809,4393.9693,4429.7,4331.6646,4360.0204,4446.71,4286.1955,4153.1714,4231.62,4417.9341,4437.5001,4415.54,4614.9905,4153.3067,3300.46,3293.8133,3492.9478,3398.67,3185.6267,3197.2613,3347.71,3272.1308,3326.0331,3544.57,3563.4202,3443.8661,3388.75
2025-10-15,3501.7051,3399.4706,3221.85,3475.9678,3590.2556,3455.2,3521.4094,3540.1641,3431.38,3418.4082,3526.9101,3613.66,3526.9636,3528.4706,3638.88,3632.9273,3672.5071,3764.96,3722.762,3600.6046,3541.84,3632.9411,3646.8878,3624.63,3792.3787,3758.024,3587.99,3742.8458,3813.2462,3647.84,3533.9603,3576.0682,3631.86,3563.2571,3987.9393,4710.76,4848.0545,4762.6611,4796.79,4909.12,4907.5233,4797.45,4757.5407,4734.0392,4632.39,4586.6989,5492.7547,6762.45,6788.1916,6533.0686,6534.48,6409.1825,6418.3968,6541.46,6465.1901,6503.5971,6620.67,6440.4551,6263.6988,6320.19,6522.5305,6517.2031,6332.81,6322.6283,6363.3099,6400.1,6490.302,6386.6731,6169.09,6166.8489,6104.2977,5979.31,6076.2105,6123.2679,6046.49,6052.5949,6108.9792,6204.04,6367.4088,6458.3825,6362.37,6109.6745,6018.2917,6172.91,6332.0227,6190.7152,5966.48,6167.082,6340.2647,6209.71,5964.5365,5950.1274,6132.34,6159.5038,6064.5865,5956.78,5922.9475,6047.8387,6171.64,6030.9913,5914.3788,5996.5,6147.63,6065.3999,6028.24,6420.5457,5674.7259,4203.75,4096.1633,4295.5626,4167.01,4184.5382,4317.5497,4375.33,4252.7877,4252.026,4393.74,4401.2163,4339.1424,4300.65,4305.5465,4324.4644,4308.34,4239.1184,4249.4754,4382.39,4529.8531,4504.4299,4433.61,4525.5153,4033.0707,3235.98,3239.6088,3403.4316,3283.28,3092.666,3076.6497,3206.59,3264.236,3359.1866,3421.42,3262.8011,3258.8272,3421.24
2025-10-16,3396.8534,3390.6475,3470.46,3483.6041,3518.2584,3587.52,3600.1347,3597.9112,3586.22,3531.9961,3527.1348,3554.57,3520.7797,3580.066,3716.15,3730.6109,3635.3911,3556.37,3598.5679,3561.9357,3475.71,3569.9935,3660.9586,3626.37,3546.7873,3625.8265,3769.27,3687.1314,3605.1581,3695.57,3882.1753,3855.2313,3610.15,3525.9305,4034.4979,4771.01,4887.1178,4803.0261,4775.21,4667.6572,4716.6483,4877.88,4861.1664,4889.3017,4870.55,4636.4399,5408.8162,6703.02,6711.4436,6513.5956,6635.17,6526.433,6506.6743,6622.9,6555.6423,6522.0241,6589.02,6584.885,6539.55,6473.45,6381.1519,6395.8468,6451.69,6373.4517,6463.6871,6641.52,6514.8012,6446.4927,6502.28,6366.6263,6161.2788,6025.76,5979.1998,5949.5532,5902.29,5883.6121,6017.5424,6261.81,6412.1343,6363.8963,6205.71,6143.1989,6182.7051,6229.22,6193.9361,6202.0043,6212.83,6068.4681,6009.3727,6120.36,6246.7835,6306.3703,6229.02,6033.1506,6101.5885,6347.0,6287.7941,6105.0178,6020.32,6085.104,6193.8,6182.63,5980.6187,5951.957,6167.82,6212.7131,5391.2219,4276.26,4217.0078,4373.6594,4288.8,4334.2091,4423.322,4391.59,4217.7258,4245.0484,4440.57,4443.7835,4439.4569,4471.35,4369.6577,4239.0165,4230.01,4385.3085,4433.4697,4354.07,4367.4226,4352.5235,4390.35,4603.8229,4172.0019,3219.55,2806.7408,2987.175,3321.05,3336.2793,3327.382,3348.06,3169.9603,3155.401,3340.6,3345.9322,3053.2685,2657.91
2025-10-17,2486.445,2426.5399,2415.4,2496.6772,2503.1901,2466.42,2566.7217,2582.6357,2537.42,2660.9398,2638.1092,2478.55,2531.9494,2654.1477,2685.39,2610.7191,2538.6584,2520.61,2549.5349,2717.5944,2823.39,2563.5813,2475.113,2644.25,2636.9185,2587.9017,2626.1,2711.0738,2750.604,2732.07,2713.9279,2678.7721,2661.44,2713.7132,2677.3789,2592.36,2654.5256,2689.3372,2688.94,2832.7584,3004.8654,3097.38,3104.1075,3084.6421,3070.76,3071.5812,3170.2316,3270.82,3177.9866,3082.512,3092.75,3173.1643,3425.5488,3722.72,3795.047,3850.6538,3909.32,3798.7588,3803.0842,3911.56,3839.4353,3838.2915,3910.07,3794.7923,3725.1571,3773.24,3782.4962,3826.0496,3853.62,3717.2835,3607.2098,3634.52,3706.1315,3593.2103,3459.88,3687.1998,3842.8981,3724.18,3559.264,3538.4999,3565.02,3431.3574,3548.6645,3786.05,3575.1794,3374.262,3394.56,3397.2952,3386.0408,3371.99,3331.2111,3328.8575,3344.71,3298.9694,3302.4667,3419.35,3549.8757,3352.2253,3138.78,3495.2515,3315.0589,2631.79,2597.9904,2598.0109,2474.04,2711.1136,2734.4758,2545.72,2708.0761,2665.906,2486.51,2794.1513,2839.5458,2581.17,2743.099,2888.3439,2760.71,2599.4975,2676.4824,2842.74,2705.9522,2582.0632,2690.67,2916.6139,2934.6311,2748.87,2675.2281,2759.0455,2927.75,3025.4921,2768.507,2313.82,2149.4327,2201.7039,2330.98,2468.5643,2517.2062,2507.44,2555.2689,2581.1402,2586.17,2638.7971,2563.4804,2370.93
2025-10-18,2292.4324,2436.5062,2643.33,2644.5597,2661.9366,2689.95,2512.2422,2458.1857,2535.58,2442.9047,2468.9504,2602.05,2530.1681,2533.023,2605.97,2492.5354,2642.9578,2890.6,2615.0606,2532.0698,2739.06,2632.4493,2622.1295,2770.34,2679.5239,2550.5383,2541.97,2621.9869,2784.4381,2872.0,2717.4012,2726.8138,2863.04,2700.45,2593.7573,2647.09,2618.4071,2674.5704,2748.97,2621.1027,2784.49,3162.67,3153.9819,3050.4231,3046.27,3059.1548,3204.6955,3354.85,3228.3856,3104.8833,3099.62,3104.7744,3334.0312,3694.0,3803.5947,3697.9101,3602.96,3704.1919,3712.1916,3621.05,3723.9914,3900.0081,3959.77,3830.0539,3734.17,3759.15,3792.5073,3765.6608,3670.49,3549.0751,3455.1837,3435.66,3501.803,3565.7714,3645.45,3811.2698,3832.2645,3629.4,3362.0666,3222.5266,3273.07,3421.9917,3510.1819,3496.71,3468.1642,3484.6196,3542.73,3574.2278,3480.9634,3351.35,3388.3191,3481.7357,3499.27,3421.7861,3437.675,3503.18,3401.7382,3350.1931,3473.72,3613.6263,3317.3806,2723.12,2466.4871,2524.3409,2673.8,2723.167,2713.5117,2674.99,2602.1322,2615.1069,2650.09,2539.6445,2550.0842,2684.06,2668.1089,2618.3994,2665.89,2798.4002,2791.1005,2662.1,2652.1362,2711.0369,2693.69,2544.8308,2619.8655,2817.57,2689.0978,2615.1133,2779.65,2935.1395,2767.1599,2379.57,2214.0928,2334.6482,2539.7,2546.546,2412.9995,2285.65,2285.0607,2414.8044,2521.74,2492.9969,2847.5127,3374.98
2025-10-19,3327.9158,3328.7053,3537.01,3477.9201,3389.1015,3491.41,3711.4109,3640.2222,3380.6,3429.3909,3501.1902,3436.68,3388.3198,3439.491,3572.8,3678.9838,3613.759,3517.51,3653.6432,3633.3161,3489.34,3649.8373,3786.1628,3685.92,3503.4372,3588.4484,3792.69,3659.6071,3645.5333,3812.32,3745.3583,3627.5833,3540.79,3479.2759,4065.2778,4902.19,4895.5803,4831.5718,5006.54,4921.1439,4774.6618,4727.16,4733.8198,4819.1596,4814.82,4637.4412,5322.3143,6547.24,6835.4572,6631.7117,6464.84,6437.6104,6593.0847,6676.32,6385.7658,6347.4136,6590.82,6528.7579,6419.4756,6438.81,6470.8267,6447.8412,6400.9,6404.8611,6381.7077,6333.5,6339.9523,6322.5945,6345.06,6509.3861,6367.4096,5968.86,5848.9167,5936.2401,6034.84,6058.684,6210.8172,6429.05,6400.8442,6165.4843,5960.77,6038.9753,6281.1798,6436.44,6333.6558,6257.8174,6256.15,6156.1223,6287.0811,6472.47,6189.7215,6042.4956,6224.56,6310.957,6203.6055,6077.18,6154.6655,6138.019,6033.22,6130.4593,6131.6017,6041.7,6157.0315,6144.5158,6100.2,6296.0179,5441.0522,4110.19,4279.6674,4551.6857,4312.62,4334.8408,4347.1546,4314.77,4517.0731,4459.2652,4150.71,4144.9142,4357.9107,4525.99,4461.2942,4325.8814,4276.91,4339.1752,4383.7062,4371.87,4383.2389,4456.8428,4567.55,4560.9881,4011.5383,3227.72,3049.8661,3243.9208,3385.87,3271.1891,3208.5058,3292.04,3345.2115,3463.1257,3538.37,3353.6141,3325.8837,3516.27
2025-10-20,3545.1427,3350.2953,3185.74,3356.7206,3470.7735,3460.59,3597.5787,3524.3548,3285.56,3324.4221,3430.9072,3484.01,3570.4369,3583.1328,3581.95,3722.4236,3690.0158,3504.18,3518.6128,3612.8396,3644.95,3607.6824,3616.068,3634.38,3535.4807,3534.5425,3641.24,3649.9057,3656.5277,3626.39,3435.6466,3422.8618,3625.34,3788.8101,4150.4706,4645.44,4887.0414,4918.0654,4857.81,4780.5335,4722.238,4700.27,4749.4333,4990.2634,5063.7,4632.2863,5334.8408,6701.06,6560.0603,6301.5685,6599.33,6689.3128,6592.5277,6474.78,6424.1343,6489.9803,6589.09,6569.9318,6500.3236,6452.4,6440.497,6453.2702,6427.83,6329.236,6401.0446,6591.01,6577.8513,6428.4673,6324.59,6372.1768,6332.7078,6192.8,6155.9214,6058.0653,5884.51,5841.1082,6026.958,6267.25,6287.9409,6375.6638,6493.24,6321.9234,6258.7496,6324.6,6150.5903,6035.7093,6134.17,6277.5553,6287.8422,6199.93,6195.3825,6199.926,6182.81,6182.2312,6084.839,6009.05,6180.3067,6193.2882,6041.12,6114.8952,6172.9574,6078.65,5962.2099,5942.2088,6087.74,6227.6479,5470.5923,4256.25,4027.034,4218.9284,4317.65,4359.9255,4321.8098,4318.2,4489.0799,4458.903,4293.18,4417.0544,4432.6111,4303.48,4405.3004,4481.1572,4423.04,4383.8609,4314.6524,4290.35,4449.9034,4494.5273,4411.56,4412.7794,4049.9662,3440.13,3228.364,3242.025,3285.09,3347.66,3406.306,3397.59,3294.2921,3336.3978,3470.26,3424.086,3475.7,3565.34
2025-10-21,3352.4291,3266.4185,3421.86,3497.3913,3478.4778,3428.5,3390.3985,3347.4063,3366.85,3530.5719,3594.9883,3516.08,3488.9955,3535.9095,3596.11,3605.4015,3627.259,3653.44,3597.3553,3479.7759,3454.08,3646.2137,3675.4907,3524.64,3540.1822,3571.3394,3620.4,3832.3287,3815.1128,3573.44,3549.8146,3790.3293,3975.13,3833.3152,4268.285,4991.84,4801.561,4729.6133,5002.11,4809.6206,4692.6353,4813.87,4778.0376,4853.0488,4877.49,4532.4343,5187.8404,6511.71,6699.625,6542.5634,6635.81,6711.273,6538.5325,6346.35,6553.0863,6606.0111,6419.48,6456.8929,6529.2341,6508.4,6487.1185,6511.4858,6556.91,6565.7071,6569.9872,6539.34,6427.534,6452.353,6555.97,6439.8928,6210.319,6013.02,5916.3432,5935.1937,5953.52,5849.4836,5933.7276,6225.27,6394.2972,6329.9457,6210.1,6303.1378,6335.0494,6213.45,6147.4781,6260.57,6359.64,6152.9377,6095.0211,6253.19,6244.2019,6183.94,6163.26,6144.7855,6195.7265,6250.0,6157.3206,6067.6059,6034.52,5990.9006,6065.2879,6134.58,5934.0736,5829.8034,6059.05,6347.0259,5607.9529,4336.21,4176.3281,4295.9186,4164.67,4119.614,4200.4732,4288.98,4261.6282,4259.4804,4313.77,4312.1128,4275.5747,4278.97,4358.6907,4335.8311,4254.23,4330.0405,4372.3541,4330.42,4345.274,4352.7657,4405.94,4531.5134,4020.4405,3212.92,3205.5941,3226.7368,3073.14,3307.2645,3391.2034,3266.76,3437.7849,3605.4721,3591.36,3524.3553,3446.716,3411.74
2025-10-22,3452.2534,3387.0252,3279.28,3377.0223,3483.6923,3511.12,3548.8901,3517.363,3542.22,3791.9272,3650.0685,3308.59,3572.3581,3707.0637,3457.63,3353.3763,3544.5039,3705.51,3417.8913,3342.1844,3634.98,3781.1992,3696.9601,3567.83,3627.8981,3698.9783,3635.71,3493.2749,3559.2555,3735.09,3651.9458,3611.3442,3643.85,3570.0871,4091.2725,4921.44,4962.1251,4696.1738,4616.64,4735.4865,4750.4163,4656.7,4748.454,5014.1339,5042.6,4587.2986,5231.5514,6634.28,6786.4352,6510.779,6504.09,6601.87,6640.6901,6593.81,6544.0485,6505.831,6503.52,6554.0649,6539.0757,6488.83,6548.7103,6597.195,6533.54,6389.8714,6360.1367,6413.65,6343.5599,6288.8581,6343.28,6426.8178,6316.4576,6061.85,5946.2373,5958.3313,5983.73,5940.5068,5973.5611,6113.97,6234.0874,6257.8563,6197.22,6145.0237,6216.7498,6349.23,6330.8157,6101.1097,5893.17,6021.8474,6133.0371,6120.74,6199.3125,6203.2136,6122.24,6137.0793,6175.0595,6158.87,6093.2125,6061.6712,6095.07,6146.9949,6152.6629,6119.94,6099.95,6022.9508,6059.15,6306.6332,5578.5319,4355.68,4386.1106,4575.517,4383.43,4369.2408,4358.539,4252.42,4213.4421,4347.5051,4512.5,4446.0947,4321.0971,4254.72,4207.1185,4179.4223,4219.84,4362.4475,4449.849,4391.5,4257.5784,4289.4175,4512.34,4627.8691,4112.3241,3295.32,3101.1772,3216.644,3251.84,3143.389,3150.3164,3320.72,3451.9094,3493.6387,3440.52,3333.0955,3368.2941,3485.37
2025-10-23,3433.9039,3383.3375,3420.83,3444.7381,3366.366,3241.62,3231.8299,3359.5594,3534.39,3617.82,3591.4514,3590.45,3750.2986,3738.2986,3588.66,3658.5139,3671.0351,3539.73,3483.1035,3523.4469,3639.29,3769.0647,3671.8398,3465.92,3534.5891,3708.7123,3776.15,3685.5037,3621.4344,3627.71,3598.7688,3618.8226,3635.98,3579.4512,4005.912,4723.93,4914.8679,4866.6031,4864.04,4891.8671,4892.971,4820.85,4696.1999,4717.2118,4676.43,4342.4602,5090.719,6502.57,6657.7375,6394.1983,6399.54,6497.5484,6520.1537,6465.62,6463.7712,6547.1976,6625.44,6579.4372,6554.3898,6546.78,6412.9241,6305.1453,6298.99,6335.0921,6421.9183,6470.13,6364.9106,6341.8515,6419.01,6352.5871,6087.9961,5870.94,5996.0235,5984.3232,5828.39,5994.6524,6190.3457,6282.59,6406.9354,6360.7355,6220.59,6313.4062,6496.7458,6513.62,6246.5678,6091.0376,6163.52,6216.2055,6177.3389,6133.27,6194.3554,6145.1835,6067.04,6251.7986,6334.402,6192.97,6076.4001,6065.9656,6095.98,6048.6427,5998.8937,6049.91,6197.4243,6118.4171,6020.45,6285.636,5641.194,4374.38,4145.4744,4223.4864,4133.47,4171.7847,4226.0781,4267.12,4371.8943,4283.7034,4141.59,4354.8177,4508.9315,4447.12,4421.6545,4442.2641,4375.0,4133.1524,4109.1506,4329.75,4407.0751,4254.3709,4192.71,4500.0385,4050.8037,3135.4,3218.0322,3421.3227,3283.35,3244.9468,3280.9965,3335.7,3407.4625,3336.4086,3217.03,3276.6066,3116.0962,2689.4
2025-10-24,2390.2326,2316.8217,2404.17,2509.4957,2520.1551,2477.6,2507.0815,2493.1859,2411.2,2381.794,2489.5614,2632.33,2617.2101,2587.0037,2640.21,2723.8345,2708.5323,2651.67,2713.6354,2665.897,2555.15,2653.6267,2656.9486,2568.62,2678.5599,2623.6752,2462.71,2644.0197,2828.8112,2812.14,2718.1977,2640.9493,2702.01,2956.6916,3054.1988,2877.34,2652.2293,2620.3788,2668.8,2529.1749,2697.306,3108.36,3170.333,3186.9555,3288.44,3278.7181,3273.0046,3318.36,3341.1668,3378.0514,3295.18,2993.8551,3260.28,3867.81,3775.3142,3598.5038,3691.9,3787.6019,3877.7895,3886.75,3707.5772,3651.9352,3714.61,3610.0739,3608.0684,3763.88,3835.6248,3823.9182,3782.41,3754.8938,3786.0432,3789.19,3635.5749,3544.7724,3596.18,3650.1225,3611.8033,3544.39,3583.7518,3585.9773,3479.82,3359.7722,3394.1914,3488.3,3391.8383,3341.1059,3433.69,3503.5988,3397.9974,3283.09,3447.4687,3447.2568,3320.91,3532.6991,3602.4199,3439.19,3431.9633,3377.1686,3355.09,3618.0958,3399.6425,2777.32,2635.5504,2686.3112,2676.84,2673.3043,2657.5531,2631.17,2646.4629,2772.0627,2890.19,2789.3487,2640.4713,2650.52,2850.5179,2839.8556,2689.97,2828.5933,2820.2799,2661.4,2797.4021,2872.749,2747.71,2672.5866,2758.0996,2921.79,2974.5458,2917.2664,2847.54,2827.2852,2604.6533,2278.9,2254.481,2432.5179,2495.63,2259.7862,2382.3611,2736.45,2542.7551,2365.2496,2442.45,2449.3282,2483.5347,2482.68
2025-10-25,2275.2439,2317.3214,2582.24,2580.9331,2531.6865,2523.69,2442.5659,2589.228,2861.69,2815.3965,2665.5662,2556.8,2453.7697,2549.9872,2732.27,2651.6454,2477.9255,2417.43,2503.1882,2482.3129,2449.6,2706.5974,2741.0948,2551.95,2642.7955,2680.1362,2572.42,2604.9908,2732.7322,2787.9,2655.1748,2562.5512,2681.88,2943.9931,2909.5247,2604.36,2478.893,2463.2414,2502.25,2672.5357,2967.8618,3216.07,3202.1614,3107.572,3068.76,3082.2478,3164.4714,3270.18,3296.7836,3192.6198,3083.8,3199.1423,3516.5142,3844.39,3941.012,3791.7325,3636.38,3763.4927,3882.1918,3826.03,3716.5348,3731.1349,3825.8,3801.5253,3763.199,3757.46,3709.5386,3611.6839,3600.56,3792.6526,3747.3144,3524.99,3633.8764,3813.5703,3773.65,3509.6092,3459.821,3624.48,3601.0028,3553.5449,3559.52,3486.1472,3307.1764,3242.94,3524.4794,3586.1904,3343.75,3272.5577,3357.7262,3503.11,3630.6601,3553.8556,3386.36,3428.1103,3428.4249,3351.18,3409.4276,3404.7197,3374.38,3485.9618,3107.3623,2532.43,2718.5802,2808.1185,2595.11,2728.5585,2826.5948,2718.99,2672.1525,2762.9627,2799.43,2559.8767,2540.4886,2778.29,2824.4756,2837.7004,2834.39,2648.648,2574.4374,2673.52,2731.8558,2825.5783,2913.39,2827.7974,2675.2276,2710.1,3046.3342,2974.0155,2661.46,2917.1956,2826.3233,2302.51,2241.1111,2389.2999,2430.96,2346.5654,2342.5263,2462.55,2554.754,2552.392,2439.69,2326.7721,2685.4074,3333.24
2025-10-26,3550.0563,3440.7952,3316.63,3383.2763,3465.666,3478.24,3494.4605,3489.8782,3515.03,3646.6495,3671.0802,3546.48,3463.3171,3549.8038,3702.27,3686.8352,3599.4729,3534.83,3510.5506,3575.6858,3671.28,3673.3603,3660.262,3651.93,3600.1121,3617.1381,3683.06,3661.1451,3634.325,3566.37,3388.378,3566.4191,3831.34,3529.0765,3871.7622,4778.6,4908.1556,4910.0112,4980.97,4637.98,4521.1548,4713.29,4684.5503,4815.4602,4945.57,4635.3984,5338.4051,6658.07,6640.3228,6375.8714,6557.5,6736.0178,6650.9387,6503.22,6679.3688,6727.2022,6528.87,6428.164,6421.3782,6402.63,6318.6388,6351.3916,6463.28,6440.4561,6466.2038,6553.86,6507.3497,6381.6153,6286.04,6256.8813,6099.256,5927.76,6044.9444,6056.5784,5844.17,5738.5486,6027.2523,6420.06,6333.2025,6231.9459,6291.18,6239.3629,6239.6854,6233.81,5997.3015,5963.1007,6194.34,6306.5143,6277.0219,6203.78,6177.7845,6166.4314,6119.99,6029.9859,5993.1961,6050.23,6144.8499,6167.366,6101.01,6029.7412,6017.0741,6078.46,6169.8572,6187.0438,6252.78,6437.0594,5706.4867,4431.47,4145.6863,4326.3663,4366.35,4202.1253,4136.6726,4212.34,4209.2613,4238.2694,4274.59,4163.7041,4112.9185,4249.71,4466.283,4425.5294,4209.69,4227.6713,4305.4494,4334.66,4379.1965,4337.349,4332.14,4503.967,4045.0244,3189.54,3051.9178,3163.6267,3203.65,3324.2371,3352.737,3288.01,3317.2493,3351.8913,3376.17,3463.4046,3473.6554,3410.61
2025-10-27,3430.3327,3502.6395,3511.52,3384.7255,3359.1389,3425.21,3357.4483,3351.2781,3442.0,3470.0442,3561.0943,3666.55,3592.4226,3546.8424,3601.51,3596.4228,3419.4112,3334.3,3681.0392,3704.5748,3420.91,3581.9522,3714.5871,3630.36,3644.5422,3681.6528,3655.26,3601.0461,3656.6582,3687.02,3449.0979,3428.0518,3640.74,3696.7966,4151.3513,4891.47,5123.2645,4973.0315,4750.72,4653.9501,4657.471,4699.02,4748.6508,4826.1899,4801.05,4657.8996,5414.7673,6568.62,6542.3478,6519.3526,6847.2,6680.87,6555.7492,6654.83,6587.4308,6515.5454,6507.18,6462.2997,6556.0392,6746.19,6759.9788,6564.8881,6360.49,6382.7096,6354.0463,6243.84,6306.1009,6430.0789,6518.16,6537.6955,6299.3926,5968.77,5942.3916,5972.7153,5928.27,5951.6733,6145.1602,6348.03,6293.2062,6269.9019,6317.92,6207.1733,6179.1919,6285.33,6307.0855,6199.7617,6049.98,6011.8982,6163.6471,6371.58,6385.2135,6252.9506,6074.13,5942.5563,6019.3385,6161.16,6058.3103,6005.8553,6094.29,6118.8774,6128.2132,6171.46,6203.5804,6086.211,6036.34,6255.5489,5464.6067,4116.98,4049.4906,4257.0364,4203.63,4354.489,4391.2691,4301.07,4406.2154,4339.6459,4191.67,4437.7763,4577.8959,4434.16,4334.2079,4332.7014,4347.8,4282.0182,4222.1097,4278.3,4454.7685,4445.8857,4353.34,4466.6721,3951.884,3124.54,3214.7801,3410.3532,3336.98,3413.9782,3397.7474,3325.23,3500.9033,3497.7595,3289.03,3292.4958,3360.4632,3398.73
2025-10-28,3482.3471,3558.0578,3537.73,3397.1153,3358.9722,3460.49,3536.2789,3596.7553,3626.46,3581.3943,3582.5567,3542.15,3291.7475,3314.8518,3602.72,3664.2523,3696.2506,3742.35,3615.3751,3525.0102,3570.15,3649.9607,3716.1709,3664.33,3444.6056,3485.316,3721.0,3666.9217,3601.3686,3629.43,3588.1252,3701.544,3760.95,3430.351,3916.1412,4921.96,4883.0015,4690.159,4791.14,4729.3093,4726.57,4827.04,4821.2397,4900.922,4874.33,4514.4813,5300.7462,6782.82,6900.485,6559.9578,6515.77,6589.5358,6558.9732,6446.36,6442.9353,6438.5626,6347.64,6231.1903,6310.8732,6493.49,6470.0207,6469.1562,6526.46,6440.8825,6380.7735,6384.65,6319.7061,6271.0597,6378.93,6614.3651,6325.6342,5762.33,5825.9728,5842.2597,5742.69,6127.7681,6272.8375,6118.94,6324.6016,6414.6315,6273.51,6302.2294,6355.7812,6251.59,6034.7327,6198.8847,6495.13,6216.5368,6185.9963,6425.81,6144.2448,6024.4823,6252.18,6286.8911,6198.7316,6164.48,6234.5416,6190.5494,6069.52,6127.1507,6211.3557,6186.37,6055.8023,5899.1779,5941.97,6203.1629,5452.0185,4179.22,4169.6181,4304.6986,4105.78,4229.8329,4343.234,4280.72,4261.4519,4313.6041,4330.1,4211.6097,4206.856,4334.11,4361.1199,4326.8635,4337.58,4427.5626,4375.8414,4269.44,4399.0144,4407.7108,4341.96,4496.2394,3949.512,3046.9,3144.8922,3383.8916,3325.32,3381.9478,3411.7756,3334.44,3266.7252,3264.9179,3273.26,3219.4621,3325.8058,3486.63
2025-10-29,3363.3565,3279.452,3346.35,3360.5363,3380.2043,3388.07,3299.6466,3329.2858,3477.39,3521.3824,3505.0196,3478.98,3437.5839,3403.7484,3467.91,3678.3574,3694.9697,3509.8,3454.7737,3504.1618,3596.92,3702.0365,3682.4494,3581.2,3608.3308,3804.087,3964.81,3806.4947,3519.4248,3391.18,3571.1509,3759.0898,3753.28,3672.8876,4042.9542,4693.11,4900.6542,4897.3827,4833.96,4634.4568,4611.4354,4744.07,4716.0917,4747.1908,4769.24,4616.4867,5361.3444,6624.02,6805.1934,6475.4307,6363.41,6608.3045,6639.0157,6454.44,6562.0462,6557.7171,6407.03,6509.5125,6590.8822,6507.0,6425.2327,6524.6996,6682.4,6603.1022,6497.9865,6447.06,6346.1351,6384.6593,6510.97,6434.8256,6185.9942,5986.33,6033.7747,6014.1316,5891.13,5950.2759,6136.0729,6314.74,6395.4685,6410.375,6349.33,6199.6181,6212.3032,6311.92,6170.7499,6017.354,6046.14,6213.4092,6248.6493,6177.72,6257.104,6272.0015,6129.89,5994.1617,6061.2799,6197.41,6085.8842,6009.7584,6121.71,6259.2256,6154.8971,5970.25,6108.2094,6157.6766,6147.98,6368.5058,5639.4796,4368.01,4254.3248,4374.8914,4242.96,4325.1594,4451.1558,4429.84,4279.1402,4238.2517,4326.15,4344.5372,4320.2976,4311.18,4331.6542,4339.9511,4351.41,4420.1052,4473.5085,4449.44,4370.5081,4415.6724,4536.57,4430.8963,3871.2641,3264.49,3310.1984,3452.7045,3354.25,3205.6959,3153.1453,3205.12,3265.3777,3301.2056,3312.77,3326.0901,3402.7012,3494.38
2025-10-30,3472.5305,3363.8053,3300.45,3407.7083,3525.7625,3533.43,3462.1227,3498.0501,3566.9,3433.1737,3391.0173,3469.08,3419.053,3470.8478,3553.45,3372.5777,3411.0056,3680.86,3702.8001,3693.9885,3690.06,3509.1381,3527.8649,3732.31,3702.1069,3528.8703,3459.94,3636.8805,3707.7788,3585.26,3519.4151,3553.2081,3573.52,3528.3824,3972.3507,4743.17,5024.353,4867.7937,4714.66,4921.6299,4893.7068,4632.92,4737.8808,4861.2505,4743.23,4605.5164,5210.1028,6249.14,6594.8366,6621.7587,6572.53,6325.8705,6356.8842,6591.87,6486.5357,6407.6652,6478.57,6438.2796,6398.2144,6423.13,6438.7112,6399.7919,6391.31,6509.8183,6434.2506,6211.32,6233.5442,6383.7878,6439.36,6280.1638,6080.6051,5914.95,5755.2519,5838.2676,6006.6,5875.6134,5968.6057,6311.57,6392.8559,6450.564,6528.2,6377.4204,6141.0098,6025.94,6130.5732,6272.4013,6245.65,6013.5237,6005.1417,6222.79,6235.6812,6058.4702,5971.78,6226.3808,6379.2472,6271.49,6159.8116,6123.5512,6127.69,6098.9069,6068.7597,6054.98,6038.8547,6023.7845,6129.62,6333.6031,5665.7803,4399.88,3924.8808,4158.0987,4498.76,4424.7309,4250.4813,4193.46,4184.5041,4235.0259,4299.25,4293.7079,4303.5022,4377.05,4454.4638,4371.9534,4178.55,4130.4643,4344.4468,4524.47,4275.5256,4269.98,4589.03,4561.9451,3981.5134,3281.89,3140.2362,3162.3684,3151.09,3282.173,3353.7054,3346.72,3438.0917,3468.2388,3425.11,3414.6896,3100.9655,2600.29
2025-10-31,2433.8663,2483.6733,2537.21,2511.1108,2542.1014,2587.01,2477.425,2466.2804,2590.65,2619.511,2545.8686,2452.72,2430.7813,2478.9461,2550.25,2586.8306,2580.251,2597.16,2700.9632,2702.9168,2595.04,2571.9759,2657.0784,2740.91,2682.5138,2566.1278,2581.99,2819.5988,2799.6363,2562.34,2629.6322,2808.804,2898.88,2887.6862,2807.671,2702.64,2635.5078,2725.6095,2847.03,2774.5821,2897.4921,3173.86,3164.1042,3169.5417,3257.97,3167.2248,3015.0054,2993.8,3187.5805,3351.6526,3295.97,3093.2092,3287.2128,3774.64,3883.2572,3720.6025,3630.45,3827.9341,3904.8716,3816.8,3893.5352,3896.9729,3773.79,3734.1441,3715.3368,3653.76,3576.3491,3583.8914,3692.68,3803.812,3774.8079,3646.73,3579.6995,3449.6508,3351.29,3517.6128,3587.0996,3503.54,3554.1365,3581.9999,3560.82,3633.5158,3641.4641,3530.97,3421.2435,3388.9577,3451.3,3563.0641,3618.2727,3529.13,3314.4993,3272.3045,3402.76,3415.1508,3324.9213,3260.46,3333.3,3459.6556,3542.5,3499.9357,3179.3066,2694.22,2407.744,2523.7857,2757.2,2614.9389,2536.0108,2722.26,2905.3626,2852.1382,2695.89,2763.5527,2762.9852,2614.43,2571.2045,2725.9687,2925.73,2901.1973,2725.9961,2617.81,2727.5085,2732.4756,2605.97,2642.7916,2765.9679,2835.51,2804.5296,2849.8896,2960.38,2907.9764,2587.9297,2293.12,2439.4875,2506.8757,2378.54,2417.1137,2356.3863,2207.06,2269.6479,2259.3897,2199.38,2406.4855,2551.2558,2471.51
2025-11-01,2342.2452,2342.6598,2445.98,2476.3526,2471.7809,2452.28,2398.3414,2420.655,2516.41,2572.5638,2619.589,2657.22,2633.612,2566.6865,2564.35,2719.5847,2790.5983,2726.32,2722.3613,2852.2463,2973.93,2852.3624,2608.0728,2441.28,2477.7095,2593.7409,2690.1,2735.3377,2634.529,2536.72,2704.1008,2823.6107,2784.44,2775.9517,2791.7735,2756.68,2630.8091,2570.0915,2552.0,2467.7801,2741.7626,3198.36,3192.0475,3121.9059,3237.5,3357.9654,3269.6531,3072.13,3087.3713,3254.6259,3297.62,3073.3267,3381.8137,4001.35,3919.5035,3943.541,4146.0,3798.0283,3728.409,4013.8,3894.7191,3854.542,3980.77,3815.8732,3592.012,3555.59,3706.0291,3735.9935,3646.3,3703.4667,3715.4717,3615.41,3562.1836,3635.1529,3733.57,3678.9009,3604.2433,3554.1,3456.6299,3439.2289,3491.66,3476.6367,3498.1359,3547.25,3497.3679,3446.8345,3430.37,3397.9613,3440.8204,3527.51,3517.6804,3469.452,3422.81,3346.4016,3212.1415,3234.88,3621.191,3623.9722,3275.3,3306.2739,3195.2314,2827.46,2693.7454,2776.5884,2812.66,2586.5113,2496.0867,2615.84,2646.0402,2692.1912,2733.22,2615.7768,2574.7965,2599.87,2466.7082,2460.1807,2649.73,2769.3428,2616.8529,2456.66,2724.4087,2791.1702,2613.07,2761.3124,2863.0427,2756.24,2689.122,2723.9524,2828.66,2896.0715,2707.4719,2415.69,2397.2928,2347.223,2223.77,2304.3941,2400.2364,2418.2,2455.3243,2498.495,2457.45,2345.8903,2740.4002,3406.47
2025-11-02,3476.668,3344.5516,3350.43,3440.3935,3504.1368,3526.99,3557.2106,3483.6278,3407.43,3553.3023,3640.8554,3589.31,3593.411,3636.6549,3675.85,3703.2003,3732.0751,3747.19,3702.0738,3566.4871,3462.71,3555.5683,3600.0991,3529.23,3517.1359,3573.7157,3632.77,3643.2503,3733.3324,3869.28,3861.3321,3724.1997,3532.69,3457.4491,3985.5318,4769.94,4899.8946,4838.2169,4864.27,4792.2668,4718.9298,4716.12,4780.4424,4994.5325,5042.78,4661.8146,5374.1147,6728.52,6675.69,6411.1934,6574.54,6590.9787,6593.5291,6659.18,6641.1902,6499.5303,6416.15,6593.8968,6575.9148,6352.55,6352.8097,6323.3091,6286.99,6528.2298,6589.3423,6433.94,6467.2731,6432.046,6310.35,6357.1429,6285.2515,5972.03,5660.2962,5802.9947,6142.71,5991.0991,5942.8097,6205.49,6361.0433,6355.6624,6300.29,6304.1289,6217.6438,6086.5,6124.92,6186.4829,6203.7,6223.0576,6076.1129,5925.57,6132.3101,6317.8421,6255.68,6099.903,6142.8205,6260.79,6095.7481,6108.2538,6269.15,6091.4629,6027.7513,6174.25,6149.2894,6054.5565,6105.77,6238.1524,5399.0746,4122.22,4102.4282,4391.2326,4373.47,4362.6768,4335.9061,4307.29,4367.7014,4394.6988,4418.22,4560.4839,4505.5914,4312.74,4370.8987,4451.3428,4412.04,4356.3107,4376.4338,4409.41,4307.6982,4185.5388,4240.45,4478.5114,4126.459,3379.8,3236.7702,3272.9434,3185.99,3148.265,3259.6969,3392.83,3318.5893,3212.5035,3251.92,3425.9767,3399.2615,3256.76
2025-11-03,3402.7052,3530.9279,3477.17,3403.8763,3468.8517,3565.64,3452.534,3374.2238,3456.02,3574.6607,3594.0913,3518.21,3486.132,3605.4979,3736.61,3632.9061,3559.8363,3635.12,3714.098,3716.9383,3604.59,3432.2182,3523.2854,3756.05,3678.149,3552.2318,3582.64,3696.9522,3699.41,3660.99,3807.8329,3822.5664,3599.98,3467.2117,4027.3068,4848.09,4831.8372,4595.5372,4640.85,4852.9617,4893.0561,4770.54,4797.7405,4903.068,4842.92,4596.5693,5246.4843,6446.87,6696.8048,6659.2577,6760.64,6711.7249,6548.1102,6448.06,6542.5571,6575.5542,6487.91,6469.5178,6527.9631,6588.48,6564.8578,6462.9654,6396.11,6475.6255,6482.0794,6415.55,6469.3661,6412.5255,6249.75,6228.8003,6196.1133,6054.88,5907.1284,5986.4457,6096.15,5860.601,5986.7925,6386.06,6262.2155,6236.1691,6422.25,6309.6875,6347.3114,6539.25,6383.0261,6118.822,6005.34,6065.7873,6091.392,6065.43,6159.3221,6301.8674,6296.76,6036.1756,5986.5432,6154.18,6111.2616,6095.8029,6177.53,6160.1612,6143.4227,6179.17,6187.4549,6075.7624,6026.31,6197.3758,5611.6824,4510.59,4203.462,4269.4265,4293.79,4291.9814,4189.9335,4139.67,4362.5112,4373.4781,4199.46,4337.0774,4416.4764,4287.55,4194.6264,4183.7463,4242.4,4331.5864,4331.7637,4308.53,4419.4598,4388.2541,4263.37,4306.7271,3934.8002,3317.59,3273.564,3358.3394,3301.07,3294.5148,3379.3799,3396.91,3176.1591,3104.3618,3326.12,3588.1519,3599.3968,3477.43
2025-11-04,3563.3362,3467.7649,3318.98,3621.2357,3609.7516,3243.26,3262.8641,3362.8451,3368.23,3432.1033,3414.6452,3343.09,3418.896,3562.4202,3641.08,3601.2505,3613.1163,3631.45,3474.0671,3476.4749,3673.06,3759.9862,3805.6487,3772.18,3547.8632,3518.3357,3659.17,3574.9005,3518.4297,3590.68,3643.9963,3798.9776,3852.93,3567.6753,4062.5127,5069.73,5131.9597,4923.2092,4922.2,4901.9735,4804.2605,4685.22,4654.1227,4765.1602,4799.97,4630.7013,5436.4273,6736.43,6737.2865,6319.0168,6297.22,6594.0807,6609.7981,6375.47,6443.7563,6463.3406,6353.28,6414.9321,6469.612,6425.24,6377.2951,6324.8334,6285.7,6300.3766,6323.3148,6385.44,6516.0045,6369.9821,6106.69,6204.5859,6064.8951,5772.79,6018.8318,6113.3994,5866.93,5836.8551,6133.0148,6449.06,6348.1281,6050.2538,5929.15,6164.2665,6242.4743,6144.85,6291.0293,6220.1622,6019.11,6265.3862,6424.3807,6264.7,6092.4359,6002.9229,5995.18,6042.6223,6158.3576,6218.57,6066.146,5985.9268,6059.26,6086.8273,6014.9441,5963.91,6085.6676,6140.1451,6193.8,6388.6776,5626.8981,4356.0,4236.5029,4386.2481,4287.08,4318.7484,4379.5457,4403.71,4455.4169,4453.2404,4385.05,4337.1548,4357.1823,4429.78,4486.4317,4458.344,4365.23,4291.9306,4237.8412,4317.81,4609.2829,4528.1518,4214.71,4294.1915,3836.0959,3097.29,3332.0549,3496.0844,3230.1,3223.5934,3267.4414,3248.81,3317.714,3344.8124,3335.51,3432.0903,3497.259,3457.44
2025-11-05,3388.5113,3414.2355,3524.92,3577.863,3482.4095,3352.52,3415.0213,3587.0812,3682.79,3570.106,3423.5216,3420.84,3582.3569,3610.3785,3531.49,3634.2565,3659.8301,3584.38,3641.0206,3601.0518,3471.02,3519.1632,3642.9442,3684.2,3590.3801,3556.9068,3599.34,3576.3464,3670.3421,3822.05,3770.0524,3730.7981,3709.22,3580.0518,3990.094,4750.86,4939.97,4820.6186,4809.62,5032.0255,5083.2056,4903.57,4818.3261,4789.2122,4691.08,4635.2193,5564.1204,6859.91,6838.7377,6572.7169,6650.76,6609.1003,6533.2723,6512.11,6502.0697,6517.2143,6556.5,6571.3247,6460.8868,6419.58,6695.8474,6570.0307,6153.45,6278.7445,6391.2812,6328.58,6462.6959,6337.6779,6125.18,6442.2998,6371.5485,5855.29,5805.7922,6009.5834,6087.4,5936.9299,6017.3914,6275.44,6210.5655,6124.7777,6188.65,6268.1666,6362.1243,6375.77,6191.0325,6105.1606,6217.31,6335.5535,6323.0291,6195.8,6080.8942,6008.1665,6033.32,6188.5121,6218.4027,6096.1,6033.0685,5997.5161,6050.01,6278.6001,6279.8059,6081.98,6111.4709,6172.5225,6172.8,6117.2238,5392.8263,4442.7,4400.8318,4364.7551,4132.34,4377.4515,4426.6976,4164.17,4183.8475,4298.4776,4346.72,4368.7132,4292.1131,4159.14,4125.7766,4216.7307,4298.97,4234.3764,4334.7636,4501.94,4320.779,4185.7895,4290.1,4375.2818,4041.7361,3470.54,3281.6241,3401.2141,3501.51,3343.2107,3311.9445,3391.08,3216.8527,3243.8664,3447.82,3321.5795,3171.5571,3203.62
2025-11-06,3315.0687,3417.619,3490.15,3543.195,3482.4021,3392.32,3461.2324,3483.452,3476.03,3648.5087,3701.5232,3548.48,3424.2967,3467.5146,3602.09,3641.286,3694.3408,3761.92,3694.6404,3489.9511,3378.71,3609.0147,3740.2715,3636.19,3575.7402,3583.0906,3582.02,3513.6516,3506.6504,3565.0,3585.9408,3714.3982,3863.61,3836.7305,4145.3381,4725.22,4931.0054,4821.6996,4741.55,4946.5975,4962.6327,4721.77,4642.9033,4726.6613,4739.67,4629.4459,5476.2965,6766.33,6805.1088,6636.5995,6772.36,6676.3585,6558.8678,6512.79,6390.7087,6346.7278,6445.6,6578.1664,6616.3642,6517.01,6363.9413,6382.4402,6476.99,6334.1664,6183.3537,6249.23,6494.8227,6443.8651,6195.73,6292.7703,6336.192,6195.01,6149.9235,6091.1897,5925.6,5758.5889,5981.6223,6384.79,6347.1561,6269.6694,6354.57,6388.3609,6340.8957,6234.29,6114.2727,6108.4514,6201.94,6240.0138,6166.8187,6099.3,6186.2126,6138.1216,6003.45,6110.9157,6134.6156,6040.78,6122.5979,6151.9145,6077.14,6095.961,6155.8596,6150.73,6023.1612,5867.2973,5959.3,6351.265,5711.1352,4387.82,4147.5363,4341.9671,4392.88,4400.6895,4393.7055,4314.18,4130.8668,4140.8028,4285.65,4216.5139,4162.61,4227.24,4284.1332,4381.7138,4432.14,4303.2513,4390.5944,4612.22,4490.2555,4393.6003,4562.22,4734.5989,4094.5345,3098.17,3093.3788,3393.2014,3401.79,3218.1278,3239.3773,3475.25,3567.878,3513.1342,3471.26,3506.424,3057.3563,2374.25
2025-11-07,2332.5113,2458.0797,2476.92,2573.8486,2588.3422,2526.9,2580.8837,2648.4209,2661.45,2661.2713,2683.6971,2692.35,2633.4682,2653.7708,2759.37,2790.3941,2694.1077,2562.77,2547.6378,2576.1994,2624.86,2727.3729,2731.1819,2637.08,2596.7433,2565.6181,2552.72,2619.1211,2623.2766,2565.25,2600.3313,2727.0687,2811.94,2721.1285,2671.9766,2727.08,2766.267,2897.5301,2949.65,2667.1999,2770.3329,3241.55,3314.5677,3164.8309,3118.03,3289.8342,3355.4641,3235.56,3178.7623,3314.4453,3434.41,3269.673,3479.3888,3953.16,3900.469,3801.6685,3820.85,3653.4946,3673.9153,3823.13,3659.3858,3623.3855,3772.88,3723.2554,3743.5839,3865.04,3816.3143,3739.3181,3680.2,3554.776,3559.4376,3683.09,3704.8321,3680.3826,3655.27,3601.761,3528.2248,3440.89,3356.9516,3380.8876,3528.27,3688.1021,3694.6611,3554.24,3441.3322,3458.7542,3540.14,3516.5929,3404.6906,3238.33,3099.8817,3357.8332,3757.9,3646.1163,3520.5103,3541.56,3379.1363,3262.6672,3323.99,3387.8217,3059.1081,2594.78,2670.7687,2843.0201,2857.04,2873.0367,2809.6454,2720.04,2772.5866,2803.397,2738.1,2663.9999,2615.7655,2608.02,2639.8842,2671.5708,2727.26,2846.292,2844.3263,2713.31,2652.7096,2752.3475,2897.97,2881.3606,2810.9036,2785.82,2784.3063,2673.2959,2564.28,2656.7611,2452.6987,2094.41,2252.1161,2459.1004,2463.84,2479.0932,2538.6381,2570.27,2494.8389,2422.1715,2376.96,2311.087,2405.3407,2630.28
2025-11-08,2716.9924,2529.5738,2314.74,2454.9252,2515.6368,2442.37,2598.0769,2681.6875,2635.03,2683.3313,2547.1477,2344.0,2518.0698,2723.3384,2727.67,2630.8909,2587.7933,2673.49,2805.0937,2651.6428,2371.33,2457.7927,2563.1025,2518.66,2517.8779,2615.0535,2732.09,2735.4338,2644.369,2553.82,2556.6951,2595.5056,2649.59,2741.1868,2770.9488,2747.59,2771.5893,2757.8583,2675.56,2630.7962,2850.5401,3177.08,3202.1182,3159.6682,3210.78,3289.849,3372.8918,3355.36,3146.5317,3067.4188,3135.31,3126.4525,3451.8748,3962.45,4020.4209,3912.362,3834.73,3718.6006,3736.6554,3819.16,3729.5661,3768.7299,3895.69,3762.3487,3691.6019,3756.08,3712.5848,3735.6323,3833.4,3788.2282,3588.8899,3463.24,3658.8995,3781.3292,3650.24,3493.7267,3641.3315,3879.17,3677.5758,3483.5784,3567.71,3745.3322,3734.6793,3599.54,3629.3986,3572.5538,3415.96,3403.2208,3309.7295,3177.62,3310.7611,3512.7281,3561.32,3409.8682,3290.3686,3293.5,3334.8341,3460.3972,3557.86,3395.2762,3039.2881,2723.3,2671.2559,2715.295,2725.03,2699.8683,2616.5761,2531.97,2547.2215,2593.7853,2598.44,2575.0343,2714.8306,2888.47,2769.9583,2689.2607,2787.25,2851.3745,2698.5634,2494.37,2578.4817,2655.2778,2664.23,2817.8745,2845.7353,2698.8,2635.2629,2748.5068,2920.92,2903.6619,2601.1127,2280.93,2345.9721,2461.545,2428.92,2366.7586,2362.1861,2366.25,2291.3954,2373.331,2455.3,2233.754,2647.5585,3381.19
2025-11-09,3167.857,3149.7413,3569.07,3497.8716,3380.2951,3453.78,3479.0277,3564.2615,3654.35,3539.3248,3410.4626,3442.85,3616.1405,3624.5726,3525.43,3642.0475,3649.9742,3521.25,3573.1492,3659.1323,3694.32,3738.5108,3706.1654,3627.26,3633.7193,3653.6599,3649.71,3641.0271,3536.9331,3506.46,3791.0412,3800.8318,3454.36,3366.9996,4019.9316,4848.71,4780.7079,4680.4471,4842.56,4733.1353,4739.2221,4904.93,4860.6024,4895.9509,4900.73,4595.9424,5227.1009,6484.59,6705.5219,6552.7667,6580.2,6631.7039,6566.9098,6452.79,6489.0108,6623.4393,6733.18,6708.1378,6523.0191,6422.84,6681.9283,6725.2641,6436.05,6274.032,6305.2207,6336.87,6175.7844,6213.7986,6425.01,6369.7529,6209.8812,6124.43,6126.5822,6128.0606,6114.27,6134.8478,6112.9089,6089.23,6190.5956,6288.4228,6235.48,6026.3202,6016.5556,6226.12,6317.7982,6234.6457,6157.18,6286.1561,6273.3316,6107.61,6141.3436,6278.8904,6374.42,6359.7936,6215.2635,6064.3,6089.2699,6182.3744,6199.92,6104.7516,6120.1556,6230.91,6204.2855,6148.6381,6222.59,6318.1317,5488.7922,4278.68,4256.9032,4353.6146,4188.76,4419.4458,4419.6797,4162.71,4283.2285,4348.2067,4255.08,4359.3895,4432.1751,4404.56,4439.6108,4387.1789,4255.49,4247.0575,4378.0219,4545.81,4584.2725,4369.3631,4208.77,4460.8033,4073.9332,3219.64,3175.5482,3352.4224,3334.96,3324.6367,3353.9806,3314.78,3112.8325,3058.8396,3196.64,3285.0283,3408.6248,3501.71
2025-11-10,3397.8294,3448.7678,3632.71,3563.0563,3410.194,3332.74,3353.6463,3563.9386,3719.26,3467.5091,3408.3187,3614.74,3562.4764,3406.9533,3379.27,3534.1876,3639.6652,3569.32,3420.562,3462.8453,3592.54,3487.3949,3579.096,3850.54,3820.6216,3709.6005,3694.3,3722.7834,3732.4522,3684.55,3588.7126,3546.5396,3557.27,3615.6717,4161.3546,4890.6,4960.112,4777.0153,4730.87,4826.8803,4896.6931,4858.9,4770.4647,4729.6122,4711.21,4733.7771,5465.4245,6506.5,6686.8006,6648.2681,6768.85,6763.5201,6622.2736,6517.85,6616.9087,6650.7486,6531.87,6433.9608,6409.2858,6445.88,6498.8595,6518.307,6543.21,6644.935,6672.8143,6596.17,6532.7095,6488.7754,6464.42,6453.375,6338.3216,6160.37,6087.811,6054.2498,5987.01,5924.8537,6114.3017,6392.72,6331.0544,6257.7921,6268.99,6152.1457,6151.509,6254.4,6200.5986,6227.9968,6362.78,6368.2327,6312.2625,6223.72,6069.8203,6035.4972,6098.56,6066.9581,6109.5929,6237.08,6266.8618,6246.0561,6207.34,6128.7247,6068.4921,6115.96,6268.3634,6146.3777,6012.68,6343.3089,5630.1324,4304.12,4381.8244,4525.1538,4258.63,4454.7922,4503.7932,4271.56,4302.4256,4402.3125,4397.08,4343.0334,4356.0936,4428.76,4443.1594,4383.4483,4252.38,4119.8632,4327.6346,4593.59,4293.178,4163.3239,4463.23,4635.9352,4195.3193,3426.21,3120.3338,3126.3415,3185.2,3216.4984,3300.8608,3366.48,3262.6254,3272.1856,3436.93,3495.5375,3389.0295,3299.55
2025-11-11,3457.6302,3554.3115,3454.33,3332.7807,3354.7244,3474.67,3496.8367,3444.8758,3446.66,3595.9219,3670.296,3570.88,3424.146,3434.779,3568.54,3608.3233,3623.2473,3590.86,3421.2486,3404.0522,3598.53,3756.1275,3713.7285,3522.66,3395.0844,3423.4775,3553.01,3632.8979,3596.2571,3546.63,3662.0976,3824.4878,3801.92,3567.7396,4006.6199,4829.09,4846.0056,4832.5872,5012.31,4826.967,4791.9972,4960.93,4873.6328,4948.1567,5034.64,4676.2109,5274.8968,6533.38,6666.9218,6579.9797,6681.69,6464.7744,6484.1245,6705.09,6522.0976,6484.2527,6657.57,6528.95,6381.8193,6429.3,6559.9297,6495.0537,6350.8,6484.5849,6507.8805,6364.3,6400.0515,6483.5671,6481.19,6384.2716,6195.3202,5999.01,5934.3618,6026.4684,6080.09,5893.3814,5970.3715,6275.76,6266.051,6222.1272,6310.63,6378.9554,6318.5494,6220.52,6260.879,6229.0465,6133.44,6193.8304,6214.1643,6106.52,6010.4534,6099.8012,6251.76,6188.1136,6201.0026,6288.05,6158.0073,6110.0397,6235.48,6288.5291,6129.3857,5954.11,6088.2455,6173.8218,6137.38,6133.7471,5452.3771,4446.06,4292.3668,4361.7449,4301.12,4358.3913,4241.4094,4096.45,4372.8743,4442.7298,4237.83,4320.7675,4447.5538,4441.97,4394.0372,4342.4699,4267.27,4153.0829,4164.7848,4293.42,4357.5675,4366.5985,4453.18,4608.622,4030.1025,3172.41,3351.3531,3550.7415,3331.8,3256.3457,3197.5715,3178.22,3418.639,3601.5549,3510.29,3264.4705,3342.2002,3580.04
2025-11-12,3381.7557,3301.3094,3442.44,3347.3428,3281.143,3379.29,3476.6586,3484.9209,3444.95,3460.0697,3462.722,3462.52,3534.6513,3541.7806,3506.56,3580.8224,3587.7027,3547.24,3637.0281,3561.3758,3409.03,3582.331,3730.489,3670.75,3580.4636,3620.6528,3734.19,3729.0359,3706.1623,3666.67,3544.6096,3677.4137,3819.49,3465.0149,3741.334,4619.66,4905.9511,5003.8474,5070.64,4824.3125,4838.6377,5017.83,4729.5657,4710.4366,4954.84,4806.4209,5313.9615,6401.5,6793.4453,6664.854,6501.33,6584.3917,6666.504,6599.01,6464.7931,6350.1526,6311.89,6364.6095,6465.3079,6554.59,6575.4206,6496.6491,6458.84,6640.3825,6721.3487,6511.58,6166.6397,6171.7978,6442.97,6413.9947,6186.1754,6032.84,6103.8289,6079.0842,5888.75,5803.1275,5972.1964,6276.89,6414.2418,6294.6104,6094.01,6102.571,6228.8085,6303.82,6233.7006,6140.9853,6147.77,6260.9745,6256.0086,6121.49,6060.7793,6056.3209,6079.36,6122.3531,6083.2938,6034.03,6129.205,6081.4455,5917.18,5979.1297,6168.9517,6266.27,6145.7413,6080.1391,6206.63,6277.0834,5502.0315,4301.4,3996.9382,4166.9,4343.47,4443.7719,4320.5026,4124.95,4194.939,4344.6041,4406.95,4392.3846,4403.032,4455.45,4467.4078,4393.8163,4315.0,4335.4049,4216.3701,4092.27,4322.5506,4362.9764,4264.89,4518.7818,4133.3386,3280.69,3212.8722,3358.9317,3341.59,3365.6764,3309.9532,3214.99,3276.7382,3317.9855,3245.03,3168.2575,3281.3076,3458.31
2025-11-13,3397.4385,3424.8099,3535.08,3400.5232,3354.7724,3497.84,3578.4101,3557.076,3446.12,3310.2527,3426.9987,3676.14,3651.3428,3592.4894,3602.02,3559.8388,3655.3211,3790.09,3656.6074,3566.4487,3578.69,3472.9114,3536.5577,3745.88,3744.3254,3614.4892,3545.54,3641.4517,3708.0805,3712.33,3769.0731,3657.3281,3393.13,3344.1417,3952.5715,4818.11,5012.0632,4905.5451,4816.28,4742.6769,4931.2566,5110.38,4762.0979,4673.0585,4871.37,4751.3028,5451.8339,6640.26,6683.8734,6394.4096,6421.12,6606.435,6747.6715,6716.99,6518.475,6366.5917,6351.01,6392.9656,6446.0581,6472.6,6450.8284,6426.4955,6429.05,6451.0123,6471.7796,6508.85,6579.1048,6542.57,6439.81,6421.6492,6217.9521,5878.9,5788.098,5943.6417,6076.5,5945.9135,6054.7511,6328.2,6202.31,6185.3617,6314.28,6117.6019,6055.0107,6221.99,6230.4388,6174.6134,6182.28,6257.3897,6290.7432,6309.46,6409.0092,6323.1627,6130.54,6180.4207,6174.4926,6058.19,6085.0608,6109.128,6103.24,6193.972,6238.1857,6210.41,6224.9271,6214.3084,6279.13,6435.9314,5584.8722,4204.18,3998.2732,4177.0965,4191.28,4297.2967,4436.4524,4470.94,4345.4209,4286.4281,4354.27,4404.8344,4422.5794,4424.35,4427.3797,4455.8026,4442.72,4299.2778,4213.0674,4285.56,4421.0045,4379.3207,4331.02,4559.5956,4090.2113,3211.21,3239.6476,3325.562,3168.66,3324.219,3364.8166,3293.94,3531.0885,3447.2627,3111.3,3196.1021,2968.7627,2427.59
2025-11-14,2387.825,2569.8571,2649.74,2589.6885,2525.541,2509.73,2499.075,2557.1657,2607.0,2522.624,2632.6567,2830.39,2680.4791,2611.4168,2707.04,2627.1849,2590.2833,2685.97,2744.788,2666.7308,2534.28,2534.8879,2624.2891,2626.31,2436.9167,2500.3027,2736.0,2625.6196,2531.3118,2637.17,2752.8931,2812.8106,2794.23,2717.3133,2732.4439,2755.35,2589.3671,2630.7757,2835.56,2769.1372,2781.4779,2991.77,3145.4294,3225.0155,3244.08,3193.1864,3104.2381,3044.09,3072.6252,3126.9673,3161.94,3228.8257,3549.2122,3911.19,3858.9372,3838.0272,3953.33,3860.9284,3701.3218,3616.19,3625.4008,3757.1829,3833.95,3638.324,3605.4534,3756.43,3692.9376,3642.2529,3659.28,3568.8135,3599.252,3707.95,3606.5684,3516.8765,3573.3,3666.1493,3596.6015,3403.73,3341.2614,3481.8946,3655.76,3629.7586,3677.0672,3773.61,3612.5537,3448.8286,3431.25,3466.1973,3496.7527,3512.06,3519.0102,3465.8585,3442.21,3576.5916,3546.3482,3338.93,3288.1328,3410.8097,3552.36,3491.8623,3109.4234,2677.68,2642.8186,2694.0164,2646.45,2615.4223,2638.3095,2699.41,2748.9919,2727.3954,2705.7,2807.6635,2844.2463,2729.99,2588.0291,2629.1089,2770.0,2732.6713,2705.6097,2776.05,2816.2669,2733.5491,2663.25,2798.6024,2725.948,2539.72,2750.6256,2908.9295,2846.49,2806.8467,2583.6246,2290.85,2294.184,2233.3534,2069.11,2135.9938,2244.1377,2289.02,2350.1195,2361.0581,2358.25,2460.589,2553.2869,2534.07
2025-11-15,2422.0646,2420.5544,2517.11,2516.8892,2531.2965,2570.87,2532.3563,2568.7917,2677.97,2680.6473,2578.0038,2495.83,2552.6229,2542.4112,2472.95,2559.7545,2672.0219,2712.1,2711.6393,2725.1951,2757.44,2762.248,2712.6536,2708.14,2850.4759,2790.3034,2609.77,2725.9314,2737.8841,2600.21,2683.605,2770.8276,2752.8,2748.7253,2744.9571,2680.35,2549.5693,2599.1301,2750.64,2706.4819,2824.1306,3174.36,3412.4684,3363.228,3181.41,3189.9964,3260.3929,3287.13,3293.584,3260.7098,3127.57,2945.503,3293.4737,3961.09,4103.9797,4013.5398,3941.45,3856.2927,3917.534,4065.91,4048.2423,3914.9637,3768.01,3667.9765,3617.8165,3566.49,3480.9991,3546.0208,3681.92,3618.7755,3588.3202,3635.55,3581.215,3599.8121,3687.0,3667.4137,3747.9746,3856.66,3699.2833,3587.0857,3625.53,3622.0416,3630.8108,3630.17,3528.8679,3511.3423,3558.23,3486.2725,3536.4851,3666.34,3570.6827,3453.0274,3390.7,3295.6942,3425.466,3583.13,3297.506,3146.5399,3342.93,3460.0843,3080.4965,2529.28,2565.6359,2768.0302,2786.17,2670.4428,2572.7388,2591.57,2710.1784,2756.3432,2680.56,2602.1841,2662.2608,2761.96,2680.8556,2671.5116,2771.81,2763.0921,2738.3616,2767.66,2818.982,2869.6642,2883.8,2821.6764,2699.8562,2653.56,2790.8357,2722.2017,2587.51,2859.4661,2769.5366,2296.44,2219.302,2274.5795,2261.49,2297.1113,2424.3279,2547.26,2525.0765,2492.2642,2402.96,2172.6978,2516.5671,3263.2
2025-11-16,3463.6701,3401.703,3373.87,3390.6381,3536.1139,3664.01,3507.4879,3316.4462,3250.21,3284.0152,3529.2143,3732.19,3484.5085,3339.4118,3530.01,3723.3071,3603.0912,3349.49,3449.8354,3680.2481,3718.17,3478.3602,3459.3775,3676.55,3671.7398,3599.4378,3625.97,3716.958,3644.7356,3513.16,3661.7374,3861.9183,3789.36,3462.2446,3989.9695,4993.88,4948.6765,4740.5859,4897.47,5016.4444,4905.1286,4687.73,4668.6348,4849.9201,4921.39,4700.8876,5369.0329,6515.26,6508.6585,6506.9086,6842.87,6661.9289,6504.2221,6632.58,6731.1444,6741.0182,6672.47,6567.4992,6591.705,6671.28,6548.0295,6310.0252,6191.66,6372.0233,6587.5463,6592.76,6406.1521,6548.079,6834.83,6555.3286,6180.0346,5995.88,5876.3074,5974.532,6102.39,5895.4338,5918.6071,6240.98,6345.1349,6297.2573,6280.05,6377.7896,6434.7104,6324.54,6095.856,6115.6044,6268.3,6099.5773,6021.9359,6174.96,6261.0002,6220.8401,6155.36,6197.2312,6232.5044,6229.6,6260.8849,6241.0298,6198.22,6270.9552,6416.1974,6437.73,6180.9881,6063.5289,6217.86,6276.2524,5630.4357,4604.56,4198.6113,4176.6883,4258.91,4395.9658,4370.5476,4218.58,4192.2452,4221.5534,4285.81,4429.2388,4435.8311,4308.71,4276.1654,4326.2893,4423.63,4532.6735,4471.0406,4291.42,4250.7838,4334.1408,4450.65,4441.4332,3928.6456,3246.76,3189.7425,3338.747,3355.41,3309.2679,3325.9519,3380.46,3351.173,3361.2592,3366.3,3241.0203,3422.5977,3665.39
2025-11-17,3292.4654,3157.2223,3404.1,3360.8083,3460.9963,3753.15,3756.2304,3564.0187,3374.69,3337.7163,3577.8731,3833.32,3658.0726,3382.2783,3281.49,3358.5795,3535.442,3682.2,3682.8133,3612.8803,3575.0,3613.6511,3630.4482,3593.3,3553.8243,3497.5365,3532.54,3762.3299,3741.105,3568.21,3767.547,3848.9585,3601.72,3411.5893,3847.6208,4591.21,4731.4359,4680.0489,4774.76,4907.2973,4858.1312,4681.9,4653.1109,4734.2378,4765.1,4751.1498,5467.45,6552.64,6765.9265,6640.6219,6592.88,6519.7352,6531.9118,6549.6,6392.8813,6455.231,6655.45,6529.254,6532.9753,6674.32,6485.9247,6325.8651,6386.39,6476.6326,6404.4851,6262.4,6314.0676,6394.8284,6445.82,6525.9653,6326.0194,6001.16,6038.4692,6039.2449,5876.59,5872.3442,6131.6861,6380.69,6244.4292,6195.7307,6330.31,6268.0099,6095.7243,6030.5,6190.9302,6285.8516,6184.77,6030.8312,6001.8721,6119.29,6247.7282,6276.3179,6161.82,5970.6291,5953.6099,6062.07,6017.7433,5996.4049,6115.13,6292.2979,6362.1195,6290.13,6173.0606,6038.3653,6068.95,6295.1979,5524.1158,4175.35,3974.3856,4219.4456,4285.73,4256.6246,4227.7734,4269.61,4388.0845,4422.0237,4366.53,4361.1796,4335.4378,4239.54,4130.1956,4177.9203,4348.71,4422.8666,4368.7443,4255.64,4190.1891,4222.0209,4366.7,4506.375,4106.2154,3430.35,3326.2612,3382.5015,3309.47,3239.0851,3205.2722,3256.59,3412.6035,3416.485,3299.8,3314.9347,3191.1504,3102.96
2025-11-18,3495.3361,3617.4711,3374.32,3409.3186,3490.317,3492.76,3569.3486,3636.1701,3604.95,3485.7401,3440.1826,3491.21,3504.1997,3425.6439,3394.44,3583.4616,3640.1067,3519.65,3532.3971,3642.8798,3691.69,3562.1212,3434.5696,3466.27,3642.2099,3668.4555,3612.04,3776.1269,3721.0108,3524.1,3697.4229,3692.8876,3408.68,3409.2859,4017.4445,4791.06,4905.4054,4774.5234,4750.17,4788.4003,4786.6592,4760.72,4816.6368,4901.5859,4813.15,4560.0136,5342.3413,6685.54,6822.0939,6662.0439,6759.29,6735.6315,6667.2697,6617.32,6540.6298,6506.7163,6500.68,6423.543,6303.7742,6324.67,6627.2135,6721.5936,6534.23,6462.5753,6488.423,6512.38,6467.6632,6311.3914,6226.14,6412.5443,6298.5384,5895.9,5810.7038,5912.2224,5962.18,5898.2727,6003.1706,6234.29,6258.5194,6215.0762,6188.27,6134.1694,6197.1445,6371.75,6456.9315,6282.4256,6094.25,6304.8697,6395.3882,6256.7,6277.8287,6263.6121,6131.53,6040.149,6048.8276,6181.05,6387.7306,6379.5503,6204.06,6185.9714,6181.4615,6156.75,6214.8151,6101.5454,5972.0,6120.7232,5470.9101,4295.98,4054.1629,4176.2606,4195.35,4234.0365,4265.5706,4303.59,4396.2603,4399.9195,4316.71,4287.1888,4235.388,4224.35,4383.2042,4347.8764,4165.12,4262.7305,4453.8265,4534.16,4474.8942,4379.1104,4359.92,4382.5023,3943.1135,3268.6,3166.8804,3384.2307,3492.58,3331.7532,3379.1072,3530.04,3224.3118,3015.7436,3191.01,3457.4811,3443.1781,3278.45
2025-11-19,3398.5794,3419.249,3313.96,3461.0976,3596.696,3555.42,3451.1257,3445.4492,3546.88,3622.6679,3626.5794,3598.98,3612.7463,3620.0747,3588.43,3535.266,3494.6766,3532.02,3690.4678,3816.6769,3768.84,3572.06,3645.1793,3821.58,3556.9974,3492.1043,3720.99,3692.7034,3662.108,3746.23,3749.631,3625.1958,3449.53,3462.2497,4173.2014,5008.31,4814.1378,4665.7852,4927.55,4923.4189,4919.0312,4987.49,4891.6154,4898.2432,4883.24,4594.9285,5270.4845,6516.35,6600.2438,6424.918,6554.71,6616.9507,6568.5738,6474.75,6431.0757,6578.913,6675.12,6360.0326,6349.5451,6688.92,6700.6715,6580.5131,6495.88,6402.967,6431.2942,6540.12,6538.7302,6498.5835,6477.08,6429.2379,6237.281,5966.6,5844.2362,5932.3217,6029.93,5887.5395,5919.762,6254.69,6567.3175,6555.923,6289.34,6121.1154,6103.7511,6188.71,6299.7093,6339.7958,6275.61,6165.0087,6149.0243,6215.72,6206.1554,6073.71,5990.47,6164.7744,6214.7944,6057.78,6007.5126,6158.2342,6296.71,6122.1027,5960.146,5985.15,6058.4627,6044.784,6087.23,6290.1256,5583.4136,4361.97,4192.2136,4319.0566,4263.31,4304.598,4270.0658,4200.85,4326.2973,4305.1426,4183.99,4348.7474,4426.6693,4327.68,4344.9015,4395.8862,4400.43,4404.939,4543.7934,4678.7,4512.7097,4284.4053,4277.22,4455.6438,3940.1198,3067.39,3110.8246,3412.9054,3449.84,3357.9971,3373.539,3469.37,3421.5916,3338.8461,3295.73,3283.0351,3424.1012,3573.7
2025-11-20,3451.4104,3424.8246,3496.32,3330.4051,3337.8605,3565.74,3607.7195,3473.5808,3399.72,3573.7832,3552.0117,3402.61,3593.7103,3549.3204,3347.42,3643.9747,3755.3874,3517.65,3477.2986,3569.0324,3666.24,3737.3691,3730.4124,3676.11,3655.9062,3605.9849,3602.99,3779.8398,3801.4385,3620.94,3540.5839,3622.7293,3697.03,3620.6943,3993.0919,4666.0,4825.4,4724.9403,4688.95,4778.2669,4833.0878,4806.45,4798.4437,4827.6488,4735.73,4519.8885,5335.487,6744.38,7006.888,6694.9893,6497.02,6545.7425,6682.3445,6717.89,6576.9159,6478.625,6502.93,6540.0117,6570.0812,6570.38,6519.0139,6503.994,6531.81,6527.2033,6521.807,6499.43,6406.6409,6338.9379,6313.86,6246.6025,6108.751,5925.28,5787.1845,5881.761,6062.41,5995.8234,6014.0603,6209.72,6325.1908,6340.7142,6295.36,6231.1533,6219.9551,6283.45,6358.8823,6289.8743,6201.52,6343.6045,6277.1018,6056.23,6177.8819,6257.2265,6198.98,6272.1426,6157.7061,5933.82,6043.6614,6200.5673,6143.87,5948.499,6135.3278,6459.48,6174.168,5990.5202,6221.29,6331.0174,5542.1147,4409.43,4303.8665,4367.5477,4192.02,4239.8175,4376.0419,4440.4,4418.1634,4337.6079,4270.7,4277.0811,4238.3076,4193.93,4294.0274,4331.323,4282.33,4337.2082,4440.9642,4512.85,4527.1329,4522.8415,4530.58,4469.4412,3942.4569,3229.66,3091.2338,3200.0412,3291.95,3379.9637,3235.125,3065.93,3326.2724,3476.8699,3454.73,3621.7541,3178.3345,2375.58
2025-11-21,2367.6198,2552.6769,2523.08,2492.6029,2560.7905,2600.84,2427.9115,2372.4288,2548.28,2731.2016,2744.9756,2676.45,2739.5433,2686.4494,2582.03,2758.1445,2903.3704,2813.51,2624.0572,2714.1599,2975.08,2939.0975,2868.7091,2826.71,2607.2405,2472.916,2582.06,2804.1429,2777.865,2585.67,2643.6164,2720.5526,2740.13,2855.0703,2859.253,2754.24,2752.9843,2719.7938,2645.06,2695.029,2871.4174,3092.81,3257.3034,3340.3424,3355.81,3316.2702,3164.4992,3056.54,3219.406,3258.9649,3047.5,2928.9986,3396.6284,4050.83,3973.1676,3836.9352,3945.37,3929.9427,3844.0188,3771.53,3718.3758,3709.6957,3720.21,3682.3878,3588.4143,3540.03,3646.3507,3682.5009,3624.53,3648.4187,3599.796,3505.8,3572.4697,3658.6578,3673.26,3658.5232,3632.4573,3638.85,3693.0513,3578.9791,3382.0,3426.2521,3557.6439,3620.85,3577.9025,3383.2735,3263.75,3511.5622,3604.0216,3391.89,3259.3522,3387.31,3532.22,3328.2029,3351.9665,3576.78,3389.8555,3189.9074,3256.62,3402.5972,3131.3155,2658.23,2682.9071,2728.0398,2626.99,2706.9817,2821.7922,2817.53,2694.6871,2596.3754,2582.26,2599.5847,2618.751,2653.63,2711.2959,2638.9993,2537.29,2661.1722,2725.1654,2676.66,2731.9456,2709.4156,2582.93,2543.6068,2615.1969,2769.58,2935.4553,2913.2465,2828.82,2948.5404,2709.9399,2224.55,2212.311,2307.0806,2335.17,2481.7497,2489.479,2368.65,2393.7025,2377.2346,2363.21,2557.5343,2447.9233,2207.79
2025-11-22,2513.7416,2622.926,2433.02,2574.1083,2612.0499,2425.28,2390.9115,2517.3199,2606.29,2472.9128,2403.3937,2488.55,2566.0192,2705.652,2754.91,2495.6255,2545.9329,2899.7,2910.5734,2715.9468,2630.75,2807.3877,2877.5209,2774.84,2765.9359,2731.9626,2694.35,2803.4731,2778.9022,2660.78,2772.5615,2858.1525,2759.98,2611.5277,2698.006,2886.52,2778.3064,2705.5468,2759.86,2744.6202,2996.0763,3368.1,3303.9034,3079.4793,3054.18,3309.4645,3368.3025,3217.79,3281.4846,3331.296,3236.05,3175.2769,3479.4038,3919.1,3916.0597,3853.3295,3883.87,3789.2923,3760.2906,3791.35,3677.9809,3624.6368,3712.91,3805.8404,3811.0619,3765.12,3773.4208,3761.3704,3734.8,3765.047,3690.9928,3571.46,3633.0073,3666.5053,3604.68,3588.2516,3577.5429,3553.59,3537.3442,3443.1639,3343.54,3425.8358,3594.5497,3676.56,3573.294,3492.589,3463.03,3346.6284,3350.1915,3484.14,3516.1851,3392.6044,3285.2,3403.5432,3418.2499,3339.96,3495.9418,3589.7252,3541.54,3523.9807,3229.8546,2733.96,2510.2155,2597.6493,2761.5,2724.3572,2666.9712,2675.6,2653.7241,2618.2983,2649.72,2789.1977,2801.6114,2643.15,2524.6728,2620.6557,2819.24,2825.6949,2713.2872,2695.61,2889.681,2870.1483,2648.41,2666.9289,2803.8428,2853.05,2739.3845,2653.3958,2726.67,2885.6503,2755.6017,2356.53,2126.542,2281.4671,2520.92,2351.8951,2304.7755,2531.3,2632.0661,2560.8866,2362.16,2187.5196,2595.5343,3314.17
2025-11-23,3454.443,3375.439,3447.1,3654.0646,3697.9927,3499.99,3288.5272,3353.1345,3510.33,3337.9555,3366.2497,3609.06,3535.6797,3458.8041,3508.42,3502.0811,3599.8222,3700.91,3541.2208,3577.8362,3804.69,3729.3049,3501.0262,3396.93,3555.7244,3729.5673,3746.64,3661.0753,3724.1576,3830.57,3663.3213,3646.969,3764.77,3660.8691,4091.8499,4833.96,4832.9088,4738.2251,4830.39,4746.8379,4767.7097,4870.98,4755.859,4858.6127,5012.92,4734.3931,5344.9842,6589.98,6778.5543,6587.8428,6503.95,6340.6204,6418.5257,6619.4,6471.2856,6366.5078,6486.83,6610.7178,6639.0381,6594.6,6556.6198,6487.7695,6415.42,6425.2757,6457.8867,6431.46,6333.2472,6355.0927,6475.13,6456.928,6270.0628,6063.36,6016.9946,5947.4633,5812.84,5797.3391,6036.7523,6253.84,6053.2905,6118.2986,6436.28,6310.0517,6159.0846,6144.74,6014.9576,6037.778,6209.38,6224.9381,6200.3727,6205.06,6174.7149,6132.9908,6075.56,5995.4801,6069.602,6237.4,6234.3964,6116.8915,6047.54,6138.7349,6218.1642,6235.51,6270.2518,6164.7061,6094.32,6278.306,5611.0602,4433.01,4293.7532,4483.9687,4408.04,4215.9372,4229.5833,4388.89,4345.8304,4263.0445,4278.52,4338.9445,4267.0977,4167.6,4294.0719,4278.2081,4194.54,4466.5672,4542.1712,4425.4,4634.2386,4557.7661,4251.25,4338.1385,3945.9902,3194.35,3174.5779,3381.2317,3391.66,3291.6607,3209.6728,3218.26,3298.3403,3316.0008,3279.02,3322.0572,3410.0398,3501.22
2025-11-24,3579.4616,3583.0196,3493.78,3383.2064,3445.661,3595.67,3564.6516,3575.7449,3622.25,3477.5761,3441.9891,3535.53,3468.887,3373.1685,3362.2,3416.7042,3494.2692,3580.98,3677.7316,3716.0082,3675.38,3611.4563,3614.3171,3634.44,3544.2488,3488.9171,3569.18,3732.5125,3778.8459,3666.0,3569.1845,3733.2631,3830.82,3418.1678,3849.6951,4954.17,5113.038,4824.5673,4676.83,4733.9521,4815.4282,4831.27,4837.0968,4876.6671,4810.24,4613.0767,5357.7994,6611.21,6750.7663,6494.6496,6474.05,6599.4231,6671.3085,6606.8,6468.9341,6358.8921,6388.11,6590.0022,6689.7521,6625.02,6583.5378,6593.4392,6602.21,6536.7774,6397.3558,6322.51,6447.6967,6438.5477,6321.28,6406.1166,6251.7535,5903.33,5898.9531,6035.659,6041.27,5899.8458,6091.2443,6420.11,6242.1048,6261.9949,6479.77,6188.8772,6026.3966,6215.29,6309.8844,6239.5,6109.12,6060.8498,6089.7405,6122.43,6093.8373,6090.5382,6127.34,6139.2462,6177.7469,6224.92,6186.5969,6067.3966,6006.98,6137.0216,6138.0894,5982.56,5956.031,5983.8859,6125.44,6355.1972,5483.9611,4061.2,3960.3801,4265.3678,4314.25,4362.1028,4435.3049,4473.11,4403.4089,4196.7501,4087.46,4359.5413,4510.2772,4433.18,4480.7917,4471.4065,4364.99,4362.1577,4491.0917,4553.71,4333.0658,4237.0334,4377.59,4414.6126,4037.6218,3442.72,3166.4965,3134.6763,3203.91,3314.8398,3393.5344,3492.18,3682.6396,3616.5182,3384.73,3437.916,3496.3276,3408.88
2025-11-25,3335.9676,3403.664,3471.12,3297.9421,3245.3894,3382.17,3423.5046,3448.3111,3508.15,3543.2381,3540.7508,3492.11,3429.8291,3568.6322,3769.78,3670.4567,3590.9586,3639.24,3613.3753,3615.7729,3688.9,3748.129,3763.4903,3763.58,3780.7766,3699.851,3611.66,3731.6758,3811.2047,3738.35,3646.6499,3622.6697,3586.99,3474.0826,3842.3061,4556.53,4850.0253,4831.0286,4764.43,4784.2029,4791.67,4750.18,4724.9762,4710.9558,4677.08,4736.7507,5551.1817,6596.79,6592.572,6466.8452,6615.8,6535.1399,6497.2091,6586.09,6550.929,6385.8678,6304.13,6505.9262,6550.1482,6396.09,6423.1235,6451.2957,6383.01,6331.0462,6335.3214,6394.68,6477.8686,6516.6588,6479.9,6385.7999,6264.3029,6118.11,5951.745,5889.942,5956.67,6068.1638,6227.9581,6318.66,6226.5304,6395.0529,6631.31,6322.5116,6238.4929,6432.95,6203.4579,6073.4101,6178.09,6095.6418,5994.1939,6043.19,6202.7533,6225.5047,6132.53,6151.3949,6076.8677,5953.23,6049.0471,6102.4481,6108.31,6293.5377,6263.2421,5995.09,5896.3202,5966.0202,6160.64,6304.5974,5503.0129,4269.17,4125.8385,4313.3924,4268.47,4200.7715,4265.9748,4393.28,4393.5956,4410.2564,4402.97,4194.7572,4119.8898,4235.75,4277.6362,4317.2715,4381.31,4387.048,4348.0043,4281.28,4217.6615,4320.929,4571.88,4670.6189,4103.2107,3279.33,3198.823,3345.9204,3330.79,3279.5361,3311.934,3361.62,3283.6866,3320.5727,3493.94,3560.3719,3495.4118,3354.59
2025-11-26,3232.8252,3283.2146,3390.23,3311.4291,3402.9606,3594.14,3443.5058,3325.2414,3377.69,3369.2815,3369.5034,3442.2,3557.3506,3655.246,3727.32,3779.9277,3661.5781,3475.46,3488.0865,3458.3285,3427.99,3662.8252,3699.8567,3521.8,3577.8607,3663.4284,3628.37,3549.5481,3509.8676,3536.38,3609.253,3732.8352,3739.43,3536.4132,3989.5947,4918.01,5197.959,5076.1733,4882.91,4688.9011,4615.7054,4708.81,4896.9524,5008.7882,4844.24,4515.3724,5309.24,6703.23,6826.0801,6764.0254,6960.41,6746.6493,6599.5769,6652.02,6544.5466,6516.0514,6601.43,6563.1032,6511.2219,6531.23,6571.3888,6504.7653,6440.06,6574.1019,6475.3973,6276.2,6514.777,6501.3232,6193.74,6251.1541,6305.411,6142.38,5980.4229,6061.7711,6165.67,5875.7697,5817.1036,6117.46,6283.9477,6380.2905,6357.47,6081.647,6090.1048,6392.31,6453.391,6350.3304,6215.54,6096.4343,6113.7301,6235.94,6286.1869,6199.2408,6086.61,6138.2179,6270.6946,6349.08,6289.2983,6140.6444,6058.98,6170.7257,6205.1412,6116.85,6090.0235,5945.3053,5866.7,6098.4174,5385.2573,4163.47,4203.6574,4388.9086,4232.21,4367.2605,4434.8528,4321.86,4308.7902,4227.6078,4123.87,4231.6418,4234.4788,4147.04,4304.9759,4448.7671,4400.44,4249.4398,4204.5892,4315.82,4432.2086,4359.591,4249.74,4349.0745,3916.4592,3158.16,3109.6765,3344.7241,3377.58,3150.5172,3027.9471,3177.3,3441.2637,3568.1168,3479.81,3328.8441,3393.4143,3513.5
2025-11-27,3300.0173,3285.9949,3519.8,3499.6155,3395.5074,3355.71,3345.3158,3386.5423,3491.2,3614.1234,3599.2043,3479.45,3453.6739,3517.0025,3595.63,3607.3602,3506.1722,3419.35,3535.5218,3640.5396,3604.38,3511.6947,3549.0422,3691.94,3720.8992,3582.8065,3462.85,3614.5697,3795.8859,3809.23,3682.3824,3647.7782,3656.25,3560.9952,4090.8446,4891.44,4820.3357,4754.4047,4923.39,4702.6645,4678.0453,4901.99,4811.6026,4754.699,4792.25,4739.5359,5460.2231,6624.04,6877.6699,6609.7561,6364.21,6327.852,6445.365,6628.82,6781.7654,6691.0169,6478.53,6507.3587,6646.5302,6636.56,6369.9141,6323.6302,6501.52,6460.5192,6432.1291,6471.83,6383.943,6362.3559,6436.73,6398.5616,6159.7891,5919.83,5974.4967,6003.2643,5890.1,5863.6204,6072.4736,6343.83,6324.1765,6126.9531,5977.22,6023.6322,6146.6295,6247.46,6292.1224,6166.7597,6014.63,6116.3517,6203.0903,6167.69,6165.4682,6193.1502,6202.3,6157.2292,6082.9061,6039.75,6089.3527,6212.1336,6258.56,6100.0139,6104.8821,6211.9,6003.8068,5848.0301,6047.03,6380.2766,5683.5655,4364.38,4082.5484,4308.7643,4405.38,4284.9168,4213.4196,4266.0,4279.0872,4233.4153,4193.03,4233.9379,4303.7998,4333.53,4321.8794,4458.343,4586.35,4357.5493,4208.9523,4281.7,4302.6298,4325.8311,4454.47,4586.8751,4011.7475,3161.51,3222.1193,3265.896,3075.22,3330.3187,3338.97,3121.01,3399.662,3479.9834,3302.39,3437.6673,3033.7041,2286.92
2025-11-28,2358.9521,2638.7734,2682.58,2649.2092,2603.1026,2551.03,2503.2936,2581.0151,2658.35,2483.6935,2385.1405,2448.79,2457.2641,2529.8608,2665.33,2688.2909,2570.8405,2506.1,2700.9469,2717.0906,2572.55,2708.7833,2802.0227,2772.16,2860.3938,2839.9626,2678.69,2624.2711,2765.8367,2868.93,2625.8303,2530.9816,2675.94,2695.1089,2802.2597,2951.67,2844.4274,2793.0382,2816.31,2664.5631,2788.6228,3140.85,3184.7572,3133.3215,3182.05,3290.4961,3329.4835,3284.57,3251.5128,3228.0552,3175.15,3124.4762,3407.7898,3839.14,3860.8713,3785.9826,3835.23,3902.5273,3848.5039,3720.07,3706.9575,3802.0022,3862.86,3760.5231,3740.8381,3827.72,3784.9162,3606.5449,3456.39,3529.0563,3709.3779,3833.65,3809.1955,3706.2749,3617.69,3592.718,3580.6057,3565.34,3589.4845,3686.382,3765.35,3673.7952,3496.4003,3393.4,3448.6715,3398.0069,3275.72,3384.1432,3560.6834,3654.86,3669.1863,3681.211,3635.45,3424.6008,3322.6301,3409.44,3507.8668,3574.5522,3555.77,3366.2767,2992.8657,2669.1,2698.9684,2768.457,2708.4,2647.2643,2687.3491,2710.1,2549.683,2660.4146,2864.33,2559.7495,2558.5406,2893.81,2780.727,2700.1157,2872.57,2977.3991,2894.4567,2764.07,2809.7214,2788.0443,2700.25,2785.2606,2794.3179,2707.59,2747.0617,2699.5316,2623.83,2755.9999,2541.3463,2117.86,2190.014,2186.8926,2052.41,2307.4432,2436.2556,2327.28,2374.5109,2323.6378,2201.74,2345.0777,2531.2069,2575.09
2025-11-29,2495.8762,2400.2009,2389.25,2474.1038,2423.2446,2321.15,2468.4548,2541.737,2439.2,2410.648,2572.9202,2726.36,2585.1354,2605.7864,2770.0,2611.9503,2508.3282,2565.03,2510.1648,2507.708,2657.48,2855.7897,2904.9081,2722.93,2464.3962,2643.2181,3021.56,2839.383,2586.6417,2585.54,2671.8003,2699.6241,2680.67,2716.5826,2689.2904,2655.67,2798.4332,2889.1012,2854.62,2855.1719,2938.519,3069.08,3186.2985,3330.8982,3380.37,3182.1737,3192.1701,3383.62,3271.3352,3076.4187,3043.68,3227.5243,3554.7175,3797.27,3756.0425,3820.4751,3954.49,3779.6664,3810.7061,4026.75,3881.9229,3770.4187,3864.26,3919.0337,3886.4882,3761.55,3572.8203,3516.3897,3577.26,3569.3021,3623.2738,3703.59,3624.0768,3578.5339,3607.05,3558.907,3522.5082,3571.82,3662.9635,3600.4975,3422.6,3376.4694,3460.4242,3555.16,3545.2974,3534.8241,3545.53,3517.0363,3597.782,3694.85,3564.2602,3520.1623,3611.95,3562.0511,3413.5389,3257.31,3156.6408,3204.3937,3337.47,3324.0174,2935.9918,2488.89,2563.0586,2661.6905,2618.06,2720.1027,2673.5051,2494.74,2538.8765,2666.9966,2694.17,2595.0063,2635.0335,2765.89,2691.2805,2651.9745,2707.69,2675.3287,2673.6893,2785.4,2931.5939,2864.3434,2665.4,2674.0634,2778.3932,2778.8,2617.7724,2665.8738,2870.32,2788.3816,2536.2127,2341.01,2314.0183,2254.0552,2186.44,2344.0615,2574.5496,2657.22,2503.5628,2414.6307,2475.48,2565.4343,2966.2994,3455.21
2025-11-30,3451.9161,3362.4307,3410.99,3431.9008,3437.9387,3447.06,3447.9943,3486.2097,3548.52,3567.9727,3554.2017,3499.32,3406.5734,3460.2134,3584.81,3511.4687,3410.8728,3386.24,3382.5847,3433.8669,3573.15,3772.9897,3868.982,3767.34,3555.6793,3603.6722,3776.33,3600.0278,3519.5679,3689.42,3798.2635,3778.8992,3683.16,3665.7798,4060.6037,4708.35,5036.5038,4978.157,4808.34,4881.8573,5036.6896,5038.67,4801.0237,4579.6317,4500.06,4600.14,5385.1489,6503.06,6931.897,6869.0028,6667.87,6509.9437,6519.6911,6662.7,6769.5521,6722.4546,6556.98,6420.3258,6350.2887,6344.49,6380.6295,6404.0362,6400.3,6394.6547,6380.0902,6388.7,6451.7636,6419.6087,6394.37,6571.3464,6368.3566,5918.73,5950.2506,5945.5736,5740.64,5739.6361,5922.1032,6171.85,6390.4699,6481.215,6390.46,6186.446,6229.5404,6412.93,6298.3745,6255.2661,6277.86,6023.0369,6089.3742,6391.19,6229.4596,6125.6572,6222.96,6141.461,6164.3539,6316.91,6292.9812,6181.6376,6075.71,6002.3831,6111.3618,6264.89,6143.9297,5977.1567,6044.81,6267.9442,5561.6344,4302.77,4044.0415,4217.0404,4273.55,4266.5477,4365.128,4498.95,4443.4022,4393.831,4385.12,4272.3287,4251.7213,4315.84,4266.788,4300.565,4436.51,4451.8116,4278.8187,4128.11,4289.5411,4441.464,4491.54,4546.0069,4015.6169,3255.54,3288.2803,3357.2785,3196.88,3297.7863,3399.205,3385.69,3424.955,3446.8959,3411.24,3371.336,3384.3263,3542.73
2025-12-01,3853.1437,3862.6367,3593.68,3530.1705,3636.3746,3680.13,3521.514,3602.0599,3880.9,3873.0015,3817.0209,3835.69,3807.5496,3841.2294,3920.68,3911.6747,3941.5237,4025.0,4046.4229,4081.3882,4101.7,4001.9878,3972.7331,4057.07,4108.2442,4115.0373,4172.96,4335.4171,4235.0903,4064.73,4367.4887,4457.8993,4106.46,3908.3744,4615.0923,5625.08,5554.4846,5372.8035,5477.15,5333.4284,5357.6261,5561.39,5501.5476,5507.982,5501.34,5207.8332,5921.8645,7224.21,7303.4685,7174.0587,7329.57,7223.5775,7134.2798,7165.95,7111.7317,7087.5138,7111.53,7088.4394,7184.9575,7309.45,7184.7866,7081.9086,7106.84,7097.226,7040.8016,7001.18,7021.3079,6934.2443,6810.81,6866.4647,6753.9113,6463.43,6369.9623,6455.7671,6474.79,6250.0401,6344.6983,6700.93,6678.313,6526.2267,6507.71,6605.3303,6565.9768,6433.87,6480.4671,6483.493,6383.5,6365.6759,6430.4327,6466.91,6386.142,6419.1235,6532.29,6435.0851,6191.7278,6000.41,6024.6905,6128.0484,6198.46,6230.0703,6239.8451,6204.82,6085.063,5955.2605,6017.95,6276.7325,5620.9493,4396.45,4154.874,4348.1209,4378.48,4239.6665,4290.3977,4449.94,4308.3287,4220.9685,4313.14,4347.6994,4345.8207,4376.63,4462.3636,4522.1152,4429.56,4155.927,4119.5671,4337.48,4415.0365,4367.7545,4393.61,4552.1342,4106.0498,3348.69,3338.6858,3319.0659,3105.52,3298.9186,3500.6227,3508.11,3510.1293,3439.6427,3361.41,3468.9435,3666.7131,3762.77
2025-12-02,3647.0472,3609.1773,3683.25,3633.6535,3563.6625,3548.18,3573.5104,3727.7156,3855.8,3726.9346,3849.7441,4093.96,3840.5132,3781.6957,4029.42,4012.0519,4066.232,4157.03,3876.8778,3737.7155,3923.37,4107.3384,4183.5315,4175.8,4138.4168,3985.7651,3891.03,4125.8549,4209.3959,4192.74,4530.9293,4448.8485,3929.15,3877.9506,4572.0735,5433.77,5555.5653,5431.6907,5431.93,5454.5527,5441.1542,5343.95,5193.229,5325.6496,5518.07,5344.0039,6023.6008,7243.8,7370.3157,7245.2069,7299.85,7122.3341,7106.1124,7257.88,7163.3363,7107.0305,7196.02,7203.5779,7015.2746,6827.61,6963.8166,7144.9968,7088.54,6786.6117,6708.6211,6933.74,7070.18,6892.9339,6656.92,6771.5306,6580.6599,6230.88,6532.581,6697.8611,6475.25,6407.8494,6432.3991,6473.03,6563.752,6589.5349,6601.94,6729.6387,6615.5612,6411.13,6627.3141,6714.2942,6527.33,6474.7978,6473.0479,6408.08,6302.3677,6313.8965,6406.16,6377.5256,6276.1428,6242.65,6352.219,6325.0089,6179.68,6210.9798,6274.4607,6263.67,6227.5055,6225.3596,6256.17,6148.6242,5346.521,4346.56,4302.7025,4443.0019,4385.0,4502.4715,4660.318,4598.74,4249.9293,4228.1492,4476.63,4371.0847,4354.8918,4512.15,4426.4793,4220.7368,4145.51,4321.2722,4420.914,4383.86,4453.9986,4581.655,4677.81,4624.248,4066.0232,3336.34,3227.6939,3390.7097,3454.78,3369.0489,3269.7239,3288.27,3446.0826,3530.0824,3536.31,3620.938,3532.0325,3371.95
2025-12-03,3520.0258,3644.2378,3633.26,3683.0047,3621.221,3570.72,3835.8534,3910.7694,3760.39,3840.8959,3879.4348,3787.49,3798.0354,3928.187,4008.27,3865.1593,3809.9159,3892.07,3863.3222,3815.8123,3835.27,3910.7141,4026.4698,4148.37,4226.5547,4225.0186,4182.92,4186.0957,4217.55,4153.03,3927.9995,4006.7908,4234.9,4094.543,4553.3822,5384.51,5329.6596,5253.6314,5471.05,5405.5534,5295.6916,5274.84,5250.8338,5483.2273,5640.43,5245.9514,5868.4059,7190.49,7240.7863,6999.3193,7052.79,7004.5697,7131.7313,7359.83,7247.8371,7012.417,6889.67,6937.8889,7103.5961,7218.26,7122.2294,7034.7287,7004.03,6880.9122,6787.9429,6808.88,6893.3426,6900.4059,6832.96,6802.9341,6706.0955,6579.45,6577.0317,6542.3597,6460.98,6486.0908,6555.0975,6569.21,6501.2009,6520.2744,6638.51,6678.2858,6537.8483,6378.55,6461.9192,6500.3241,6467.42,6603.5085,6627.3321,6504.99,6489.692,6459.461,6307.85,6098.1515,6100.7186,6231.61,6170.4784,6248.0578,6449.42,6379.2118,6168.458,6007.03,5958.5372,5907.5071,5977.38,6251.1989,5598.5034,4388.13,4223.4666,4448.1093,4392.49,4080.0676,3996.969,4217.1,4365.5276,4360.6433,4251.13,4138.107,4123.1436,4207.58,4313.7552,4440.7674,4463.56,4269.3104,4340.7604,4602.8,4490.2609,4302.7869,4375.79,4632.7672,4165.3553,3290.86,3258.187,3355.4878,3254.78,3345.9033,3351.3961,3284.84,3462.7662,3561.5017,3514.94,3579.0948,3617.1888,3611.5
2025-12-04,3677.5108,3590.5657,3371.56,3336.9951,3633.3878,3898.95,3630.0097,3563.2613,3824.86,3818.2121,3748.0279,3789.77,3872.968,3907.5585,3918.43,3998.4426,4047.259,4000.83,3923.4724,4034.6715,4255.27,4272.2121,4182.6019,4184.97,4347.8273,4267.6303,4077.66,4282.1707,4286.8474,4049.89,4138.4106,4232.0782,4105.3,3993.6516,4616.3521,5491.42,5379.0349,5234.6815,5497.36,5633.23,5545.299,5462.59,5639.4377,5631.888,5279.04,5009.9883,5713.4337,7003.16,7507.0588,7439.8292,7230.49,7090.5617,7140.8502,7228.78,7095.5837,7050.9587,7133.98,7093.4624,7162.347,7314.54,7237.0591,7009.8495,6859.77,6935.7463,6917.9142,6841.02,7030.3385,7104.9968,6978.48,6914.1233,6687.6303,6341.34,6244.6717,6483.7923,6694.94,6426.9791,6342.1546,6559.89,6549.1429,6469.9819,6478.45,6530.375,6530.2692,6509.65,6560.1414,6478.9188,6358.64,6487.5103,6477.2852,6307.86,6343.2837,6335.7167,6260.53,6354.2329,6384.0811,6330.69,6392.6674,6320.9718,6202.97,6371.7006,6364.7269,6194.64,6308.1519,6211.8997,6054.86,6381.0623,5860.3709,4615.76,4216.5742,4306.6837,4358.2,4270.6692,4312.1719,4432.77,4327.091,4276.1815,4304.68,4187.4333,4302.514,4557.04,4453.7271,4365.3243,4495.14,4637.6041,4542.9358,4318.1,4306.9516,4357.1375,4418.36,4505.0286,4017.9953,3294.68,3319.2439,3335.7254,3116.06,3213.9695,3419.834,3532.87,3572.8512,3598.7093,3641.99,3613.0176,3111.466,2450.92
2025-12-05,2446.3843,2758.4399,2856.36,2532.9946,2421.4275,2678.75,2849.1613,2775.6311,2628.92,2719.0626,2929.0268,2989.64,2758.7257,2745.5044,3001.78,3100.1306,3166.7972,3191.79,2995.2765,2835.2897,2885.88,3073.8473,3136.4083,3067.07,3101.9044,3235.0494,3258.28,3020.848,3116.0863,3412.85,3208.1704,3123.2232,3286.54,3189.6477,3096.9953,3160.0,3233.475,3248.5156,3181.56,3126.8727,3520.5227,4012.95,3787.7508,3606.893,3781.76,3875.578,3874.3039,3796.43,3646.8498,3689.564,3875.3,3918.4243,4085.2527,4364.79,4455.0078,4550.3517,4581.69,4281.8776,4136.8595,4277.34,4368.0082,4397.3386,4362.27,4229.9841,4154.3718,4148.68,4081.0534,3992.7803,3989.09,4120.884,4159.7923,4089.3,4106.2363,4136.3881,4104.97,4031.3829,4023.0223,4035.36,3933.7769,3903.4242,3927.72,3805.0329,3717.9994,3724.35,3710.2366,3765.3718,3885.42,3915.9574,3707.1236,3460.16,3543.3002,3617.801,3583.35,3661.2861,3692.0629,3610.2,3516.2599,3403.5928,3331.73,3340.8679,3045.597,2685.43,2899.3794,3028.4213,2841.74,2767.5802,2825.1048,2871.4,2782.6214,2711.0401,2743.23,2810.5793,2773.1133,2661.39,2637.4374,2647.8497,2725.1,2943.1509,2990.6994,2821.15,2693.9984,2642.2723,2626.94,2619.981,2676.2691,2712.63,2587.2418,2549.9489,2737.93,2994.1259,2859.6671,2390.15,2142.6309,2311.203,2572.79,2430.1908,2343.5874,2425.58,2370.8668,2539.6572,2804.17,2645.5941,2594.6301,2772.61
2025-12-06,2772.0127,2771.9533,2787.53,2639.998,2629.5503,2764.62,2757.6156,2784.5666,2863.47,2821.8369,2831.8194,2986.23,3151.3283,2988.319,2721.28,2910.1415,3036.3327,2924.39,2923.2546,3004.4664,3102.64,3206.9553,3268.6679,3245.72,3151.8278,3147.9262,3240.84,3295.2669,3362.2183,3357.21,3137.2842,3043.9084,3124.05,3121.9716,3224.431,3341.88,3186.4469,3212.2581,3362.94,3188.6183,3417.071,3950.93,3894.7283,3654.8803,3640.25,3819.3622,3767.5708,3569.69,3712.935,3888.0406,3811.73,3582.2074,3853.5412,4436.24,4482.8311,4411.6638,4463.99,4435.9846,4358.3565,4270.29,4191.0438,4270.1545,4398.73,4310.2085,4257.9299,4267.58,4142.1477,4211.2485,4350.37,4119.0226,4131.0028,4341.86,4093.9753,3955.9444,4032.53,3864.5916,3834.2502,3963.02,3871.5058,3875.4528,4033.42,4038.3051,3875.9034,3750.74,3886.4744,4029.0087,3996.7,3806.9083,3509.3541,3389.71,3715.0793,3795.4192,3542.51,3508.1663,3450.5634,3392.73,3624.3426,3646.0058,3540.1,3778.4473,3328.6182,2478.11,2620.1939,2801.2751,2565.04,2470.4343,2708.0678,2944.46,2718.6518,2697.7073,2888.63,2666.9868,2632.2432,2856.71,2802.661,2840.8864,2999.25,2863.8951,2574.7175,2492.31,2837.458,2996.0421,2778.93,2579.3403,2576.1744,2761.92,2978.1941,2979.4571,2792.77,2674.4664,2625.901,2580.47,2480.0752,2311.5026,2229.48,2414.2433,2537.0562,2500.38,2505.8016,2514.5729,2510.72,2600.4516,3009.4064,3490.74
2025-12-07,3534.9738,3565.3843,3737.68,3793.4526,3832.5182,3813.81,3617.5356,3719.8675,3994.58,3827.4532,3648.5812,3710.6,3833.2466,3897.8485,3940.22,4035.8073,3907.0758,3760.34,4068.9297,4120.8553,3831.76,3848.801,4027.6331,4095.58,3966.0745,3961.5405,4133.26,4211.1113,4137.8164,4104.63,4325.7013,4361.5252,4054.83,3828.8244,4564.7344,5594.63,5330.7995,5074.8705,5356.36,5415.0211,5372.2511,5359.12,5318.761,5342.5379,5346.03,5289.4706,6100.5856,7302.3,7380.535,7221.6393,7244.51,6998.0755,6872.7871,6996.36,7076.592,7082.1473,7060.17,7046.7306,7006.1493,6981.98,7043.1765,6985.9848,6872.41,6972.6862,7059.9385,7006.73,6906.3326,6826.7134,6859.92,7013.8787,6854.5121,6430.76,6256.6672,6326.0954,6380.66,6228.203,6371.8429,6754.34,6765.1921,6522.8664,6341.29,6417.9363,6479.1323,6479.38,6598.7375,6553.7514,6358.41,6354.0511,6518.3804,6630.26,6490.5973,6388.0814,6420.32,6397.1635,6243.4994,6130.7,6276.577,6256.2945,6134.63,6364.0399,6371.2093,6093.4,6062.7061,6109.2556,6231.1,6463.7679,5670.6078,4365.58,4305.4014,4482.8275,4432.0,4657.3929,4569.8251,4205.79,4267.5322,4478.475,4526.52,4381.8709,4259.3913,4257.88,4327.0542,4509.0608,4631.6,4452.0538,4379.3105,4416.25,4202.3635,4184.1466,4435.9,4476.7308,3958.2827,3308.87,3344.4165,3506.4594,3426.69,3284.2852,3272.7324,3396.0,3507.0655,3601.0297,3654.05,3616.8658,3560.9102,3502.98
2025-12-08,3411.0941,3393.8859,3459.67,3524.2516,3669.4769,3802.59,3730.8411,3717.6252,3816.9,3815.5429,3739.2352,3760.29,3989.6515,3987.1236,3804.85,3910.9705,3936.4291,3818.8,3883.4117,3929.0603,3933.48,4087.6494,4180.5348,4130.92,4058.6597,3959.5405,3951.32,4186.2382,4345.5841,4294.86,4206.3917,4251.3347,4282.75,4122.2226,4656.2218,5514.95,5378.1956,5183.3499,5436.22,5654.4964,5480.4842,5191.87,5354.5617,5350.3507,5063.59,5143.7594,6036.7317,7134.91,7298.94,7204.6724,7249.94,7170.6612,7024.3626,6918.72,6919.8274,7072.9255,7232.21,7169.1958,7064.5433,7086.17,7210.491,7135.8213,6938.25,6976.1819,6970.1178,6860.23,6880.2579,6908.5036,6877.87,6830.8642,6668.0017,6487.39,6509.2749,6514.8784,6429.53,6402.1498,6449.1358,6525.57,6558.1867,6471.7688,6417.81,6622.7509,6722.1302,6587.74,6450.966,6426.0814,6375.49,6111.5169,6092.9355,6337.0,6400.5073,6408.9299,6372.24,6151.6198,6056.8691,6205.33,6386.6397,6326.4902,6120.32,6124.6294,6215.7981,6260.7,6235.5244,6105.2763,6068.86,6233.1728,5468.2257,4219.69,4153.1667,4313.3017,4190.67,4255.4642,4410.9993,4458.65,4323.4422,4209.965,4241.78,4368.8613,4451.1743,4395.2,4235.699,4238.7645,4447.25,4613.951,4473.646,4234.77,4345.4807,4344.1598,4256.62,4479.9847,4081.2989,3267.3,3257.3164,3430.2896,3365.62,3282.0135,3247.4044,3268.43,3321.1322,3330.7226,3366.5,3548.2365,3587.7168,3470.38
2025-12-09,3493.1053,3680.8287,3799.53,3617.5978,3630.9512,3850.67,3786.1594,3611.0463,3577.24,3737.9819,3752.7678,3648.69,3754.9964,3770.9947,3719.97,3920.7154,3955.6262,3851.46,4052.2572,4158.9243,4077.22,4102.365,4016.0636,3898.96,4072.7635,4117.5379,4022.51,4182.9256,4241.3625,4114.04,4112.8721,4249.6706,4244.43,3934.1147,4397.1006,5362.62,5447.6336,5422.3616,5591.22,5453.2211,5351.9702,5323.0,5102.1599,5298.2065,5602.26,5229.6229,5939.6038,7421.56,7465.4925,7091.3198,7094.95,7213.8807,7209.353,7131.61,7166.5754,6984.072,6731.43,6931.7567,7186.1182,7152.02,6902.0226,6960.0135,7179.09,6939.0741,6814.6184,6922.13,6801.1995,6730.7815,6830.84,6867.3953,6617.2428,6263.57,6240.8825,6392.0882,6463.38,6359.34,6380.7416,6584.25,6718.9913,6678.4313,6494.11,6334.6414,6499.3998,6758.86,6563.2653,6308.5636,6282.66,6413.3222,6585.7665,6575.71,6231.4503,6078.055,6255.55,6376.0236,6182.9203,5951.36,6192.3724,6411.3169,6348.71,6215.0353,6131.3478,6160.47,6276.9112,6243.6177,6221.72,6439.1462,5676.3616,4356.09,4246.6071,4501.6012,4498.06,4469.2046,4473.1906,4425.68,4252.1232,4256.5932,4476.58,4608.4845,4449.3955,4193.7,4251.7756,4430.46,4497.18,4403.56,4366.5301,4454.05,4531.7586,4517.0608,4455.06,4392.5527,3963.3757,3376.83,3262.9809,3239.837,3225.53,3484.0126,3456.5253,3201.44,3337.5964,3435.5994,3381.29,3493.7225,3497.9127,3389.92
2025-12-10,3482.16,3652.1756,3748.17,3711.2906,3527.8097,3412.45,3639.5258,3860.5252,3823.13,3602.5988,3553.0102,3770.04,3995.6897,3884.2122,3656.1,3848.9758,3958.6061,3851.58,3913.9769,4059.6455,4092.18,3933.4443,3903.1704,4057.15,4154.9251,4218.9581,4226.32,4123.2594,4175.4867,4327.11,4250.5551,4132.3004,4060.85,4029.0944,4533.2362,5335.94,5613.6553,5630.3385,5584.49,5383.3267,5157.1961,5119.87,5373.2318,5492.7643,5296.85,5147.8934,6009.202,7258.02,7237.4517,7026.7753,7135.48,7027.8314,7052.5658,7199.68,7083.9729,7163.5168,7401.43,7253.9217,6987.5071,6823.17,6734.81,6732.5284,6856.42,7085.145,7098.6559,6946.87,6976.6883,6956.9325,6810.77,6693.8297,6489.344,6299.76,6381.8185,6458.0365,6369.14,6257.2521,6427.3674,6701.87,6597.0509,6471.2351,6541.72,6655.3064,6614.2218,6404.28,6227.7127,6366.5913,6606.3,6452.6105,6327.7169,6357.87,6254.5083,6184.4772,6248.73,6345.7395,6315.721,6199.26,6197.0095,6297.4204,6413.32,6447.8161,6349.804,6164.78,6011.7395,5965.1684,6115.36,6316.2844,5453.5132,4180.48,4320.8991,4419.6026,4023.87,4151.4292,4351.1719,4385.24,4493.6368,4441.9029,4257.04,4252.0052,4337.2922,4328.24,4144.8352,4072.8463,4171.71,4246.4075,4349.1068,4468.21,4487.2025,4392.4781,4342.31,4441.6789,4048.9871,3370.09,3312.6416,3466.2085,3476.92,3413.8407,3439.0649,3532.29,3529.7209,3494.2577,3445.72,3363.3735,3459.3486,3714.23
2025-12-11,3848.8115,3720.1616,3493.48,3502.8954,3672.8018,3777.03,3654.4366,3574.3461,3681.13,3858.6282,3892.4762,3811.51,3841.5694,3933.3257,3910.58,3696.2937,3793.8042,4012.23,3689.7924,3599.3833,3939.6,4106.2321,4053.2548,3899.29,3786.33,3877.2287,4029.75,3946.9362,3936.479,4073.01,4133.0862,4235.8685,4235.02,3962.8141,4510.5134,5534.39,5517.8955,5232.0687,5226.88,5279.406,5324.2346,5347.46,5326.2841,5195.3206,5010.31,5051.1126,5914.9511,7096.64,7348.219,7155.6505,7083.31,7221.718,7254.5011,7140.11,7114.059,7041.2185,6942.6,7000.6901,7038.9093,6938.63,6767.5931,6729.0593,6877.31,7057.9586,7021.0481,6819.59,6754.1158,6814.3344,6876.22,6821.6963,6684.4774,6494.63,6272.6889,6163.8793,6231.57,6395.1135,6464.4474,6512.09,6745.4877,6779.0388,6576.02,6513.4847,6615.9398,6668.58,6451.2895,6290.2504,6304.69,6308.7136,6277.6872,6259.02,6306.4483,6386.0143,6412.86,6349.3582,6441.8288,6560.79,6345.6521,6269.2028,6321.18,6050.3312,5994.1309,6204.68,6179.3036,6146.0321,6272.91,6328.2892,5546.0583,4419.78,4291.4798,4376.1761,4280.92,4379.1022,4371.1049,4185.87,4134.6927,4407.0071,4639.85,4284.8836,4086.6243,4311.33,4481.0946,4385.0964,4231.82,4378.4872,4425.0583,4289.19,4296.6053,4368.3422,4459.86,4542.7693,4125.4181,3439.43,3299.494,3490.6456,3546.2,3245.8566,3253.92,3518.23,3349.3116,3234.0835,3414.33,3539.162,3120.027,2433.78
2025-12-12,2287.6078,2444.0686,2604.79,2690.0254,2663.3416,2601.61,2652.609,2824.3062,2989.62,2989.1013,2926.5375,2902.67,2922.3601,2895.0233,2895.87,3058.7767,3021.2783,2853.18,2982.2683,3054.4678,2967.68,2975.4884,2951.3454,2929.32,3103.6222,3274.5081,3323.32,3301.4194,3214.9017,3156.88,3242.6515,3283.9781,3222.31,3182.7862,3196.1312,3211.02,3181.5724,3292.0008,3411.85,3242.1523,3276.1749,3641.86,3930.7463,3874.9339,3617.66,3565.334,3692.0585,3724.33,3444.6177,3373.9866,3601.75,3747.7082,4010.1855,4398.14,4615.7096,4525.1756,4356.86,4484.8254,4572.1029,4397.24,4096.2726,4030.6075,4223.28,4362.3557,4364.7159,4274.35,4180.5666,4093.5542,4048.87,4101.6442,4199.4181,4207.73,4040.452,4002.7143,4032.07,3815.0511,3865.1654,4159.16,4131.2518,4025.0596,3954.07,3776.534,3682.9357,3730.8,3799.6811,3927.4148,3991.71,3786.7633,3573.4126,3554.82,3697.484,3741.2079,3683.46,3738.1793,3742.6648,3597.52,3400.8234,3384.4998,3528.54,3542.5658,3210.8765,2831.93,2908.5323,2827.7311,2518.97,2529.7879,2591.0824,2629.13,2838.3456,2871.7996,2711.34,2693.7097,2708.4183,2700.99,2742.4842,2722.7098,2677.63,2733.1872,2625.6698,2535.6,2892.6831,2988.5836,2741.57,2778.0166,2898.3493,2913.71,2861.4419,2775.0718,2696.16,2645.7689,2526.5114,2426.89,2532.2092,2564.6943,2406.65,2246.2599,2362.8861,2612.87,2564.2006,2395.3778,2280.61,2256.1174,2440.6616,2687.78
2025-12-13,2699.8904,2713.5356,2830.21,2894.713,2819.9134,2718.12,2792.8018,2899.795,2930.56,2908.6175,2886.5661,2896.79,2935.3576,2958.7441,2941.36,2910.4157,2983.1304,3048.49,2889.3347,2846.6161,2970.51,2976.3609,2966.7696,3017.53,3084.7376,3156.484,3168.17,3061.5972,3041.2529,3120.41,3123.4611,3142.5709,3180.86,3166.6199,3345.0495,3608.99,3567.3404,3415.5964,3251.5,3058.8886,3324.7829,3803.43,3728.0317,3661.3168,3790.81,3740.4732,3733.807,3824.26,3811.2145,3783.6324,3783.14,3778.6539,3931.7033,4228.55,4449.5997,4458.3065,4309.03,4199.8064,4227.1977,4335.7,4387.5691,4413.1553,4432.44,4390.5659,4164.6865,3986.46,4206.2115,4203.5964,3983.04,4138.8007,4167.897,3954.08,3916.4527,3940.4564,3939.31,3973.1305,4014.6724,3996.9,3893.0913,3889.7657,3944.75,3839.916,3772.0122,3816.61,3845.986,3831.9601,3790.42,3751.8392,3736.3126,3715.32,3638.183,3548.6537,3508.15,3528.9462,3464.3823,3397.84,3530.8327,3486.7832,3383.2,3640.3225,3380.661,2706.45,2643.9051,2697.0384,2582.3,2547.5295,2545.2785,2646.51,2961.9581,2993.6904,2723.67,2629.6901,2640.5369,2646.9,2661.9074,2753.8085,2772.98,2519.7238,2489.5707,2753.4,2886.5254,2884.4681,2820.38,2755.4598,2826.633,2904.32,2735.7346,2698.9539,2888.09,2977.635,2758.4296,2408.95,2325.2087,2362.8546,2332.53,2221.9965,2328.4469,2498.47,2316.9618,2388.5168,2640.06,2462.3598,2792.1349,3530.51
2025-12-14,3556.1474,3367.4634,3429.29,3676.387,3757.6546,3650.77,3636.1785,3630.4656,3593.03,3602.2286,3658.5023,3712.62,3725.8178,3808.8429,3949.55,4008.5848,3980.4251,3902.28,3841.0019,3938.1938,4040.34,3859.3277,3801.431,3946.69,3984.0426,4043.9085,4208.34,4361.7707,4272.1393,4064.68,4095.3383,4118.0415,4041.16,4101.2526,4586.0753,5227.27,5402.0967,5325.5478,5273.41,5332.3028,5448.9625,5477.09,5311.6794,5235.8538,5263.95,5254.4509,5860.266,6843.61,7193.4429,7169.2307,7137.33,7192.1147,7234.7979,7206.45,7154.2553,7197.8707,7265.28,7159.0986,7013.0091,6980.68,7094.7959,7168.5149,7054.17,6816.159,6956.2799,7231.77,6895.6312,6569.4148,6633.54,6836.8731,6790.7755,6491.37,6294.9218,6333.9076,6365.04,6091.6909,6220.5541,6701.4,6744.871,6634.9633,6593.66,6524.9679,6428.5754,6371.24,6434.9471,6598.029,6653.62,6413.1096,6368.7625,6558.06,6527.0274,6364.202,6331.14,6556.5547,6541.9728,6227.88,6048.8829,6034.5319,6170.79,6408.9188,6333.2123,6089.53,6226.7838,6316.685,6285.57,6346.6991,5515.747,4303.33,4324.9496,4468.0789,4202.04,4124.9898,4217.5756,4331.65,4392.2898,4452.6765,4460.15,4319.3481,4300.7541,4470.43,4598.7249,4477.4264,4241.74,4240.8972,4345.2631,4397.1,4366.5969,4352.2444,4432.75,4519.7625,4098.3811,3422.17,3317.5117,3418.9331,3395.77,3290.1474,3259.769,3349.95,3468.8979,3527.78,3469.79,3342.6141,3467.4898,3657.78
2025-12-15,3435.7699,3425.6088,3678.55,3637.1733,3700.4231,3885.48,3771.6248,3687.1831,3691.83,3551.2249,3678.0593,4009.02,4009.6704,3830.7235,3761.4,3928.4654,3986.787,3895.63,3923.4783,3903.8784,3919.35,4206.139,4201.8736,3956.18,4057.5931,4021.4482,3852.58,4065.5671,4174.8201,4071.09,4142.6329,4232.9963,4145.06,3972.9595,4507.4534,5382.42,5414.4519,5421.8205,5627.25,5411.0589,5206.8686,5282.56,5450.0791,5471.2825,5295.29,5213.7888,6041.9762,7199.25,7183.0292,6865.6501,6926.7,7179.4247,7205.1112,7001.8,6929.4278,6934.7916,6923.2,6883.5923,6875.1494,7050.88,7451.2952,7399.4453,6960.5,6858.834,6790.2136,6726.68,6988.1262,7131.4823,6969.24,6734.9936,6535.5055,6392.16,6296.965,6313.6508,6397.63,6432.1501,6511.1056,6604.4,6565.0246,6488.392,6484.36,6552.399,6460.63,6323.31,6466.152,6472.2205,6310.17,6378.8443,6502.0878,6512.63,6436.5196,6427.0694,6436.28,6300.166,6297.3415,6387.77,6241.59,6089.0378,6123.7,6284.3773,6237.7357,6069.65,6171.0924,6235.3875,6298.33,6521.926,5585.1676,4088.34,4090.279,4354.5568,4198.72,4208.1653,4419.9845,4547.18,4318.9354,4193.0048,4298.46,4338.3291,4356.8816,4365.88,4314.0324,4378.351,4492.02,4404.3326,4325.9134,4309.75,4200.2492,4112.3831,4225.57,4494.5144,4059.0926,3200.0,3116.9577,3329.4945,3412.34,3431.8559,3457.2217,3470.66,3423.865,3465.8601,3575.98,3566.1763,3460.2421,3375.46
2025-12-16,3434.511,3623.6539,3767.99,3679.773,3612.3444,3610.95,3516.9743,3614.0981,3815.64,3733.0299,3691.3189,3820.98,3910.5623,3897.3887,3833.92,3820.1399,3851.4531,3907.17,3978.4577,4057.1207,4058.91,3906.8624,3846.7617,3960.85,4105.7999,4217.4976,4282.4,4293.4209,4166.1605,4004.88,4042.5274,4189.4112,4177.47,3935.1597,4485.6246,5464.49,5459.0086,5450.8863,5650.6,5281.5784,5127.2487,5369.7,5389.1201,5367.5389,5313.64,5157.9059,5976.5262,7294.42,7422.2244,7147.8536,7141.18,7266.0731,7212.0098,7070.24,7172.4067,7091.1156,6831.69,6863.3229,7008.176,7070.15,7021.7438,6911.2965,6872.84,7014.0649,7075.3457,6968.18,6872.851,6977.1783,7176.94,7152.6602,6891.486,6540.68,6308.2183,6312.6424,6393.56,6281.215,6273.7274,6417.26,6446.5253,6434.6751,6482.3,6601.8988,6700.3009,6671.73,6507.2946,6512.274,6596.58,6383.5704,6226.7871,6242.95,6209.4681,6235.8259,6314.89,6289.2531,6216.9486,6196.84,6255.0331,6199.7859,6059.92,6051.6693,6051.7775,6083.23,6281.4105,6318.2916,6282.83,6426.1848,5595.8087,4309.86,4356.1956,4552.0379,4329.09,4307.1221,4349.88,4330.48,4327.1052,4381.5034,4465.68,4481.3717,4298.2472,4139.4,4358.1481,4415.6524,4231.99,4265.6949,4391.4883,4468.05,4476.3327,4349.9895,4314.29,4576.3337,4122.9468,3275.41,3387.8897,3435.0592,3154.13,3317.7293,3375.4051,3275.2,3534.7663,3605.9715,3422.47,3492.2934,3602.5365,3615.65
2025-12-17,3625.6262,3601.3625,3577.52,3631.3465,3621.5104,3597.19,3742.298,3807.734,3730.67,3712.1853,3814.8007,3943.36,3937.3633,3852.173,3756.45,3689.86,3738.7156,3880.75,3983.0136,3959.3565,3889.56,3948.4171,4077.9603,4133.36,4019.8549,3943.0767,4005.56,4107.5397,4069.8415,4055.33,4363.9083,4436.6282,4240.09,4357.9975,4854.2864,5397.35,5536.743,5380.6677,5277.95,5496.3818,5609.2334,5518.92,5520.491,5470.8937,5266.09,5122.1668,5858.6012,7060.81,7383.4703,7270.3048,7153.09,7011.7061,6914.8671,6931.12,7060.5831,7144.4554,7085.46,6927.7134,6869.6586,6977.84,7132.8247,7157.3041,7055.8,6989.9111,6969.5107,6912.45,6764.2339,6772.6535,6894.45,6803.4291,6516.3444,6274.35,6333.9901,6477.7999,6435.32,6165.2594,6241.5453,6628.83,6719.2578,6655.5496,6577.15,6473.5541,6518.3256,6630.02,6536.4989,6409.7593,6400.81,6483.2567,6472.5557,6374.61,6369.3142,6418.1847,6417.43,6315.6583,6291.8032,6307.62,6160.9456,6083.0943,6183.66,6329.2249,6352.5041,6210.93,6002.7797,5869.7954,6021.66,6382.7678,5598.8843,4192.38,4138.5058,4479.5243,4481.11,4361.3084,4225.521,4164.66,4234.6162,4262.0169,4212.14,4199.881,4160.1601,4128.47,4226.3053,4334.7453,4420.29,4528.2572,4447.104,4273.92,4351.8333,4516.0674,4602.71,4524.4428,4000.761,3344.31,3243.7989,3336.9881,3364.54,3394.2201,3322.4038,3249.07,3395.639,3484.0999,3495.39,3652.0416,3617.5725,3385.65
2025-12-18,3339.3699,3516.7145,3722.66,3727.9442,3718.7102,3674.63,3432.4583,3474.7602,3765.79,3815.4831,4017.2476,4264.48,3992.3234,3695.3033,3659.57,3735.1045,3943.7258,4164.7,4163.6306,4014.7745,3874.03,3877.5844,4062.5792,4198.42,4022.5908,4081.5568,4327.67,4159.8757,3945.4938,3981.71,4177.5688,4193.697,4089.72,4288.116,4819.3444,5312.12,5306.4661,5168.2324,5148.66,5190.4205,5295.169,5388.88,5383.9192,5493.2711,5530.44,5233.9493,5860.6542,7131.7,7394.7975,7164.7607,7036.12,7062.2419,7071.368,6997.1,6949.5461,7100.4529,7201.68,6866.4762,6845.7502,7219.24,7297.8323,7153.2151,6939.61,6755.9219,6923.7702,7164.38,6855.4471,6605.3717,6776.2,7080.8086,6917.4085,6453.33,6409.3225,6377.3423,6204.06,6197.1102,6325.0401,6504.27,6688.7414,6826.4594,6830.84,6654.7938,6529.269,6512.56,6472.4386,6477.3567,6482.1,6366.027,6358.1525,6443.68,6375.4792,6302.5081,6321.8,6352.4205,6232.3793,6062.92,6108.5188,6170.3227,6179.33,6257.1463,6298.2576,6264.41,6226.8363,6191.445,6233.5,6289.5907,5465.1465,4291.62,4282.5715,4395.7371,4179.23,4221.009,4291.1144,4211.91,4110.816,4235.4728,4451.8,4375.4608,4247.0015,4255.98,4349.6664,4362.4365,4317.8,4386.6549,4472.9861,4494.84,4449.0703,4323.6347,4296.43,4485.3889,4057.3088,3327.49,3461.3215,3523.8356,3243.63,3312.7687,3474.4044,3514.04,3498.5258,3451.1129,3431.96,3434.7049,3018.5299,2446.27
2025-12-19,2469.608,2571.7201,2533.31,2654.7098,2820.1471,2796.8,2518.4763,2572.2125,2844.49,2699.7833,2823.7396,3183.43,3015.883,2845.4926,2940.57,3020.5464,2975.0041,2912.1,3011.606,3071.3765,3016.16,2976.4933,3006.8197,3087.8,3141.4174,3073.4948,2999.52,3126.9798,3195.1618,3195.4,3334.8246,3225.2353,2945.19,3014.9542,3246.5313,3349.9,3221.8716,3163.9555,3231.41,3234.0356,3374.0626,3686.26,3917.0285,3764.1931,3539.5,3854.8988,4061.4987,3888.22,3706.5223,3652.5383,3659.13,3637.2462,3930.5222,4385.91,4435.8367,4276.9797,4233.7,4410.8489,4345.2158,4110.43,4236.9882,4385.1777,4323.92,4166.0386,4064.2218,4150.28,4388.4049,4217.871,3785.28,3824.172,4067.7652,4102.68,3804.9459,3730.1511,3981.52,4135.725,4146.2128,4042.89,3874.9798,3854.4328,3943.68,3896.9459,3796.4058,3784.27,3909.791,3956.3177,3762.6,3416.9393,3483.1076,3815.81,3722.3528,3606.376,3689.07,3735.0942,3560.4165,3339.47,3422.1625,3515.3665,3551.69,3672.4145,3333.8781,2756.63,2767.3514,2880.7108,2782.66,2667.6533,2712.1256,2773.5,2578.1146,2541.947,2764.21,2915.4711,2922.5093,2793.28,2604.1006,2639.4977,2817.43,2778.9055,2720.6768,2745.95,2768.9769,2885.6764,2993.33,2860.3981,2717.9678,2716.97,2799.42,2868.9329,2893.84,2863.0181,2577.53,2212.55,2210.1143,2395.6575,2512.69,2460.669,2446.8531,2560.36,2667.614,2541.4235,2392.21,2636.3,2711.5401,2566.67
2025-12-20,2686.8269,2686.2534,2538.68,2645.6921,2787.4377,2796.54,2732.4067,2703.5307,2806.17,3033.0881,3070.2577,2949.94,2996.8231,3023.3914,2915.56,2784.0327,2803.3839,2916.76,2908.2946,2898.2539,2903.9,2846.6913,3002.3109,3248.35,3177.7864,3177.1116,3314.16,3252.4578,3125.0508,3122.74,3281.2914,3296.3862,3202.39,3281.9182,3148.9455,2935.25,3176.2435,3296.961,3200.16,3376.9923,3627.1328,3717.49,3636.9848,3652.0779,3720.2,3588.5288,3645.2499,3871.59,3836.3355,3733.9841,3695.8,3698.6127,3982.394,4334.85,4280.1926,4335.9102,4479.94,4198.4439,4143.7979,4334.82,4156.0293,4155.1249,4385.74,4299.7072,4113.6691,4051.28,4104.8011,4120.3538,4085.27,4120.0445,4173.7949,4116.09,3897.9811,3910.4907,4084.97,3974.4851,3881.0596,3888.67,3797.1829,3892.238,4039.62,3801.9469,3683.7338,3777.58,3700.5228,3757.6713,3904.74,3747.553,3595.1156,3673.47,3845.8956,3617.448,3192.81,3287.5985,3531.7202,3631.18,3647.0726,3635.5509,3633.12,3579.8818,3121.2931,2579.46,2690.336,2871.5331,2814.2,2754.6684,2669.7967,2584.45,2612.5166,2742.1529,2850.26,2802.8919,2732.506,2742.55,2805.1619,2763.5221,2665.92,2701.8036,2692.6699,2651.41,2764.2809,2782.4711,2695.17,2744.8362,2795.4307,2795.92,2826.9179,2773.0481,2725.47,2879.0327,2836.0357,2568.59,2455.2996,2422.8493,2398.04,2434.7527,2608.0471,2726.97,2513.374,2396.6507,2446.98,2396.333,2744.2807,3373.27
2025-12-21,3576.1063,3537.871,3472.1,3388.2602,3299.4233,3349.26,3662.0911,3799.4157,3736.18,3824.9356,3734.208,3587.15,3856.4774,3923.2147,3730.5,3819.86,3791.4644,3751.73,4180.5461,4115.3327,3748.74,4220.4858,4423.9257,4079.15,4038.9424,4082.3954,4064.87,4121.8784,4083.6154,4032.31,4217.9422,4253.2484,4066.58,4077.7781,4717.7146,5490.65,5439.318,5407.8325,5587.05,5351.2866,5233.249,5374.2,5360.7841,5321.3096,5231.72,5065.8847,5889.1246,7180.79,7254.351,7152.8955,7367.01,7333.1326,7276.0603,7255.65,7076.8086,7014.1683,7150.59,7259.4501,7142.682,6912.23,6873.3728,6913.1885,6951.47,7040.6919,7195.1724,7266.62,7080.5804,6948.6094,6954.16,6860.0706,6565.9337,6330.9,6501.863,6520.3344,6273.31,6234.7567,6512.763,6836.44,6797.3346,6554.3856,6350.08,6333.408,6515.4464,6658.81,6474.7834,6311.1097,6293.57,6241.0875,6267.633,6308.83,6184.3165,6249.441,6412.99,6229.2355,6140.1248,6190.42,6007.344,6021.8302,6231.28,6177.7882,6130.9976,6172.78,6112.1742,6160.7027,6338.77,6290.0948,5392.9058,4275.8,4292.4867,4489.6396,4380.05,4406.0663,4500.5016,4490.76,4334.8994,4356.9931,4466.59,4301.5722,4398.717,4681.61,4485.5154,4156.9026,4090.51,4322.2266,4336.801,4144.46,4227.261,4326.9643,4357.83,4437.1142,4070.9954,3434.4,3270.5539,3305.0168,3255.6,3155.514,3260.3635,3508.97,3554.7154,3395.6628,3305.59,3539.7613,3571.991,3464.4
2025-12-22,3745.3962,3712.0177,3398.41,3577.4759,3787.3638,3804.56,3874.5754,3892.7185,3845.27,3866.5064,3940.824,3939.86,3781.6033,3839.3992,4075.95,4055.8304,3854.1711,3723.14,3864.5398,4105.8234,4217.12,4105.3232,4062.061,4125.48,4055.2885,3898.6766,3873.87,4134.9202,4224.6067,4140.05,4310.4436,4466.4073,4292.75,3895.2342,4439.8214,5500.77,5434.483,5107.2139,5128.03,5227.2674,5249.5645,5284.68,5498.076,5549.6295,5379.95,5376.6033,6037.2888,6970.53,7210.5447,7128.6685,7110.68,7169.1549,7151.6311,7057.59,7022.1811,6972.1193,6943.85,7063.0524,7162.5117,7133.32,7024.3808,6974.926,6972.58,6906.2264,6947.1204,7030.44,6901.0576,6768.2444,6763.99,6792.7775,6648.6717,6385.16,6267.1077,6266.0727,6291.66,6277.4257,6204.7289,6294.56,6751.1097,6840.3406,6508.71,6420.759,6452.1398,6475.9,6548.6423,6639.5986,6630.49,6427.9777,6281.7999,6292.46,6351.1975,6449.4475,6479.94,6315.3138,6237.383,6271.32,6164.4841,5996.3342,5980.11,6221.3154,6237.7753,6092.56,6286.2534,6330.5696,6205.67,6260.0126,5499.1607,4337.4,4304.3288,4431.5959,4253.21,4278.8114,4346.2779,4343.43,4355.8241,4343.0515,4344.53,4454.313,4535.1985,4518.48,4468.3225,4464.9568,4473.43,4402.2311,4396.1361,4462.9,4459.1866,4426.286,4441.07,4460.118,4043.0821,3407.3,3255.9105,3228.4926,3153.22,3234.182,3333.7284,3355.71,3337.5249,3324.0789,3392.6,3580.8669,3652.146,3548.01
2025-12-23,3450.6501,3506.1021,3632.71,3603.0338,3474.1082,3464.53,3714.8376,3731.3261,3549.4,3687.6145,3857.0586,3888.86,3900.0128,3840.4957,3783.52,3877.4803,3910.9263,3895.67,4048.6848,4156.9126,4115.4,4042.9591,4065.1355,4033.08,3738.6602,3796.6143,4241.41,4450.5903,4336.119,4091.79,3981.8381,3989.7997,3930.98,3759.9405,4314.3049,5287.3,5448.8725,5315.689,5286.18,5233.1157,5203.3937,5226.55,5274.1846,5346.2641,5256.82,4981.8885,5823.1412,7198.93,7136.9137,6906.7213,7186.67,7329.1752,7107.7943,6874.02,7128.4015,7177.897,6892.66,6846.0349,6959.7989,7031.83,6962.5403,6866.5034,6867.73,6989.8063,7037.2675,6950.65,6861.7889,6895.0211,6907.88,6651.534,6483.6126,6474.23,6375.8959,6420.3667,6545.21,6440.9332,6463.995,6658.78,6688.3468,6620.3763,6566.91,6584.6583,6743.4604,6799.47,6434.5454,6271.3176,6428.33,6408.223,6223.9654,6089.29,6176.0578,6240.1904,6197.45,6188.9103,6201.2311,6236.37,6313.913,6305.124,6234.57,6249.0791,6228.3392,6161.71,6164.7599,6154.9431,6254.72,6505.0126,5684.1363,4288.82,4167.1896,4462.6753,4467.57,4331.1307,4234.7726,4221.67,4222.7041,4267.0454,4400.62,4571.8898,4406.047,4114.08,4300.1507,4495.776,4428.05,4288.6291,4236.916,4276.84,4289.1291,4239.6216,4321.41,4642.7212,4219.8393,3276.53,3096.8704,3292.0209,3418.29,3441.2994,3441.0912,3427.72,3366.5127,3411.2907,3530.28,3529.7271,3501.5714,3579.47
2025-12-24,3784.6124,3830.1482,3642.26,3444.4976,3476.2898,3640.36,3622.7344,3582.4085,3568.12,3483.6378,3566.2541,3788.0,3858.2443,3838.4725,3836.43,3883.7127,3895.0212,3874.35,3916.88,4006.9362,4019.38,3878.2241,3998.4159,4293.3,4252.0475,4153.3463,4146.36,4084.466,3974.7965,3907.65,3988.5224,4210.346,4330.1,4151.7053,4449.0713,5166.54,5416.22,5282.2886,5186.37,5429.3803,5524.886,5379.72,5381.2696,5471.525,5393.4,5148.0958,5999.8915,7368.51,7310.5549,7014.4042,7095.92,6989.652,6908.6098,6977.01,7035.3631,6988.1345,6861.98,6792.5706,6925.865,7088.74,6959.2487,6884.9997,6992.27,7049.3946,6970.7822,6913.46,7056.6164,6895.8599,6548.45,6634.3307,6633.6614,6381.98,6275.8563,6353.0002,6400.7,6224.1674,6288.9042,6642.53,6820.3135,6662.853,6461.26,6622.8888,6582.7374,6295.29,6300.2745,6417.6135,6408.21,6263.522,6353.5415,6543.98,6347.0352,6226.5057,6337.53,6351.5657,6224.8569,6150.27,6314.6363,6271.3217,6052.0,6147.4474,6338.2192,6381.13,6240.7533,6069.2254,6060.32,6167.8506,5467.1058,4346.54,4197.25,4324.4871,4282.86,4334.9219,4426.2184,4456.8,4391.7255,4287.6682,4251.73,4348.6837,4373.2123,4306.8,4335.4065,4441.0065,4475.23,4314.8167,4230.5374,4305.74,4362.6223,4333.5408,4356.0,4517.7204,4061.88,3211.18,3038.8041,3258.9755,3447.28,3472.8216,3509.6577,3526.14,3341.2245,3278.2632,3417.11,3519.9418,3567.7206,3573.24
2025-12-25,3536.5305,3513.3078,3548.41,3628.2874,3616.6483,3584.06,3746.0673,3947.752,3909.38,3519.6739,3428.7037,3775.34,4036.6654,3877.6121,3644.68,3953.4111,4033.5185,3798.18,3924.1891,4015.7994,3858.2,3722.7995,3958.0196,4334.77,4250.481,3970.3398,3865.93,4076.8854,4293.7118,4334.65,4269.8784,4213.4876,4085.05,3852.0483,4420.7711,5471.0,5671.5786,5479.7346,5324.21,5203.6967,5342.9114,5563.63,5433.0025,5334.3142,5296.69,5128.8769,5925.2415,7149.38,7051.859,6805.8015,6999.05,7060.2594,7116.6791,7156.98,6994.5678,7026.2001,7177.43,6989.8286,6924.5284,7062.92,6998.4813,6837.2753,6784.48,6917.8399,6962.1765,6863.65,6815.1661,6766.3182,6748.24,6832.7424,6694.2373,6428.39,6461.5055,6467.1984,6233.87,5959.2867,6205.6407,6752.87,6796.9244,6661.5274,6594.51,6508.2377,6440.5277,6412.97,6403.4363,6416.3781,6348.42,6107.9371,6089.6931,6338.78,6476.3809,6333.3793,6144.2,6300.6472,6455.8055,6426.0,6346.6644,6225.7691,6103.51,6057.8547,6050.7238,6121.07,6302.872,6213.3175,6052.82,6277.6348,5693.9573,4529.78,4299.7226,4334.8814,4253.07,4363.8707,4353.5144,4219.16,4294.464,4367.2508,4373.22,4471.6199,4559.8488,4517.13,4333.0638,4229.0949,4306.98,4464.6906,4502.5673,4406.22,4340.4992,4355.2979,4446.82,4490.4232,4005.9912,3272.15,3122.2692,3231.836,3263.97,3204.6597,3180.3039,3226.29,3282.0767,3394.5617,3622.58,3833.7942,3257.6594,2360.89
2025-12-26,2470.813,2804.5139,2805.94,2686.3466,2640.3072,2694.29,2737.6593,2737.1192,2768.06,2912.2665,2940.4254,2860.6,2912.9157,3005.4209,3053.73,3052.5087,2942.707,2794.49,2801.5504,3060.5243,3267.75,3007.5303,2885.1956,3113.58,3288.2451,3162.0772,2965.43,3133.3285,3218.9005,3080.39,3034.4291,3108.1781,3211.49,3236.6089,3167.2956,3135.87,3297.3803,3405.9714,3323.15,3197.6396,3460.3807,3910.07,3884.0042,3668.0516,3614.71,3792.7985,3865.5707,3767.77,3737.1236,3740.0701,3681.8,3596.3754,3952.895,4468.02,4353.7745,4215.0622,4266.17,4146.4226,4168.2249,4359.45,4370.1639,4190.4128,4061.98,4228.9204,4314.2823,4162.06,3988.2274,3978.1795,4155.36,4347.7279,4225.7314,3963.89,4055.5602,4123.268,4044.09,4061.7284,3986.8782,3820.2,3799.1769,3890.5557,3896.04,3678.0858,3690.4513,3903.16,3854.3231,3862.1394,3931.73,3740.7156,3690.3749,3764.72,3562.3002,3528.2698,3713.88,3683.1231,3501.7925,3415.09,3574.6119,3592.9777,3501.94,3617.3949,3229.4544,2622.12,2816.038,2812.9691,2466.69,2633.9112,2737.4282,2657.51,2857.7136,2842.1463,2581.41,2589.7826,2700.5134,2710.32,2612.2879,2608.1048,2710.78,2731.4288,2635.3679,2535.69,2590.4177,2711.3059,2756.43,2661.7862,2629.8237,2724.87,2816.3603,2818.0179,2777.81,2779.0475,2582.7696,2324.2,2399.0672,2442.5944,2390.9,2515.0568,2466.3851,2294.56,2420.9577,2533.5565,2466.98,2391.5075,2462.4402,2530.45
2025-12-27,2338.1942,2359.1264,2663.23,2808.127,2674.7137,2571.97,2878.5402,2928.0501,2687.14,2765.9058,2781.3714,2664.91,2765.5273,2829.2334,2818.47,2945.2568,2942.2522,2787.06,2772.7253,2971.2328,3229.89,3299.5717,3207.1327,3056.61,2967.0034,3078.796,3244.53,3169.195,3126.7554,3223.13,3278.0341,3224.4342,3118.39,3073.8419,3072.0172,3085.16,3116.0223,3183.3688,3190.86,3086.8036,3428.0402,3892.45,3607.5244,3570.451,3929.84,3835.0041,3721.3234,3765.75,3683.6712,3703.9096,3770.9,3632.9901,3889.4368,4404.45,4394.9212,4276.7315,4292.28,4258.8557,4224.7531,4225.4,4223.7287,4200.7942,4242.49,4429.4825,4440.4113,4233.93,4085.891,4014.7579,3976.66,3933.0565,3849.3537,3861.4,4134.7787,4291.4568,4169.12,3983.3154,4027.6225,4168.3,4007.5908,3848.8473,3843.35,3856.0341,3928.4488,3993.66,3882.7346,3650.2348,3552.53,3790.3026,3799.4381,3615.11,3794.2595,3839.541,3594.01,3436.1917,3433.6875,3522.06,3583.6336,3491.4151,3419.94,3600.8146,3328.6983,2755.15,2783.0808,2960.8414,2893.58,2676.4394,2710.2243,2911.31,2809.8104,2612.8915,2626.42,2917.7603,2936.3154,2645.4,2544.0971,2603.8225,2645.33,2563.6216,2585.0091,2761.22,2910.0521,2947.2534,2895.97,2829.3901,2706.4144,2589.92,2619.4684,2710.677,2790.67,2816.7574,2605.651,2267.91,2161.5958,2311.0136,2545.4,2631.9255,2526.6175,2349.92,2302.7329,2434.0616,2533.96,2397.1501,2677.6622,3378.26
2025-12-28,3784.9516,3799.0609,3674.22,3706.3021,3623.8534,3454.0,3537.464,3703.4297,3740.05,3610.4249,3595.6009,3714.28,3734.8382,3780.8641,3914.4,4030.3875,3983.5438,3888.62,3999.7525,4069.8089,4059.62,4165.7227,4195.6613,4154.13,4229.1046,4168.1645,4034.35,4161.9189,4266.6169,4177.0,4025.3043,4050.2736,4068.07,3796.9248,4275.532,5224.07,5261.6016,5174.9834,5358.3,5387.3942,5368.6932,5369.48,5329.4429,5390.6128,5376.2,5118.0433,5877.8992,7226.3,7347.2611,7054.2612,7030.6,7126.8936,7112.8664,6961.48,6839.7802,6830.0684,6926.23,7040.0883,7024.4027,6938.53,6961.5716,6883.9636,6736.87,6782.7937,6855.0559,6829.18,6764.8583,6835.9689,7026.25,7096.173,6801.0249,6349.26,6233.9293,6284.1238,6293.81,6249.8314,6352.2099,6511.53,6448.2823,6469.1813,6613.58,6577.1935,6359.7477,6221.12,6414.8614,6474.173,6277.78,6155.4561,6132.0522,6178.19,6260.0528,6226.5486,6162.59,6294.1164,6361.6133,6276.0,6206.9332,6179.6521,6168.63,6143.6202,6102.7465,6086.79,6125.686,6081.0149,6153.69,6520.3498,5825.9575,4436.47,4194.2841,4444.2249,4545.62,4508.1331,4303.6518,4094.92,4142.0056,4268.8494,4299.08,4220.5465,4222.9746,4295.09,4273.5108,4371.0237,4524.17,4432.8593,4331.5117,4339.46,4357.268,4418.4579,4519.31,4505.0843,3947.8623,3213.64,3159.7374,3197.1093,3138.13,3357.3084,3413.1022,3227.44,3193.8525,3288.8828,3389.8,3417.4446,3420.0416,3439.02
2025-12-29,3478.8245,3546.256,3563.19,3458.9469,3519.6088,3739.86,3795.7728,3627.6944,3532.79,3858.4101,4033.7324,3876.58,3768.8746,3853.2428,3970.48,3878.5195,3921.2596,4061.47,3943.439,4023.858,4183.72,3863.7675,3836.9375,4187.08,4202.2358,4098.0141,4055.1,4025.0755,4143.1677,4308.87,4253.6099,4164.9601,4111.07,4044.444,4372.8203,4971.1,5245.7432,5319.901,5354.49,5357.6922,5324.1459,5320.1,5415.4201,5411.4874,5280.81,5298.4807,5954.4684,6896.97,7192.233,7139.2849,7107.69,7160.5867,7135.7143,7054.34,7092.5674,7105.0935,7042.93,7003.2434,6953.1148,6879.35,6831.5288,6884.994,6928.31,6789.5145,6801.5567,6891.61,6659.771,6514.5968,6624.1,6709.617,6516.9077,6189.83,6140.1736,6301.3766,6441.49,6398.498,6438.0746,6518.65,6364.9771,6398.9538,6615.39,6563.3119,6422.2177,6305.67,6191.6697,6408.3515,6726.22,6544.1392,6341.162,6327.05,6249.6537,6188.3002,6158.62,6081.2861,6097.1314,6169.56,6137.9289,6259.5735,6389.03,6133.7301,6113.6347,6331.03,6162.8942,5976.0517,6063.1,6196.6962,5462.4533,4312.13,4183.0997,4351.3394,4291.04,4212.5684,4241.6677,4300.96,4235.2531,4259.8063,4389.82,4430.1269,4511.4751,4600.61,4510.4012,4422.8004,4380.66,4277.3232,4327.5695,4443.77,4328.7276,4364.8171,4573.61,4508.9507,4011.0362,3396.5,3205.0235,3278.2085,3406.32,3510.0759,3523.4652,3421.65,3268.2945,3307.2388,3444.61,3379.1607,3482.6638,3690.04
2025-12-30,3557.4277,3536.8265,3713.89,3683.6911,3473.3963,3370.07,3628.4387,3813.3326,3786.61,3805.5681,3829.0142,3830.38,3851.1429,3832.7514,3815.42,3889.9404,3861.9367,3732.12,3720.6823,3848.7012,3947.16,3849.9499,3928.9678,4166.13,4154.7279,4034.3594,4015.12,4143.2163,4117.7914,4031.04,4242.5921,4290.5381,4067.15,4017.3151,4507.1037,5195.15,5336.4475,5281.0797,5286.25,5252.7368,5157.7733,5128.85,5324.5114,5520.7999,5428.8,5113.0471,5836.2634,7172.87,7326.74,6946.8928,6800.27,6974.2342,6934.7478,6819.21,7219.3355,7308.2725,7002.82,7053.673,7135.4186,7041.25,6930.7014,6832.0975,6796.4,6873.1151,6878.2526,6833.93,6942.6411,7071.4929,7084.19,6926.775,6553.735,6205.67,6243.077,6376.0366,6368.91,6273.6107,6390.2045,6578.02,6431.8269,6456.5875,6639.51,6462.1063,6359.8328,6412.65,6274.9298,6285.7708,6465.04,6452.4713,6351.8265,6307.22,6327.8885,6221.9987,6066.28,6143.6887,6293.234,6305.44,6127.5169,6056.2352,6174.72,6274.7488,6195.8451,6063.36,6124.4248,6057.7269,6006.55,6288.1385,5572.4372,4285.31,4282.7733,4499.5935,4388.33,4470.4535,4471.9367,4289.45,4174.8012,4255.3764,4378.15,4287.7302,4281.2442,4378.51,4309.8405,4304.119,4356.9,4230.9953,4194.8396,4336.31,4452.0887,4429.4027,4443.9,4644.3594,4092.5615,3166.98,3256.0566,3469.2992,3386.83,3468.3143,3476.9421,3369.86,3375.2619,3303.5575,3239.39,3457.8753,3495.5318,3403.37
2025-12-31,3657.9857,3663.9225,3437.29,3583.7608,3556.5691,3387.9,3661.0083,3701.6689,3546.48,3900.1406,4042.7868,3850.42,3922.4332,3919.928,3751.51,3747.6566,3946.5163,4099.23,3919.889,3791.6849,3886.32,3993.2636,3912.0435,3784.89,3927.4483,4021.7675,3968.7,3997.4857,4126.4238,4296.17,4410.3484,4315.2378,4022.6,3833.6317,4432.6914,5319.13,5241.9549,5027.5307,5203.71,5459.1682,5468.1137,5242.99,5096.9251,5200.5119,5356.73,5343.3418,6082.6579,7242.48,7419.2944,7087.1667,6884.02,7000.2982,7137.4303,7125.47,7025.3916,6841.097,6754.84,6999.086,7236.5859,7230.98,7042.5485,6925.9652,6947.3,6966.4598,6954.0305,6849.67,6638.1937,6703.0868,6921.64,6757.4527,6439.4508,6257.07,6285.4849,6303.3728,6257.86,6306.1062,6472.8959,6559.37,6364.0533,6395.1875,6625.58,6521.3122,6367.9486,6360.64,6384.0174,6303.8578,6227.1,6361.2234,6367.5086,6264.34,6372.2415,6266.1383,6037.06,6233.071,6420.5007,6412.01,6421.3733,6284.1747,6089.43,6137.6648,6175.0871,6113.0,6111.9511,6107.1417,6154.04,6246.532,5482.1455,4322.62,4248.7212,4490.0877,4467.01,4358.4689,4290.3451,4270.71,4254.5127,4357.2905,4481.63,4391.7982,4306.4326,4356.58,4443.6651,4379.661,4255.17,4334.4916,4395.8116,4413.28,4569.0074,4609.4376,4523.34,4485.1654,4031.9753,3423.74,3431.1909,3365.7706,3126.43,3295.7173,3371.8552,3243.81,3314.8405,3370.1383,3359.49,3493.254,3719.8068,3957.98
