date,strategy,soc_initial_kwh,soc_final_kwh,zero_plan_kwh,final_plan_kwh,used_plan_kwh,emergency_kwh,curtail_kwh,spill_kwh,charge_kwh,discharge_kwh,plan_cost_yuan,adjustment_cost_yuan,market_cost_yuan,emergency_cost_yuan,total_cost_yuan,alternative_total_cost_yuan,max_solver_eq_residual,max_solver_ub_violation,simultaneous_charge_discharge_count,soft_terminal_deviation_kwh
2025-02-01,S12,6000.0,6000.000000000004,51868.30692697806,51868.30692697807,43081.719857762044,25.713321298467577,3410.4365271367974,1284.4824059870614,21233.35954001744,17199.021227414127,27631.61269087223,0.0,27631.61269087223,127.52521697974996,27759.13790785198,27759.13790785198,2.7284841053187847e-12,2.0372681319713593e-10,0,3.637978807091713e-12
2025-02-02,S12,6000.000000000004,6000.000000000004,98867.75183414768,98867.75183414767,87416.7480702503,43.537618630352995,3645.981231828719,566.913483594471,25742.700123459956,20851.587100002565,63449.261397272196,7.275957614183426e-12,63449.2613972722,136.73773580612394,63585.99913307832,63585.99913307832,9.094947017729282e-13,1.7462298274040222e-10,0,0.0
2025-02-03,S12,6000.000000000004,6000.000000000005,103072.2583239474,103072.25832394738,90097.37240825307,0.0,4351.215867262677,582.695884077657,26034.442931119716,21087.898774206973,66316.14009894637,0.0,66316.14009894637,0.0,66316.14009894637,66316.14009894636,9.094947017729282e-13,1.4551915228366852e-10,0,9.094947017729282e-13
2025-02-04,S12,6000.000000000005,6000.000000000012,98875.82472732318,98875.82472732317,87654.1533478957,150.07179381953404,1482.30912339791,499.4424939783087,24355.839864942067,19728.230290603075,63487.307859349414,0.0,63487.307859349414,386.9555122632402,63874.26337161265,63874.263371612644,3.637978807091713e-12,1.0231815394945443e-11,0,7.275957614183426e-12
2025-02-05,S12,6000.000000000012,5997.980561229914,90752.97991106953,90759.63080854417,85665.54424194094,744.25836317695,849.0508518296742,179.96297637887767,24390.417307731866,19758.055514155905,57251.381916445054,9.046550745057175,57260.42846719011,2657.3134398089946,59917.74190699911,59917.7419069991,9.094947017729282e-13,1.0267342531733448e-11,0,2.019438770097622
2025-02-06,S12,5997.980561229914,5944.851844246575,97174.11445240909,97196.42454407577,86256.7728891362,143.2421449242279,1315.0913579715389,296.61335994519743,24026.67865664233,19509.425557165287,61821.826764098965,25.98233275500388,61847.80909685397,618.7389778338022,62466.54807468777,62466.54807468777,1.8189894035458565e-12,8.391509709326783e-12,0,53.12871698333947
2025-02-07,S12,5944.851844246575,5938.531500659361,49461.19958237683,49462.39962404349,41691.00913746664,24.861396869793282,5182.079332822936,727.5075168911865,21085.74909044285,17085.1450724872,25971.388285527544,1.397568525004317,25972.78585405255,130.46153386971943,26103.247387922267,26103.247387922263,1.3642420526593924e-12,1.1148415524075972e-11,0,6.320343587213756
2025-02-08,S12,5938.531500659361,5871.831509127643,37315.82279097455,37489.15148659546,36223.31249441362,855.7286524204148,1525.7649399155023,426.203173928391,18999.68583527379,15449.775518950313,19455.649284968124,205.7397602232886,19661.389045191412,3211.7637984424273,22873.15284363384,22873.15284363384,9.094947017729282e-13,9.322320693172514e-12,0,66.6999915317183
2025-02-09,S12,5871.831509127643,5871.831509127643,91364.28525901763,91365.91522127159,86436.79299411632,201.42531986636848,2170.4761727537507,199.77775081347534,24802.886440783026,20090.338017034257,57703.521002704685,1.9795090319676092,57705.50051173665,772.8683523823546,58478.36886411901,58478.36886411901,9.094947017729282e-13,1.738698074404965e-11,0,0.0
2025-02-10,S12,5871.831509127643,5829.655476301104,88498.77030081347,88505.62576135829,82032.70089385707,112.95503186264733,2849.33319631941,377.1255547069619,24371.147478441693,19778.587887081656,55700.84966751945,7.983869350449822,55708.8335368699,439.3489096915695,56148.18244656147,56148.18244656146,9.094947017729282e-13,3.456079866737127e-11,0,42.176032826539085
2025-02-11,S12,5829.655476301104,5829.655476301102,89586.85406395476,89661.71650602082,80458.48058457825,251.67423615809287,973.4568139428775,124.37816663040178,23114.33003594606,18722.607329116316,56656.626602315264,100.5424952738249,56757.16909758909,1146.1981919920518,57903.36728958114,57903.36728958113,1.8189894035458565e-12,9.634959496906959e-12,0,1.8189894035458565e-12
2025-02-12,S12,5829.655476301102,5829.655476301104,88116.23253782178,88130.76754038314,81605.77603917863,419.16747038607775,1942.0935008162016,248.4536375899704,24040.3170411854,19472.656803360187,55349.42186815289,20.383967930727522,55369.805836083615,1682.5673816266244,57052.373217710236,57052.373217710236,1.3642420526593924e-12,4.092726157978177e-12,0,1.8189894035458565e-12
2025-02-13,S12,5829.655476301104,5787.685479901195,84126.50026176737,84147.86605400902,78252.28392399685,408.3965690809812,2689.236435860746,237.38697990399749,23380.79503898061,18976.216978334214,52481.60714412426,29.06175060701935,52510.66889473128,1352.8467901628994,53863.51568489418,53863.51568489418,9.094947017729282e-13,2.064126647383091e-11,0,41.96999639990827
2025-02-14,S12,5787.685479901195,5787.685479901195,41415.06768919978,41606.544482762016,39597.99011913941,347.20291904395003,5896.234564485128,395.0187821695584,20274.40986769474,16422.27199283274,21220.978075709638,235.82391664144598,21456.801992351084,1191.271070753281,22648.073063104366,22648.073063104366,9.094947017729282e-13,5.059064278611913e-12,0,0.0
2025-02-15,S12,5787.685479901195,5725.340556093886,41115.407509205106,41136.44624717925,38767.94472957302,531.6046173054116,6170.188101959021,412.09051297517743,18385.737175635757,14948.557543691542,21477.40849802712,28.616891392441175,21506.02538941956,2386.5958016969817,23892.62119111654,23892.62119111654,2.7284841053187847e-12,7.787548383930698e-12,0,62.34492380730899
2025-02-16,S12,5725.340556093886,5725.340556093886,88817.57733632426,88817.57733632426,80818.60538481202,744.9315853040284,1698.8736602582749,88.58890676626788,23151.027911008077,18752.332607916538,55742.176517005835,7.275957614183426e-12,55742.17651700584,2815.8800411759344,58558.05655818178,58558.05655818178,1.8189894035458565e-12,1.2988721209694631e-11,0,0.0
2025-02-17,S12,5725.340556093886,5725.340556093886,91458.63808252086,91458.6380825209,79658.64972373447,113.68868780024293,4021.2523919551063,126.46414747308745,23372.414239156973,18931.655533717152,57049.7543815502,0.0,57049.7543815502,532.3187715461536,57582.07315309635,57582.073153096346,9.094947017729282e-13,1.0807355010911124e-11,0,0.0
2025-02-18,S12,5725.340556093886,5707.354031951413,80896.35876833278,80955.7275376493,78595.60889812098,428.85919095357826,2302.099744046015,195.04504697284779,23432.22834973988,18996.292835017524,50329.617116220106,57.506607617287955,50387.123723837394,1481.556586292576,51868.680310129974,51868.680310129974,1.8189894035458565e-12,2.091837814077735e-11,0,17.986524142473172
2025-02-19,S12,5707.354031951413,5687.780473983919,83360.10061491233,83360.10061491233,79908.4674348556,246.09382346715256,2507.9196054239906,154.5408756331816,24370.471558437028,19757.69816450474,52122.5384456943,-7.275957614183426e-12,52122.53844569429,998.5115412271159,53121.04998692141,53121.04998692141,4.547473508864641e-13,1.0690115459510707e-11,0,19.573557967493798
2025-02-20,S12,5687.780473983919,5663.395474215672,84427.30223784238,84523.72535872931,77408.33047841914,166.94531527521212,2052.6903556395387,244.84576592738483,22666.065466239572,18381.459527445484,52276.87463374651,131.94479601461353,52408.819429761126,806.7323407648167,53215.55177052594,53215.55177052594,1.8189894035458565e-12,2.7270630198472645e-11,0,24.384999768247326
2025-02-21,S12,5663.395474215672,5640.718510431851,38411.3950495258,38460.19709242283,36810.61201408817,184.8354910575684,6986.427257324422,800.0278925274582,19311.26099666301,15662.53067470248,19746.61871014867,62.32400010084166,19808.94271024951,649.1675362209019,20458.110246470413,20458.110246470413,1.8474111129762605e-12,6.892264536872972e-12,0,22.67696378382061
2025-02-22,S12,5640.718510431851,5613.109003804983,38446.31780129902,38580.22459167945,36303.63844315329,293.3921160540384,4825.139661607941,471.0875765368893,18320.468387859746,14864.427950130581,19908.94568457142,175.71567712229444,20084.661361693714,1069.97887678899,21154.640238482705,21154.6402384827,3.637978807091713e-12,2.5920599000528455e-11,0,27.609506626868097
2025-02-23,S12,5613.109003804983,5576.767607621158,83577.96018985067,83605.66211131943,76686.28964125698,358.98547978040233,1054.3315639507168,145.48425906088198,22875.330901357393,18561.725286664932,51834.11138951099,34.45857795658958,51868.56996746758,1349.4136881071424,53217.98365557472,53217.98365557472,9.094947017729282e-13,9.093170660889882e-12,0,36.341396183825054
2025-02-24,S12,5576.767607621158,5576.767607621158,79426.88799091056,79426.88799091059,74907.25370543059,580.7019330476318,2575.671398677307,282.160198215101,23300.475920626868,18873.38549570776,49383.21136392662,7.275957614183426e-12,49383.211363926624,2054.2293850648566,51437.44074899148,51437.44074899148,9.094947017729282e-13,1.4694023775518872e-11,0,0.0
2025-02-25,S12,5576.767607621158,5576.76760762116,82482.67092719377,82552.56219925756,74523.25026484948,226.6201907881283,4432.191370197145,238.41084848928585,22410.236861146608,18152.291857528755,51273.785492125986,100.09955058498599,51373.88504271097,806.4066845647005,52180.291727275675,52180.29172727567,4.547473508864641e-13,1.7358559034619248e-11,0,1.8189894035458565e-12
2025-02-26,S12,5576.76760762116,5564.825276030307,75911.23472435164,77352.10719964081,74673.51476685748,298.7997681002025,1587.0778957109128,127.67410475766815,23439.276839934333,18996.562338778585,46305.79056708595,1398.0778646638719,47703.86843174982,1377.858223841938,49081.72665559176,49081.72665559176,3.637978807091713e-12,1.7260415319242384e-11,0,11.942331590853428
2025-02-27,S12,5564.825276030307,5556.812983298982,77786.78868092275,77808.00532695034,72997.98415222675,94.6914946148919,1558.411979634716,149.31570180182314,23345.130678227983,18916.766912822863,47895.66938002567,28.807626154572063,47924.47700618024,533.0394150194043,48457.516421199645,48457.516421199645,1.8189894035458565e-12,1.0307310560619953e-11,0,8.012292731325033
2025-02-28,S12,5556.812983298982,5556.8129832989825,35291.83188002384,35291.83188002384,33827.145358017835,268.16413544663305,6889.1585480234435,522.2862065523871,17848.79573099283,14457.52454210419,18307.745604100357,0.0,18307.745604100357,966.2711346726232,19274.01673877298,19274.01673877298,9.094947017729282e-13,2.1529444893531036e-12,0,9.094947017729282e-13
2025-03-01,S12,5556.8129832989825,5519.932867950071,42305.10698313717,42314.87851979347,37092.105518473174,68.1644445958606,9275.65437881708,713.4606871787807,18660.95298712554,15148.564023385708,21685.230051580395,11.379931589930493,21696.609983170325,325.16119671259366,22021.77117988292,22021.77117988292,1.8189894035458565e-12,1.0203393685515039e-11,0,36.880115348911204
2025-03-02,S12,5519.932867950071,5519.932867950075,83006.28366829403,83006.28366829405,77420.26614258772,833.0223534136776,1205.7617372639183,117.78862434910684,24060.16351432464,19488.732446602968,51214.95942906057,7.275957614183426e-12,51214.959429060575,3914.2136378698106,55129.17306693039,55129.17306693039,1.8189894035458565e-12,1.1425527191022411e-11,0,3.637978807091713e-12
2025-03-03,S12,5519.932867950075,5481.806077268863,85042.23737901209,85843.41336196926,78324.01755253752,322.3258303876979,1883.8227648136603,238.5578713890652,23900.685394748692,19393.869281359526,52813.70900189548,1056.264544716054,53869.97354661153,1145.6625002520764,55015.636046863605,55015.636046863605,9.094947017729282e-13,2.1577406528194842e-11,0,38.12679068121179
2025-03-04,S12,5481.806077268863,5419.651881105806,75832.21453562107,76030.82594977503,73761.70917856769,1041.352083857466,1049.828534086109,203.20495713802416,23192.150602181326,18841.580764313632,46798.462754918975,162.00484884073376,46960.46760375971,2879.4632581784185,49839.930861938126,49839.930861938126,9.094947017729282e-13,2.091837814077735e-11,0,62.15419616305735
2025-03-05,S12,5419.651881105806,5412.360731308453,79065.50177395562,79069.80510795127,72298.9562894957,181.3274777404096,1839.4178614196871,142.10552627249433,23025.528408920538,18657.240046043247,48614.45135922225,6.300080969631381,48620.75144019188,865.8584504894706,49486.60989068135,49486.60989068135,9.094947017729282e-13,3.490896460789372e-11,0,7.291149797352773
2025-03-06,S12,5412.360731308453,5412.360731308457,75109.04594536123,75113.54223953804,71571.29018914177,501.5365572822014,1390.9265694387477,373.6223166164324,22987.493300186743,18619.869573151267,46036.45580523807,7.95454155569314,46044.41034679376,2073.846107289303,48118.256454083064,48118.256454083064,9.094947017729282e-13,2.8187230327603174e-11,0,3.637978807091713e-12
2025-03-07,S12,5412.360731308457,5412.360731308461,36746.11936635787,36746.11936635787,33264.31501360486,64.37568762112647,8357.335420342211,784.2178171183098,17183.43121280065,13918.579282368524,19415.42379175093,0.0,19415.42379175093,137.47051356037758,19552.894305311307,19552.894305311307,1.3642420526593924e-12,1.2708056829069392e-11,0,4.547473508864641e-12
2025-03-08,S12,5412.360731308461,5380.243105742589,31415.16708675454,31454.439737492503,30533.108840131612,767.8844185553751,8841.277820585927,432.1369502783935,15754.44649560678,12790.007524450777,16506.894454590572,50.83049926521926,16557.72495385579,2320.1428008234693,18877.86775467926,18877.86775467926,9.094947017729282e-13,4.1385561644347035e-11,0,32.117625565872004
2025-03-09,S12,5380.243105742589,5380.243105742588,77648.63922277995,77648.63922277994,69070.09145346937,719.4517707042387,1934.514519005383,204.25109719677664,22722.38188406002,18405.129326088612,47248.24068050539,0.0,47248.24068050539,3335.5898654846847,50583.83054599007,50583.830545990066,1.8189894035458565e-12,3.3513636310544825e-11,0,9.094947017729282e-13
2025-03-10,S12,5380.243105742588,5362.458344203632,76459.86592770576,76459.86592770574,73379.9826452137,844.8833980060638,1650.1876596422312,211.2072140676438,22828.452657341913,18507.052937832002,46499.03589407352,7.275957614183426e-12,46499.035894073524,3871.369154445128,50370.40504851865,50370.40504851865,1.8189894035458565e-12,2.7284841053187847e-11,0,17.784761538956445
2025-03-11,S12,5362.458344203632,5355.932860001204,67208.65622583398,68614.71951398982,66051.4672361891,2980.2402716882125,541.6737034616181,357.9403730486937,22100.25035341681,17907.075722049794,40970.04522175828,1048.7329947165053,42018.778216474784,11417.292276085996,53436.07049256078,53436.07049256078,9.094947017729282e-13,3.653521929436465e-11,0,6.525484202427833
2025-03-12,S12,5355.932860001204,5343.840011644037,75954.87402241983,75954.87402241983,68611.0450135183,424.58996884734063,2222.7835017913153,247.6146482079963,21792.55638186524,17662.854232832295,46406.72648777748,7.275957614183426e-12,46406.72648777749,1356.5057324376642,47763.23222021515,47763.23222021514,1.8189894035458565e-12,1.1368683772161603e-11,0,12.092848357166986
2025-03-13,S12,5343.840011644037,5326.220373114393,77135.09483016912,78276.02477700604,74506.61868487619,465.74293735990375,2926.849006047149,103.22601864236049,23223.822397666336,18827.153816786416,47058.630156507556,1223.3884888042376,48282.01864531179,1972.18488359456,50254.20352890635,50254.20352890634,9.094947017729282e-13,4.8203219193965197e-11,0,17.619638529644362
2025-03-14,S12,5326.220373114393,5326.2203731143945,33507.89961902917,33582.361935230205,31279.029442971947,84.53213458756852,11742.54352656903,424.82596773941015,16667.189999567097,13500.423899649342,17489.043443957533,91.83906225426836,17580.8825062118,270.4038455869882,17851.28635179879,17851.28635179879,9.094947017729282e-13,2.8848035071860068e-12,0,1.8189894035458565e-12
2025-03-15,S12,5326.2203731143945,5326.2203731143945,32140.550589722585,32356.32300383459,30994.759499252148,369.40762777608967,7065.095780419164,304.03889919901076,16162.669986368743,13091.762688958685,16648.348055374503,278.3637008315163,16926.71175620602,1271.7308281330154,18198.442584339035,18198.442584339035,1.8189894035458565e-12,3.069544618483633e-12,0,0.0
2025-03-16,S12,5326.2203731143945,5297.448891807975,73251.96634952631,73319.87899955618,68772.04514218392,911.7359324449587,1619.5749164667504,394.91753512771027,22863.873804614945,18545.632114913875,44930.85715068095,107.18911257656146,45038.046263257515,3929.1190726350733,48967.16533589259,48967.16533589259,9.094947017729282e-13,5.226041821515537e-12,0,28.771481306419446
2025-03-17,S12,5297.448891807975,5297.448891807974,70502.8507192368,70906.64546766653,64227.78721841388,391.44284851971645,2476.0447988604888,285.22662929341027,21051.722133928135,17051.894928481805,42136.642580864245,489.1428638701691,42625.785444734414,1998.331191028783,44624.116635763196,44624.116635763196,1.8189894035458565e-12,1.5913492745767144e-11,0,9.094947017729282e-13
2025-03-18,S12,5297.448891807974,5297.448891807976,78800.40095278049,78800.40095278047,70082.99336677282,137.10491553664679,4432.887933388283,342.8538688665776,22728.411123094415,18410.01300970648,48618.07576938649,7.275957614183426e-12,48618.075769386494,334.6124717494423,48952.68824113594,48952.68824113593,9.094947017729282e-13,5.275069270282984e-11,0,1.8189894035458565e-12
2025-03-19,S12,5297.448891807976,5297.448891807978,66658.56600363902,68484.27051416617,65541.72215116155,471.3537258562411,2028.0148385132143,323.1681547104605,22086.43386207423,17890.011428280122,40524.29182995081,1682.4401959087627,42206.73202585957,1552.564001090639,43759.29602695021,43759.29602695021,1.8189894035458565e-12,9.748646334628575e-12,0,1.8189894035458565e-12
2025-03-20,S12,5297.448891807978,5297.448891807978,73765.5459620643,73765.5459620643,66070.77762943297,1123.8546946560282,628.8910153588487,195.66224228121507,21900.61710411715,17739.4998543349,45123.15366709093,7.275957614183426e-12,45123.15366709094,4657.4673965493985,49780.62106364034,49780.62106364034,9.094947017729282e-13,2.3646862246096134e-11,0,0.0
2025-03-21,S12,5297.448891807978,5297.448891807979,31262.65899458279,31262.658994582787,29514.258682870557,399.234874800444,14547.020063149452,413.9445204446202,15363.497144264566,12444.432686854288,16377.970547342824,0.0,16377.970547342824,1270.814063607755,17648.784610950577,17648.784610950577,2.2737367544323206e-13,3.0269120543380268e-12,0,9.094947017729282e-13
2025-03-22,S12,5297.448891807979,5243.270575731418,32888.69431679954,32888.69431679954,30523.559665147124,80.97059219415388,11096.602811943245,645.6035360474291,15946.761370979832,12965.63719496257,17257.658295669935,3.637978807091713e-12,17257.65829566994,169.68907433912364,17427.34737000906,17427.347370009058,1.8189894035458565e-12,0.0,0,54.178316076560805
2025-03-23,S12,5243.270575731418,5226.052696120797,75334.66045895754,75337.33594207416,67095.15352008362,299.21433949437517,4316.291329214448,89.86177464719333,22284.161740522326,18065.66710147265,45981.261207236625,3.750004016699677,45985.011211253324,1220.7628627994866,47205.77407405281,47205.77407405281,9.094947017729282e-13,2.9103830456733704e-11,0,17.217879610620912
2025-03-24,S12,5226.052696120797,5226.052696120799,69968.85847049142,70651.21832293918,65878.52993150655,204.7131916998367,3485.5566568895188,386.40231879180476,22172.56349574598,17959.77643155424,42223.61685650889,837.22450848273,43060.84136499162,638.4862323175272,43699.327597309144,43699.327597309144,1.8189894035458565e-12,1.922373371598951e-11,0,1.8189894035458565e-12
2025-03-25,S12,5226.052696120799,5203.176453465315,77675.54629028641,77675.54629028637,67550.291713212,448.68166771860007,2807.218696957628,109.77373733565855,21854.972886108415,17723.116656137758,47568.34752401925,0.0,47568.34752401925,1463.7522784658847,49032.099802485136,49032.099802485136,9.094947017729282e-13,2.064837190118851e-11,0,22.87624265548402
2025-03-26,S12,5203.176453465315,5143.034288896691,69992.45811452754,69992.45811452754,62160.039845795196,352.8057434722323,2588.7412589250853,261.87392377240235,21704.2288842896,17634.55334438635,42425.03406126424,0.0,42425.03406126424,1403.6676551917453,43828.70171645599,43828.70171645599,9.094947017729282e-13,2.6830093702301383e-11,0,60.14216456862414
2025-03-27,S12,5143.034288896691,5135.848035132225,72346.38736234728,72363.91858060566,66452.81552461324,332.1890413499732,3611.4952894859994,271.89461222168643,22058.383645492322,17873.758381236803,44114.8627707487,24.893700366752455,44139.756471115455,963.4267554537169,45103.18322656917,45103.18322656917,1.1368683772161603e-12,7.071676577652397e-12,0,7.186253764465619
2025-03-28,S12,5135.848035132225,5135.848035132226,32284.060247484995,32284.060247485002,30565.037932720104,145.45329194749638,16190.460386348135,518.0184267440263,16737.534973204045,13557.403328295277,16492.083442236555,3.637978807091713e-12,16492.08344223656,447.56301052243197,16939.646452758992,16939.646452758992,1.3642420526593924e-12,4.916955731459893e-12,0,9.094947017729282e-13
2025-03-29,S12,5135.848035132226,5135.848035132229,30827.667218264898,31148.809495578622,29684.557370404742,183.7081406746681,18841.772628200015,379.4052499020364,15473.04447181067,12533.166022166643,15575.340267618085,423.73927707084295,15999.079544688928,884.3927163317197,16883.472261020648,16883.472261020648,1.8189894035458565e-12,3.2102320801641326e-11,0,2.7284841053187847e-12
2025-03-30,S12,5135.848035132229,5089.657136889259,70204.36100102108,70204.36100102111,62788.41113760169,802.5820584348381,3888.6307998063157,253.85723890382906,21812.932977605575,17710.0475202792,42173.54610767127,0.0,42173.54610767127,3169.9314352227625,45343.47754289403,45343.47754289403,2.2737367544323206e-12,2.3646862246096134e-11,0,46.190898242969524
2025-03-31,S12,5089.657136889259,5087.265349592375,64355.720695912256,65261.861826896224,62882.37734855878,678.3535132223872,2268.524999692244,161.6441321134838,22006.972922154284,17827.800675512168,38401.34901525734,761.9175057789107,39163.266521036254,2470.582203899555,41633.84872493581,41633.84872493581,1.8189894035458565e-12,4.4799719489674317e-11,0,2.391787296884104
2025-04-01,S12,5087.265349592375,5066.5259864052705,76689.42613912892,76785.13286057126,69904.36867328826,445.8564656087243,5652.593424265574,141.92238169525774,22976.43812177821,18629.580305508745,45826.49121062008,105.53073677050998,45932.02194739059,1754.713723012156,47686.73567040275,47686.73567040275,1.1368683772161603e-12,2.680167199287098e-11,0,20.739363187104573
2025-04-02,S12,5066.5259864052705,5052.855820881806,72091.46181951727,72173.96788444555,68743.85595139585,403.1018493212429,4257.856089688981,198.44145520132452,22461.200025252117,18205.875169425337,43475.90070461901,84.88675783068902,43560.7874624497,1671.632410063525,45232.41987251322,45232.41987251322,4.888534022029489e-12,5.076117304270156e-11,0,13.670165523464675
2025-04-03,S12,5052.855820881806,5049.47545496021,73404.00176098381,73406.69645293072,65448.3783785354,182.22345532988115,5284.011227674881,186.69141842046804,22628.4802654352,18332.111344331952,44746.4886319644,3.772029787302017,44750.2606617517,641.4463392435284,45391.70700099523,45391.70700099523,1.8189894035458565e-12,7.140954494389007e-12,0,3.380365921595512
2025-04-04,S12,5049.47545496021,5049.475454960212,30281.68719403897,30284.752608488645,28492.974480948033,136.56109344979694,18983.225573152435,323.66709047887684,15220.21400403428,12328.373343267765,15246.803997473075,4.259699919266495,15251.063697392341,629.791497178348,15880.85519457069,15880.855194570688,1.3642420526593924e-12,6.252776074688882e-12,0,1.8189894035458565e-12
2025-04-05,S12,5049.475454960212,5030.567573715253,29100.15315233879,29100.153152338793,28185.51743045442,765.5269359553708,13904.335767201295,176.37241874566138,14964.412053947191,12138.190856817688,14584.544170815285,1.8189894035458565e-12,14584.544170815287,3085.1795210840505,17669.723691899337,17669.723691899337,1.8189894035458565e-12,4.774847184307873e-12,0,18.907881244958844
2025-04-06,S12,5030.567573715253,5030.567573715257,68191.71486869198,68720.53677694408,62833.22447608591,190.25228945913057,4308.266629448882,112.83048674254121,22064.75464572073,17872.45126303378,40399.434821931805,702.3607173627679,41101.79553929457,737.7273194199752,41839.52285871455,41839.52285871455,9.094947017729282e-13,1.2395418025334948e-11,0,3.637978807091713e-12
2025-04-07,S12,5030.567573715257,5030.567573715259,61708.41256135228,63908.52841686169,61865.67064423188,264.0994700839086,4440.739139089887,331.7013850595124,21655.84372017404,17541.233413340964,36513.486788123606,2154.6143178142374,38668.10110593784,912.2425473747307,39580.34365331257,39580.34365331257,9.094947017729282e-13,2.815792043975307e-11,0,1.8189894035458565e-12
2025-04-08,S12,5030.567573715259,5030.56757371526,69900.03687080795,69937.81447050594,61895.50797041971,294.82479128902435,3578.8159827666536,169.71695926433404,21518.980015847716,17430.37381283666,42092.52639646758,53.342845485763974,42145.86924195335,1456.776583382055,43602.6458253354,43602.6458253354,9.094947017729282e-13,5.286437954055145e-12,0,9.094947017729282e-13
2025-04-09,S12,5030.56757371526,5030.5675737152615,70271.6983150526,70283.68118510857,65436.275293203624,561.6860666407446,2555.132889903743,153.3948797979707,21869.066176189404,17713.943602713414,42164.50780835589,16.317008832374995,42180.824817188266,1706.5014900774265,43887.32630726569,43887.32630726569,4.547473508864641e-13,3.1040059411679977e-11,0,1.8189894035458565e-12
2025-04-10,S12,5030.5675737152615,5030.567573715263,67727.13195228332,67741.61912488782,61773.262582655545,367.77129978101385,3348.054977098024,214.6174304098679,21672.22934172989,17554.5057668012,41020.33682334109,22.85093534245243,41043.18775868354,1505.9653504706594,42549.1531091542,42549.1531091542,4.547473508864641e-13,7.965184067870723e-12,0,1.8189894035458565e-12
2025-04-11,S12,5030.567573715263,5030.567573715265,27842.37757823673,27842.377578236737,26971.8278632167,765.7294791203559,19244.6011794118,332.80081509571556,14965.81674296247,12122.311561799603,13841.253829191708,3.637978807091713e-12,13841.253829191712,2982.4358451466915,16823.689674338402,16823.689674338402,4.547473508864641e-13,4.0394354527961696e-12,0,1.8189894035458565e-12
2025-04-12,S12,5030.567573715265,5018.492285786227,29572.89742856128,29601.56393567586,27513.96251964265,155.56371020746934,15480.001165354792,336.5647939907556,14940.355156003683,12112.555435499116,15120.257293835828,44.90479643089748,15165.162090266725,445.3176365212685,15610.479726787995,15610.479726787993,1.8189894035458565e-12,6.0538241086760536e-12,0,12.075287929038495
2025-04-13,S12,5018.492285786227,5018.492285786228,66001.07197499517,66001.07197499517,61747.23350073187,239.29013193758755,3337.546270571569,296.9618668143977,21450.826378684975,17375.16936673483,39219.3042469867,-7.275957614183426e-12,39219.30424698669,988.8445426943488,40208.14878968104,40208.14878968104,9.094947017729282e-13,1.5759837879159022e-11,0,1.8189894035458565e-12
2025-04-14,S12,5018.492285786228,5018.4922857862275,67438.24173262223,67438.24173262225,60582.60581311411,496.8498294578687,4285.125819591728,191.35369109769556,21447.075430960886,17372.131099078313,40727.923611231105,0.0,40727.923611231105,1946.2965805256097,42674.220191756714,42674.220191756714,1.8189894035458565e-12,7.990053063622327e-12,0,9.094947017729282e-13
2025-04-15,S12,5018.4922857862275,5013.437781231336,61246.49332595141,61675.44315242195,58799.85410342372,428.1396612571971,4912.224396720661,43.27807621513432,21776.902697427337,17643.840239015546,35901.60333450943,489.0831518432751,36390.68648635271,2078.6311759345026,38469.31766228721,38469.31766228721,1.8189894035458565e-12,9.471534667682135e-12,0,5.054504554891537
2025-04-16,S12,5013.437781231336,5013.437781231337,66556.30207092245,67271.32918538078,63659.97594322934,324.75473433031596,3963.7379309019975,136.97597811014555,21602.23588709225,17497.811068544735,39041.499472553114,892.9498387083077,39934.44931126142,1157.9458621240108,41092.395173385434,41092.395173385434,9.094947017729282e-13,2.5565327632648405e-11,0,9.094947017729282e-13
2025-04-17,S12,5013.437781231337,4992.44150745168,60278.08777864874,60278.08777864872,57607.78109414333,529.2222314164627,1306.3618053166927,127.53041017001124,20282.449507762085,16447.680747688973,36360.19547471737,7.275957614183426e-12,36360.19547471738,1995.0426626954124,38355.238137412794,38355.23813741279,9.094947017729282e-13,1.6076029396572267e-11,0,20.996273779656804
2025-04-18,S12,4992.44150745168,4992.441507451681,28523.93077482081,28523.930774820805,26840.653291242586,233.61602097908897,17499.278497070474,390.91647082707635,14894.5113736357,12064.554212644918,14263.75244821735,1.8189894035458565e-12,14263.752448217352,774.2210541783313,15037.973502395684,15037.973502395682,1.8189894035458565e-12,2.9913849175500218e-12,0,9.094947017729282e-13
2025-04-19,S12,4992.441507451681,4992.44150745168,27970.290930115214,28314.678490351635,26780.70743643563,284.70264471806524,17177.402176984535,264.81703062884753,14939.534860738519,12101.023237198198,13692.832830648556,472.314716952902,14165.147547601458,697.798473316396,14862.946020917854,14862.946020917854,2.7284841053187847e-12,4.066524894597023e-12,0,9.094947017729282e-13
2025-04-20,S12,4992.44150745168,4992.441507451681,61297.06405745397,62427.31531573547,59398.014602991214,499.5124057148952,3606.2493086723107,288.2439069048005,21290.99426208242,17245.705352286743,36382.76027208328,1033.9115899388562,37416.671862022136,1573.146690184036,38989.818552206176,38989.818552206176,1.8189894035458565e-12,9.585221505403752e-12,0,9.094947017729282e-13
2025-04-21,S12,4992.441507451681,4992.441507451682,63650.2928038903,63652.83616859481,56744.58998507413,463.8071189394893,4788.745271472083,182.26270961847467,19581.467050472234,15860.988310882514,37596.423514215465,2.9620025348704075,37599.385516750335,1757.604920639621,39356.990437389955,39356.990437389955,9.094947017729282e-13,4.026645683552488e-11,0,9.094947017729282e-13
2025-04-22,S12,4992.441507451682,4976.81970202096,60049.53398071135,60838.77917111331,58942.05960948321,810.7905295096627,3381.454741283257,158.60367556931328,21441.694896638273,17381.832491164656,35535.17764788439,745.8805624971137,36281.0582103815,3234.264749504876,39515.322959886376,39515.322959886376,9.094947017729282e-13,2.282796174313262e-11,0,15.621805430721906
2025-04-23,S12,4976.81970202096,4976.81970202096,56595.446931601,58410.43499554816,57160.79398881994,732.2866869262647,2287.623723541976,252.77615462229403,20804.021478501523,16851.257397586225,33241.43833220629,1707.526884973915,34948.96521718021,2327.467579614525,37276.43279679473,37276.43279679473,9.094947017729282e-13,2.8137492336099967e-12,0,0.0
2025-04-24,S12,4976.81970202096,4976.819702020961,58781.42849407934,59333.84636321124,56158.22353177511,279.5949108795414,5246.1669401425825,158.35651548808687,20753.622563284098,16810.434276260115,34657.85127569748,730.5575051101114,35388.40878080759,1245.0166167061975,36633.42539751379,36633.42539751379,9.094947017729282e-13,1.1368683772161603e-13,0,9.094947017729282e-13
2025-04-25,S12,4976.819702020961,4976.819702020962,27920.114721057675,27920.11472105767,25831.747266676713,130.5693964961983,20798.35351042554,338.8027750137791,14867.382777545276,12042.58004981167,14024.950789163762,1.8189894035458565e-12,14024.950789163764,521.587569096715,14546.538358260479,14546.538358260477,9.094947017729282e-13,9.663381206337363e-13,0,9.094947017729282e-13
2025-04-26,S12,4976.819702020962,4976.819702020957,27366.015014629033,27389.91712159475,26097.23845089256,267.1573757921066,23121.686170639303,338.6678855508106,14914.990195585347,12081.142058424128,13654.49639744514,31.518513350338253,13686.014910795478,960.7055847253779,14646.720495520856,14646.720495520854,1.8189894035458565e-12,3.128164394183841e-12,0,4.547473508864641e-12
2025-04-27,S12,4976.819702020957,4961.807850033557,57667.0265915881,57952.63426679089,54200.44787693923,1005.8151191899092,2730.233115982405,146.12900623437008,19841.791354566703,16085.361663987691,34157.19710783117,434.90966908477276,34592.10677691594,4538.389245598524,39130.49602251447,39130.49602251447,1.8189894035458565e-12,2.9274360713316128e-12,0,15.011851987400405
2025-04-28,S12,4961.807850033557,4961.807850033556,70227.17126408478,70239.41310297366,62874.40208578391,260.63676043489505,2206.2766544185656,224.89967908476024,21483.6589265728,17401.763730523973,41245.396591838595,17.92205213332636,41263.31864397192,875.6275022150495,42138.94614618697,42138.94614618697,1.8189894035458565e-12,2.2069457372708712e-11,0,9.094947017729282e-13
2025-04-29,S12,4961.807850033556,4961.807850033556,60001.73702283343,60606.89810948218,55236.75503375471,149.31229040213086,4348.707711526552,74.16908111031603,18578.825341333213,15048.848526479907,35337.93737939921,806.3169811013722,36144.254360500585,841.3248777295973,36985.57923823018,36985.57923823017,9.094947017729282e-13,2.1884716261411086e-11,0,0.0
2025-04-30,S12,4961.807850033556,4961.807850033557,56400.03312460784,56400.033124607835,53019.27654566973,1545.93528233874,2670.8495738559295,157.7685430257436,18314.417251544633,14834.677973751152,33727.48898904503,0.0,33727.48898904503,5721.13139232096,39448.62038136599,39448.62038136599,1.8189894035458565e-12,7.503331289626658e-12,0,9.094947017729282e-13
2025-05-01,S12,4961.807850033557,4961.807850033552,60253.14549030577,60253.145490305775,55717.74678907436,2335.1376140238335,3248.8877111226193,0.0,19961.1467998714,16168.528907895843,36055.95113669276,-7.275957614183426e-12,36055.951136692755,10776.29049561669,46832.241632309444,46832.241632309444,3.637978807091713e-12,1.5724310742371017e-11,0,4.547473508864641e-12
2025-05-02,S12,4961.807850033552,4948.367176364161,30712.277822925782,30712.277822925782,29374.58891407025,496.5054386370269,12553.052283505736,214.4562068131455,14870.328343986885,12057.062564931826,16369.953335850754,0.0,16369.953335850754,1981.9167073385931,18351.87004318935,18351.870043189345,9.094947017729282e-13,2.5153212845907547e-12,0,13.44067366939089
2025-05-03,S12,4948.367176364161,4948.367176364163,32063.47080227183,32063.47080227184,29465.42229689692,172.21969698320495,17275.19536398618,670.7038586300666,14866.16379612566,12041.592674861784,17490.998348957386,0.0,17490.998348957386,633.2573923520065,18124.255741309393,18124.255741309393,9.094947017729282e-13,4.405364961712621e-13,0,1.8189894035458565e-12
2025-05-04,S12,4948.367176364163,4922.640977311311,65934.38525151937,66034.40822476635,59273.42852350248,728.1420891332509,4553.434664617775,39.35357991214562,19459.30849431601,15785.193459543529,39356.31943127849,165.84129853249033,39522.16072981098,3036.5403696496705,42558.70109946065,42558.70109946065,9.094947017729282e-13,1.2025935802739696e-12,0,25.72619905285228
2025-05-05,S12,4922.640977311311,4922.640977311315,67223.87484634921,67267.396040533,62747.79483670297,605.8467055579898,3860.136706899569,356.4296626344302,21374.044066983995,17312.975694257024,41493.31588119862,75.4934790525731,41568.809360251194,1922.5177923197368,43491.32715257093,43491.32715257093,9.094947017729282e-13,1.7614638914142944e-11,0,3.637978807091713e-12
2025-05-06,S12,4922.640977311315,4240.355588305702,59151.89923001135,59926.6809788219,57219.06064227248,1347.8633504700383,2190.7443312747305,436.75769785423654,19386.297089747095,16316.957492800195,36270.054942449824,1280.6041123869436,37550.65905483677,5921.171348445391,43471.83040328216,43471.83040328216,9.094947017729282e-13,1.1468159755168017e-11,0,682.2853890056122
2025-05-07,S12,4240.355588305702,4240.3555883057015,64087.73257621573,64087.73257621572,60610.20737637078,775.1899132228725,2151.119500198905,229.17553174314276,20722.40161921914,16785.145311567507,39888.98410923053,0.0,39888.98410923053,2657.5765500814387,42546.56065931197,42546.56065931197,9.094947017729282e-13,4.723688107333146e-11,0,9.094947017729282e-13
2025-05-08,S12,4240.3555883057015,4240.3555883057015,71714.63545892545,72231.15715636066,64179.244124350516,255.40836155979673,4210.692849760841,348.251210310895,21311.55803072932,17262.362004890758,43222.817628634,820.829197745923,44043.646826379925,1104.9578036187238,45148.60462999865,45148.60462999865,4.547473508864641e-13,4.689582056016661e-13,0,0.0
2025-05-09,S12,4240.3555883057015,4240.355588305706,31668.94033844197,31784.614865712694,28728.35006366014,133.7153160898314,17044.728408595838,642.2312477164355,14082.736175987853,11407.016302550159,17367.578219570707,194.26456802423127,17561.84278759494,430.74328246677163,17992.58607006171,17992.58607006171,9.094947017729282e-13,9.85878045867139e-13,0,4.547473508864641e-12
2025-05-10,S12,4240.355588305706,4240.355588305704,30292.938241443087,30421.585996188765,28656.299054721785,386.19842883458125,13728.060652376187,512.2354280617525,14111.347998868978,11430.191879083879,16176.795138936102,170.11599265200493,16346.911131588107,1247.9873608464457,17594.898492434553,17594.898492434553,9.094947017729282e-13,8.185452315956354e-12,0,1.8189894035458565e-12
2025-05-11,S12,4240.355588305704,4240.355588305704,67146.27195682656,67186.5833689553,62988.58061963296,361.9953265626161,3570.761560722893,229.50863913563023,21401.192963177426,17334.96630017371,40324.70451635208,46.43134981299954,40371.13586616508,1731.238827498095,42102.37469366318,42102.37469366318,4.547473508864641e-13,1.4438228390645236e-11,0,0.0
2025-05-12,S12,4240.355588305704,4240.355588305706,63726.37793434004,65285.320852363184,60245.92122323065,34.23931250371925,4426.291798870448,420.71427080779165,18431.364382751606,14929.405150028802,38499.416126843746,1970.7027781065772,40470.11890495032,131.47105923751081,40601.589964187835,40601.58996418783,4.547473508864641e-13,3.281996896475903e-11,0,1.8189894035458565e-12
2025-05-13,S12,4240.355588305706,4159.464476063996,68641.26482569141,69325.52463487195,63906.22565188884,181.3635367784948,6753.10937617795,128.72498505019746,21838.652956789916,17762.110896017362,41132.60331481726,934.2342664411553,42066.83758125841,941.8455449107141,43008.683126169126,43008.683126169126,4.547473508864641e-13,1.0743406164692715e-11,0,80.89111224171029
2025-05-14,S12,4159.464476063996,3747.3593133969575,67048.45551688835,67070.61689826634,57857.89669071186,597.5414159303485,1727.226324008475,454.0041537319777,19110.281536677558,15850.222691109158,41443.65554937228,35.494251092772174,41479.14980046505,2183.3688098204657,43662.518610285515,43662.518610285515,2.2737367544323206e-13,4.973799150320701e-13,0,412.10516266703826
2025-05-15,S12,3747.3593133969575,3747.3593133969584,66699.4584285867,66725.70843935279,60102.48742706621,250.7522422919071,3122.3054704161464,589.7269188025507,20400.78419371637,16524.63519691027,41407.967586492465,36.74476507033978,41444.712351562805,883.6143487669792,42328.32670032978,42328.32670032977,2.2737367544323206e-13,6.764366844436154e-12,0,9.094947017729282e-13
2025-05-16,S12,3747.3593133969584,3741.2947547814815,29562.08572028896,29562.085720288964,27194.82887143807,267.8251790504499,21625.582157502107,560.0987147935634,13510.130250597069,10948.663605737556,16057.644635362838,1.8189894035458565e-12,16057.64463536284,764.6156578566697,16822.260293219508,16822.260293219508,9.094947017729282e-13,6.906475391588174e-12,0,6.064558615476926
2025-05-17,S12,3741.2947547814815,3741.2947547814815,29646.153008143454,29669.246489936948,27638.427087238637,400.0844228969365,14766.978725027906,254.433746955476,13517.36818325719,10949.068228438326,15923.300680943055,38.78342032154433,15962.0841012646,1736.515259668371,17698.59936093297,17698.599360932967,9.094947017729282e-13,3.8617997688561445e-12,0,0.0
2025-05-18,S12,3741.2947547814815,3596.3431390110336,68998.58726649791,69329.56719958827,62075.4477153396,241.7348805989592,4393.210686891522,527.0227147255086,20269.67130797342,16548.89021365187,41373.21676269079,573.8984865462626,41947.11524923705,597.7079377210744,42544.82318695813,42544.82318695813,1.8189894035458565e-12,2.2737367544323206e-11,0,144.95161577044792
2025-05-19,S12,3596.3431390110336,3596.343139011034,63485.226650488985,63640.348124054566,57606.26582931219,221.52855925430248,6096.447711072927,356.80513846724557,20312.236784349094,16452.911795322765,38234.072462190474,182.2539635301291,38416.3264257206,1189.836558196709,39606.16298391731,39606.16298391731,4.547473508864641e-13,1.169730978745065e-11,0,4.547473508864641e-13
2025-05-20,S12,3596.343139011034,3596.3431390110354,62865.734604170284,63594.14264400393,61317.5646664564,455.5051824742718,3380.229287846019,167.57769705824523,19462.463407156352,15764.595359796647,37728.0791825388,720.2865502544737,38448.365732793274,1840.8470324233565,40289.21276521663,40289.21276521663,9.094947017729282e-13,2.2595258997171186e-11,0,1.3642420526593924e-12
2025-05-21,S12,3596.3431390110354,3596.343139011036,58768.14934849857,59675.1388694408,56750.21206165078,806.9019013330715,2365.101074095614,369.1518339101119,18211.81985076215,14751.574079117341,36235.11016041349,988.6616413717347,37223.771801785224,2954.8629867908207,40178.63478857605,40178.63478857605,1.8189894035458565e-12,8.810729923425242e-12,0,4.547473508864641e-13
2025-05-22,S12,3596.343139011036,3471.179704214075,61276.89030589165,61291.2975180096,58299.43118278874,483.42230650193903,3929.1305884931858,354.22517417777215,19976.38948037001,16293.522570416968,37488.13752056835,23.349594709397934,37511.48711527775,1385.1903892744608,38896.67750455221,38896.67750455221,2.2737367544323206e-13,1.34718902700115e-11,0,125.1634347969607
2025-05-23,S12,3471.179704214075,3471.1797042140774,28759.255391778017,29529.47121897722,27179.970352800658,172.3813768594836,18054.719991274837,370.01137352120963,13193.007797530294,10686.336315999533,15144.626269417313,1108.7672869838916,16253.393556401204,592.7662579830694,16846.159814384275,16846.159814384275,9.094947017729282e-13,6.622258297284134e-12,0,2.2737367544323206e-12
2025-05-24,S12,3471.1797042140774,3471.1797042140806,30803.805892457658,30803.80589245765,27633.44550876856,43.726124347260566,20402.016211628114,1003.573999349205,13247.78967792196,10730.70963911679,17266.49983677441,0.0,17266.49983677441,95.05576755906964,17361.555604333476,17361.555604333476,1.8189894035458565e-12,1.2278178473934531e-11,0,3.183231456205249e-12
2025-05-25,S12,3471.1797042140806,3470.3866141465655,63900.225303502186,64291.17365150187,58079.57652900275,252.94967434971255,5747.332839634699,272.6796584567812,19832.72264730743,16065.21912537979,37901.559388093214,529.8909220242349,38431.45031011745,1199.131609363026,39630.58191948047,39630.58191948047,2.2737367544323206e-13,2.920330643974012e-11,0,0.7930900675150951
2025-05-26,S12,3470.3866141465655,3470.3866141465646,60732.75049575885,62273.278026791086,59344.85643729985,975.4768202118183,1733.8613500379568,354.01822357889796,19224.319652078004,15571.698918183185,37375.47832238823,1269.6547357628515,38645.133058151085,2777.619521447538,41422.75257959862,41422.75257959862,1.8189894035458565e-12,1.0693668173189508e-11,0,9.094947017729282e-13
2025-05-27,S12,3470.3866141465646,3470.3866141465646,57290.59911270665,57290.59911270668,54500.27965364599,1010.831499096373,2442.3697076995627,245.7429005772874,18066.480234029008,14633.8489895635,35453.93776669052,0.0,35453.93776669052,3872.880123489535,39326.81789018006,39326.81789018006,1.8189894035458565e-12,5.9117155615240335e-12,0,0.0
2025-05-28,S12,3470.3866141465646,3470.386614146568,65779.88438051353,65795.30878315041,61844.86715915881,130.2050769462238,5348.6843022440835,273.84735764467337,21466.928822190897,17388.212345974614,39463.626941938186,16.939694253982452,39480.56663619217,368.3259918987162,39848.892628090885,39848.892628090885,1.8189894035458565e-12,1.6896706256375182e-11,0,3.183231456205249e-12
2025-05-29,S12,3470.386614146568,3428.407204434128,64913.47855220134,65088.3469945893,61965.74434463971,441.93542336676506,4027.856099831758,240.18973245290988,21406.799497173637,17377.28906145184,38939.96787260036,259.1505324620084,39199.11840506237,1825.673521089704,41024.79192615207,41024.79192615207,2.2737367544323206e-13,8.732570222491631e-12,0,41.979409712439974
2025-05-30,S12,3428.407204434128,3428.407204434128,29451.368100791602,29475.775859709658,27416.880283877697,254.01411180104137,17885.308303527992,683.3327116957023,13189.579546254661,10683.559432466276,15970.47387924066,35.11256352875171,16005.586442769412,820.8608318968818,16826.447274666294,16826.447274666294,1.8189894035458565e-12,8.260059303211165e-12,0,0.0
2025-05-31,S12,3428.407204434128,3428.4072044341265,31611.91025810814,31611.910258108124,27848.857953455317,379.720371431177,16690.395177277573,560.7920525507765,13622.155500306038,11033.94595524789,17312.1659805519,-3.637978807091713e-12,17312.165980551898,1106.3561015197522,18418.52208207165,18418.52208207165,9.094947017729282e-13,9.652723065300961e-12,0,1.3642420526593924e-12
2025-06-01,S12,3428.4072044341265,3428.4072044341265,80897.30161969579,81004.57441000019,72261.85832118317,4891.465187549006,1882.7252968212815,0.0,21293.536378478428,17247.76446656753,49513.2545205921,173.5358231559585,49686.790343748056,19257.489033506594,68944.27937725466,68944.27937725466,9.094947017729282e-13,1.0478728995622077e-10,0,0.0
2025-06-02,S12,3428.4072044341265,3371.859698465002,87025.61416238977,87304.37494583652,76853.0786886543,482.1400253058907,4295.147989194415,0.0,23421.87384283179,19022.610568065968,54757.33438767026,450.09387943774345,55207.428267108,1801.2996024462054,57008.727869554205,57008.7278695542,9.094947017729282e-13,5.4569682106375694e-12,0,56.54750596912436
2025-06-03,S12,3371.859698465002,3371.8596984650007,82112.06395005724,82136.17956045024,75389.6904998002,365.72881609633737,3247.4816632422608,0.0,22713.530628004955,18397.959808684012,51414.90857163004,49.02982607615559,51463.938397706195,1444.4257274286392,52908.36412513483,52908.36412513483,9.094947017729282e-13,2.2737367544323206e-12,0,1.3642420526593924e-12
2025-06-04,S12,3371.8596984650007,3371.859698465,92830.77128282771,92832.84507103209,79211.62473895426,504.6244980999131,5601.697159288868,3.4516666666667106,23504.418918062718,19038.57932363082,58563.62508105178,4.193821885754005,58567.818902937535,1625.260366879979,60193.079269817514,60193.079269817514,9.094947017729282e-13,2.546585164964199e-11,0,9.094947017729282e-13
2025-06-05,S12,3371.859698465,3349.0728715238497,82323.89755124196,83071.70370904531,77884.89262247465,551.6520102670904,2933.6437774418773,0.0,23021.531488843346,18667.94865021015,50814.122807695196,964.9008309525161,51779.02363864771,2337.218409877805,54116.24204852551,54116.24204852551,1.8189894035458565e-12,6.934897101018578e-12,0,22.78682694115014
2025-06-06,S12,3349.0728715238497,2850.980931906741,43742.88653711222,43813.33129766932,41064.22352042488,358.42073769792114,7395.386011489508,897.8614025098473,14329.916788309643,12055.5153441862,25337.97625114181,104.0892124644779,25442.065463606286,1159.6059033215097,26601.671366927796,26601.671366927796,1.8189894035458565e-12,7.531752999057062e-12,0,498.0919396171089
2025-06-07,S12,2850.980931906741,2850.9809319067413,47494.262739722646,47755.597691373034,42890.38978325139,432.57355206741136,9018.013800044175,215.47272578520892,15594.545488540733,12631.581845718003,25877.38265671736,373.9362016382838,26251.318858355644,1644.086362365056,27895.4052207207,27895.4052207207,9.094947017729282e-13,1.1368683772161603e-11,0,4.547473508864641e-13
2025-06-08,S12,2850.9809319067413,2850.9809319067404,81445.2348444757,82031.01608964284,74694.8656644921,251.53886357974216,5470.496603185465,3.245800000000031,22567.04662220911,18279.307763989378,50896.35594260048,632.0228097831059,51528.378752383585,952.7045968376112,52481.0833492212,52481.0833492212,9.094947017729282e-13,2.0463630789890885e-12,0,9.094947017729282e-13
2025-06-09,S12,2850.9809319067404,2850.9809319067404,90475.52186528296,90475.52186528294,79346.86618482516,160.34704092196853,4048.0172574380936,0.0,23823.595973556283,19297.1127385806,57803.279832338914,0.0,57803.279832338914,439.58019959330557,58242.86003193222,58242.86003193222,1.1368683772161603e-11,1.0970779840135947e-11,0,0.0
2025-06-10,S12,2850.9809319067404,2850.9809319067404,82590.94910749531,82843.84025882432,77403.75723726858,509.9873772920663,1988.5377725270732,0.0,22667.17162473793,18360.40901603772,51651.14725425141,333.80698969829973,51984.95424394971,1796.872935147085,53781.82717909679,53781.827179096785,2.2737367544323206e-13,6.139089236967266e-12,0,0.0
2025-06-11,S12,2850.9809319067404,2850.980931906743,88508.48966683261,88508.48966683258,81504.64659766793,644.571954869542,1395.1008847769283,0.0,24577.217637336285,19907.54628624239,56487.174018773745,7.275957614183426e-12,56487.17401877375,2568.3830691130033,59055.55708788676,59055.55708788675,9.094947017729282e-13,1.9465318246147945e-11,0,2.7284841053187847e-12
2025-06-12,S12,2850.980931906743,2850.980931906743,85874.93188501423,85876.35308395638,79474.90555696533,279.38431387820987,2753.4718371890376,0.0,23939.087370111363,19390.660769790207,54236.42056340913,2.882830994167307,54239.303394403294,1085.9566051169966,55325.25999952029,55325.25999952029,4.547473508864641e-13,4.1250558524552616e-11,0,0.0
2025-06-13,S12,2850.980931906743,2355.2661966974774,43541.592091856844,44053.79616401566,37417.91997579887,44.53681296190581,5549.171691643737,1222.6919166666644,14691.698642835347,12346.419162384975,25647.093936357764,783.3197180775569,26430.41365443532,134.88117933257394,26565.294833767894,26565.294833767894,9.094947017729282e-13,7.105427357601002e-12,0,495.71473520926565
2025-06-14,S12,2355.2661966974774,2317.99057546975,41386.92479855811,41393.28490079468,37541.39472928079,265.6541605391601,8661.00177730954,498.0862512661022,13095.611422890855,10640.993311646544,23996.86921903002,4.015450547052751,24000.884669577074,798.6480901415157,24799.53275971859,24799.53275971859,9.094947017729282e-13,5.7411853049416095e-12,0,37.27562122772724
2025-06-15,S12,2317.99057546975,2287.543721984707,79918.91475861175,80670.00019183593,74689.58772531983,1590.6758846472371,1162.6820897804923,11.313844444444385,23719.450055501882,19240.156713093067,49940.3314690861,598.1798210532361,50538.51129013934,5752.7068804112805,56291.218170550615,56291.218170550615,1.8189894035458565e-12,7.531752999057062e-12,0,30.446853485042993
2025-06-16,S12,2287.543721984707,1726.5428577951325,84353.579557738,84660.65384212545,76079.68678323932,1246.1943599787792,628.9643673998308,0.0,23725.07756274851,19722.213603596916,53195.563331411904,493.4449268847238,53689.00825829663,5195.257613751485,58884.26587204811,58884.26587204811,9.094947017729282e-13,7.474909580196254e-12,0,561.0008641895747
2025-06-17,S12,1726.5428577951325,1627.1677141374264,85726.09682187499,86335.82650931881,79647.05327677702,787.6626400283168,1383.5724808034443,0.0,23702.999203301042,19288.866983965785,53695.27944866038,861.4302560730575,54556.70970473344,3434.9663937772225,57991.67609851066,57991.67609851066,4.547473508864641e-13,1.9813484186670394e-11,0,99.37514365770608
2025-06-18,S12,1627.1677141374264,1446.9069806492296,84511.80521578963,84878.24071763111,77043.28536271473,399.169952978065,2315.58390676029,0.0,22951.13246879928,18752.651959866806,52850.95210832337,568.9243751308604,53419.87648345423,1527.6330280927348,54947.50951154697,54947.50951154697,4.547473508864641e-13,4.331468517193571e-11,0,180.26073348819682
2025-06-19,S12,1446.9069806492296,1200.0,80052.23665294291,84706.66453836653,77304.54579298364,341.02977496759524,4964.897038898647,0.0,24438.897955983495,20017.72362693095,49748.89044046787,5679.290088744063,55428.18052921193,1317.3267507353364,56745.50727994727,56745.50727994727,4.547473508864641e-13,1.5333512237702962e-11,0,246.90698064922958
2025-06-20,S12,1200.0,1200.0000000000002,38084.35622021645,38236.92080948694,33411.0859573145,66.57432280212237,7926.33911810721,620.2154527195901,13318.551890999093,10788.02703170927,22489.130516557685,165.07124430358817,22654.201760861273,183.74835279154914,22837.950113652823,22837.950113652823,9.094947017729282e-13,7.951861391575221e-12,0,2.2737367544323206e-13
2025-06-21,S12,1200.0000000000002,1199.9999999999984,39483.05413241325,39483.05413241326,33243.11856796915,90.96175396900975,10790.16270898496,684.4560781144113,13288.005972835685,10763.284837996904,23388.758903087466,3.637978807091713e-12,23388.75890308747,203.51416869132206,23592.273071778793,23592.273071778793,1.8189894035458565e-12,0.0,0,1.8189894035458565e-12
2025-06-22,S12,1199.9999999999984,1200.0,78451.7724668688,80637.06023478601,74386.9741507513,556.8238413123375,3109.3162830290244,0.0,23037.58215281376,18660.441543779154,48251.142222034905,2588.0498542127825,50839.19207624769,2295.831985957313,53135.024062205004,53135.024062205004,4.547473508864641e-13,1.6427748050773516e-11,0,1.5916157281026244e-12
2025-06-23,S12,1200.0,1200.000000000001,77549.6331948511,77860.96157163473,73809.94531433535,757.8461137047922,3095.681135704069,21.64653333333331,23100.93557369865,18711.757814695913,48530.25980735832,319.27789855848096,48849.5377059168,2728.986634374896,51578.5243402917,51578.5243402917,2.2737367544323206e-13,9.194778272103576e-11,0,9.094947017729282e-13
2025-06-24,S12,1200.000000000001,1199.999999999999,89513.67407600256,89563.80504821322,82136.3418170818,598.7954437832515,1842.3090289289464,38.366176853721754,24135.1042372756,19549.434432193237,56787.863744262446,79.9568613135707,56867.82060557602,1962.7723290212498,58830.59293459727,58830.59293459726,9.094947017729282e-13,3.0173197274052654e-11,0,1.8189894035458565e-12
2025-06-25,S12,1199.999999999999,1200.000000000001,81254.21447138497,83497.50280165291,77326.3832829513,505.38052539898257,2902.149461089256,0.0,23643.12095049633,19150.927969902034,50413.72164305599,2434.7859027811865,52848.50754583718,2368.897374696062,55217.40492053324,55217.404920533234,9.094947017729282e-13,7.247535904753022e-12,0,1.8189894035458565e-12
2025-06-26,S12,1200.000000000001,1199.9999999999995,78056.96579795639,79815.74955011108,74795.79542087254,403.5684230184619,3187.4693457151843,0.0,23497.42455180259,19032.9138869601,49079.638806447045,1587.9386534238074,50667.57745987085,1487.418835938939,52154.99629580979,52154.99629580978,9.094947017729282e-13,1.4551915228366852e-11,0,1.3642420526593924e-12
2025-06-27,S12,1199.9999999999995,1200.0000000000002,39060.57839290233,39060.57839290233,33613.112005173454,75.51425385687821,10447.425007976286,793.1110304301038,14086.549231354087,11410.10487739681,23031.252190700427,-3.637978807091713e-12,23031.252190700423,188.66268843561164,23219.914879136035,23219.914879136035,4.547473508864641e-13,1.0160761121369433e-12,0,6.821210263296962e-13
2025-06-28,S12,1200.0000000000002,1200.0000000000014,35635.174299574326,35635.17429957433,32560.40874317177,364.17224828693713,8114.917434250735,527.4509915563689,13185.718152552345,10680.431703567403,20483.538849022058,0.0,20483.538849022058,1187.6368169486307,21671.175665970688,21671.175665970688,1.8189894035458565e-12,1.5916157281026244e-11,0,1.1368683772161603e-12
2025-06-29,S12,1200.0000000000014,1200.0000000000005,74707.923284963,78835.96765684953,75653.49048471599,859.1497036929137,2984.229778205408,0.0,22424.43093089545,18163.789054025325,45814.835962011144,4330.5163711511195,50145.352333162264,3005.423445362073,53150.77577852434,53150.77577852434,9.094947017729282e-13,4.205791270806003e-11,0,9.094947017729282e-13
2025-06-30,S12,1200.0000000000005,1200.0,82566.33202875155,82602.08488870092,75699.93727468383,585.5488961403075,2122.0671007860956,20.306699999999978,22449.623087919656,18184.19470121492,51776.43783466237,44.49335431921645,51820.93118898159,2136.603473879907,53957.53466286149,53957.53466286149,6.821210263296962e-13,1.0786038728838321e-11,0,4.547473508864641e-13
2025-07-01,S12,1200.0,1199.999999999999,72266.49232815436,73200.70541219747,73152.27914873218,10940.664678561554,1080.37093224376,0.0,21821.204535350706,17675.17567363408,44597.40839520806,866.9838924901196,45464.39228769818,39688.40699853959,85152.79928623777,85152.79928623777,1.8189894035458565e-12,7.219114195322618e-12,0,9.094947017729282e-13
2025-07-02,S12,1199.999999999999,1200.000000000001,86930.93365858789,86937.67085719193,80903.80132257074,299.7497159621672,4085.4701714752737,0.0,22175.339475742145,17962.024975351134,55220.369582596635,13.655964710451372,55234.02554730709,891.7892508064444,56125.81479811353,56125.81479811353,1.7053025658242404e-12,7.077005648170598e-12,0,1.8189894035458565e-12
2025-07-03,S12,1200.000000000001,1200.000000000001,97602.42307177576,97602.42307177577,88589.49405183869,162.41922256117672,4261.8867329850045,0.0,24892.671621481313,20163.06401339986,62269.706666028265,0.0,62269.706666028265,853.0145782441124,63122.721244272376,63122.721244272376,9.094947017729282e-13,8.003553375601768e-11,0,0.0
2025-07-04,S12,1200.000000000001,1200.0000000000018,42078.85005501009,42078.8500550101,40536.721795485406,1691.5149337243997,10264.929356517012,429.21125679438774,13964.361311746006,11311.132662514266,25613.69074475734,0.0,25613.69074475734,4178.9275701807255,29792.618314938067,29792.618314938067,9.094947017729282e-13,4.526157226791838e-12,0,9.094947017729282e-13
2025-07-05,S12,1200.0000000000018,1200.000000000002,51184.63182901941,51184.6318290194,44433.75535971295,322.7913807381674,12909.204212662102,327.24438107648916,14368.516737083512,11638.498557037647,30658.780626788375,-3.637978807091713e-12,30658.78062678837,1584.4347241680698,32243.21535095644,32243.21535095644,1.8189894035458565e-12,0.0,0,2.2737367544323206e-13
2025-07-06,S12,1200.000000000002,1200.0,89917.86893262097,91180.807632531,83681.28593851096,1931.719269043827,1264.208101165007,0.0,23972.71345468302,19417.897898293246,56816.13494998342,1712.3428372010676,58528.477787184485,8767.223218093433,67295.70100527792,67295.70100527792,2.2737367544323206e-13,1.4551915228366852e-11,0,2.0463630789890885e-12
2025-07-07,S12,1200.0,1200.0,88323.4810471314,88323.48104713138,80287.83751731676,808.9174386671398,3420.576176523761,0.0,22456.29480417615,18189.59879138268,55734.62231120879,0.0,55734.62231120879,2908.713832704385,58643.33614391318,58643.33614391317,2.2737367544323206e-13,2.9103830456733704e-11,0,0.0
2025-07-08,S12,1200.0,1200.0000000000018,105194.22448401741,105388.11149921468,85885.43905550535,0.0,5749.89986196437,0.0,24021.853562496613,19457.701385622255,67991.34325223045,261.53454619563126,68252.87779842608,0.0,68252.87779842608,68252.87779842608,9.094947017729282e-13,1.6612489162071142e-11,0,1.8189894035458565e-12
2025-07-09,S12,1200.0000000000018,1200.0,91836.9047314236,93267.0994549793,82539.85433984286,131.37707253221535,4302.872786163589,0.0,22682.282155498957,18372.648545954158,58141.93736028837,2150.639195967524,60292.576556255895,435.64941967666226,60728.22597593256,60728.22597593255,2.2737367544323206e-13,2.970068635477219e-11,0,1.8189894035458565e-12
2025-07-10,S12,1200.0,1199.9999999999982,88983.3328956106,91785.21394737209,79964.50659577393,232.10811581431457,3003.171763646621,0.0,22841.155603201543,18501.336038593257,56447.31120096668,4082.32147964841,60529.63268061509,874.1035724909036,61403.73625310599,61403.736253105984,1.8189894035458565e-12,3.979039320256561e-12,0,1.8189894035458565e-12
2025-07-11,S12,1199.9999999999982,1200.0000000000002,53591.548126313224,53591.54812631323,45701.10643603986,113.75455683675352,9637.391711377306,723.2748778724431,15449.56449277299,12514.147239146116,31894.458099966767,3.637978807091713e-12,31894.45809996677,332.1315138898873,32226.589613856657,32226.589613856657,9.094947017729282e-13,3.637978807091713e-12,0,2.0463630789890885e-12
2025-07-12,S12,1200.0000000000002,1200.0000000000016,45981.62254478698,47089.59221081847,42820.73452021641,283.24996292374624,8927.678238627605,405.8903541280217,14137.750300269388,11451.577743218211,27627.93548569344,1128.273363515309,28756.20884920875,853.5700596087146,29609.778908817465,29609.77890881746,9.094947017729282e-13,1.5276668818842154e-11,0,1.3642420526593924e-12
2025-07-13,S12,1200.0000000000016,1199.9999999999995,95662.30157380344,95665.1915040567,77952.61081745103,49.89251041436165,4622.603269511246,0.0,21643.05083344296,17530.871175088796,62275.19796126092,5.857744126791658,62281.05570538771,223.0471260624047,62504.102831450116,62504.10283145011,4.547473508864641e-13,8.324008149429574e-12,0,2.0463630789890885e-12
2025-07-14,S12,1199.9999999999995,1199.9999999999982,92212.27062816039,92212.2706281604,80587.90570582985,31.78244198288951,4558.92699004001,0.0,22384.641795295513,18131.559854189367,58071.58257956593,0.0,58071.58257956593,195.66860406765926,58267.25118363359,58267.25118363359,9.094947017729282e-13,6.764366844436154e-12,0,1.3642420526593924e-12
2025-07-15,S12,1199.9999999999982,1200.0000000000005,94389.3747640194,94401.93796710226,80880.86211857609,77.24367748355479,4009.5183212113234,0.0,22102.82574481567,17903.28885330069,59563.61541681462,21.304508790301043,59584.91992560492,330.9444056786692,59915.864331283585,59915.864331283585,9.094947017729282e-13,1.3201884030422661e-11,0,2.2737367544323206e-12
2025-07-16,S12,1200.0000000000005,1200.0,88565.0149560307,88720.75543863568,81926.87723752226,318.651592028256,5764.602982724497,0.0,22875.59191311945,18529.229449626753,56766.58627487928,125.45567252743786,56892.04194740672,948.8516627903236,57840.89361019704,57840.89361019704,9.094947017729282e-13,0.0,0,4.547473508864641e-13
2025-07-17,S12,1200.0,1199.9999999999995,88808.2051762672,88974.76170703844,80582.86471281211,133.86581948327762,3681.6864716278683,0.0,22708.568389478056,18393.94039547723,56384.41278047123,223.12612561070273,56607.538906081936,502.93209148932556,57110.47099757126,57110.47099757126,4.547473508864641e-13,3.510081114654895e-12,0,4.547473508864641e-13
2025-07-18,S12,1199.9999999999995,1199.999999999999,54492.22269969378,54837.0855062231,44151.76462332802,34.65902547479061,9379.780924048024,767.7647184466541,14550.683717411095,11786.05381110299,32521.26400617102,346.3478307543337,32867.61183692535,156.66679012124513,33024.278627046595,33024.278627046595,9.094947017729282e-13,2.000888343900442e-11,0,4.547473508864641e-13
2025-07-19,S12,1199.999999999999,1200.0000000000011,55927.34967194925,55927.34967194927,43842.55839181968,41.60019624538188,13248.339328975168,787.7005548207633,14027.892917205942,11362.593262936807,34091.28869313504,0.0,34091.28869313504,208.87341918541102,34300.162112320446,34300.16211232044,1.8189894035458565e-12,2.913225216616411e-13,0,2.0463630789890885e-12
2025-07-20,S12,1200.0000000000011,1200.0000000000005,93780.10515411546,93780.10515411546,79165.56878825906,155.0530296750087,2953.8756043250255,0.0,22509.305247065175,18232.537250122794,58997.80248714599,7.275957614183426e-12,58997.802487146,668.0162814123928,59665.81876855839,59665.81876855839,9.094947017729282e-13,2.5579538487363607e-12,0,6.821210263296962e-13
2025-07-21,S12,1200.0000000000005,1200.0000000000036,94613.92289838321,94613.92289838319,81933.64768315504,116.5495113740439,3755.1469256977953,0.0,22659.478520164652,18354.17760133338,59853.23555079724,7.275957614183426e-12,59853.235550797246,532.9434755805471,60386.179026377795,60386.179026377795,3.410605131648481e-12,1.2221335055073723e-11,0,3.183231456205249e-12
2025-07-22,S12,1200.0000000000036,1200.0,84588.03105166699,84663.83282229028,80464.60711855172,1048.4660841146588,3315.5485119122004,0.0,23170.421442565705,18768.041368478225,53634.83295892691,56.848324860446155,53691.68128378736,3722.790118808766,57414.47140259612,57414.471402596115,2.2737367544323206e-13,2.899813722478939e-11,0,3.637978807091713e-12
2025-07-23,S12,1200.0,1200.0000000000034,99359.16362426184,99359.16362426188,83448.17700894084,34.71602094023717,4825.732863941843,0.0,23371.64762775039,18931.03457847781,63701.165045883085,-1.4551915228366852e-11,63701.16504588307,150.69079245129714,63851.85583833437,63851.85583833436,2.2737367544323206e-13,2.4982682589325123e-11,0,3.410605131648481e-12
2025-07-24,S12,1200.0000000000034,1200.0,100748.30548379882,100956.36990981917,83061.97862317192,1.1279171630376368,5053.775874840237,0.0,23120.308765761776,18727.450100267048,64865.67347868567,279.2149697014029,65144.88844838707,7.0838837424578776,65151.97233212953,65151.97233212953,4.547473508864641e-13,3.282707439211663e-11,0,3.410605131648481e-12
2025-07-25,S12,1200.0,1200.0000000000036,45075.89267273296,45096.203764659396,40654.07718936924,219.80459774947082,11142.611586244133,612.8482747843905,13753.170312755494,11140.067953331945,27103.10477009625,19.710631702389946,27122.81540179864,912.0294083532197,28034.844810151862,28034.84481015186,9.094947017729282e-13,4.9826809345177026e-12,0,3.637978807091713e-12
2025-07-26,S12,1200.0000000000036,1200.0,47166.27494482608,47244.092132182624,41638.138849750096,86.59605877044532,10197.583283267291,353.7701896919252,14233.104573129676,11528.814704235036,27687.71774897344,126.00036162187462,27813.718110595313,284.8583083769286,28098.576418972243,28098.57641897224,9.094947017729282e-13,1.3983481039758772e-11,0,3.637978807091713e-12
2025-07-27,S12,1200.0,1199.9999999999995,88041.26008665448,88323.03269109412,81419.97971741373,385.10561502531755,3709.9923200897647,0.0,23210.016907101577,18800.11369475229,55662.519343368156,320.4588494824129,55982.97819285057,1220.3531125989148,57203.33130544949,57203.33130544949,9.094947017729282e-13,7.783995670251898e-12,0,4.547473508864641e-13
2025-07-28,S12,1199.9999999999995,1200.0000000000027,92277.77063115948,92277.7706311595,84058.20231768534,589.8270757064589,2351.7300071765417,0.0,22849.590278325988,18508.168125444055,58501.48005422365,0.0,58501.48005422365,2718.265102167176,61219.745156390825,61219.74515639082,1.8189894035458565e-12,2.1083579326841573e-11,0,3.183231456205249e-12
2025-07-29,S12,1200.0000000000027,1200.0,86669.65003648953,87632.67776448022,81433.12452088909,676.7322891767718,1749.5946392477122,0.0,22584.295899042914,18293.279678224764,54306.12740351815,1167.806726321629,55473.93412983978,2826.509731722872,58300.44386156265,58300.44386156265,4.547473508864641e-13,7.666756118851481e-12,0,2.7284841053187847e-12
2025-07-30,S12,1200.0,1200.0,82506.56896431503,86615.22332877114,81314.18845054816,190.1801128849305,3062.5773941660636,0.0,22834.405890878872,18495.868771611884,52143.73990819999,4028.798330639438,56172.53823883943,689.4154069093003,56861.95364574873,56861.95364574873,4.547473508864641e-13,1.4551915228366852e-11,0,0.0
2025-07-31,S12,1200.0,1199.9999999999998,85168.76984742521,85784.78182687223,80590.54357130473,375.7897263151596,1904.4093147333779,0.0,22983.830085367554,18616.902369147712,53664.598800356274,668.6334425096429,54333.23224286592,1534.551971802606,55867.78421466852,55867.78421466852,2.2737367544323206e-13,1.9610979506978765e-11,0,2.2737367544323206e-13
2025-08-01,S12,1199.9999999999998,1200.0000000000005,43389.586861007876,43439.97735920693,39421.65298017723,354.82689074328874,15543.769439870222,504.4752918515394,13036.186697537292,10559.311225005207,26276.66030110811,31.86526307776876,26308.52556418588,970.210989975668,27278.736554161547,27278.736554161547,9.094947017729282e-13,0.0,0,6.821210263296962e-13
2025-08-02,S12,1200.0000000000005,1199.9999999999977,47660.378843158585,47660.811629854965,40543.60482127274,141.38110914378603,16773.067209330264,343.3307786720226,13902.963205689044,11261.400196608132,28400.97125232689,0.5040233866093331,28401.4752757135,778.1694106907637,29179.644686404263,29179.64468640426,1.8189894035458565e-12,1.2732925824820995e-11,0,2.7284841053187847e-12
2025-08-03,S12,1199.9999999999977,1200.000000000001,74784.60809367117,74787.29894921088,69663.7270620159,540.7166589986366,3603.8552571152723,0.0,19795.307792452157,16034.199311886256,47281.711584479126,5.6314224735760945,47287.3430069527,2504.136297437364,49791.479304390064,49791.479304390064,2.2737367544323206e-13,6.8620664706031675e-12,0,3.183231456205249e-12
2025-08-04,S12,1200.000000000001,1200.0000000000007,80753.18943547586,80808.80085732487,72989.28883363989,388.3849295265303,3981.269732846973,0.0,20951.310247295278,16970.561300309164,51455.268053826556,95.65184671639872,51550.919900542955,1625.0438969110583,53175.96379745401,53175.96379745401,2.2737367544323206e-13,5.803713065688498e-11,0,2.2737367544323206e-13
2025-08-05,S12,1200.0000000000007,1199.9999999999986,79329.51565994766,79386.68328172002,73683.70143545531,278.6291214440295,4608.3562643691575,0.0,22114.023995772728,17912.3594365759,50375.15279963719,104.89979603649408,50480.05259567368,1063.1831018724156,51543.2356975461,51543.2356975461,9.094947017729282e-13,7.73070496506989e-12,0,2.0463630789890885e-12
2025-08-06,S12,1199.9999999999986,1200.0000000000016,83740.37051205683,83817.35556785781,74022.56196552035,988.207534290371,2979.046896563884,0.0,20617.491245158802,16700.16790857863,53783.97524820226,133.1687433283514,53917.14399153061,3603.539921023849,57520.68391255446,57520.68391255445,2.2737367544323206e-13,1.312372432948905e-11,0,2.9558577807620168e-12
2025-08-07,S12,1200.0000000000016,1199.9999999999995,84245.90938252091,84757.71258232663,72979.5423460353,761.633111238827,6329.2694033972475,0.0,21178.530546720536,17154.60974284363,52461.841054010394,710.821398342574,53172.66245235297,2550.7397090217737,55723.40216137474,55723.40216137474,9.094947017729282e-13,1.8474111129762605e-12,0,2.0463630789890885e-12
2025-08-08,S12,1199.9999999999995,1199.999999999999,41899.210485434276,41899.21048543427,39216.676992492285,263.18660138567606,20536.06996797606,477.63678104220435,14163.082078208885,11472.096483349194,24760.88986655817,0.0,24760.88986655817,915.9558590380111,25676.84572559618,25676.84572559618,9.094947017729282e-13,8.384404281969182e-12,0,4.547473508864641e-13
2025-08-09,S12,1199.999999999999,1200.0000000000016,40790.12640117769,40854.06302822839,38958.67768304026,501.8211831869996,17581.43559760167,346.74931033635585,13738.868201522253,11128.483243233022,23965.937683421515,39.025570751127816,24004.963254172642,1728.5230232364986,25733.48627740914,25733.48627740914,1.8189894035458565e-12,1.2505552149377763e-12,0,2.5011104298755527e-12
2025-08-10,S12,1200.0000000000016,1200.0000000000005,79363.09062246582,79406.70140829007,71539.67205284524,344.48891344327774,2918.933498644474,0.0,19266.360092863393,15605.751675219355,50645.225663232355,72.74539828515117,50717.971061517506,1631.5204168152152,52349.49147833272,52349.49147833271,1.5916157281026244e-12,1.5013768006610917e-11,0,1.1368683772161603e-12
2025-08-11,S12,1200.0000000000005,1200.0000000000007,76937.5675242843,77792.98783967843,73280.75263473376,541.7541503213199,5168.925897405594,0.0,21538.566075348,17446.238521031886,47981.684240429386,1045.7433678340458,49027.42760826343,2163.262144907645,51190.68975317108,51190.68975317107,9.094947017729282e-13,0.0,0,2.2737367544323206e-13
2025-08-12,S12,1200.0000000000007,1199.999999999999,83840.41044904615,83990.54405728952,74363.2970022301,542.9260745750558,3181.8103364386325,0.0,20862.468896666036,16898.599806299484,52479.062659733296,249.17597167949134,52728.23863141279,1949.5689654631685,54677.80759687596,54677.80759687596,9.094947017729282e-13,7.204903340607416e-12,0,1.5916157281026244e-12
2025-08-13,S12,1199.999999999999,1199.9999999999995,76097.42484791635,76786.32019366004,72825.56158221325,654.481629986844,3371.382003706348,0.0,20987.798728914368,17000.11697042065,47663.680160233445,595.3000062449282,48258.98016647837,2586.796298396651,50845.77646487502,50845.77646487502,4.547473508864641e-13,2.6972202249453403e-11,0,4.547473508864641e-13
2025-08-14,S12,1199.9999999999995,1200.0,78888.26300935663,78991.50021412801,72385.98808288386,532.2366284445077,2918.080611257661,0.0,21441.332193354512,17367.479076617154,50129.16886673337,97.6037226173139,50226.77258935069,2352.905457015202,52579.67804636589,52579.67804636589,9.094947017729282e-13,3.68913788406644e-11,0,4.547473508864641e-13
2025-08-15,S12,1200.0,1200.0000000000005,42635.980844397796,42650.86833518946,39000.687952151704,565.3827961457231,19421.69790881282,337.2840061044453,13933.483947614943,11286.1219975681,25659.216402572496,12.585426979454496,25671.80182955195,1423.9396798173493,27095.741509369298,27095.741509369298,4.547473508864641e-13,1.2121859072067309e-11,0,4.547473508864641e-13
2025-08-16,S12,1200.0000000000005,1200.000000000003,44106.39304396372,44110.97285188771,38496.05224531653,618.857749846882,19345.90876869148,317.79218040808587,13273.30883893252,10751.380159535338,27029.550932733648,2.913444810841611,27032.46437754449,2573.1053067171347,29605.569684261623,29605.569684261623,4.774847184307873e-12,1.1368683772161603e-13,0,2.5011104298755527e-12
2025-08-17,S12,1200.000000000003,1200.000000000001,80609.17468983687,80839.78090921922,72104.9698472894,301.9370384745579,5145.815349215153,0.0,21556.30484148496,17460.606921602823,50260.78948519892,348.695605664725,50609.48509086364,1403.455069037991,52012.940159901635,52012.940159901635,1.1368683772161603e-12,3.028333139809547e-11,0,2.0463630789890885e-12
2025-08-18,S12,1200.000000000001,1200.000000000001,77910.78300072151,77962.15104923822,71801.6786643373,502.2450053651699,3765.70002988376,0.0,21811.094858694898,17666.986835542866,49664.09073692271,78.22513158563379,49742.31586850835,1828.3403261583715,51570.65619466672,51570.65619466672,9.094947017729282e-13,3.7054803669889225e-11,0,0.0
2025-08-19,S12,1200.000000000001,1199.9999999999998,76045.60827045124,76064.94798917694,72167.91875508844,655.4219223463978,4591.601948654714,0.0,20600.4140988428,16686.335420062667,48420.23773216171,29.435298588963633,48449.67303075067,2465.520465654353,50915.19349640502,50915.193496405016,9.094947017729282e-13,2.3213431177282473e-11,0,1.1368683772161603e-12
2025-08-20,S12,1199.9999999999998,1200.0000000000005,84735.82527122182,84885.8355146889,76288.65499682583,574.4334118809558,2081.0044317844076,0.0,21744.173211872127,17612.780301616414,53015.058928505234,209.81281161877996,53224.871740124014,2803.906163321902,56028.777903445916,56028.777903445916,9.094947017729282e-13,2.5570656703166605e-11,0,6.821210263296962e-13
2025-08-21,S12,1200.0000000000005,1200.0000000000014,81235.3995954691,81269.31673139016,74230.78480349609,310.31815724496556,4562.154782638172,0.0,21760.68260405023,17626.15290928069,51138.848056752046,41.71130725515832,51180.559364007204,1222.0607660196988,52402.6201300269,52402.6201300269,1.8189894035458565e-12,2.950262256717906e-11,0,9.094947017729282e-13
2025-08-22,S12,1200.0000000000014,1199.9999999999995,42764.1379618153,42770.20855973107,39599.76468149739,715.9435294014794,16181.937821595095,292.52313030371147,13740.409784210815,11129.731925210754,25607.12474698019,3.5139656035426015,25610.638712583732,2770.516275138089,28381.15498772182,28381.15498772182,9.094947017729282e-13,4.789058039023075e-12,0,1.8189894035458565e-12
2025-08-23,S12,1199.9999999999995,1200.0000000000002,42418.47639242197,42729.46720070982,40372.308509441296,131.7750516203647,14813.652546378515,410.3224836210096,14474.223058221709,11724.12067715958,24969.07134809575,410.51377043298635,25379.585118528736,338.6226261530989,25718.207744681833,25718.20774468183,9.094947017729282e-13,2.4506618956365855e-11,0,6.821210263296962e-13
2025-08-24,S12,1200.0000000000002,1200.000000000001,75104.15412934561,75166.22115122117,70412.13462346913,387.6801000793555,2955.379040061986,0.0,21636.032632385126,17525.186432231952,48328.19134139918,90.5468220121329,48418.73816341131,1268.5023434767527,49687.24050688806,49687.24050688806,2.2737367544323206e-13,8.753886504564434e-12,0,6.821210263296962e-13
2025-08-25,S12,1200.000000000001,1200.0000000000005,97316.41149327354,97329.44189143792,79455.71945772358,187.42813337984563,4683.987676435447,0.0,22031.96262105964,17845.8897230583,62153.88326829348,26.779526598431403,62180.66279489191,548.2215429004054,62728.88433779232,62728.88433779232,4.547473508864641e-13,7.887024366937112e-11,0,4.547473508864641e-13
2025-08-26,S12,1200.0000000000005,1200.0000000000016,78361.86110905299,78373.2049344903,72274.39309741506,109.52202412566763,2776.34961498124,0.0,21467.090122242877,17388.342999016735,50346.03651199145,6.854081085868529,50352.89059307732,287.4404370056182,50640.33103008294,50640.33103008294,2.2737367544323206e-13,2.0740742456837324e-11,0,1.1368683772161603e-12
2025-08-27,S12,1200.0000000000016,1199.9999999999995,77287.2168514564,80091.47431899702,76524.88022026862,413.7359591766293,4738.92962668746,0.0,22555.461505742576,18269.923819651478,49508.54208756669,2678.1043717404827,52186.64645930717,1175.1285311131044,53361.77499042028,53361.77499042028,1.8189894035458565e-12,2.958699951705057e-11,0,2.0463630789890885e-12
2025-08-28,S12,1199.9999999999995,1200.0000000000007,77034.51754121008,79486.59315612572,75608.97412085002,845.6159223646123,1518.1043783962432,0.0,21940.47727097399,17771.78658948893,48414.84841472008,2653.5670041339035,51068.41541885398,3172.772753135094,54241.18817198908,54241.18817198908,1.5916157281026244e-12,4.3868908505828585e-11,0,1.1368683772161603e-12
2025-08-29,S12,1200.0000000000007,1199.9999999999995,45696.626163699955,45699.189069381595,40730.737199642106,211.46019618708345,14889.911205334443,615.0540724758383,15168.482989573151,12286.471221554257,27608.781394449536,3.2968623576307436,27612.078256807166,1041.890087441532,28653.968344248697,28653.968344248693,1.8189894035458565e-12,4.050093593832571e-12,0,1.1368683772161603e-12
2025-08-30,S12,1199.9999999999995,1199.9999999999998,44082.392073304494,44100.098702730334,40436.080577009845,466.30252991715935,19288.527716329212,350.87689157336956,14475.045608900513,11724.786943209416,26463.58086057794,11.326837843116664,26474.907698421055,1482.4364519142487,27957.344150335302,27957.344150335302,9.094947017729282e-13,8.256506589532364e-12,0,2.2737367544323206e-13
2025-08-31,S12,1199.9999999999998,1200.0,76386.46565344186,76398.61758822206,71188.22732079968,1430.60237370068,2221.662275692269,0.0,19739.707028814508,15989.16269333976,48971.63375623376,24.60302258792217,48996.23677882168,6109.914258510974,55106.15103733265,55106.15103733265,4.547473508864641e-13,1.4310330698208418e-11,0,2.2737367544323206e-13
2025-09-01,S12,1200.0,1200.0000000000005,85731.26161987844,85896.05924253237,65882.97073484171,0.0,7978.622294776767,269.96092411971233,21369.752540062505,17309.49955745062,54231.60025490564,170.18276539396174,54401.783020299605,0.0,54401.783020299605,54401.7830202996,9.094947017729282e-13,7.275957614183426e-12,0,4.547473508864641e-13
2025-09-02,S12,1200.0000000000005,1200.0000000000014,62121.49850799129,62544.01336921505,59644.71691849795,2075.128149822146,3578.1614443127946,0.0,21494.356705301587,17410.42893129428,36862.1731228916,454.76364932404977,37316.93677221565,10736.929415283426,48053.86618749908,48053.86618749908,9.094947017729282e-13,8.109068971862143e-13,0,9.094947017729282e-13
2025-09-03,S12,1200.0000000000014,1200.0,68086.18985544705,68349.6537740293,63086.42013289365,564.1051471176448,4117.527299455336,238.283906919458,19721.035913876418,15974.039090239894,41848.43147158157,306.86859031541826,42155.30006189699,2332.2699547517796,44487.570016648766,44487.57001664876,2.2737367544323206e-13,1.8189894035458565e-12,0,1.3642420526593924e-12
2025-09-04,S12,1200.0,1200.0000000000005,66579.55202154563,66579.55202154565,59669.15445319565,837.5121278287445,2476.308228891243,233.90243783067297,20373.107180539333,16502.216816236865,42271.15778767131,0.0,42271.15778767131,3527.782604895496,45798.94039256681,45798.9403925668,2.2737367544323206e-13,1.9184653865522705e-11,0,4.547473508864641e-13
2025-09-05,S12,1200.0000000000005,1200.000000000006,40906.938490918816,40906.93849091881,32154.06214469061,0.0,21164.900593646613,1398.9278805128154,14557.747388760572,11791.775384896055,24192.222756539843,0.0,24192.222756539843,0.0,24192.222756539843,24192.222756539843,1.8189894035458565e-12,1.0913936421275139e-11,0,5.4569682106375694e-12
2025-09-06,S12,1200.000000000006,1200.0,36202.80811533466,36202.808115334665,31455.654381290642,906.988377398812,20562.412580945325,1466.2980282672502,13751.833944615191,11138.985495138308,21344.30338786248,0.0,21344.30338786248,3710.5529077256683,25054.85629558815,25054.85629558815,1.8189894035458565e-12,7.673861546209082e-13,0,5.9117155615240335e-12
2025-09-07,S12,1200.0,1200.000000000001,62884.07068696904,62884.07068696904,60486.95554547578,1098.2328809291535,2257.1870159973855,274.51656660661297,21539.48014281213,17446.97891567783,39203.88468162529,0.0,39203.88468162529,2850.240601082859,42054.12528270815,42054.12528270815,1.8189894035458565e-12,1.3859136061000754e-11,0,9.094947017729282e-13
2025-09-08,S12,1200.000000000001,1200.0000000000005,71430.37773517054,72348.21540697347,67484.39725900037,1409.573747917652,5218.793505162217,19.66478934632164,22420.75357408497,18160.810395008823,42984.10305828258,1162.8226940417735,44146.92575232435,6585.295083842813,50732.220836167166,50732.22083616716,1.8189894035458565e-12,8.384404281969182e-12,0,4.547473508864641e-13
2025-09-09,S12,1200.0000000000005,1200.0000000000007,60901.18983800001,62034.25578606248,60165.00826851149,1618.3176311981663,4508.158135471984,75.2294109137066,21563.705719248894,17466.6016325916,37055.83896845138,1414.5676669212553,38470.40663537264,7377.1007948157085,45847.50743018834,45847.50743018834,9.094947017729282e-13,3.2514435588382185e-11,0,2.2737367544323206e-13
2025-09-10,S12,1200.0000000000007,1200.0,73878.63394587673,75001.98471672754,68516.00777418984,491.30609287658575,3146.7704593352787,318.49327678356747,22242.376215513785,18016.32473456617,45463.54437618432,1757.2993738540317,47220.84375003835,1896.9936251800095,49117.83737521836,49117.83737521836,2.2737367544323206e-13,0.0,0,6.821210263296962e-13
2025-09-11,S12,1200.0,1199.9999999999993,74675.09958435198,74744.48493589423,62384.33552799028,545.3219061643346,5138.432992529285,412.14790186731716,20436.793454866733,16553.802698442065,46599.81496297862,115.6869173052255,46715.501880283846,2547.249578053775,49262.75145833762,49262.75145833761,9.094947017729282e-13,2.091837814077735e-11,0,6.821210263296962e-13
2025-09-12,S12,1199.9999999999993,1200.0,34678.353539410884,34684.95154486715,32577.431678288893,463.46613949972163,17599.862383357744,1026.8249389946536,15066.075239137996,12203.520943701777,19933.31204346166,4.154764035814878,19937.466807497476,1300.2427120392947,21237.70951953677,21237.70951953677,1.8189894035458565e-12,1.4547030247058501e-11,0,6.821210263296962e-13
2025-09-13,S12,1200.0,1200.0000000000043,35611.10041442079,35641.48063965262,32994.34091193207,184.1496503442816,21160.801969493274,1129.7031792034386,15162.54700129636,12281.66307105005,20404.556036656315,42.55130273221948,20447.107339388534,798.5567100124994,21245.664049401035,21245.664049401035,1.8189894035458565e-12,2.0463630789890885e-12,0,4.320099833421409e-12
2025-09-14,S12,1200.0000000000043,1200.0,77587.18711616917,77813.13954079336,70556.5097441607,536.0580587272556,6306.221583943385,399.3161399272291,22566.870152722753,18279.164823705443,48954.066426159014,385.6051409645952,49339.67156712361,1578.003371472945,50917.67493859655,50917.67493859655,9.094947017729282e-13,4.959588295605499e-12,0,4.320099833421409e-12
2025-09-15,S12,1200.0,1199.9999999999986,62872.7476589156,62878.8819741171,60244.543961622425,835.2794699076101,1682.2670021143683,216.81307229487732,21651.119598881378,17537.406875093937,39969.80686793613,7.144023483655474,39976.95089141979,2991.752583749361,42968.703475169146,42968.703475169146,9.094947017729282e-13,7.275957614183426e-12,0,1.3642420526593924e-12
2025-09-16,S12,1199.9999999999986,1200.0000000000014,77736.34080634938,77736.34080634938,66928.54121838894,579.9806333817677,3660.2884503948485,226.5165686348497,21736.56236530353,17606.615515895857,48316.60134419621,-7.275957614183426e-12,48316.601344196206,1945.4975037462834,50262.09884794249,50262.09884794249,4.547473508864641e-13,5.7411853049416095e-12,0,2.7284841053187847e-12
2025-09-17,S12,1200.0000000000014,1199.999999999999,75143.24447699686,75143.24447699689,66205.93219012648,232.0222362507564,2035.0763882424646,341.6873177826915,21584.591159747804,17483.51883939572,47570.66240212135,7.275957614183426e-12,47570.66240212136,729.0176981244701,48299.68010024583,48299.68010024582,9.094947017729282e-13,2.9558577807620168e-12,0,2.2737367544323206e-12
2025-09-18,S12,1199.999999999999,1200.0,67782.60903559192,68023.63678014462,63932.20662029733,1136.7578007738407,1764.2659580144311,237.44243399883385,21637.920591532835,17526.71567914159,43183.95198777275,160.61355795930285,43344.56554573205,3966.1780067425098,47310.74355247457,47310.74355247457,1.8189894035458565e-12,9.549694368615746e-12,0,9.094947017729282e-13
2025-09-19,S12,1200.0,1200.0000000000002,36685.156781043974,36694.09815944729,33370.65739020995,193.62987267818596,13206.482582774572,1388.8848363871384,15092.460668735559,12224.8931416758,21465.816342588172,16.3975938538606,21482.213936442033,418.7285651066716,21900.942501548703,21900.9425015487,9.094947017729282e-13,4.504840944719035e-12,0,2.2737367544323206e-13
2025-09-20,S12,1200.0000000000002,1200.0,36413.35083772382,36413.35083772382,33028.005526015935,476.85190851290014,14015.21071835306,981.8234853615463,15065.207881478436,12202.818383997528,21180.3358112913,0.0,21180.3358112913,1848.351120338438,23028.686931629738,23028.686931629734,1.8189894035458565e-12,9.094947017729282e-13,0,2.2737367544323206e-13
2025-09-21,S12,1200.0,1200.0000000000018,74447.17685435977,74732.55297524053,67278.24191862524,97.78726881504349,4696.111288756307,294.71227228103953,21566.937595103183,17469.219452033565,46331.37542480344,512.4150523216449,46843.79047712508,377.814824109588,47221.605301234675,47221.60530123467,2.2737367544323206e-13,1.7919887795869727e-11,0,1.8189894035458565e-12
2025-09-22,S12,1200.0000000000018,1200.0000000000018,80199.0552830428,80199.05528304278,67871.03786563216,89.14208715798702,2969.860919268236,290.970065611049,21501.732024092256,17416.402939514723,50931.980225917156,7.275957614183426e-12,50931.98022591716,254.94812520915886,51186.92835112632,51186.92835112631,1.1368683772161603e-12,1.1596057447604835e-11,0,0.0
2025-09-23,S12,1200.0000000000018,1200.0,78594.07758719634,78594.07758719633,69165.35592747186,80.06513402221026,2717.46165538492,269.11842184865804,21801.18632066917,17658.96091974204,49839.75177904557,7.275957614183426e-12,49839.751779045575,304.8198998077825,50144.57167885336,50144.571678853354,1.8189894035458565e-12,1.0977885267493548e-12,0,1.8189894035458565e-12
2025-09-24,S12,1200.0,1199.9999999999995,68138.08288103777,68795.80493199448,65279.506939266364,2000.231458189981,1769.1121290874614,364.59610932539886,21488.447679176315,17405.642620132832,43621.369335847456,460.96802946031676,44082.33736530777,5526.2065248483905,49608.543890156165,49608.543890156165,1.3784529073745944e-12,1.432454155292362e-11,0,4.547473508864641e-13
2025-09-25,S12,1199.9999999999995,1199.9999999999986,74827.62946429192,74947.35452773127,69199.34735370534,283.5634545969218,4524.94581430205,461.9784109838238,21897.566752717805,17737.029069701417,47383.8446522182,232.7991383200424,47616.64379053824,815.0914472874747,48431.73523782571,48431.73523782571,1.8189894035458565e-12,2.842170943040401e-14,0,9.094947017729282e-13
2025-09-26,S12,1199.9999999999986,1199.9999999999986,37219.60012807767,37380.50245727851,33109.89096698572,109.83387406665662,11572.832895138323,964.5908604096239,15726.618871075976,12738.561285571546,21412.10185712753,274.0107787903107,21686.11263591784,251.7027067194487,21937.815342637292,21937.81534263729,1.8189894035458565e-12,7.503331289626658e-12,0,0.0
2025-09-27,S12,1199.9999999999986,1200.0000000000002,36502.09892156391,36519.0724711078,34308.99877845076,261.3196673224777,12912.22464577348,911.4528820086593,15501.782463110967,12556.443795119883,21121.242433521467,10.795177509913628,21132.03761103138,729.8734653779932,21861.911076409375,21861.911076409375,9.094947017729282e-13,1.765698698363849e-12,0,1.5916157281026244e-12
2025-09-28,S12,1200.0000000000002,1199.9999999999964,73880.83734865811,74111.68798554182,69881.52793279868,377.1248775620389,2261.4781578910647,326.99585560529215,22013.419106303645,17830.869476105956,46602.70627244353,265.0908759705635,46867.797148414094,1257.0035524859913,48124.80070090009,48124.80070090009,1.8189894035458565e-12,1.7891466086439323e-11,0,3.865352482534945e-12
2025-09-29,S12,1199.9999999999964,1199.9999999999993,78141.03404138546,78141.03404138547,69757.09037577875,246.9329035491095,2866.9933673941196,210.03390081921884,21932.12847954985,17765.024068435378,49826.50013673661,0.0,49826.50013673661,800.3066221646718,50626.806758901286,50626.80675890128,5.684341886080801e-13,3.154809746774845e-12,0,2.9558577807620168e-12
2025-09-30,S12,1199.9999999999993,1200.000000000001,77228.47641695695,77233.88806471183,70326.67324960772,1731.105487896505,1799.2043814266415,442.5441320394334,23125.555038797505,18731.699581425983,49579.79489880496,11.325496421435673,49591.1203952264,5933.277733134972,55524.39812836137,55524.39812836137,4.547473508864641e-13,4.6210146820158116e-11,0,1.5916157281026244e-12
2025-10-01,S12,1200.000000000001,1200.000000000003,73530.74020957094,73530.74020957094,60621.4984891702,67.35668615154285,5726.832964227499,1131.9684821712822,21939.64313468228,17771.110939092647,45760.05398577519,0.0,45760.05398577519,220.57965899768877,45980.633644772875,45980.633644772875,3.637978807091713e-12,1.7216450487467228e-11,0,2.0463630789890885e-12
2025-10-02,S12,1200.000000000003,1200.0000000000002,78810.99960089463,78847.526355141,63385.72706304562,22.637578379268717,6681.807581256163,871.8806090709305,21704.70176016379,17580.808425732663,49302.40274093137,48.38540105649008,49350.78814198786,77.61578673814047,49428.403928726,49428.403928725995,4.547473508864641e-13,2.8421709430404007e-11,0,2.7284841053187847e-12
2025-10-03,S12,1200.0000000000002,1200.0000000000005,69657.99244029453,70131.17640522418,39331.1191160981,0.0,22171.918278434376,5235.932272440963,21611.130869593504,17505.01600437074,42168.6022991948,659.0167326820083,42827.619031876806,0.0,42827.619031876806,42827.6190318768,4.547473508864641e-13,9.15179043659009e-12,0,2.2737367544323206e-13
2025-10-04,S12,1200.0000000000005,1200.0,37125.98322144325,37125.98322144326,33628.203140905905,132.88700038391312,16210.33039346607,1272.5277351182674,16748.681996695497,13566.432417323358,20176.163510974216,3.637978807091713e-12,20176.16351097422,525.1747016269671,20701.338212601186,20701.338212601186,9.094947017729282e-13,4.455102953215828e-12,0,4.547473508864641e-13
2025-10-05,S12,1200.0,1199.9999999999989,77128.87081537754,77136.97944825186,65606.39414083281,260.9240830206083,6104.903037412541,749.6635772248475,22509.423908154484,18232.63336560514,47522.18365120963,5.109548307897057,47527.293199517524,758.704752005716,48285.99795152324,48285.99795152324,1.3642420526593924e-12,2.9615421226480976e-11,0,1.1368683772161603e-12
2025-10-06,S12,1199.9999999999989,1199.9999999999986,67104.51380485052,67127.80640740338,63352.19360249666,578.1258694971161,1674.4741566723155,437.96859654150956,21498.7761514735,17414.008682693537,41534.33678588771,31.86794355580787,41566.20472944352,1750.3750744533884,43316.57980389691,43316.5798038969,1.8189894035458565e-12,1.963940121640917e-11,0,2.2737367544323206e-13
2025-10-07,S12,1199.9999999999986,1200.000000000001,71356.54162689768,71616.97495068323,65808.24370087341,60.27796725627114,3429.6601073108077,528.5888010337901,21782.682946237324,17643.973186452222,43711.25116598251,289.00541614751273,44000.25658213002,166.7691777404032,44167.02575987043,44167.02575987042,6.821210263296962e-13,1.6207479802687885e-11,0,2.2737367544323206e-12
2025-10-08,S12,1200.000000000001,1200.0,71711.88527379512,71714.30110712841,63431.22519536419,112.29851710798354,2289.2006913760924,701.3993673807612,21444.357826572035,17369.929839523335,44264.07354363449,3.395816124997509,44267.46935975949,454.8447743882536,44722.314134147746,44722.314134147746,2.2737367544323206e-13,1.7978507571569935e-11,0,9.094947017729282e-13
2025-10-09,S12,1200.0,1200.0,77350.09407514412,77411.25480153383,65526.40096086431,52.08624367834204,5317.498781274019,309.0684355763408,22062.833180836707,17870.894876477734,47715.54330176856,45.32857369259,47760.87187546115,146.84253347193476,47907.71440893308,47907.71440893308,1.8189894035458565e-12,1.5520029705839988e-11,0,0.0
2025-10-10,S12,1200.0,1200.000000000001,34055.82065142955,34058.73925575053,32251.70757422212,150.64170200338734,19078.987510269264,825.9660368006366,16598.86743415232,13445.082621663376,18165.9928188948,1.8562323481455678,18167.849051242945,483.729448109596,18651.57849935254,18651.578499352538,9.094947017729282e-13,1.2391865311656147e-11,0,9.094947017729282e-13
2025-10-11,S12,1200.000000000001,1200.000000000001,33997.76357267916,34000.02346964012,31917.43378578411,76.55447619631992,14246.573680132953,420.5510616090453,16950.262825816368,13729.712888911266,17829.47476723827,3.1634037659350724,17832.638171004204,332.7552355606682,18165.393406564872,18165.393406564872,1.1368683772161603e-12,1.0373923942097463e-12,0,0.0
2025-10-12,S12,1200.000000000001,1200.0000000000016,69265.19973350123,69443.9675708834,65127.02437831846,1025.793536109904,3435.979687714991,125.35322786025506,21455.415871156896,17378.88685563708,41704.85942720003,225.9065553039618,41930.76598250399,4714.6558008978145,46645.421783401805,46645.421783401805,1.8189894035458565e-12,1.0544454198679887e-11,0,6.821210263296962e-13
2025-10-13,S12,1200.0000000000016,1200.0000000000032,73921.54932284068,73933.79596991625,62729.865387736616,486.80934627153255,1872.2947512488909,279.1447176104749,21251.78929025662,17213.949325107857,45224.53368521773,7.681566110848507,45232.21525132858,2224.590937548984,47456.80618887756,47456.806188877556,1.8189894035458565e-12,7.119105305264384e-11,0,1.5916157281026244e-12
2025-10-14,S12,1200.0000000000032,1200.0000000000016,75445.92781696215,75470.09336478653,66977.44980470002,378.7306053102654,2331.6040170807705,217.68134794943114,21226.661903403954,17193.596141757203,46636.46047337025,15.295246927191329,46651.75572029744,1482.3813556525852,48134.13707595003,48134.13707595003,9.094947017729282e-13,1.546140993013978e-11,0,1.5916157281026244e-12
2025-10-15,S12,1200.0000000000016,1200.0000000000018,78101.57162384538,78119.02595939257,68923.03588118202,85.38863621328733,2546.2750315908274,304.443837713609,22303.58946363625,18065.907465545366,48314.113493340694,24.304773811702034,48338.418267152396,286.14131770884524,48624.55958486124,48624.55958486124,9.094947017729282e-13,2.1586288312391844e-11,0,2.2737367544323206e-13
2025-10-16,S12,1200.0000000000018,1200.0,73413.28133934725,73413.28133934723,68264.53679932853,493.061855511208,1409.1014347252699,119.81382262892873,22432.686565713368,18170.476118227827,45286.74142923924,7.275957614183426e-12,45286.74142923925,2178.0380820381174,47464.77951127737,47464.77951127737,9.094947017729282e-13,8.01492205937393e-12,0,1.8189894035458565e-12
2025-10-17,S12,1200.0,1199.9999999999998,64600.40680637161,69028.92552475403,42472.769717808405,0.0,16933.855052307154,5312.593155589114,22221.695753923334,17999.573560677913,39534.14936788274,4599.165284184004,44133.31465206674,0.0,44133.31465206674,44133.31465206674,4.547473508864641e-13,1.7497114868092467e-11,0,2.2737367544323206e-13
2025-10-18,S12,1199.9999999999998,1199.999999999999,33621.18650079918,33637.159893229305,31877.03797689247,254.97970751060882,12360.225127137457,612.406207611371,16225.226752566214,13142.433669578639,17917.345957068457,18.602612824124662,17935.948569892582,802.8303903942794,18738.77896028686,18738.77896028686,9.094947017729282e-13,1.2960299500264227e-11,0,6.821210263296962e-13
2025-10-19,S12,1199.999999999999,1200.0000000000005,75792.64554981132,75792.6455498113,70253.30049245471,516.6590593579508,2374.0466305932396,117.90097027562445,23117.312724265495,18725.023306655046,46838.20181063315,0.0,46838.20181063315,2429.596593040266,49267.79840367342,49267.79840367342,1.8189894035458565e-12,7.275957614183426e-12,0,1.3642420526593924e-12
2025-10-20,S12,1200.0000000000005,1200.0000000000007,80663.74558120883,80670.48776035107,73013.15712065615,118.06761574341465,4103.862579275032,237.10069555231223,22891.995236345134,18542.516141439548,50806.07697333165,4.233414283429738,50810.31038761508,401.4693179249026,51211.77970553998,51211.77970553997,1.8189894035458565e-12,1.8189894035458565e-12,0,2.2737367544323206e-13
2025-10-21,S12,1200.0000000000007,1200.000000000002,79955.98919613018,80009.27740704217,72363.88001223862,321.01404714146156,1357.4580473064777,433.01547832065455,23325.469388173202,18893.630204420282,49870.7314269307,59.2809845256852,49930.01241145639,1191.797264991181,51121.80967644757,51121.80967644756,9.094947017729282e-13,3.092992528763716e-11,0,1.3642420526593924e-12
2025-10-22,S12,1200.000000000002,1200.0000000000014,77052.49667109424,77062.1253717513,72455.98056452429,250.99748339455684,2447.461020975439,333.2394070049304,23007.267999675987,18635.887079737546,47784.77738525523,14.070960040189675,47798.84834529542,1038.2076840644816,48837.0560293599,48837.0560293599,9.094947017729282e-13,1.5006662579253316e-11,0,6.821210263296962e-13
2025-10-23,S12,1200.0000000000014,1200.000000000002,88152.5250576793,88227.25734663568,74440.12543001721,112.06259780068285,6432.749436205788,265.29306738643527,23550.781531012213,19076.1330401199,55202.3728044912,71.05704706739198,55273.42985155859,352.5436000147745,55625.973451573365,55625.97345157336,4.547473508864641e-13,1.2050804798491299e-11,0,6.821210263296962e-13
2025-10-24,S12,1200.000000000002,1200.0000000000005,75730.7645135601,77301.83181821532,46055.11249740643,0.0,18614.030435654706,4621.927949021665,23153.175768754754,18754.072372691357,47023.02793923256,1529.318642742437,48552.346581975,0.0,48552.346581975,48552.34658197499,9.094947017729282e-13,4.722267021861626e-11,0,1.5916157281026244e-12
2025-10-25,S12,1200.0000000000005,1199.9999999999995,36062.139712095464,36062.13971209545,34393.49008798774,269.2090462758771,11362.270054697557,589.9171146368807,17431.9959557676,14119.916724171766,18969.127139519194,0.0,18969.127139519194,985.5632119566775,19954.69035147587,19954.69035147587,1.3642420526593924e-12,7.062794793455396e-12,0,9.094947017729282e-13
2025-10-26,S12,1199.9999999999995,1200.0000000000018,76467.7015398414,76604.5577498313,72944.83902370525,520.0019092630541,4313.120502054828,234.9339160461061,23013.023674740452,18640.549176539775,47457.0508643708,143.54647350190498,47600.59733787271,2185.23701393728,49785.83435180999,49785.83435180998,9.094947017729282e-13,7.226219622680219e-11,0,2.2737367544323206e-12
2025-10-27,S12,1200.0000000000018,1200.0000000000002,72807.05444766532,73830.63706043428,70230.54065664586,74.19614730387377,2036.9695425495318,311.94510703684966,23174.949935245553,18771.709447548903,45525.33839006873,988.0623890736315,46513.400779142365,276.69566524637,46790.096444388735,46790.096444388735,9.094947017729282e-13,4.7702286565254326e-11,0,1.5916157281026244e-12
2025-10-28,S12,1200.0000000000002,1200.0,71787.99500934962,75234.88383650628,73155.19809444502,436.6307059224025,3011.9411020053008,204.00012558389233,23176.13617251705,18772.67029973881,44685.85163742697,3277.7843998288663,47963.636037255834,1440.9113208512613,49404.5473581071,49404.5473581071,9.094947017729282e-13,9.094947017729282e-12,0,2.2737367544323206e-13
2025-10-29,S12,1200.0,1199.9999999999986,80354.78652544739,80390.76821364765,76191.65317649228,157.0374178303988,2259.4065228956565,300.85468372212904,23558.803093183833,19082.630505478908,50196.585572102034,49.449913106182066,50246.03548520822,429.0907938969812,50675.1262791052,50675.1262791052,1.8189894035458565e-12,7.65965069149388e-12,0,1.3642420526593924e-12
2025-10-30,S12,1199.9999999999986,1200.000000000002,72287.26668180396,72997.67208167518,71019.98878708808,624.1531410699649,2187.282426436668,272.3596521312496,23140.432629421797,18743.750429831653,44785.9237060045,815.1207971474796,45601.04450315198,2243.128256331894,47844.172759483874,47844.172759483874,9.094947017729282e-13,7.048583938740194e-12,0,3.410605131648481e-12
2025-10-31,S12,1200.000000000002,1200.0000000000023,37611.02939558799,37611.462454840956,34436.5283618033,65.65848518873386,6356.5591606852195,848.9786488138482,17854.51037277,14462.1534019437,20683.332166049055,0.5043408060046204,20683.83650685506,158.59681997097897,20842.433326826038,20842.433326826038,6.821210263296962e-13,6.323830348264892e-12,0,2.2737367544323206e-13
2025-11-01,S12,1200.0000000000023,1200.0000000000016,35661.33387383059,35661.33387383059,34014.68199497094,214.91156371175822,7394.095541494928,960.644147048077,17530.607562138735,14199.792125332382,19206.99090108503,0.0,19206.99090108503,561.8734028620793,19768.86430394711,19768.86430394711,9.094947017729282e-13,2.0889956431346945e-12,0,6.821210263296962e-13
2025-11-02,S12,1200.0000000000016,1200.0000000000018,78481.05094732702,78558.14384598343,74013.76527709769,882.2527031158834,1452.5391698320564,96.24566433417647,23951.837961652676,19400.988748938656,49223.36204177303,63.05695855437807,49286.419000327405,3466.1198527371125,52752.538853064514,52752.538853064514,1.8189894035458565e-12,3.001332515850663e-11,0,2.2737367544323206e-13
2025-11-03,S12,1200.0000000000018,1200.0000000000014,82670.68030455653,82694.89768515325,76581.7627426764,122.00587351714012,2385.929412199052,380.9858827434308,23325.91072588269,18893.987687965004,51465.91520698657,25.47435757022322,51491.38956455679,355.81538951794505,51847.20495407473,51847.20495407473,1.8189894035458565e-12,7.503331289626658e-12,0,4.547473508864641e-13
2025-11-04,S12,1200.0000000000014,1200.0000000000005,78426.58861849611,78503.65214172269,74443.36004394238,222.74429566438263,2545.4254508972867,138.8840162941351,23166.962310957802,18765.23947187583,49063.926621402155,96.18803371246031,49160.114655114616,739.0545146505691,49899.169169765184,49899.169169765184,9.094947017729282e-13,7.651834721400519e-11,0,9.094947017729282e-13
2025-11-05,S12,1200.0000000000005,1200.0000000000014,84908.24399097484,84914.79600222096,75850.2815729532,271.54073223382176,1721.0341336757417,392.8099330643379,22789.25353568568,18459.295363905403,53161.79131418378,10.257805668377841,53172.049119852156,1087.1102476606422,54259.159367512795,54259.159367512795,9.094947017729282e-13,2.8919089345436078e-11,0,9.094947017729282e-13
2025-11-06,S12,1200.0000000000014,1200.0000000000043,79595.39493061256,79605.78565454454,76606.04028083014,350.70612094318494,722.652895792608,420.5238768750819,23389.395153187485,18945.41007408187,49664.92622730415,8.24237499244191,49673.168602296595,1518.7229205987155,51191.89152289531,51191.89152289531,9.094947017729282e-13,2.7284841053187847e-11,0,2.9558577807620168e-12
2025-11-07,S12,1200.0000000000043,1200.000000000001,35727.640176150744,35984.45273539805,34855.86824921708,244.16825546332348,7682.592386696475,575.3829153494137,18545.26010158513,15021.660682283966,18868.53725972987,340.47980770262075,19209.01706743249,941.1658016147891,20150.18286904728,20150.18286904728,1.3642420526593924e-12,5.002220859751105e-12,0,3.410605131648481e-12
2025-11-08,S12,1200.000000000001,1200.0,37317.18325304301,37317.18325304301,35187.378132206104,114.85240401894544,7222.799390851677,749.7011623784233,18623.804647341876,15085.281764346928,19880.58035082534,0.0,19880.58035082534,318.83372629683765,20199.41407712218,20199.41407712218,2.3305801732931286e-12,7.275957614183426e-12,0,9.094947017729282e-13
2025-11-09,S12,1200.0,1200.000000000001,81339.13420075997,81448.63570638446,77971.94128910221,230.5039464984643,2097.691810193482,238.68348010678062,23785.540852458245,19266.288090491176,50933.37843779239,176.90466175851907,51110.28309955091,827.3279917683152,51937.611091319224,51937.611091319224,1.8189894035458565e-12,4.640554607249214e-11,0,9.094947017729282e-13
2025-11-10,S12,1200.000000000001,1200.0000000000011,81346.18785239378,81525.91995950273,79015.63408983141,585.673371733031,946.5418421552278,276.2585955952567,23789.81012533659,19269.746201522637,51022.636380294585,265.967524109612,51288.6039044042,2109.401969645877,53398.005874050075,53398.00587405007,1.8189894035458565e-12,7.759126674500294e-12,0,2.2737367544323206e-13
2025-11-11,S12,1200.0000000000011,1200.0000000000011,84935.74056810811,84968.13505524845,79476.46412152126,141.9356553645831,3220.6167284034373,278.6440049869741,24000.628299098662,19440.50892226992,53653.33424469624,56.570018542210164,53709.90426323845,431.28616317083856,54141.19042640929,54141.19042640929,9.094947017729282e-13,3.5559111211114214e-11,0,0.0
2025-11-12,S12,1200.0000000000011,1200.0000000000032,81553.73065900529,81674.99782911496,76515.3860647584,211.64009979441835,1044.0942000981915,251.3114711147681,23555.96180705169,19080.32906371187,51133.35975798852,227.84976650240424,51361.20952449092,902.9241426105777,52264.1336671015,52264.133667101494,1.8189894035458565e-12,1.0118128557223827e-11,0,2.0463630789890885e-12
2025-11-13,S12,1200.0000000000032,1199.9999999999995,79623.94174944758,81115.72823375283,78916.78275307087,858.9996101950953,2771.4804403968337,75.9466030957658,23855.17896371949,19322.694960612804,50070.1782116181,1581.288100416532,51651.46631203463,2975.194950847497,54626.661262882124,54626.661262882124,9.094947017729282e-13,1.07102771096379e-10,0,3.637978807091713e-12
2025-11-14,S12,1199.9999999999995,1200.0000000000027,36399.95707153127,36436.09385931812,35014.251679760535,241.9547540614496,3641.9693891499896,541.6016515326844,18285.158384943697,14810.97829180441,19562.492590959766,51.36678081942955,19613.859371779195,864.3761562228924,20478.23552800209,20478.23552800209,1.8189894035458565e-12,8.622436098448816e-12,0,3.183231456205249e-12
2025-11-15,S12,1200.0000000000027,1200.0000000000018,41429.653200033215,41433.146414364215,38460.13269922919,193.88212732176981,6190.755975398876,520.6952206524975,19635.140599120623,15904.463885287707,21832.616098946113,4.379771335607074,21836.99587028172,750.4599793723507,22587.45584965407,22587.45584965407,9.094947017729282e-13,1.0459189070388675e-11,0,9.094947017729282e-13
2025-11-16,S12,1200.0000000000018,1200.0000000000014,83325.14622193895,83325.14622193894,80276.54375421228,483.01202149998113,1537.5172195478528,215.573421146236,24062.740798341307,19490.82004665646,52486.20175237561,1.4551915228366852e-11,52486.20175237562,1891.6861381173974,54377.88789049302,54377.88789049301,1.8189894035458565e-12,4.558842192636803e-11,0,4.547473508864641e-13
2025-11-17,S12,1200.0000000000014,1200.0,80137.68170113035,80293.12078302879,77720.34901566546,678.778744273391,878.2868740439046,353.5741827317946,23534.275630683143,19062.763260853353,50477.18147774445,116.14029003663018,50593.32176778108,2259.3889697311697,52852.71073751225,52852.71073751224,1.8189894035458565e-12,2.375877272697835e-11,0,1.3642420526593924e-12
2025-11-18,S12,1200.0,1200.0000000000005,84255.38107072028,84265.32651806434,79254.11409954476,582.5971534599149,203.73510252347342,262.91880650357894,23576.344792864664,19096.839282220386,53023.50806975668,6.2014806366714765,53029.70955039335,2630.3869830654307,55660.09653345878,55660.096533458775,9.094947017729282e-13,1.3642420526593924e-12,0,4.547473508864641e-13
2025-11-19,S12,1200.0000000000005,1199.9999999999995,83465.06072420158,83528.03296614357,79808.1216871889,861.983544501138,610.3462032899836,176.78523387434518,23761.379971187944,19246.717776662226,52524.43155051353,84.64359085413889,52609.07514136767,3779.8760640242017,56388.95120539187,56388.951205391866,1.8189894035458565e-12,1.7501111670981118e-11,0,9.094947017729282e-13
2025-11-20,S12,1199.9999999999995,1200.0000000000002,81420.30374517322,82644.08741924875,80025.38498673063,313.06532224705427,736.8907299246457,283.71425255313534,23814.575227192367,19289.805934025826,50973.03633793701,1323.442941692978,52296.47927962999,1299.5438775243595,53596.02315715435,53596.02315715434,9.094947017729282e-13,2.6840751843337785e-11,0,6.821210263296962e-13
2025-11-21,S12,1200.0000000000002,1200.0,82695.92011838325,82710.95625552283,52815.18220194966,0.0,14497.937861760336,4996.844344065371,23452.715418196287,18996.699488739,52004.24759086421,21.16646017121093,52025.41405103542,0.0,52025.41405103542,52025.41405103542,9.094947017729282e-13,1.5916157281026244e-11,0,2.2737367544323206e-13
2025-11-22,S12,1200.0,1200.0000000000007,44063.9883031543,44063.98830315431,39903.46448784513,364.03569283156736,6009.119531358889,333.8305669344665,19498.529468684326,15793.8088696343,23066.541195923273,0.0,23066.541195923273,1077.456201100583,24143.997397023857,24143.997397023857,9.094947017729282e-13,5.17630383001233e-12,0,6.821210263296962e-13
2025-11-23,S12,1200.0000000000007,1200.000000000001,82367.67086135305,82389.61578613504,79979.94173347008,917.0402436498489,924.6086678883131,222.1253779881729,23779.74551531646,19261.593867406333,51860.88696350859,19.533113895522547,51880.42007740411,3917.8191610986346,55798.23923850274,55798.239238502734,9.094947017729282e-13,2.955857780762017e-11,0,2.2737367544323206e-13
2025-11-24,S12,1200.000000000001,1200.0000000000007,82637.96331839517,82646.88754960876,79899.6900687183,226.57955073744893,1294.1981914214437,144.44372778355682,23819.389475003827,19293.705474753104,52197.2905546922,5.634313376707723,52202.924868068905,802.0337409026115,53004.958608971516,53004.958608971516,1.5916157281026244e-12,2.0722978888443322e-11,0,2.2737367544323206e-13
2025-11-25,S12,1200.0000000000007,1200.0000000000016,93099.83224039614,93150.18599591007,83059.42099760377,150.6443696582387,2247.8157845948995,197.87432678658377,24187.97257481006,19592.257785596154,59544.53411208607,57.909266645459866,59602.44337873153,437.40763840470737,60039.851017136236,60039.851017136236,9.094947017729282e-13,6.220801651579677e-12,0,9.094947017729282e-13
2025-11-26,S12,1200.0000000000016,1200.0000000000018,89197.71304568392,89197.71304568391,81867.58577008285,304.34279115573315,577.6624801436462,296.89374262414424,23893.18660598668,19353.481150849213,56510.29374435802,7.275957614183426e-12,56510.29374435803,1320.731139428136,57831.024883786165,57831.02488378616,9.777068044058979e-12,5.723421736547607e-12,0,2.2737367544323206e-13
2025-11-27,S12,1200.0000000000018,1200.0000000000016,86273.31523234962,86313.54111324732,81648.64824394361,232.33451345381616,1286.8742044569942,213.4139753498256,24209.483390827776,19609.681546570497,54579.51377037678,77.72243577651534,54657.2362061533,966.4471030877068,55623.68330924101,55623.68330924101,1.8189894035458565e-12,1.546585082223828e-11,0,2.2737367544323206e-13
2025-11-28,S12,1200.0000000000016,1200.000000000001,40731.51080469094,40731.51080469093,38375.51346557753,301.6290359461127,3592.5683726852803,383.80469923776224,19892.2677873715,16112.736907770917,21604.75541624074,0.0,21604.75541624074,990.6639080141807,22595.41932425492,22595.41932425492,9.094947017729282e-13,1.0224709967587842e-11,0,6.821210263296962e-13
2025-11-29,S12,1200.000000000001,1199.999999999999,50038.858813256884,50038.858813256884,43496.346909428525,330.30569372509444,4490.311054795885,516.9858201245852,20473.187517016566,16583.281888783422,26120.807621559354,0.0,26120.807621559354,859.5843883215459,26980.3920098809,26980.3920098809,9.094947017729282e-13,1.9099388737231493e-11,0,1.8189894035458565e-12
2025-11-30,S12,1199.999999999999,1200.000000000001,87992.42716817147,88669.65506463517,85344.5602337478,575.7329093360678,861.3398132310414,74.77296527339684,24943.959199540863,20204.606951628102,55496.25142200313,740.9175387231298,56237.16896072626,2481.3417134279157,58718.510674154175,58718.51067415417,9.094947017729282e-13,9.094947017729282e-12,0,1.8189894035458565e-12
2025-12-01,S12,1200.000000000001,1200.0000000000027,91142.13193282869,91142.13193282876,88203.98149237008,3432.0331241503186,423.3759827272884,149.42812305090695,25075.172512678357,20310.889735269488,58410.32256536738,7.275957614183426e-12,58410.32256536739,11203.475321424858,69613.79788679225,69613.79788679224,9.094947017729282e-13,3.001332515850663e-11,0,1.8189894035458565e-12
2025-12-02,S12,1200.0000000000027,1199.999999999999,99435.28056365487,99435.28056365483,93340.61849073946,1038.83691970484,564.507186434982,412.75938717590975,25075.678351754992,20311.299464921543,63957.06668510049,0.0,63957.06668510049,3837.474170017853,67794.54085511835,67794.54085511835,1.8189894035458565e-12,1.106315039578476e-11,0,3.637978807091713e-12
2025-12-03,S12,1199.999999999999,1200.0000000000002,93063.14395978178,95632.15361128605,92213.13803573971,925.1210009859923,826.0899227816013,330.45503717998315,25362.976368933818,20544.010858836395,59506.50011690741,2775.9946537300348,62282.494770637444,2271.3933220090835,64553.88809264653,64553.88809264653,9.094947017729282e-13,3.54702933691442e-11,0,1.1368683772161603e-12
2025-12-04,S12,1200.0000000000002,1199.999999999998,100365.37627199345,100408.95752730577,91598.08498402558,479.9104701969191,523.3892488322813,162.1637351343586,24322.282738189006,19701.0490179331,64831.81433611098,63.96063926377974,64895.77497537476,2190.4801186478644,67086.25509402262,67086.25509402262,9.094947017729282e-13,7.204015162187716e-11,0,2.2737367544323206e-12
2025-12-05,S12,1199.999999999998,1199.9999999999998,49262.29620978137,49266.106019046565,46646.717162416935,757.6527332719402,1610.0002019338726,378.7177863464847,21600.127495132572,17496.103271057367,25802.417268332094,4.505816335829877,25806.923084667924,2534.7835980596474,28341.70668272757,28341.70668272757,1.8189894035458565e-12,1.000444171950221e-11,0,1.8189894035458565e-12
2025-12-06,S12,1199.9999999999998,1200.0000000000005,57121.10602296924,57136.74327975502,51314.915454911876,92.70694727678543,2610.1409885867647,1046.3045629003318,21508.137021236307,17421.590987201394,30868.906390618846,19.95029466260894,30888.856685281455,273.6979455251525,31162.554630806608,31162.554630806604,9.094947017729282e-13,5.684341886080802e-14,0,6.821210263296962e-13
2025-12-07,S12,1200.0000000000005,1200.000000000001,103972.64857025545,103972.90543352824,93877.8590198441,503.65658391822103,1816.9995327942984,151.60270601979516,25053.85323656966,20293.62112162143,67227.63202507599,0.36105985936592333,67227.99308493536,2377.990196525557,69605.98328146091,69605.98328146091,9.094947017729282e-13,1.7124079931818414e-11,0,4.547473508864641e-13
2025-12-08,S12,1200.000000000001,1200.0,107270.97333996708,107341.19182646368,95015.9239133282,25.561982401254795,2028.9712791890197,349.1381649266599,25348.238604984894,20532.073270037767,69538.117752569,98.28534644088359,69636.40309900988,168.3219810595152,69804.7250800694,69804.72508006939,9.094947017729282e-13,6.81108502931238e-11,0,9.094947017729282e-13
2025-12-09,S12,1200.0,1200.0,101146.11301458578,101158.76384575856,93341.96634113086,467.7110662546952,1466.8341516363655,133.37566529300614,25373.754335734255,20552.741011944745,65310.11605778378,15.098024460829038,65325.21408224461,2071.683879839072,67396.89796208368,67396.89796208368,9.094947017729282e-13,2.2538415578310378e-11,0,0.0
2025-12-10,S12,1200.0,1200.0000000000043,96711.84818840848,96827.31310523767,93078.22774583712,908.4046635932058,569.537497888028,249.78810999671543,25156.254394099728,20376.566059220768,61920.3331757641,175.0989754731345,62095.43215123723,3394.3514267361934,65489.78357797343,65489.783577973416,1.8189894035458565e-12,1.3415046851150692e-11,0,4.320099833421409e-12
2025-12-11,S12,1200.0000000000043,1200.0000000000014,101171.02408580459,101176.42380699764,91798.88171278335,297.5009458806172,1182.1192832811294,281.6450713814961,24586.124231586025,19914.760627584685,65188.20837952166,8.700570758373942,65196.908950280034,1042.9714164093607,66239.8803666894,66239.8803666894,9.094947017729282e-13,1.000444171950221e-11,0,2.9558577807620168e-12
2025-12-12,S12,1200.0000000000014,1200.0,54181.26631499763,54488.377924036344,51130.3809588213,168.8292111757475,2691.2699066057435,809.6455944033189,21494.111503445536,17410.230317790887,28643.441609359896,355.59325852101756,28999.034867880913,592.0456078620126,29591.080475742925,29591.080475742925,4.547473508864641e-13,1.0363265801061061e-11,0,1.3642420526593924e-12
2025-12-13,S12,1200.0,1200.0000000000034,56172.86813391169,56224.767190859195,51902.239092569296,191.38271170354352,3404.7335928417356,752.0442070242334,21780.582216176615,17642.271595103044,30004.17824546918,56.364294911654724,30060.542540380833,886.6226194672714,30947.165159848104,30947.1651598481,1.8189894035458565e-12,6.721734280290548e-12,0,3.410605131648481e-12
2025-12-14,S12,1200.0000000000034,1200.0000000000005,95524.85036680868,96488.19240190228,93121.42171343866,965.0429140786246,346.8153268692014,124.68437268659568,25453.911199797414,20617.668071835917,61066.5673916488,1039.1633808555125,62105.730772504314,3667.269039971864,65772.99981247618,65772.99981247618,4.547473508864641e-13,5.9543481256696396e-12,0,2.9558577807620168e-12
2025-12-15,S12,1200.0000000000005,1200.0,96182.68379459981,96418.8799163596,93417.19136008808,1360.0574664987885,332.2460893718844,158.68368807996433,25351.37411825437,20534.613035786046,61454.731082720944,166.5752948454683,61621.30637756641,4887.704751544646,66509.01112911105,66509.01112911105,9.094947017729282e-13,2.1788792992083472e-11,0,4.547473508864641e-13
2025-12-16,S12,1200.0,1200.0000000000023,101804.76400116905,101844.77617155563,94809.63956842666,191.9418755255041,733.9877753887486,167.21025153448954,24643.64254576639,19961.350462070775,65835.50309268021,48.179349648882635,65883.6824423291,719.6348519668877,66603.31729429598,66603.31729429596,1.8189894035458565e-12,2.5224267119483557e-11,0,2.2737367544323206e-12
2025-12-17,S12,1200.0000000000023,1200.0000000000014,101681.48153593048,101701.35046245022,94414.12273323772,311.63520615171285,1456.4318634789288,306.3902894489149,25110.993262078788,20339.904542283824,65524.083747928256,12.624777570243168,65536.7085254985,1299.2653289927425,66835.97385449124,66835.97385449123,1.8189894035458565e-12,1.2713528146912623e-11,0,9.094947017729282e-13
2025-12-18,S12,1200.0000000000014,1200.0000000000016,97540.62115845343,97599.67250323371,92976.32699886168,207.97446530654247,869.5081885131713,175.94149633324673,25118.867435027467,20346.28262237226,62886.748487836245,66.18741122142092,62952.935899057666,659.7473423067569,63612.68324136442,63612.68324136442,9.094947017729282e-13,1.2825296380469808e-11,0,2.2737367544323206e-13
2025-12-19,S12,1200.0000000000016,1200.0000000000002,53469.577915230555,53584.82147777434,50476.392945348285,293.6240923996977,2603.2857057512683,1131.2492337582564,21721.53051704464,17594.43971880616,28440.43863924931,176.7730574496054,28617.211696698916,1094.5523541754724,29711.76405087439,29711.76405087439,1.8189894035458565e-12,1.4782841617488884e-11,0,1.3642420526593924e-12
2025-12-20,S12,1200.0000000000002,1199.9999999999998,53142.48029943397,53142.48029943399,49430.82456840686,371.9254859334364,2210.6025881371907,645.2096619359836,21529.39765403745,17438.812099770337,28410.55487580988,3.637978807091713e-12,28410.554875809885,1091.021241562945,29501.57611737283,29501.576117372828,7.503331289626658e-12,5.770939282001564e-12,0,4.547473508864641e-13
2025-12-21,S12,1199.9999999999998,1200.0,100632.36431400132,100651.17119147899,94959.73255737484,248.52186118384174,1196.4450757939762,128.09593101015003,25504.902868883844,20658.971323795922,64502.74111348154,11.842690747711458,64514.58380422925,1235.7316827371417,65750.3154869664,65750.3154869664,4.547473508864641e-13,1.9383605831535533e-11,0,2.2737367544323206e-13
2025-12-22,S12,1200.0,1200.0000000000061,97827.57836661529,97827.57836661527,94156.3917509015,474.3060686747141,788.4768124893361,87.19616743224265,25355.77766484906,20538.179908527727,63045.18613645047,7.275957614183426e-12,63045.18613645048,1874.4754664957356,64919.66160294622,64919.66160294622,1.8189894035458565e-11,2.4556356947869062e-11,0,6.139089236967266e-12
2025-12-23,S12,1200.0000000000061,1200.000000000001,99975.03621095512,100015.38999780583,93256.561091162,97.16435984222562,1108.8566859626171,174.8026961184155,25326.176503104572,20514.202967514706,64305.25550474371,63.05387602116389,64368.30938076488,443.7806282701299,64812.090009035004,64812.090009035,1.5916157281026244e-12,4.226752281510926e-11,0,5.229594535194337e-12
2025-12-24,S12,1200.000000000001,1200.0000000000018,99597.58312742441,99621.81399409057,93913.2708367585,100.29390945797667,1204.047072938757,102.61243638368774,25538.66273803866,20686.316817811305,64364.814184784394,35.13037616307702,64399.94456094747,351.55330729987406,64751.497868247345,64751.49786824734,9.094947017729282e-13,2.9103830456733704e-11,0,9.094947017729282e-13
2025-12-25,S12,1200.0000000000018,1200.000000000001,96065.03630007058,97371.69887219417,93096.04978182664,604.6093228364697,943.7126525604526,145.0635207066539,25260.18104243517,20460.74664437249,61379.46986630725,1401.821101108966,62781.290967416215,2144.0188565011276,64925.30982391734,64925.30982391734,4.547473508864641e-13,2.637534635141492e-11,0,9.094947017729282e-13
2025-12-26,S12,1200.000000000001,1200.000000000004,51779.471459028755,51779.471459028755,49210.790104351734,352.78370310403733,1342.0496673513462,1127.4967095371755,21507.39472228378,17420.989725049854,27481.37940870801,0.0,27481.37940870801,1253.0196271598195,28734.399035867827,28734.399035867827,2.2737367544323206e-12,1.9745982626773184e-11,0,3.183231456205249e-12
2025-12-27,S12,1200.000000000004,1199.999999999999,43791.11892746337,43845.02666934972,42997.278649558255,5184.82015761612,455.72894604593057,443.58530869993706,20757.76571453587,16813.790228774054,22063.666602434743,75.71669367038339,22139.383296105127,21195.386368036292,43334.76966414142,43334.769664141415,3.637978807091713e-12,5.9543481256696396e-12,0,5.002220859751105e-12
2025-12-28,S12,1199.999999999999,1200.0000000000025,102244.94011475431,102244.94011475425,93628.89902592926,44.6468742567738,1337.911498728995,769.4884247114829,25036.2696144505,20279.37838770491,66498.32091885839,0.0,66498.32091885839,112.80142597194327,66611.12234483034,66611.12234483034,2.751221472863108e-11,8.185452315956354e-12,0,3.410605131648481e-12
2025-12-29,S12,1200.0000000000025,1200.0,102620.881886143,102620.88188614303,94249.61787005168,22.148044635384508,1263.7478713370097,582.6517934865669,25797.894648404177,20896.294665207395,66080.94934706531,0.0,66080.94934706531,67.87302734590745,66148.82237441122,66148.82237441122,2.2737367544323206e-13,2.523847797419876e-11,0,2.5011104298755527e-12
2025-12-30,S12,1200.0,1200.0000000000005,96863.62579943356,96888.31143270402,91438.56712707184,331.09670399922095,513.9748701653463,313.39700393859107,24830.996615616765,20113.10725864958,61931.913649036665,37.31990502735425,61969.23355406402,1400.1623047756464,63369.39585883966,63369.39585883966,1.2505552149377763e-12,2.3959501049830578e-11,0,4.547473508864641e-13
2025-12-31,S12,1200.0000000000005,6000.0,106882.50359330715,106993.42615054443,99840.14798476065,293.5883329870481,1104.4067748983882,245.18846005206785,30619.569207704768,20481.851058240874,67385.78981979951,179.45419836767542,67565.24401816718,1011.5844057813442,68576.82842394852,68576.82842394852,9.094947017729282e-13,2.0895285501865146e-11,0,0.0
