date,scenario,interval,L_scen_kwh,G_scen_kwh,P_scen_yuan_per_kwh
2025-07-15,1,1,815.6969987088428,0.0,0.46623500593312
2025-07-15,1,2,822.0633208796395,0.0,0.43603496609086023
2025-07-15,1,3,850.9646865415676,0.0,0.36518871819593557
2025-07-15,1,4,866.635841166138,0.0,0.43860088907774547
2025-07-15,1,5,930.0186612891334,0.0,0.5162930630866882
2025-07-15,1,6,918.6780160723524,0.0,0.529992033653061
2025-07-15,1,7,912.0903523211729,0.0,0.5374054846400734
2025-07-15,1,8,854.8602573708624,0.0,0.5319860721468238
2025-07-15,1,9,867.4457238819774,0.0,0.5085373554197328
2025-07-15,1,10,903.7430408374739,0.0,0.4660179883365999
2025-07-15,1,11,893.7587688321255,0.0,0.458981404789685
2025-07-15,1,12,875.5769515790221,0.0,0.49530544832785106
2025-07-15,1,13,896.8839503503679,0.0,0.5451352951108318
2025-07-15,1,14,871.8977630425618,0.0,0.46012333439823233
2025-07-15,1,15,847.4510455835104,0.0,0.34586099023619393
2025-07-15,1,16,874.882612517587,0.0,0.43325193931106104
2025-07-15,1,17,907.1486149729681,0.0,0.49168463987734623
2025-07-15,1,18,891.4560173568748,0.0,0.4385322137516976
2025-07-15,1,19,859.3044068417364,0.0002833333333333333,0.41407722941349556
2025-07-15,1,20,853.9289616191627,0.0,0.3776560819106808
2025-07-15,1,21,816.8241319608044,0.0,0.3805945255841439
2025-07-15,1,22,829.0522211542759,0.004,0.46806304381136443
2025-07-15,1,23,841.2642554881861,0.0,0.44596750121256074
2025-07-15,1,24,829.7626018662463,0.0,0.37609350062479796
2025-07-15,1,25,789.6393606788032,0.055716666666666664,0.39393267655475483
2025-07-15,1,26,783.9568779151142,0.0,0.4327450380626265
2025-07-15,1,27,816.2838241725665,0.0,0.44086812665950814
2025-07-15,1,28,813.4429878645415,1.0953816445477687,0.438602399762072
2025-07-15,1,29,806.88359285134,0.0,0.4500120508213453
2025-07-15,1,30,810.5790176845228,0.0,0.40919251411653657
2025-07-15,1,31,756.9630107320988,17.705331726226486,0.3610053568009074
2025-07-15,1,32,770.7576723742986,46.56557886078996,0.35279454806089394
2025-07-15,1,33,823.9879162792079,81.11908017732978,0.3489398666100585
2025-07-15,1,34,795.5138474016926,117.94098541554304,0.2816084260152982
2025-07-15,1,35,817.3673902933909,166.1247515886643,0.43363291022216216
2025-07-15,1,36,969.4419093064973,215.1527750592827,0.6875600012844847
2025-07-15,1,37,984.7803152408414,244.8921688698029,0.653283711934875
2025-07-15,1,38,936.0174439224317,286.3521296695452,0.6818855183040922
2025-07-15,1,39,920.4685624947142,339.21343513847495,0.8258896274439218
2025-07-15,1,40,958.3389316950704,373.3775162229901,0.7475911340692332
2025-07-15,1,41,969.9864036329034,418.2739237845003,0.6373317074379418
2025-07-15,1,42,943.2916605352538,486.48060628691127,0.6041297634161112
2025-07-15,1,43,966.5803551654678,557.3386939621424,0.5893219806123992
2025-07-15,1,44,921.5451746699596,605.0793020541556,0.5630747594111692
2025-07-15,1,45,847.0563696969482,637.7226461392262,0.489117315382273
2025-07-15,1,46,875.5686186393239,684.8833702567093,0.4677071263708483
2025-07-15,1,47,998.2272997764173,734.7636843221585,0.5525974979196324
2025-07-15,1,48,1202.265711980016,776.1613042685182,0.6930036611808768
2025-07-15,1,49,1222.3803737548935,808.5230814742209,0.7903505721413732
2025-07-15,1,50,1213.3781584107792,835.0418220192997,0.8049707230093969
2025-07-15,1,51,1239.0917880385596,871.7936605830442,0.7457556114414435
2025-07-15,1,52,1223.9158626591504,939.2925423938532,0.7322283400090593
2025-07-15,1,53,1237.111047523524,979.4203293811606,0.7646125734619057
2025-07-15,1,54,1203.1095718037564,998.8663482146395,0.8000271632648887
2025-07-15,1,55,1207.784258781729,1057.7326591453493,0.7421044718001173
2025-07-15,1,56,1204.8358024860092,1129.9413760631414,0.6572476823236116
2025-07-15,1,57,1205.1994602730915,1186.2307695864704,0.6243042495783222
2025-07-15,1,58,1196.8652639648171,1220.4880669098181,0.5994848261175171
2025-07-15,1,59,1151.9336856911868,1261.6177246889752,0.7069275991881238
2025-07-15,1,60,1113.8936941262803,1314.9076193313256,0.865993516832401
2025-07-15,1,61,1179.5501582774389,1346.0986977095417,0.9082138758024019
2025-07-15,1,62,1217.8601508453992,1339.1148130784668,0.8089700252069362
2025-07-15,1,63,1195.2737055160555,1328.8060315542027,0.7812091821935457
2025-07-15,1,64,1199.9804263724902,1371.2253769622146,0.8857116869550756
2025-07-15,1,65,1181.3993779149598,1413.270346939138,0.6166738007235991
2025-07-15,1,66,1168.0864535731625,1454.3586530017396,0.12973397758592142
2025-07-15,1,67,1197.481228032938,1545.8181401272814,0.008198049859434176
2025-07-15,1,68,1215.6303840296564,1643.0739758576651,0.054400890566590476
2025-07-15,1,69,1198.0898615679325,1709.6124484587174,0.05450648906801858
2025-07-15,1,70,1181.3206439169633,1734.1780246059905,0.018715832909707575
2025-07-15,1,71,1166.143835632617,1671.8162338351265,0.017789998087222814
2025-07-15,1,72,1136.40319523386,1613.2827909216658,0.06327505054984828
2025-07-15,1,73,1141.9015930756934,1696.3158397877064,0.10068579942445538
2025-07-15,1,74,1134.667682799116,1714.2339083852464,0.1373728002040478
2025-07-15,1,75,1135.5282088389965,1637.7471343148782,0.11710003912386652
2025-07-15,1,76,1107.8882987527154,1633.031757007138,0.06595287200980238
2025-07-15,1,77,1191.9714275433357,1588.3374682139845,0.28617459186255245
2025-07-15,1,78,1285.2485166006988,1487.7716823903993,0.6580375143801576
2025-07-15,1,79,1203.2204469666867,1443.037587053747,0.7099099688120137
2025-07-15,1,80,1147.831750641834,1398.1921841879275,0.6738320095535747
2025-07-15,1,81,1200.5790624540377,1334.170632308331,0.681259795989607
2025-07-15,1,82,1257.3950375945976,1295.346798407104,0.6832861848382844
2025-07-15,1,83,1219.8245262717699,1252.3975136278352,0.7833828937771935
2025-07-15,1,84,1191.4638216232188,1214.6597294181597,0.926849894325773
2025-07-15,1,85,1212.7709248503907,1220.3364998183624,0.9113043786148054
2025-07-15,1,86,1244.2541317497048,1196.3390386182482,0.8830983230738556
2025-07-15,1,87,1288.161901117639,1131.3435551051753,0.9879447472199203
2025-07-15,1,88,1314.6385627167379,1088.3944855346294,1.0503777681383641
2025-07-15,1,89,1314.940324413567,1055.3799058144928,0.8251976772836184
2025-07-15,1,90,1294.3826967415725,1031.9860548109637,0.4701944926460524
2025-07-15,1,91,1263.4468135446245,1028.8303136991472,0.43835656452806193
2025-07-15,1,92,1265.2829949426891,976.120141804694,0.5169984268579669
2025-07-15,1,93,1279.1347580498941,885.5018414719563,0.5483083837374306
2025-07-15,1,94,1280.5347221486054,842.2708839905669,0.5647601428416716
2025-07-15,1,95,1287.2499711379558,804.1634845751287,0.592027015543224
2025-07-15,1,96,1293.6987042308515,749.4961918753893,0.6311905934868803
2025-07-15,1,97,1274.2744735000356,709.6086481563269,0.6308944545035712
2025-07-15,1,98,1254.3655531419206,700.7177407026783,0.5867553145013652
2025-07-15,1,99,1250.028030282374,682.2842697033965,0.6178393997107599
2025-07-15,1,100,1312.191290721884,594.3774765773132,0.7291753177909428
2025-07-15,1,101,1292.4575942488623,513.5308156964109,0.7254983510176292
2025-07-15,1,102,1235.5097886412036,479.4336301296427,0.6356139856533501
2025-07-15,1,103,1287.4788123586573,461.28936447176505,0.6048200318761834
2025-07-15,1,104,1365.63044272445,421.3928259994395,0.707911524792725
2025-07-15,1,105,1381.3060878268207,361.16913135022963,0.7833601788262015
2025-07-15,1,106,1341.0023451387597,314.3933286559144,0.7055152338505232
2025-07-15,1,107,1232.8444363544404,269.6771903031722,0.8805222429831399
2025-07-15,1,108,1020.1595280538799,215.35156962375424,1.1879442209797273
2025-07-15,1,109,1010.9056178243621,157.7278209906349,1.1494539152525136
2025-07-15,1,110,974.9546811427233,113.9790733931504,1.1235220106653234
2025-07-15,1,111,1007.789596918745,81.82910407468674,1.1799441167674127
2025-07-15,1,112,1085.7429094231306,44.86412592466315,1.190162576762538
2025-07-15,1,113,1111.8834404338656,15.05946157192761,1.2698662857682916
2025-07-15,1,114,1071.3833362990526,0.0,1.5413073505995554
2025-07-15,1,115,982.3344950081151,0.0,1.6426579580589304
2025-07-15,1,116,983.0137828472223,1.0540252831766264,1.5722979315678192
2025-07-15,1,117,958.8177414607512,0.0,1.442395277027785
2025-07-15,1,118,1018.8772489691922,0.0,1.4425197756793846
2025-07-15,1,119,1052.2433135801664,0.05136666666666666,1.4854124151754324
2025-07-15,1,120,1058.3202360420996,0.0,1.5641451263570794
2025-07-15,1,121,1031.9338737678036,0.0,1.6105089558869745
2025-07-15,1,122,1052.3503543897932,0.0036833333333333336,1.6116237572119247
2025-07-15,1,123,1084.9609723526282,0.0,1.5435562861435808
2025-07-15,1,124,1038.847687068308,0.0,1.5173158334582688
2025-07-15,1,125,993.4231753165234,0.0002666666666666667,1.3160067525660728
2025-07-15,1,126,1017.297481842512,0.0,1.0412411127059675
2025-07-15,1,127,1105.5904859340983,0.0,0.9259075144687581
2025-07-15,1,128,1029.5188061226913,0.0,0.9236268018300992
2025-07-15,1,129,957.1820287996701,0.0,0.9620654858915443
2025-07-15,1,130,1027.590146334136,0.0,0.9807330536307335
2025-07-15,1,131,981.9320790309017,0.0,0.7780875426754468
2025-07-15,1,132,853.6504992427156,0.0,0.4539871917555982
2025-07-15,1,133,826.4312771333982,0.0,0.3910348303062096
2025-07-15,1,134,889.6516825907104,0.0,0.42243861961488166
2025-07-15,1,135,937.0297990429057,0.0,0.45833051257632257
2025-07-15,1,136,878.510094435115,0.0,0.504620696164483
2025-07-15,1,137,863.2498251258012,0.0,0.4881803810512604
2025-07-15,1,138,860.6785056581327,0.0,0.4201554890767218
2025-07-15,1,139,857.4068564988053,0.0,0.3931129193961393
2025-07-15,1,140,846.1786976955136,0.0,0.4581070562374852
2025-07-15,1,141,873.5838272804236,0.0,0.5191947377600159
2025-07-15,1,142,826.6828062918295,0.0,0.4797381264615877
2025-07-15,1,143,836.7545041791475,0.0,0.48991601785453
2025-07-15,1,144,887.3549005570273,0.0,0.5553411533515169
2025-07-15,2,1,783.6183686177139,0.0,0.48170436749576334
2025-07-15,2,2,811.474297101225,0.0,0.4879578094358238
2025-07-15,2,3,841.2926959284031,0.0,0.5520651109171975
2025-07-15,2,4,767.3338263243567,0.0,0.5469177248185744
2025-07-15,2,5,734.0802414136109,0.0,0.5102798851513276
2025-07-15,2,6,712.1654772471354,0.0,0.5105067574834132
2025-07-15,2,7,724.5037730760198,0.0,0.5065463062079171
2025-07-15,2,8,727.4035833347498,0.0,0.47975799830631904
2025-07-15,2,9,772.1450908783598,0.0,0.4697065863283263
2025-07-15,2,10,814.513041345006,0.0,0.5319864914354209
2025-07-15,2,11,794.5411706454412,0.0,0.5611828931637379
2025-07-15,2,12,756.5946358327807,0.0,0.5272439859182938
2025-07-15,2,13,703.9886417935281,0.0,0.5118569710691188
2025-07-15,2,14,720.5640596379951,0.0,0.49193107326460367
2025-07-15,2,15,793.0997366382353,0.0,0.4854372632748143
2025-07-15,2,16,731.6256704484869,0.0,0.517699062556807
2025-07-15,2,17,730.404655564601,0.0,0.5315132969717001
2025-07-15,2,18,799.5465086676886,0.0,0.5329081134733789
2025-07-15,2,19,777.2659352041252,0.00025,0.5404864196079472
2025-07-15,2,20,798.3277313689368,0.0,0.5326689826667013
2025-07-15,2,21,794.3427092945988,0.0,0.5195938817028369
2025-07-15,2,22,736.1070094303192,0.003533333333333333,0.5267131700171415
2025-07-15,2,23,734.4192797903892,0.0,0.5076731791263898
2025-07-15,2,24,769.8901484909999,0.0,0.5390589008688553
2025-07-15,2,25,724.4565943896553,0.04918333333333333,0.525764551097349
2025-07-15,2,26,724.0344342727319,0.0,0.5044693304799597
2025-07-15,2,27,765.0796645922692,0.0,0.5085919329510455
2025-07-15,2,28,711.3568518127632,1.004414977881102,0.49583458731542196
2025-07-15,2,29,709.4179017243953,0.0,0.5229155587262633
2025-07-15,2,30,774.6938945072482,1.4625,0.5337155776455778
2025-07-15,2,31,697.4702216492572,21.34710258346167,0.5102204999425153
2025-07-15,2,32,689.7676551041766,52.322100436994994,0.4906098374060856
2025-07-15,2,33,747.1729821599998,87.47721104780324,0.4764910096458668
2025-07-15,2,34,693.8020886262155,123.13693174121023,0.3892559445093965
2025-07-15,2,35,718.0672465983529,163.4142847513183,0.5623312931228862
2025-07-15,2,36,885.4822962104413,204.24920598542832,0.8691960320831277
2025-07-15,2,37,928.3920988148815,238.2339081123255,0.8820828054329717
2025-07-15,2,38,858.5257531989191,286.53800815553507,0.8541269500647761
2025-07-15,2,39,829.657555269532,345.96807657759695,0.9022517551902464
2025-07-15,2,40,883.0158843839574,387.87740846444177,0.8477495909258763
2025-07-15,2,41,911.524444078173,413.6227593536109,0.7848710491357347
2025-07-15,2,42,904.5871010595544,448.51933121299913,0.7252079755427725
2025-07-15,2,43,860.9024413810274,520.4937642641607,0.7099386570808145
2025-07-15,2,44,872.9770581828626,596.8767514516031,0.756047571694722
2025-07-15,2,45,931.5591314162587,641.5476920188455,0.7137690965682773
2025-07-15,2,46,922.3429882600512,653.1437093557466,0.6526832274743732
2025-07-15,2,47,974.5198870531161,691.6227343711417,0.8469897178352467
2025-07-15,2,48,1175.5393108918122,756.9895097050241,1.1480963550724432
2025-07-15,2,49,1178.218852526325,788.7739988404185,1.171909204312776
2025-07-15,2,50,1144.7383383838321,798.5758037858542,1.0999822068989702
2025-07-15,2,51,1135.5264932271289,822.3661860070641,1.0907954148341403
2025-07-15,2,52,1133.7028039219283,882.7872839867413,1.1040966009838784
2025-07-15,2,53,1156.617884972968,917.1879942847012,1.084248466931536
2025-07-15,2,54,1197.241809364534,942.4743513465469,1.054358899402765
2025-07-15,2,55,1215.344246783139,1027.2402415522315,1.0553658553217784
2025-07-15,2,56,1228.146737487485,1097.271616838731,1.047373851800285
2025-07-15,2,57,1211.6409897498493,1127.7351374672025,1.0237731047225627
2025-07-15,2,58,1197.5010357370634,1153.9130650099446,0.9746088240004894
2025-07-15,2,59,1188.3655745026792,1206.552489363974,1.026335152685491
2025-07-15,2,60,1187.046438539834,1265.9137342469269,1.1324414468829351
2025-07-15,2,61,1214.2978663598049,1266.6317292358472,1.1918236242725389
2025-07-15,2,62,1203.545340201752,1301.7270639308151,1.1076066905063717
2025-07-15,2,63,1164.2703161683862,1369.1999637220445,1.0520316680858466
2025-07-15,2,64,1141.442326950693,1358.3522004287804,1.107083996841997
2025-07-15,2,65,1172.9661625672077,1338.525507979633,0.9090270106739079
2025-07-15,2,66,1208.294933396603,1354.995501194987,0.5874490589749308
2025-07-15,2,67,1180.2799797253203,1387.3585028882117,0.46350978940008924
2025-07-15,2,68,1160.7937119329868,1444.2201720528897,0.49168707901108877
2025-07-15,2,69,1206.4000148951882,1505.6025972067698,0.5228960699759301
2025-07-15,2,70,1176.835388713567,1527.424832828068,0.4274756413223746
2025-07-15,2,71,1143.7099121285362,1537.8829852850881,0.3841101412252495
2025-07-15,2,72,1152.753990929269,1551.0537660786956,0.4316234238121525
2025-07-15,2,73,1105.487715321204,1542.2484017003617,0.4891752753714853
2025-07-15,2,74,1097.7720860277122,1506.0006945141135,0.5240210219552213
2025-07-15,2,75,1111.8131292826606,1442.983901662671,0.4756066229537203
2025-07-15,2,76,1098.7686817478666,1368.8054258561315,0.44242359678588855
2025-07-15,2,77,1126.8451350999433,1369.255745210196,0.6210890661748711
2025-07-15,2,78,1227.1514323359347,1420.149131077752,0.8899415607513154
2025-07-15,2,79,1215.193520398528,1411.809440228961,0.8449976460041448
2025-07-15,2,80,1219.0895835778772,1376.5399781097524,0.8780041181835693
2025-07-15,2,81,1292.1270932923344,1340.4705792329328,0.9863135233769897
2025-07-15,2,82,1273.2517283813763,1286.6250306791562,0.9549501123813251
2025-07-15,2,83,1245.6242088200856,1200.6745547275345,1.0543094258499859
2025-07-15,2,84,1257.8187215810524,1116.0045015374235,1.310346952208735
2025-07-15,2,85,1265.7326542499864,1101.5428693661072,1.3300624738516469
2025-07-15,2,86,1297.366042086292,1134.764661549456,1.3006874736508627
2025-07-15,2,87,1322.6590997899534,1130.7973464534307,1.3452643765478134
2025-07-15,2,88,1275.2389538947384,1036.4161944459524,1.4132642097459502
2025-07-15,2,89,1257.4662598299476,1033.992317375013,1.1149130718431355
2025-07-15,2,90,1271.1447888617265,1086.6615811256625,0.647381413780851
2025-07-15,2,91,1266.5421257774444,981.9257779324546,0.7276198707160225
2025-07-15,2,92,1267.0106789907757,904.5323916634413,0.8294343838723542
2025-07-15,2,93,1242.3571718163419,902.2985399152154,0.7408348951868038
2025-07-15,2,94,1203.645595945548,842.6454727696048,0.7714517958004449
2025-07-15,2,95,1209.2072309641828,811.9219595027106,0.7827075986590861
2025-07-15,2,96,1252.3794413954856,811.4188852983435,0.7959390025367108
2025-07-15,2,97,1284.458822534079,743.0897750518222,0.8620189365133843
2025-07-15,2,98,1301.747783153916,661.3626095374458,0.9065810612898235
2025-07-15,2,99,1312.8247705098431,594.919693601181,0.9470474432801177
2025-07-15,2,100,1290.5403589574034,515.6181881589671,0.9881632200406405
2025-07-15,2,101,1264.7300215608666,457.79686684758536,1.0454621010277263
2025-07-15,2,102,1224.3721256248812,429.7957441396692,1.1129092144073005
2025-07-15,2,103,1217.8752028658644,396.88369764065664,1.080318623222954
2025-07-15,2,104,1243.8473546125033,347.6658002401561,1.0896593892384225
2025-07-15,2,105,1272.4921276044054,292.3008012806599,1.1050495729809309
2025-07-15,2,106,1283.226935839827,248.4202729249796,1.0549644413179775
2025-07-15,2,107,1190.8184715617758,210.28649412622607,1.1812259226749666
2025-07-15,2,108,986.9341345973965,171.39082994763788,1.3595238012610151
2025-07-15,2,109,983.8260679646838,131.54589332879058,1.3929689008971464
2025-07-15,2,110,1020.2794366873591,98.40574873106019,1.3497920564302144
2025-07-15,2,111,1044.5472971722547,71.04156648831591,1.2863255853959012
2025-07-15,2,112,1042.0529772448956,40.886961706076306,1.375313925198141
2025-07-15,2,113,985.8986157633693,15.617947899597297,1.4718960335385463
2025-07-15,2,114,953.8668292581125,1.1937499999999999,1.6341568484060185
2025-07-15,2,115,955.8397040150041,0.0,1.6549100986272163
2025-07-15,2,116,1003.1932822542873,0.854991949843293,1.6733123858059717
2025-07-15,2,117,992.7672847713561,0.0,1.7062814568855877
2025-07-15,2,118,1012.1183812102993,0.0,1.6770343833251014
2025-07-15,2,119,1025.79301305343,0.03708333333333333,1.6572333947449933
2025-07-15,2,120,1055.1265590655562,0.0,1.7095195781530639
2025-07-15,2,121,991.0312930991809,0.0,1.695661344367106
2025-07-15,2,122,1010.3000752418694,0.0026666666666666666,1.672755274227956
2025-07-15,2,123,1053.348504294865,0.0,1.6666611093930284
2025-07-15,2,124,1060.0615849324122,0.0,1.730198803255507
2025-07-15,2,125,1023.6652858256057,0.00018333333333333334,1.489297490117343
2025-07-15,2,126,1016.6643777639808,0.0,1.1273420324657917
2025-07-15,2,127,1022.7191030932971,0.0,1.0765054030633998
2025-07-15,2,128,1017.7198492099324,0.0,1.077184994871009
2025-07-15,2,129,1052.157799254127,0.0,1.0382453891704861
2025-07-15,2,130,1103.1015571957037,0.0,1.114622860822742
2025-07-15,2,131,957.88261689188,0.0,0.9124114101137191
2025-07-15,2,132,809.6619808683309,0.0,0.5513896620570161
2025-07-15,2,133,850.5144044798898,0.0,0.5766270327228593
2025-07-15,2,134,890.7397620522677,0.0,0.6158787459745366
2025-07-15,2,135,842.8332442462463,0.0,0.5401263177508154
2025-07-15,2,136,839.2906793528782,0.0,0.5697165987812829
2025-07-15,2,137,815.0117784891722,0.0,0.5758778786399363
2025-07-15,2,138,754.119919830851,0.0,0.4986765549134699
2025-07-15,2,139,825.5630827041397,0.0,0.5548166705682465
2025-07-15,2,140,851.300209111596,0.0,0.5905711896350452
2025-07-15,2,141,810.1093855995854,0.0,0.5518785831517237
2025-07-15,2,142,747.7741973340597,0.0,0.5590601322496781
2025-07-15,2,143,778.3661605551798,0.0,0.5561657654151805
2025-07-15,2,144,813.6168322323457,0.0,0.5245171192550959
2025-07-15,3,1,846.2283498866993,0.0,0.6538673844416645
2025-07-15,3,2,869.3992794294692,0.0,0.6327016523721349
2025-07-15,3,3,871.6060250362412,0.0,0.6201376412678171
2025-07-15,3,4,811.2784594102151,0.0,0.6207676906768889
2025-07-15,3,5,798.1843487535016,0.0,0.6102148427210031
2025-07-15,3,6,769.1115490664696,0.0,0.6291058039803167
2025-07-15,3,7,791.1615024169521,0.0,0.6665012603179334
2025-07-15,3,8,797.2321367392167,0.0,0.6459181616271878
2025-07-15,3,9,825.8781177945951,0.0,0.604453378396242
2025-07-15,3,10,788.2993671788969,0.0,0.5588097111265934
2025-07-15,3,11,742.1375660272022,0.0,0.543283309140872
2025-07-15,3,12,759.8407893102622,0.0,0.5593384830051733
2025-07-15,3,13,788.3978304346748,0.0,0.5808846227791706
2025-07-15,3,14,780.1980600530949,0.0,0.6073089372048346
2025-07-15,3,15,765.7751605847941,0.0,0.5802463633604306
2025-07-15,3,16,726.092406743059,0.0,0.531425047240285
2025-07-15,3,17,769.5313222649679,0.0,0.5302624327407071
2025-07-15,3,18,852.0594291038509,0.0,0.5911390280283648
2025-07-15,3,19,809.2161608123705,0.0,0.6061196941517326
2025-07-15,3,20,755.4140292423479,0.0,0.5860606788159295
2025-07-15,3,21,694.5911863727658,0.0,0.6002113443564219
2025-07-15,3,22,691.0551653170174,0.0,0.5443573987034029
2025-07-15,3,23,706.3625150111271,0.0,0.49237304625102774
2025-07-15,3,24,724.0057838613178,0.0,0.5402077868993675
2025-07-15,3,25,744.9140199051925,0.0,0.5873020812168624
2025-07-15,3,26,775.7883681718264,0.0,0.5852288695810741
2025-07-15,3,27,779.6354133854757,0.0,0.5599336554273195
2025-07-15,3,28,729.4378923452285,0.0,0.5913970220239285
2025-07-15,3,29,692.7349232014253,0.0,0.619368025018388
2025-07-15,3,30,729.5019906018435,0.0,0.5643877018462895
2025-07-15,3,31,759.7134768527765,14.03291883217479,0.54061268233792
2025-07-15,3,32,760.0084984763234,46.91990957461637,0.503635491232268
2025-07-15,3,33,718.838261449303,67.51740238875236,0.4058172330651057
2025-07-15,3,34,698.6226048968751,101.00282310240331,0.37291687438253257
2025-07-15,3,35,717.8538960142495,123.05596929055017,0.5878900756099292
2025-07-15,3,36,838.7051932927873,155.46532570473653,0.8800312393364417
2025-07-15,3,37,871.452689994293,214.3257562263987,0.8971173443081111
2025-07-15,3,38,875.9331132138946,241.28282487263948,0.9188533905665909
2025-07-15,3,39,880.8128691486689,266.8934801614368,0.9765144380876594
2025-07-15,3,40,874.0340793219293,321.92580764478754,0.8778818034396593
2025-07-15,3,41,827.1912101360207,388.8512617772197,0.8082635511662428
2025-07-15,3,42,811.2767717131136,433.95947275813364,0.8202936282611997
2025-07-15,3,43,840.0353780474052,492.3665139170699,0.7776125145130395
2025-07-15,3,44,887.7057701875643,548.5798272140132,0.8110755279669055
2025-07-15,3,45,898.8798678972696,580.9865600333777,0.7982060213499458
2025-07-15,3,46,832.3277744246502,639.3427738734692,0.6512512056228547
2025-07-15,3,47,886.7113318476158,705.330502050947,0.8082433772512991
2025-07-15,3,48,1126.6427844550924,773.7666860582444,1.1131486916328202
2025-07-15,3,49,1143.6892708819573,817.3960795338169,1.1464173321141264
2025-07-15,3,50,1104.5471735083943,846.7156559535001,1.0986726011761405
2025-07-15,3,51,1086.339886750518,887.506223302247,1.089937952381384
2025-07-15,3,52,1111.1378809820844,955.8830760551667,1.0488066038187889
2025-07-15,3,53,1174.5965771230472,1023.3820437952135,1.0298341781393807
2025-07-15,3,54,1213.8646685711924,1058.930116552974,1.0362643686030086
2025-07-15,3,55,1182.0745205667135,1086.6266710894342,0.9952253320493651
2025-07-15,3,56,1159.5304648084712,1072.2057882986974,0.9432129364446472
2025-07-15,3,57,1167.2719167788625,1086.5624571029457,0.9178269272735302
2025-07-15,3,58,1178.2985772907796,1119.812127656266,0.9029784167493334
2025-07-15,3,59,1159.0677374340867,1212.7371818860108,1.045144877738183
2025-07-15,3,60,1138.1267574542342,1300.636740624996,1.3128752631125136
2025-07-15,3,61,1210.7122847265332,1257.9842156318327,1.4319500463280468
2025-07-15,3,62,1205.8829072076578,1302.116157278924,1.3453965209772534
2025-07-15,3,63,1147.857377822474,1351.8269459731991,1.285416308475566
2025-07-15,3,64,1190.4236322483107,1337.5168142787877,1.3687274244725063
2025-07-15,3,65,1206.404924708946,1368.6004709647943,1.0320095201912591
2025-07-15,3,66,1182.9595487763493,1360.5768469508885,0.448632629256972
2025-07-15,3,67,1223.8721159303454,1475.1719720029516,0.35849977846921643
2025-07-15,3,68,1216.2126946723934,1501.212846678723,0.48811385457606926
2025-07-15,3,69,1201.032516062307,1405.3503127755853,0.5150466719681355
2025-07-15,3,70,1241.554154439615,1439.0528555920537,0.4887192569546683
2025-07-15,3,71,1202.6189416022066,1472.29561598705,0.4377808673112392
2025-07-15,3,72,1147.0296455707207,1500.440576527535,0.4133447732427093
2025-07-15,3,73,1237.863555003144,1480.3367115750343,0.4869063523373485
2025-07-15,3,74,1239.7592716121735,1441.9645647625919,0.5033889002105593
2025-07-15,3,75,1136.7374980300415,1430.199957768741,0.40678244086402876
2025-07-15,3,76,1145.3912248537054,1459.5233166498094,0.3850362268952904
2025-07-15,3,77,1226.6551846159846,1470.1438735468032,0.5861788096490039
2025-07-15,3,78,1281.9010655858424,1465.0448559412505,0.8572529730791552
2025-07-15,3,79,1244.107212688834,1391.1165748824603,0.8728148036678682
2025-07-15,3,80,1217.321596887971,1316.1125288519067,0.8504823094274294
2025-07-15,3,81,1261.7605062099456,1283.3330206361084,0.871722952408925
2025-07-15,3,82,1291.8671099068852,1319.5927319083892,0.876364825183154
2025-07-15,3,83,1285.2075743326277,1317.870747162987,1.0657536525589442
2025-07-15,3,84,1251.5044925590237,1217.3047139236912,1.367324568814177
2025-07-15,3,85,1265.062366546314,1176.1690045401158,1.4277243585105446
2025-07-15,3,86,1280.4919097957918,1106.2125200306295,1.3842836702400176
2025-07-15,3,87,1271.1059860210053,1042.2101483673478,1.4799047460245403
2025-07-15,3,88,1236.7303790305061,1064.5198476141368,1.5700562514027925
2025-07-15,3,89,1249.7998784761298,1016.7907418826038,1.2754711496918976
2025-07-15,3,90,1302.8336251067144,978.3612687990409,0.7834666027476744
2025-07-15,3,91,1316.892849412241,920.4138346987938,0.7892881943518136
2025-07-15,3,92,1312.2245095371427,893.761329170834,0.9004455149681552
2025-07-15,3,93,1277.263833293645,851.0602503086382,0.8918035315501661
2025-07-15,3,94,1242.7617428510662,806.9744743641378,0.8314181571693218
2025-07-15,3,95,1270.5210053974183,739.7893690409314,0.8319662624777432
2025-07-15,3,96,1304.249711062812,731.9487444277034,0.89313147915383
2025-07-15,3,97,1272.8968590340442,685.6279531244336,0.898394436106193
2025-07-15,3,98,1261.4097840395775,622.8081720131311,0.9300262869422742
2025-07-15,3,99,1311.4734365497238,572.7057055792001,1.0352028654856407
2025-07-15,3,100,1341.3623784211645,555.5769995296297,1.095181096821883
2025-07-15,3,101,1332.0956885922478,507.00825724979273,1.0568997634392112
2025-07-15,3,102,1294.5274871722809,432.21603247635835,1.0359308095136277
2025-07-15,3,103,1347.0631970394074,351.44386488227997,1.0686512167230453
2025-07-15,3,104,1356.2371366547563,300.17281705020156,1.150831516528065
2025-07-15,3,105,1307.2855502571215,268.7463263238423,1.1900600502637646
2025-07-15,3,106,1293.4377769198754,240.2759541355967,1.1483778928208226
2025-07-15,3,107,1261.9819887838116,218.60306161117387,1.23594832030471
2025-07-15,3,108,1080.0702612723862,172.4393695265445,1.379146532767142
2025-07-15,3,109,1040.8619305691577,137.57845254663778,1.3844865741584618
2025-07-15,3,110,1034.8799482534562,100.85871212024682,1.4167296077784626
2025-07-15,3,111,1046.9456344957885,66.38382021067538,1.4331071943158686
2025-07-15,3,112,1061.8944515903672,36.48784947219429,1.4649800254381204
2025-07-15,3,113,1018.3884395573407,13.316164588778246,1.6215209735619804
2025-07-15,3,114,990.264123829846,0.0,1.9547948153118613
2025-07-15,3,115,969.2617989408667,0.0,1.9504914482875597
2025-07-15,3,116,1003.2614539190071,0.0,1.8779809749181826
2025-07-15,3,117,1004.1867558822994,0.0,1.9007160218289119
2025-07-15,3,118,1070.0437234081833,0.0,1.9486499960680206
2025-07-15,3,119,1077.001827103809,0.0,1.9816001409153057
2025-07-15,3,120,1066.6616236127666,0.0,2.021227081236348
2025-07-15,3,121,1033.7103992228815,0.0,1.935828656101349
2025-07-15,3,122,1053.2401261534205,0.0,1.8714485762499735
2025-07-15,3,123,1081.3890723730121,0.0,1.8853993564756957
2025-07-15,3,124,1083.7375751776171,0.0,2.039193499207694
2025-07-15,3,125,1038.0447059687513,0.0,1.693854404757792
2025-07-15,3,126,1004.4377378217698,0.0,1.1614276038754978
2025-07-15,3,127,1030.6007018754008,0.0,1.0823664886859876
2025-07-15,3,128,1043.6629716112152,0.0,1.1308817064276644
2025-07-15,3,129,1060.7383549704027,0.0,1.1363239816700121
2025-07-15,3,130,1141.1403617657888,0.0,1.2161475765178167
2025-07-15,3,131,991.2312716472538,0.0,0.971924141986268
2025-07-15,3,132,762.5067539338285,0.0,0.5299392534776755
2025-07-15,3,133,768.292039540774,0.0,0.5120120887751056
2025-07-15,3,134,834.0964387067955,0.0,0.5676334424727911
2025-07-15,3,135,823.9938172312447,0.0,0.5548685659056638
2025-07-15,3,136,813.483283562318,0.0,0.6273358794374599
2025-07-15,3,137,807.8020153359598,0.0,0.6613303608914147
2025-07-15,3,138,785.4488295202094,0.0,0.6302338425928882
2025-07-15,3,139,861.3094306347961,0.0,0.6350282846556861
2025-07-15,3,140,856.9437627813892,0.0,0.6216928099363672
2025-07-15,3,141,821.0157207045789,0.0,0.5767703310505832
2025-07-15,3,142,818.4113218044649,0.0,0.5895524891946362
2025-07-15,3,143,845.6106349311432,0.0,0.6080553405490767
2025-07-15,3,144,817.8543430718247,0.0,0.5898681421756953
2025-07-15,4,1,810.2624165128027,0.0,0.5277350059331201
2025-07-15,4,2,797.4345937635184,0.0,0.5161349660908602
2025-07-15,4,3,800.2616485455018,0.0,0.5320887181959356
2025-07-15,4,4,777.2589150078039,0.0,0.6131008890777456
2025-07-15,4,5,810.9555020764473,0.0,0.6192930630866882
2025-07-15,4,6,783.2273411875284,0.0,0.5436920336530611
2025-07-15,4,7,782.9926013330647,0.0,0.5111054846400735
2025-07-15,4,8,738.8216990504679,0.0,0.5141860721468238
2025-07-15,4,9,751.3325300763905,0.0,0.5386373554197328
2025-07-15,4,10,826.7711376875745,0.0,0.5653179883366
2025-07-15,4,11,802.5624314308402,0.0,0.5669814047896851
2025-07-15,4,12,738.9258476355669,0.0,0.530805448327851
2025-07-15,4,13,752.4279939567754,0.0,0.5047352951108319
2025-07-15,4,14,752.4802861195224,0.0,0.4903233343982324
2025-07-15,4,15,733.905723377696,0.0,0.4859609902361939
2025-07-15,4,16,762.576199864832,0.0,0.4747519393110611
2025-07-15,4,17,803.2436976678888,0.0,0.5025846398773461
2025-07-15,4,18,815.690005576682,0.0,0.5261322137516975
2025-07-15,4,19,781.747375562875,0.0003,0.46297722941349556
2025-07-15,4,20,783.7186162939463,0.0,0.47085608191068085
2025-07-15,4,21,752.3763286433209,0.0,0.5681945255841439
2025-07-15,4,22,731.5861152609452,0.004116666666666666,0.5550630438113645
2025-07-15,4,23,726.24885610703,0.0,0.4920675012125607
2025-07-15,4,24,740.8516424771111,0.0,0.49399350062479797
2025-07-15,4,25,746.0797081110794,0.05728333333333333,0.49413267655475485
2025-07-15,4,26,760.6859161445549,0.0,0.5179450380626265
2025-07-15,4,27,755.9151443917206,0.0,0.5192681266595081
2025-07-15,4,28,704.3338366720913,1.117214977881102,0.42490239976207206
2025-07-15,4,29,684.3221821530403,0.0,0.42061205082134534
2025-07-15,4,30,731.1194078995536,1.2125,0.46619251411653656
2025-07-15,4,31,719.4878649791796,23.229590338241128,0.4631053568009074
2025-07-15,4,32,705.3810242432892,52.06367380870132,0.44659454806089394
2025-07-15,4,33,699.3756016581709,87.80168269618837,0.42303986661005843
2025-07-15,4,34,704.5254251714151,136.18377004419705,0.37390842601529817
2025-07-15,4,35,769.9151850814812,178.43355305104956,0.5830329102221622
2025-07-15,4,36,885.465391070339,212.73683753230017,0.9192600012844847
2025-07-15,4,37,888.2415488223977,251.9121737332098,0.9414837119348749
2025-07-15,4,38,843.6162331672372,278.3992706191808,0.8294855183040921
2025-07-15,4,39,852.9832807312515,285.13534248153627,0.8115896274439218
2025-07-15,4,40,886.9810382228457,288.1997331855729,0.8986911340692333
2025-07-15,4,41,884.5747935683629,335.4476955724814,0.8410317074379419
2025-07-15,4,42,880.1275513484374,415.7134508523036,0.6733297634161113
2025-07-15,4,43,852.0570157174652,468.9251977569369,0.7009219806123992
2025-07-15,4,44,851.5980913837212,504.4106686432463,0.7501747594111692
2025-07-15,4,45,868.9131894401362,537.115615276262,0.680217315382273
2025-07-15,4,46,853.0331765089979,581.8794205406828,0.6766071263708482
2025-07-15,4,47,941.9515061789298,661.0329829888254,0.9254974979196323
2025-07-15,4,48,1143.2392654054047,740.5778965148257,1.2431036611808768
2025-07-15,4,49,1169.0683859441403,762.3093198420556,1.2549505721413732
2025-07-15,4,50,1147.5473930306166,793.2419485214983,1.1680707230093967
2025-07-15,4,51,1136.931981810779,854.2462311598312,1.1093556114414436
2025-07-15,4,52,1141.6357906059027,900.9271265712805,1.0865283400090595
2025-07-15,4,53,1170.4236825528476,940.4264850508846,1.1208125734619054
2025-07-15,4,54,1190.3964164160802,995.0679906597651,1.1594271632648887
2025-07-15,4,55,1188.9339951584502,1064.9538979305712,1.0676044718001174
2025-07-15,4,56,1186.5003905144713,1102.9931798649297,1.0192476823236116
2025-07-15,4,57,1180.0500699253748,1108.6801002895677,1.0685042495783224
2025-07-15,4,58,1165.717228235752,1113.017692765701,1.0276848261175169
2025-07-15,4,59,1165.5646850039839,1111.2112207020975,1.0692275991881237
2025-07-15,4,60,1156.518929344094,1103.7197661384503,1.200093516832401
2025-07-15,4,61,1186.1793464043121,1099.6550227249395,1.2893138758024019
2025-07-15,4,62,1170.9405919935396,1124.4790801086356,1.2031700252069362
2025-07-15,4,63,1148.9039053402496,1140.482091214945,1.1301091821935456
2025-07-15,4,64,1167.4661033770171,1079.8157062159994,1.2226116869550756
2025-07-15,4,65,1166.474759830853,1031.8400879853698,1.0412738007235993
2025-07-15,4,66,1145.2906195287478,1049.3526219343112,0.6572339775859215
2025-07-15,4,67,1171.0530768166552,1102.654770900491,0.5110980498594342
2025-07-15,4,68,1178.9033857037798,1149.3453850423437,0.5900008905665906
2025-07-15,4,69,1187.7382929810535,1200.4972871972902,0.6733064890680186
2025-07-15,4,70,1160.1187077738894,1283.5311797726367,0.5722158329097076
2025-07-15,4,71,1110.3192263355475,1329.8297403737788,0.48218999808722274
2025-07-15,4,72,1115.156058418865,1351.865668703063,0.4783750505498484
2025-07-15,4,73,1119.2976680910454,1418.2108508065178,0.4448857994244554
2025-07-15,4,74,1078.2550042454177,1425.7199230251517,0.4034728002040478
2025-07-15,4,75,1054.6386389481395,1352.326913175978,0.38080003912386656
2025-07-15,4,76,1090.7176553870102,1291.4490134073887,0.44805287200980237
2025-07-15,4,77,1199.4626590184291,1285.1300593915503,0.6249745918625526
2025-07-15,4,78,1275.1825710849098,1310.5461423969002,0.8256375143801578
2025-07-15,4,79,1233.033177888543,1312.8821679775924,0.8865099688120137
2025-07-15,4,80,1197.376840903821,1308.272578740727,0.8658320095535746
2025-07-15,4,81,1228.6661158777588,1333.0530240544847,0.8248597959896071
2025-07-15,4,82,1209.5341626581253,1397.3302505105278,0.8406861848382843
2025-07-15,4,83,1227.3751456882585,1379.607823824111,1.0132828937771936
2025-07-15,4,84,1268.949503125566,1277.3354960892862,1.237249894325773
2025-07-15,4,85,1218.4058978668409,1205.7311785128445,1.2578043786148054
2025-07-15,4,86,1179.771338205807,1127.2880100416069,1.2093983230738554
2025-07-15,4,87,1221.8587729758706,1038.2412413328882,1.3128447472199205
2025-07-15,4,88,1309.2986975844094,994.3742087341789,1.4634777681383642
2025-07-15,4,89,1306.3830117480313,990.231628207524,1.1743976772836184
2025-07-15,4,90,1231.733499245993,1015.5127515073636,0.6572944926460523
2025-07-15,4,91,1199.1665428478934,1041.0910285676282,0.670856564528062
2025-07-15,4,92,1213.9044758555235,1003.9478134268699,0.8293984268579669
2025-07-15,4,93,1216.1251692125875,911.4050993022103,0.8438083837374306
2025-07-15,4,94,1205.276052595025,847.456533563104,0.7928601428416716
2025-07-15,4,95,1229.9793957695165,820.94226560813,0.7903270155432239
2025-07-15,4,96,1266.9072673171388,793.8421971791402,0.8448905934868803
2025-07-15,4,97,1234.505861791054,729.3831352742145,0.8550944545035712
2025-07-15,4,98,1220.1133143553484,697.4133906349324,0.8813553145013652
2025-07-15,4,99,1265.8387340183397,690.1593560172253,0.95863939971076
2025-07-15,4,100,1293.897237833576,622.1326562646352,0.9407753177909428
2025-07-15,4,101,1299.2454488624235,539.5225581390303,0.9055983510176292
2025-07-15,4,102,1240.8486380790407,479.56425422386934,0.9513139856533502
2025-07-15,4,103,1232.985935338537,432.26540141414273,1.0090200318761835
2025-07-15,4,104,1254.698097870669,378.69120991537585,1.062711524792725
2025-07-15,4,105,1281.1192420973512,323.9682028852273,1.0665601788262014
2025-07-15,4,106,1259.6889713455284,287.5239327552798,1.0627152338505232
2025-07-15,4,107,1169.5671017617078,250.7644922555793,1.16482224298314
2025-07-15,4,108,959.283824583998,204.5532073480554,1.3142442209797272
2025-07-15,4,109,946.0202289355096,160.59956395916402,1.3905539152525137
2025-07-15,4,110,998.2193273383251,122.71441836348187,1.4224220106653236
2025-07-15,4,111,1018.4233286376729,87.5265554898051,1.3813441167674125
2025-07-15,4,112,1048.6125681039068,50.97584721230458,1.3799625767625379
2025-07-15,4,113,1027.1474324126557,20.30668980083749,1.4953662857682917
2025-07-15,4,114,1018.7607488098212,1.0687499999999999,1.7312073505995553
2025-07-15,4,115,971.1682687644267,0.0,1.6866579580589305
2025-07-15,4,116,982.5197539113464,0.9490919498432929,1.6441979315678192
2025-07-15,4,117,954.6471446986052,0.0,1.678395277027785
2025-07-15,4,118,975.1054497146849,0.0,1.6551197756793845
2025-07-15,4,119,997.8405288107156,0.043833333333333335,1.6181124151754323
2025-07-15,4,120,1043.2214670327444,0.0,1.6740451263570792
2025-07-15,4,121,1029.758059967597,0.0,1.7228089558869746
2025-07-15,4,122,1031.0544844113074,0.00315,1.6899237572119248
2025-07-15,4,123,1025.0510506371202,0.0,1.6339562861435808
2025-07-15,4,124,1009.3725290737392,0.0,1.7787158334582687
2025-07-15,4,125,1006.3640972787815,0.00023333333333333333,1.5619067525660728
2025-07-15,4,126,1007.5607061681228,0.0,1.1474411127059678
2025-07-15,4,127,1024.886333604781,0.0,1.1534075144687579
2025-07-15,4,128,1005.5381202988588,0.0,1.143726801830099
2025-07-15,4,129,974.4217321117129,0.0,1.0212654858915442
2025-07-15,4,130,1071.8541510565299,0.0,1.1045330536307334
2025-07-15,4,131,1014.5747060834894,0.0,0.9460875426754467
2025-07-15,4,132,859.8474924020554,0.0,0.5668871917555982
2025-07-15,4,133,820.8242607071033,0.0,0.5289348303062096
2025-07-15,4,134,806.0609158978054,0.0,0.5589386196148817
2025-07-15,4,135,785.5201307302417,0.0,0.5611305125763226
2025-07-15,4,136,804.2190102690595,0.0,0.6511206961644831
2025-07-15,4,137,833.1081393268275,0.0,0.6336803810512603
2025-07-15,4,138,806.6730618295231,0.0,0.5084554890767219
2025-07-15,4,139,811.7008850830733,0.0,0.4755129193961393
2025-07-15,4,140,774.3799397868497,0.0,0.4958070562374852
2025-07-15,4,141,760.1893343625305,0.0,0.5110947377600159
2025-07-15,4,142,790.6277996573682,0.0,0.5505381264615877
2025-07-15,4,143,821.7537297493957,0.0,0.53901601785453
2025-07-15,4,144,789.8177161239731,0.0,0.5099411533515168
2025-07-15,5,1,857.3272513378124,0.0,0.5473215825870223
2025-07-15,5,2,831.0510233261078,0.0,0.5811896693121612
2025-07-15,5,3,849.0072660839298,0.0,0.5254248788857603
2025-07-15,5,4,829.419191221288,0.0,0.5457705810378666
2025-07-15,5,5,819.5200929879754,0.0,0.5173163915481602
2025-07-15,5,6,771.5477355223297,0.0,0.47431955102351264
2025-07-15,5,7,788.8724933766908,0.0,0.5205526628974481
2025-07-15,5,8,806.1673539371768,0.0,0.5725570917284457
2025-07-15,5,9,828.3954291399793,0.0,0.49901095558296943
2025-07-15,5,10,795.571240770457,0.0,0.48542247841404185
2025-07-15,5,11,829.7118739288939,0.0,0.5409162160998654
2025-07-15,5,12,891.4877167764367,0.0,0.5935832503455668
2025-07-15,5,13,811.009106568177,0.0,0.5722212299085743
2025-07-15,5,14,745.5105847385668,0.0,0.5081156412813298
2025-07-15,5,15,795.1290774567486,0.0,0.48107598591559275
2025-07-15,5,16,808.1681935594125,0.0,0.5549768404827367
2025-07-15,5,17,788.2124036903879,0.0,0.5468122786706551
2025-07-15,5,18,787.7954695232634,0.0,0.45873949926051066
2025-07-15,5,19,749.5819066498746,0.0002666666666666667,0.5428922022150868
2025-07-15,5,20,758.6340911295214,0.0,0.5417584913327915
2025-07-15,5,21,734.3521338139833,0.0,0.4792087121945278
2025-07-15,5,22,721.5637179143008,0.0037333333333333333,0.4340371065085262
2025-07-15,5,23,725.2470362060932,0.0,0.48185142734014136
2025-07-15,5,24,745.4838872991681,0.0,0.5594115313624566
2025-07-15,5,25,762.5716724677243,0.05205,0.5340310616134452
2025-07-15,5,26,771.2017042491963,0.0,0.48807093209689206
2025-07-15,5,27,775.8005123482877,0.0,0.47192828358342737
2025-07-15,5,28,773.0088597862945,1.0443483112144354,0.4575386816512275
2025-07-15,5,29,755.3365077034151,0.0,0.5124719048031383
2025-07-15,5,30,738.0566283424524,0.46875,0.5565499929436981
2025-07-15,5,31,711.8719918121831,19.02586097021615,0.5128305531009096
2025-07-15,5,32,715.3421081122559,50.01705728803618,0.48298351747311685
2025-07-15,5,33,716.6477093798956,85.78100344442794,0.43686077400243767
2025-07-15,5,34,715.0925023484009,117.19785283815126,0.37540817225880907
2025-07-15,5,35,780.7776501757617,154.28428745070588,0.5696921168197784
2025-07-15,5,36,890.644552536688,195.999034146821,0.8880968896129011
2025-07-15,5,37,892.85840036582,230.45221648283714,0.9116591475634961
2025-07-15,5,38,844.8922226000008,269.4533424453581,0.84326675742343
2025-07-15,5,39,839.7331637709804,319.0211295455698,0.8524061078749339
2025-07-15,5,40,861.6452026980273,370.74844207059175,0.8453276989344939
2025-07-15,5,41,895.5114312748873,414.10412386270735,0.8241940948691835
2025-07-15,5,42,919.9960240671321,441.8285887155097,0.7904722976999615
2025-07-15,5,43,894.92528669381,455.49924365797216,0.7995218416769255
2025-07-15,5,44,890.4142177771477,498.1918737197739,0.796751614110584
2025-07-15,5,45,930.7768954138106,565.3647800713809,0.748306872075036
2025-07-15,5,46,986.3849231455358,609.9527531999148,0.7078290549414372
2025-07-15,5,47,993.8865269049977,646.2607579141485,0.8929609121122253
2025-07-15,5,48,1134.974748652111,690.1239117309573,1.1540133516585191
2025-07-15,5,49,1143.11639124131,736.5096901471038,1.2165309359355325
2025-07-15,5,50,1140.1241775849346,764.2804323901989,1.2290355903540613
2025-07-15,5,51,1152.3693404883902,792.2926462768369,1.2148574339267313
2025-07-15,5,52,1116.3667738656802,862.2090690361126,1.1692134295117638
2025-07-15,5,53,1151.104754519713,922.358953560545,1.15531473596694
2025-07-15,5,54,1206.5884844563857,981.4931217507511,1.1547898573839348
2025-07-15,5,55,1169.2582517186145,1080.1474013372022,1.0272512020841578
2025-07-15,5,56,1164.7433075758197,1095.8376532139914,0.9977836380565255
2025-07-15,5,57,1188.99358126162,1045.1594604730808,1.0791271297407246
2025-07-15,5,58,1184.3036606018575,1080.4964390992923,1.0509934789251516
2025-07-15,5,59,1184.4451259117861,1171.1906532211008,1.1273397411965798
2025-07-15,5,60,1169.9385910152682,1255.6035129084166,1.2643574938707287
2025-07-15,5,61,1206.7341602299807,1302.6994144967855,1.2317149183438718
2025-07-15,5,62,1184.5632876196612,1352.8135469485949,1.0567463715819612
2025-07-15,5,63,1131.4896324807319,1401.5507099017304,0.996537084719108
2025-07-15,5,64,1147.5362172358023,1403.0998417081385,1.11104636985019
2025-07-15,5,65,1153.4457207833877,1409.0966706862835,0.8936667197865229
2025-07-15,5,66,1167.2806640665237,1415.4176268260653,0.5136109020078037
2025-07-15,5,67,1212.0239342510315,1368.2483264294794,0.5085514537460485
2025-07-15,5,68,1190.3794953625434,1334.5943900069644,0.553179008010399
2025-07-15,5,69,1183.0482514978148,1310.8161164176329,0.5245456587417194
2025-07-15,5,70,1225.9192932428589,1245.6439769107465,0.552149092150387
2025-07-15,5,71,1199.8587625265766,1226.4720086768978,0.568317961208946
2025-07-15,5,72,1127.8282982047551,1269.0297264489282,0.5343782251818044
2025-07-15,5,73,1126.1995630423212,1289.7358454568293,0.5399988150514079
2025-07-15,5,74,1156.0492651487314,1291.9954797064713,0.5751904604491576
2025-07-15,5,75,1146.4851098068195,1264.0134613820555,0.5428653892749367
2025-07-15,5,76,1116.28721325022,1185.1998799111293,0.5430648723388406
2025-07-15,5,77,1124.7287694525069,1145.778306684901,0.7270861267875867
2025-07-15,5,78,1178.6537202116624,1192.858772021845,0.978929002308958
2025-07-15,5,79,1198.1392955637964,1286.6359168980628,0.9176096820615693
2025-07-15,5,80,1175.7024643507023,1320.6487052067455,0.8481584452248
2025-07-15,5,81,1170.0898490522843,1300.2480542241033,0.8886289496058221
2025-07-15,5,82,1195.8634174950034,1316.3766475319444,0.909129607644642
2025-07-15,5,83,1226.0556219057662,1336.420592190447,1.0228992522694687
2025-07-15,5,84,1221.8943395011574,1328.3461969922807,1.1786691944072476
2025-07-15,5,85,1210.3953044220093,1287.491870187222,1.1935026773907065
2025-07-15,5,86,1201.3311307998954,1228.87066422487,1.1426754549471594
2025-07-15,5,87,1198.2258129062468,1186.0498918572603,1.1950687787392322
2025-07-15,5,88,1194.8324480488434,1177.2175610257118,1.2803079460922377
2025-07-15,5,89,1219.2065167268056,1119.0291697614427,1.0925543872719965
2025-07-15,5,90,1279.2983708453762,1035.2017293607296,0.7633222197183784
2025-07-15,5,91,1299.69828833581,1016.2927441206666,0.7894315776725882
2025-07-15,5,92,1257.457091230583,966.267864636343,0.8059083906960244
2025-07-15,5,93,1207.7204364362033,863.0311038935845,0.7710795340775625
2025-07-15,5,94,1240.1551999612066,799.2264262628457,0.845273535870874
2025-07-15,5,95,1277.6909328469487,774.3908162300165,0.8751287762392993
2025-07-15,5,96,1260.3020631068773,755.7294358405272,0.8408763276051242
2025-07-15,5,97,1294.3412647061095,710.0474570384656,0.8766935545078803
2025-07-15,5,98,1320.466640159025,631.924323173062,0.9060925468612288
2025-07-15,5,99,1306.2375743359828,562.001050142163,0.974778496214619
2025-07-15,5,100,1266.3759384501711,543.2592998972684,1.01092801651427
2025-07-15,5,101,1251.5831170424321,513.4433426188878,0.9746663532336024
2025-07-15,5,102,1242.6635280417538,454.8371393728474,0.9426075007422577
2025-07-15,5,103,1258.8101685395309,408.98126809234,0.9958049251798976
2025-07-15,5,104,1251.0413418373394,382.07768305263977,1.0795879429597337
2025-07-15,5,105,1242.8232056519053,350.8819513500332,1.0931580329771593
2025-07-15,5,106,1280.6289186856739,289.0674195228621,1.1181478893054602
2025-07-15,5,107,1188.1011829275549,227.98541631963704,1.2171162445248838
2025-07-15,5,108,978.1107239453036,184.63120416905628,1.2980881811875198
2025-07-15,5,109,971.6037648604265,150.94057443504303,1.3155835744407944
2025-07-15,5,110,1074.7125940883334,121.42295252753972,1.3785062484137738
2025-07-15,5,111,1117.9116504622732,89.59626812204898,1.417781207172832
2025-07-15,5,112,1051.2384483722162,52.005493024170235,1.4513792406758501
2025-07-15,5,113,1006.4848481360083,19.762775017589377,1.4858042901846071
2025-07-15,5,114,1018.1161797948386,0.46249999999999997,1.6491169871710143
2025-07-15,5,115,1024.698764374346,0.0,1.7330679086477996
2025-07-15,5,116,1018.1805109017719,1.047441949843293,1.6753535855086932
2025-07-15,5,117,931.4284321521922,0.0,1.591641874195362
2025-07-15,5,118,984.2158221600797,0.0,1.673982454205483
2025-07-15,5,119,1022.2635729696772,0.0509,1.6781279240429114
2025-07-15,5,120,1060.3134205100614,0.0,1.6704309919922897
2025-07-15,5,121,1020.1666232984459,0.0,1.7176190804366356
2025-07-15,5,122,1029.2975984391755,0.0036499999999999996,1.7092519752385416
2025-07-15,5,123,1044.352565043663,0.0,1.6474578475840924
2025-07-15,5,124,1011.3502075739169,0.0,1.7306082956779494
2025-07-15,5,125,984.2243264636005,0.0002666666666666667,1.5303672043677756
2025-07-15,5,126,1023.8117256176246,0.0,1.168921176384032
2025-07-15,5,127,1030.3445695241026,0.0,1.117167424320804
2025-07-15,5,128,1043.7260169260462,0.0,1.1204569322573346
2025-07-15,5,129,1042.0717065655294,0.0,1.1229263432399066
2025-07-15,5,130,1087.4118032524248,0.0,1.1326849597650201
2025-07-15,5,131,981.3590629274423,0.0,0.9202077198803903
2025-07-15,5,132,849.822578408178,0.0,0.5699267484470829
2025-07-15,5,133,780.1482383755498,0.0,0.5164564263310685
2025-07-15,5,134,793.9297920348178,0.0,0.5277785978094172
2025-07-15,5,135,813.8805224849278,0.0,0.5270165509766247
2025-07-15,5,136,826.2962589676172,0.0,0.5620840520137401
2025-07-15,5,137,777.6156682147268,0.0,0.5325522343722822
2025-07-15,5,138,704.5286344706066,0.0,0.47585363104485706
2025-07-15,5,139,807.7061202673137,0.0,0.5232029449436979
2025-07-15,5,140,827.3988499435935,0.0,0.5754258897177958
2025-07-15,5,141,781.0692028005221,0.0,0.536128997087375
2025-07-15,5,142,752.0515376840737,0.0,0.4579362118080584
2025-07-15,5,143,780.5507075383179,0.0,0.46358073048653353
2025-07-15,5,144,810.9720051812482,0.0,0.5227131128547295
2025-07-15,6,1,835.1129334133677,0.0,0.54453500593312
2025-07-15,6,2,850.5874317351926,0.0,0.5319349660908601
2025-07-15,6,3,859.6067912151887,0.0,0.5549887181959356
2025-07-15,6,4,804.9322972773009,0.0,0.5541008890777456
2025-07-15,6,5,776.7396390721835,0.0,0.5231930630866882
2025-07-15,6,6,738.3061229232184,0.0,0.511992033653061
2025-07-15,6,7,773.9367127172021,0.0,0.5571054846400736
2025-07-15,6,8,773.573093739013,0.0,0.5380860721468237
2025-07-15,6,9,807.5504988031719,0.0,0.49233735541973284
2025-07-15,6,10,855.9314069527045,0.0,0.5512179883365999
2025-07-15,6,11,817.2456710653588,0.0,0.5652814047896851
2025-07-15,6,12,748.06707491686,0.0,0.4999054483278511
2025-07-15,6,13,772.9578207484429,0.0,0.514635295110832
2025-07-15,6,14,796.663453039366,0.0,0.5684233343982324
2025-07-15,6,15,821.0276209461518,0.0,0.5884609902361939
2025-07-15,6,16,813.0082577269109,0.0,0.5234519393110612
2025-07-15,6,17,786.9785703174447,0.0,0.49058463987734624
2025-07-15,6,18,774.0475132247557,0.0,0.5181322137516976
2025-07-15,6,19,749.0162042418204,0.0,0.5284772294134955
2025-07-15,6,20,748.94900695367,0.0,0.5323560819106808
2025-07-15,6,21,723.6310795919279,0.0,0.5322945255841439
2025-07-15,6,22,765.745617073533,0.0,0.4656630438113645
2025-07-15,6,23,770.6391366179288,0.0,0.4574675012125607
2025-07-15,6,24,737.3628459103611,0.0,0.5393935006247981
2025-07-15,6,25,743.8182267721259,0.0,0.4952326765547548
2025-07-15,6,26,721.9593484055038,0.0,0.44634503806262654
2025-07-15,6,27,676.9763436707631,0.0,0.455068126659508
2025-07-15,6,28,677.8671920866593,0.0,0.46560239976207207
2025-07-15,6,29,718.7429496619255,0.0,0.5176120508213453
2025-07-15,6,30,774.1582077557832,0.0,0.5225925141165365
2025-07-15,6,31,705.7705617253579,14.568335839439495,0.46770535680090736
2025-07-15,6,32,657.6701827312795,46.15844347999692,0.45389454806089397
2025-07-15,6,33,694.2623014544229,76.39719724202878,0.4463398666100584
2025-07-15,6,34,730.3943732564983,119.36838007216859,0.34070842601529816
2025-07-15,6,35,794.6725901805248,163.6452131262533,0.5521329102221623
2025-07-15,6,36,929.8851910776317,208.83891781816095,0.9412600012844846
2025-07-15,6,37,885.275866136914,251.45647233638005,0.9352837119348749
2025-07-15,6,38,835.4844390795538,285.8718694684526,0.8530855183040922
2025-07-15,6,39,858.9829982068535,341.18851255790156,0.8606896274439217
2025-07-15,6,40,846.7047234762323,380.9026553824031,0.7862911340692332
2025-07-15,6,41,827.969232533288,418.56837260965506,0.7768317074379418
2025-07-15,6,42,817.2619876681083,435.4883304071749,0.8311297634161113
2025-07-15,6,43,854.7779190339432,480.14300657618253,0.818121980612399
2025-07-15,6,44,887.2531666590014,516.4470394778251,0.8329747594111692
2025-07-15,6,45,885.5543358465072,519.9513467846734,0.825317315382273
2025-07-15,6,46,911.6560471292462,528.2655593827217,0.7804071263708482
2025-07-15,6,47,985.5582306608818,505.09518185782156,0.9626974979196324
2025-07-15,6,48,1206.643824193643,551.8235565277805,1.2661036611808767
2025-07-15,6,49,1201.2040938844636,652.4173573820194,1.3086505721413733
2025-07-15,6,50,1166.7958164662502,724.756168384313,1.251970723009397
2025-07-15,6,51,1137.6039189890757,768.0405063169462,1.1735556114414436
2025-07-15,6,52,1080.0322864637383,841.8480665559284,1.0640283400090595
2025-07-15,6,53,1041.9252765374622,864.2529381374253,1.0261125734619054
2025-07-15,6,54,1096.2682449009194,849.3768207646018,1.0964271632648888
2025-07-15,6,55,1169.197618272255,855.1741549593177,1.1504044718001174
2025-07-15,6,56,1210.6029174522328,920.8102162971732,1.1341476823236116
2025-07-15,6,57,1164.391513776292,952.5575989866545,1.0684042495783221
2025-07-15,6,58,1140.537628541711,949.6221268496492,0.9589848261175169
2025-07-15,6,59,1119.234229009955,993.0251592767943,1.0561275991881238
2025-07-15,6,60,1122.8185585791098,1042.7517310274714,1.279293516832401
2025-07-15,6,61,1155.3072465037783,1063.1470085716876,1.3463138758024018
2025-07-15,6,62,1157.4149624143074,1061.3484243823475,1.248070025206936
2025-07-15,6,63,1146.394476463407,1099.953675274586,1.1892091821935455
2025-07-15,6,64,1120.1471324949234,1130.541012125154,1.2153116869550755
2025-07-15,6,65,1127.239015758756,1137.677387855277,0.9921738007235993
2025-07-15,6,66,1165.948047379063,1176.9395077581298,0.6807339775859216
2025-07-15,6,67,1195.2280234960851,1189.7488654949618,0.6765980498594342
2025-07-15,6,68,1161.9964472283993,1225.522231266639,0.6901008905665905
2025-07-15,6,69,1149.8587984940111,1247.873965291957,0.6029064890680185
2025-07-15,6,70,1193.5588814747214,1220.737200412052,0.5995158329097076
2025-07-15,6,71,1173.2295831409315,1197.004032329013,0.6052899980872228
2025-07-15,6,72,1128.8391111474023,1246.4958412936517,0.5655750505498484
2025-07-15,6,73,1151.6664539336982,1342.78258351702,0.5142857994244554
2025-07-15,6,74,1168.3123624643301,1404.863741479252,0.5100728002040478
2025-07-15,6,75,1145.9481300456473,1363.1803184732269,0.5065000391238665
2025-07-15,6,76,1125.2566517722244,1320.4574271337121,0.4842528720098024
2025-07-15,6,77,1103.1997239940058,1297.5868275804464,0.6158745918625526
2025-07-15,6,78,1130.6961721736413,1308.892522602058,0.8399375143801576
2025-07-15,6,79,1150.7675942521903,1308.181805085759,0.8838099688120138
2025-07-15,6,80,1160.7995595342932,1244.4793994409847,0.9167320095535747
2025-07-15,6,81,1183.7619485996174,1228.524844729865,0.9725597959896071
2025-07-15,6,82,1206.7351452983519,1192.8889977439112,0.9725861848382843
2025-07-15,6,83,1226.1934848836681,1137.8625817280533,1.1230828937771935
2025-07-15,6,84,1229.3518167438228,1008.4711627940633,1.394449894325773
2025-07-15,6,85,1266.6268577509916,1019.4779088929904,1.4857043786148054
2025-07-15,6,86,1267.9597952883494,985.9563194274419,1.4046983230738554
2025-07-15,6,87,1233.8990405441377,887.474566205594,1.3872447472199203
2025-07-15,6,88,1212.038062910489,857.4382583852723,1.481277768138364
2025-07-15,6,89,1205.2652145792217,840.7222397541561,1.2491976772836184
2025-07-15,6,90,1217.8569185916094,779.0506937515647,0.8339944926460523
2025-07-15,6,91,1235.429222340666,764.5809648145353,0.8627565645280619
2025-07-15,6,92,1239.4140097765805,768.7421208384629,0.934098426857967
2025-07-15,6,93,1247.7987000145229,725.2069231995056,0.8736083837374308
2025-07-15,6,94,1246.2977380078776,728.8350865903052,0.8887601428416717
2025-07-15,6,95,1253.2764441748745,718.042000433505,0.8843270155432239
2025-07-15,6,96,1202.594185759912,658.3538554731626,0.8408905934868803
2025-07-15,6,97,1216.8219111944843,646.3932792804611,0.8350944545035711
2025-07-15,6,98,1231.8034511159678,595.454776454904,0.8722553145013651
2025-07-15,6,99,1232.8996492103315,568.4579162533694,0.9605393997107599
2025-07-15,6,100,1248.1257406107172,520.7213275697451,0.9881753177909429
2025-07-15,6,101,1271.7357855562657,448.9947893156455,0.9633983510176292
2025-07-15,6,102,1277.6431856292631,415.3611256815334,0.9854139856533501
2025-07-15,6,103,1306.4720038891587,409.2418126513852,1.0520200318761834
2025-07-15,6,104,1284.5339586470293,359.4563285014527,1.0892115247927252
2025-07-15,6,105,1270.3036000103314,284.9377781574965,1.0733601788262013
2025-07-15,6,106,1328.9866406288072,252.5054518868086,1.134615233850523
2025-07-15,6,107,1241.010679010021,218.94747163964792,1.2913222429831401
2025-07-15,6,108,1057.3264393657391,162.92387921096363,1.4043442209797272
2025-07-15,6,109,1002.0979973236211,129.70926086965008,1.3671539152525136
2025-07-15,6,110,977.5141266724879,94.19505635973523,1.3534220106653236
2025-07-15,6,111,1011.543844296524,57.85058147064474,1.3966441167674126
2025-07-15,6,112,1115.1218046717108,35.06207877108791,1.525162576762538
2025-07-15,6,113,1094.5651068540164,6.073657239973233,1.6196662857682917
2025-07-15,6,114,1014.4046341584337,0.0,1.6972073505995553
2025-07-15,6,115,983.9972219134426,0.0,1.5695579580589303
2025-07-15,6,116,994.0716245531065,0.0,1.5721979315678192
2025-07-15,6,117,941.9424955500865,0.0,1.717595277027785
2025-07-15,6,118,986.4935537713188,0.0,1.7582197756793845
2025-07-15,6,119,997.9207578620782,0.0,1.7080124151754321
2025-07-15,6,120,1009.2039197131003,0.0,1.677945126357079
2025-07-15,6,121,980.6386142670551,0.0,1.6130089558869745
2025-07-15,6,122,1006.9410269284747,0.0,1.5948237572119246
2025-07-15,6,123,1066.9367557491312,0.0,1.660756286143581
2025-07-15,6,124,1072.4410878469648,0.0,1.845015833458269
2025-07-15,6,125,1003.6093118241081,0.0,1.5418067525660728
2025-07-15,6,126,965.210967184831,0.0,1.0199411127059677
2025-07-15,6,127,1065.5991918545124,0.0,1.0656075144687578
2025-07-15,6,128,1102.5219034652332,0.0,1.214626801830099
2025-07-15,6,129,1071.8429808064323,0.0,1.2038654858915443
2025-07-15,6,130,1084.8178790125066,0.0,1.1925330536307335
2025-07-15,6,131,931.3623234481919,0.0,0.9363875426754467
2025-07-15,6,132,785.4958443045081,0.0,0.5431871917555983
2025-07-15,6,133,819.0003245607273,0.0,0.49293483030620955
2025-07-15,6,134,858.9804785278998,0.0,0.5756386196148816
2025-07-15,6,135,787.1268702813476,0.0,0.6113305125763226
2025-07-15,6,136,774.2603532457906,0.0,0.562220696164483
2025-07-15,6,137,787.4413594489996,0.0,0.5327803810512605
2025-07-15,6,138,772.9034645497003,0.0,0.5617554890767218
2025-07-15,6,139,822.6670962470126,0.0,0.5800129193961394
2025-07-15,6,140,801.714191238579,0.0,0.5514070562374853
2025-07-15,6,141,803.6960384265839,0.0,0.5083947377600159
2025-07-15,6,142,759.3020999862118,0.0,0.5490381264615878
2025-07-15,6,143,739.6774473003184,0.0,0.52261601785453
2025-07-15,6,144,750.0644027659291,0.0,0.44544115335151685
2025-07-15,7,1,835.1129334133677,0.0,0.54453500593312
2025-07-15,7,2,850.5874317351926,0.0,0.5319349660908601
2025-07-15,7,3,859.6067912151887,0.0,0.5549887181959356
2025-07-15,7,4,804.9322972773009,0.0,0.5541008890777456
2025-07-15,7,5,776.7396390721835,0.0,0.5231930630866882
2025-07-15,7,6,738.3061229232184,0.0,0.511992033653061
2025-07-15,7,7,773.9367127172021,0.0,0.5571054846400736
2025-07-15,7,8,773.573093739013,0.0,0.5380860721468237
2025-07-15,7,9,807.5504988031719,0.0,0.49233735541973284
2025-07-15,7,10,855.9314069527045,0.0,0.5512179883365999
2025-07-15,7,11,817.2456710653588,0.0,0.5652814047896851
2025-07-15,7,12,748.06707491686,0.0,0.4999054483278511
2025-07-15,7,13,772.9578207484429,0.0,0.514635295110832
2025-07-15,7,14,796.663453039366,0.0,0.5684233343982324
2025-07-15,7,15,821.0276209461518,0.0,0.5884609902361939
2025-07-15,7,16,813.0082577269109,0.0,0.5234519393110612
2025-07-15,7,17,786.9785703174447,0.0,0.49058463987734624
2025-07-15,7,18,774.0475132247557,0.0,0.5181322137516976
2025-07-15,7,19,749.0162042418204,0.0,0.5284772294134955
2025-07-15,7,20,748.94900695367,0.0,0.5323560819106808
2025-07-15,7,21,723.6310795919279,0.0,0.5322945255841439
2025-07-15,7,22,765.745617073533,0.0,0.4656630438113645
2025-07-15,7,23,770.6391366179288,0.0,0.4574675012125607
2025-07-15,7,24,737.3628459103611,0.0,0.5393935006247981
2025-07-15,7,25,743.8182267721259,0.0,0.4952326765547548
2025-07-15,7,26,721.9593484055038,0.0,0.44634503806262654
2025-07-15,7,27,676.9763436707631,0.0,0.455068126659508
2025-07-15,7,28,677.8671920866593,0.0,0.46560239976207207
2025-07-15,7,29,718.7429496619255,0.0,0.5176120508213453
2025-07-15,7,30,774.1582077557832,0.0,0.5225925141165365
2025-07-15,7,31,705.7705617253579,14.568335839439495,0.46770535680090736
2025-07-15,7,32,657.6701827312795,46.15844347999692,0.45389454806089397
2025-07-15,7,33,694.2623014544229,76.39719724202878,0.4463398666100584
2025-07-15,7,34,730.3943732564983,119.36838007216859,0.34070842601529816
2025-07-15,7,35,794.6725901805248,163.6452131262533,0.5521329102221623
2025-07-15,7,36,929.8851910776317,208.83891781816095,0.9412600012844846
2025-07-15,7,37,885.275866136914,251.45647233638005,0.9352837119348749
2025-07-15,7,38,835.4844390795538,285.8718694684526,0.8530855183040922
2025-07-15,7,39,858.9829982068535,341.18851255790156,0.8606896274439217
2025-07-15,7,40,846.7047234762323,380.9026553824031,0.7862911340692332
2025-07-15,7,41,827.969232533288,418.56837260965506,0.7768317074379418
2025-07-15,7,42,817.2619876681083,435.4883304071749,0.8311297634161113
2025-07-15,7,43,854.7779190339432,480.14300657618253,0.818121980612399
2025-07-15,7,44,887.2531666590014,516.4470394778251,0.8329747594111692
2025-07-15,7,45,885.5543358465072,519.9513467846734,0.825317315382273
2025-07-15,7,46,911.6560471292462,528.2655593827217,0.7804071263708482
2025-07-15,7,47,985.5582306608818,505.09518185782156,0.9626974979196324
2025-07-15,7,48,1206.643824193643,551.8235565277805,1.2661036611808767
2025-07-15,7,49,1201.2040938844636,652.4173573820194,1.3086505721413733
2025-07-15,7,50,1166.7958164662502,724.756168384313,1.251970723009397
2025-07-15,7,51,1137.6039189890757,768.0405063169462,1.1735556114414436
2025-07-15,7,52,1080.0322864637383,841.8480665559284,1.0640283400090595
2025-07-15,7,53,1041.9252765374622,864.2529381374253,1.0261125734619054
2025-07-15,7,54,1096.2682449009194,849.3768207646018,1.0964271632648888
2025-07-15,7,55,1169.197618272255,855.1741549593177,1.1504044718001174
2025-07-15,7,56,1210.6029174522328,920.8102162971732,1.1341476823236116
2025-07-15,7,57,1164.391513776292,952.5575989866545,1.0684042495783221
2025-07-15,7,58,1140.537628541711,949.6221268496492,0.9589848261175169
2025-07-15,7,59,1119.234229009955,993.0251592767943,1.0561275991881238
2025-07-15,7,60,1122.8185585791098,1042.7517310274714,1.279293516832401
2025-07-15,7,61,1155.3072465037783,1063.1470085716876,1.3463138758024018
2025-07-15,7,62,1157.4149624143074,1061.3484243823475,1.248070025206936
2025-07-15,7,63,1146.394476463407,1099.953675274586,1.1892091821935455
2025-07-15,7,64,1120.1471324949234,1130.541012125154,1.2153116869550755
2025-07-15,7,65,1127.239015758756,1137.677387855277,0.9921738007235993
2025-07-15,7,66,1165.948047379063,1176.9395077581298,0.6807339775859216
2025-07-15,7,67,1195.2280234960851,1189.7488654949618,0.6765980498594342
2025-07-15,7,68,1161.9964472283993,1225.522231266639,0.6901008905665905
2025-07-15,7,69,1149.8587984940111,1247.873965291957,0.6029064890680185
2025-07-15,7,70,1193.5588814747214,1220.737200412052,0.5995158329097076
2025-07-15,7,71,1173.2295831409315,1197.004032329013,0.6052899980872228
2025-07-15,7,72,1128.8391111474023,1246.4958412936517,0.5655750505498484
2025-07-15,7,73,1151.6664539336982,1342.78258351702,0.5142857994244554
2025-07-15,7,74,1168.3123624643301,1404.863741479252,0.5100728002040478
2025-07-15,7,75,1145.9481300456473,1363.1803184732269,0.5065000391238665
2025-07-15,7,76,1125.2566517722244,1320.4574271337121,0.4842528720098024
2025-07-15,7,77,1103.1997239940058,1297.5868275804464,0.6158745918625526
2025-07-15,7,78,1130.6961721736413,1308.892522602058,0.8399375143801576
2025-07-15,7,79,1150.7675942521903,1308.181805085759,0.8838099688120138
2025-07-15,7,80,1160.7995595342932,1244.4793994409847,0.9167320095535747
2025-07-15,7,81,1183.7619485996174,1228.524844729865,0.9725597959896071
2025-07-15,7,82,1206.7351452983519,1192.8889977439112,0.9725861848382843
2025-07-15,7,83,1226.1934848836681,1137.8625817280533,1.1230828937771935
2025-07-15,7,84,1229.3518167438228,1008.4711627940633,1.394449894325773
2025-07-15,7,85,1266.6268577509916,1019.4779088929904,1.4857043786148054
2025-07-15,7,86,1267.9597952883494,985.9563194274419,1.4046983230738554
2025-07-15,7,87,1233.8990405441377,887.474566205594,1.3872447472199203
2025-07-15,7,88,1212.038062910489,857.4382583852723,1.481277768138364
2025-07-15,7,89,1205.2652145792217,840.7222397541561,1.2491976772836184
2025-07-15,7,90,1217.8569185916094,779.0506937515647,0.8339944926460523
2025-07-15,7,91,1235.429222340666,764.5809648145353,0.8627565645280619
2025-07-15,7,92,1239.4140097765805,768.7421208384629,0.934098426857967
2025-07-15,7,93,1247.7987000145229,725.2069231995056,0.8736083837374308
2025-07-15,7,94,1246.2977380078776,728.8350865903052,0.8887601428416717
2025-07-15,7,95,1253.2764441748745,718.042000433505,0.8843270155432239
2025-07-15,7,96,1202.594185759912,658.3538554731626,0.8408905934868803
2025-07-15,7,97,1216.8219111944843,646.3932792804611,0.8350944545035711
2025-07-15,7,98,1231.8034511159678,595.454776454904,0.8722553145013651
2025-07-15,7,99,1232.8996492103315,568.4579162533694,0.9605393997107599
2025-07-15,7,100,1248.1257406107172,520.7213275697451,0.9881753177909429
2025-07-15,7,101,1271.7357855562657,448.9947893156455,0.9633983510176292
2025-07-15,7,102,1277.6431856292631,415.3611256815334,0.9854139856533501
2025-07-15,7,103,1306.4720038891587,409.2418126513852,1.0520200318761834
2025-07-15,7,104,1284.5339586470293,359.4563285014527,1.0892115247927252
2025-07-15,7,105,1270.3036000103314,284.9377781574965,1.0733601788262013
2025-07-15,7,106,1328.9866406288072,252.5054518868086,1.134615233850523
2025-07-15,7,107,1241.010679010021,218.94747163964792,1.2913222429831401
2025-07-15,7,108,1057.3264393657391,162.92387921096363,1.4043442209797272
2025-07-15,7,109,1002.0979973236211,129.70926086965008,1.3671539152525136
2025-07-15,7,110,977.5141266724879,94.19505635973523,1.3534220106653236
2025-07-15,7,111,1011.543844296524,57.85058147064474,1.3966441167674126
2025-07-15,7,112,1115.1218046717108,35.06207877108791,1.525162576762538
2025-07-15,7,113,1094.5651068540164,6.073657239973233,1.6196662857682917
2025-07-15,7,114,1014.4046341584337,0.0,1.6972073505995553
2025-07-15,7,115,983.9972219134426,0.0,1.5695579580589303
2025-07-15,7,116,994.0716245531065,0.0,1.5721979315678192
2025-07-15,7,117,941.9424955500865,0.0,1.717595277027785
2025-07-15,7,118,986.4935537713188,0.0,1.7582197756793845
2025-07-15,7,119,997.9207578620782,0.0,1.7080124151754321
2025-07-15,7,120,1009.2039197131003,0.0,1.677945126357079
2025-07-15,7,121,980.6386142670551,0.0,1.6130089558869745
2025-07-15,7,122,1006.9410269284747,0.0,1.5948237572119246
2025-07-15,7,123,1066.9367557491312,0.0,1.660756286143581
2025-07-15,7,124,1072.4410878469648,0.0,1.845015833458269
2025-07-15,7,125,1003.6093118241081,0.0,1.5418067525660728
2025-07-15,7,126,965.210967184831,0.0,1.0199411127059677
2025-07-15,7,127,1065.5991918545124,0.0,1.0656075144687578
2025-07-15,7,128,1102.5219034652332,0.0,1.214626801830099
2025-07-15,7,129,1071.8429808064323,0.0,1.2038654858915443
2025-07-15,7,130,1084.8178790125066,0.0,1.1925330536307335
2025-07-15,7,131,931.3623234481919,0.0,0.9363875426754467
2025-07-15,7,132,785.4958443045081,0.0,0.5431871917555983
2025-07-15,7,133,819.0003245607273,0.0,0.49293483030620955
2025-07-15,7,134,858.9804785278998,0.0,0.5756386196148816
2025-07-15,7,135,787.1268702813476,0.0,0.6113305125763226
2025-07-15,7,136,774.2603532457906,0.0,0.562220696164483
2025-07-15,7,137,787.4413594489996,0.0,0.5327803810512605
2025-07-15,7,138,772.9034645497003,0.0,0.5617554890767218
2025-07-15,7,139,822.6670962470126,0.0,0.5800129193961394
2025-07-15,7,140,801.714191238579,0.0,0.5514070562374853
2025-07-15,7,141,803.6960384265839,0.0,0.5083947377600159
2025-07-15,7,142,759.3020999862118,0.0,0.5490381264615878
2025-07-15,7,143,739.6774473003184,0.0,0.52261601785453
2025-07-15,7,144,750.0644027659291,0.0,0.44544115335151685
2025-07-15,8,1,819.3728322916382,0.0,0.5635052481199954
2025-07-15,8,2,831.7348454640246,0.0,0.5516453917704798
2025-07-15,8,3,814.8450861967311,0.0,0.49695522497440314
2025-07-15,8,4,805.5182627177584,0.0,0.4728954215674166
2025-07-15,8,5,803.308526282617,0.0,0.539889786151881
2025-07-15,8,6,758.765724508599,0.0,0.6098035027744685
2025-07-15,8,7,801.655280836243,0.0,0.6428803409843122
2025-07-15,8,8,819.3422342020505,0.0,0.5898860721468238
2025-07-15,8,9,782.3535323430739,0.0,0.520305912436093
2025-07-15,8,10,806.2861655767989,0.0,0.5712901965557431
2025-07-15,8,11,812.9280865743318,0.0,0.6060544823428243
2025-07-15,8,12,778.6021305650518,0.0,0.5234267949229546
2025-07-15,8,13,726.7510698549344,0.0,0.4892492323864568
2025-07-15,8,14,716.295115370503,0.0,0.4826271204841768
2025-07-15,8,15,755.8667271809784,0.0,0.4899294937550773
2025-07-15,8,16,745.0569048821732,0.0,0.48722020302600993
2025-07-15,8,17,773.0463469836243,0.0,0.5106682031781479
2025-07-15,8,18,785.4122187581908,0.0,0.5421650598080242
2025-07-15,8,19,800.1565509004098,0.00019999999999999998,0.5621689368730413
2025-07-15,8,20,806.2184144041039,0.0,0.5490594509070988
2025-07-15,8,21,776.7279916034272,0.0,0.5593654097407393
2025-07-15,8,22,800.5986345003354,0.0027333333333333333,0.5559932036687714
2025-07-15,8,23,774.4610015530021,0.0,0.4838675012125608
2025-07-15,8,24,744.3468643667953,0.0,0.43669350062479795
2025-07-15,8,25,735.8168948900003,0.03808333333333333,0.43718767535018793
2025-07-15,8,26,739.1176045829801,0.0,0.45524212302784317
2025-07-15,8,27,729.8690538051987,0.0,0.4624681266595081
2025-07-15,8,28,722.3067671529775,0.8498483112144354,0.4654095172275592
2025-07-15,8,29,720.5447554638739,0.0,0.47891736941855223
2025-07-15,8,30,725.2826972428682,0.0,0.482195550597555
2025-07-15,8,31,742.3193782881194,16.10089585720494,0.4595053568009074
2025-07-15,8,32,752.8028380988022,43.49960159303521,0.4522808424252747
2025-07-15,8,33,711.4839513244704,78.38274501642015,0.4238517398897737
2025-07-15,8,34,690.9303002278024,118.78939666332303,0.34081649290234156
2025-07-15,8,35,787.6735157027913,163.22773535511615,0.5783274427118332
2025-07-15,8,36,914.4587251922072,209.87391028467172,0.9178827145770786
2025-07-15,8,37,885.5777976950384,255.67767241695827,0.950083711934875
2025-07-15,8,38,808.3193565379172,295.5005936787455,0.820744394088149
2025-07-15,8,39,839.1529763951564,330.88990013641995,0.8101534369753525
2025-07-15,8,40,900.7187579042564,371.5592123181758,0.8356911340692332
2025-07-15,8,41,882.3316562473323,429.11360334923336,0.8575171447352885
2025-07-15,8,42,875.3239554342385,497.534084059502,0.8523823600669784
2025-07-15,8,43,879.9880738902784,558.6869733515678,0.7348299251459618
2025-07-15,8,44,903.3568299353227,617.3080834320721,0.6904910924665479
2025-07-15,8,45,920.3998372190546,669.4339059432527,0.6842141993125329
2025-07-15,8,46,972.199772212125,702.7992589783274,0.6632993827693757
2025-07-15,8,47,988.2703504479508,731.6986752813064,0.8477327303640249
2025-07-15,8,48,1132.8267376848294,751.9632740823641,1.163676669064315
2025-07-15,8,49,1141.4623071957285,754.1634569258879,1.236741295104241
2025-07-15,8,50,1074.5403806151476,806.9828431857519,1.1442616007636104
2025-07-15,8,51,1040.4966932888558,908.734246783101,1.0321556114414436
2025-07-15,8,52,1054.5833659026437,987.3412235346563,1.0261623511326898
2025-07-15,8,53,1119.4471158887895,1030.8906916783972,1.091419640631649
2025-07-15,8,54,1182.4454776907528,1038.154667600199,1.1108951826363234
2025-07-15,8,55,1209.2050020634026,1022.5191577027382,1.118793739304847
2025-07-15,8,56,1219.1930088224562,1069.0357897595095,1.0357058779413868
2025-07-15,8,57,1204.5127094124052,1152.956537537718,0.9538377926544742
2025-07-15,8,58,1194.2587984842994,1164.0824854590553,0.985784826117517
2025-07-15,8,59,1188.9980248476359,1162.8529463542648,1.094340462116819
2025-07-15,8,60,1184.8129979911648,1190.7954765616867,1.2121339520879022
2025-07-15,8,61,1211.9240941378603,1226.962772674147,1.2466767488701413
2025-07-15,8,62,1244.4484489670026,1252.3063053091062,1.196007909611784
2025-07-15,8,63,1225.2717157261288,1272.4546574779515,1.1556422885671165
2025-07-15,8,64,1150.7309805881866,1300.014576560053,1.2155116869550755
2025-07-15,8,65,1154.2122617541852,1285.6812687596562,0.9759372138962523
2025-07-15,8,66,1226.6138845624296,1270.5299226461939,0.5768316237460188
2025-07-15,8,67,1198.8122299120805,1352.1248198039593,0.4906113655199752
2025-07-15,8,68,1139.8706049379691,1427.4081969762967,0.5272705710299608
2025-07-15,8,69,1170.9514648275451,1442.5924893952078,0.5542726788210357
2025-07-15,8,70,1197.538680002172,1437.7148041901944,0.5068865565738729
2025-07-15,8,71,1149.9479809833635,1430.5036172376942,0.5299377750584107
2025-07-15,8,72,1094.1015005981435,1425.447586612091,0.5085353288316928
2025-07-15,8,73,1159.4484754828425,1421.9411164656347,0.5054857994244553
2025-07-15,8,74,1163.660047517299,1428.1602004146503,0.47886442193797213
2025-07-15,8,75,1084.8039008190556,1403.2978391301533,0.4418235441376303
2025-07-15,8,76,1073.5573454085559,1308.619151453298,0.4825926563053284
2025-07-15,8,77,1113.4684353841938,1312.7301699446605,0.7099682706824731
2025-07-15,8,78,1193.1836098191889,1380.2359142068221,0.9668348207774645
2025-07-15,8,79,1198.9346252567311,1308.0780809629425,0.9296315017046521
2025-07-15,8,80,1199.4813917737567,1236.731419222973,0.9349655000246249
2025-07-15,8,81,1252.1542859086812,1240.6327574672039,0.9994290687513174
2025-07-15,8,82,1258.5014835532882,1244.8629613158403,0.9835992043629738
2025-07-15,8,83,1256.6611810511415,1206.9545932010546,1.069924945382481
2025-07-15,8,84,1238.5767238752255,1171.1598601361682,1.2254127807678816
2025-07-15,8,85,1254.9910752905218,1215.9019079030875,1.2023110745230539
2025-07-15,8,86,1254.7513559909924,1256.2078099539226,1.153803380033413
2025-07-15,8,87,1226.7191184200879,1246.2162464166736,1.2019447472199203
2025-07-15,8,88,1222.926273623482,1214.3575746036488,1.2640570649314433
2025-07-15,8,89,1240.889148412449,1180.871900050043,1.0688934055301924
2025-07-15,8,90,1280.8070459488122,1162.78459571273,0.7342291287285635
2025-07-15,8,91,1280.4430417788255,1154.2973847813123,0.6833565645280619
2025-07-15,8,92,1260.2955012743078,1071.6154591996324,0.7599102633329577
2025-07-15,8,93,1239.956248468227,947.729521378079,0.789068619753592
2025-07-15,8,94,1277.1200274913006,902.1759122093798,0.816867732878125
2025-07-15,8,95,1308.973179248,857.2068346151456,0.8649677330702678
2025-07-15,8,96,1297.57359344453,779.0041968191139,0.9001905934868804
2025-07-15,8,97,1282.5317661650452,715.9387376788933,0.9635275496478352
2025-07-15,8,98,1251.2810738877386,668.9405982010111,0.9223553145013652
2025-07-15,8,99,1259.6252080141956,627.3489492689819,0.938040546540396
2025-07-15,8,100,1316.0516605515206,582.2250208439018,0.9785268818786252
2025-07-15,8,101,1296.0182993487563,530.2162516192097,1.0047983510176293
2025-07-15,8,102,1236.8537985842647,476.43633491830457,0.9865302727802125
2025-07-15,8,103,1291.7567744688427,428.88417589106103,1.0198200318761834
2025-07-15,8,104,1294.8214832115445,378.45049829153476,1.072311524792725
2025-07-15,8,105,1257.9452471191219,323.7693348929664,1.1013601788262013
2025-07-15,8,106,1287.698845818458,272.8705695747088,1.11610927034408
2025-07-15,8,107,1222.0796973979122,223.89050961114302,1.1898907491224833
2025-07-15,8,108,1077.5724256775713,176.9330030666195,1.320881608530428
2025-07-15,8,109,1012.1335694503631,135.69230359692915,1.3059077416217924
2025-07-15,8,110,989.6926257941398,101.54334566058006,1.2682592491372804
2025-07-15,8,111,975.8026375905183,70.85097884910813,1.2591441167674127
2025-07-15,8,112,1013.1357602044172,38.908126289335925,1.415662576762538
2025-07-15,8,113,1051.5535086492428,13.342930444975977,1.5836991786645058
2025-07-15,8,114,1064.0399308115952,0.0,1.7248296439373128
2025-07-15,8,115,980.6094079799575,0.0,1.6967838110310864
2025-07-15,8,116,989.5223875204035,0.7864164232939823,1.6498227413391802
2025-07-15,8,117,997.0512373064602,0.0,1.645223898494359
2025-07-15,8,118,1034.1164236757074,0.0,1.671001289026278
2025-07-15,8,119,1044.1984008406548,0.03248333333333333,1.6811124151754322
2025-07-15,8,120,1055.2768353426736,0.0,1.7279744566652193
2025-07-15,8,121,1015.9674812243595,0.0,1.6736654309115153
2025-07-15,8,122,1036.9369052880074,0.002333333333333333,1.616146921935878
2025-07-15,8,123,1050.934524271809,0.0,1.6196296864918256
2025-07-15,8,124,1015.4013923282057,0.0,1.7200509414938898
2025-07-15,8,125,999.6246307791573,0.00016666666666666666,1.496327916376826
2025-07-15,8,126,1030.3613315536027,0.0,1.0824411127059677
2025-07-15,8,127,1056.6140964324043,0.0,1.0834524123843345
2025-07-15,8,128,1040.5088951526018,0.0,1.1211676494010858
2025-07-15,8,129,1004.414339641697,0.0,1.059541109987583
2025-07-15,8,130,1015.7192436275765,0.0,1.1316692306960807
2025-07-15,8,131,917.8379471598223,0.0,0.9304621928178229
2025-07-15,8,132,791.2765316253746,0.0,0.503217789307865
2025-07-15,8,133,764.8718518541862,0.0,0.4575397870033926
2025-07-15,8,134,791.9281101464302,0.0,0.5475737999630733
2025-07-15,8,135,806.7895292883669,0.0,0.6131204239163295
2025-07-15,8,136,808.6588968551017,0.0,0.5983155296627293
2025-07-15,8,137,804.3731667035539,0.0,0.6028193634693731
2025-07-15,8,138,822.9569396737459,0.0,0.6197399492924383
2025-07-15,8,139,823.4266455242284,0.0,0.5877267383618803
2025-07-15,8,140,806.1502511933859,0.0,0.5633921537503035
2025-07-15,8,141,793.5823074566321,0.0,0.5515127397584126
2025-07-15,8,142,735.4240123567213,0.0,0.5291205043131267
2025-07-15,8,143,777.1337657499139,0.0,0.48106105701159274
2025-07-15,8,144,793.9503814329677,0.0,0.47701700138226855
2025-07-15,9,1,846.2283498866993,0.0,0.6538673844416645
2025-07-15,9,2,869.3992794294692,0.0,0.6327016523721349
2025-07-15,9,3,871.6060250362412,0.0,0.6201376412678171
2025-07-15,9,4,811.2784594102151,0.0,0.6207676906768889
2025-07-15,9,5,798.1843487535016,0.0,0.6102148427210031
2025-07-15,9,6,769.1115490664696,0.0,0.6291058039803167
2025-07-15,9,7,791.1615024169521,0.0,0.6665012603179334
2025-07-15,9,8,797.2321367392167,0.0,0.6459181616271878
2025-07-15,9,9,825.8781177945951,0.0,0.604453378396242
2025-07-15,9,10,788.2993671788969,0.0,0.5588097111265934
2025-07-15,9,11,742.1375660272022,0.0,0.543283309140872
2025-07-15,9,12,759.8407893102622,0.0,0.5593384830051733
2025-07-15,9,13,788.3978304346748,0.0,0.5808846227791706
2025-07-15,9,14,780.1980600530949,0.0,0.6073089372048346
2025-07-15,9,15,765.7751605847941,0.0,0.5802463633604306
2025-07-15,9,16,726.092406743059,0.0,0.531425047240285
2025-07-15,9,17,769.5313222649679,0.0,0.5302624327407071
2025-07-15,9,18,852.0594291038509,0.0,0.5911390280283648
2025-07-15,9,19,809.2161608123705,0.0,0.6061196941517326
2025-07-15,9,20,755.4140292423479,0.0,0.5860606788159295
2025-07-15,9,21,694.5911863727658,0.0,0.6002113443564219
2025-07-15,9,22,691.0551653170174,0.0,0.5443573987034029
2025-07-15,9,23,706.3625150111271,0.0,0.49237304625102774
2025-07-15,9,24,724.0057838613178,0.0,0.5402077868993675
2025-07-15,9,25,744.9140199051925,0.0,0.5873020812168624
2025-07-15,9,26,775.7883681718264,0.0,0.5852288695810741
2025-07-15,9,27,779.6354133854757,0.0,0.5599336554273195
2025-07-15,9,28,729.4378923452285,0.0,0.5913970220239285
2025-07-15,9,29,692.7349232014253,0.0,0.619368025018388
2025-07-15,9,30,729.5019906018435,0.0,0.5643877018462895
2025-07-15,9,31,759.7134768527765,14.03291883217479,0.54061268233792
2025-07-15,9,32,760.0084984763234,46.91990957461637,0.503635491232268
2025-07-15,9,33,718.838261449303,67.51740238875236,0.4058172330651057
2025-07-15,9,34,698.6226048968751,101.00282310240331,0.37291687438253257
2025-07-15,9,35,717.8538960142495,123.05596929055017,0.5878900756099292
2025-07-15,9,36,838.7051932927873,155.46532570473653,0.8800312393364417
2025-07-15,9,37,871.452689994293,214.3257562263987,0.8971173443081111
2025-07-15,9,38,875.9331132138946,241.28282487263948,0.9188533905665909
2025-07-15,9,39,880.8128691486689,266.8934801614368,0.9765144380876594
2025-07-15,9,40,874.0340793219293,321.92580764478754,0.8778818034396593
2025-07-15,9,41,827.1912101360207,388.8512617772197,0.8082635511662428
2025-07-15,9,42,811.2767717131136,433.95947275813364,0.8202936282611997
2025-07-15,9,43,840.0353780474052,492.3665139170699,0.7776125145130395
2025-07-15,9,44,887.7057701875643,548.5798272140132,0.8110755279669055
2025-07-15,9,45,898.8798678972696,580.9865600333777,0.7982060213499458
2025-07-15,9,46,832.3277744246502,639.3427738734692,0.6512512056228547
2025-07-15,9,47,886.7113318476158,705.330502050947,0.8082433772512991
2025-07-15,9,48,1126.6427844550924,773.7666860582444,1.1131486916328202
2025-07-15,9,49,1143.6892708819573,817.3960795338169,1.1464173321141264
2025-07-15,9,50,1104.5471735083943,846.7156559535001,1.0986726011761405
2025-07-15,9,51,1086.339886750518,887.506223302247,1.089937952381384
2025-07-15,9,52,1111.1378809820844,955.8830760551667,1.0488066038187889
2025-07-15,9,53,1174.5965771230472,1023.3820437952135,1.0298341781393807
2025-07-15,9,54,1213.8646685711924,1058.930116552974,1.0362643686030086
2025-07-15,9,55,1182.0745205667135,1086.6266710894342,0.9952253320493651
2025-07-15,9,56,1159.5304648084712,1072.2057882986974,0.9432129364446472
2025-07-15,9,57,1167.2719167788625,1086.5624571029457,0.9178269272735302
2025-07-15,9,58,1178.2985772907796,1119.812127656266,0.9029784167493334
2025-07-15,9,59,1159.0677374340867,1212.7371818860108,1.045144877738183
2025-07-15,9,60,1138.1267574542342,1300.636740624996,1.3128752631125136
2025-07-15,9,61,1210.7122847265332,1257.9842156318327,1.4319500463280468
2025-07-15,9,62,1205.8829072076578,1302.116157278924,1.3453965209772534
2025-07-15,9,63,1147.857377822474,1351.8269459731991,1.285416308475566
2025-07-15,9,64,1190.4236322483107,1337.5168142787877,1.3687274244725063
2025-07-15,9,65,1206.404924708946,1368.6004709647943,1.0320095201912591
2025-07-15,9,66,1182.9595487763493,1360.5768469508885,0.448632629256972
2025-07-15,9,67,1223.8721159303454,1475.1719720029516,0.35849977846921643
2025-07-15,9,68,1216.2126946723934,1501.212846678723,0.48811385457606926
2025-07-15,9,69,1201.032516062307,1405.3503127755853,0.5150466719681355
2025-07-15,9,70,1241.554154439615,1439.0528555920537,0.4887192569546683
2025-07-15,9,71,1202.6189416022066,1472.29561598705,0.4377808673112392
2025-07-15,9,72,1147.0296455707207,1500.440576527535,0.4133447732427093
2025-07-15,9,73,1237.863555003144,1480.3367115750343,0.4869063523373485
2025-07-15,9,74,1239.7592716121735,1441.9645647625919,0.5033889002105593
2025-07-15,9,75,1136.7374980300415,1430.199957768741,0.40678244086402876
2025-07-15,9,76,1145.3912248537054,1459.5233166498094,0.3850362268952904
2025-07-15,9,77,1226.6551846159846,1470.1438735468032,0.5861788096490039
2025-07-15,9,78,1281.9010655858424,1465.0448559412505,0.8572529730791552
2025-07-15,9,79,1244.107212688834,1391.1165748824603,0.8728148036678682
2025-07-15,9,80,1217.321596887971,1316.1125288519067,0.8504823094274294
2025-07-15,9,81,1261.7605062099456,1283.3330206361084,0.871722952408925
2025-07-15,9,82,1291.8671099068852,1319.5927319083892,0.876364825183154
2025-07-15,9,83,1285.2075743326277,1317.870747162987,1.0657536525589442
2025-07-15,9,84,1251.5044925590237,1217.3047139236912,1.367324568814177
2025-07-15,9,85,1265.062366546314,1176.1690045401158,1.4277243585105446
2025-07-15,9,86,1280.4919097957918,1106.2125200306295,1.3842836702400176
2025-07-15,9,87,1271.1059860210053,1042.2101483673478,1.4799047460245403
2025-07-15,9,88,1236.7303790305061,1064.5198476141368,1.5700562514027925
2025-07-15,9,89,1249.7998784761298,1016.7907418826038,1.2754711496918976
2025-07-15,9,90,1302.8336251067144,978.3612687990409,0.7834666027476744
2025-07-15,9,91,1316.892849412241,920.4138346987938,0.7892881943518136
2025-07-15,9,92,1312.2245095371427,893.761329170834,0.9004455149681552
2025-07-15,9,93,1277.263833293645,851.0602503086382,0.8918035315501661
2025-07-15,9,94,1242.7617428510662,806.9744743641378,0.8314181571693218
2025-07-15,9,95,1270.5210053974183,739.7893690409314,0.8319662624777432
2025-07-15,9,96,1304.249711062812,731.9487444277034,0.89313147915383
2025-07-15,9,97,1272.8968590340442,685.6279531244336,0.898394436106193
2025-07-15,9,98,1261.4097840395775,622.8081720131311,0.9300262869422742
2025-07-15,9,99,1311.4734365497238,572.7057055792001,1.0352028654856407
2025-07-15,9,100,1341.3623784211645,555.5769995296297,1.095181096821883
2025-07-15,9,101,1332.0956885922478,507.00825724979273,1.0568997634392112
2025-07-15,9,102,1294.5274871722809,432.21603247635835,1.0359308095136277
2025-07-15,9,103,1347.0631970394074,351.44386488227997,1.0686512167230453
2025-07-15,9,104,1356.2371366547563,300.17281705020156,1.150831516528065
2025-07-15,9,105,1307.2855502571215,268.7463263238423,1.1900600502637646
2025-07-15,9,106,1293.4377769198754,240.2759541355967,1.1483778928208226
2025-07-15,9,107,1261.9819887838116,218.60306161117387,1.23594832030471
2025-07-15,9,108,1080.0702612723862,172.4393695265445,1.379146532767142
2025-07-15,9,109,1040.8619305691577,137.57845254663778,1.3844865741584618
2025-07-15,9,110,1034.8799482534562,100.85871212024682,1.4167296077784626
2025-07-15,9,111,1046.9456344957885,66.38382021067538,1.4331071943158686
2025-07-15,9,112,1061.8944515903672,36.48784947219429,1.4649800254381204
2025-07-15,9,113,1018.3884395573407,13.316164588778246,1.6215209735619804
2025-07-15,9,114,990.264123829846,0.0,1.9547948153118613
2025-07-15,9,115,969.2617989408667,0.0,1.9504914482875597
2025-07-15,9,116,1003.2614539190071,0.0,1.8779809749181826
2025-07-15,9,117,1004.1867558822994,0.0,1.9007160218289119
2025-07-15,9,118,1070.0437234081833,0.0,1.9486499960680206
2025-07-15,9,119,1077.001827103809,0.0,1.9816001409153057
2025-07-15,9,120,1066.6616236127666,0.0,2.021227081236348
2025-07-15,9,121,1033.7103992228815,0.0,1.935828656101349
2025-07-15,9,122,1053.2401261534205,0.0,1.8714485762499735
2025-07-15,9,123,1081.3890723730121,0.0,1.8853993564756957
2025-07-15,9,124,1083.7375751776171,0.0,2.039193499207694
2025-07-15,9,125,1038.0447059687513,0.0,1.693854404757792
2025-07-15,9,126,1004.4377378217698,0.0,1.1614276038754978
2025-07-15,9,127,1030.6007018754008,0.0,1.0823664886859876
2025-07-15,9,128,1043.6629716112152,0.0,1.1308817064276644
2025-07-15,9,129,1060.7383549704027,0.0,1.1363239816700121
2025-07-15,9,130,1141.1403617657888,0.0,1.2161475765178167
2025-07-15,9,131,991.2312716472538,0.0,0.971924141986268
2025-07-15,9,132,762.5067539338285,0.0,0.5299392534776755
2025-07-15,9,133,768.292039540774,0.0,0.5120120887751056
2025-07-15,9,134,834.0964387067955,0.0,0.5676334424727911
2025-07-15,9,135,823.9938172312447,0.0,0.5548685659056638
2025-07-15,9,136,813.483283562318,0.0,0.6273358794374599
2025-07-15,9,137,807.8020153359598,0.0,0.6613303608914147
2025-07-15,9,138,785.4488295202094,0.0,0.6302338425928882
2025-07-15,9,139,861.3094306347961,0.0,0.6350282846556861
2025-07-15,9,140,856.9437627813892,0.0,0.6216928099363672
2025-07-15,9,141,821.0157207045789,0.0,0.5767703310505832
2025-07-15,9,142,818.4113218044649,0.0,0.5895524891946362
2025-07-15,9,143,845.6106349311432,0.0,0.6080553405490767
2025-07-15,9,144,817.8543430718247,0.0,0.5898681421756953
2025-07-15,10,1,691.9242880900492,0.0,0.45113500593312
2025-07-15,10,2,727.7313831130291,0.0,0.43580633785440653
2025-07-15,10,3,774.5254365228265,0.0,0.4565074628395619
2025-07-15,10,4,720.1875077207661,0.0,0.40724177318347954
2025-07-15,10,5,722.6119195049286,0.0,0.39440401186100205
2025-07-15,10,6,718.2949177685794,0.0,0.4538684220845865
2025-07-15,10,7,739.2511527790849,0.0,0.48000548464007353
2025-07-15,10,8,728.935656633731,0.0,0.4703137071312553
2025-07-15,10,9,742.2614611512474,0.0,0.3834003997614539
2025-07-15,10,10,750.79453813119,0.0,0.3977179883365999
2025-07-15,10,11,738.3399848898786,0.0,0.415581404789685
2025-07-15,10,12,753.1930274338534,0.0,0.4215054483278511
2025-07-15,10,13,734.840182961554,0.0,0.4513760666656717
2025-07-15,10,14,710.3049149894251,0.0,0.44832333439823235
2025-07-15,10,15,703.7634006068548,0.0,0.4457609902361939
2025-07-15,10,16,688.7775108795524,0.0,0.38858228965559616
2025-07-15,10,17,700.5073224098194,0.0,0.3909401520948164
2025-07-15,10,18,733.7854595397059,0.0,0.4065381119533763
2025-07-15,10,19,712.9626148535599,0.00018333333333333334,0.41067722941349555
2025-07-15,10,20,785.4641842861528,0.0,0.4007869793329075
2025-07-15,10,21,797.9738032331579,0.0,0.4410751029074777
2025-07-15,10,22,728.1365211556741,0.0024666666666666665,0.4711630438113645
2025-07-15,10,23,665.2851301911551,0.0,0.4467990821636454
2025-07-15,10,24,699.4693722555279,0.0,0.40686201046680437
2025-07-15,10,25,749.614265159982,0.03423333333333333,0.42401838083156085
2025-07-15,10,26,760.7773826684324,0.0,0.4364755729282866
2025-07-15,10,27,731.2713288586943,0.0,0.3949250948121417
2025-07-15,10,28,711.0402946616225,0.7962149778811021,0.34951274115541103
2025-07-15,10,29,699.6111900692716,0.0,0.38271052010439544
2025-07-15,10,30,739.3469161854646,0.0,0.41572225395309337
2025-07-15,10,31,772.6720116472075,12.95157404126315,0.43552972752321356
2025-07-15,10,32,747.9395849880483,38.51780728045018,0.41362936257730987
2025-07-15,10,33,651.993777776274,71.8940254567998,0.36468552132956805
2025-07-15,10,34,674.6817360419327,105.41942771013075,0.3219634173858588
2025-07-15,10,35,747.7780662997777,142.6095434343137,0.4947501010340918
2025-07-15,10,36,856.9817190974688,183.00229431193839,0.7546336428353559
2025-07-15,10,37,837.98092582821,219.2233733292111,0.7377618818864836
2025-07-15,10,38,813.9185476141346,247.5218824507142,0.6674261701016169
2025-07-15,10,39,850.9498794962566,271.9040094916584,0.6899691216351868
2025-07-15,10,40,868.7844216308195,301.50599440953835,0.6579777042481575
2025-07-15,10,41,873.6187660881538,339.70771101743844,0.6608297212484621
2025-07-15,10,42,863.1929596158519,383.4880257225701,0.7255297634161113
2025-07-15,10,43,843.5262665719779,429.2741707972572,0.6845179542304999
2025-07-15,10,44,837.888420688889,483.4254590744731,0.6595708534146931
2025-07-15,10,45,900.1755016802488,537.8861635891271,0.651417315382273
2025-07-15,10,46,887.0493972595879,578.7435588552388,0.569066837827664
2025-07-15,10,47,904.3090305343802,634.9776283854252,0.6795848293643747
2025-07-15,10,48,1055.5996328121196,698.1411302134335,0.8261816579291618
2025-07-15,10,49,1050.4873377299068,737.4732996769053,0.8191809137271624
2025-07-15,10,50,1069.7582260954096,817.727434805729,0.8000111311404229
2025-07-15,10,51,1099.058518505554,894.9374701921157,0.8098082730594685
2025-07-15,10,52,1085.6848354096091,857.2768260533608,0.8092613232883787
2025-07-15,10,53,1093.963511305346,813.6920456938384,0.8644122623935141
2025-07-15,10,54,1185.8109183823515,835.4495663910501,0.8941560183023445
2025-07-15,10,55,1192.8018709222977,891.0944944432014,0.8003503459264141
2025-07-15,10,56,1173.150162080873,939.4014577019111,0.77898493208318
2025-07-15,10,57,1138.1292243012858,982.5439623140625,0.8538406204012919
2025-07-15,10,58,1169.8447888396895,1045.6737629996,0.7918381303464794
2025-07-15,10,59,1213.4747119879776,1065.2314507008798,0.876441282043383
2025-07-15,10,60,1222.23185565365,1051.7105241578545,1.0174357182947558
2025-07-15,10,61,1180.9641329956885,1067.6075241745034,1.0116138758024018
2025-07-15,10,62,1167.1725238620645,1043.378456230827,0.9718365978133807
2025-07-15,10,63,1192.4035649513664,987.9815708124872,1.0455250948802048
2025-07-15,10,64,1149.9337534152703,995.3091675624732,1.0975116869550756
2025-07-15,10,65,1129.7942547875612,1057.7372115399867,0.8136917747995113
2025-07-15,10,66,1158.016258363402,1119.4607410197973,0.36780282416953386
2025-07-15,10,67,1171.6005938528656,1135.1501335911237,0.2902487802571351
2025-07-15,10,68,1164.8947848341522,1167.4017792403888,0.33191393859524776
2025-07-15,10,69,1181.2576258229085,1215.3683610164683,0.3413458137342313
2025-07-15,10,70,1191.8436291446828,1207.3021671634247,0.36049498087467774
2025-07-15,10,71,1178.7426581852835,1169.5619298943202,0.37138999808722284
2025-07-15,10,72,1159.2144766604215,1171.6587476989278,0.4071750505498483
2025-07-15,10,73,1158.0096397113484,1253.973008057214,0.3872261150068091
2025-07-15,10,74,1163.8971307728918,1291.160136069104,0.3654015383311636
2025-07-15,10,75,1141.5515010722625,1241.432574940489,0.38506288640450725
2025-07-15,10,76,1117.9662894422618,1181.764504510473,0.2819502190949269
2025-07-15,10,77,1153.9137670614518,1160.9606831581436,0.45937459186255253
2025-07-15,10,78,1179.1594718466074,1169.9805739660972,0.7814375143801575
2025-07-15,10,79,1190.0485611252236,1164.7771697821388,0.7513571133046121
2025-07-15,10,80,1162.4505911683216,1177.8926601369637,0.7141418128419608
2025-07-15,10,81,1235.061886246216,1224.9754534946517,0.7019883708816648
2025-07-15,10,82,1253.3481935241734,1278.8898920487925,0.6554861848382844
2025-07-15,10,83,1240.116992921799,1300.4939919156432,0.722274607222474
2025-07-15,10,84,1220.1716743723687,1278.0701427892686,0.941384029964766
2025-07-15,10,85,1253.7435805199916,1231.1705035573884,1.0287390580249551
2025-07-15,10,86,1224.0854321117974,1188.8635303646506,0.9753841648958066
2025-07-15,10,87,1121.5114596457738,1151.739606275922,0.9276188525497344
2025-07-15,10,88,1090.7763932872826,1106.1098235794468,1.0113664238875106
2025-07-15,10,89,1110.4817927090778,1096.365205189829,0.8279017232782664
2025-07-15,10,90,1161.0010802353481,1106.5938378278922,0.47772833063375447
2025-07-15,10,91,1172.5453169531652,1074.3438465486417,0.43474976915279384
2025-07-15,10,92,1252.1052740909815,1027.580856158319,0.5477984268579669
2025-07-15,10,93,1264.7127851306336,975.8950584103702,0.603299006892273
2025-07-15,10,94,1129.1110227058737,900.1429031384189,0.5181289805949063
2025-07-15,10,95,1116.9978838651255,839.7324115982946,0.47371301345990097
2025-07-15,10,96,1218.85036991576,793.9729622062077,0.5241758420818818
2025-07-15,10,97,1164.2304428042266,728.6636182846361,0.5981944545035712
2025-07-15,10,98,1215.0570749508543,682.3594776853417,0.6510352099773746
2025-07-15,10,99,1274.0199931031134,645.4943300244984,0.656112914631824
2025-07-15,10,100,1230.7824632745205,565.328111056642,0.7175173500635091
2025-07-15,10,101,1208.1906858883376,504.0767711756945,0.7226082672055802
2025-07-15,10,102,1169.7236245317154,474.5434086372039,0.6550360170330275
2025-07-15,10,103,1165.821934179069,428.74603723483517,0.6460954280602734
2025-07-15,10,104,1196.0072198848632,369.60738767071444,0.6882671826701745
2025-07-15,10,105,1213.6373532117577,313.50884804423055,0.7402140041699847
2025-07-15,10,106,1229.2988314235363,271.7181700883609,0.8079639375881386
2025-07-15,10,107,1167.5040087658986,228.1103934443505,0.9891840955957185
2025-07-15,10,108,997.3687116523369,179.82368228245673,1.1803065618990536
2025-07-15,10,109,941.955663011267,140.48803480515096,1.1973935561956537
2025-07-15,10,110,934.6529605476404,104.35350348876293,1.2014220106653237
2025-07-15,10,111,945.2555877047599,68.71599131525085,1.2388441167674127
2025-07-15,10,112,1018.989926107416,38.04573203807375,1.2855751032097766
2025-07-15,10,113,1008.9203740417012,14.235778035803303,1.3528999719410473
2025-07-15,10,114,1002.6623833169286,0.0,1.5188048605816657
2025-07-15,10,115,1002.3148923800527,0.0,1.575435552677441
2025-07-15,10,116,1000.8706161678732,0.927691949843293,1.523469806782569
2025-07-15,10,117,954.3069772562419,0.0,1.473895277027785
2025-07-15,10,118,1002.6406362610206,0.0,1.5189298227640424
2025-07-15,10,119,1032.2349349684478,0.042300000000000004,1.5349124151754323
2025-07-15,10,120,994.906199252079,0.0,1.5605536497947963
2025-07-15,10,121,955.2977964131,0.0,1.5217091242894036
2025-07-15,10,122,942.6123475387312,0.003033333333333333,1.4705237572119245
2025-07-15,10,123,984.7550786323188,0.0,1.4709492069386454
2025-07-15,10,124,990.5073569738255,0.0,1.5303936214617813
2025-07-15,10,125,1008.8868312417871,0.00021666666666666666,1.3388641746345327
2025-07-15,10,126,1057.5013816992582,0.0,1.0053589242642833
2025-07-15,10,127,1086.546595121129,0.0,0.9318789512699254
2025-07-15,10,128,1029.2684043143781,0.0,0.962826801830099
2025-07-15,10,129,1001.778304040578,0.0,0.9676164621136425
2025-07-15,10,130,1029.1304029425914,0.0,0.9330136574397894
2025-07-15,10,131,898.2746062802879,0.0,0.7093028011380715
2025-07-15,10,132,751.5294495359556,0.0,0.449780536919394
2025-07-15,10,133,770.0795389891816,0.0,0.4619691358527053
2025-07-15,10,134,782.134580717596,0.0,0.48087443727756213
2025-07-15,10,135,768.541802008043,0.0,0.43059653912419177
2025-07-15,10,136,771.193881496552,0.0,0.4806346271551595
2025-07-15,10,137,777.6226919107011,0.0,0.5218626054165658
2025-07-15,10,138,758.4589850736895,0.0,0.4781499137377338
2025-07-15,10,139,747.3529290721999,0.0,0.46285281018425556
2025-07-15,10,140,745.5525093821733,0.0,0.46155295474579716
2025-07-15,10,141,743.4771206008647,0.0,0.46331369416333273
2025-07-15,10,142,731.4172218431553,0.0,0.46658089842573897
2025-07-15,10,143,785.5058254734712,0.0,0.5003433975649979
2025-07-15,10,144,808.8179998560051,0.0,0.5228437904381315
2025-07-15,11,1,755.9669122985454,0.0,0.5980893668285154
2025-07-15,11,2,785.2468904636851,0.0,0.5566649767701867
2025-07-15,11,3,841.5434634223751,0.0,0.5159075477214898
2025-07-15,11,4,800.8214240525996,0.0,0.5313169555722217
2025-07-15,11,5,831.3788662249355,0.0,0.5702930630866883
2025-07-15,11,6,818.1925613784279,0.0,0.5956763947128927
2025-07-15,11,7,765.1831485155611,0.0,0.5589355226503782
2025-07-15,11,8,728.8681827501584,0.0,0.5203187410168395
2025-07-15,11,9,781.4931341542328,0.0,0.5032851430370813
2025-07-15,11,10,751.5008746704632,0.0,0.5190739353602802
2025-07-15,11,11,743.9850804807064,0.0,0.5509384535603059
2025-07-15,11,12,805.2521060603848,0.0,0.5757486270241345
2025-07-15,11,13,777.9755615128577,0.0,0.5701352951108318
2025-07-15,11,14,744.4295301660081,0.0,0.5524297493330934
2025-07-15,11,15,753.5777404947888,0.0,0.5307314154272968
2025-07-15,11,16,729.7649763792291,0.0,0.4941506773243028
2025-07-15,11,17,770.1671208057201,0.0,0.5572846398773462
2025-07-15,11,18,827.7779845461173,0.0,0.6303511526011645
2025-07-15,11,19,774.8002015677574,0.00018333333333333334,0.5485863781427276
2025-07-15,11,20,762.0123789340455,0.0,0.4866529162949952
2025-07-15,11,21,758.3592971666878,0.0,0.5215888023664409
2025-07-15,11,22,755.2015378938431,0.00265,0.5255451885052913
2025-07-15,11,23,748.5925468151728,0.0,0.48442717167028737
2025-07-15,11,24,744.3727822484719,0.0,0.509316988816803
2025-07-15,11,25,734.11565127676,0.037,0.5157905956880124
2025-07-15,11,26,725.4586292156479,0.0,0.48844503806262646
2025-07-15,11,27,716.3759939672659,0.0,0.4595891357932065
2025-07-15,11,28,712.0658339385046,0.8346816445477687,0.4656283487783257
2025-07-15,11,29,714.3989001942239,0.0,0.5026356527386768
2025-07-15,11,30,767.1933821590818,0.93125,0.49660482115476934
2025-07-15,11,31,769.0571025144341,19.286346064126892,0.5268545087602142
2025-07-15,11,32,734.6280983072743,46.87198502511001,0.5008051920317775
2025-07-15,11,33,703.4313538149164,81.11421346688005,0.4464570513637789
2025-07-15,11,34,706.4053431045389,116.80054278649847,0.4041536020163919
2025-07-15,11,35,761.1685959630386,160.34819727403936,0.5867748702239852
2025-07-15,11,36,873.6323170907413,206.28811479076006,0.8742040497901369
2025-07-15,11,37,918.4226200427283,240.9357125660354,0.9592837119348748
2025-07-15,11,38,874.1570327174157,275.09000120245173,0.8795383415902515
2025-07-15,11,39,846.4357805791731,319.515376185895,0.8569150905521623
2025-07-15,11,40,881.9875449231828,374.9092392501422,0.854478947124628
2025-07-15,11,41,886.0091744220219,430.3352367416654,0.8426143018209556
2025-07-15,11,42,888.9941002516589,478.958676095332,0.7880118636730362
2025-07-15,11,43,886.3342673100716,521.7532537981454,0.7370369402542339
2025-07-15,11,44,888.5703065950312,565.6815961542169,0.7422189565392561
2025-07-15,11,45,880.5918172655469,607.1207204291495,0.6919870093765433
2025-07-15,11,46,867.1532019283512,630.7227811357673,0.6613071263708482
2025-07-15,11,47,951.6452345790331,647.518912021196,0.9403974979196323
2025-07-15,11,48,1168.685021152678,690.6795050908926,1.2616530065883127
2025-07-15,11,49,1172.4603338063714,778.6103776744161,1.232253878802874
2025-07-15,11,50,1139.5902416558959,865.3093986971984,1.144329182959391
2025-07-15,11,51,1143.9163467973713,913.515362315395,1.1137556114414437
2025-07-15,11,52,1102.514083567269,931.9874301624405,1.0844188993827626
2025-07-15,11,53,1117.7127094305788,961.6425767323857,1.0455931271828391
2025-07-15,11,54,1185.1260498286408,1016.3595296488095,1.0403591751878483
2025-07-15,11,55,1212.1416730034261,1075.9956107173443,0.9983044718001173
2025-07-15,11,56,1185.924178631951,1146.4010312767605,0.9211476823236115
2025-07-15,11,57,1149.687711114669,1217.8700164963943,0.9004233512244453
2025-07-15,11,58,1176.5636069340455,1254.96803918542,0.9209399989681277
2025-07-15,11,59,1213.637872353803,1234.0488180510297,1.0581020429562003
2025-07-15,11,60,1197.36674137176,1213.139957914102,1.191334384110585
2025-07-15,11,61,1175.6655127168042,1269.9556604569284,1.2085138758024017
2025-07-15,11,62,1173.259057634863,1277.2865933338514,1.160170025206936
2025-07-15,11,63,1201.629947368312,1218.3710007685775,1.2233450148704421
2025-07-15,11,64,1177.358226252735,1199.14026189967,1.289813951548843
2025-07-15,11,65,1180.7162919480336,1220.7417635005872,1.0206995233152982
2025-07-15,11,66,1203.505276860586,1268.2540487211595,0.6759537341725355
2025-07-15,11,67,1165.0262036647646,1324.363120218271,0.5089332108381233
2025-07-15,11,68,1141.5706917598368,1350.4754184914445,0.5858036351984769
2025-07-15,11,69,1188.0379048224336,1329.2247232430766,0.6240695205568971
2025-07-15,11,70,1196.970096571578,1294.2088722554806,0.5738158329097076
2025-07-15,11,71,1140.6407492299234,1313.8067084136458,0.5254899980872227
2025-07-15,11,72,1123.0171186516645,1386.6571416419476,0.48917505054984833
2025-07-15,11,73,1130.6021562893084,1436.6608526778436,0.5287641486487235
2025-07-15,11,74,1111.6902383478703,1387.9815806180486,0.5566728002040477
2025-07-15,11,75,1110.6866702765305,1265.2546092616285,0.5323517270648312
2025-07-15,11,76,1112.7255177554293,1190.599012969892,0.5902979740495842
2025-07-15,11,77,1124.2571358326595,1165.5267923787737,0.8027745918625525
2025-07-15,11,78,1186.5967506522948,1145.988732787209,1.0077391350831222
2025-07-15,11,79,1162.448196201178,1100.872986188289,1.0359735418061353
2025-07-15,11,80,1166.468390839174,1056.1741415556098,1.0505638745548929
2025-07-15,11,81,1242.5834878121611,1042.196576417501,1.0955036406982448
2025-07-15,11,82,1274.8656420528728,1052.7438795919584,1.1222609992009276
2025-07-15,11,83,1237.7243144639524,1076.343565520872,1.1340244141634859
2025-07-15,11,84,1170.096386585609,1097.8877731434877,1.1794690280349913
2025-07-15,11,85,1186.6668285513,1099.4300334292568,1.2928829619216409
2025-07-15,11,86,1217.0400921861765,1047.907641463241,1.3198134717112677
2025-07-15,11,87,1225.8360630893046,977.77807515201,1.3583409368466954
2025-07-15,11,88,1195.7910441997349,974.2202085134588,1.396092873565081
2025-07-15,11,89,1188.6875837371638,1010.9207017434063,1.1329976772836186
2025-07-15,11,90,1197.813316669978,1033.2142171947348,0.6602944926460523
2025-07-15,11,91,1218.615588081159,1006.7762584127951,0.6611854789875461
2025-07-15,11,92,1241.9152832161299,944.928426923438,0.7809614070480688
2025-07-15,11,93,1246.073508211817,873.9724856730819,0.8322810144679809
2025-07-15,11,94,1213.210064410214,815.272932471726,0.7882677785905717
2025-07-15,11,95,1223.2333418237156,735.9268922878805,0.8540662503619392
2025-07-15,11,96,1260.7042029576921,650.2203563890074,0.9752326695306066
2025-07-15,11,97,1249.2398147351657,614.9026004757268,0.9167422434313635
2025-07-15,11,98,1271.3766202860784,615.9903419444315,0.8879192992156035
2025-07-15,11,99,1308.714556806545,611.4923450751733,0.9873956213465449
2025-07-15,11,100,1256.8192100858748,568.4991781790286,0.9933810057610964
2025-07-15,11,101,1265.3786432521442,513.0783026705296,0.9953354070157662
2025-07-15,11,102,1304.2956087158257,465.30701764308856,1.0497047994434363
2025-07-15,11,103,1260.143714043414,422.3417443618279,1.0277557177825087
2025-07-15,11,104,1221.2567567867081,386.7431385701568,1.0613398173640507
2025-07-15,11,105,1241.5402352097562,351.62252208592446,1.0893076216082922
2025-07-15,11,106,1288.3327768421261,303.7406652895886,1.0361942196181688
2025-07-15,11,107,1192.6345787155797,243.43149613605667,1.1520226308364119
2025-07-15,11,108,1009.2164193214395,184.64041021417816,1.3246929962995837
2025-07-15,11,109,976.2977417900079,145.1440647764734,1.3400539152525137
2025-07-15,11,110,1019.1298645430586,111.36811625911203,1.3606690161517636
2025-07-15,11,111,1055.5465255121308,76.7690327800941,1.3773984298284263
2025-07-15,11,112,1035.2453696707048,47.84971856092637,1.389862576762538
2025-07-15,11,113,988.4486794740751,22.316495012612858,1.4310662857682916
2025-07-15,11,114,994.124198730605,1.075,1.643690633035294
2025-07-15,11,115,951.7158278911287,0.0,1.6702312344413695
2025-07-15,11,116,1005.603488565875,1.0353752831766263,1.699823955910245
2025-07-15,11,117,1046.3793306099417,0.0,1.693019838604148
2025-07-15,11,118,1023.3738842969852,0.0,1.650517264240178
2025-07-15,11,119,998.5742279821418,0.05003333333333333,1.6375751913784824
2025-07-15,11,120,1036.63812397319,0.0,1.7155402215536566
2025-07-15,11,121,998.8459761297079,0.0,1.7394089558869745
2025-07-15,11,122,1034.6262212246643,0.0036,1.7134712760392168
2025-07-15,11,123,1083.344289027336,0.0,1.6924239608734013
2025-07-15,11,124,1063.265180406273,0.0,1.776162752281324
2025-07-15,11,125,994.950943529409,0.00025,1.5259576665140442
2025-07-15,11,126,976.8307556922239,0.0,1.1002624379194907
2025-07-15,11,127,1023.4883201524459,0.0,1.054460958678133
2025-07-15,11,128,1049.5478378743487,0.0,1.075510200469569
2025-07-15,11,129,1054.2155510051432,0.0,1.0283654858915443
2025-07-15,11,130,1051.05271305637,0.0,1.1080405654415975
2025-07-15,11,131,931.2073908406535,0.0,0.9208901220566184
2025-07-15,11,132,806.7866717059565,0.0,0.5512412182648069
2025-07-15,11,133,786.2589675644628,0.0,0.4668669919264483
2025-07-15,11,134,818.6025482861972,0.0,0.5229784960181247
2025-07-15,11,135,856.4995995264987,0.0,0.516811904382726
2025-07-15,11,136,865.6926644817828,0.0,0.5341206961644829
2025-07-15,11,137,831.0680800904877,0.0,0.5521019916374443
2025-07-15,11,138,760.7017460579863,0.0,0.5274554890767218
2025-07-15,11,139,844.3905517135329,0.0,0.5385129193961393
2025-07-15,11,140,854.7552613681098,0.0,0.5828070562374853
2025-07-15,11,141,832.9361350687631,0.0,0.605057961830962
2025-07-15,11,142,775.5414405869867,0.0,0.5391516468594061
2025-07-15,11,143,773.6257707442227,0.0,0.5215026193486232
2025-07-15,11,144,790.9112243954665,0.0,0.5503411533515169
2025-07-15,12,1,857.3272513378124,0.0,0.5473215825870223
2025-07-15,12,2,831.0510233261078,0.0,0.5811896693121612
2025-07-15,12,3,849.0072660839298,0.0,0.5254248788857603
2025-07-15,12,4,829.419191221288,0.0,0.5457705810378666
2025-07-15,12,5,819.5200929879754,0.0,0.5173163915481602
2025-07-15,12,6,771.5477355223297,0.0,0.47431955102351264
2025-07-15,12,7,788.8724933766908,0.0,0.5205526628974481
2025-07-15,12,8,806.1673539371768,0.0,0.5725570917284457
2025-07-15,12,9,828.3954291399793,0.0,0.49901095558296943
2025-07-15,12,10,795.571240770457,0.0,0.48542247841404185
2025-07-15,12,11,829.7118739288939,0.0,0.5409162160998654
2025-07-15,12,12,891.4877167764367,0.0,0.5935832503455668
2025-07-15,12,13,811.009106568177,0.0,0.5722212299085743
2025-07-15,12,14,745.5105847385668,0.0,0.5081156412813298
2025-07-15,12,15,795.1290774567486,0.0,0.48107598591559275
2025-07-15,12,16,808.1681935594125,0.0,0.5549768404827367
2025-07-15,12,17,788.2124036903879,0.0,0.5468122786706551
2025-07-15,12,18,787.7954695232634,0.0,0.45873949926051066
2025-07-15,12,19,749.5819066498746,0.0002666666666666667,0.5428922022150868
2025-07-15,12,20,758.6340911295214,0.0,0.5417584913327915
2025-07-15,12,21,734.3521338139833,0.0,0.4792087121945278
2025-07-15,12,22,721.5637179143008,0.0037333333333333333,0.4340371065085262
2025-07-15,12,23,725.2470362060932,0.0,0.48185142734014136
2025-07-15,12,24,745.4838872991681,0.0,0.5594115313624566
2025-07-15,12,25,762.5716724677243,0.05205,0.5340310616134452
2025-07-15,12,26,771.2017042491963,0.0,0.48807093209689206
2025-07-15,12,27,775.8005123482877,0.0,0.47192828358342737
2025-07-15,12,28,773.0088597862945,1.0443483112144354,0.4575386816512275
2025-07-15,12,29,755.3365077034151,0.0,0.5124719048031383
2025-07-15,12,30,738.0566283424524,0.46875,0.5565499929436981
2025-07-15,12,31,711.8719918121831,19.02586097021615,0.5128305531009096
2025-07-15,12,32,715.3421081122559,50.01705728803618,0.48298351747311685
2025-07-15,12,33,716.6477093798956,85.78100344442794,0.43686077400243767
2025-07-15,12,34,715.0925023484009,117.19785283815126,0.37540817225880907
2025-07-15,12,35,780.7776501757617,154.28428745070588,0.5696921168197784
2025-07-15,12,36,890.644552536688,195.999034146821,0.8880968896129011
2025-07-15,12,37,892.85840036582,230.45221648283714,0.9116591475634961
2025-07-15,12,38,844.8922226000008,269.4533424453581,0.84326675742343
2025-07-15,12,39,839.7331637709804,319.0211295455698,0.8524061078749339
2025-07-15,12,40,861.6452026980273,370.74844207059175,0.8453276989344939
2025-07-15,12,41,895.5114312748873,414.10412386270735,0.8241940948691835
2025-07-15,12,42,919.9960240671321,441.8285887155097,0.7904722976999615
2025-07-15,12,43,894.92528669381,455.49924365797216,0.7995218416769255
2025-07-15,12,44,890.4142177771477,498.1918737197739,0.796751614110584
2025-07-15,12,45,930.7768954138106,565.3647800713809,0.748306872075036
2025-07-15,12,46,986.3849231455358,609.9527531999148,0.7078290549414372
2025-07-15,12,47,993.8865269049977,646.2607579141485,0.8929609121122253
2025-07-15,12,48,1134.974748652111,690.1239117309573,1.1540133516585191
2025-07-15,12,49,1143.11639124131,736.5096901471038,1.2165309359355325
2025-07-15,12,50,1140.1241775849346,764.2804323901989,1.2290355903540613
2025-07-15,12,51,1152.3693404883902,792.2926462768369,1.2148574339267313
2025-07-15,12,52,1116.3667738656802,862.2090690361126,1.1692134295117638
2025-07-15,12,53,1151.104754519713,922.358953560545,1.15531473596694
2025-07-15,12,54,1206.5884844563857,981.4931217507511,1.1547898573839348
2025-07-15,12,55,1169.2582517186145,1080.1474013372022,1.0272512020841578
2025-07-15,12,56,1164.7433075758197,1095.8376532139914,0.9977836380565255
2025-07-15,12,57,1188.99358126162,1045.1594604730808,1.0791271297407246
2025-07-15,12,58,1184.3036606018575,1080.4964390992923,1.0509934789251516
2025-07-15,12,59,1184.4451259117861,1171.1906532211008,1.1273397411965798
2025-07-15,12,60,1169.9385910152682,1255.6035129084166,1.2643574938707287
2025-07-15,12,61,1206.7341602299807,1302.6994144967855,1.2317149183438718
2025-07-15,12,62,1184.5632876196612,1352.8135469485949,1.0567463715819612
2025-07-15,12,63,1131.4896324807319,1401.5507099017304,0.996537084719108
2025-07-15,12,64,1147.5362172358023,1403.0998417081385,1.11104636985019
2025-07-15,12,65,1153.4457207833877,1409.0966706862835,0.8936667197865229
2025-07-15,12,66,1167.2806640665237,1415.4176268260653,0.5136109020078037
2025-07-15,12,67,1212.0239342510315,1368.2483264294794,0.5085514537460485
2025-07-15,12,68,1190.3794953625434,1334.5943900069644,0.553179008010399
2025-07-15,12,69,1183.0482514978148,1310.8161164176329,0.5245456587417194
2025-07-15,12,70,1225.9192932428589,1245.6439769107465,0.552149092150387
2025-07-15,12,71,1199.8587625265766,1226.4720086768978,0.568317961208946
2025-07-15,12,72,1127.8282982047551,1269.0297264489282,0.5343782251818044
2025-07-15,12,73,1126.1995630423212,1289.7358454568293,0.5399988150514079
2025-07-15,12,74,1156.0492651487314,1291.9954797064713,0.5751904604491576
2025-07-15,12,75,1146.4851098068195,1264.0134613820555,0.5428653892749367
2025-07-15,12,76,1116.28721325022,1185.1998799111293,0.5430648723388406
2025-07-15,12,77,1124.7287694525069,1145.778306684901,0.7270861267875867
2025-07-15,12,78,1178.6537202116624,1192.858772021845,0.978929002308958
2025-07-15,12,79,1198.1392955637964,1286.6359168980628,0.9176096820615693
2025-07-15,12,80,1175.7024643507023,1320.6487052067455,0.8481584452248
2025-07-15,12,81,1170.0898490522843,1300.2480542241033,0.8886289496058221
2025-07-15,12,82,1195.8634174950034,1316.3766475319444,0.909129607644642
2025-07-15,12,83,1226.0556219057662,1336.420592190447,1.0228992522694687
2025-07-15,12,84,1221.8943395011574,1328.3461969922807,1.1786691944072476
2025-07-15,12,85,1210.3953044220093,1287.491870187222,1.1935026773907065
2025-07-15,12,86,1201.3311307998954,1228.87066422487,1.1426754549471594
2025-07-15,12,87,1198.2258129062468,1186.0498918572603,1.1950687787392322
2025-07-15,12,88,1194.8324480488434,1177.2175610257118,1.2803079460922377
2025-07-15,12,89,1219.2065167268056,1119.0291697614427,1.0925543872719965
2025-07-15,12,90,1279.2983708453762,1035.2017293607296,0.7633222197183784
2025-07-15,12,91,1299.69828833581,1016.2927441206666,0.7894315776725882
2025-07-15,12,92,1257.457091230583,966.267864636343,0.8059083906960244
2025-07-15,12,93,1207.7204364362033,863.0311038935845,0.7710795340775625
2025-07-15,12,94,1240.1551999612066,799.2264262628457,0.845273535870874
2025-07-15,12,95,1277.6909328469487,774.3908162300165,0.8751287762392993
2025-07-15,12,96,1260.3020631068773,755.7294358405272,0.8408763276051242
2025-07-15,12,97,1294.3412647061095,710.0474570384656,0.8766935545078803
2025-07-15,12,98,1320.466640159025,631.924323173062,0.9060925468612288
2025-07-15,12,99,1306.2375743359828,562.001050142163,0.974778496214619
2025-07-15,12,100,1266.3759384501711,543.2592998972684,1.01092801651427
2025-07-15,12,101,1251.5831170424321,513.4433426188878,0.9746663532336024
2025-07-15,12,102,1242.6635280417538,454.8371393728474,0.9426075007422577
2025-07-15,12,103,1258.8101685395309,408.98126809234,0.9958049251798976
2025-07-15,12,104,1251.0413418373394,382.07768305263977,1.0795879429597337
2025-07-15,12,105,1242.8232056519053,350.8819513500332,1.0931580329771593
2025-07-15,12,106,1280.6289186856739,289.0674195228621,1.1181478893054602
2025-07-15,12,107,1188.1011829275549,227.98541631963704,1.2171162445248838
2025-07-15,12,108,978.1107239453036,184.63120416905628,1.2980881811875198
2025-07-15,12,109,971.6037648604265,150.94057443504303,1.3155835744407944
2025-07-15,12,110,1074.7125940883334,121.42295252753972,1.3785062484137738
2025-07-15,12,111,1117.9116504622732,89.59626812204898,1.417781207172832
2025-07-15,12,112,1051.2384483722162,52.005493024170235,1.4513792406758501
2025-07-15,12,113,1006.4848481360083,19.762775017589377,1.4858042901846071
2025-07-15,12,114,1018.1161797948386,0.46249999999999997,1.6491169871710143
2025-07-15,12,115,1024.698764374346,0.0,1.7330679086477996
2025-07-15,12,116,1018.1805109017719,1.047441949843293,1.6753535855086932
2025-07-15,12,117,931.4284321521922,0.0,1.591641874195362
2025-07-15,12,118,984.2158221600797,0.0,1.673982454205483
2025-07-15,12,119,1022.2635729696772,0.0509,1.6781279240429114
2025-07-15,12,120,1060.3134205100614,0.0,1.6704309919922897
2025-07-15,12,121,1020.1666232984459,0.0,1.7176190804366356
2025-07-15,12,122,1029.2975984391755,0.0036499999999999996,1.7092519752385416
2025-07-15,12,123,1044.352565043663,0.0,1.6474578475840924
2025-07-15,12,124,1011.3502075739169,0.0,1.7306082956779494
2025-07-15,12,125,984.2243264636005,0.0002666666666666667,1.5303672043677756
2025-07-15,12,126,1023.8117256176246,0.0,1.168921176384032
2025-07-15,12,127,1030.3445695241026,0.0,1.117167424320804
2025-07-15,12,128,1043.7260169260462,0.0,1.1204569322573346
2025-07-15,12,129,1042.0717065655294,0.0,1.1229263432399066
2025-07-15,12,130,1087.4118032524248,0.0,1.1326849597650201
2025-07-15,12,131,981.3590629274423,0.0,0.9202077198803903
2025-07-15,12,132,849.822578408178,0.0,0.5699267484470829
2025-07-15,12,133,780.1482383755498,0.0,0.5164564263310685
2025-07-15,12,134,793.9297920348178,0.0,0.5277785978094172
2025-07-15,12,135,813.8805224849278,0.0,0.5270165509766247
2025-07-15,12,136,826.2962589676172,0.0,0.5620840520137401
2025-07-15,12,137,777.6156682147268,0.0,0.5325522343722822
2025-07-15,12,138,704.5286344706066,0.0,0.47585363104485706
2025-07-15,12,139,807.7061202673137,0.0,0.5232029449436979
2025-07-15,12,140,827.3988499435935,0.0,0.5754258897177958
2025-07-15,12,141,781.0692028005221,0.0,0.536128997087375
2025-07-15,12,142,752.0515376840737,0.0,0.4579362118080584
2025-07-15,12,143,780.5507075383179,0.0,0.46358073048653353
2025-07-15,12,144,810.9720051812482,0.0,0.5227131128547295
2025-07-15,13,1,846.2283498866993,0.0,0.6538673844416645
2025-07-15,13,2,869.3992794294692,0.0,0.6327016523721349
2025-07-15,13,3,871.6060250362412,0.0,0.6201376412678171
2025-07-15,13,4,811.2784594102151,0.0,0.6207676906768889
2025-07-15,13,5,798.1843487535016,0.0,0.6102148427210031
2025-07-15,13,6,769.1115490664696,0.0,0.6291058039803167
2025-07-15,13,7,791.1615024169521,0.0,0.6665012603179334
2025-07-15,13,8,797.2321367392167,0.0,0.6459181616271878
2025-07-15,13,9,825.8781177945951,0.0,0.604453378396242
2025-07-15,13,10,788.2993671788969,0.0,0.5588097111265934
2025-07-15,13,11,742.1375660272022,0.0,0.543283309140872
2025-07-15,13,12,759.8407893102622,0.0,0.5593384830051733
2025-07-15,13,13,788.3978304346748,0.0,0.5808846227791706
2025-07-15,13,14,780.1980600530949,0.0,0.6073089372048346
2025-07-15,13,15,765.7751605847941,0.0,0.5802463633604306
2025-07-15,13,16,726.092406743059,0.0,0.531425047240285
2025-07-15,13,17,769.5313222649679,0.0,0.5302624327407071
2025-07-15,13,18,852.0594291038509,0.0,0.5911390280283648
2025-07-15,13,19,809.2161608123705,0.0,0.6061196941517326
2025-07-15,13,20,755.4140292423479,0.0,0.5860606788159295
2025-07-15,13,21,694.5911863727658,0.0,0.6002113443564219
2025-07-15,13,22,691.0551653170174,0.0,0.5443573987034029
2025-07-15,13,23,706.3625150111271,0.0,0.49237304625102774
2025-07-15,13,24,724.0057838613178,0.0,0.5402077868993675
2025-07-15,13,25,744.9140199051925,0.0,0.5873020812168624
2025-07-15,13,26,775.7883681718264,0.0,0.5852288695810741
2025-07-15,13,27,779.6354133854757,0.0,0.5599336554273195
2025-07-15,13,28,729.4378923452285,0.0,0.5913970220239285
2025-07-15,13,29,692.7349232014253,0.0,0.619368025018388
2025-07-15,13,30,729.5019906018435,0.0,0.5643877018462895
2025-07-15,13,31,759.7134768527765,14.03291883217479,0.54061268233792
2025-07-15,13,32,760.0084984763234,46.91990957461637,0.503635491232268
2025-07-15,13,33,718.838261449303,67.51740238875236,0.4058172330651057
2025-07-15,13,34,698.6226048968751,101.00282310240331,0.37291687438253257
2025-07-15,13,35,717.8538960142495,123.05596929055017,0.5878900756099292
2025-07-15,13,36,838.7051932927873,155.46532570473653,0.8800312393364417
2025-07-15,13,37,871.452689994293,214.3257562263987,0.8971173443081111
2025-07-15,13,38,875.9331132138946,241.28282487263948,0.9188533905665909
2025-07-15,13,39,880.8128691486689,266.8934801614368,0.9765144380876594
2025-07-15,13,40,874.0340793219293,321.92580764478754,0.8778818034396593
2025-07-15,13,41,827.1912101360207,388.8512617772197,0.8082635511662428
2025-07-15,13,42,811.2767717131136,433.95947275813364,0.8202936282611997
2025-07-15,13,43,840.0353780474052,492.3665139170699,0.7776125145130395
2025-07-15,13,44,887.7057701875643,548.5798272140132,0.8110755279669055
2025-07-15,13,45,898.8798678972696,580.9865600333777,0.7982060213499458
2025-07-15,13,46,832.3277744246502,639.3427738734692,0.6512512056228547
2025-07-15,13,47,886.7113318476158,705.330502050947,0.8082433772512991
2025-07-15,13,48,1126.6427844550924,773.7666860582444,1.1131486916328202
2025-07-15,13,49,1143.6892708819573,817.3960795338169,1.1464173321141264
2025-07-15,13,50,1104.5471735083943,846.7156559535001,1.0986726011761405
2025-07-15,13,51,1086.339886750518,887.506223302247,1.089937952381384
2025-07-15,13,52,1111.1378809820844,955.8830760551667,1.0488066038187889
2025-07-15,13,53,1174.5965771230472,1023.3820437952135,1.0298341781393807
2025-07-15,13,54,1213.8646685711924,1058.930116552974,1.0362643686030086
2025-07-15,13,55,1182.0745205667135,1086.6266710894342,0.9952253320493651
2025-07-15,13,56,1159.5304648084712,1072.2057882986974,0.9432129364446472
2025-07-15,13,57,1167.2719167788625,1086.5624571029457,0.9178269272735302
2025-07-15,13,58,1178.2985772907796,1119.812127656266,0.9029784167493334
2025-07-15,13,59,1159.0677374340867,1212.7371818860108,1.045144877738183
2025-07-15,13,60,1138.1267574542342,1300.636740624996,1.3128752631125136
2025-07-15,13,61,1210.7122847265332,1257.9842156318327,1.4319500463280468
2025-07-15,13,62,1205.8829072076578,1302.116157278924,1.3453965209772534
2025-07-15,13,63,1147.857377822474,1351.8269459731991,1.285416308475566
2025-07-15,13,64,1190.4236322483107,1337.5168142787877,1.3687274244725063
2025-07-15,13,65,1206.404924708946,1368.6004709647943,1.0320095201912591
2025-07-15,13,66,1182.9595487763493,1360.5768469508885,0.448632629256972
2025-07-15,13,67,1223.8721159303454,1475.1719720029516,0.35849977846921643
2025-07-15,13,68,1216.2126946723934,1501.212846678723,0.48811385457606926
2025-07-15,13,69,1201.032516062307,1405.3503127755853,0.5150466719681355
2025-07-15,13,70,1241.554154439615,1439.0528555920537,0.4887192569546683
2025-07-15,13,71,1202.6189416022066,1472.29561598705,0.4377808673112392
2025-07-15,13,72,1147.0296455707207,1500.440576527535,0.4133447732427093
2025-07-15,13,73,1237.863555003144,1480.3367115750343,0.4869063523373485
2025-07-15,13,74,1239.7592716121735,1441.9645647625919,0.5033889002105593
2025-07-15,13,75,1136.7374980300415,1430.199957768741,0.40678244086402876
2025-07-15,13,76,1145.3912248537054,1459.5233166498094,0.3850362268952904
2025-07-15,13,77,1226.6551846159846,1470.1438735468032,0.5861788096490039
2025-07-15,13,78,1281.9010655858424,1465.0448559412505,0.8572529730791552
2025-07-15,13,79,1244.107212688834,1391.1165748824603,0.8728148036678682
2025-07-15,13,80,1217.321596887971,1316.1125288519067,0.8504823094274294
2025-07-15,13,81,1261.7605062099456,1283.3330206361084,0.871722952408925
2025-07-15,13,82,1291.8671099068852,1319.5927319083892,0.876364825183154
2025-07-15,13,83,1285.2075743326277,1317.870747162987,1.0657536525589442
2025-07-15,13,84,1251.5044925590237,1217.3047139236912,1.367324568814177
2025-07-15,13,85,1265.062366546314,1176.1690045401158,1.4277243585105446
2025-07-15,13,86,1280.4919097957918,1106.2125200306295,1.3842836702400176
2025-07-15,13,87,1271.1059860210053,1042.2101483673478,1.4799047460245403
2025-07-15,13,88,1236.7303790305061,1064.5198476141368,1.5700562514027925
2025-07-15,13,89,1249.7998784761298,1016.7907418826038,1.2754711496918976
2025-07-15,13,90,1302.8336251067144,978.3612687990409,0.7834666027476744
2025-07-15,13,91,1316.892849412241,920.4138346987938,0.7892881943518136
2025-07-15,13,92,1312.2245095371427,893.761329170834,0.9004455149681552
2025-07-15,13,93,1277.263833293645,851.0602503086382,0.8918035315501661
2025-07-15,13,94,1242.7617428510662,806.9744743641378,0.8314181571693218
2025-07-15,13,95,1270.5210053974183,739.7893690409314,0.8319662624777432
2025-07-15,13,96,1304.249711062812,731.9487444277034,0.89313147915383
2025-07-15,13,97,1272.8968590340442,685.6279531244336,0.898394436106193
2025-07-15,13,98,1261.4097840395775,622.8081720131311,0.9300262869422742
2025-07-15,13,99,1311.4734365497238,572.7057055792001,1.0352028654856407
2025-07-15,13,100,1341.3623784211645,555.5769995296297,1.095181096821883
2025-07-15,13,101,1332.0956885922478,507.00825724979273,1.0568997634392112
2025-07-15,13,102,1294.5274871722809,432.21603247635835,1.0359308095136277
2025-07-15,13,103,1347.0631970394074,351.44386488227997,1.0686512167230453
2025-07-15,13,104,1356.2371366547563,300.17281705020156,1.150831516528065
2025-07-15,13,105,1307.2855502571215,268.7463263238423,1.1900600502637646
2025-07-15,13,106,1293.4377769198754,240.2759541355967,1.1483778928208226
2025-07-15,13,107,1261.9819887838116,218.60306161117387,1.23594832030471
2025-07-15,13,108,1080.0702612723862,172.4393695265445,1.379146532767142
2025-07-15,13,109,1040.8619305691577,137.57845254663778,1.3844865741584618
2025-07-15,13,110,1034.8799482534562,100.85871212024682,1.4167296077784626
2025-07-15,13,111,1046.9456344957885,66.38382021067538,1.4331071943158686
2025-07-15,13,112,1061.8944515903672,36.48784947219429,1.4649800254381204
2025-07-15,13,113,1018.3884395573407,13.316164588778246,1.6215209735619804
2025-07-15,13,114,990.264123829846,0.0,1.9547948153118613
2025-07-15,13,115,969.2617989408667,0.0,1.9504914482875597
2025-07-15,13,116,1003.2614539190071,0.0,1.8779809749181826
2025-07-15,13,117,1004.1867558822994,0.0,1.9007160218289119
2025-07-15,13,118,1070.0437234081833,0.0,1.9486499960680206
2025-07-15,13,119,1077.001827103809,0.0,1.9816001409153057
2025-07-15,13,120,1066.6616236127666,0.0,2.021227081236348
2025-07-15,13,121,1033.7103992228815,0.0,1.935828656101349
2025-07-15,13,122,1053.2401261534205,0.0,1.8714485762499735
2025-07-15,13,123,1081.3890723730121,0.0,1.8853993564756957
2025-07-15,13,124,1083.7375751776171,0.0,2.039193499207694
2025-07-15,13,125,1038.0447059687513,0.0,1.693854404757792
2025-07-15,13,126,1004.4377378217698,0.0,1.1614276038754978
2025-07-15,13,127,1030.6007018754008,0.0,1.0823664886859876
2025-07-15,13,128,1043.6629716112152,0.0,1.1308817064276644
2025-07-15,13,129,1060.7383549704027,0.0,1.1363239816700121
2025-07-15,13,130,1141.1403617657888,0.0,1.2161475765178167
2025-07-15,13,131,991.2312716472538,0.0,0.971924141986268
2025-07-15,13,132,762.5067539338285,0.0,0.5299392534776755
2025-07-15,13,133,768.292039540774,0.0,0.5120120887751056
2025-07-15,13,134,834.0964387067955,0.0,0.5676334424727911
2025-07-15,13,135,823.9938172312447,0.0,0.5548685659056638
2025-07-15,13,136,813.483283562318,0.0,0.6273358794374599
2025-07-15,13,137,807.8020153359598,0.0,0.6613303608914147
2025-07-15,13,138,785.4488295202094,0.0,0.6302338425928882
2025-07-15,13,139,861.3094306347961,0.0,0.6350282846556861
2025-07-15,13,140,856.9437627813892,0.0,0.6216928099363672
2025-07-15,13,141,821.0157207045789,0.0,0.5767703310505832
2025-07-15,13,142,818.4113218044649,0.0,0.5895524891946362
2025-07-15,13,143,845.6106349311432,0.0,0.6080553405490767
2025-07-15,13,144,817.8543430718247,0.0,0.5898681421756953
2025-07-15,14,1,734.878244075339,0.0,0.5170469704064755
2025-07-15,14,2,785.9809387457536,0.0,0.5782851984361608
2025-07-15,14,3,863.8500074101642,0.0,0.5825887181959356
2025-07-15,14,4,755.2731298780217,0.0,0.4752675181203231
2025-07-15,14,5,713.4110138902503,0.0,0.48743293406954
2025-07-15,14,6,753.6905651174382,0.0,0.609592033653061
2025-07-15,14,7,762.3521649852696,0.0,0.5601750233288298
2025-07-15,14,8,692.8881997400566,0.0,0.5119843254896758
2025-07-15,14,9,697.5186876950671,0.0,0.48745415337597375
2025-07-15,14,10,772.8695458020367,0.0,0.537734867190404
2025-07-15,14,11,782.7226918467918,0.0,0.5393106542588959
2025-07-15,14,12,810.1859580716365,0.0,0.5432532684881806
2025-07-15,14,13,845.5374583699405,0.0,0.5711523109814929
2025-07-15,14,14,753.4331545552672,0.0,0.5437044025703155
2025-07-15,14,15,684.7799710461635,0.0,0.49199883594523686
2025-07-15,14,16,720.2453303454263,0.0,0.5631601454296925
2025-07-15,14,17,783.6932820396455,0.0,0.573466389732108
2025-07-15,14,18,810.6547638119295,0.0,0.48667204168276007
2025-07-15,14,19,761.8673998740912,0.00018333333333333334,0.5211753929756718
2025-07-15,14,20,790.6999927700977,0.0,0.5684655045295265
2025-07-15,14,21,793.7686087453867,0.0,0.550993752314334
2025-07-15,14,22,788.4897952188612,0.0026666666666666666,0.5506689852433844
2025-07-15,14,23,707.2244943726236,0.0,0.46082583131398197
2025-07-15,14,24,649.5024845639325,0.0,0.39430127040158847
2025-07-15,14,25,714.5458061720808,0.03718333333333333,0.4703326765547548
2025-07-15,14,26,773.6025798173505,0.0,0.5384008911512157
2025-07-15,14,27,764.0634674138871,0.0,0.5470572079153154
2025-07-15,14,28,762.4724763145729,0.8371649778811021,0.593682985441849
2025-07-15,14,29,754.7954603101922,0.0,0.5511149736696251
2025-07-15,14,30,747.1001653424921,0.0,0.45193910668274406
2025-07-15,14,31,733.4049055988556,13.409294205738622,0.5090713235622543
2025-07-15,14,32,708.8774348600583,43.910397377471874,0.51870639158527
2025-07-15,14,33,674.3516180875102,83.81751805716961,0.4160887771210619
2025-07-15,14,34,707.0899803080899,118.71965521945236,0.40107965415386265
2025-07-15,14,35,764.0040290124706,158.1842536482806,0.6238906372092339
2025-07-15,14,36,874.2862766395285,204.92928253084537,0.884144107201894
2025-07-15,14,37,865.7378375662636,250.32834752819474,0.9069954380489046
2025-07-15,14,38,839.8906908309887,294.32461112256885,0.8788855183040921
2025-07-15,14,39,861.1732913139017,335.61386706815983,0.9400588516685869
2025-07-15,14,40,918.5378948502907,376.1013934315846,0.9167911340692333
2025-07-15,14,41,923.5479063798372,442.7519814464352,0.8759177809577391
2025-07-15,14,42,905.9550326336246,509.93831626283196,0.8045128843215226
2025-07-15,14,43,886.3359882244088,523.8081419527175,0.8063718764922595
2025-07-15,14,44,896.7757610913184,546.0860971018208,0.7913928059855269
2025-07-15,14,45,905.1039586435467,596.4354576743474,0.6991435518555527
2025-07-15,14,46,951.6879579987917,633.4174998319897,0.7005071263708482
2025-07-15,14,47,970.2304063125079,668.0482149380433,0.9547318073859277
2025-07-15,14,48,1127.9155380533816,708.6503988601849,1.2082667439280823
2025-07-15,14,49,1151.0655467711726,748.5100271306246,1.1384505721413731
2025-07-15,14,50,1113.3498629894004,782.933058174109,1.0581533893288635
2025-07-15,14,51,1072.370767420963,816.0373100821536,1.0629731514658316
2025-07-15,14,52,1050.6987330385527,858.4278103952175,1.0017840635081159
2025-07-15,14,53,1122.5744783392295,870.8424690144387,1.0421857356002138
2025-07-15,14,54,1206.5464501756514,897.3522346322225,1.1361343032076745
2025-07-15,14,55,1212.7556750837045,1012.2125960689148,1.054071849602307
2025-07-15,14,56,1178.6165359639308,1063.2935075382659,0.985994279080724
2025-07-15,14,57,1151.158891427354,1038.6521814429193,1.0457443639865074
2025-07-15,14,58,1177.415179711677,1078.290608870289,0.9954809070739419
2025-07-15,14,59,1193.4880251677928,1137.1906397020487,1.0725275991881238
2025-07-15,14,60,1184.7973714335274,1181.8156866099232,1.1979910574397254
2025-07-15,14,61,1209.7959254637317,1220.959064967251,1.2164684291446848
2025-07-15,14,62,1204.7678109797541,1226.2717725051036,1.1574549555520715
2025-07-15,14,63,1144.6094350429228,1223.6237677799181,1.1517091821935457
2025-07-15,14,64,1145.2860891017438,1281.5976036436723,1.2050654392559275
2025-07-15,14,65,1150.7332425149941,1389.812149008179,0.9112142662573312
2025-07-15,14,66,1152.0300873851052,1469.198617710821,0.44961072919254474
2025-07-15,14,67,1170.7991827968183,1447.3114064764468,0.4390980498594342
2025-07-15,14,68,1189.2529193783603,1454.4061626095875,0.48055128144548054
2025-07-15,14,69,1229.3699152371487,1509.9724480124914,0.47120648906801854
2025-07-15,14,70,1211.9952631333342,1506.1049993996312,0.49997362729122485
2025-07-15,14,71,1174.6760310917273,1498.8913501617099,0.4660046268676902
2025-07-15,14,72,1132.0904793816946,1511.7945074023862,0.45582644871454425
2025-07-15,14,73,1104.4209073997092,1499.6794241516452,0.5005771129948446
2025-07-15,14,74,1122.7320140203726,1460.4907562690291,0.5013728002040478
2025-07-15,14,75,1168.4370868796993,1391.3237255222712,0.5062000391238666
2025-07-15,14,76,1141.7280792967733,1306.0274342071582,0.4736959279581706
2025-07-15,14,77,1144.1404855252836,1325.473144802548,0.6327225121564042
2025-07-15,14,78,1170.6359855388775,1402.7837096244627,0.8686622969801443
2025-07-15,14,79,1191.4900066138653,1370.6734335926915,0.9115185226587245
2025-07-15,14,80,1166.2492851539128,1360.1269475762772,0.8809494568675824
2025-07-15,14,81,1173.396244584549,1399.3347916471057,0.8517760630880944
2025-07-15,14,82,1185.4599998648316,1372.6760544958793,0.9181861848382843
2025-07-15,14,83,1184.8450436331598,1305.9442924629743,1.0423528214665108
2025-07-15,14,84,1181.42170683222,1242.3368185137895,1.179249894325773
2025-07-15,14,85,1256.4235079289535,1199.6259576348843,1.2399043786148054
2025-07-15,14,86,1266.0034725767578,1185.3442710321617,1.1985918283915273
2025-07-15,14,87,1213.7632992792376,1175.793529957839,1.2219099973318006
2025-07-15,14,88,1194.6565483444938,1134.5612700215825,1.3046412368722815
2025-07-15,14,89,1215.581237369249,1081.0684645392607,1.1359500213118938
2025-07-15,14,90,1244.8514211330328,1029.557541108963,0.8095944926460523
2025-07-15,14,91,1252.5789829619287,982.3593307441095,0.8142067219364568
2025-07-15,14,92,1237.2528440289182,948.1172192003277,0.8141244193806937
2025-07-15,14,93,1218.6177121804562,903.4918199279584,0.743454899787022
2025-07-15,14,94,1287.9794124838065,814.5074921888306,0.8522217026319557
2025-07-15,14,95,1313.2217965075329,742.6359617015289,0.9518838867549012
2025-07-15,14,96,1264.8219028030517,707.6213154849748,0.9258131360333522
2025-07-15,14,97,1257.1130685057974,678.9592403116366,0.9012439783343715
2025-07-15,14,98,1251.2312116567225,676.4296674304322,0.882632551717439
2025-07-15,14,99,1248.6510617612355,668.9846051202429,0.9107816245402753
2025-07-15,14,100,1276.7177444898914,588.9549382738842,1.0293054669464088
2025-07-15,14,101,1271.7539978182901,493.62954580041804,1.084598351017629
2025-07-15,14,102,1231.2925884928252,429.1164444929225,1.0781016129826004
2025-07-15,14,103,1299.5139872910438,395.2735361247003,1.1169200318761834
2025-07-15,14,104,1323.2326872584395,357.32855635077595,1.1680139373292717
2025-07-15,14,105,1283.9857704894878,307.81504211451846,1.2053087280547468
2025-07-15,14,106,1264.2356530665581,268.50198335119893,1.1516966006337945
2025-07-15,14,107,1158.2908169287866,227.64762761445527,1.1807284376787468
2025-07-15,14,108,940.7073905102952,182.46475653294692,1.2411672599884689
2025-07-15,14,109,897.9768367828999,144.65242443243991,1.3154357415650642
2025-07-15,14,110,957.73331214183,109.517054939925,1.3562747717734704
2025-07-15,14,111,990.7821497889861,73.40636974789442,1.3438906442220602
2025-07-15,14,112,970.4392779951576,39.16026669378723,1.3087949807035177
2025-07-15,14,113,984.2487280126053,13.460355808308837,1.4387889460860759
2025-07-15,14,114,1067.884277527723,0.0,1.6717073505995554
2025-07-15,14,115,1039.1452223186184,0.0,1.7203579580589305
2025-07-15,14,116,1046.7262546997395,0.9114752831766263,1.7355093908987576
2025-07-15,14,117,1012.7757468057237,0.0,1.7210580934306299
2025-07-15,14,118,996.4456084509933,0.0,1.6578502199853313
2025-07-15,14,119,1016.7437898579137,0.04113333333333333,1.6960936133338238
2025-07-15,14,120,1043.1723521163215,0.0,1.7709622957245683
2025-07-15,14,121,982.0284339538748,0.0,1.6703089558869746
2025-07-15,14,122,1021.1375952495965,0.00295,1.6651337988283972
2025-07-15,14,123,1077.5740685597389,0.0,1.760531125284755
2025-07-15,14,124,1010.5693806795854,0.0,1.7591859201220168
2025-07-15,14,125,1006.4578312201116,0.00021666666666666666,1.4648067525660728
2025-07-15,14,126,1065.0885217504601,0.0,1.1052411127059676
2025-07-15,14,127,1019.0587071969422,0.0,1.1131075144687579
2025-07-15,14,128,969.2104853093534,0.0,1.1191840011614356
2025-07-15,14,129,1020.6996297952954,0.0,1.088796620917924
2025-07-15,14,130,1026.170130695149,0.0,1.1288006508828314
2025-07-15,14,131,948.4547954677314,0.0,0.9127184902080016
2025-07-15,14,132,882.3636876194846,0.0,0.5690871917555982
2025-07-15,14,133,844.4846599910418,0.0,0.5628888837570207
2025-07-15,14,134,804.0102567603159,0.0,0.6116691620826331
2025-07-15,14,135,796.0498935115183,0.0,0.5688305125763226
2025-07-15,14,136,871.5705601946935,0.0,0.5233607013109726
2025-07-15,14,137,872.4145145124743,0.0,0.5666832922951809
2025-07-15,14,138,793.2058038038832,0.0,0.6426254515132042
2025-07-15,14,139,839.0609660353985,0.0,0.5481903017828861
2025-07-15,14,140,808.128704506856,0.0,0.4915070562374853
2025-07-15,14,141,758.9917928248058,0.0,0.5116768763223936
2025-07-15,14,142,762.3749208486657,0.0,0.5176673517410028
2025-07-15,14,143,728.511501237695,0.0,0.4915315182926772
2025-07-15,14,144,687.8781585366158,0.0,0.43500237558779825
2025-07-15,15,1,734.878244075339,0.0,0.5170469704064755
2025-07-15,15,2,785.9809387457536,0.0,0.5782851984361608
2025-07-15,15,3,863.8500074101642,0.0,0.5825887181959356
2025-07-15,15,4,755.2731298780217,0.0,0.4752675181203231
2025-07-15,15,5,713.4110138902503,0.0,0.48743293406954
2025-07-15,15,6,753.6905651174382,0.0,0.609592033653061
2025-07-15,15,7,762.3521649852696,0.0,0.5601750233288298
2025-07-15,15,8,692.8881997400566,0.0,0.5119843254896758
2025-07-15,15,9,697.5186876950671,0.0,0.48745415337597375
2025-07-15,15,10,772.8695458020367,0.0,0.537734867190404
2025-07-15,15,11,782.7226918467918,0.0,0.5393106542588959
2025-07-15,15,12,810.1859580716365,0.0,0.5432532684881806
2025-07-15,15,13,845.5374583699405,0.0,0.5711523109814929
2025-07-15,15,14,753.4331545552672,0.0,0.5437044025703155
2025-07-15,15,15,684.7799710461635,0.0,0.49199883594523686
2025-07-15,15,16,720.2453303454263,0.0,0.5631601454296925
2025-07-15,15,17,783.6932820396455,0.0,0.573466389732108
2025-07-15,15,18,810.6547638119295,0.0,0.48667204168276007
2025-07-15,15,19,761.8673998740912,0.00018333333333333334,0.5211753929756718
2025-07-15,15,20,790.6999927700977,0.0,0.5684655045295265
2025-07-15,15,21,793.7686087453867,0.0,0.550993752314334
2025-07-15,15,22,788.4897952188612,0.0026666666666666666,0.5506689852433844
2025-07-15,15,23,707.2244943726236,0.0,0.46082583131398197
2025-07-15,15,24,649.5024845639325,0.0,0.39430127040158847
2025-07-15,15,25,714.5458061720808,0.03718333333333333,0.4703326765547548
2025-07-15,15,26,773.6025798173505,0.0,0.5384008911512157
2025-07-15,15,27,764.0634674138871,0.0,0.5470572079153154
2025-07-15,15,28,762.4724763145729,0.8371649778811021,0.593682985441849
2025-07-15,15,29,754.7954603101922,0.0,0.5511149736696251
2025-07-15,15,30,747.1001653424921,0.0,0.45193910668274406
2025-07-15,15,31,733.4049055988556,13.409294205738622,0.5090713235622543
2025-07-15,15,32,708.8774348600583,43.910397377471874,0.51870639158527
2025-07-15,15,33,674.3516180875102,83.81751805716961,0.4160887771210619
2025-07-15,15,34,707.0899803080899,118.71965521945236,0.40107965415386265
2025-07-15,15,35,764.0040290124706,158.1842536482806,0.6238906372092339
2025-07-15,15,36,874.2862766395285,204.92928253084537,0.884144107201894
2025-07-15,15,37,865.7378375662636,250.32834752819474,0.9069954380489046
2025-07-15,15,38,839.8906908309887,294.32461112256885,0.8788855183040921
2025-07-15,15,39,861.1732913139017,335.61386706815983,0.9400588516685869
2025-07-15,15,40,918.5378948502907,376.1013934315846,0.9167911340692333
2025-07-15,15,41,923.5479063798372,442.7519814464352,0.8759177809577391
2025-07-15,15,42,905.9550326336246,509.93831626283196,0.8045128843215226
2025-07-15,15,43,886.3359882244088,523.8081419527175,0.8063718764922595
2025-07-15,15,44,896.7757610913184,546.0860971018208,0.7913928059855269
2025-07-15,15,45,905.1039586435467,596.4354576743474,0.6991435518555527
2025-07-15,15,46,951.6879579987917,633.4174998319897,0.7005071263708482
2025-07-15,15,47,970.2304063125079,668.0482149380433,0.9547318073859277
2025-07-15,15,48,1127.9155380533816,708.6503988601849,1.2082667439280823
2025-07-15,15,49,1151.0655467711726,748.5100271306246,1.1384505721413731
2025-07-15,15,50,1113.3498629894004,782.933058174109,1.0581533893288635
2025-07-15,15,51,1072.370767420963,816.0373100821536,1.0629731514658316
2025-07-15,15,52,1050.6987330385527,858.4278103952175,1.0017840635081159
2025-07-15,15,53,1122.5744783392295,870.8424690144387,1.0421857356002138
2025-07-15,15,54,1206.5464501756514,897.3522346322225,1.1361343032076745
2025-07-15,15,55,1212.7556750837045,1012.2125960689148,1.054071849602307
2025-07-15,15,56,1178.6165359639308,1063.2935075382659,0.985994279080724
2025-07-15,15,57,1151.158891427354,1038.6521814429193,1.0457443639865074
2025-07-15,15,58,1177.415179711677,1078.290608870289,0.9954809070739419
2025-07-15,15,59,1193.4880251677928,1137.1906397020487,1.0725275991881238
2025-07-15,15,60,1184.7973714335274,1181.8156866099232,1.1979910574397254
2025-07-15,15,61,1209.7959254637317,1220.959064967251,1.2164684291446848
2025-07-15,15,62,1204.7678109797541,1226.2717725051036,1.1574549555520715
2025-07-15,15,63,1144.6094350429228,1223.6237677799181,1.1517091821935457
2025-07-15,15,64,1145.2860891017438,1281.5976036436723,1.2050654392559275
2025-07-15,15,65,1150.7332425149941,1389.812149008179,0.9112142662573312
2025-07-15,15,66,1152.0300873851052,1469.198617710821,0.44961072919254474
2025-07-15,15,67,1170.7991827968183,1447.3114064764468,0.4390980498594342
2025-07-15,15,68,1189.2529193783603,1454.4061626095875,0.48055128144548054
2025-07-15,15,69,1229.3699152371487,1509.9724480124914,0.47120648906801854
2025-07-15,15,70,1211.9952631333342,1506.1049993996312,0.49997362729122485
2025-07-15,15,71,1174.6760310917273,1498.8913501617099,0.4660046268676902
2025-07-15,15,72,1132.0904793816946,1511.7945074023862,0.45582644871454425
2025-07-15,15,73,1104.4209073997092,1499.6794241516452,0.5005771129948446
2025-07-15,15,74,1122.7320140203726,1460.4907562690291,0.5013728002040478
2025-07-15,15,75,1168.4370868796993,1391.3237255222712,0.5062000391238666
2025-07-15,15,76,1141.7280792967733,1306.0274342071582,0.4736959279581706
2025-07-15,15,77,1144.1404855252836,1325.473144802548,0.6327225121564042
2025-07-15,15,78,1170.6359855388775,1402.7837096244627,0.8686622969801443
2025-07-15,15,79,1191.4900066138653,1370.6734335926915,0.9115185226587245
2025-07-15,15,80,1166.2492851539128,1360.1269475762772,0.8809494568675824
2025-07-15,15,81,1173.396244584549,1399.3347916471057,0.8517760630880944
2025-07-15,15,82,1185.4599998648316,1372.6760544958793,0.9181861848382843
2025-07-15,15,83,1184.8450436331598,1305.9442924629743,1.0423528214665108
2025-07-15,15,84,1181.42170683222,1242.3368185137895,1.179249894325773
2025-07-15,15,85,1256.4235079289535,1199.6259576348843,1.2399043786148054
2025-07-15,15,86,1266.0034725767578,1185.3442710321617,1.1985918283915273
2025-07-15,15,87,1213.7632992792376,1175.793529957839,1.2219099973318006
2025-07-15,15,88,1194.6565483444938,1134.5612700215825,1.3046412368722815
2025-07-15,15,89,1215.581237369249,1081.0684645392607,1.1359500213118938
2025-07-15,15,90,1244.8514211330328,1029.557541108963,0.8095944926460523
2025-07-15,15,91,1252.5789829619287,982.3593307441095,0.8142067219364568
2025-07-15,15,92,1237.2528440289182,948.1172192003277,0.8141244193806937
2025-07-15,15,93,1218.6177121804562,903.4918199279584,0.743454899787022
2025-07-15,15,94,1287.9794124838065,814.5074921888306,0.8522217026319557
2025-07-15,15,95,1313.2217965075329,742.6359617015289,0.9518838867549012
2025-07-15,15,96,1264.8219028030517,707.6213154849748,0.9258131360333522
2025-07-15,15,97,1257.1130685057974,678.9592403116366,0.9012439783343715
2025-07-15,15,98,1251.2312116567225,676.4296674304322,0.882632551717439
2025-07-15,15,99,1248.6510617612355,668.9846051202429,0.9107816245402753
2025-07-15,15,100,1276.7177444898914,588.9549382738842,1.0293054669464088
2025-07-15,15,101,1271.7539978182901,493.62954580041804,1.084598351017629
2025-07-15,15,102,1231.2925884928252,429.1164444929225,1.0781016129826004
2025-07-15,15,103,1299.5139872910438,395.2735361247003,1.1169200318761834
2025-07-15,15,104,1323.2326872584395,357.32855635077595,1.1680139373292717
2025-07-15,15,105,1283.9857704894878,307.81504211451846,1.2053087280547468
2025-07-15,15,106,1264.2356530665581,268.50198335119893,1.1516966006337945
2025-07-15,15,107,1158.2908169287866,227.64762761445527,1.1807284376787468
2025-07-15,15,108,940.7073905102952,182.46475653294692,1.2411672599884689
2025-07-15,15,109,897.9768367828999,144.65242443243991,1.3154357415650642
2025-07-15,15,110,957.73331214183,109.517054939925,1.3562747717734704
2025-07-15,15,111,990.7821497889861,73.40636974789442,1.3438906442220602
2025-07-15,15,112,970.4392779951576,39.16026669378723,1.3087949807035177
2025-07-15,15,113,984.2487280126053,13.460355808308837,1.4387889460860759
2025-07-15,15,114,1067.884277527723,0.0,1.6717073505995554
2025-07-15,15,115,1039.1452223186184,0.0,1.7203579580589305
2025-07-15,15,116,1046.7262546997395,0.9114752831766263,1.7355093908987576
2025-07-15,15,117,1012.7757468057237,0.0,1.7210580934306299
2025-07-15,15,118,996.4456084509933,0.0,1.6578502199853313
2025-07-15,15,119,1016.7437898579137,0.04113333333333333,1.6960936133338238
2025-07-15,15,120,1043.1723521163215,0.0,1.7709622957245683
2025-07-15,15,121,982.0284339538748,0.0,1.6703089558869746
2025-07-15,15,122,1021.1375952495965,0.00295,1.6651337988283972
2025-07-15,15,123,1077.5740685597389,0.0,1.760531125284755
2025-07-15,15,124,1010.5693806795854,0.0,1.7591859201220168
2025-07-15,15,125,1006.4578312201116,0.00021666666666666666,1.4648067525660728
2025-07-15,15,126,1065.0885217504601,0.0,1.1052411127059676
2025-07-15,15,127,1019.0587071969422,0.0,1.1131075144687579
2025-07-15,15,128,969.2104853093534,0.0,1.1191840011614356
2025-07-15,15,129,1020.6996297952954,0.0,1.088796620917924
2025-07-15,15,130,1026.170130695149,0.0,1.1288006508828314
2025-07-15,15,131,948.4547954677314,0.0,0.9127184902080016
2025-07-15,15,132,882.3636876194846,0.0,0.5690871917555982
2025-07-15,15,133,844.4846599910418,0.0,0.5628888837570207
2025-07-15,15,134,804.0102567603159,0.0,0.6116691620826331
2025-07-15,15,135,796.0498935115183,0.0,0.5688305125763226
2025-07-15,15,136,871.5705601946935,0.0,0.5233607013109726
2025-07-15,15,137,872.4145145124743,0.0,0.5666832922951809
2025-07-15,15,138,793.2058038038832,0.0,0.6426254515132042
2025-07-15,15,139,839.0609660353985,0.0,0.5481903017828861
2025-07-15,15,140,808.128704506856,0.0,0.4915070562374853
2025-07-15,15,141,758.9917928248058,0.0,0.5116768763223936
2025-07-15,15,142,762.3749208486657,0.0,0.5176673517410028
2025-07-15,15,143,728.511501237695,0.0,0.4915315182926772
2025-07-15,15,144,687.8781585366158,0.0,0.43500237558779825
2025-07-15,16,1,770.3775705027819,0.0,0.555489529737446
2025-07-15,16,2,791.2741496790613,0.0,0.5928093750562815
2025-07-15,16,3,850.580811826858,0.0,0.6435176055943281
2025-07-15,16,4,768.6973411581571,0.0,0.5805781241592982
2025-07-15,16,5,723.9079043993212,0.0,0.5311183007492037
2025-07-15,16,6,695.6936096636889,0.0,0.5629451971099276
2025-07-15,16,7,740.1873213774869,0.0,0.6075043974130718
2025-07-15,16,8,772.3936715959395,0.0,0.6068062328245825
2025-07-15,16,9,846.6150544271702,0.0,0.5827133116047524
2025-07-15,16,10,821.6442455534166,0.0,0.5850971183716817
2025-07-15,16,11,790.6114887610188,0.0,0.5996389926014096
2025-07-15,16,12,795.4477743177752,0.0,0.5920693127964938
2025-07-15,16,13,803.146017160977,0.0,0.5757529507372441
2025-07-15,16,14,765.8928283319649,0.0,0.5441589968400768
2025-07-15,16,15,753.7186656255562,0.0,0.5282983614345536
2025-07-15,16,16,748.7448562400707,0.0,0.539048908865068
2025-07-15,16,17,788.2412500204938,0.0,0.5047634013428981
2025-07-15,16,18,823.7688945407817,0.0,0.45470768145191975
2025-07-15,16,19,793.6615880964825,0.0,0.4949192842383459
2025-07-15,16,20,808.1506910589624,0.0,0.5472345610315303
2025-07-15,16,21,797.7443418819416,0.0,0.5832976241465171
2025-07-15,16,22,718.6075498508651,0.0,0.5849487548037209
2025-07-15,16,23,707.5256521116496,0.0,0.5239353348121255
2025-07-15,16,24,766.426680641089,0.0,0.4991429752802359
2025-07-15,16,25,757.0108077049247,0.0,0.5233570283882283
2025-07-15,16,26,748.8488142725522,0.0,0.5208849505753783
2025-07-15,16,27,732.7317716184625,0.0,0.48179999130831025
2025-07-15,16,28,729.66824310012,0.0,0.4707232364317092
2025-07-15,16,29,736.439574993561,0.0,0.48404766335412286
2025-07-15,16,30,752.4043092805489,0.0,0.45967497992247736
2025-07-15,16,31,716.5999584735536,2.418730592634148,0.4698994980716768
2025-07-15,16,32,706.0403477041227,34.19501646738701,0.48982015032206466
2025-07-15,16,33,709.6958543558187,50.27221687697707,0.4652202635046331
2025-07-15,16,34,713.8103902327065,81.91440378532577,0.3869068818030304
2025-07-15,16,35,724.4412120676614,121.08908801909669,0.5849571373007374
2025-07-15,16,36,883.8702487049424,158.75656011443772,0.9214514416250434
2025-07-15,16,37,914.540250268172,198.26137983956335,0.9174470308837251
2025-07-15,16,38,889.1133527703909,258.0121769267505,0.8253581899644643
2025-07-15,16,39,848.5617510593955,321.3246377675574,0.8290730907828945
2025-07-15,16,40,864.0289580468221,373.80351165723323,0.8334750835763635
2025-07-15,16,41,906.8800871791551,418.09487152897094,0.80610254065858
2025-07-15,16,42,930.7300903829506,469.4941819169749,0.7714028478262837
2025-07-15,16,43,883.1973084666568,508.89296156288543,0.7954833432592977
2025-07-15,16,44,863.8498583193679,531.441095016987,0.7848730776353489
2025-07-15,16,45,892.1471450787442,580.4441351851062,0.6710563337540247
2025-07-15,16,46,871.922406070013,615.5630829995645,0.6283521710340159
2025-07-15,16,47,923.1072683131389,648.6140818796478,0.8641268505725667
2025-07-15,16,48,1131.8874580121446,697.4927882477032,1.1969022946210117
2025-07-15,16,49,1141.9571000445237,764.1123519144286,1.223089999735465
2025-07-15,16,50,1125.6007631399457,765.8980744745934,1.1125772208678784
2025-07-15,16,51,1124.6726886922613,761.9729587122449,1.037246673485701
2025-07-15,16,52,1110.9886560868445,783.441000237351,1.080261507097247
2025-07-15,16,53,1113.376395548532,846.9912250729041,1.1291508281093998
2025-07-15,16,54,1161.7947258112,867.280807333747,1.148843845357474
2025-07-15,16,55,1186.5263693949391,849.6196549226468,1.1357826466093188
2025-07-15,16,56,1195.2857395375606,927.3053805312011,1.0445356644515051
2025-07-15,16,57,1194.4739847822398,1076.832202036324,0.9472788508438836
2025-07-15,16,58,1156.5630689801824,1126.0766230603406,0.9153216949735357
2025-07-15,16,59,1181.9791438203533,1187.9702069394757,1.0401055324814186
2025-07-15,16,60,1227.1748944950023,1234.8952081672633,1.1805247519964523
2025-07-15,16,61,1194.4851515543369,1236.9946669458375,1.1630800427956332
2025-07-15,16,62,1194.023820186126,1244.4376596021812,1.126353352959352
2025-07-15,16,63,1210.9336652660775,1284.2996083901887,1.2048801184011824
2025-07-15,16,64,1171.6235200209974,1309.5625047068256,1.225503102358598
2025-07-15,16,65,1144.3633701445224,1369.4594055512032,0.942991020670118
2025-07-15,16,66,1187.6611746393182,1411.5107164298822,0.5872548625026566
2025-07-15,16,67,1220.86289652279,1430.943014322193,0.5370085369396727
2025-07-15,16,68,1199.317138876946,1540.123696415285,0.5367855254858436
2025-07-15,16,69,1175.9912029925085,1695.6329015765766,0.46956793823689125
2025-07-15,16,70,1190.0774948308176,1644.083410254315,0.48317105768974994
2025-07-15,16,71,1167.1631133040473,1548.2278618142514,0.4993241067878633
2025-07-15,16,72,1131.2398367638657,1552.9153626534674,0.46750922529522587
2025-07-15,16,73,1143.9286916728329,1652.0350562680792,0.42208068935907395
2025-07-15,16,74,1165.0916415787342,1698.083126933088,0.4147313598435832
2025-07-15,16,75,1179.0633630919774,1662.1761763706288,0.4052545861672825
2025-07-15,16,76,1192.033305242629,1634.9353306872922,0.3897554339770838
2025-07-15,16,77,1195.011105849679,1636.8892170047154,0.5316069705747573
2025-07-15,16,78,1199.462709274741,1570.8085018694799,0.794883001166551
2025-07-15,16,79,1235.0442655828915,1464.8769948925692,0.919228030043363
2025-07-15,16,80,1219.0864959917953,1431.0244177048946,0.8776250780877665
2025-07-15,16,81,1189.0756609456598,1455.2366889442587,0.8156144180717078
2025-07-15,16,82,1235.8332713876478,1345.2795721709092,0.9599166959355617
2025-07-15,16,83,1245.7064194594786,1252.6917158902681,1.1761496045061168
2025-07-15,16,84,1215.9776081562047,1201.9290199457205,1.327967904272363
2025-07-15,16,85,1251.3248845632197,1187.7406202856444,1.362112096524518
2025-07-15,16,86,1273.9465456521648,1145.171298573708,1.3451308452130442
2025-07-15,16,87,1270.3368190940919,1118.6391399644651,1.3919837627545955
2025-07-15,16,88,1307.5177449109706,1139.0065296650882,1.3875888066538167
2025-07-15,16,89,1296.1461732589535,1147.196172683876,1.0723665609334407
2025-07-15,16,90,1237.6913582877994,1088.7194769661055,0.6732162185471615
2025-07-15,16,91,1258.8115791823896,1032.2174055009518,0.7384881389290952
2025-07-15,16,92,1266.5323909484268,980.6353308091904,0.8566666585557916
2025-07-15,16,93,1228.8229892293996,907.4944282297089,0.8381174990244611
2025-07-15,16,94,1242.4631766684777,890.3367490239777,0.8675063506629982
2025-07-15,16,95,1275.2667290714212,862.137180211248,0.8885158194920703
2025-07-15,16,96,1270.7813343728264,792.0521217955129,0.8773315180109211
2025-07-15,16,97,1184.9498414265272,698.7093374082289,0.8670246772972566
2025-07-15,16,98,1199.0701770052806,660.3425123968856,0.8959262739209818
2025-07-15,16,99,1281.5868956764007,664.5217922827931,0.9805338714220914
2025-07-15,16,100,1231.9346943746086,634.459225607635,0.9902741224128312
2025-07-15,16,101,1194.5990249526403,553.5772587843343,0.9821172249982044
2025-07-15,16,102,1181.1666860429186,489.19074811091207,1.0372761979377678
2025-07-15,16,103,1228.6175933575973,481.7576957368366,1.086200812282684
2025-07-15,16,104,1251.439864721355,414.45970093652494,1.120629056551099
2025-07-15,16,105,1251.6200049565327,325.4877475377381,1.1087597287854913
2025-07-15,16,106,1286.904383684057,282.4777238436311,1.1042830259960896
2025-07-15,16,107,1220.4034905288477,236.88910277317083,1.2016474774948653
2025-07-15,16,108,954.4581282818053,178.8821472706917,1.3248230020015537
2025-07-15,16,109,908.8902982307302,138.93798140092093,1.3601022975379868
2025-07-15,16,110,945.2501026773838,112.34620238247062,1.4001307673472132
2025-07-15,16,111,983.4092633446506,66.30723172431618,1.393090674459534
2025-07-15,16,112,1006.7271680601899,41.70589039812463,1.370385982284718
2025-07-15,16,113,1013.8116187290526,5.89612739768096,1.4975716797198708
2025-07-15,16,114,1061.9895525960687,0.0,1.7927176841353027
2025-07-15,16,115,1064.4133353074258,0.0,1.7689573513234236
2025-07-15,16,116,1025.0473731320003,0.0,1.6872911106242245
2025-07-15,16,117,927.9669519471156,0.0,1.6710691449461847
2025-07-15,16,118,995.7684820285417,0.0,1.659523836237789
2025-07-15,16,119,1003.7170007688874,0.0,1.657407581810389
2025-07-15,16,120,961.9335013855431,0.0,1.6971354461094683
2025-07-15,16,121,950.8373994812919,0.0,1.6517650474066077
2025-07-15,16,122,1022.9769523017574,0.0,1.6292924497795827
2025-07-15,16,123,1089.9944315107473,0.0,1.6644287480840494
2025-07-15,16,124,1043.2678751687931,0.0,1.7790205727164086
2025-07-15,16,125,940.5957425667846,0.0,1.5252015423472134
2025-07-15,16,126,897.5232314747965,0.0,1.104510353480891
2025-07-15,16,127,960.8441259246721,0.0,1.0708683845379794
2025-07-15,16,128,1016.5484275971487,0.0,1.1312689208059814
2025-07-15,16,129,1046.69045783524,0.0,1.1331123515517056
2025-07-15,16,130,1063.571697804231,0.0,1.175827408179663
2025-07-15,16,131,922.8663552150225,0.0,0.9407780986085892
2025-07-15,16,132,761.0931575036395,0.0,0.5669418884517852
2025-07-15,16,133,762.0542400472459,0.0,0.6066797174846503
2025-07-15,16,134,828.2776229948895,0.0,0.6765068204102298
2025-07-15,16,135,823.5265817663233,0.0,0.6125347357276547
2025-07-15,16,136,775.4608223850598,0.0,0.572359756104518
2025-07-15,16,137,761.9062642109221,0.0,0.563906123584488
2025-07-15,16,138,732.8021902422922,0.0,0.5654749411491082
2025-07-15,16,139,797.2769057523947,0.0,0.5620059001554094
2025-07-15,16,140,792.4693829924208,0.0,0.5771120410489239
2025-07-15,16,141,743.6432389279447,0.0,0.5731108174942807
2025-07-15,16,142,730.6969460611538,0.0,0.5298802943546284
2025-07-15,16,143,732.4096231683336,0.0,0.49726531712359723
2025-07-15,16,144,779.4471296615576,0.0,0.5255615127456816
2025-07-15,17,1,811.9892607814866,0.0,0.6485671779865685
2025-07-15,17,2,804.5672668578507,0.0,0.6663605039946778
2025-07-15,17,3,797.0324303629926,0.0,0.6052164920600785
2025-07-15,17,4,798.3631410711898,0.0,0.5642875744728424
2025-07-15,17,5,786.2386208930124,0.0,0.5859196438626615
2025-07-15,17,6,760.2874625618047,0.0,0.6448630706361196
2025-07-15,17,7,812.2811751770074,0.0,0.6168020545082494
2025-07-15,17,8,811.1598000730658,0.0,0.5710874215387762
2025-07-15,17,9,853.2842242548749,0.0,0.5747174400720747
2025-07-15,17,10,857.3089514360319,0.0,0.6223836614725525
2025-07-15,17,11,860.3391289765281,0.0,0.6396376025533499
2025-07-15,17,12,852.2893302639402,0.0,0.637573563990854
2025-07-15,17,13,809.5384506934686,0.0,0.6082595628194232
2025-07-15,17,14,761.794818512537,0.0,0.5741357275225248
2025-07-15,17,15,746.9268108428967,0.0,0.5541835799945543
2025-07-15,17,16,747.5700094234148,0.0,0.594086603777113
2025-07-15,17,17,751.9921665973213,0.0,0.584551817128252
2025-07-15,17,18,748.0900428112366,0.0,0.5490573364752107
2025-07-15,17,19,752.8107136581538,0.0003,0.5803017312880663
2025-07-15,17,20,754.6746715877306,0.0,0.5798584386278998
2025-07-15,17,21,721.7903392958971,0.0,0.5344346329656386
2025-07-15,17,22,778.5729073991142,0.004066666666666666,0.6183850065660481
2025-07-15,17,23,791.1776505623787,0.0,0.6017831569397061
2025-07-15,17,24,760.0998944419842,0.0,0.5307988209222055
2025-07-15,17,25,765.6020825711219,0.05673333333333333,0.5726091642100001
2025-07-15,17,26,779.9530123793958,0.0,0.6202627123732873
2025-07-15,17,27,762.9717577519406,0.0,0.6257611792116518
2025-07-15,17,28,720.1564503554176,1.109514977881102,0.5862081148374112
2025-07-15,17,29,727.116146617833,0.0,0.5574623031201167
2025-07-15,17,30,742.7031063905143,0.0,0.5250248273402831
2025-07-15,17,31,742.2305997307683,19.239242823129093,0.5399279270955004
2025-07-15,17,32,711.3933138518297,49.380051617559886,0.5567799784196769
2025-07-15,17,33,659.6938649079696,85.30146952844176,0.518936174793464
2025-07-15,17,34,681.6306063043231,123.02301057821295,0.45966967665881364
2025-07-15,17,35,780.7641222789614,172.3728036516546,0.6174754558446467
2025-07-15,17,36,877.5580762141409,227.18188275013736,0.8752078844428669
2025-07-15,17,37,875.1006850181905,271.42363311134056,0.9512650146767273
2025-07-15,17,38,812.807702526567,325.92760366785205,0.8649503057076131
2025-07-15,17,39,815.8326209669002,393.2021014314069,0.7844632393516989
2025-07-15,17,40,894.678287897858,450.0234395308537,0.860131404979606
2025-07-15,17,41,870.3070712020532,485.0484468607271,0.8597487089977679
2025-07-15,17,42,839.377107831007,518.2369523347907,0.7308437473676416
2025-07-15,17,43,897.1297240386817,576.8710402112414,0.7314152883335532
2025-07-15,17,44,957.5030570270881,628.3711225757072,0.7607922752056684
2025-07-15,17,45,956.5941704980555,673.6671736069857,0.677964425111136
2025-07-15,17,46,891.0290830835095,743.8849128950199,0.5886780837287059
2025-07-15,17,47,946.443204889723,810.0033116560876,0.8322831222819115
2025-07-15,17,48,1155.4596922892242,843.977061735469,1.2345132004824855
2025-07-15,17,49,1094.8709023063655,847.7558708910932,1.1812613812506707
2025-07-15,17,50,1054.382213740374,890.0279079390584,1.0822482275300862
2025-07-15,17,51,1091.7814681472228,964.7500467150444,1.1067449643494218
2025-07-15,17,52,1045.9001626883376,1006.2182623382312,1.0888185336589329
2025-07-15,17,53,1119.0520015985192,1065.4462487669944,1.085392678688762
2025-07-15,17,54,1208.3742078700993,1140.8079340705299,1.0740619588108145
2025-07-15,17,55,1138.5630176624138,1170.2940275233686,0.9937142018279435
2025-07-15,17,56,1121.9101185054617,1201.9937797240245,0.9494763094398846
2025-07-15,17,57,1183.1013000652106,1251.3176319118286,0.9598439805089789
2025-07-15,17,58,1194.5522392052485,1284.7109394939093,0.9475420028024131
2025-07-15,17,59,1195.9458053948124,1346.4872637907447,1.0762044008709148
2025-07-15,17,60,1182.5797741637978,1424.1738884065694,1.286176887271129
2025-07-15,17,61,1199.993927888859,1431.9342633354438,1.3477214641633517
2025-07-15,17,62,1204.9732332607925,1413.9771899874763,1.2874561150103656
2025-07-15,17,63,1205.1966931166726,1396.6079396846417,1.3145668500416834
2025-07-15,17,64,1134.6873223463517,1374.0057255735076,1.404993284694774
2025-07-15,17,65,1123.0056010230257,1402.1787676256065,1.053742195454636
2025-07-15,17,66,1174.8955559517722,1472.5315194137002,0.48144448659016803
2025-07-15,17,67,1138.5571286155114,1512.4719250332346,0.3148291240011745
2025-07-15,17,68,1150.6301698654966,1522.6438981194142,0.41768674432583963
2025-07-15,17,69,1232.0394484263834,1520.758270535068,0.5272159860613789
2025-07-15,17,70,1225.1317837995332,1529.5223262924433,0.5286805557577355
2025-07-15,17,71,1136.7398210411375,1509.782403696285,0.4819328977451308
2025-07-15,17,72,1106.406592060154,1498.9624018068478,0.3928734924479239
2025-07-15,17,73,1146.546883602646,1570.9201632411107,0.41540658040761247
2025-07-15,17,74,1185.3597506836788,1617.5457154205917,0.44982337344490947
2025-07-15,17,75,1166.7054696907173,1596.561019266595,0.42771776776826514
2025-07-15,17,76,1132.2731670960918,1566.4376610404818,0.4668890837429892
2025-07-15,17,77,1141.8961779591284,1544.0485683431318,0.6066610292340476
2025-07-15,17,78,1153.5865140702322,1516.7942884950583,0.7764358725640912
2025-07-15,17,79,1154.7442057659898,1473.8169546516328,0.8468923364384409
2025-07-15,17,80,1134.7859498903508,1467.1440843616422,0.832978793392116
2025-07-15,17,81,1166.1961546380126,1485.3575004584795,0.7921866957806861
2025-07-15,17,82,1190.1099349522651,1464.1811705283005,0.8356411154669322
2025-07-15,17,83,1200.9930234238102,1463.3376164370395,1.0384569809125819
2025-07-15,17,84,1204.577844654803,1467.2671768604116,1.3331987292894463
2025-07-15,17,85,1238.2994151607938,1396.8157817850968,1.466320925915473
2025-07-15,17,86,1258.9087188539838,1337.74375527815,1.4146719571949073
2025-07-15,17,87,1227.3576642420737,1318.8284288387438,1.4187815719919181
2025-07-15,17,88,1187.408198308626,1292.2185168413152,1.5604137598139804
2025-07-15,17,89,1181.4149992423083,1276.0782029968802,1.2417081970159556
2025-07-15,17,90,1218.3327773635822,1264.3191215238214,0.7161116451343454
2025-07-15,17,91,1200.0556927518833,1216.3907012210802,0.6765693712668717
2025-07-15,17,92,1238.4755428197204,1111.3728623258125,0.8114180662061491
2025-07-15,17,93,1291.862242784832,987.7967206170274,0.8321059377045438
2025-07-15,17,94,1240.6699894474061,911.3425253663293,0.7983532975531994
2025-07-15,17,95,1218.745110441669,823.7406886764145,0.8388181844174162
2025-07-15,17,96,1236.705522969893,725.0349554135292,0.9529441954240159
2025-07-15,17,97,1283.4327195507499,686.7761185426053,0.9873463727090799
2025-07-15,17,98,1278.906850963387,682.5698155468729,0.9888795880723992
2025-07-15,17,99,1249.1827062189118,660.0647253712693,1.0391099450322159
2025-07-15,17,100,1269.574417372687,584.4869722923751,1.074492048734189
2025-07-15,17,101,1304.21419472603,540.5259898893266,1.1077176677450815
2025-07-15,17,102,1309.3241379114236,527.588739458919,1.1389294714129834
2025-07-15,17,103,1294.2427693679008,463.6271766496973,1.1156067305919295
2025-07-15,17,104,1270.1111984258296,395.09162064393365,1.1425139828579296
2025-07-15,17,105,1284.1091951418025,349.4781499117109,1.1599891705744019
2025-07-15,17,106,1273.1465786781189,307.5124674961483,1.0938962668873977
2025-07-15,17,107,1157.7006794484778,260.8823147440596,1.183802841117203
2025-07-15,17,108,927.4845141755968,210.87986943283633,1.3723713482976985
2025-07-15,17,109,942.8130034399325,167.56214460373295,1.4360320767460144
2025-07-15,17,110,979.1593996183442,129.28030263970496,1.4504762306077428
2025-07-15,17,111,971.7850132978119,91.87596970748675,1.3826581528492363
2025-07-15,17,112,967.1445836648684,53.65194709713264,1.4056333670497714
2025-07-15,17,113,945.7636813452865,20.969018236913012,1.578140050475372
2025-07-15,17,114,974.9936814807038,0.0,1.9440169452444689
2025-07-15,17,115,1019.4960357209716,0.0,2.0464916578227905
2025-07-15,17,116,1052.1828553151222,1.2209086165099596,1.9993804282638883
2025-07-15,17,117,963.1338862119183,0.0,1.9521768070759389
2025-07-15,17,118,953.3687683916355,0.0,1.8996687148183014
2025-07-15,17,119,994.1477429917256,0.06334999999999999,1.943140141513041
2025-07-15,17,120,1070.8267437703655,0.0,2.0796506983433973
2025-07-15,17,121,1021.5835927885784,0.0,2.034029954511566
2025-07-15,17,122,1003.5530317102571,0.00455,1.9389446228444849
2025-07-15,17,123,1023.0688561558173,0.0,1.9182473739660735
2025-07-15,17,124,1015.401391735962,0.0,2.038334703399367
2025-07-15,17,125,988.5106927986346,0.0003333333333333333,1.7513115143022062
2025-07-15,17,126,997.4168371771091,0.0,1.2577083847546244
2025-07-15,17,127,1030.1272706643379,0.0,1.1876997359505732
2025-07-15,17,128,1001.0963068925395,0.0,1.1555475318230377
2025-07-15,17,129,947.5887571161797,0.0,1.0847808649490578
2025-07-15,17,130,1006.3855982709263,0.0,1.1890134206667027
2025-07-15,17,131,848.8022107697184,0.0,0.9816040518014804
2025-07-15,17,132,753.9146176484332,0.0,0.5741598449504628
2025-07-15,17,133,831.8198679376053,0.0,0.6435798107354724
2025-07-15,17,134,885.3701531712323,0.0,0.7052104112887627
2025-07-15,17,135,788.6721873564018,0.0,0.6017179828883357
2025-07-15,17,136,815.0163911485596,0.0,0.5770732290424788
2025-07-15,17,137,862.3405416996025,0.0,0.638853381576654
2025-07-15,17,138,786.0444248298937,0.0,0.6410689804692116
2025-07-15,17,139,772.8029080558382,0.0,0.5880033569065632
2025-07-15,17,140,791.6172503959705,0.0,0.5823316613894434
2025-07-15,17,141,803.9810214292337,0.0,0.6264535912806867
2025-07-15,17,142,745.3452737714035,0.0,0.6215467929384464
2025-07-15,17,143,758.703223434094,0.0,0.6143708790121715
2025-07-15,17,144,792.6645574942357,0.0,0.5980433906334265
2025-07-15,18,1,681.6404346265716,0.0,0.4798732049123843
2025-07-15,18,2,708.7237564780592,0.0,0.45824587989346866
2025-07-15,18,3,768.7041588147831,0.0,0.5411887181959355
2025-07-15,18,4,770.7377462612119,0.0,0.5901475689088874
2025-07-15,18,5,755.7189752578521,0.0,0.5787930630866882
2025-07-15,18,6,697.3378654775992,0.0,0.5323956992902122
2025-07-15,18,7,754.5990350137982,0.0,0.5633136407700039
2025-07-15,18,8,744.6915899360054,0.0,0.5347860721468237
2025-07-15,18,9,723.5262963989728,0.0,0.47097395036010026
2025-07-15,18,10,742.9151514874536,0.0,0.5552467428397785
2025-07-15,18,11,729.7824028116397,0.0,0.6148473109195716
2025-07-15,18,12,704.0062183399862,0.0,0.5689650713917456
2025-07-15,18,13,684.5864490326524,0.0,0.5212629618965018
2025-07-15,18,14,650.3449853654864,0.0,0.4826945996940411
2025-07-15,18,15,642.6102864703211,0.0,0.4649722523131242
2025-07-15,18,16,649.3942699930923,0.0,0.5353204116869305
2025-07-15,18,17,740.8074542961881,0.0,0.6123846398773463
2025-07-15,18,18,814.6780207632282,0.0,0.5897427058486495
2025-07-15,18,19,680.6998694761228,0.0,0.5042484887840605
2025-07-15,18,20,621.3784641982961,0.0,0.48240178645004234
2025-07-15,18,21,641.2854822479196,0.0,0.5280433050405822
2025-07-15,18,22,648.872924762175,0.0,0.49908860887556544
2025-07-15,18,23,655.7210393553371,0.0,0.46336750121256076
2025-07-15,18,24,652.874630917701,0.0,0.49723091942837283
2025-07-15,18,25,597.756324287792,0.0,0.5058183527705584
2025-07-15,18,26,605.0116830500194,0.0,0.4973139821702375
2025-07-15,18,27,654.6990111814405,0.0,0.4774948612769652
2025-07-15,18,28,633.3985937411389,0.0,0.4521625510715517
2025-07-15,18,29,653.0240434638154,0.0,0.5077491219301109
2025-07-15,18,30,724.0084443549649,0.0,0.5501913687154429
2025-07-15,18,31,664.7207052374727,5.6535834598316566,0.5227601365443464
2025-07-15,18,32,636.0871386445924,27.753967670952377,0.5138087333484669
2025-07-15,18,33,663.2018578673927,39.85594284759175,0.4581485619997998
2025-07-15,18,34,665.2763287907115,74.71442469572096,0.3979148120908875
2025-07-15,18,35,676.6361347735375,111.6787641700138,0.6003329102221623
2025-07-15,18,36,791.4491905265754,149.54955860797756,0.9485454518689135
2025-07-15,18,37,819.7969538815107,191.47235466966336,0.9851755517353215
2025-07-15,18,38,802.9265310296929,227.57753096119635,0.8915534521506238
2025-07-15,18,39,797.1614202788257,258.27803912947894,0.866406745007979
2025-07-15,18,40,836.1889494687268,299.4500366411675,0.8846911340692333
2025-07-15,18,41,815.6125496867979,320.95706855224114,0.9125317074379419
2025-07-15,18,42,795.9031422021189,357.5290975012592,0.8393844882841458
2025-07-15,18,43,841.6299059653313,417.0198574607303,0.7798232927162334
2025-07-15,18,44,850.4193724577277,453.43181801486907,0.7846747594111692
2025-07-15,18,45,817.1852938050318,476.60511779022374,0.7366948456236948
2025-07-15,18,46,830.3792376313692,534.8523087153568,0.6948944677961706
2025-07-15,18,47,889.2179884302419,557.3830370346817,0.9142940060342403
2025-07-15,18,48,1032.0098048807708,584.913601648306,1.223637365277823
2025-07-15,18,49,1034.266231476262,621.2722328742401,1.2095397600032944
2025-07-15,18,50,1069.525011791168,693.9439727419002,1.193370723009397
2025-07-15,18,51,1117.2469341686485,746.3142709837248,1.2664359997590704
2025-07-15,18,52,1095.7928276903633,805.4435940665808,1.150307353614029
2025-07-15,18,53,1103.045034535399,850.8083938121601,1.0682558744480848
2025-07-15,18,54,1139.795178501212,888.7651569253153,1.1033981438643239
2025-07-15,18,55,1129.395460405895,952.6876804116023,1.0769894332303962
2025-07-15,18,56,1112.2764143103316,1008.9371750922503,1.0299476823236116
2025-07-15,18,57,1112.2785869767633,1029.9054676006833,1.002562124119231
2025-07-15,18,58,1139.3461013578685,1065.7789645802757,0.9868272357434853
2025-07-15,18,59,1151.1291915039628,1092.8989436069492,1.1211057334615209
2025-07-15,18,60,1138.5100680008923,1109.146361151237,1.284993516832401
2025-07-15,18,61,1168.812861061523,1143.439499960767,1.2467703583747893
2025-07-15,18,62,1144.6114270609376,1126.3611663795123,1.1440577675682757
2025-07-15,18,63,1078.4483668570983,1118.5838495917462,1.1218632693253134
2025-07-15,18,64,1051.5587643561948,1162.6765539169858,1.1822766236147884
2025-07-15,18,65,1045.3420312610758,1231.360687045395,0.94862359115775
2025-07-15,18,66,1057.859748594059,1267.3217216826433,0.5558758523917693
2025-07-15,18,67,1101.8749203435816,1355.7261459232564,0.40399804985943416
2025-07-15,18,68,1141.7252480535815,1384.652161920391,0.5254008905665905
2025-07-15,18,69,1168.8670869955517,1318.4821167929335,0.5768064890680186
2025-07-15,18,70,1111.6753785027995,1388.213475470672,0.4648158329097076
2025-07-15,18,71,1025.6020133171658,1484.8063853196481,0.39028999808722287
2025-07-15,18,72,1005.7238778388228,1580.5679230680435,0.3937919238733814
2025-07-15,18,73,1071.0216744958798,1641.7229477823084,0.3931475134063703
2025-07-15,18,74,1093.6217064327482,1657.8964598721939,0.4006956095209421
2025-07-15,18,75,1071.7745635027545,1594.326456502657,0.37372328936961624
2025-07-15,18,76,1107.1414205229712,1520.961291673864,0.3959173052854891
2025-07-15,18,77,1163.9736550945101,1415.3512723675262,0.5787588956124331
2025-07-15,18,78,1183.4429472977906,1431.3576391658687,0.7920682641207438
2025-07-15,18,79,1130.169026417001,1440.232919792132,0.8298363614153674
2025-07-15,18,80,1081.023376278239,1412.1652616398821,0.8510505754297654
2025-07-15,18,81,1102.5143251120685,1347.7593209902145,0.8875135511553747
2025-07-15,18,82,1146.4848138500934,1334.7931065299422,0.8824662968200911
2025-07-15,18,83,1154.5690835687528,1304.8505358924003,0.9922787117158529
2025-07-15,18,84,1129.020903249975,1225.6376334456772,1.204649894325773
2025-07-15,18,85,1168.843807249253,1138.5124361497149,1.3161043786148052
2025-07-15,18,86,1192.7592912545786,1022.1298338393663,1.3255983230738555
2025-07-15,18,87,1193.5503370328372,927.8463699936107,1.3623613991271357
2025-07-15,18,88,1215.4722230200189,962.2698333221108,1.3422518636776102
2025-07-15,18,89,1202.4522867251753,965.7213006094617,1.125446282215259
2025-07-15,18,90,1151.251947967248,909.1457768325895,0.8173944926460522
2025-07-15,18,91,1126.0937280706162,878.5220265092014,0.7733512146517789
2025-07-15,18,92,1139.1834560229383,826.0704683558594,0.810798426857967
2025-07-15,18,93,1150.2103437272792,790.2274160624122,0.7967391514869463
2025-07-15,18,94,1173.9663220898344,728.5559789637658,0.8445769994253244
2025-07-15,18,95,1222.166074559369,655.7978077905294,0.8799221286881562
2025-07-15,18,96,1229.1399499841343,571.0377449858611,0.9021580432660905
2025-07-15,18,97,1169.9410327833898,517.359175125964,0.9434187461328496
2025-07-15,18,98,1171.2326281052274,538.7989189862367,0.9556003380933061
2025-07-15,18,99,1226.377203929421,552.2160304781374,0.9811417802209791
2025-07-15,18,100,1176.001468321649,472.32074848502583,1.0647562853148402
2025-07-15,18,101,1160.094418859561,405.5776171362945,1.0630419694479347
2025-07-15,18,102,1192.2442122932518,380.56987215548327,1.0252720046721795
2025-07-15,18,103,1231.0404158979125,336.63983238313574,1.1193200318761833
2025-07-15,18,104,1198.2388271441132,301.85629275886777,1.1443115247927251
2025-07-15,18,105,1162.1272974012313,264.03051978040895,1.0713601788262013
2025-07-15,18,106,1223.1466890194895,209.5416017932216,1.1050764510381765
2025-07-15,18,107,1155.220503782911,161.95433635727642,1.2537629930589573
2025-07-15,18,108,867.0776242019932,118.07953779862629,1.3555597251238405
2025-07-15,18,109,867.8967001162074,97.04011326988024,1.3676880960504376
2025-07-15,18,110,955.4228369944492,71.69280555866925,1.3476220106653236
2025-07-15,18,111,989.0844646041024,53.18564852693568,1.3200557805631459
2025-07-15,18,112,936.659547199505,38.172471049443054,1.3291625767625381
2025-07-15,18,113,938.943274614417,8.587596892288921,1.4829524815852628
2025-07-15,18,114,1018.9543071855284,0.0,1.7010073505995553
2025-07-15,18,115,923.4800161463727,0.0,1.6592612985204742
2025-07-15,18,116,901.526274022187,0.0,1.616128641626392
2025-07-15,18,117,925.5966299737255,0.0,1.6938667691221896
2025-07-15,18,118,955.102327710928,0.0,1.7094135283357001
2025-07-15,18,119,960.7730650498495,0.0,1.6708374957342214
2025-07-15,18,120,993.6424963168446,0.0,1.6820451263570793
2025-07-15,18,121,949.3318455710896,0.0,1.7354089558869745
2025-07-15,18,122,952.8806067167972,0.0,1.7190237572119247
2025-07-15,18,123,992.0685692250868,0.0,1.672856286143581
2025-07-15,18,124,1004.5591988820786,0.0,1.7628029010874688
2025-07-15,18,125,945.3169947199564,0.0,1.5327753345077888
2025-07-15,18,126,886.0580326881477,0.0,1.0950411127059676
2025-07-15,18,127,913.6702296129822,0.0,1.1118966680256779
2025-07-15,18,128,967.6627387043422,0.0,1.1332751799739635
2025-07-15,18,129,1000.8111394960365,0.0,1.109710285793626
2025-07-15,18,130,1006.1164457674224,0.0,1.1716111059813388
2025-07-15,18,131,890.8958196732052,0.0,0.9437039814761103
2025-07-15,18,132,765.4551052622099,0.0,0.5594057464008809
2025-07-15,18,133,705.2164611974046,0.0,0.550131154689832
2025-07-15,18,134,714.0481572020492,0.0,0.5849386196148816
2025-07-15,18,135,732.4582276837307,0.0,0.5425100312147915
2025-07-15,18,136,739.2505369182451,0.0,0.5458101236059362
2025-07-15,18,137,763.1796118467113,0.0,0.5767384805902404
2025-07-15,18,138,762.7259888102261,0.0,0.6108297795025515
2025-07-15,18,139,779.7075263642057,0.0,0.5624511459127699
2025-07-15,18,140,702.4629677217408,0.0,0.526629918768543
2025-07-15,18,141,645.7044043260702,0.0,0.5437905798801739
2025-07-15,18,142,690.8958054750824,0.0,0.5934538325090801
2025-07-15,18,143,747.5392636969152,0.0,0.5996145321727442
2025-07-15,18,144,712.1893280632859,0.0,0.5234411533515169
2025-07-15,19,1,835.1129334133677,0.0,0.54453500593312
2025-07-15,19,2,850.5874317351926,0.0,0.5319349660908601
2025-07-15,19,3,859.6067912151887,0.0,0.5549887181959356
2025-07-15,19,4,804.9322972773009,0.0,0.5541008890777456
2025-07-15,19,5,776.7396390721835,0.0,0.5231930630866882
2025-07-15,19,6,738.3061229232184,0.0,0.511992033653061
2025-07-15,19,7,773.9367127172021,0.0,0.5571054846400736
2025-07-15,19,8,773.573093739013,0.0,0.5380860721468237
2025-07-15,19,9,807.5504988031719,0.0,0.49233735541973284
2025-07-15,19,10,855.9314069527045,0.0,0.5512179883365999
2025-07-15,19,11,817.2456710653588,0.0,0.5652814047896851
2025-07-15,19,12,748.06707491686,0.0,0.4999054483278511
2025-07-15,19,13,772.9578207484429,0.0,0.514635295110832
2025-07-15,19,14,796.663453039366,0.0,0.5684233343982324
2025-07-15,19,15,821.0276209461518,0.0,0.5884609902361939
2025-07-15,19,16,813.0082577269109,0.0,0.5234519393110612
2025-07-15,19,17,786.9785703174447,0.0,0.49058463987734624
2025-07-15,19,18,774.0475132247557,0.0,0.5181322137516976
2025-07-15,19,19,749.0162042418204,0.0,0.5284772294134955
2025-07-15,19,20,748.94900695367,0.0,0.5323560819106808
2025-07-15,19,21,723.6310795919279,0.0,0.5322945255841439
2025-07-15,19,22,765.745617073533,0.0,0.4656630438113645
2025-07-15,19,23,770.6391366179288,0.0,0.4574675012125607
2025-07-15,19,24,737.3628459103611,0.0,0.5393935006247981
2025-07-15,19,25,743.8182267721259,0.0,0.4952326765547548
2025-07-15,19,26,721.9593484055038,0.0,0.44634503806262654
2025-07-15,19,27,676.9763436707631,0.0,0.455068126659508
2025-07-15,19,28,677.8671920866593,0.0,0.46560239976207207
2025-07-15,19,29,718.7429496619255,0.0,0.5176120508213453
2025-07-15,19,30,774.1582077557832,0.0,0.5225925141165365
2025-07-15,19,31,705.7705617253579,14.568335839439495,0.46770535680090736
2025-07-15,19,32,657.6701827312795,46.15844347999692,0.45389454806089397
2025-07-15,19,33,694.2623014544229,76.39719724202878,0.4463398666100584
2025-07-15,19,34,730.3943732564983,119.36838007216859,0.34070842601529816
2025-07-15,19,35,794.6725901805248,163.6452131262533,0.5521329102221623
2025-07-15,19,36,929.8851910776317,208.83891781816095,0.9412600012844846
2025-07-15,19,37,885.275866136914,251.45647233638005,0.9352837119348749
2025-07-15,19,38,835.4844390795538,285.8718694684526,0.8530855183040922
2025-07-15,19,39,858.9829982068535,341.18851255790156,0.8606896274439217
2025-07-15,19,40,846.7047234762323,380.9026553824031,0.7862911340692332
2025-07-15,19,41,827.969232533288,418.56837260965506,0.7768317074379418
2025-07-15,19,42,817.2619876681083,435.4883304071749,0.8311297634161113
2025-07-15,19,43,854.7779190339432,480.14300657618253,0.818121980612399
2025-07-15,19,44,887.2531666590014,516.4470394778251,0.8329747594111692
2025-07-15,19,45,885.5543358465072,519.9513467846734,0.825317315382273
2025-07-15,19,46,911.6560471292462,528.2655593827217,0.7804071263708482
2025-07-15,19,47,985.5582306608818,505.09518185782156,0.9626974979196324
2025-07-15,19,48,1206.643824193643,551.8235565277805,1.2661036611808767
2025-07-15,19,49,1201.2040938844636,652.4173573820194,1.3086505721413733
2025-07-15,19,50,1166.7958164662502,724.756168384313,1.251970723009397
2025-07-15,19,51,1137.6039189890757,768.0405063169462,1.1735556114414436
2025-07-15,19,52,1080.0322864637383,841.8480665559284,1.0640283400090595
2025-07-15,19,53,1041.9252765374622,864.2529381374253,1.0261125734619054
2025-07-15,19,54,1096.2682449009194,849.3768207646018,1.0964271632648888
2025-07-15,19,55,1169.197618272255,855.1741549593177,1.1504044718001174
2025-07-15,19,56,1210.6029174522328,920.8102162971732,1.1341476823236116
2025-07-15,19,57,1164.391513776292,952.5575989866545,1.0684042495783221
2025-07-15,19,58,1140.537628541711,949.6221268496492,0.9589848261175169
2025-07-15,19,59,1119.234229009955,993.0251592767943,1.0561275991881238
2025-07-15,19,60,1122.8185585791098,1042.7517310274714,1.279293516832401
2025-07-15,19,61,1155.3072465037783,1063.1470085716876,1.3463138758024018
2025-07-15,19,62,1157.4149624143074,1061.3484243823475,1.248070025206936
2025-07-15,19,63,1146.394476463407,1099.953675274586,1.1892091821935455
2025-07-15,19,64,1120.1471324949234,1130.541012125154,1.2153116869550755
2025-07-15,19,65,1127.239015758756,1137.677387855277,0.9921738007235993
2025-07-15,19,66,1165.948047379063,1176.9395077581298,0.6807339775859216
2025-07-15,19,67,1195.2280234960851,1189.7488654949618,0.6765980498594342
2025-07-15,19,68,1161.9964472283993,1225.522231266639,0.6901008905665905
2025-07-15,19,69,1149.8587984940111,1247.873965291957,0.6029064890680185
2025-07-15,19,70,1193.5588814747214,1220.737200412052,0.5995158329097076
2025-07-15,19,71,1173.2295831409315,1197.004032329013,0.6052899980872228
2025-07-15,19,72,1128.8391111474023,1246.4958412936517,0.5655750505498484
2025-07-15,19,73,1151.6664539336982,1342.78258351702,0.5142857994244554
2025-07-15,19,74,1168.3123624643301,1404.863741479252,0.5100728002040478
2025-07-15,19,75,1145.9481300456473,1363.1803184732269,0.5065000391238665
2025-07-15,19,76,1125.2566517722244,1320.4574271337121,0.4842528720098024
2025-07-15,19,77,1103.1997239940058,1297.5868275804464,0.6158745918625526
2025-07-15,19,78,1130.6961721736413,1308.892522602058,0.8399375143801576
2025-07-15,19,79,1150.7675942521903,1308.181805085759,0.8838099688120138
2025-07-15,19,80,1160.7995595342932,1244.4793994409847,0.9167320095535747
2025-07-15,19,81,1183.7619485996174,1228.524844729865,0.9725597959896071
2025-07-15,19,82,1206.7351452983519,1192.8889977439112,0.9725861848382843
2025-07-15,19,83,1226.1934848836681,1137.8625817280533,1.1230828937771935
2025-07-15,19,84,1229.3518167438228,1008.4711627940633,1.394449894325773
2025-07-15,19,85,1266.6268577509916,1019.4779088929904,1.4857043786148054
2025-07-15,19,86,1267.9597952883494,985.9563194274419,1.4046983230738554
2025-07-15,19,87,1233.8990405441377,887.474566205594,1.3872447472199203
2025-07-15,19,88,1212.038062910489,857.4382583852723,1.481277768138364
2025-07-15,19,89,1205.2652145792217,840.7222397541561,1.2491976772836184
2025-07-15,19,90,1217.8569185916094,779.0506937515647,0.8339944926460523
2025-07-15,19,91,1235.429222340666,764.5809648145353,0.8627565645280619
2025-07-15,19,92,1239.4140097765805,768.7421208384629,0.934098426857967
2025-07-15,19,93,1247.7987000145229,725.2069231995056,0.8736083837374308
2025-07-15,19,94,1246.2977380078776,728.8350865903052,0.8887601428416717
2025-07-15,19,95,1253.2764441748745,718.042000433505,0.8843270155432239
2025-07-15,19,96,1202.594185759912,658.3538554731626,0.8408905934868803
2025-07-15,19,97,1216.8219111944843,646.3932792804611,0.8350944545035711
2025-07-15,19,98,1231.8034511159678,595.454776454904,0.8722553145013651
2025-07-15,19,99,1232.8996492103315,568.4579162533694,0.9605393997107599
2025-07-15,19,100,1248.1257406107172,520.7213275697451,0.9881753177909429
2025-07-15,19,101,1271.7357855562657,448.9947893156455,0.9633983510176292
2025-07-15,19,102,1277.6431856292631,415.3611256815334,0.9854139856533501
2025-07-15,19,103,1306.4720038891587,409.2418126513852,1.0520200318761834
2025-07-15,19,104,1284.5339586470293,359.4563285014527,1.0892115247927252
2025-07-15,19,105,1270.3036000103314,284.9377781574965,1.0733601788262013
2025-07-15,19,106,1328.9866406288072,252.5054518868086,1.134615233850523
2025-07-15,19,107,1241.010679010021,218.94747163964792,1.2913222429831401
2025-07-15,19,108,1057.3264393657391,162.92387921096363,1.4043442209797272
2025-07-15,19,109,1002.0979973236211,129.70926086965008,1.3671539152525136
2025-07-15,19,110,977.5141266724879,94.19505635973523,1.3534220106653236
2025-07-15,19,111,1011.543844296524,57.85058147064474,1.3966441167674126
2025-07-15,19,112,1115.1218046717108,35.06207877108791,1.525162576762538
2025-07-15,19,113,1094.5651068540164,6.073657239973233,1.6196662857682917
2025-07-15,19,114,1014.4046341584337,0.0,1.6972073505995553
2025-07-15,19,115,983.9972219134426,0.0,1.5695579580589303
2025-07-15,19,116,994.0716245531065,0.0,1.5721979315678192
2025-07-15,19,117,941.9424955500865,0.0,1.717595277027785
2025-07-15,19,118,986.4935537713188,0.0,1.7582197756793845
2025-07-15,19,119,997.9207578620782,0.0,1.7080124151754321
2025-07-15,19,120,1009.2039197131003,0.0,1.677945126357079
2025-07-15,19,121,980.6386142670551,0.0,1.6130089558869745
2025-07-15,19,122,1006.9410269284747,0.0,1.5948237572119246
2025-07-15,19,123,1066.9367557491312,0.0,1.660756286143581
2025-07-15,19,124,1072.4410878469648,0.0,1.845015833458269
2025-07-15,19,125,1003.6093118241081,0.0,1.5418067525660728
2025-07-15,19,126,965.210967184831,0.0,1.0199411127059677
2025-07-15,19,127,1065.5991918545124,0.0,1.0656075144687578
2025-07-15,19,128,1102.5219034652332,0.0,1.214626801830099
2025-07-15,19,129,1071.8429808064323,0.0,1.2038654858915443
2025-07-15,19,130,1084.8178790125066,0.0,1.1925330536307335
2025-07-15,19,131,931.3623234481919,0.0,0.9363875426754467
2025-07-15,19,132,785.4958443045081,0.0,0.5431871917555983
2025-07-15,19,133,819.0003245607273,0.0,0.49293483030620955
2025-07-15,19,134,858.9804785278998,0.0,0.5756386196148816
2025-07-15,19,135,787.1268702813476,0.0,0.6113305125763226
2025-07-15,19,136,774.2603532457906,0.0,0.562220696164483
2025-07-15,19,137,787.4413594489996,0.0,0.5327803810512605
2025-07-15,19,138,772.9034645497003,0.0,0.5617554890767218
2025-07-15,19,139,822.6670962470126,0.0,0.5800129193961394
2025-07-15,19,140,801.714191238579,0.0,0.5514070562374853
2025-07-15,19,141,803.6960384265839,0.0,0.5083947377600159
2025-07-15,19,142,759.3020999862118,0.0,0.5490381264615878
2025-07-15,19,143,739.6774473003184,0.0,0.52261601785453
2025-07-15,19,144,750.0644027659291,0.0,0.44544115335151685
2025-07-15,20,1,827.2006857649309,0.0,0.50713500593312
2025-07-15,20,2,836.4736679518459,0.0,0.5066349660908602
2025-07-15,20,3,834.6332710738685,0.0,0.5831887181959357
2025-07-15,20,4,793.8079838206107,0.0,0.5820008890777455
2025-07-15,20,5,786.7756147906236,0.0,0.5453930630866882
2025-07-15,20,6,754.433309113641,0.0,0.5519920336530609
2025-07-15,20,7,779.3368035153331,0.0,0.6104054846400736
2025-07-15,20,8,807.8264548185564,0.0,0.5689860721468237
2025-07-15,20,9,819.2777318705721,0.0,0.47573735541973283
2025-07-15,20,10,797.0887653175605,0.0,0.5137179883365999
2025-07-15,20,11,782.6096850516051,0.0,0.5749814047896851
2025-07-15,20,12,821.3549122528669,0.0,0.5529054483278512
2025-07-15,20,13,765.7267959195422,0.0,0.4879352951108319
2025-07-15,20,14,728.7233767545486,0.0,0.4775233343982324
2025-07-15,20,15,737.9747797574734,0.0,0.5321609902361939
2025-07-15,20,16,740.1466139243237,0.0,0.5483519393110611
2025-07-15,20,17,745.2551342588978,0.0,0.5254846398773463
2025-07-15,20,18,763.6919749168399,0.0,0.5034322137516976
2025-07-15,20,19,749.5104089405656,0.00021666666666666666,0.5196772294134956
2025-07-15,20,20,772.6290718826971,0.0,0.5416560819106808
2025-07-15,20,21,777.4333600987848,0.0,0.5740945255841439
2025-07-15,20,22,765.5682690209345,0.003083333333333333,0.5789630438113645
2025-07-15,20,23,752.1214119173093,0.0,0.4690675012125607
2025-07-15,20,24,706.3673784421837,0.0,0.399593500624798
2025-07-15,20,25,739.2823950598521,0.043,0.4932326765547548
2025-07-15,20,26,712.5293567999803,0.0,0.5053450380626264
2025-07-15,20,27,672.4308768850246,0.0,0.42326812665950814
2025-07-15,20,28,703.7544135024242,0.9181816445477687,0.474802399762072
2025-07-15,20,29,744.7718782336407,0.0,0.5399120508213453
2025-07-15,20,30,756.8955649596994,0.0,0.5004925141165366
2025-07-15,20,31,692.4345878793298,19.1369052594917,0.48840535680090735
2025-07-15,20,32,665.319025574584,51.84037876826097,0.46779454806089393
2025-07-15,20,33,680.3855597101748,90.96089246526466,0.3954398666100584
2025-07-15,20,34,663.3674761588122,127.05235111406527,0.30490842601529816
2025-07-15,20,35,700.1315667973306,165.5807046246111,0.5338329102221622
2025-07-15,20,36,876.7858986133119,210.0331186554208,0.9133600012844847
2025-07-15,20,37,888.2701040311978,256.8663982256428,0.9213837119348749
2025-07-15,20,38,828.7176698135127,300.28152784097426,0.8393855183040921
2025-07-15,20,39,797.2292199856215,338.6033152935883,0.8501896274439218
2025-07-15,20,40,831.8027293070633,373.51912590355164,0.8335911340692332
2025-07-15,20,41,877.194754960542,402.4294143608495,0.8190317074379418
2025-07-15,20,42,907.4007698581715,433.336675316108,0.8206297634161113
2025-07-15,20,43,828.2607124246395,483.55615216713784,0.8279219806123991
2025-07-15,20,44,787.5219897516669,556.2660558786911,0.7851747594111693
2025-07-15,20,45,812.7146115518229,606.854519435725,0.681617315382273
2025-07-15,20,46,884.7109918399134,590.5133462114474,0.7007071263708482
2025-07-15,20,47,967.8234429974896,633.9025719388208,0.9141974979196325
2025-07-15,20,48,1142.2952327731148,729.4657613085022,1.147003661180877
2025-07-15,20,49,1143.9523180483438,749.4714209421307,1.1446505721413731
2025-07-15,20,50,1126.8303381625187,793.7975980058869,1.085470723009397
2025-07-15,20,51,1131.1378173580165,889.2715349985605,1.0500556114414437
2025-07-15,20,52,1110.9687861149619,956.6384481258615,1.0284283400090595
2025-07-15,20,53,1148.4693337176263,997.0628987675335,1.0441125734619054
2025-07-15,20,54,1170.1687223557549,1027.6847185619808,1.0645271632648885
2025-07-15,20,55,1157.9591338463435,1060.1100303483418,0.9772044718001174
2025-07-15,20,56,1166.6352909076554,1077.3456168553914,0.9297476823236115
2025-07-15,20,57,1186.1560149871102,1098.7253987951972,0.972804249578322
2025-07-15,20,58,1139.8299479727148,1166.0803264493775,0.9404848261175169
2025-07-15,20,59,1150.7884418472768,1233.5474807978485,0.9895275991881238
2025-07-15,20,60,1177.290319246953,1273.4502838632668,1.0816935168324011
2025-07-15,20,61,1174.1170374058206,1298.3766158284855,1.075113875802402
2025-07-15,20,62,1160.28900767242,1332.860924166219,1.0250700252069362
2025-07-15,20,63,1195.420605117652,1352.0338784947965,1.0970091821935457
2025-07-15,20,64,1180.7367277989024,1313.2400530488642,1.2243116869550756
2025-07-15,20,65,1181.713387509487,1314.7225316925355,1.004973800723599
2025-07-15,20,66,1175.7810563389628,1370.5041999218263,0.5742339775859214
2025-07-15,20,67,1178.469347459764,1405.684809152954,0.3831980498594342
2025-07-15,20,68,1164.608380558106,1462.9064849116903,0.3902008905665905
2025-07-15,20,69,1164.9285113329765,1527.9535758023735,0.4317064890680186
2025-07-15,20,70,1164.0729028933506,1534.9386431917173,0.4119158329097076
2025-07-15,20,71,1150.478020661072,1556.5597996843917,0.38768999808722276
2025-07-15,20,72,1163.6997531270065,1615.3142937763232,0.37797505054984837
2025-07-15,20,73,1134.4127400811958,1654.5185024787697,0.33708579942445543
2025-07-15,20,74,1063.0427917866912,1651.0794452193493,0.29017280020404784
2025-07-15,20,75,1048.0731362118968,1604.310483577467,0.2500000391238665
2025-07-15,20,76,1072.5687154531452,1535.0919508497745,0.29065287200980233
2025-07-15,20,77,1142.0729802526648,1501.7795121632246,0.4961745918625525
2025-07-15,20,78,1206.073034625316,1508.043462156278,0.7122375143801576
2025-07-15,20,79,1170.9265337831587,1505.8014164078495,0.6587099688120138
2025-07-15,20,80,1172.6074745493343,1491.1561458374167,0.6585320095535747
2025-07-15,20,81,1246.2653012508913,1476.4642722017356,0.767059795989607
2025-07-15,20,82,1215.9264059736054,1467.7293264576356,0.7727861848382843
2025-07-15,20,83,1185.6826961401687,1438.6267191840411,0.8244828937771935
2025-07-15,20,84,1203.129051023709,1391.0692908295075,0.983349894325773
2025-07-15,20,85,1251.5448895317038,1348.137117005071,1.1097043786148053
2025-07-15,20,86,1255.7738203449055,1276.8050135465828,1.1432983230738556
2025-07-15,20,87,1216.1622602705538,1180.216371848845,1.1877447472199203
2025-07-15,20,88,1228.2703148270502,1104.4173102968002,1.224177768138364
2025-07-15,20,89,1241.705055862841,1067.577494876617,1.0203976772836183
2025-07-15,20,90,1248.299470446157,1045.9952989530568,0.7230944926460523
2025-07-15,20,91,1286.3099782963814,997.2638916758162,0.7552565645280619
2025-07-15,20,92,1265.8218982603566,931.8312432361766,0.757798426857967
2025-07-15,20,93,1214.186141654169,865.4251984154967,0.6709083837374307
2025-07-15,20,94,1206.0574859541166,809.5809013281533,0.7648601428416717
2025-07-15,20,95,1262.1160669581216,793.7267268650872,0.784727015543224
2025-07-15,20,96,1312.1230512001434,792.759849611068,0.7124905934868804
2025-07-15,20,97,1251.2067444051488,750.4395317546155,0.7715944545035711
2025-07-15,20,98,1221.7842091569926,707.636052742164,0.8343553145013651
2025-07-15,20,99,1274.0576301888118,672.5007806351069,0.8929393997107599
2025-07-15,20,100,1317.0376363896798,609.9161217249788,0.9615753177909429
2025-07-15,20,101,1310.5560609043948,545.6129945622231,0.9837983510176291
2025-07-15,20,102,1246.1466064303931,496.8579240622196,0.9648139856533502
2025-07-15,20,103,1231.9828390942382,452.6956900061654,0.9020200318761833
2025-07-15,20,104,1242.8492202530563,388.2591561844303,0.9988115247927252
2025-07-15,20,105,1285.2235888532118,317.56826180585875,1.1371601788262014
2025-07-15,20,106,1312.7585637814739,279.4646491463327,1.0853152338505232
2025-07-15,20,107,1179.2515937049166,241.9582715225867,1.1722222429831402
2025-07-15,20,108,961.9130326076021,191.03490758903814,1.3691442209797273
2025-07-15,20,109,949.2040317539619,144.9850821056913,1.3680539152525137
2025-07-15,20,110,1024.8400289782485,104.56006008888164,1.3761220106653236
2025-07-15,20,111,1013.4006370159943,68.53030405217184,1.4021441167674127
2025-07-15,20,112,1026.8844706525197,38.54359626386433,1.3944625767625378
2025-07-15,20,113,968.477141425402,15.199472667707331,1.4179662857682918
2025-07-15,20,114,955.3580266668686,0.0,1.6074073505995552
2025-07-15,20,115,1001.7005170597708,0.0,1.6944579580589303
2025-07-15,20,116,1075.4143804608575,0.8639252831766263,1.6990979315678192
2025-07-15,20,117,1022.8634668035152,0.0,1.646095277027785
2025-07-15,20,118,982.3484773277576,0.0,1.6180197756793844
2025-07-15,20,119,1004.24315848916,0.03771666666666666,1.6857124151754324
2025-07-15,20,120,1079.0484857359154,0.0,1.7992451263570792
2025-07-15,20,121,987.3539837003374,0.0,1.6895089558869745
2025-07-15,20,122,955.3311010303662,0.0026999999999999997,1.5849237572119246
2025-07-15,20,123,982.6534862737802,0.0,1.588356286143581
2025-07-15,20,124,1020.5263106773916,0.0,1.6907158334582688
2025-07-15,20,125,1006.725878614604,0.00019999999999999998,1.4898067525660728
2025-07-15,20,126,996.9360641796333,0.0,1.1425411127059677
2025-07-15,20,127,1022.2898295912776,0.0,1.0950075144687579
2025-07-15,20,128,1036.473554507014,0.0,1.1326268018300991
2025-07-15,20,129,972.5703450365615,0.0,1.1113654858915443
2025-07-15,20,130,1006.1315713620678,0.0,1.0693330536307333
2025-07-15,20,131,888.8726293689051,0.0,0.8138875426754468
2025-07-15,20,132,779.0074240193329,0.0,0.4843871917555983
2025-07-15,20,133,807.1124719210043,0.0,0.5060348303062097
2025-07-15,20,134,815.0480141680888,0.0,0.5509386196148817
2025-07-15,20,135,764.2004693300136,0.0,0.5085305125763226
2025-07-15,20,136,817.4695939622812,0.0,0.5273206961644831
2025-07-15,20,137,850.9110396961557,0.0,0.5640803810512605
2025-07-15,20,138,804.9218303292848,0.0,0.5485554890767217
2025-07-15,20,139,815.3560993706961,0.0,0.46531291939613934
2025-07-15,20,140,824.8744150299245,0.0,0.47180705623748526
2025-07-15,20,141,831.6098587807746,0.0,0.5462947377600159
2025-07-15,20,142,840.6406845531114,0.0,0.5592381264615878
2025-07-15,20,143,838.0809847095454,0.0,0.5524160178545301
2025-07-15,20,144,805.983795268266,0.0,0.5680411533515168
