date,strategy,soc_initial_kwh,soc_final_kwh,zero_plan_kwh,final_plan_kwh,used_plan_kwh,emergency_kwh,curtail_kwh,spill_kwh,charge_kwh,discharge_kwh,plan_cost_yuan,adjustment_cost_yuan,market_cost_yuan,emergency_cost_yuan,total_cost_yuan,alternative_total_cost_yuan,max_solver_eq_residual,max_solver_ub_violation,simultaneous_charge_discharge_count,soft_terminal_deviation_kwh
2025-02-01,Sall,6000.0,5954.317617772974,51868.30692697806,49880.329160057016,44833.69890871383,17.2754031292406,4806.221477113065,1650.1630488988599,21355.410507905963,17338.996655408162,27631.61269087223,52.77347996062963,27684.38617083286,86.95684173337824,27771.343012566238,29781.812907357846,1.8189894035458565e-12,2.0372681319713593e-10,0,45.68238222702621
2025-02-02,Sall,5954.317617772974,5954.317617772972,98867.7518341477,98867.75183414767,87601.3222230801,49.982913257425935,3819.723688591704,558.2815133795622,25879.063075611546,20962.04109124535,63449.459354261846,7.275957614183426e-12,63449.45935426185,176.99655083132413,63626.45590509318,63626.45590509318,2.7284841053187847e-12,1.7462298274040222e-10,0,1.8189894035458565e-12
2025-02-03,Sall,5954.317617772972,5954.317617772969,103072.2583239474,99174.1365477524,88722.20462003909,61.33618596186432,3088.89291107512,548.1700002079706,25945.059972199353,21015.498577481474,66316.33805593601,-1518.2429167902228,64798.095139145786,300.9744921893916,65099.06963133518,68135.55546491564,1.8189894035458565e-12,1.7462298274040222e-10,0,2.7284841053187847e-12
2025-02-04,Sall,5954.317617772969,5933.6498823334805,98875.82472732317,93307.47301387636,87830.36277054495,164.88730567597236,1547.3189068247448,529.078403229306,24960.99883190744,20237.01001574058,63487.505816339064,-2110.4312086095015,61377.07460772956,434.4626913956213,61811.537299125186,66039.91792034417,1.8189894035458565e-12,6.433964472307707e-12,0,20.66773543948875
2025-02-05,Sall,5933.6498823334805,5933.6498823334805,90752.97991106953,89412.81337444524,85631.59966812596,574.0258288798096,671.637130201808,179.55605260485288,24242.133320346147,19636.127989480377,57251.66943362161,-481.198660060938,56770.47077356067,2200.233913248975,58970.704686809644,60020.24007767123,3.637978807091713e-12,1.6370904631912708e-11,0,0.0
2025-02-06,Sall,5933.6498823334805,5921.302093720137,97174.60809534663,89954.06114309705,86175.96579886496,180.42073416847512,1144.408431015669,283.1992817547024,24572.813754465435,19915.09215086902,61822.316760187154,-2619.25528985697,59203.06147033018,728.377980585335,59931.43945091552,65183.48074162947,1.8189894035458565e-12,1.978150976356119e-11,0,12.347788613343255
2025-02-07,Sall,5921.302093720137,5921.1135109952165,49464.35804210532,44409.09813251728,40846.55473668057,9.41454834637102,4340.349721855911,700.0225371195504,21105.72149388021,17095.804134495404,25971.49033444649,-1396.75089130352,24574.73944314297,26.564354773655865,24601.303797916626,27394.805580523673,1.8189894035458565e-12,6.10000938650046e-12,0,0.18858272492070682
2025-02-08,Sall,5921.1135109952165,5824.824452718977,37315.82279097455,37513.98685968042,36187.38253509787,797.46633788403,1479.803109533138,434.86871432224115,18840.392025834022,15347.37769337417,19455.705409601484,240.58527239467367,19696.290681996157,3209.575908085375,22905.866590081532,22907.275552831532,9.094947017729282e-13,5.4569682106375694e-12,0,96.2890582762393
2025-02-09,Sall,5824.824452718977,5824.824452718977,91364.2852590176,89684.82514484343,85397.08999137346,211.43998843129788,1306.720201361848,201.56288411670175,23920.16277715552,19375.33184949597,57703.72469994911,-597.4847848686622,57106.23991508045,817.0397875943867,57923.27970267484,59142.50318090042,5.4569682106375694e-12,4.4352077566145454e-11,0,0.0
2025-02-10,Sall,5824.824452718977,5790.019125045454,88498.77030081348,84087.97671682308,80370.62431055156,207.70122284163256,1365.2477417762516,351.70788146099005,24031.879588046315,19497.147261223687,55701.05336476388,-1546.8607419077744,54154.192622856106,620.1951939177482,54774.38781677385,57881.4092318403,4.547473508864641e-12,4.3797854232252575e-11,0,34.80532767352361
2025-02-11,Sall,5790.019125045454,5790.019125045454,89586.85406395476,83267.4798418666,80137.50984438555,375.79252983283567,764.1212381610957,129.80657684851906,23151.46013618676,18752.682710311285,56656.79835983737,-2377.494003792206,54279.30435604516,1753.177290115002,56032.481646160166,60901.31194409233,5.002220859751105e-12,1.4082957022765186e-11,0,0.0
2025-02-12,Sall,5790.019125045454,5742.20341840449,88116.23253782175,82769.82970612486,79898.13109062519,501.606883037545,472.4162696698743,235.7187144132131,23515.268380122023,19090.401523875706,55349.59362567499,-1864.8580866339908,53484.735539041,2055.7214751086153,55540.457014149615,59378.69371727585,2.7284841053187847e-12,5.0590642786119133e-11,0,47.81570664096398
2025-02-13,Sall,5742.20341840449,5709.875860540853,84126.50026176736,80403.55449166163,76984.95971589729,384.72168182283383,1339.7175965515062,246.41677955048192,23595.59372120356,19141.52571625216,52481.98610304181,-1266.6717053778702,51215.31439766394,1272.5202994784765,52487.83469714242,55098.48407111146,2.9558577807620168e-12,7.534461943237147e-11,0,32.327557863636684
2025-02-14,Sall,5709.875860540853,5709.875860540853,41408.992641518606,39958.85102106399,38364.836528781365,357.9016577456568,4850.382357413566,414.6649487099909,19241.521388088437,15585.632324351633,21218.796456703705,-103.34441674943082,21115.452039954274,1229.788585693724,22345.240625648,23067.10486109495,2.7284841053187847e-12,5.059064278611913e-12,0,0.0
2025-02-15,Sall,5709.875860540853,5657.526247936506,41115.40750920509,40085.62552515359,38684.43230375408,316.3262607891065,5709.192403304878,450.31960564993636,18990.895299643587,15429.73984405522,21477.745673044345,-282.79347103865075,21194.952202005694,1200.9058814984758,22395.85808350417,23033.72229899839,2.0463630789890885e-12,9.169554004984093e-12,0,52.349612604347385
2025-02-16,Sall,5657.526247936506,5657.526247936508,88817.44612526688,80977.41435620349,79233.6966136268,1072.9305871641527,469.7648014394045,86.49657377501308,23015.71960829751,18642.732882720986,55742.4845369252,-2788.630846978922,52953.85368994628,3810.3170474027525,56764.17073734903,62354.40519218978,1.8189894035458565e-12,4.482103577174712e-11,0,2.7284841053187847e-12
2025-02-17,Sall,5657.526247936508,5657.526247936512,91441.23058252086,81662.34115698909,77687.32055860656,196.4472382372739,2256.819004087345,137.8677626849319,22659.04138634148,18353.823522936604,57042.57543571957,-3219.2226036109423,53823.35283210863,759.4785225310103,54582.83135463964,61087.86084096816,3.637978807091713e-12,1.6559198456889135e-11,0,3.637978807091713e-12
2025-02-18,Sall,5657.526247936512,5657.526247936514,80896.35876833278,80896.35876833276,78114.64324130015,284.4801703590032,1723.403795478299,210.38692550249823,23020.762670236756,18646.817762891784,50329.92513613947,7.275957614183426e-12,50329.92513613948,1118.4258615580902,51448.35099769757,51448.35099769757,3.637978807091713e-12,2.346567384847731e-11,0,1.8189894035458565e-12
2025-02-19,Sall,5657.526247936514,5620.983691663348,83362.14567145698,82235.8894316202,78878.94085004026,221.56794910714012,1576.6453080883316,140.050993972711,23880.912707362615,19376.42759360958,52122.768524009036,-424.25705174085306,51698.51147226818,927.4648034533991,52625.97627572158,53474.490379203286,2.7284841053187847e-12,1.6280310433103296e-11,0,36.542556273166156
2025-02-20,Sall,5620.983691663348,5612.988482533587,84427.30223784236,80969.40455409574,77023.75805820122,220.28893280411114,1709.6333869903513,260.57990987824826,22567.871836948274,18287.171876144883,52277.18635206399,-1042.2123657194825,51234.97398634451,1050.5652566361941,52285.5392429807,54619.910804090934,3.865352482534945e-12,1.851674369390821e-11,0,7.995209129760951
2025-02-21,Sall,5612.988482533587,5599.43849350716,38411.3950495258,38014.14487395993,36529.16026991849,168.2611483259431,6654.049929141212,834.8200815175525,19265.707180927,15617.41780667465,19746.814737338544,-63.68120803343845,19683.133529305105,571.9229655161483,20255.056494821252,20459.69653911902,1.8189894035458565e-12,2.6151525389650487e-11,0,13.549989026426374
2025-02-22,Sall,5599.43849350716,5599.438493507161,38448.458534750505,37915.97272317381,36327.95683670716,271.9522913859123,4735.3938377338145,493.85571459830885,18557.351012776937,15031.454320349314,19910.04826363427,-14.64060257073288,19895.40766106354,972.080839080297,20867.488500143834,21218.498124808262,3.637978807091713e-12,2.546585164964199e-11,0,9.094947017729282e-13
2025-02-23,Sall,5599.438493507161,5589.191272824591,83577.96018985067,79649.41932181714,76797.41030887834,530.337716367414,1319.844488252505,122.07433915278204,22964.200069060327,18610.224554553177,51834.175185225715,-1364.9166559949663,50469.25852923075,1668.8200906507655,52138.07861988151,54934.42754967353,9.094947017729282e-13,9.093170660889882e-12,0,10.247220682570514
2025-02-24,Sall,5589.191272824591,5589.19127282459,79426.88799091053,78429.64641280318,74682.23878943619,302.0349645964003,2195.837279625307,277.2661791420121,22674.40357157166,18366.266892973043,49383.153386822334,-394.7021344427485,48988.451252379586,1482.1737578087375,50470.62501018832,51260.02927907382,1.8189894035458565e-12,4.8061110646813177e-11,0,9.094947017729282e-13
2025-02-25,Sall,5589.19127282459,5589.191272824591,82482.67092719377,75250.61387460653,71697.23127369181,297.35302494906284,1717.5920319674842,208.42640281865795,22353.908581691343,18106.665951169984,51273.7275150217,-2545.5417118686964,48728.18580315301,1104.5023627316255,49832.68816588463,55051.634220422486,3.637978807091713e-12,1.0935252703347942e-11,0,9.094947017729282e-13
2025-02-26,Sall,5589.191272824591,5589.191272824591,75910.20726026408,77243.06193405017,74665.66548413387,308.8139422961433,1566.467765349852,141.7719817819077,23428.377084025928,18976.985438061,46305.73258998167,1318.6894512602885,47624.42204124196,1466.174890006307,49090.59693124827,49120.956236251164,3.637978807091713e-12,9.372058684675721e-12,0,0.0
2025-02-27,Sall,5589.191272824591,5589.191272824591,77795.2086995116,77224.7054456854,72959.60615272321,149.78618843566392,1573.0381318053176,137.54758912949399,23380.118001179326,18937.89558095525,47899.2280675629,-120.89072207805293,47778.33734548485,800.73888120435,48579.0762266892,48877.704907312116,3.637978807091713e-12,1.3962164757685969e-11,0,0.0
2025-02-28,Sall,5589.191272824591,5574.745126392065,35291.83188002384,35429.33926169491,33927.658711261,207.55021260703023,6953.826606353519,513.4498124380241,17833.370983504006,14458.032028427513,18307.70603063538,142.29951392230214,18450.005544557684,730.2750304671256,19180.280575024808,19180.280575024808,1.8189894035458565e-12,1.1880274541908875e-11,0,14.446146432525893
2025-03-01,Sall,5574.745126392065,5552.670682131369,42305.25282624169,39311.73058630079,36909.10080637537,89.41439558353937,9027.740037716301,791.8983029205423,18631.462778017663,15111.351850028932,21685.146368245965,-758.1806431195037,20926.96572512646,294.48234336238755,21221.448068488848,22737.809354727855,1.8189894035458565e-12,1.5930368135741446e-11,0,22.0744442606956
2025-03-02,Sall,5552.670682131369,5549.175314906391,83006.28366829404,81418.00278545686,77943.26377847903,838.8862284907311,1651.1133012841992,99.37627339946607,24613.15366379941,19939.800298180002,51214.786607839684,-571.0089964779618,50643.77761136172,3942.2168935571,54585.994504918825,55741.17179055295,3.637978807091713e-12,1.6047607687141863e-11,0,3.4953672249785086
2025-03-03,Sall,5549.175314906391,5494.091563261165,85041.67957313437,80255.54070376852,77377.90389931874,443.45632190221824,1128.7187166346619,230.65409399031398,23654.821861807006,19209.981084544383,52811.239182955884,-778.672544899433,52032.56663805645,1598.8309330807533,53631.397571137204,57254.70397588525,1.8189894035458565e-12,2.5920599000528455e-11,0,55.083751645225675
2025-03-04,Sall,5494.091563261165,5486.541868011831,75832.21453562107,76665.50010662852,74419.13655436499,822.3822872382553,1420.8446205155892,217.29209453971077,23214.310099679253,18810.3859064646,46798.39723232701,903.7133923367728,47702.11062466379,2295.9053610161227,49998.01598567991,49999.08088648535,2.2737367544323206e-12,2.9103830456733704e-11,0,7.549695249334036
2025-03-05,Sall,5486.541868011831,5470.454427731623,79066.74797768457,74988.5960258911,71995.1066290193,350.30646603321577,1708.7416779289442,139.08823117499594,23060.99929228483,18693.8881230029,48614.09461262543,-1336.4002473463406,47277.69436527909,1150.3114647648688,48428.005830043956,51137.43790789467,1.8189894035458565e-12,2.9974245308039826e-11,0,16.087440280208284
2025-03-06,Sall,5470.454427731623,5470.454427731627,75103.72538837785,74195.31106684261,71961.95443327888,329.20179241404145,1581.0598890582585,354.10827258933125,23238.599635326373,18823.26570461436,46036.14597219047,-212.18625203386182,45823.95972015661,1186.213663959392,47010.173384116,47629.75377703983,2.7284841053187847e-12,2.9096725029376103e-11,0,4.547473508864641e-12
2025-03-07,Sall,5470.454427731627,5470.454427731627,36746.11936635787,34844.7909411957,33021.51858652692,232.82947786299042,8171.541982646711,826.2292237811743,17548.90170857207,14214.61038394338,19415.21723638587,-660.3906977007537,18754.826538685116,745.3788623548496,19500.205401039966,20820.986796441473,1.8189894035458565e-12,2.021138811869605e-11,0,0.0
2025-03-08,Sall,5470.454427731627,5460.7027371456115,31415.159358074066,31398.007985094086,30504.64069211848,747.7377806853501,8791.969684355827,418.3779572852264,15724.567558018534,12745.67624352243,16510.276798693438,6.228529151991097,16516.50532784543,2217.2080898792,18733.71341772463,18759.28359976305,2.0463630789890885e-12,1.523758896837535e-11,0,9.751690586015684
2025-03-09,Sall,5460.7027371456115,5460.702737145613,77648.63922277995,71602.79198709049,68625.38000210522,552.7999906159171,1339.4170240978822,193.8176345905133,22691.68570543544,18380.265421402702,47247.81156247124,-1798.8762859541675,45448.93527651707,2263.6256776457712,47712.560954162844,51354.24927156028,2.7284841053187847e-12,4.806555153891168e-11,0,1.8189894035458565e-12
2025-03-10,Sall,5460.702737145613,5433.465306040842,76449.92877503726,76219.36647977536,73736.95694250202,558.4991830051067,1676.2051144625862,186.48883652100244,23237.91796062012,18847.22723609659,46498.60677603937,-66.38314157598506,46432.223634463386,2234.4716203153894,48666.69525477877,48799.46153793076,1.8189894035458565e-12,1.8189894035458565e-11,0,27.23743110477153
2025-03-11,Sall,5433.465306040842,5433.465306040842,67208.65622583397,71843.53637053489,68970.77958148331,574.3074498205978,1044.7344079032819,384.0004090006896,21986.491654736263,17809.058240336373,40969.6665179618,3791.4051965518593,44761.07171451366,2666.860876253664,47427.93259076732,47432.35225937501,1.8189894035458565e-12,6.830447318861843e-11,0,0.0
2025-03-12,Sall,5433.465306040842,5430.653770586224,75954.87402241981,71206.4032538273,68327.50006959106,354.3520407345653,1764.3407319714968,241.79463115347926,22330.065504086633,18089.883440219335,46406.3129813986,-1493.215937841982,44913.09704355662,1016.9719072716102,45930.06895082823,48926.86618805271,2.7284841053187847e-12,1.1516121389831824e-11,0,2.8115354546180242
2025-03-13,Sall,5430.653770586224,5389.66179310683,77135.09483016912,75853.65847922268,72762.15582160011,475.9570676547099,1316.4599484365153,97.05884247803158,22715.09927055295,18436.123188879355,47058.1671497932,-92.73335534721991,46965.43379444598,2016.7437399854364,48982.177534431416,50257.29611803425,9.094947017729282e-13,3.3147706801628374e-11,0,40.99197747939343
2025-03-14,Sall,5389.66179310683,5389.66179310683,33507.89961902917,33597.0564758405,31299.5759766721,133.6433700540939,11670.60016966369,567.0721536428512,16663.794947822764,13497.67390773644,17488.987051584205,118.78738027949294,17607.774431863698,467.60047386691133,18075.37490573061,18075.37490573061,9.094947017729282e-13,3.3928415632544784e-12,0,0.0
2025-03-15,Sall,5389.66179310683,5376.934822076642,32164.518497114303,32410.616871422702,31068.182841035217,340.6995092984745,7169.541072539835,326.8378336606214,15788.592463475838,12800.214169342604,16660.451931095366,335.82070552653386,16996.2726366219,1188.3203072248166,18184.592943846717,18184.592943846717,1.8189894035458565e-12,8.766765091650086e-12,0,12.726971030187997
2025-03-16,Sall,5376.934822076642,5376.934822076643,73254.05566668371,72304.12040176366,68807.75387544345,501.2677594816703,1305.2985680275747,388.4177655635632,22443.46509474008,18179.206726739456,44931.480122231005,-53.44303897009377,44878.03708326091,1993.8943637682814,46871.931447029194,48098.462243632144,1.8189894035458565e-12,5.917044632042234e-11,0,9.094947017729282e-13
2025-03-17,Sall,5376.934822076643,5317.132434396294,70502.8507192368,66884.77168561672,63358.37506722222,435.2891815305256,1569.353907254457,328.07214153086795,21536.467976560067,17498.36120992597,42136.21865590282,-386.57211040329275,41749.64654549953,2002.6153931719055,43752.261938671436,46004.99196548188,4.092726157978177e-12,3.0465407974133996e-11,0,59.80238768034906
2025-03-18,Sall,5317.132434396294,5317.132434396296,78800.40095278049,71736.54373739245,68043.14969394112,221.06601976132848,2545.737246260064,352.7613957090674,22314.51950035083,18074.76079528416,48617.970790492676,-2405.7237227616642,46212.24706773101,807.9750124203943,47020.222080151405,51831.669525674755,2.2737367544323206e-12,4.001776687800884e-11,0,1.8189894035458565e-12
2025-03-19,Sall,5317.132434396296,5317.132434396296,66658.56600363902,67756.80435029366,64936.83001808277,645.9505510712374,1605.5071204923304,326.72085792352755,22026.748109148135,17841.665968409983,40524.186851057006,1104.488849241563,41628.67570029857,2255.945233335086,43884.620933633654,43935.56403593737,3.637978807091713e-12,7.130296353352605e-12,0,0.0
2025-03-20,Sall,5317.132434396296,5317.132434396296,73765.5459620643,68266.78955518643,66142.91453712653,1172.7656059750657,735.770109650246,203.29589660736406,21935.01221145951,17767.3598912822,45123.04868819713,-1848.1728024807162,43274.875885716414,4619.381988669704,47894.257874386116,51590.60347934756,1.8189894035458565e-12,4.874323167314287e-11,0,0.0
2025-03-21,Sall,5317.132434396296,5317.132434396297,31262.658994582787,30861.83775963417,29513.2612154257,333.76696114247005,14497.994342751505,401.05383651183035,15339.555161253571,12425.039680615391,16379.116566933519,-167.28754440363264,16211.829022529886,998.4063314008085,17210.235353930693,17544.810442737966,3.183231456205249e-12,5.916156453622534e-12,0,9.094947017729282e-13
2025-03-22,Sall,5317.132434396297,5317.132434396297,32888.69431679954,32424.75346273995,30564.679196275207,98.0014509788819,11051.778583792184,687.710896358443,16010.481230369087,12968.489796598962,17258.804315260637,-197.21935687414953,17061.584958386487,205.6826002487464,17267.267558635234,17661.706272383533,3.637978807091713e-12,1.1254996934439987e-11,0,0.0
2025-03-23,Sall,5317.132434396297,5317.132434396299,75334.66045895754,70232.91476433637,66134.21767477338,314.9286328340635,3449.1336947577192,82.57038157913473,21830.116392652133,17682.394278048236,45980.86727732375,-1797.0078306088471,44183.8594467149,1262.3362243141205,45446.195671029025,49041.46701041434,1.8189894035458565e-12,4.001776687800884e-11,0,1.8189894035458565e-12
2025-03-24,Sall,5317.132434396299,5317.132434396301,69968.85847049142,68156.28825027394,64753.4708940983,241.0914299302697,2487.837332338147,363.61771990204,21813.73783397397,17669.127645518918,42223.13109790475,113.5148687648907,42336.64596666964,795.231128476861,43131.8770951465,44623.510286898774,1.8189894035458565e-12,1.2988721209694631e-11,0,1.8189894035458565e-12
2025-03-25,Sall,5317.132434396301,5290.561264226168,77675.54629028641,68733.2703251102,66252.56191601396,478.59938093092813,1592.804438544841,112.21325903240552,21578.594399231955,17502.575516531007,47567.8617654151,-2993.3330302161776,44574.528735198925,1549.3521077818482,46123.880842980776,52110.546903413146,1.8189894035458565e-12,4.1676884166008676e-11,0,26.571170170132973
2025-03-26,Sall,5290.561264226168,5252.292339870376,69992.50262329126,65597.84445296608,62265.44018257005,222.67949668031486,2590.0516085975196,217.49966203191264,21697.134599339406,17609.121057385128,42424.56800894017,-1215.2302440954008,41209.33776484477,697.1248870684201,41906.46265191319,44730.197909547176,2.7284841053187847e-12,3.660716174636036e-11,0,38.26892435579157
2025-03-27,Sall,5252.292339870376,5161.430445679558,72346.3771748866,67028.4763943378,63970.90334320591,584.8823123454132,1527.6083859062308,303.02665241267493,21525.983800021724,17517.822582789333,44114.28006114351,-1531.964278965439,42582.31578217807,2010.4740730877313,44592.7898552658,48418.106029917755,1.8189894035458565e-12,2.092637174655465e-11,0,90.86189419081802
2025-03-28,Sall,5161.430445679558,5099.942019454868,32284.060247484995,32261.81262529584,30505.853120949494,139.24240832604107,16258.934940155394,553.6610484120265,16136.622934966661,13126.004160925217,16492.06070231607,-10.549087287145085,16481.511615028925,402.10270564449723,16883.614320673423,16904.712495247717,1.8189894035458565e-12,4.916955731459893e-12,0,61.48842622468965
2025-03-29,Sall,5099.942019454868,5099.942019454868,30827.66721826489,31178.57953576972,29688.620410225532,182.98235560743078,18847.70237707049,396.9419474302361,15367.101357888929,12447.352099890035,15573.249739594203,478.8235649358321,16052.073304530035,872.1643986826406,16924.237703212675,16924.237703212675,1.8189894035458565e-12,2.69464450752821e-11,0,0.0
2025-03-30,Sall,5099.942019454868,5012.1256965370985,70207.70807636803,62801.71696691147,60590.08305718866,944.0125189969046,1933.6767884005446,264.6725297266207,21416.638150970455,17426.51159291207,42173.73760642155,-2188.8279426896624,39984.90966373189,3909.722099646772,43894.63176337866,48299.52241131519,7.275957614183426e-12,2.1827872842550278e-11,0,87.81632291776987
2025-03-31,Sall,5012.1256965370985,5012.125696537101,64355.720695912256,66010.46343657513,63290.30583542435,549.2878572410599,2529.3104352992837,180.30299994054144,21992.583021538197,17813.992247445945,38401.76251627255,1364.9612224672237,39766.723738739776,2176.2655386436877,41942.989277383465,42000.50072996778,1.8189894035458565e-12,3.503330958665174e-11,0,2.7284841053187847e-12
2025-04-01,Sall,5012.125696537101,5012.125696537102,76684.3719670544,70570.86906045883,67641.3554559368,452.144337329809,3688.3034569112133,131.22918421560064,21395.34544985876,17330.229814385595,45826.89195543637,-1797.4400024004572,44029.45195303591,1754.1362940397244,45783.58824707563,49560.39053429929,1.8189894035458565e-12,4.9112713895738125e-11,0,9.094947017729282e-13
2025-04-02,Sall,5012.125696537102,4949.851935826638,72091.46181951727,70969.9594604421,67536.99985937828,392.5735969922169,3315.956182010717,195.85774815135755,21255.10795183065,17272.683825622244,43476.190839498304,-275.89226667874027,43200.29857281956,1609.501347932618,44809.79992075218,45423.95644731908,1.8189894035458565e-12,4.985167834092863e-11,0,62.27376071046456
2025-04-03,Sall,4949.851935826638,4949.851935826639,73404.00176098381,67221.23023685403,63596.08392696479,213.99460272830467,3587.7060156695525,192.09195732776982,21930.26468436379,17763.51439433467,44747.03826569479,-2074.049364432605,42672.988901262186,755.043979953239,43428.032881215426,47576.13161008065,1.8189894035458565e-12,1.63034030720155e-11,0,1.8189894035458565e-12
2025-04-04,Sall,4949.851935826639,4949.851935826639,30281.68719403896,30246.992219550422,28487.691571189836,139.2613454191822,18939.17439941522,363.7014121191701,15227.762395129634,12334.487540054999,15241.003974480293,-13.143772789351715,15227.86020169094,628.4789838986374,15856.339185589579,15887.21514969726,3.637978807091713e-12,7.297273896256229e-12,0,0.0
2025-04-05,Sall,4949.851935826639,4932.524997268962,29079.1215205217,29094.77038288737,28150.623361623162,787.3454763602542,13887.197478171594,199.37504747494245,14857.23986160768,12049.95853260413,14577.444503669005,24.204679945451062,14601.649183614456,3180.0832345299123,17781.73241814437,17790.908836485392,4.092726157978177e-12,8.473222123939195e-12,0,17.32693855767775
2025-04-06,Sall,4932.524997268962,4932.524997268961,68191.71486869198,64968.85770164797,62366.88702421166,181.949332277934,3831.4668207526584,115.22049413078435,22063.540920734104,17871.468145794617,40399.99072401134,-317.7699540570029,40082.220769954336,674.8038088604118,40757.02457881475,42771.966650393355,1.8189894035458565e-12,1.3727685654885136e-11,0,9.094947017729282e-13
2025-04-07,Sall,4932.524997268961,4932.524997268963,61708.41256135228,62269.12609472983,59816.272784291636,187.3977266175545,2571.16952283505,320.84201156957874,20362.840490374896,16493.900797203667,36514.04269020315,1256.7364933457939,37770.77918354894,738.2441934248135,38509.02337697375,38828.110224733486,1.8189894035458565e-12,2.7930546764309838e-11,0,1.8189894035458565e-12
2025-04-08,Sall,4932.524997268963,4932.524997268968,69910.84175407793,64578.98797957136,61334.17532814717,316.6587211434092,3051.8776845065818,162.64808413037144,21490.077178878735,17406.962514891777,42100.21352150531,-1626.122677813626,40474.09084369169,1449.72780116006,41923.818644851744,45325.71649775558,3.637978807091713e-12,3.6713743156724377e-11,0,5.4569682106375694e-12
2025-04-09,Sall,4932.524997268968,4932.524997268969,70273.86707819004,68248.85571310001,65631.72961403504,213.58273421245957,2459.980608325635,160.80969242507763,21527.42647805328,17437.21544722317,42165.06371043544,-735.3519709458415,41429.7117394896,842.388720574268,42272.10046006386,43756.77582815367,5.4569682106375694e-12,2.4360957695535035e-11,0,9.094947017729282e-13
2025-04-10,Sall,4932.524997268969,4931.570273886057,67724.80018384979,64160.27901428137,60703.90993648108,522.801432158836,2625.5530269849023,269.98107726438946,20375.782186501398,16505.24282211075,41020.89272542062,-1050.6327008786684,39970.26002454195,2211.3904610541204,42181.650485596074,44608.53460129415,5.4569682106375694e-12,2.3216983890961274e-11,0,0.9547233829116522
2025-04-11,Sall,4931.570273886057,4931.570273886058,27821.47814827279,27852.80521199112,26934.54019216272,683.1332358315974,19171.087960887042,308.9860058160319,14847.101550655652,12026.152256031079,13834.081857463025,52.26290526751836,13886.344762730543,2471.832365108507,16358.17712783905,16374.165548108385,1.8189894035458565e-12,4.0394354527961696e-12,0,9.094947017729282e-13
2025-04-12,Sall,4931.570273886058,4919.518878559254,29549.70679034751,28880.249205699583,27475.025782132045,158.41138371795265,15460.394086793207,340.3857342696676,14833.384476743426,12025.8876819563,15113.085322107145,-259.2211903634616,14853.864131743683,457.3050387799324,15311.169170523615,15914.958599968133,9.094947017729282e-13,3.325340003357269e-12,0,12.051395326804595
2025-04-13,Sall,4919.518878559254,4919.518878559254,66001.07197499518,63379.45725731185,60670.66752560214,230.9000391031825,2260.3272231759565,290.7589628168047,21442.75208094335,17368.62918556412,39219.889680610184,-773.9424067956134,38445.94727381457,902.660688564225,39348.607962378795,40896.492775970015,1.8189894035458565e-12,2.6068730507589066e-11,0,0.0
2025-04-14,Sall,4919.518878559254,4919.518878559258,67438.24173262223,60069.31777301917,58241.3825522449,815.6714185307887,2313.512694627648,201.91025798607313,21124.206411378877,17110.607193216896,40728.509044854596,-2690.506281776128,38038.00276307847,3042.3197785538255,41080.3225416323,46461.335105184546,3.865352482534945e-12,3.136439374884503e-11,0,4.547473508864641e-12
2025-04-15,Sall,4919.518878559258,4919.51887855926,61246.49332595141,60434.80495889203,57438.2381303367,479.15811878302173,3737.476238088261,90.04570130513378,20791.818296805217,16841.372820412227,35902.18876813292,227.3796989885086,36129.568467121426,2392.682961877589,38522.251428999014,39075.5194078729,1.8189894035458565e-12,1.1036505043193756e-11,0,1.8189894035458565e-12
2025-04-16,Sall,4919.51887855926,4919.518878559259,66556.30207092248,64688.29216861205,61859.0171721212,420.53702143797375,2521.823626301436,167.43248959790787,20056.348040314944,16245.641912655108,39042.05794881898,241.72432224346994,39283.78227106245,1539.0154653093587,40822.79773637181,42125.71944952263,1.8189894035458565e-12,1.7557511000632076e-11,0,9.094947017729282e-13
2025-04-17,Sall,4919.518878559259,4903.225221146779,60277.828598955435,62046.59596710513,58956.24983435365,186.92579995793074,2214.610237005576,124.16515213407479,20793.274667595648,16857.216772423704,36360.653933539594,1957.392552672347,38318.04648621194,660.5228190685579,38978.5693052805,39843.04781194473,9.094947017729282e-13,7.929656931082718e-12,0,16.29365741247966
2025-04-18,Sall,4903.225221146779,4903.225221146779,28505.096225489775,28394.283555249298,26831.806826274566,253.53741451405213,17493.922944196962,423.5679723118621,14809.13758392869,11995.401442982244,14257.346053192825,-47.73901603053673,14209.607037162288,949.1971914449207,15158.804228607209,15254.282260668284,2.7284841053187847e-12,8.220979452744359e-12,0,0.0
2025-04-19,Sall,4903.225221146779,4903.225221146781,27951.456380784177,28265.700469768824,26741.876698939395,282.5578620579506,17194.89139484044,269.07343655450916,14609.423576854748,11833.633097252337,13686.426435624027,465.98760233715984,14152.414037961187,691.2413393645498,14843.655377325736,14856.30960655723,1.8189894035458565e-12,1.4980461315872162e-11,0,1.8189894035458565e-12
2025-04-20,Sall,4903.225221146781,4903.225221146784,61301.86573361121,60356.6434687802,57703.44373660043,523.7147442329383,2085.475164611763,292.81147017617127,20479.61559322154,16588.48863050944,36385.41797544152,-132.50637156037556,36252.91160388115,1803.1925872010277,38056.10419108217,38528.59130056587,3.637978807091713e-12,5.6488147492927965e-12,0,2.7284841053187847e-12
2025-04-21,Sall,4903.225221146784,4903.225221146786,63650.2928038903,56126.97531650114,54641.06061377277,695.0363225929945,2991.6448281275607,170.07290445858223,19249.835897085763,15592.367076639477,37596.98768676915,-2055.0756937616607,35541.91199300749,2584.461068109199,38126.37306111669,42236.524448640004,1.8189894035458565e-12,4.026645683552488e-11,0,1.8189894035458565e-12
2025-04-22,Sall,4903.225221146786,4903.225221146784,60049.533980711356,59756.70795494694,57827.05767347343,463.15451526274796,2311.545124276194,184.72633841858567,19163.217944077493,15522.206534702778,35535.741820438074,285.8851088052761,35821.62692924335,1904.2907647007844,37725.91769394413,38006.06456922428,1.8189894035458565e-12,9.412914891981927e-12,0,1.8189894035458565e-12
2025-04-23,Sall,4903.225221146784,4901.544113710878,56595.446931601,59339.36329644117,58038.14420221948,393.171546177129,2845.943969349748,230.48978874927172,20823.56984380656,16868.60457017563,33241.91918846434,2212.9003953161373,35454.819583780474,1419.639866578816,36874.45945035929,36874.45945035929,1.8189894035458565e-12,7.503331289626658e-12,0,1.6811074359056875
2025-04-24,Sall,4901.544113710878,4901.544113710878,58781.46738589204,57404.3728092034,54446.313600677626,474.7873451340863,3987.3913154740935,175.26656692846234,19307.033491627135,15638.697128217984,34658.344273287,280.58149141279864,34938.9257646998,1773.5504483803952,36712.4762130802,37609.70035605757,1.8189894035458565e-12,1.4983569940341113e-11,0,0.0
2025-04-25,Sall,4901.544113710878,4901.544113710883,27904.223207969993,27345.579513216006,25764.552707669696,113.82147911654853,20773.582523502868,295.7372270030438,14782.614664633373,11973.917878353026,14019.412372601346,-260.6279822779434,13758.784390323402,432.6564307167136,14191.440821040116,14712.696785596005,1.8189894035458565e-12,3.920419544556353e-12,0,4.547473508864641e-12
2025-04-26,Sall,4901.544113710883,4901.544113710885,27350.123501541348,27381.23822087991,26059.908557326904,270.6256023498448,23120.858824980274,314.5556151331022,14868.032032789668,12043.105946559626,13648.925110000871,40.097563600969806,13689.022673601841,907.332491836811,14596.355165438652,14596.355165438652,9.094947017729282e-13,5.863753926860227e-12,0,1.8189894035458565e-12
2025-04-27,Sall,4901.544113710885,4901.5441137108855,57667.02659158809,58062.64285277953,55696.541850528934,644.8485612096836,3685.240686692443,138.7498415810394,20757.519474377856,16813.590774246066,34157.6901054207,616.2254690054688,34773.915574426166,2410.7227138067337,37184.6382882329,37268.96922997332,3.893774191965349e-12,4.831690603168681e-13,0,9.094947017729282e-13
2025-04-28,Sall,4901.5441137108855,4901.544113710886,70227.17126408478,67520.88558174155,63598.11514663959,224.83972220092392,2813.4383889919386,216.7528177661586,21951.55971271448,17780.76336729873,41245.80952621752,-867.5619156984903,40378.24761051903,737.9554992620957,41116.20310978113,42894.66488621459,3.637978807091713e-12,3.2670754990249407e-11,0,9.094947017729282e-13
2025-04-29,Sall,4901.544113710886,4901.544113710886,60001.73702283343,57918.99218867158,55872.10181667456,113.49741023496117,4826.13343329748,70.5447515268969,19240.564870623515,15584.857545205052,35338.350313778144,213.83673087680654,35552.18704465495,611.9716607111856,36164.158705366135,37497.74773168125,3.183231456205249e-12,3.0894398150849156e-11,0,0.0
2025-04-30,Sall,4901.544113710886,4901.544113710891,56399.82986930672,55424.64191693751,53499.134437608656,1050.0713733725925,2501.967755958874,156.0521201430032,19128.060534452914,15493.729032906867,33727.90192342397,-409.4239236420326,33318.477999781935,4009.697588628748,37328.17558841068,38147.02343569473,1.8189894035458565e-12,2.4520829811081057e-11,0,4.547473508864641e-12
2025-05-01,Sall,4901.544113710891,4901.544113710893,60253.145490305746,58873.397297127645,57027.09526790895,2341.4020990074036,4294.424431545189,0.0,21382.60071247982,17319.906577108657,36056.36407107168,-374.30494362205354,35682.059127449626,10635.195964855804,46317.25509230543,47091.86757847607,2.2737367544323206e-12,4.929034957967815e-11,0,1.8189894035458565e-12
2025-05-02,Sall,4901.544113710893,4875.260999153302,30699.846755572813,30414.562641986635,29285.445459842897,591.2858574202211,12606.578632273826,240.74209404496077,14540.764793225344,11801.674285614352,16365.657797551086,-116.68299819406639,16248.97479935702,2397.0006380639566,18645.975437420977,18904.64790392549,1.1368683772161603e-12,1.5916157281026244e-11,0,26.283114557591034
2025-05-03,Sall,4875.260999153302,4875.260999153302,32048.037275971754,31319.068350980127,28965.675947883115,228.4862538278866,17315.59785942993,232.79729842713596,14624.186283441795,11845.590889587853,17485.814471160447,-386.3708499835557,17099.44362117689,997.7990427864585,18097.24266396335,18869.984363930464,9.094947017729282e-13,7.222666909001418e-12,0,0.0
2025-05-04,Sall,4875.260999153302,4824.526465578278,65934.38525151939,57240.986028621366,56128.656400692824,1484.168452745976,2472.190758984368,84.12035409970679,17723.72361704696,14401.877210025556,39356.847420336126,-1889.8018887407525,37467.04553159537,4984.680305755589,42451.72583735096,47309.9616247601,3.637978807091713e-12,9.585221505403752e-12,0,50.734533575024216
2025-05-05,Sall,4824.526465578278,4824.5264655782785,67234.46967675655,64345.66029729153,61154.048592456886,439.4027663364063,2373.7264526983013,335.98366736467824,20040.707572264808,16232.973133534491,41498.655486376636,-1090.3024484698544,40408.35303790678,1658.6058251306192,42066.9588630374,44247.56375997711,1.8189894035458565e-12,2.489059652832637e-11,0,9.094947017729282e-13
2025-05-06,Sall,4824.5264655782785,4824.526465578278,59151.89923001136,60419.52969619827,58581.43343275664,742.4554688711379,2154.7215545508916,351.19765159252825,20778.35436219837,16830.46703338068,36270.76354725679,1307.3030417213304,37578.06658897812,2552.6762997986657,40130.74288877679,40315.996574341996,1.8189894035458565e-12,5.6985527407960035e-12,0,9.094947017729282e-13
2025-05-07,Sall,4824.526465578278,4824.526465578282,64087.73257621573,65133.71561699528,61627.40386487739,143.23704187952364,2514.8901386329176,239.62933941002927,20780.397256389406,16832.12177767542,39884.26763563983,764.199973492905,40648.467609132735,610.2361513088349,41258.70376044157,41541.42587739603,2.7284841053187847e-12,5.127276381244883e-11,0,4.547473508864641e-12
2025-05-08,Sall,4824.526465578282,4824.526465578282,71714.63545892548,67751.66772162257,62796.04418737849,308.6261031949388,3079.1581947692403,338.84454364422834,20316.60606399974,16456.450911839787,43218.10115504332,-496.6236547904846,42721.47750025283,1295.9343404818576,44017.41184073469,46496.01172922573,1.8189894035458565e-12,2.567901447037002e-11,0,0.0
2025-05-09,Sall,4824.526465578282,4701.383250151599,31792.265301421743,32092.998761377767,28959.55512100873,133.89851786788648,17042.161503678137,888.8502191123415,14599.394526158696,11936.338460072557,17408.85685380898,676.9956419699593,18085.852495778938,431.4811276278874,18517.333623406827,18625.3266895596,1.8189894035458565e-12,8.707701226740028e-12,0,123.14321542668313
2025-05-10,Sall,4701.383250151599,4701.3832501516,30390.26630338833,30602.97216378291,28846.566389385003,343.46624835139795,13836.448824163886,548.5701141583137,14126.149558320376,11442.181142239508,16209.150289336125,323.44948992494756,16532.599779261072,962.3846967395756,17494.98447600065,17494.98447600065,1.8189894035458565e-12,2.7284841053187847e-12,0,9.094947017729282e-13
2025-05-11,Sall,4701.3832501516,4701.383250151601,67145.4661799983,65095.48798374458,61554.92854459314,485.6311264270136,2492.7180106233695,263.0282141839459,20003.86506778677,16203.130704907288,40320.96506976156,-438.595985354048,39882.36908440751,2273.0848940266665,42155.453978434176,43146.757878981814,1.8189894035458565e-12,1.0800249583553523e-11,0,9.094947017729282e-13
2025-05-12,Sall,4701.383250151601,4701.383250151603,63726.37793434003,65311.070746514226,60236.67697196241,33.2584491340308,4511.696714322538,413.1483736582343,17967.868946222883,14553.973846440529,38495.67668025322,2219.934229360246,40715.61090961347,124.82935887437027,40840.44026848784,41142.497078753295,2.5011104298755527e-12,2.523847797419876e-11,0,1.8189894035458565e-12
2025-05-13,Sall,4701.383250151603,4701.383250151604,68641.26482569141,61927.14573040961,58866.232309814186,333.21605342218606,2310.1473575514583,106.68624196498695,19228.431563438342,15575.02956638505,41128.86386822672,-1303.6635941239,39825.20027410282,1458.0821495912978,41283.282423694116,45713.3221454972,1.8189894035458565e-12,1.3081091765343444e-11,0,1.8189894035458565e-12
2025-05-14,Sall,4701.383250151604,4701.383250151604,67048.45551688834,62759.41648669155,59498.547450799844,311.3360509597971,2779.2548180089384,390.84504618701703,19082.28870647566,15456.653852245288,41439.210442564305,-1551.3656549950392,39887.844787569265,1135.7345438729806,41023.57933144225,44255.17803843227,9.094947017729282e-13,1.311661890213145e-11,0,0.0
2025-05-15,Sall,4701.383250151604,4700.780303038621,66699.45842858672,62845.880808282694,59217.7740400817,146.10025697651318,2379.726868099687,596.0210332244898,19071.635604223047,15448.56749182235,41399.4071508893,-1264.342917804417,40135.064233084886,493.4951021800376,40628.55933526492,43270.72871733964,1.8189894035458565e-12,5.115907697472721e-12,0,0.6029471129832018
2025-05-16,Sall,4700.780303038621,4603.6243634523535,29763.36348476887,29361.911179424496,27367.67085724994,274.4532609856324,21644.49010400195,614.1032222798499,14502.445285516213,11834.421026895776,16126.509137756442,-158.29571711786593,15968.213420638576,910.2914971360386,16878.504917774615,17276.72806212625,9.094947017729282e-13,6.0111915445304476e-12,0,97.15593958626778
2025-05-17,Sall,4603.6243634523535,4603.624363452353,29834.792605096485,29653.61849074634,27956.026893293627,355.4985053824143,14814.38532126146,300.4214485870178,14462.73444996966,11714.814904475425,15989.467465804071,120.74055509993195,16110.208020904003,1362.8020347524457,17473.01005565645,17761.633170544887,1.8189894035458565e-12,9.318767979493714e-12,0,9.094947017729282e-13
2025-05-18,Sall,4603.624363452353,4577.663204895219,68998.5872664979,64559.54582808323,60941.52058310351,385.33599133819234,3490.707948592439,483.921550775469,19470.652725132917,15794.593750059083,41365.38726701388,-1104.8379698837962,40260.549297130085,1039.8655415656135,41300.414838695695,43813.83124943262,4.092726157978177e-12,7.254641332110623e-12,0,25.961158557133786
2025-05-19,Sall,4577.663204895219,4577.66320489522,63484.9039112605,59093.77760768813,55941.97194868967,158.9368502513321,4710.324251450547,338.79203125381684,18613.557717034935,15076.981750798306,38224.97181272732,-880.9780174339394,37343.99379529338,934.2428237193715,38278.23661901276,40404.11839688512,9.094947017729282e-13,5.6843418860808015e-12,0,9.094947017729282e-13
2025-05-20,Sall,4577.66320489522,4577.663204895221,62865.9216006478,63003.79956834863,60574.056247696535,505.7935024473541,2794.5560080381647,170.54157341892756,18880.828168527012,15293.470816506877,37718.97853307561,412.7602008298345,38131.73873390545,2168.6619426815314,40300.40067658698,40419.13645216484,3.637978807091713e-12,1.5067058711792924e-11,0,9.094947017729282e-13
2025-05-21,Sall,4577.663204895221,4577.663204895222,58768.14934849857,60225.811846067954,57816.00507055481,292.5060965193471,2797.7447654305756,353.377426423104,18919.861536248154,15325.08784436101,36226.00951095033,1429.8050632046725,37655.814574155,853.114446902096,38508.9290210571,38625.2998615188,2.7284841053187847e-12,2.6133193387067877e-11,0,1.8189894035458565e-12
2025-05-22,Sall,4577.663204895222,4577.663204895223,61276.23642200547,60334.90813966835,57571.56776061886,227.84743016433293,3175.8741554499707,343.3112283097047,18229.468370299255,14765.869379942405,37478.752235449545,-280.17970820626215,37198.57252724328,906.3384011140612,38104.91092835734,38665.27034476987,1.8189894035458565e-12,2.1882939904571685e-11,0,9.094947017729282e-13
2025-05-23,Sall,4577.663204895223,4577.663204895225,28992.846353032925,29712.80334143658,27437.85931174352,200.31483664176346,18047.51722997087,435.6137915651338,14389.969702715456,11655.875459199515,15223.040097762681,1045.8457595189284,16268.88585728161,787.550861034464,17056.436718316072,17057.760691568263,2.0463630789890885e-12,4.993561120159029e-12,0,1.8189894035458565e-12
2025-05-24,Sall,4577.663204895225,4577.663204895223,31066.27702719192,30563.685340142976,27870.39286070502,46.661089628448735,20333.006394139662,1080.2715493458286,14469.866439550835,11720.591816036178,17345.97814924547,-232.71196978887383,17113.266179456597,107.4442560109649,17220.71043546756,17686.13437504531,1.8189894035458565e-12,6.87805368215777e-12,0,1.8189894035458565e-12
2025-05-25,Sall,4577.663204895223,4477.144033549567,63900.2253035022,59482.919192083675,56402.934967026114,467.09766685282676,4632.1332591860055,321.7894342160821,18218.773743971706,14847.673986828171,37891.17929018549,-418.5810715693733,37472.59821861612,1674.7019125167376,39147.300131132855,41415.96107968319,9.094947017729282e-13,2.920330643974012e-11,0,100.5191713456561
2025-05-26,Sall,4477.144033549567,4477.144033549567,60732.750495758846,63938.9864453154,60779.5020250109,393.9535662734711,2446.2765309888014,380.1638982008519,19827.274800498446,16060.092588403746,37365.905439505164,2313.3886181760245,39679.29405768119,1212.4936729249052,40891.78773060609,40897.619975005415,1.8189894035458565e-12,1.9475976387184346e-11,0,0.0
2025-05-27,Sall,4477.144033549567,4360.614926877785,57290.59911270666,58185.22913731925,54913.615265465975,548.0009358164124,2604.374639198783,201.42310920527507,17738.564994120687,14473.11384124236,35445.125496181514,635.1783163031214,36080.303812484635,1909.7038742536454,37990.00768673828,37990.00768673828,9.094947017729282e-13,2.575006874394603e-11,0,116.52910667178185
2025-05-28,Sall,4360.614926877785,4259.141778326666,65779.88438051351,63548.92166732637,60579.42871390085,116.77013035855362,4237.736323127293,315.6837309429262,20843.58170465899,16974.627014469792,39454.99923958701,-511.069515229472,38943.929724357535,327.88019898086503,39271.8099233384,40624.52163094928,1.8189894035458565e-12,1.007549599307822e-11,0,101.47314855111927
2025-05-29,Sall,4259.141778326666,4259.141778326666,64913.47855220134,63337.07689087358,60494.82141666715,383.8735188884729,2778.3855195281635,209.36637842607558,19899.050197902052,16118.230660300656,38932.163230231876,-274.55201167250925,38657.61121855937,1573.2718795263697,40230.88309808574,40998.75324931614,5.4569682106375694e-12,2.8705926524708048e-12,0,0.0
2025-05-30,Sall,4259.141778326666,4259.141778326663,29627.939519385458,29715.930429713047,27663.39014161065,212.96830104535104,17884.00020183707,718.0753041264315,14094.998263293905,11416.94859326807,16028.756312596073,135.64396388857313,16164.400276484646,609.2744636389903,16773.674740123635,16773.67474012364,3.637978807091713e-12,8.37374614093278e-12,0,2.7284841053187847e-12
2025-05-31,Sall,4259.141778326663,4259.141778326663,31722.972812675056,30272.308767587976,27968.940989715473,420.5312105309383,16842.5855780253,620.7679188958506,13352.300806975014,10815.363653649756,17375.918608858825,-651.4281500156176,16724.490458843207,1299.477707535722,18023.96816637893,19326.82446641017,1.1368683772161603e-12,1.2324363751758938e-11,0,0.0
2025-06-01,Sall,4259.141778326663,4259.141778326666,80897.3016196958,73544.22875252429,71777.5328393596,5552.999153491223,1962.5524480829476,0.0,21806.06970930466,17662.916464536767,49504.994364174214,-2575.1444174637,46929.849946710514,22082.6642157563,69012.51416246682,74225.36723808042,1.8189894035458565e-12,1.439914854017843e-11,0,2.7284841053187847e-12
2025-06-02,Sall,4259.141778326666,4174.639839007264,87025.61416238977,77390.36316223962,74298.1135989578,834.616229999244,2056.291047997006,0.0,23745.700401828988,19310.069070868936,54749.07423125235,-2887.082062246831,51861.99216900552,3172.618596037556,55034.61076504308,61414.310565167834,1.8189894035458565e-12,2.942712740150455e-11,0,84.50193931940248
2025-06-03,Sall,4174.639839007264,4174.6398390072645,82111.36253452656,79324.02422660397,74871.94010636883,431.0371459729853,2897.737036358932,8.150305734502922,22130.121457447865,17925.398380532766,51406.71766079285,-892.5385916029481,50514.1790691899,1729.0804112258495,52243.25948041575,54042.26571090759,3.183231456205249e-12,2.091837814077735e-11,0,9.094947017729282e-13
2025-06-04,Sall,4174.6398390072645,4174.639839007266,92833.20360673913,80509.3095435654,75660.27978220295,630.5838688195626,2317.530963360526,3.4516666666667106,22761.158970150755,18436.53876582211,58556.49965137711,-4214.079844528438,54342.41980684867,1898.6634204884156,56241.08322733709,64708.57126999242,3.637978807091713e-12,2.2737367544323206e-11,0,1.8189894035458565e-12
2025-06-05,Sall,4174.639839007266,4095.310777884851,82322.7893869984,80377.65999675481,77037.17329772045,598.5878273131744,2299.4089089722393,0.0,22412.791338973282,18225.75713957853,50805.462035218734,215.28804719131585,51020.75008241005,2440.7305907597315,53461.48067316978,55073.81004819232,3.637978807091713e-12,3.023270522817256e-11,0,79.32906112241517
2025-06-06,Sall,4095.310777884851,4095.310777884851,43742.88653711222,43200.961514262664,41145.79828120438,319.0482977482956,7051.667305263677,806.4187326252073,14482.97442665149,11731.209285587698,25332.518771455227,-115.06047803487672,25217.45829342035,809.6639899074283,26027.12228332778,26301.436791512304,1.8189894035458565e-12,1.2079226507921703e-11,0,0.0
2025-06-07,Sall,4095.310777884851,4095.3107778848525,47494.262739722646,44435.3313644843,42399.5318778025,472.1907846581016,8842.60130214456,237.8163074817826,14025.22045351355,11360.42856734598,25863.92109133691,-432.55377716282965,25431.36731417408,1775.0283882483004,27206.395702422382,28819.37566002462,1.8189894035458565e-12,1.4095391520640987e-11,0,1.3642420526593924e-12
2025-06-08,Sall,4095.3107778848525,3273.92609986687,81446.50219352472,77501.68384390678,70680.87973481102,250.26837235819175,2530.049017285956,3.245800000000031,20800.927544383103,17587.997521166493,50882.89437722003,157.44650366768474,51040.340880887714,805.0868802127698,51845.42776110048,54870.43246957651,1.8189894035458565e-12,2.2808421817899216e-11,0,821.3846780179824
2025-06-09,Sall,3273.92609986687,3273.9260998668697,90475.52186528295,83458.45848561019,76638.29577037551,389.6191688950157,1752.7730738406976,0.0,22854.890168929054,18512.461036832545,57798.39246595359,-2558.658629366626,55239.733836586965,1359.0775516009014,56598.81138818787,61716.128646921105,1.8189894035458565e-12,3.268496584496461e-11,0,4.547473508864641e-13
2025-06-10,Sall,3273.9260998668697,3210.102290597887,82574.38999295983,80819.27043843083,76327.49570032446,953.751663302732,1380.2546870588121,0.0,22842.051955669074,18559.503512434032,51646.259887866094,-162.23759117034206,51484.02229669575,2968.1250936928286,54452.14739038858,55703.912544615465,1.8189894035458565e-12,2.972910806420259e-11,0,63.823809268982586
2025-06-11,Sall,3210.102290597887,3210.102290597888,88508.48966683261,87726.77860953896,81804.0747656688,303.98686527337645,1339.5740586013744,0.0,24652.848714074367,19968.807458400242,56483.02417196221,-323.86617217615276,56159.15799978606,1348.3786028600532,57507.53660264611,58155.2689469984,1.8189894035458565e-12,2.327027459614328e-11,0,9.094947017729282e-13
2025-06-12,Sall,3210.102290597888,3193.180617438393,85874.93188501423,83706.54525015065,77817.93665343784,341.6511414009856,1337.0306482750311,0.0,23081.027468810677,18710.861755580205,54232.27071659759,-801.0183449799224,53431.252371617666,1304.9546881311257,54736.20705974879,56407.70992982282,1.8189894035458565e-12,1.7696066834105295e-11,0,16.921673159495185
2025-06-13,Sall,3193.180617438393,2697.4658822291253,43541.592091856844,43843.02374456979,37506.61830032997,43.5790714303219,5623.98581678018,1222.6919166666662,14759.73263158836,12401.526693274911,25644.383660723863,650.9039280542056,26295.28758877807,121.35463160314632,26416.642220381214,26481.94913954617,1.8189894035458565e-12,6.650680006714538e-12,0,495.7147352092675
2025-06-14,Sall,2697.4658822291253,2697.4658822291262,41386.92479855811,40052.419279634465,37610.926840500644,190.17781153511555,8539.405063289203,497.4989763383634,13530.830854779939,10959.972992371751,23993.63733311111,-411.81579469956705,23581.821538411543,482.534751477943,24064.356289889485,24895.176243628433,1.8189894035458565e-12,1.000444171950221e-11,0,9.094947017729282e-13
2025-06-15,Sall,2697.4658822291262,2697.465882229128,79918.91475861175,81677.08757447197,75990.94561661598,302.9850108899158,1124.455362837301,11.208425000000034,23848.907928080498,19317.61542174519,49935.208444596676,1554.78574236251,51489.994186959186,1140.6011729392,52630.59535989838,52806.41562093023,5.4569682106375694e-12,1.362110424452112e-11,0,1.8189894035458565e-12
2025-06-16,Sall,2697.465882229128,2697.465882229128,84397.08607466491,85280.07158208538,78091.72325799274,325.19670921632564,1158.2086996868256,0.0,24024.51816239766,19459.859711542096,53190.01743395739,1159.0609359293885,54349.07836988678,1225.1838824783538,55574.26225236514,55705.08993270125,4.092726157978177e-12,5.753975074185291e-11,0,0.0
2025-06-17,Sall,2697.465882229128,2657.5411241754073,85726.20936241795,84685.63882229543,79690.29320467237,794.6471323130907,1369.1727496047138,0.0,23761.5192261182,19282.76285540409,53673.82292970315,303.8903795288352,53977.713309231985,3105.4232807069366,57083.13658993892,58257.218616064834,5.4569682106375694e-12,2.0052404181569727e-11,0,39.92475805372078
2025-06-18,Sall,2657.5411241754073,2477.2768513630003,84507.61483583965,83589.49429182548,77193.33427208316,425.21994653726875,2487.5795724233326,0.0,22972.74521962235,18770.161473425283,52820.38361777684,422.06697536331194,53242.45059314015,1590.1454656264307,54832.59605876658,56111.23566707826,9.094947017729282e-13,2.107469754264457e-11,0,180.26427281240694
2025-06-19,Sall,2477.2768513630003,2266.899044209103,80049.61064989271,78839.61892815298,73930.64190531083,909.4473570483418,2306.4745034213324,0.0,23491.845186191276,19217.73462725345,49716.30070144932,2563.97480379013,52280.27550523945,3423.7389684752334,55704.014473714684,58963.12128119141,1.8189894035458565e-12,1.3358203432289883e-11,0,210.37780715389727
2025-06-20,Sall,2266.899044209103,2162.869616352199,38079.56465193229,37726.909210714206,33374.23077992855,28.580287698520067,7879.468148845344,685.9982933935934,13317.84347610189,10881.079700713746,22452.84094540236,46.60979828760901,22499.45074368997,61.34469667228879,22560.795440362257,22761.621197557848,1.8189894035458565e-12,1.4649614854533866e-11,0,104.02942785690402
2025-06-21,Sall,2162.869616352199,2162.8696163521995,39524.6869411455,39498.9911774325,33672.30574815765,115.10635953245315,10782.721437412234,1132.170963689177,13356.733192572032,10818.953885983341,23354.814433148902,-10.761738880923076,23344.05269426798,300.41069172393645,23644.463385991916,23665.98686375377,2.7284841053187847e-12,9.190870287056896e-12,0,4.547473508864641e-13
2025-06-22,Sall,2162.8696163521995,2162.8696163521986,78419.09209273751,76566.53404119187,71804.52566185339,722.3767103860972,1094.536839482043,0.0,20921.18122503921,16946.156792281763,48204.906330139245,1381.3629914933917,49586.26932163264,3069.223591113337,52655.492912745976,54989.42513785333,1.8189894035458565e-12,2.000888343900442e-11,0,9.094947017729282e-13
2025-06-23,Sall,2162.8696163521986,2077.640020834445,77550.28415198495,76817.77888619169,72496.60093891577,597.1440071008635,1946.3609660568188,21.64653333333331,21795.568855749912,17731.117409123413,48489.63661824232,-84.11522207465896,48405.52139616766,2205.5754385510127,50611.09683471868,51150.421300385504,1.8189894035458565e-12,2.8478552849264815e-11,0,85.22959551775375
2025-06-24,Sall,2077.640020834445,2077.640020834445,89514.20565222099,85607.11461015326,81416.26210197373,719.441209051368,1252.7380089821615,45.20288055555568,24047.211428880804,19478.241257393445,56748.42429952864,-1345.9362993610775,55402.48800016756,2434.985986084339,57837.473986251905,60659.361780199426,1.8189894035458565e-12,3.470290721452329e-11,0,0.0
2025-06-25,Sall,2077.640020834445,2077.640020834443,81254.21447138497,82355.7246224149,76002.08155018823,482.13021896771204,1804.519666708216,0.0,22327.740714637148,18085.46997885609,50374.28219832218,1546.6178979668475,51920.90009628903,2274.846502407266,54195.74659869629,54481.261257740254,4.092726157978177e-12,3.1867841698840493e-11,0,1.8189894035458565e-12
2025-06-26,Sall,2077.640020834443,1238.2405400448406,78045.75786081821,79551.26970416761,72285.20508632263,334.3789636034475,1749.590924030499,0.0,21463.520133015136,18140.910840452903,49034.3506737253,2863.306647768819,51897.657321494116,1277.3129522315173,53174.97027372563,53377.131236426576,5.4569682106375694e-12,2.1714186004828662e-11,0,839.3994807896024
2025-06-27,Sall,1238.2405400448406,1238.2405400448397,39060.57839290233,37287.31911681834,33179.810150612895,109.92387917898797,10521.32630104145,437.07597567101845,13472.03098111972,10912.345094706974,23029.505015015864,-814.1437077522023,22215.36130726366,406.2740301434511,22621.63533740711,24249.922752911512,1.8189894035458565e-12,5.24735810358834e-12,0,9.094947017729282e-13
2025-06-28,Sall,1238.2405400448397,1238.2405400448379,35637.022685063326,35744.759213371886,32674.318409467967,350.1793742672493,8204.908933037508,582.3101377274534,12949.22419107155,10488.87159476796,20482.73909724698,208.54109430903554,20691.280191556016,1096.0121938198718,21787.292385375888,21881.366525961654,1.8189894035458565e-12,9.094947017729282e-12,0,1.8189894035458565e-12
2025-06-29,Sall,1238.2405400448379,1238.240540044839,74699.0866705041,77053.09034331713,74585.19272053154,1104.6773093682054,2141.632766993718,14.068333333333385,22454.738927575418,18188.33853133609,45809.17361725096,3332.054632541891,49141.22824979285,3957.59318103887,53098.821430831726,53992.050465705375,2.2737367544323206e-12,4.7833736971369945e-11,0,1.1368683772161603e-12
2025-06-30,Sall,1238.240540044839,1200.0000000000005,82560.92356637209,80842.71082085387,75559.84667721551,580.6058843631694,1997.2422250266382,20.306699999999978,22524.400732942475,18279.18107972376,51772.15074477829,-462.6898099466998,51309.46093483159,2005.7185299229482,53315.17946475454,54634.99105399203,9.094947017729282e-13,2.3238300173034077e-11,0,38.24054004483855
2025-07-01,Sall,1200.0000000000005,1200.0000000000005,72266.56885993278,72750.34362169838,72750.34362169838,10539.201027895047,411.7379542204242,0.0,21111.90874757728,17100.6460855376,44597.40839520806,630.3126291037624,45227.721024311824,38433.348838807826,83661.06986311966,83736.8236250812,7.275957614183426e-12,1.2093437362636905e-11,0,0.0
2025-07-02,Sall,1200.0000000000005,1200.000000000001,86930.93365858789,85758.07499705523,79819.38150146615,298.38692333759695,3154.9783655259725,0.0,21358.01943479522,17299.995742184125,55220.369582596635,-462.66150980360544,54757.70807279303,979.6142772010268,55737.32234999406,56689.95729902218,1.8189894035458565e-12,7.077005648170598e-12,0,4.547473508864641e-13
2025-07-03,Sall,1200.000000000001,1200.0000000000018,97602.42307177576,95302.12589915245,87752.01173516217,229.959252239052,3651.804461761948,0.0,24051.303117399522,19481.555525093627,62269.706666028265,-805.4278961253585,61464.27876990291,1214.6000970272644,62678.87886693017,64289.73465918089,3.637978807091713e-12,8.003553375601768e-11,0,9.094947017729282e-13
2025-07-04,Sall,1200.0000000000018,1200.0000000000014,42078.85005501009,41367.11129328101,40196.892191866464,1928.3125829739092,10331.734027495004,338.53939710784607,13547.70465037296,10973.640766802102,25613.69074475734,-295.8751240845595,25317.81562067278,5085.790551076597,30403.606171749376,30995.356419918495,3.637978807091713e-12,6.8265393338151625e-12,0,4.547473508864641e-13
2025-07-05,Sall,1200.0000000000014,1200.0000000000032,51184.63182901941,49582.72262726756,43952.5944698755,599.2840773552333,12062.049827101544,866.8390861223447,14910.05088073777,12077.141213397594,30658.780626788375,-696.4785661934038,29962.30206059497,2692.4325302717043,32654.734590866676,34047.69172325348,1.8189894035458565e-12,1.141842176366481e-11,0,1.8189894035458565e-12
2025-07-06,Sall,1200.0000000000032,1200.0,89917.86893262096,94103.82917327646,86185.48237426234,266.75390636966017,2100.9398699505196,0.0,23985.867687797076,19428.552827115636,56816.13494998342,4389.153596371805,61205.28854635522,1384.4949430252957,62589.78348938052,62595.48567063155,1.1368683772161603e-12,1.4551915228366852e-11,0,3.183231456205249e-12
2025-07-07,Sall,1200.0,1200.000000000001,88323.4810471314,84276.44692525241,79261.0851593439,939.8065311938934,2657.6985273547375,0.0,21756.370507980886,17622.660111464524,55734.62231120879,-1272.5165452697765,54462.10576593901,3552.506968819912,58014.61273475893,60619.149134662955,1.1368683772161603e-12,2.9103830456733704e-11,0,9.094947017729282e-13
2025-07-08,Sall,1200.000000000001,1200.0,105194.22448401741,101184.17712320156,84815.04980181504,0.0,4579.314445909949,0.0,24549.20178546546,19884.85344622703,67991.34325223045,-1137.8694974471,66853.47375478335,0.0,66853.47375478335,69779.06290572812,3.183231456205249e-12,2.2153699319460428e-11,0,9.094947017729282e-13
2025-07-09,Sall,1200.0,1200.000000000001,91836.9047314236,89864.15329216597,82289.0120738302,166.9511268676258,4065.667989602637,0.0,22797.737865413514,18466.167670984953,58141.937360288364,106.59468969847512,58248.53204998684,651.4411055527179,58899.973155539556,60743.96025670798,3.637978807091713e-12,4.0671466194908135e-11,0,9.094947017729282e-13
2025-07-10,Sall,1200.000000000001,1200.000000000003,88983.3328956106,88435.24457853894,80348.97400108585,157.00484301454344,3241.6118996164796,0.0,23214.43979552936,18803.696234378785,56447.31120096668,911.9812998910056,57359.292500857686,562.6719174620551,57921.96441831974,58919.1066431669,1.8189894035458565e-12,2.2737367544323206e-13,0,2.0463630789890885e-12
2025-07-11,Sall,1200.000000000003,1200.0,53591.54812631322,51441.61020647019,45711.04461702798,237.92158958278117,9790.642918868376,743.7263380713664,15241.156840373797,12345.337040702781,31894.458099966767,-716.260349533095,31178.197750433672,932.439257851094,32110.637008284764,33901.35191477253,9.094947017729282e-13,8.206768598029157e-12,0,2.9558577807620168e-12
2025-07-12,Sall,1200.0,1200.000000000001,45981.62254478698,46671.22951009136,42596.4781184577,161.10132886976066,8557.922296982862,423.115537467267,14169.990944968427,11477.692665424438,27627.93548569344,840.9951184777383,28468.93060417118,441.2287976243454,28910.159401795525,28910.159401795525,1.8189894035458565e-12,1.4551915228366852e-11,0,9.094947017729282e-13
2025-07-13,Sall,1200.000000000001,1199.9999999999998,95662.30157380344,83796.55653330748,76831.60091892169,139.57500905647186,3553.24228210598,0.0,21843.227609853784,17693.01436398157,62275.19796126092,-4453.122079383014,57822.07588187791,652.6608870823765,58474.73676896028,67380.98092772633,1.8189894035458565e-12,1.0473399925103877e-11,0,1.1368683772161603e-12
2025-07-14,Sall,1199.9999999999998,1199.9999999999984,92212.27062816039,86127.59738822165,79100.65586434063,179.34156085891436,3192.925756562756,0.0,22523.11816826382,18243.72571629369,58071.58257956593,-1914.983019674888,56156.599559891045,848.9595615751196,57005.55912146616,60835.52516081594,1.8189894035458565e-12,1.8189894035458565e-12,0,1.3642420526593924e-12
2025-07-15,Sall,1199.9999999999984,1199.999999999999,94389.3747640194,86896.12529805706,79878.9532940981,222.27731280606451,3092.8264929926927,0.0,22417.650160937323,18158.296630359233,59563.61541681462,-2423.486653806729,57140.12876300789,699.8668494074291,57839.99561241532,62923.34960693658,2.5011104298755527e-12,1.7990942069445737e-11,0,6.821210263296962e-13
2025-07-16,Sall,1199.999999999999,1200.0,88565.0149560307,86615.52766056605,79635.01999540423,315.6354667164809,3570.8037972476095,0.0,22343.622534419887,18098.334252880104,56766.58627487928,-711.2291405509313,56055.35713432835,1256.4025912807601,57311.75972560911,58754.8026474928,3.637978807091713e-12,1.8669510382096632e-11,0,9.094947017729282e-13
2025-07-17,Sall,1200.0,1200.000000000001,88808.2051762672,87447.73263462188,79531.34087264315,267.6524829681823,2858.961036230206,0.0,22208.506593233986,17988.890340519527,56384.41278047123,-342.8959875931905,56041.51679287804,1047.4717359642466,57088.98852884229,58203.19767456626,9.094947017729282e-13,3.637978807091713e-11,0,9.094947017729282e-13
2025-07-18,Sall,1200.000000000001,1199.9999999999995,54492.22269969378,51232.82052802678,44085.27492739883,102.86841033899495,9262.790476681144,774.3842141725194,15140.634457284968,12263.91391040082,32521.26400617102,-1133.3419472637797,31387.92205890724,442.2923801284552,31830.214439035695,34096.89833356326,9.094947017729282e-13,2.2737367544323206e-11,0,1.3642420526593924e-12
2025-07-19,Sall,1199.9999999999995,1200.000000000003,55927.34967194925,52463.35914841875,43853.189704870194,11.52235592160605,13214.27191150424,791.0380439443368,14087.279238648569,11410.696183305337,34091.28869313504,-1188.0369654160531,32903.25172771898,55.013488347708076,32958.26521606669,35334.33914689879,1.8189894035458565e-12,4.590106073010247e-12,0,3.410605131648481e-12
2025-07-20,Sall,1200.000000000003,1199.9999999999998,93780.10515411546,88646.86946802927,80165.92618867187,129.0421959535068,3857.5538984321383,0.0,22881.243523824112,18533.807254297535,58997.80248714599,-1629.580090872034,57368.22239627396,468.1724725872121,57836.39486886117,61095.55505060525,9.094947017729282e-13,9.386269539390923e-12,0,3.183231456205249e-12
2025-07-21,Sall,1199.9999999999998,1199.9999999999973,94613.92289838321,91274.28389757412,81961.07483635416,74.17213479857975,3726.0210732916075,0.0,22734.08709400593,18414.610546144813,59853.23555079724,-1075.7976322948816,58777.43791850236,343.60268686121026,59121.04060536357,61324.4515173525,1.8189894035458565e-12,2.4128340214701894e-11,0,2.5011104298755527e-12
2025-07-22,Sall,1199.9999999999973,1200.0,84588.031051667,84502.63721267892,79654.15228158562,841.7460642713693,2455.192602003216,0.0,22345.05856414242,18099.497436955364,53634.83295892692,217.5386446617049,53852.371603588625,2748.650878812547,56601.022482401175,57066.66584212554,1.8189894035458565e-12,2.6195934310635494e-11,0,2.7284841053187847e-12
2025-07-23,Sall,1200.0,1200.0,99359.16362426184,88194.60628229174,80764.0354115239,226.79522604502313,2394.05829453808,0.0,23053.816980864096,18673.59175449992,63701.165045883085,-3932.9795339411357,59768.18551194195,896.0399974330286,60664.22550937498,68533.90118480775,1.8189894035458565e-12,2.4982682589325123e-11,0,0.0
2025-07-24,Sall,1200.0,1200.0000000000007,100748.30548379882,92459.73246888151,81657.31231446097,0.0,3606.2698082870106,0.0,23339.844769336625,18905.27426316267,64865.67347868567,-2997.3824594614853,61868.29101922418,0.0,61868.29101922418,67863.91939080322,1.8189894035458565e-12,3.282707439211663e-11,0,6.821210263296962e-13
2025-07-25,Sall,1200.0000000000007,1200.0000000000011,45075.89267273295,44699.891013868975,40579.82046008407,187.414673917629,11033.337547625368,659.5923038899288,13520.9774516829,10951.991735863148,27103.10477009625,34.305720127053064,27137.410490223305,739.6840233157513,27877.094513539058,28339.14057126573,9.094947017729282e-13,4.9826809345177026e-12,0,4.547473508864641e-13
2025-07-26,Sall,1200.0000000000011,1200.0000000000016,47166.27494482608,45917.76489281926,41673.2371617058,47.0168301642899,10101.100489886827,382.1470437485341,14567.973113516082,11800.058221948027,27687.71774897344,-268.24303177179536,27419.474717201643,102.31688078611946,27521.79159798776,28308.909020314375,3.637978807091713e-12,1.3983481039758772e-11,0,4.547473508864641e-13
2025-07-27,Sall,1200.0000000000016,1200.0000000000011,88041.26008665448,86024.54267853244,80472.83458502914,277.99413777990685,2823.3150825029848,0.0,22328.020212136904,18085.696371830894,55662.519343368156,-357.5821833813461,55304.93715998681,795.7030554507091,56100.64021543752,57403.9512562938,9.094947017729282e-13,9.428788416698807e-12,0,4.547473508864641e-13
2025-07-28,Sall,1200.0000000000011,1200.0000000000023,92277.77063115945,89399.73841655183,83694.01825616958,529.308909531106,1983.90374440282,0.0,22550.243094550176,18265.696906585643,58501.48005422365,-705.2741135212855,57796.20594070236,2109.9071362053887,59906.11307690775,62077.96703070272,1.8189894035458565e-12,2.489741746103391e-11,0,1.1368683772161603e-12
2025-07-29,Sall,1200.0000000000023,1200.0000000000007,86669.65003648953,88694.18934463282,82207.77940442957,312.4447089600825,2148.893362751358,0.0,22642.551582306744,18340.466781668467,54306.12740351815,2394.495422969376,56700.622826487524,1434.1340706283975,58134.75689711592,58182.93765057284,3.637978807091713e-12,4.5919712476916175e-11,0,1.5916157281026244e-12
2025-07-30,Sall,1200.0000000000007,1200.0,82506.56896431503,87701.43544277862,82027.79212328825,74.73336937902167,3654.7120710370436,0.0,22866.10195594844,18521.542584318246,52143.73990819999,5004.886257828643,57148.62616602863,292.98425553062293,57441.61042155926,57441.61042155926,1.8189894035458565e-12,1.4551915228366852e-11,0,6.821210263296962e-13
2025-07-31,Sall,1200.0,1200.000000000003,85168.76984742521,86129.00476694344,80805.91210669068,314.54941942863366,2071.933215532884,0.0,22913.326546946148,18559.794503026376,53664.598800356274,1157.355471763105,54821.95427211938,1164.6705554700177,55986.624827589396,55989.5722675694,1.8189894035458565e-12,3.200284481863491e-11,0,2.9558577807620168e-12
2025-08-01,Sall,1200.000000000003,1200.0000000000036,43389.586861007876,41857.36635479506,39293.32628615228,494.2453482189963,15575.680392862429,465.375691992616,13132.39938341888,10637.243500569295,26276.66030110811,-674.3894343849388,25602.27086672317,1646.2703458119477,27248.541212535118,28597.320081304984,1.8189894035458565e-12,2.9558577807620168e-12,0,6.821210263296962e-13
2025-08-02,Sall,1200.0000000000036,1200.0000000000023,47660.378843158585,44688.764232360074,40528.596441532645,171.95356429164445,16793.091433914185,345.16326899955266,13869.844050406395,11234.573680829186,28400.971252326897,-995.3853511280868,27405.58590119881,768.851972630122,28174.43787382893,30165.20857608509,1.8189894035458565e-12,1.7280399333685637e-11,0,1.3642420526593924e-12
2025-08-03,Sall,1200.0000000000023,1200.0,74787.85378723114,71882.79852864487,68759.75556129612,539.5262853649785,2796.718636377276,0.0,19279.38540500248,15616.302178052,47283.0978201986,-705.2902493973525,46577.80757080125,2351.1630230164938,48928.97059381774,50434.3513397538,2.5011104298755527e-12,1.5862866575844237e-11,0,2.2737367544323206e-12
2025-08-04,Sall,1200.0,1199.9999999999993,80753.18943547586,75880.0567975434,72238.33985543091,614.1916221398416,3575.7245064331505,0.0,20321.85204107493,16460.7001532707,51455.268053826556,-1754.3606460974406,49700.907407729115,2506.9870674741214,52207.89447520324,55718.27261360355,6.59383658785373e-12,5.803713065688498e-11,0,6.821210263296962e-13
2025-08-05,Sall,1199.9999999999993,1200.0000000000007,79329.51565994766,77244.3855413612,72782.58671012521,211.37442348395032,3872.475131952331,0.0,20890.40141222875,16921.225143905285,50375.15279963719,-654.8743247344464,49720.27847490274,845.2012088681912,50565.47968377093,52012.84022810557,1.8189894035458565e-12,1.2730261289561895e-11,0,1.3642420526593924e-12
2025-08-06,Sall,1200.0000000000007,1200.000000000001,83740.37051205682,78306.21413820214,74806.80497566423,822.7860740482214,3413.467007585713,0.0,21588.025134000527,17486.300358540433,53783.97524820226,-1941.7542015566942,51842.221046645565,2677.494976096586,54519.71602274215,58686.60794739077,2.2737367544323206e-12,5.2800430694333045e-11,0,2.2737367544323206e-13
2025-08-07,Sall,1200.000000000001,1200.0,84245.86062204238,73936.3125322949,70515.40694848853,630.1049537330813,3891.7804633675973,0.0,20346.03257291581,16480.28638406181,52461.8410540104,-2129.637203513834,50332.20385049657,1932.4489262420786,52264.65277673864,58234.271529936625,1.8189894035458565e-12,1.5351275806096965e-11,0,9.094947017729282e-13
2025-08-08,Sall,1200.0,1199.9999999999998,41899.210485434276,41678.123415429945,39189.058572037036,250.19125856244426,20504.39947022714,476.30135103441296,14123.040838620638,11439.66307928272,24760.88986655817,-73.04397854094714,24687.845888017222,909.8281897503446,25597.674077767566,25829.344918600378,1.8189894035458565e-12,1.2160938922534115e-11,0,2.2737367544323206e-13
2025-08-09,Sall,1199.9999999999998,1200.0000000000025,40790.12640117769,40587.421505112805,38858.75659939533,595.3640605041265,17550.362049911408,377.0884717268384,13709.163885585353,11104.422747324135,23965.93768342151,-88.5887426217414,23877.34894079977,2028.4932359418972,25905.842176741666,26083.01966198515,1.8189894035458565e-12,6.707523425575346e-12,0,2.7284841053187847e-12
2025-08-10,Sall,1200.0000000000025,1200.0000000000007,79363.09062246582,75372.13751987724,71886.097119755,221.4312562211488,3040.311448972595,0.0,19803.146721071455,16040.548844067893,50645.225663232355,-1346.48809261516,49298.737570617195,816.2704472272475,50115.00801784444,52949.26956171119,1.8189894035458565e-12,1.5013768006610917e-11,0,1.8189894035458565e-12
2025-08-11,Sall,1200.0000000000007,1200.0000000000018,76937.5675242843,76592.7280930884,72646.10039473501,531.2241011532604,4612.830153139446,0.0,21069.689523239373,17066.448513823896,47981.684240429386,774.577556114622,48756.26179654401,2050.6282530012063,50806.89004954521,51406.94320788891,1.8189894035458565e-12,1.765343426995969e-11,0,1.1368683772161603e-12
2025-08-12,Sall,1200.0000000000018,1200.0000000000007,83840.41044904615,78321.41908070334,74815.00673701164,555.9764574963076,3645.8451291942292,0.0,20866.286396388292,16901.691981074506,52479.062659733296,-1404.272155924511,51074.790503808785,2039.3895235111759,53114.18002731996,56404.364266308075,1.8189894035458565e-12,2.1756818568974268e-11,0,1.1368683772161603e-12
2025-08-13,Sall,1200.0000000000007,1200.0,76097.42484791634,75835.88079715335,72044.59497644068,519.4011518128294,2662.7764250116306,0.0,19896.00133285207,16115.761079610184,47663.680160233445,71.63431313911133,47735.31447337256,2031.2855088555098,49766.599982228065,49930.41276418341,2.2737367544323206e-12,4.197886482870672e-11,0,6.821210263296962e-13
2025-08-14,Sall,1200.0,1200.0000000000023,78888.26300935663,78398.78106574393,73316.38328099572,381.3644146809106,3671.9691512363415,0.0,21576.250321615757,17476.76276050875,50129.16886673337,409.09648708654277,50538.265353819916,1538.9396432302658,52077.20499705018,53564.41724737825,5.4569682106375694e-12,3.68913788406644e-11,0,2.2737367544323206e-12
2025-08-15,Sall,1200.0000000000023,1200.000000000002,42635.98084439779,40781.182456422284,38884.19364550975,622.5156181348698,19393.293360990225,309.4877236379783,13916.848924647997,11272.647628964884,25659.216402572492,-764.3214715670838,24894.89493100541,1671.351546007669,26566.24647701308,28094.889420147258,9.094947017729282e-13,1.2121859072067309e-11,0,2.2737367544323206e-13
2025-08-16,Sall,1200.000000000002,1200.0000000000007,44106.39304396372,40775.81057151789,38596.21846078908,603.2354173294104,19330.617608160614,403.0091036331436,13350.246313989863,10813.699514331793,27029.550932733648,-1366.1548381893263,25663.39609454432,2554.76426670761,28218.160361251932,30959.045818813025,1.8189894035458565e-12,3.8262726320681395e-12,0,1.3642420526593924e-12
2025-08-17,Sall,1200.0000000000007,1200.0000000000016,80609.17468983689,75536.25190823244,71064.47522729704,350.7999516090417,4291.651899659895,0.0,20832.787697787036,16874.5580352075,50260.789485198926,-1064.788390056674,49196.00109514225,1730.0629581098387,50926.06405325209,53708.73455748619,1.8189894035458565e-12,2.937383669632254e-11,0,9.094947017729282e-13
2025-08-18,Sall,1200.0000000000016,1199.999999999999,77910.78300072151,75217.58610070271,70947.98410205265,603.1317639743271,3179.6372782007024,0.0,20933.489321892666,16956.126350733066,49664.09073692271,-925.3831057385978,48738.707631184116,2226.317345599817,50965.024976783934,52946.839360716745,3.637978807091713e-12,3.7054803669889225e-11,0,2.5011104298755527e-12
2025-08-19,Sall,1199.999999999999,1200.0,76045.60827045124,75914.78461131536,71889.22463444505,478.48827992563747,4252.982496702701,0.0,19984.580882463306,16187.51051479528,48420.23773216171,20.110564507522213,48440.34829666923,2099.3125303583647,50539.6608270276,50723.215889191604,1.8189894035458565e-12,1.4850343177386094e-11,0,9.094947017729282e-13
2025-08-20,Sall,1200.0,1200.0000000000007,84735.82527122182,80776.92337732353,76646.00570229115,467.2355250730368,2272.0775211848045,0.0,22055.119155329943,17864.646515817254,53015.058928505234,-794.5341134450864,52220.52481506015,2035.0606913666525,54255.585506426796,56900.46158012793,3.637978807091713e-12,2.5570656703166605e-11,0,6.821210263296962e-13
2025-08-21,Sall,1200.0000000000007,1200.0000000000005,81235.3995954691,77055.71694098947,73284.4731658496,383.81115643545854,3762.398145328818,0.0,21376.1457559101,17314.678062287192,51138.848056752046,-1164.2486450259676,49974.59941172608,1449.2619216434261,51423.8613333695,53817.98473994589,5.9117155615240335e-12,3.6481040410762944e-11,0,2.2737367544323206e-13
2025-08-22,Sall,1200.0000000000005,1200.0000000000007,42756.1464046211,41164.43592074506,39468.23680005759,776.4956413082518,16138.926866649546,262.58353532404635,13750.803365222248,11138.150725830013,25607.12474698019,-618.1075884622805,24989.01715851791,3072.6965175135747,28061.713676031482,29370.36054853499,1.8189894035458565e-12,4.433786671143025e-12,0,2.2737367544323206e-13
2025-08-23,Sall,1200.0000000000007,1200.000000000002,42418.44266178108,42650.915025416034,40407.99643709213,120.04129493126209,14829.245289458613,419.81852521162546,14468.251407121881,11719.283639768724,24969.071348095746,389.47591086828834,25358.547258964034,298.27974728911875,25656.827006253152,25685.600004898835,1.8189894035458565e-12,2.5401902803423582e-11,0,1.3642420526593924e-12
2025-08-24,Sall,1200.000000000002,1200.0000000000005,75104.15412934561,74164.42823214032,70801.2097232113,444.30968655332117,3300.704877971822,0.0,22164.342360312992,17953.117311853537,48328.19134139918,-257.51730308053084,48070.67403831865,1497.5876625606668,49568.26170087932,50199.14133870017,1.8189894035458565e-12,1.3676526577910408e-10,0,1.5916157281026244e-12
2025-08-25,Sall,1200.0000000000005,1200.0,97316.40775019386,82371.4373968585,77239.05683725057,210.4437436973398,2468.5547052735383,0.0,22146.625573725018,17938.766714717265,62153.88326829351,-5091.977461059294,57061.905807234216,626.6598298714221,57688.56563710564,67883.47918845994,1.8189894035458565e-12,6.224354365258478e-12,0,4.547473508864641e-13
2025-08-26,Sall,1200.0,1200.0000000000023,78361.86110905299,76302.7309871552,71540.84370887361,190.73055160509438,2238.4417814735853,0.0,20864.811029851524,16900.496934179737,50346.03651199145,-542.9636129674545,49803.072899023995,603.5882583700953,50406.66115739409,52069.04340179901,1.8189894035458565e-12,2.1827872842550278e-11,0,2.2737367544323206e-12
2025-08-27,Sall,1200.0000000000023,1200.000000000001,77287.2168514564,79235.17075092066,74922.34209305047,253.35569914918605,3296.9911680052933,0.0,20866.093460671917,16901.535703144258,49508.54208756669,1959.3155349110893,51467.85762247778,997.7138913770589,52465.57151385484,52553.853341813476,6.139089236967266e-12,2.958699951705057e-11,0,1.3642420526593924e-12
2025-08-28,Sall,1200.000000000001,1200.0000000000005,77034.51754121008,79308.39374281515,75358.56492002934,935.582202945759,1400.7355805387892,0.0,21713.771363699703,17588.15480459676,48414.84841472008,2463.477193387349,50878.32560810743,3577.376105135309,54455.701713242735,54455.701713242735,1.5916157281026244e-12,3.659295089164516e-11,0,4.547473508864641e-13
2025-08-29,Sall,1200.0000000000005,1200.0000000000018,45696.626163699955,44326.43958936022,40714.47620727583,184.72553654066644,14900.83763600965,561.6765358162118,15165.616957845497,12284.149735854851,27608.781394449536,-543.2779338128566,27065.50346063668,819.3007913504974,27884.804251987178,29003.538590083237,1.8189894035458565e-12,1.0103917702508625e-11,0,1.3642420526593924e-12
2025-08-30,Sall,1200.0000000000018,1200.0000000000027,44082.39207330449,42517.73857335895,40458.508565121294,482.04680496347214,19288.527716329212,385.91334775212647,14491.549856158523,11738.155383488403,26463.58086057794,-574.0622332035164,25889.518627374422,1563.6879404636186,27453.206567838042,28633.262221483616,1.8189894035458565e-12,8.057554623519536e-12,0,9.094947017729282e-13
2025-08-31,Sall,1200.0000000000027,1200.0,76386.46565344186,76280.42176878135,72708.95238406067,741.559302311715,2881.040596916916,0.0,20646.568453274525,16723.720447152376,48971.63375623376,108.71723079733783,49080.350987031095,2791.5879629856713,51871.93895001677,52200.5190285219,5.4569682106375694e-12,1.2505552149377763e-11,0,2.7284841053187847e-12
2025-09-01,Sall,1200.0,1200.0,85731.26161987844,78538.28216133702,64393.956676798385,0.0,6385.439028692351,302.22521305039766,21748.199482748987,17616.041581026668,54231.60025490564,-2171.0889675713843,52060.51128733426,0.0,52060.51128733426,56894.51170040627,1.8189894035458565e-12,3.0675906259602925e-11,0,0.0
2025-09-02,Sall,1200.0,1200.0,62121.49850799129,61649.19694359667,58853.7281137688,2085.207693312228,2935.115171225604,0.0,20768.76203081809,16822.69724496265,36862.1731228916,623.1827743420581,37485.35589723366,10810.054507860166,48295.410405093826,48998.782188515484,9.094947017729282e-13,7.16227077646181e-12,0,0.0
2025-09-03,Sall,1200.0,1200.0,68086.18985544704,65342.627672343275,62791.92443847304,510.79780200016006,3785.4212238363853,221.0499388690322,19729.125409304215,15980.591581536404,41848.43147158155,-525.0541723548668,41323.37729922668,2116.193689752275,43439.57098897896,44943.98387875084,2.7284841053187847e-12,1.8001600210482138e-11,0,0.0
2025-09-04,Sall,1200.0,1200.000000000001,66579.55202154563,63237.85673531057,59926.34933244883,745.581470839873,2437.681067671374,251.70065432182946,21352.544901555182,17295.5613702597,42271.15778767131,-1123.5601381210217,41147.59764955029,2558.419300537971,43706.01695008826,45953.1372263303,9.094947017729282e-13,1.9184653865522705e-11,0,9.094947017729282e-13
2025-09-05,Sall,1200.000000000001,1200.0000000000018,40906.938490918816,39518.470765238126,32136.280362419802,0.0,21164.90059364661,1376.9130573284795,14580.026551463323,11809.82150668529,24192.222756539835,-610.3603035357482,23581.862453004087,0.0,23581.862453004087,24917.822017710736,1.3642420526593924e-12,1.0913936421275139e-11,0,9.094947017729282e-13
2025-09-06,Sall,1200.0000000000018,1199.9999999999982,36202.80811533466,34927.46423733953,31122.811691817205,417.1528618104743,20065.78215984902,1140.8508807698527,13748.672700046369,11136.42488703756,21344.303387862485,-659.9846816041281,20684.318706258357,1302.4952605137364,21986.813966772093,23306.783329980346,1.8189894035458565e-12,3.637978807091713e-12,0,3.637978807091713e-12
2025-09-07,Sall,1199.9999999999982,1199.9999999999998,62884.07068696904,62642.75841710103,59968.80940715132,1201.3895728935004,1993.8849195474743,229.61884937486263,20977.429444504385,16991.717850048553,39203.88468162529,621.1249901789706,39825.00967180426,3248.0595268845855,43073.06919868885,43792.30102539264,1.8189894035458565e-12,3.214850607946573e-11,0,1.5916157281026244e-12
2025-09-08,Sall,1199.9999999999998,1200.0,71430.37773517052,68248.81524416916,65252.49142841905,1702.2837744761237,3320.5472887219094,15.334086995650182,22228.022599180593,18004.69830533628,42984.10305828257,-537.7686035716979,42446.33445471087,8049.897721040927,50496.2321757518,52961.642489749625,1.8189894035458565e-12,3.4493297107474064e-11,0,2.2737367544323206e-13
2025-09-09,Sall,1200.0,1200.0000000000016,60901.18983800001,60871.20286745152,59335.70667050298,1344.577538437924,3669.6491724161588,66.12395366231692,20219.351664188158,16377.674847992403,37055.83896845138,1181.5059577450738,38237.344926196456,6820.052616531355,45057.39754272781,45582.62757228558,3.637978807091713e-12,3.2514435588382185e-11,0,1.5916157281026244e-12
2025-09-10,Sall,1200.0000000000016,1200.0,73878.63394587673,70797.15020403551,66815.42187238009,680.024916613541,1626.2888977097557,314.61098564185806,22308.148713905473,18069.600458263438,45463.54437618432,255.98076872216188,45719.52514490648,2464.010570832139,48183.53571573862,50688.03159749831,2.2737367544323206e-13,9.549694368615746e-12,0,1.5916157281026244e-12
2025-09-11,Sall,1200.0,1200.0000000000025,74675.09958435198,64148.90327690695,59994.1524568498,320.16811282571064,2364.4908869975243,416.59647947457563,21248.144315105565,17210.996895235516,46599.81496297862,-2084.2923316032247,44515.522631375396,1298.2494883377933,45813.77211971319,52150.57546410358,1.8189894035458565e-12,2.091837814077735e-11,0,2.5011104298755527e-12
2025-09-12,Sall,1200.0000000000025,1200.0000000000027,34678.353539410884,34897.55530367936,32821.55954681066,582.1875774209618,17748.54252262792,1247.1686590145123,15033.577592574724,12177.197849985529,19933.312043461658,487.63559148889544,20420.947634950553,1938.609496957199,22359.557131907754,22410.5140897984,1.8189894035458565e-12,1.0909051439966788e-11,0,2.2737367544323206e-13
2025-09-13,Sall,1200.0000000000027,1200.000000000004,35611.10041442079,35945.77469872704,33183.31783592318,109.6789976853662,21100.770904750316,1302.138054541927,15173.612584120923,12290.626193137949,20404.556036656315,522.9432092059469,20927.499245862262,450.32022188391886,21377.81946774618,21387.900440983314,2.7284841053187847e-12,1.2571998997401579e-11,0,1.3642420526593924e-12
2025-09-14,Sall,1200.000000000004,1200.0,77649.59420783978,71551.01987103521,67633.22808613926,486.6323725741755,3512.2027027838285,403.98599616382705,21601.82636718831,17497.479357422537,48982.45432015888,-1755.898752362882,47226.555567796,1386.1277047946114,48612.68327259061,53203.12577177605,9.094947017729282e-13,1.4939161019356106e-11,0,4.092726157978177e-12
2025-09-15,Sall,1200.0,1200.0000000000014,62872.7476589156,62434.260506982195,59876.218023925576,836.9957102213365,1317.4518920876951,222.53266658537984,21611.571274423688,17505.37273228319,39969.80686793613,-122.59812879282254,39847.20873914331,2956.095847671686,42803.30458681499,43048.50084440065,1.1368683772161603e-12,1.886135692075186e-11,0,1.3642420526593924e-12
2025-09-16,Sall,1200.0000000000014,1200.0000000000034,77736.34080634938,70011.15303938434,67069.90867972795,684.4590717016449,3852.065538890768,258.9655089085221,21850.351159457703,17698.784439160747,48316.60134419621,-2476.6084301006413,45839.99291409557,2299.597325888049,48139.59023998362,53137.007850953065,1.1368683772161603e-12,2.0378365661599673e-11,0,2.0463630789890885e-12
2025-09-17,Sall,1200.0000000000034,1200.0000000000018,75143.24447699686,70895.72367834016,66373.01304393646,102.87502450615158,2096.626183267642,316.31514449634074,21593.833371992747,17491.00503131413,47570.66240212135,-1575.6226739181657,45995.039728203184,301.2825875272627,46296.322315730446,49447.567663566784,1.8189894035458565e-12,1.0535927685850766e-10,0,1.5916157281026244e-12
2025-09-18,Sall,1200.0000000000018,1200.0,67782.60903559192,71594.67371583747,65832.30876553453,140.6947154169469,2723.4941979127384,240.9360678051272,21329.06367666808,17276.541578101143,43183.95198777276,3064.373190815306,46248.325178588064,478.71365070099506,46727.03882928906,46777.13775307798,4.320099833421409e-12,2.4300561562995426e-11,0,1.8189894035458565e-12
2025-09-19,Sall,1200.0,1200.0,36685.156781043974,36257.10743774413,33323.084301914576,220.6854374512477,13226.67305005003,1342.5063449649124,15122.305408864248,12249.067381180044,21465.816342588172,-185.7485760110103,21280.067766577162,538.2363667421052,21818.304133319267,22189.8012853413,1.8189894035458565e-12,1.0416556506243069e-11,0,0.0
2025-09-20,Sall,1200.0,1200.0000000000005,36413.35083772382,35565.625354920085,32899.63453609443,292.7155724669876,13766.996509604254,903.8682044631444,15137.114006108919,12261.062344948215,21180.3358112913,-343.3428247273732,20836.992986563928,986.807190253025,21823.800176816952,22622.057544683343,1.8189894035458565e-12,3.3438141144870315e-11,0,4.547473508864641e-13
2025-09-21,Sall,1200.0000000000005,1200.0000000000005,74447.17685435977,71003.65983786462,65827.38856796677,122.26450293512849,3484.9905643839475,267.81511702024875,20575.57845349673,16666.218547332344,46331.37542480344,-727.7864846826633,45603.588940120775,475.80734658320364,46079.39628670398,48385.08053235046,1.8189894035458565e-12,1.7919887795869727e-11,0,0.0
2025-09-22,Sall,1200.0000000000005,1200.0000000000018,80199.05704420236,70455.50624568218,66794.36205588272,391.3214299479987,2078.477207752144,377.8868202732542,21659.471444589453,17544.17187011746,50931.98022591714,-3054.975723959884,47877.00450195726,1171.6893501703562,49048.69385212762,55651.737107407156,2.5011104298755527e-12,3.849720542348223e-11,0,1.3642420526593924e-12
2025-09-23,Sall,1200.0000000000018,1199.9999999999998,78594.07758719634,73811.88861234962,68837.5361190679,44.170721996622085,2305.0067031044705,280.8512739413867,21995.964635186054,17816.731354500705,49839.75177904557,-1658.1249242986232,48181.626854746944,193.1117992570907,48374.73865400403,51690.988502601285,1.8189894035458565e-12,2.489386474735511e-11,0,2.0463630789890885e-12
2025-09-24,Sall,1199.9999999999998,1200.0,68138.08288103777,69583.93869121486,66142.16063948057,591.8186727618754,1332.3120511120544,360.177310338364,20938.23605680013,16959.97120600811,43621.369335847456,978.4713766740242,44599.84071252148,1763.540385058849,46363.38109758033,46363.38109758033,8.185452315956354e-12,1.432454155292362e-11,0,2.2737367544323206e-13
2025-09-25,Sall,1200.0,1200.0000000000014,74827.62946429192,73932.5310256851,68573.66270391103,332.6964580414466,4134.484573349148,399.2672713165671,21248.202196246104,17211.043778959345,47383.8446522182,-169.875809747944,47213.968842470254,1070.2543765932915,48284.22321906355,48738.01554177755,6.366462912410498e-12,1.5546675058430992e-11,0,1.3642420526593924e-12
2025-09-26,Sall,1200.0000000000014,1200.000000000001,37219.60012807766,35861.40986455151,32970.55358119177,134.87334433712567,11559.733153471654,860.7998227056157,15740.26552290335,12749.615073551717,21412.101857127527,-546.2641566692473,20865.83770045828,391.15845693212,21256.9961573904,22362.13980395464,2.2737367544323206e-12,7.503331289626658e-12,0,4.547473508864641e-13
2025-09-27,Sall,1200.000000000001,1199.9999999999998,36502.09892156391,36499.10533759771,34238.70152280874,321.1139941953567,12968.393417890358,843.3752245087085,15509.182234763253,12562.437610158235,21121.242433521467,-1.8630569813649345,21119.379376540102,986.99503050135,22106.374407041454,22110.100521004188,1.8189894035458565e-12,1.9525714378687553e-11,0,1.1368683772161603e-12
2025-09-28,Sall,1199.9999999999998,1199.9999999999993,73880.83734865811,75419.28815483197,70028.99872334837,297.2283794550998,2402.1863022851708,334.91342798623623,21586.832662449277,17485.33445658391,46602.70627244353,1564.4399912175286,48167.14626366106,1086.2886240230737,49253.43488768413,49522.03666683834,3.183231456205249e-12,6.486899906121835e-11,0,4.547473508864641e-13
2025-09-29,Sall,1199.9999999999993,1199.9999999999975,78140.81924957677,71091.66629751971,67254.87649339942,828.0495131714649,909.8354665532752,293.3530194555151,21683.39958190572,17563.553661343634,49826.500136736606,-2297.9114345934213,47528.588702143184,2904.5640082565183,50433.1527103997,55306.762030764934,4.320099833421409e-12,3.065281362069072e-11,0,1.8189894035458565e-12
2025-09-30,Sall,1199.9999999999975,1200.000000000001,77243.94089254417,76517.67704726061,71516.57336443049,279.3862093315445,1647.9693776754057,395.7854703066595,22789.631363754346,18459.601404641024,49579.794898804976,-65.27730861646705,49514.51759018851,1069.605788148456,50584.12337833697,51410.00090569961,3.637978807091713e-12,3.845457285933662e-11,0,3.410605131648481e-12
2025-10-01,Sall,1200.000000000001,1199.9999999999995,73530.74020957094,68355.501756729,60031.24224068921,60.91332781820952,5133.457741336937,1157.064681677988,21790.061116627134,17649.949504467993,45760.05398577519,-660.696455687139,45099.35753008805,192.35795556018883,45291.71548564824,48283.66555484565,2.9558577807620168e-12,6.770140004164205e-11,0,1.3642420526593924e-12
2025-10-02,Sall,1199.9999999999995,1200.0000000000005,78805.19563884761,66894.8690658804,61078.90675730289,33.27211296282479,4522.372032188881,782.4816397869324,21455.48464012231,17378.942558499064,49299.943602212035,-3980.6501409623525,45319.29346124968,132.85182467178709,45452.14528592147,53413.44556784619,1.8189894035458565e-12,1.2370549029583344e-11,0,9.094947017729282e-13
2025-10-03,Sall,1200.0000000000005,1200.0,69657.99244029453,64484.96006658024,39167.57174735194,0.0,21981.777530803298,5280.246482875175,21517.863335123573,17429.46930145009,42168.6022991948,-387.6044689440314,41780.997830250766,0.0,41780.997830250766,44768.00104115329,1.8189894035458565e-12,1.1823431123048067e-11,0,4.547473508864641e-13
2025-10-04,Sall,1200.0,1200.0,37125.98322144325,36290.28497971712,33585.70449329018,147.78464699147344,16320.713022588325,1270.4502101548144,16033.386706343033,12987.043232137858,20176.163510974216,-277.236635219826,19898.92687575439,590.2533551418954,20489.180230896287,21043.653501335946,9.094947017729282e-13,5.130118552187923e-12,0,0.0
2025-10-05,Sall,1200.0,1200.0000000000023,77128.87081537754,66579.82852687637,62816.23325873131,257.3594798952576,3433.183756250052,791.3679890888333,21647.78908747897,17534.70916085796,47522.18365120963,-2965.715508778827,44556.4681424308,709.6954248281876,45266.16356725899,51690.12984706708,1.8189894035458565e-12,2.9615421226480976e-11,0,2.2737367544323206e-12
2025-10-06,Sall,1200.0000000000023,1200.0000000000005,67076.42451261132,66768.40115778835,63385.42114911363,264.9692440726835,1473.2100358173384,428.01857113653625,21137.118611749785,17121.06607551733,41499.99481719608,142.46241121916682,41642.457228415245,946.5097748907663,42588.96700330601,43224.90182581334,3.637978807091713e-12,4.3876013933186186e-11,0,1.8189894035458565e-12
2025-10-07,Sall,1200.0000000000005,1199.9999999999993,71356.54162689768,70039.13568391599,65599.49810385173,52.158556644119244,3232.75936137393,527.0724174913892,21685.588850687054,17565.326969056507,43711.25116598251,-105.8918377081427,43605.35932827437,131.21427866979005,43736.573606944155,44564.851682787914,1.8189894035458565e-12,1.8628654174790427e-11,0,1.1368683772161603e-12
2025-10-08,Sall,1199.9999999999993,1200.0,71711.88527379512,68415.72664349616,63705.67061573315,57.65706468549266,2543.5806125299305,666.8728794306646,21444.097483112528,17369.71896132114,44264.07354363449,-927.5145361688556,43336.559007465636,195.10757539478533,43531.666582860424,45386.695655198135,9.094947017729282e-13,2.1616486378661648e-11,0,6.821210263296962e-13
2025-10-09,Sall,1200.0,1200.0000000000023,77350.09407514412,64995.575931178435,61489.00803026852,200.7858612254032,1476.0374557636273,385.2646420532317,21413.21110707232,17344.700996728578,47715.54330176856,-3508.595075422898,44206.94822634566,832.1346032092927,45039.08282955495,52761.45093093169,1.8189894035458565e-12,2.042099822574528e-11,0,2.2737367544323206e-12
2025-10-10,Sall,1200.0000000000023,1200.0000000000005,34055.82065142955,33465.10198610651,32127.08364338385,200.25878894357683,18993.857480447314,886.425091415726,16333.941809461716,13230.492865663986,18165.992818894796,-240.55535313682776,17925.43746575797,690.2566673141963,18615.694133072164,19115.880207074297,1.8189894035458565e-12,8.753886504564434e-12,0,1.8189894035458565e-12
2025-10-11,Sall,1200.0000000000005,1200.0,33997.76357267916,33927.82222764316,31936.495773021106,108.27938267316043,14244.268810346348,483.0677032604636,16900.658203969124,13689.533145214993,17829.474767238273,-28.308814688429266,17801.165952549843,473.9649404385726,18275.130892988414,18334.84769899657,1.8189894035458565e-12,4.476419235288631e-12,0,4.547473508864641e-13
2025-10-12,Sall,1200.0,1200.0000000000027,69269.55176531401,66722.1261868931,63877.20786027711,1132.2667271722587,2528.273952487595,124.2149150692004,20221.20913978558,16379.17940322632,41704.85942720003,-516.0406590203347,41188.81876817969,5157.3548979558,46346.173666135495,47721.6874872309,1.8189894035458565e-12,1.2704504115390591e-11,0,2.7284841053187847e-12
2025-10-13,Sall,1200.0000000000027,1200.0000000000016,73921.54932284068,65996.19294066099,62429.30645815797,541.9785309966153,1584.600150373488,281.99437984135534,21459.44820494593,17382.153046006202,45224.53368521773,-1938.366041797577,43286.16764342015,2084.5127072105074,45370.68035063066,50015.1194470894,1.8189894035458565e-12,4.936318021009356e-11,0,1.1368683772161603e-12
2025-10-14,Sall,1200.0000000000016,1200.0000000000007,75445.92781696215,67638.08696542295,65263.215347856014,1044.7159616091417,1170.6525665302652,258.46652119596615,21605.173360029454,17500.190421623854,46636.46047337025,-2212.2800470083603,44424.18042636189,3328.5749647560724,47752.755391117964,52177.31548513469,1.8189894035458565e-12,2.4556356947869062e-11,0,9.094947017729282e-13
2025-10-15,Sall,1200.0000000000007,1200.0000000000023,78101.57162384538,70521.99242257811,67325.92635777949,526.988928797258,1386.9675448800108,358.0500647321735,22041.442247182036,17853.568220217454,48314.113493340694,-2447.897841347047,45866.21565199365,1430.2301604899012,47296.44581248355,52208.14517387133,2.7284841053187847e-12,2.795275122480234e-11,0,1.5916157281026244e-12
2025-10-16,Sall,1200.0000000000023,1200.0000000000027,73413.28133934725,71442.28260380054,69389.32066560227,356.26742942786984,2367.2785742885717,131.9134686252513,22525.911063770054,18245.98796165375,45286.74142923924,-159.3780018760226,45127.36342736322,1401.2058487018535,46528.56927606507,48302.406624524716,1.8189894035458565e-12,1.5852208434807835e-11,0,4.547473508864641e-13
2025-10-17,Sall,1200.0000000000027,1199.9999999999998,64600.466959274556,70498.2727690322,42742.94154853034,0.0,17306.441519685926,5208.970880366368,22228.051746375684,18004.721914564303,39534.14936788274,5771.1097283235285,45305.25909620627,0.0,45305.25909620627,45330.41509468026,1.8189894035458565e-12,3.0468072509393096e-11,0,2.9558577807620168e-12
2025-10-18,Sall,1199.9999999999998,1200.0,33621.18650079918,32787.460349775516,31786.194832868998,319.54451923527716,12314.373737479616,638.4268021852504,16191.292346172302,13114.946800399555,17917.345957068457,-330.1521627680304,17587.193794300427,1123.1256003929843,18710.31939469341,19370.62372022948,9.094947017729282e-13,1.2960299500264227e-11,0,2.2737367544323206e-13
2025-10-19,Sall,1200.0,1200.0000000000011,75792.64554981132,71568.28899947031,69023.01159755736,590.9506492710967,1390.5364981975313,146.08173008870915,22061.165711625647,17869.54422641677,46838.20181063315,-1317.976985464571,45520.22482516858,2779.660238821576,48299.88506399016,50988.27217001251,1.8189894035458565e-12,2.759747985692229e-11,0,1.1368683772161603e-12
2025-10-20,Sall,1200.0000000000011,1200.000000000001,80604.8213507869,75253.25626494673,71024.75645234346,117.27149812749822,2201.7792758840865,306.7433027854398,22066.963184920023,17874.240179785214,50806.07697333164,-1806.2742034093244,48999.80276992232,378.1371507374713,49377.93992065979,53332.082795283604,2.7284841053187847e-12,1.851141462339001e-11,0,2.2737367544323206e-13
2025-10-21,Sall,1200.000000000001,1200.0000000000005,79955.98919613018,77278.90757498074,73041.74039562941,167.00144484134486,1858.0096788189599,418.23990421021676,23525.846881271427,19055.935973829855,49870.7314269307,-936.0716192325053,48934.6598076982,474.98676750143164,49409.64657519963,51327.54864087227,1.8189894035458565e-12,5.459510621363961e-11,0,4.547473508864641e-13
2025-10-22,Sall,1200.0000000000005,1200.0000000000025,77052.49667109424,74764.4369530784,71959.46062166608,215.75865526126836,1908.5275868047356,368.4685623607411,22859.612777693936,18516.286349932085,47784.777385255235,-706.2603724633227,47078.51701279191,853.8072346372759,47932.32424742919,49385.52505360605,1.8189894035458565e-12,3.177547114319168e-11,0,2.0463630789890885e-12
2025-10-23,Sall,1200.0000000000025,1200.0000000000002,88152.5250576793,72953.62203441138,69497.91788051,319.04189058067135,1829.7633462830197,339.02981858340695,22466.68196258377,18198.012389692864,55202.372804491184,-4792.725343909937,50409.64746058125,1171.0586939547557,51580.706154536005,61434.53259649231,1.8189894035458565e-12,7.270628543665225e-12,0,2.2737367544323206e-12
2025-10-24,Sall,1200.0000000000002,1200.000000000002,75730.7645135601,73441.92462822815,45306.607202663465,0.0,17450.14713909743,5195.699498988453,22319.52551532063,18078.81566740972,47023.02793923256,95.10580147721339,47118.133740709774,0.0,47118.133740709774,49255.79544051462,2.7284841053187847e-12,4.722267021861626e-11,0,1.8189894035458565e-12
2025-10-25,Sall,1200.000000000002,1200.0000000000002,36062.139712095464,35533.8091906165,34284.16354848167,266.25738916562386,11255.484029300815,644.5986772984988,17115.292093235028,13863.386595520375,18969.12713951919,-149.4167343364643,18819.710405182726,948.0671486285208,19767.777553811247,20066.611022484183,1.8189894035458565e-12,7.098321930243401e-12,0,1.8189894035458565e-12
2025-10-26,Sall,1200.0000000000002,1199.9999999999995,76467.7015398414,71161.2133260094,69373.03018350432,697.0583482123931,1047.2528118765404,258.0184788765911,22213.18539103626,17992.68016673936,47457.0508643708,-1802.3682991898968,45654.682565180905,2676.0658309156415,48330.74839609655,52102.4820547268,1.8189894035458565e-12,7.226219622680219e-11,0,6.821210263296962e-13
2025-10-27,Sall,1199.9999999999995,1200.0000000000011,72791.90960297179,74418.72532593466,70286.92837850089,137.51944429249664,2228.060026978363,314.62736740601736,22785.151377591243,18455.972615848914,45518.82302688496,1431.415965782522,46950.23899266748,604.9382743372176,47555.1772670047,47585.87065406579,1.8189894035458565e-12,4.547473508864641e-11,0,1.5916157281026244e-12
2025-10-28,Sall,1200.0000000000011,1200.0000000000002,71787.99500934962,73469.55199173454,71264.458843216,387.2667403706386,1412.6787485241935,189.33556564841285,21459.418786389782,17382.129216975718,44685.85163742697,1818.7824512407533,46504.63408866772,1280.885896774232,47785.519985441955,47800.48958128751,5.6843418860808015e-12,1.8630430531629827e-11,0,9.094947017729282e-13
2025-10-29,Sall,1200.0000000000002,1200.0,80354.78652544739,79670.03495269647,76006.35789569638,136.24814351051748,2099.4019712579548,285.5442451503702,23396.858014729456,18951.454991930863,50196.585572102034,-164.82935721559625,50031.75621488644,322.36809096375424,50354.12430585019,50862.30646521189,2.7284841053187847e-12,3.026499939551286e-11,0,2.2737367544323206e-13
2025-10-30,Sall,1200.0,1200.0000000000027,72287.26668180396,71752.99030520774,69829.11983530363,704.0179307107367,1146.7086193146702,272.3532914301584,22769.780027734516,18443.52182246495,44785.92370600449,485.1553642768631,45271.079070281354,2690.586313795072,47961.66538407643,48847.35508397525,9.094947017729282e-13,2.050626335403649e-11,0,2.7284841053187847e-12
2025-10-31,Sall,1200.0000000000027,1200.0000000000027,37611.02939558799,36449.317115278485,34417.081517244056,79.83479130045964,6301.325275888964,906.8347115688197,17812.96976010558,14428.505505685527,20683.332166049055,-423.4334465766551,20259.8987194724,231.07105601201863,20490.969775484416,21389.77850994629,1.8189894035458565e-12,1.2704504115390591e-11,0,0.0
2025-11-01,Sall,1200.0000000000027,1200.000000000001,35661.33387383059,35248.556840951016,33928.496913007744,233.0099400872873,7430.98971599976,862.0304737886804,17497.09594722766,14172.647717254406,19206.99090108503,-161.79928443601239,19045.19161664902,609.9968749351702,19655.18849158419,19978.787060456216,1.8189894035458565e-12,7.403855306620244e-12,0,1.8189894035458565e-12
2025-11-02,Sall,1200.000000000001,1199.9999999999995,78481.05094732702,77794.34675470096,74561.27304081368,544.0541083507882,1606.8183079285952,112.74621770640692,24154.624685243023,19565.24599504686,49223.36204177303,86.91484083904652,49310.276882612074,2163.957632983561,51474.234515595635,52732.19053277469,1.8189894035458565e-12,3.001332515850663e-11,0,1.3642420526593924e-12
2025-11-03,Sall,1199.9999999999995,1200.0,82670.68030455653,79043.67781889676,75700.35864207768,178.55052445606452,1503.0211334853861,487.61004450174164,23070.251080069855,18686.903374856593,51465.91520698657,-1116.5305424233811,50349.384664563186,618.6583323654439,50968.04299692863,53420.81534905827,1.8189894035458565e-12,2.750866201495228e-11,0,4.547473508864641e-13
2025-11-04,Sall,1200.0,1200.0000000000011,78426.58861849614,77789.54727577767,74349.81690329601,247.13294794090248,2444.1952776651237,194.3593082911915,23043.806483933073,18665.483251985785,49063.92662140216,49.3924941146106,49113.31911551677,827.2884875294039,49940.60760304618,50486.45121332395,1.8189894035458565e-12,1.6438406191809918e-11,0,1.1368683772161603e-12
2025-11-05,Sall,1200.0000000000011,1200.0000000000002,84908.24399097482,78835.26738465883,75854.86693060222,228.60871862933686,1603.2260566450473,447.9260452628688,22917.38674029979,18563.083259642837,53161.79131418378,-1959.0629869533077,51202.72832723047,949.2095209165512,52151.93784814702,56291.24363076546,9.094947017729282e-13,5.347544629330514e-11,0,9.094947017729282e-13
2025-11-06,Sall,1200.0000000000002,1200.000000000005,79595.39493061256,80427.49201144351,77157.63847198522,239.81607817134216,1229.4951491707884,382.8925666621475,23239.380443808524,18823.8981594849,49664.92622730415,1124.791431754522,50789.717659058675,1001.4661164627988,51791.18377552147,51854.605844441525,3.637978807091713e-12,5.5912607876962284e-11,0,4.774847184307873e-12
2025-11-07,Sall,1200.000000000005,1200.0000000000014,35727.640176150744,36021.99652637711,34864.70281348116,277.40622446804826,7771.355502982227,568.9487585984459,18333.38417386949,14850.0411808343,18868.53725972987,414.54850674890986,19283.08576647878,1009.745143629516,20292.830910108296,20292.830910108296,9.094947017729282e-13,8.58157989114261e-12,0,3.637978807091713e-12
2025-11-08,Sall,1200.0000000000014,1200.000000000001,37317.18325304301,36700.11051776028,35166.37142004272,128.69287376654603,7320.013388751981,781.0963698440717,17909.197027438033,14506.449592224824,19880.58035082534,-174.34423590946972,19706.23611491587,385.1214093245679,20091.35752424044,20440.04599605938,2.6716406864579767e-12,7.275957614183426e-12,0,4.547473508864641e-13
2025-11-09,Sall,1200.000000000001,1200.0000000000014,81339.13420075999,80629.55266929732,77896.52890199462,263.6641107662824,2061.935400333907,231.45675340831883,23789.38776676483,19269.404091079512,50933.3784377924,-115.44362180266762,50817.934815989734,956.3031296880772,51774.237945677814,52199.60616025986,3.637978807091713e-12,2.0939694422850152e-11,0,4.547473508864641e-13
2025-11-10,Sall,1200.0000000000014,1199.9999999999964,81346.18785239378,83130.45815957824,79908.01168587916,338.1131079638441,1589.8385519226133,217.2423627714037,24108.42515341559,19527.82437426663,51022.636380294585,1741.557313443147,52764.19369373773,1199.4763792401247,53963.67007297786,54028.437368231935,2.5011104298755527e-12,3.47313289239537e-11,0,5.002220859751105e-12
2025-11-11,Sall,1199.9999999999964,1200.000000000004,84934.15150958598,81448.25813744342,77847.36735509812,111.97148941962644,1729.7986479493518,282.7569972674013,23093.49227702266,18705.72874438835,53653.33424469624,-1205.7305149648819,52447.60372973136,330.0078611875597,52777.61159091892,55291.40245265951,1.8189894035458565e-12,2.62367905179417e-11,0,7.73070496506989e-12
2025-11-12,Sall,1200.000000000004,1200.0000000000014,81553.73065900529,80698.27354509261,76933.11771401524,184.82249118355418,1472.7228198654507,243.45898248081312,23398.79290975019,18953.02225689766,51133.35975798852,528.5799822972403,51661.93974028576,781.6847704295312,52443.624510715286,53677.684902924855,9.094947017729282e-13,2.1373125491663814e-11,0,2.7284841053187847e-12
2025-11-13,Sall,1200.0000000000014,1200.0000000000014,79623.94174944758,79792.14424265717,77508.49744527953,726.7562383679026,1524.4276668115144,36.51606127356456,22518.09809945094,18239.65946055527,50070.17821161812,475.97406041424983,50546.15227203237,2704.8737727075677,53251.026044739934,53484.69573702807,1.3642420526593924e-12,2.0246027077064355e-11,0,0.0
2025-11-14,Sall,1200.0000000000014,1200.000000000001,36399.95707153127,36667.89703463089,35394.779683313456,180.68264252737183,3980.5392135443603,531.7322696044475,18235.450224694843,14770.714682002825,19562.492590959766,182.15535409252698,19744.647945052293,522.5945738030135,20267.242518855306,20267.242518855306,1.8189894035458565e-12,8.622436098448816e-12,0,4.547473508864641e-13
2025-11-15,Sall,1200.000000000001,1200.0000000000002,41429.653200033215,39613.70827283233,38215.17326812334,154.44163488017648,6018.745873296123,568.2977721810104,18793.075478208993,15222.391137349285,21832.616098946113,-462.77826286208074,21369.837836084032,565.9006672509779,21935.73850333501,22865.904228483498,9.094947017729282e-13,1.0459189070388675e-11,0,6.821210263296962e-13
2025-11-16,Sall,1200.0000000000002,1200.000000000001,83325.14622193898,83056.06252932295,80386.53027276542,453.6130680336291,1605.965488912597,223.47990271985122,24085.018767543654,19508.86520171036,52486.20175237561,10.66059082740685,52496.862343203014,1723.5493990400314,54220.41174224304,54395.83117212597,3.637978807091713e-12,1.2425971362972632e-10,0,6.821210263296962e-13
2025-11-17,Sall,1200.000000000001,1199.9999999999995,80137.68170113035,82114.34151086191,78679.61526586166,149.24043835926375,1348.453814927865,336.03134984577537,23413.76950586288,18965.15329974894,50477.18147774445,1921.7004853757317,52398.881963120184,447.3597440213512,52846.24170714153,52850.746872449345,1.8189894035458565e-12,2.375877272697835e-11,0,1.3642420526593924e-12
2025-11-18,Sall,1199.9999999999995,1200.0000000000025,84255.38107072028,82443.55364133598,79783.18400493772,349.10080784252034,383.8916688254017,268.06780951506266,24156.70263740218,19566.92913629577,53023.50806975668,-637.4295601508638,52386.07850960582,1383.0248884690325,53769.10339807485,55129.43588558848,1.8189894035458565e-12,2.296829393344524e-11,0,2.9558577807620168e-12
2025-11-19,Sall,1200.0000000000025,1199.9999999999995,83465.06072420158,84852.26214962991,81415.6333948317,246.51060901867402,1511.4484719901604,163.3685308194389,24310.60737389874,19691.591972857987,52524.43155051353,2056.0642920531172,54580.49584256665,879.3759035816935,55459.87174614834,56035.603637580956,1.8189894035458565e-12,4.4366288420860656e-11,0,2.9558577807620168e-12
2025-11-20,Sall,1199.9999999999995,1200.0000000000005,81420.30374517322,82415.26613314427,79923.74120738974,411.7405251440454,767.9991581555013,270.51064151666355,23704.715260675148,19200.819361146878,50973.03633793701,1135.8602496088788,52108.89658754589,1834.4289790197759,53943.32556656566,53968.298884508615,1.8189894035458565e-12,2.6840751843337785e-11,0,9.094947017729282e-13
2025-11-21,Sall,1200.0000000000005,1200.0000000000025,82695.92011838325,83243.45305762558,52779.20223117781,0.0,14538.15203299098,4916.82117475426,23472.868193504764,19013.023236738863,52004.24759086421,443.40968601150234,52447.65727687571,0.0,52447.65727687571,52470.42929312661,1.8189894035458565e-12,1.5916157281026244e-11,0,2.0463630789890885e-12
2025-11-22,Sall,1200.0000000000025,1199.9999999999986,44063.9883031543,39931.49050495646,38903.19581706619,443.90517836940904,5169.3435309308,392.6297562933358,18764.72749935862,15199.42927448049,23066.541195923273,-1003.9831923278143,22062.55800359546,1517.958788654518,23580.51679224998,25598.773837422967,1.8189894035458565e-12,8.814282637104043e-12,0,3.865352482534945e-12
2025-11-23,Sall,1199.9999999999986,1200.0000000000014,82367.67086135306,83553.67875007352,81240.84279508307,379.0606981821819,1625.1681997337078,192.7734700624759,24051.923895451273,19482.05835531552,51860.88696350859,1486.7134579608537,53347.60042146944,1523.4452006846398,54871.04562215408,54976.65932021836,5.4569682106375694e-12,2.5011104298755527e-11,0,2.7284841053187847e-12
2025-11-24,Sall,1200.0000000000014,1199.9999999999986,82637.96331839515,82043.9478626742,79551.66143859422,301.43267862410744,1057.9481603424656,165.57442932680544,23513.83067131065,19046.202843761654,52197.29055469219,-162.09164449212403,52035.198910200066,1215.0543055061112,53250.25321570618,53780.95281816073,1.8189894035458565e-12,1.1173284519827575e-11,0,2.7284841053187847e-12
2025-11-25,Sall,1199.9999999999986,1200.0000000000023,93099.83224039615,85245.88021326171,82245.55061700792,241.43112166943092,1579.3057022994662,189.5339163882968,23944.640280647043,19395.1586273241,59544.53411208607,-2820.191530114942,56724.34258197113,873.1574249575096,57597.50000692863,63262.580596585685,1.8189894035458565e-12,4.4534376186788904e-12,0,3.637978807091713e-12
2025-11-26,Sall,1200.0000000000023,1200.0000000000027,89197.71304568392,86381.07295688431,82627.31714000492,300.45985918356837,1259.0192824764188,272.44769822402327,24413.91123765623,19775.268102501555,56510.293744358016,-692.5958163982286,55817.69792795979,1251.4721020830048,57069.17003004279,59238.40538745422,3.637978807091713e-12,3.709565987719543e-11,0,4.547473508864641e-13
2025-11-27,Sall,1200.0000000000027,1200.0000000000007,86273.3152323496,85330.1753650556,82015.94919611102,248.86403149565,1609.57663786193,193.15320533449756,24637.84553198367,19956.654880906783,54579.51377037678,-278.37985816159926,54301.133912215184,1015.4510977359935,55316.58500995118,56095.259514958234,2.0463630789890885e-12,1.7558843268261626e-11,0,2.0463630789890885e-12
2025-11-28,Sall,1200.0000000000007,1199.9999999999998,40731.51080469094,39966.65557620262,38380.91723824405,323.90893112160387,3814.8212756883477,287.03632727163887,19377.52640213506,15695.796385729402,21604.75541624074,-145.74848560574537,21459.006930634994,1229.1534992888044,22688.1604299238,23224.56552967314,1.8189894035458565e-12,1.0224709967587842e-11,0,9.094947017729282e-13
2025-11-29,Sall,1199.9999999999998,1200.0000000000011,50041.24499929366,43643.37580993709,41710.5429093556,328.9521659632772,2888.686070352638,569.7784225647658,19218.844644218305,15567.264161816822,26121.82628437845,-1589.2936302040835,24532.532654174367,834.3343380464,25366.866992220766,28556.722879382356,9.094947017729282e-13,1.0913936421275139e-11,0,1.3642420526593924e-12
2025-11-30,Sall,1200.0000000000011,1200.0000000000005,87992.42716817147,87630.45158808988,85085.25680494502,542.0452887982577,608.1839256578223,84.25963758559101,24684.37059912218,19994.34018528898,55496.25142200313,191.88646388180496,55688.137885884935,2362.5103075607503,58050.64819344568,58373.78028654082,3.637978807091713e-12,3.456079866737127e-11,0,6.821210263296962e-13
2025-12-01,Sall,1200.0000000000005,1200.000000000003,91130.150175691,86704.08808664326,85951.60501616701,5176.610326750071,100.04354857082853,144.0070079078149,24132.82659529001,19547.58954218491,58410.32256536738,-1625.1451654788834,56785.1773998885,18878.70857171486,75663.88597160336,78914.17630256113,1.8189894035458565e-12,3.001332515850663e-11,0,2.5011104298755527e-12
2025-12-02,Sall,1200.000000000003,1199.9999999999995,99435.28056365487,95758.8969598235,93156.56937651019,1072.1946307800308,424.4465598157657,416.35015971540463,25000.828093468666,20250.67075570963,63957.06668510049,-1213.4559275319261,62743.61075756857,4020.0079800898575,66763.61873765843,69227.37402050932,1.8189894035458565e-12,2.546585164964199e-11,0,3.410605131648481e-12
2025-12-03,Sall,1199.9999999999995,1200.000000000002,93063.14395978178,96662.68777851199,92940.85709084479,233.6615466169152,842.2388099750401,342.55704569502655,25405.12744802626,20578.15323290127,59506.50011690741,3568.420705894576,63074.920822801985,617.5098541770037,63692.43067697899,63694.1158471306,3.637978807091713e-12,1.1501555263748742e-10,0,2.5011104298755527e-12
2025-12-04,Sall,1200.000000000002,1200.0000000000018,100355.31312575059,96700.72599619316,92017.81230564955,318.8277510136998,629.0343680985712,152.10825194328288,25180.466771691732,20396.17808507031,64827.6753640613,-1390.0486284037106,63437.62673565759,1518.708815844352,64956.33555150194,67816.39176881187,9.094947017729282e-13,7.72697461570715e-11,0,2.2737367544323206e-13
2025-12-05,Sall,1200.0000000000018,1200.000000000001,49262.29620978137,48563.86279773334,46623.31892033652,971.5754352443948,1789.2894603161717,408.09329639856435,21504.652187014886,17418.76827148206,25802.417268332094,-132.64448730147342,25669.77278103062,3402.320847118641,29072.09362814926,29461.717084392883,1.8189894035458565e-12,1.000444171950221e-11,0,9.094947017729282e-13
2025-12-06,Sall,1200.000000000001,1200.0,57121.10602296923,55241.95318684065,51260.34248836882,61.79518214153853,2507.2350629243488,1061.6903532984838,21518.849671688575,17430.268234067764,30868.906390618842,-580.4954372408902,30288.410953377952,207.82764822881992,30496.238601606772,31663.99268665811,2.7284841053187847e-12,1.1105782959930366e-11,0,9.094947017729282e-13
2025-12-07,Sall,1200.0,1200.0,103971.88570994999,97110.08283452113,93507.69534524846,525.7969711075573,1366.0866339207457,141.5413678455592,25648.331918893182,20775.14885430349,67227.42051636566,-2391.194896248089,64836.22562011757,2384.91222645691,67221.13784657448,72003.52763907067,1.8189894035458565e-12,1.722355591482483e-11,0,0.0
2025-12-08,Sall,1200.0,1200.0000000000027,107270.7517487442,104151.25094651798,94457.31761350644,25.69703936713279,1543.8188791134803,351.9106347715083,24947.75801222073,20207.683989898796,69538.11775256897,-1043.8123916809564,68494.30536088801,167.15437769286527,68661.45973858087,71007.54845953727,2.0463630789890885e-12,1.4087042643495806e-10,0,2.7284841053187847e-12
2025-12-09,Sall,1200.0000000000027,1200.0000000000016,101148.07006168031,97007.61058485351,92784.79119493249,506.0226592322258,933.6363874173355,125.61416334580531,25490.047561762953,20646.938525028003,65310.92598982379,-1336.8648599358276,63974.06112988796,2220.1939568219527,66194.2550867099,68920.46540819977,1.8189894035458565e-12,2.3023360995466646e-11,0,1.1368683772161603e-12
2025-12-10,Sall,1200.0000000000016,1200.000000000001,96711.84818840848,97256.92864092984,94072.25855320437,373.43923453324487,979.4865815056664,205.79925147547624,25646.28151626211,20773.48802817231,61920.3331757641,1497.4073520403763,63417.740527804475,1231.362677067181,64649.10320487166,65680.28889614387,1.8189894035458565e-12,8.86757334228605e-12,0,6.821210263296962e-13
2025-12-11,Sall,1200.000000000001,1200.0,101171.02408580459,97100.89479645419,91759.22907926787,314.5549096405588,1074.0783482238232,298.8162671200861,24945.445650339625,20205.810976775112,65188.20837952166,-1314.0873982051635,63874.1209813165,1079.0481838526632,64953.16916516916,67963.26843110158,2.5011104298755527e-12,1.6981971384666394e-11,0,9.094947017729282e-13
2025-12-12,Sall,1200.0,1200.0000000000007,54181.26631499763,54332.93415493897,51056.49873124491,181.92041989834814,2717.945743444065,756.1691709468748,21315.214491678948,17265.32373825995,28643.441609359896,420.15436323156973,29063.595972591465,624.9077385866684,29688.503711178135,29859.155801003395,9.094947017729282e-13,1.0363265801061061e-11,0,6.821210263296962e-13
2025-12-13,Sall,1200.0000000000007,1200.0000000000016,56172.86813391169,54680.99333858202,51201.69638363959,183.21829508448053,2874.4620094505963,692.8097913171682,21153.20786643677,17134.098371813783,30004.17824546918,-373.6881117592384,29630.49013370994,840.7524275170347,30471.242561226976,31334.9332005461,1.8189894035458565e-12,6.721734280290548e-12,0,9.094947017729282e-13
2025-12-14,Sall,1200.0000000000016,1200.0000000000002,95516.95080944544,97924.28931681416,93895.5773857286,332.6192162075824,495.9293766640062,124.22617313875844,25417.469748070627,20588.150495937232,61061.95195595451,2378.1202594834685,63440.07221543798,1613.365254766468,65053.437470204444,65060.790865151364,3.637978807091713e-12,6.892344117659378e-11,0,1.3642420526593924e-12
2025-12-15,Sall,1200.0000000000002,1200.000000000001,96182.68379459981,98243.54277987826,94615.88547014631,427.98356542165385,602.49564648264,153.16883686868186,25361.297818683983,20542.65123313403,61454.731082720944,2202.010803089499,63656.74188581044,1612.176222737806,65268.91810854825,65299.760237561524,1.8189894035458565e-12,2.1788792992083472e-11,0,6.821210263296962e-13
2025-12-16,Sall,1200.000000000001,1200.0000000000039,101804.76400116905,99229.98971551342,94859.57506595722,212.59325671823274,716.964190903339,163.17329373817165,25125.99739316109,20352.057888460484,65835.50309268021,-938.7774649529601,64896.72562772725,769.5041389019333,65666.22976662919,67645.1477595035,3.865352482534945e-12,2.4996893444040325e-11,0,2.9558577807620168e-12
2025-12-17,Sall,1200.0000000000039,1200.0000000000018,101681.48153593048,97193.45298145397,93677.99887714315,317.7393199841915,772.5886932292389,289.99021131531913,24954.274873242583,20212.96264732651,65524.083747928256,-1551.6254494859022,63972.458298442354,1269.303113578019,65241.76141202037,68351.31478238723,3.637978807091713e-12,1.2713528146912623e-11,0,2.0463630789890885e-12
2025-12-18,Sall,1200.0000000000018,1200.0000000000016,97540.62115845343,97139.33995345308,92897.83680474613,185.51857065222418,746.9417895772797,198.7449908106861,25112.640149177827,20341.23852083404,62886.748487836245,-83.87135242357908,62802.877135412666,576.2352859232709,63379.112421335936,63641.643052105646,3.637978807091713e-12,1.2867928944615414e-11,0,2.2737367544323206e-13
2025-12-19,Sall,1200.0000000000016,1199.9999999999984,53469.577915230555,53742.52808407733,50678.95742253115,368.5536150796835,3210.754530560384,800.4792744492393,21725.71543474329,17597.82950214206,28440.43863924931,321.0154084601272,28761.454047709438,1323.1698372714668,30084.623884980905,30210.924778434284,1.8189894035458565e-12,1.4782841617488884e-11,0,3.183231456205249e-12
2025-12-20,Sall,1199.9999999999984,1199.9999999999998,53142.46223982437,51565.39051749085,49674.17927569963,404.13608886361754,2414.607916143358,713.527201699102,21546.463140635737,17452.635143914955,28410.55487580988,-526.0798019854701,27884.47507382441,1278.472489328828,29162.94756315324,30215.10716712418,3.637978807091713e-12,3.822364647021459e-11,0,1.3642420526593924e-12
2025-12-21,Sall,1199.9999999999998,1199.9999999999986,100632.36431400132,98783.27059489004,94378.13856100253,634.0767841088092,991.3263522708883,148.5758275302934,25444.901571808074,20610.37027316454,64502.74111348154,-643.1999478717844,63859.54116560976,2398.030404267539,66257.5715698773,67543.97146562085,2.0463630789890885e-12,1.9383605831535533e-11,0,1.1368683772161603e-12
2025-12-22,Sall,1199.9999999999986,1200.0000000000018,97827.57836661529,97736.14365069685,94006.57644653204,512.5845366036856,695.638608707961,80.63317399863308,25291.905879451642,20486.44376235584,63045.18613645047,-26.010371461772593,63019.1757649887,2095.666082236365,65114.84184722506,65201.25715144763,2.2737367544323206e-12,2.7479352127102175e-11,0,3.183231456205249e-12
2025-12-23,Sall,1200.0000000000018,1199.9999999999982,99974.47172653396,96998.74829676408,92805.89361349844,130.24143267092097,701.2204841137524,184.01876420228552,25225.280339578796,20432.477075058832,64305.25550474371,-990.1633477582873,63315.092156985425,523.0192035908261,63838.11136057625,65941.21368571858,3.637978807091713e-12,1.8530954548623413e-11,0,3.637978807091713e-12
2025-12-24,Sall,1199.9999999999982,1200.0000000000025,99597.58312742443,99074.69091370906,93849.68256239805,120.33471916825053,1151.9861244202725,109.17849471556531,25548.91234612532,20694.619000361516,64364.814184784394,-163.5958456137232,64201.21833917067,490.3958559663485,64691.61419513702,65154.04003201103,3.637978807091713e-12,4.8677506470085063e-11,0,4.320099833421409e-12
2025-12-25,Sall,1200.0000000000025,1199.9999999999986,96065.06769085559,96758.55513644926,92819.89245171257,477.19531424743815,611.804039394871,155.60715238494674,24827.51600445724,20110.28796361037,61379.46986630724,1138.8303479228707,62518.30021423011,1933.8098117815985,64452.11002601171,64916.03117839826,1.8189894035458565e-12,2.637534635141492e-11,0,3.865352482534945e-12
2025-12-26,Sall,1199.9999999999986,1199.999999999999,51779.47145902876,51820.5673364958,49389.50294164061,330.166000781557,1788.9836958036706,836.4113843712396,21508.691731125928,17422.040302211994,27481.37940870801,44.20505281857186,27525.58446152658,1164.9810489087974,28690.56551043538,28700.071233162766,3.637978807091713e-12,2.383870878475136e-11,0,4.547473508864641e-13
2025-12-27,Sall,1199.999999999999,1200.000000000001,43791.118927463365,43856.19153394247,43703.137480551595,4667.206647141764,843.2166993211591,164.1686818528957,21179.735157119063,17155.58547726643,22063.666602434743,221.20529028931196,22284.871892724055,17858.446121098175,40143.31801382223,40213.639238679316,1.8189894035458565e-12,2.5472957076999592e-11,0,1.8189894035458565e-12
2025-12-28,Sall,1200.000000000001,1200.0000000000005,102244.9401147543,100002.66783105323,93437.2312484827,24.276065723461556,1160.1445136348345,754.0827506604902,24936.975262688942,20198.949962778064,66498.32091885839,-876.7803344687563,65621.54058438963,94.7451679468252,65716.28575233645,67469.84642127396,1.8189894035458565e-12,8.185452315956354e-12,0,4.547473508864641e-13
2025-12-29,Sall,1200.0000000000005,1200.0000000000032,102620.88188614302,103257.30306083093,94381.30723817335,6.8843704454970975,1400.1166864220768,577.7322027740648,25718.823435558304,20832.24698280224,66080.9493470653,828.3086524928076,66909.2579995581,30.260250293182494,66939.51824985129,67076.68442998723,2.7284841053187847e-12,3.871036824421026e-11,0,2.7284841053187847e-12
2025-12-30,Sall,1200.0000000000032,1200.0000000000043,96863.62579943359,95226.62846640636,91690.17605137666,442.4310100901349,855.4031749657217,361.4295541675781,24691.430170176456,20000.058437842938,61931.91364903668,998.0960868133479,62930.00973585003,1383.6217974358499,64313.63153328588,66384.47583355804,3.637978807091713e-12,1.4807710613240488e-11,0,1.1368683772161603e-12
2025-12-31,Sall,1200.0000000000043,6000.0,106903.85139763905,105384.23656799823,99625.8840908999,267.5094172953802,924.1178382646765,171.77039077426093,30689.907083279035,20538.82473745603,67385.78981979951,-379.09683465913986,67006.69298514037,860.5341026983615,67867.22708783874,68685.23975805259,1.8189894035458565e-12,3.0679458973281726e-11,0,0.0
