date,issue_hour,strategy,changed_plan_kwh,expected_future_cost_yuan,cvar_future_cost_yuan,objective,soc_at_issue_kwh,terminal_target_kwh,clipped_load_scenario_cells,clipped_pv_scenario_cells
2025-02-01,0,Sall,0.0,33195.36553002063,80642.57386566818,42688.77507127642,6000.0,6000.0,6,32
2025-02-01,6,Sall,1237.7631238760764,26491.156910562077,99966.97278069059,41238.531317490335,10134.600113339688,6000.0,36,0
2025-02-01,12,Sall,3219.4978224769284,15270.996405466374,15518.877445586462,15322.446346474837,6636.9892944612,6000.0,18,0
2025-02-01,18,Sall,9.591325830170547,9179.354302769723,20110.437387020756,11391.20525326035,10249.508151749662,6000.0,0,0
2025-02-02,0,Sall,0.0,73355.46430443437,162509.50885598687,91190.9188814114,5954.317617772974,5954.317617772974,0,0
2025-02-02,6,Sall,3.557176543001461,58603.223775314815,136236.9379637147,74149.47924108886,10800.0,5954.317617772974,0,0
2025-02-02,12,Sall,3.5571765429946254,42216.88643801071,90919.29163455179,51959.90526540607,6615.946500432392,5954.317617772974,0,0
2025-02-02,18,Sall,2.2737367544323206e-12,16235.435586244119,26733.75264073637,18336.501639319897,10800.0,5954.317617772974,0,0
2025-02-03,0,Sall,0.0,75944.1257653385,162594.21514996077,93278.8340373011,5954.317617772972,5954.317617772972,0,12
2025-02-03,6,Sall,9085.724110562775,49310.46112867784,49795.077941300086,49411.342578617645,10800.0,5954.317617772972,0,12
2025-02-03,12,Sall,5220.477296102887,43643.222187737476,87586.34987007803,52434.420155864515,6553.0293529227,5954.317617772972,0,0
2025-02-03,18,Sall,32.874961735114084,16528.184037172094,26747.168356338872,18573.374683986283,10787.182377234103,5954.317617772972,0,0
2025-02-04,0,Sall,0.0,69528.35583515905,118949.07908628637,79417.14615205115,5954.317617772969,5954.317617772969,0,46
2025-02-04,6,Sall,18.052763785406544,59347.46209802867,141160.29302778692,75759.20586658792,10800.0,5954.317617772969,0,16
2025-02-04,12,Sall,5588.7988414946285,36197.545915797586,36616.23063056528,36283.66727580267,6449.999999999999,5954.317617772969,0,0
2025-02-04,18,Sall,2.394364262456122,15958.749094649733,27071.414387759287,18193.667178325937,10800.0,5954.317617772969,0,0
2025-02-05,0,Sall,0.0,58697.122480830076,61643.5245773042,59290.93011007684,5933.6498823334805,5933.6498823334805,0,8
2025-02-05,6,Sall,339.7383129095491,45287.11467457733,46492.39022185991,45532.113595466755,10800.0,5933.6498823334805,0,3
2025-02-05,12,Sall,1069.6452121276234,33571.257072261105,34305.51811934392,33738.42316391182,5901.357553141711,5933.6498823334805,0,0
2025-02-05,18,Sall,7.867286091657093,14474.849879225849,14903.772655212204,14562.03004881514,10793.747316653544,5933.6498823334805,0,0
2025-02-06,0,Sall,0.0,63404.16140753289,65913.7942231935,63910.73363733162,5933.6498823334805,5933.6498823334805,0,33
2025-02-06,6,Sall,5219.502173493576,47382.6116330451,47827.38766135276,47496.21046896664,10800.0,5933.6498823334805,0,0
2025-02-06,12,Sall,2010.1435414514594,35312.32781984474,35912.81444923203,35459.23863627646,6450.000000000003,5933.6498823334805,0,0
2025-02-06,18,Sall,2.5195706379049057,14699.402328814875,15159.577163823153,14799.392865955488,10785.550925925925,5933.6498823334805,0,0
2025-02-07,0,Sall,0.0,26992.027719083704,27951.758979066562,27187.84600381427,5921.302093720137,5921.302093720137,18,6
2025-02-07,6,Sall,2536.948527010602,15729.274964227117,16054.606439710318,15797.573313866402,10188.920510276414,5921.302093720137,18,12
2025-02-07,12,Sall,2532.7519467750776,13902.344906428298,14398.640586802327,14009.199911034106,5433.220941023278,5921.302093720137,6,0
2025-02-07,18,Sall,6.140041666667003,7519.1476922765,7853.9186794866555,7587.547287762791,10274.89061626756,5921.302093720137,0,0
2025-02-08,0,Sall,0.0,20407.998744822202,21992.71221674898,20728.377616325164,5921.1135109952165,5921.1135109952165,23,0
2025-02-08,6,Sall,293.16731781619825,12445.596983527283,13623.707294674417,12694.270015481568,7511.720028549488,5921.1135109952165,16,0
2025-02-08,12,Sall,135.9057323153978,12002.902391661699,12889.59259266563,12218.251517059367,6565.311551560033,5921.1135109952165,6,0
2025-02-08,18,Sall,29.7174272114396,7547.308481848113,7883.311548752254,7667.035549179626,10148.288350069566,5921.1135109952165,0,0
2025-02-09,0,Sall,0.0,59212.69138988653,61985.310651662745,59771.7100755751,5824.824452718977,5824.824452718977,0,0
2025-02-09,6,Sall,746.721942051391,45336.93689137501,46225.801251435114,45543.79432994331,10800.0,5824.824452718977,0,0
2025-02-09,12,Sall,1048.2061070114253,32612.507160394336,33434.10715669388,32779.614410257185,7329.437548189117,5824.824452718977,0,0
2025-02-09,18,Sall,0.981666666666797,14243.019547136888,14764.200462954304,14348.635808813426,10800.0,5824.824452718977,0,0
2025-02-10,0,Sall,0.0,57177.96773891267,60743.34080429026,57895.537185321446,5824.824452718977,5824.824452718977,0,0
2025-02-10,6,Sall,6822.306715300533,41192.381998774465,41677.7729534078,41293.075903728335,10383.804534499362,5824.824452718977,0,0
2025-02-10,12,Sall,2426.0136565470534,32495.693467791123,33000.86440281972,32610.624407862844,6717.988824882218,5824.824452718977,0,0
2025-02-10,18,Sall,14.500525236970475,14760.253433439713,15276.200290423554,14883.33185686851,10800.000000000002,5824.824452718977,0,0
2025-02-11,0,Sall,0.0,57907.593353667195,60832.94474274709,58497.226037135086,5790.019125045454,5790.019125045454,0,53
2025-02-11,6,Sall,5127.6724059049875,42740.42164166142,43458.23625215024,42887.66327499166,10320.166593472113,5790.019125045454,0,4
2025-02-11,12,Sall,1608.1501440192746,32697.36415391693,32907.509936877774,32741.489944934423,7050.0,5790.019125045454,0,0
2025-02-11,18,Sall,26.042066231304176,14427.755686109007,14842.369994391698,14512.056513425798,10800.0,5790.019125045454,0,0
2025-02-12,0,Sall,0.0,56819.62212666922,59648.05636567984,57389.803807804616,5790.019125045454,5790.019125045454,0,6
2025-02-12,6,Sall,4398.560275027454,41716.687748293356,42120.981104445455,41814.50466462486,10416.674466879258,5790.019125045454,0,0
2025-02-12,12,Sall,1053.4812122727194,31790.522516318753,32341.374121018944,31902.859042415726,7050.000000000001,5790.019125045454,0,0
2025-02-12,18,Sall,35.40645617490111,14585.549656847079,14975.541063636841,14690.339865301907,10800.0,5790.019125045454,0,0
2025-02-13,0,Sall,0.0,54038.385840381794,56385.46629236992,54512.099125634064,5742.20341840449,5742.20341840449,0,0
2025-02-13,6,Sall,4590.138731688744,39257.97431269907,39638.97469941181,39353.76033187655,9874.074074074075,5742.20341840449,0,0
2025-02-13,12,Sall,940.8746129913868,30833.7303499982,31568.012018106543,31002.94917874393,6884.204541093411,5742.20341840449,0,0
2025-02-13,18,Sall,23.30116312054929,14587.72436936697,14986.587464716833,14686.055537574466,10789.442337741977,5742.20341840449,0,0
2025-02-14,0,Sall,0.0,22273.573057175374,24094.201124553947,22641.364103436896,5709.875860540853,5709.875860540853,12,6
2025-02-14,6,Sall,2032.781664772762,12574.360642882459,12895.87597625192,12663.334950800787,9653.809682328634,5709.875860540853,12,17
2025-02-14,12,Sall,281.250601528404,12057.975819385843,12579.40978887571,12164.099807563502,6585.883405354546,5709.875860540853,12,9
2025-02-14,18,Sall,26.423903586701385,7334.306870178509,7792.057505914833,7427.16594446641,10128.756515349856,5709.875860540853,0,0
2025-02-15,0,Sall,0.0,22338.739508173134,23243.349174390103,22522.996401798624,5709.875860540853,5709.875860540853,16,6
2025-02-15,6,Sall,1494.8473530591732,12169.190204083481,12505.378425489502,12271.20484154544,9565.02236411642,5709.875860540853,8,6
2025-02-15,12,Sall,479.75596802580935,12270.434964180778,12441.98897322141,12339.92821038869,4791.572682482691,5709.875860540853,0,6
2025-02-15,18,Sall,43.367187210553595,7371.993630558783,7587.049601414666,7444.1406104498255,10152.749147598573,5709.875860540853,0,0
2025-02-16,0,Sall,0.0,57231.914593460824,59160.4206104562,57622.11063019324,5657.526247936506,5657.526247936506,0,14
2025-02-16,6,Sall,7065.619960820282,41043.59526580482,41568.833133544635,41152.255284525556,10674.098892103237,5657.526247936506,0,11
2025-02-16,12,Sall,831.0843365060676,30941.507861732,31814.143156405422,31118.05561532044,6781.417481657726,5657.526247936506,0,0
2025-02-16,18,Sall,12.560039421444102,14107.248277978873,14430.121740597018,14173.188216140737,10800.0,5657.526247936506,0,0
2025-02-17,0,Sall,0.0,58499.08311064089,61406.13326879125,59084.932863868424,5657.526247936508,5657.526247936508,0,8
2025-02-17,6,Sall,8011.823807137717,41880.002170187974,42955.267849020594,42099.53620630721,10800.0,5657.526247936508,0,7
2025-02-17,12,Sall,1810.3127770187182,31237.87137680624,31838.2055530394,31360.380062289314,7049.103823731303,5657.526247936508,0,0
2025-02-17,18,Sall,40.27419756819768,14383.541872946102,14769.949989788724,14462.189876096603,10797.874899388482,5657.526247936508,0,0
2025-02-18,0,Sall,0.0,51631.18667651105,53262.5434632697,51961.66621180762,5657.526247936512,5657.526247936512,0,0
2025-02-18,6,Sall,250.03697500200695,38808.91285249279,39420.908692588106,38938.254951926676,9874.074074074075,5657.526247936512,0,0
2025-02-18,12,Sall,310.8492676630589,29770.418296740518,30149.72076941547,29852.319991785673,6808.671725455207,5657.526247936512,0,0
2025-02-18,18,Sall,60.812292661057114,14344.211138351322,14555.088372297658,14387.749849639904,10793.226402550079,5657.526247936512,0,0
2025-02-19,0,Sall,0.0,53422.195851532706,54001.72665687303,53542.51188078939,5657.526247936514,5657.526247936514,0,12
2025-02-19,6,Sall,1413.895516795973,39715.480868329105,40273.45560834362,39830.74585427552,9874.074074074075,5657.526247936514,0,9
2025-02-19,12,Sall,336.4474879887435,30637.009392953423,31032.628200437626,30729.361309446005,7050.000000000001,5657.526247936514,0,0
2025-02-19,18,Sall,8.459329715179933,14435.439952969606,14736.261705866576,14516.391965462057,10791.901423829671,5657.526247936514,0,0
2025-02-20,0,Sall,0.0,53847.9100497783,55226.30836839345,54127.78595869836,5620.983691663348,5620.983691663348,0,0
2025-02-20,6,Sall,3233.3844751404017,41045.50465747074,42301.96471614571,41300.36086345428,9874.074074074075,5620.983691663348,0,5
2025-02-20,12,Sall,2211.7443875303607,29607.25786680595,30129.9485691501,29716.723413947766,7050.000000000003,5620.983691663348,0,3
2025-02-20,18,Sall,2.430569809568965,14381.996990645399,14638.81071603386,14438.970907827352,10789.214456827176,5620.983691663348,0,0
2025-02-21,0,Sall,0.0,20618.997960513294,21697.302967795298,20838.14242818979,5612.988482533587,5612.988482533587,14,0
2025-02-21,6,Sall,35.4671813925422,11328.056807762094,11806.406823196341,11444.036174569801,8169.244314367269,5612.988482533587,7,3
2025-02-21,12,Sall,439.90176902855967,11205.943113020703,11882.253406375545,11364.592188225573,5983.148573834869,5612.988482533587,0,0
2025-02-21,18,Sall,20.33761461909495,7305.9161925651515,7538.362732438282,7360.914928130422,10207.688173532795,5612.988482533587,0,0
2025-02-22,0,Sall,0.0,20847.5919106542,22689.500509137437,21219.288226498156,5599.43849350716,5599.43849350716,16,9
2025-02-22,6,Sall,432.8591105137795,12057.223484654132,12774.90892712072,12204.94914355096,7896.764149545199,5599.43849350716,16,15
2025-02-22,12,Sall,627.6573563796152,11680.235404485602,11990.33090633553,11759.178268316127,6584.237186569474,5599.43849350716,6,1
2025-02-22,18,Sall,14.14540813552236,7336.151449270201,7517.54230510527,7373.723431882369,10099.339810187268,5599.43849350716,0,0
2025-02-23,0,Sall,0.0,52967.41412155769,54918.40569771254,53361.96978845094,5599.438493507161,5599.438493507161,0,5
2025-02-23,6,Sall,747.5944848118645,40136.496024710985,41429.349792665686,40409.286112744805,9874.074074074075,5599.438493507161,0,4
2025-02-23,12,Sall,3314.6951640891793,30302.612477618433,30613.730258097403,30385.584675469563,6891.644348963502,5599.438493507161,0,0
2025-02-23,18,Sall,23.238793003955863,14433.14743828917,14637.332417988126,14480.786233129262,10800.0,5599.438493507161,0,0
2025-02-24,0,Sall,0.0,50747.20405236519,53317.04293227269,51265.50356629612,5589.191272824591,5589.191272824591,0,16
2025-02-24,6,Sall,371.80249252671456,37732.39371892747,39132.00502934635,38015.75927204867,9874.074074074075,5589.191272824591,0,0
2025-02-24,12,Sall,714.2631289270207,29987.6471303123,30550.475995430657,30102.30604134694,5746.637411949121,5589.191272824591,0,0
2025-02-24,18,Sall,9.50484593578426,14413.114406636822,14635.956884543928,14459.033115637263,10783.616664593746,5589.191272824591,0,0
2025-02-25,0,Sall,0.0,52556.23961811981,54411.74551628677,52931.608958227815,5589.19127282459,5589.19127282459,0,2
2025-02-25,6,Sall,3883.791485562644,38375.459334141495,39573.43613215084,38618.718994378956,9874.074074074075,5589.19127282459,0,6
2025-02-25,12,Sall,3453.526586720647,29088.02635813469,29425.007687042777,29157.340186548696,7081.174629589781,5589.19127282459,0,4
2025-02-25,18,Sall,35.94435610456665,14221.606205454716,14547.974605326794,14288.236751957913,10763.066603134122,5589.19127282459,0,0
2025-02-26,0,Sall,0.0,47667.668128388366,50248.097728615896,48187.94190867786,5589.191272824591,5589.191272824591,0,0
2025-02-26,6,Sall,362.96731443668443,35333.38350124788,38215.49037075935,35919.96571202177,9874.074074074075,5589.191272824591,0,0
2025-02-26,12,Sall,1067.0340870991115,29992.765268858093,30760.82791664313,30154.813752026203,6628.368677928631,5589.191272824591,0,0
2025-02-26,18,Sall,16.766458441503346,14287.282764440786,14484.80242022463,14328.140881396257,10756.375068710979,5589.191272824591,0,0
2025-02-27,0,Sall,0.0,49288.46465937088,52003.12224871473,49835.601854442735,5589.191272824591,5589.191272824591,0,8
2025-02-27,6,Sall,752.8476425782958,36098.9679903759,37605.015634520365,36403.779880147515,9874.074074074075,5589.191272824591,0,0
2025-02-27,12,Sall,228.5676779029759,28600.376872228288,29191.29451404948,28722.05403488736,6618.782938016767,5589.191272824591,0,6
2025-02-27,18,Sall,4.249961478459454,14253.801813407767,14481.585883360094,14300.7142445266,10762.59078781232,5589.191272824591,0,0
2025-02-28,0,Sall,0.0,18956.141857030485,19510.66075082404,19070.252385276654,5589.191272824591,5589.191272824591,7,9
2025-02-28,6,Sall,326.09700380432764,10982.438920628727,11382.893457039014,11065.414337002267,6296.786570525533,5589.191272824591,7,4
2025-02-28,12,Sall,190.04770696991932,10740.415746848552,11207.088793613548,10835.740773091544,5266.38212186957,5589.191272824591,0,0
2025-02-28,18,Sall,13.868448051261907,7203.006032673465,7417.889090060307,7254.950921550066,10104.953600400311,5589.191272824591,0,0
2025-03-01,0,Sall,0.0,22736.93874680606,24511.724247455226,23095.277008978894,5574.745126392065,5574.745126392065,8,14
2025-03-01,6,Sall,3074.7754795264054,11819.503505771072,12109.48666791563,11883.527435446871,9570.705824972392,5574.745126392065,8,9
2025-03-01,12,Sall,137.7412806018841,11754.57485611601,12059.014365219607,11824.441989569068,4540.285308851791,5574.745126392065,12,3
2025-03-01,18,Sall,9.771536656301976,7252.714004230967,7545.43737510425,7324.284473947743,10133.616601875643,5574.745126392065,0,0
2025-03-02,0,Sall,0.0,52486.435938303315,53712.05174404948,52736.01909692211,5552.670682131369,5552.670682131369,0,31
2025-03-02,6,Sall,795.5424006493624,39846.963219526544,41006.43003513974,40082.69212809479,9874.074074074075,5552.670682131369,0,11
2025-03-02,12,Sall,980.8705522061682,31569.930400473604,32208.82097962873,31700.002069700284,6191.942350656048,5552.670682131369,0,16
2025-03-02,18,Sall,7.891354319836182,13700.746587166628,13897.415124436422,13743.291993144729,10792.453833041713,5552.670682131369,0,0
2025-03-03,0,Sall,0.0,54263.366733081515,57378.27667748245,54890.81161100062,5549.175314906391,5549.175314906391,0,5
2025-03-03,6,Sall,6862.849568082373,41142.96835588967,42381.921607476404,41423.23943307609,9874.074074074075,5549.175314906391,0,14
2025-03-03,12,Sall,827.7579152871673,31988.973856118573,33301.44515893039,32273.726793205624,6856.896375416308,5549.175314906391,0,9
2025-03-03,18,Sall,13.489822290879488,14416.638000850035,14965.30334023553,14557.008445279012,10797.815330410169,5549.175314906391,0,0
2025-03-04,0,Sall,0.0,48292.303132046865,51910.326600101005,49020.040151541,5494.091563261165,5494.091563261165,0,12
2025-03-04,6,Sall,495.61637295945104,36937.0651813425,38767.216338454484,37306.5954921007,9874.074074074075,5494.091563261165,0,0
2025-03-04,12,Sall,529.8494163588867,29646.004989038527,30818.90259838277,29915.663647139765,6179.352651582607,5494.091563261165,0,0
2025-03-04,18,Sall,49.53032706059176,14258.97606004396,14788.875094019386,14370.313018288281,10800.0,5494.091563261165,0,0
2025-03-05,0,Sall,0.0,50191.73624562368,51972.81830855948,50552.308018027965,5486.541868011831,5486.541868011831,0,5
2025-03-05,6,Sall,2299.11269779705,36874.69341604073,37800.102455241635,37071.66360647282,9874.074074074075,5486.541868011831,0,6
2025-03-05,12,Sall,2152.6440735623924,29298.063535395875,30232.13571599987,29486.918076571517,6999.678758981357,5486.541868011831,0,0
2025-03-05,18,Sall,22.407801588038637,14412.804527659864,14862.839557915044,14512.70513407696,10780.84626879408,5486.541868011831,0,0
2025-03-06,0,Sall,0.0,47409.4730516383,49650.34304581645,47861.849574913525,5470.454427731623,5470.454427731623,0,0
2025-03-06,6,Sall,1615.9851589112307,34928.514392009165,35975.64083404276,35141.411938235506,9874.074074074075,5470.454427731623,0,0
2025-03-06,12,Sall,606.8568080941575,29601.495427226102,30511.765538835607,29785.68862329153,6601.356686062773,5470.454427731623,0,1
2025-03-06,18,Sall,24.606947938975793,14209.510270451865,14363.496108818912,14241.650625532931,10797.576042446619,5470.454427731623,0,0
2025-03-07,0,Sall,0.0,20425.93328058767,21415.949581864443,20627.070282444387,5470.454427731627,5470.454427731627,0,16
2025-03-07,6,Sall,1855.4469221043428,11346.367138317548,12258.26911507723,11557.719676725112,6593.271089854305,5470.454427731627,0,6
2025-03-07,12,Sall,145.88504875103132,11198.674822070958,11324.470121769617,11225.828549477277,4917.1522361652815,5470.454427731627,0,2
2025-03-07,18,Sall,1.7053025658242404e-12,7189.879469154443,7411.3709967735285,7235.4564471705935,10125.346309236076,5470.454427731627,0,0
2025-03-08,0,Sall,0.0,17113.045775225233,17650.97444611633,17223.471091508523,5470.454427731627,5470.454427731627,0,8
2025-03-08,6,Sall,103.4477457035546,10563.293418529098,11817.330517057704,10816.821744309636,4645.393997510705,5470.454427731627,0,3
2025-03-08,12,Sall,93.50942984428814,10625.739491245999,11015.5139864511,10720.581984733064,3220.7814575587413,5470.454427731627,0,2
2025-03-08,18,Sall,14.632371191337597,7242.86678131572,7452.629007586534,7291.272240222129,10006.281930950923,5470.454427731627,0,0
2025-03-09,0,Sall,0.0,49043.10672820046,50766.55156382411,49392.15297267735,5460.7027371456115,5460.7027371456115,0,0
2025-03-09,6,Sall,7619.92811881684,33524.567597558205,33727.934699182406,33568.565745301574,9960.98229103856,5460.7027371456115,0,1
2025-03-09,12,Sall,1568.311500809688,28740.71834707633,28936.774667233618,28781.99174767101,6483.895858774838,5460.7027371456115,0,0
2025-03-09,18,Sall,25.733584423438998,14307.179475044868,14857.657669618378,14418.614421510616,10798.53380763524,5460.7027371456115,0,0
2025-03-10,0,Sall,0.0,47802.927787497545,49667.03218782062,48179.895696761734,5460.702737145613,5460.702737145613,0,2
2025-03-10,6,Sall,350.2837505454806,35489.38434781686,36247.490654002424,35644.53157525724,9887.7320399767,5460.702737145613,0,2
2025-03-10,12,Sall,225.0580610222218,29245.489554144468,29462.588780959937,29290.99573217664,6310.87383040598,5460.702737145613,0,0
2025-03-10,18,Sall,1.816960580235559,14372.935582589376,14991.779953023075,14512.522733410007,10781.886452603618,5460.702737145613,0,0
2025-03-11,0,Sall,0.0,42268.29881146341,43500.20319426039,42518.69874224805,5433.465306040842,5433.465306040842,0,1
2025-03-11,6,Sall,7572.532879519251,37566.508458886026,39469.12869165859,37950.53451874953,9914.608403544038,5433.465306040842,0,6
2025-03-11,12,Sall,2925.1475522911933,28496.099766884505,29393.19936685313,28680.885360349082,6997.439444627449,5433.465306040842,0,2
2025-03-11,18,Sall,13.085807821362778,14370.431456398937,14694.332752521668,14436.551853385126,10799.517316995136,5433.465306040842,0,0
2025-03-12,0,Sall,0.0,47974.11009392799,50194.34926416222,48422.30221657187,5433.465306040842,5433.465306040842,0,15
2025-03-12,6,Sall,6670.826966181081,32710.628433155573,32903.94326457253,32752.559475233003,9874.074074074075,5433.465306040842,0,0
2025-03-12,12,Sall,1922.356197588566,28908.248172931148,29710.184818929476,29078.74771621199,6764.72712112739,5433.465306040842,0,6
2025-03-12,18,Sall,1.0231815394945443e-12,14312.537784851436,14563.599978103723,14365.578893403112,10789.274493967829,5433.465306040842,0,0
2025-03-13,0,Sall,0.0,48864.02003518143,52257.773678620695,49546.883488684645,5430.653770586224,5430.653770586224,0,7
2025-03-13,6,Sall,2618.2631296034424,36887.56763520621,39217.83275225226,37388.84543841098,9944.818528794372,5430.653770586224,0,7
2025-03-13,12,Sall,512.303201389906,28888.095093013384,29943.59972393775,29112.566109504955,7061.112570073263,5430.653770586224,0,0
2025-03-13,18,Sall,5.913224473358923,14363.823877929297,15001.767216786335,14514.544719904938,10796.157381790112,5430.653770586224,0,0
2025-03-14,0,Sall,0.0,18090.136109265764,18849.059202169872,18244.929293636207,5389.66179310683,5389.66179310683,0,0
2025-03-14,6,Sall,507.19225642108654,11538.560619784932,12615.631561957345,11761.46109481613,5487.532465439175,5389.66179310683,0,4
2025-03-14,12,Sall,440.0250982532725,10798.146585214807,11089.583826395265,10858.51538447184,4101.145995328616,5389.66179310683,0,1
2025-03-14,18,Sall,21.989698643507428,7365.355014383103,7986.39168654473,7490.833881538797,10112.048670846576,5389.66179310683,0,0
2025-03-15,0,Sall,0.0,17272.73450351981,17969.363042456043,17414.984298845484,5389.66179310683,5389.66179310683,0,1
2025-03-15,6,Sall,782.578932229977,11493.255356267236,13488.403484664872,11894.964849951595,5079.534616938148,5389.66179310683,0,2
2025-03-15,12,Sall,643.5612355680427,10419.364221415151,10716.860821321978,10480.664935032453,6586.959244137989,5389.66179310683,0,0
2025-03-15,18,Sall,59.92073827714378,7481.679939020933,8062.3864883923925,7605.851766153802,10049.156553699602,5389.66179310683,0,0
2025-03-16,0,Sall,0.0,46496.01760963114,48155.45533263516,46832.22488880495,5376.934822076642,5376.934822076642,0,2
2025-03-16,6,Sall,1263.6263626534646,35660.903617889766,37124.76352278996,35965.22567742557,9907.662311712538,5376.934822076642,0,5
2025-03-16,12,Sall,2285.652204232568,29240.473790470794,30218.913465610265,29457.888658204658,7405.252079607869,5376.934822076642,0,3
2025-03-16,18,Sall,33.190654317832525,14593.21406320703,15231.102915870611,14722.120135339355,10800.0,5376.934822076642,0,0
2025-03-17,0,Sall,0.0,43755.566401768745,44914.645352339365,43991.30185573092,5376.934822076643,5376.934822076643,0,0
2025-03-17,6,Sall,4921.101889737739,29478.42759954802,30178.095531331117,29648.620316723052,9874.074074074075,5376.934822076643,0,0
2025-03-17,12,Sall,1192.6388499106422,27272.330942227116,27647.24296805024,27349.14552814752,6633.601451617857,5376.934822076643,0,1
2025-03-17,18,Sall,162.45237259889194,14717.212991995877,14989.146293379099,14804.720805478315,10719.157225145731,5376.934822076643,0,0
2025-03-18,0,Sall,0.0,50389.12330592249,53950.282271570446,51105.54826571869,5317.132434396294,5317.132434396294,0,0
2025-03-18,6,Sall,5557.643850169527,36717.77955555696,38706.26460367638,37118.97779316104,9906.345295757892,5317.132434396294,0,0
2025-03-18,12,Sall,2612.562349144528,27840.085528109918,28243.08658492511,27922.565825245732,7010.537539347293,5317.132434396294,0,0
2025-03-18,18,Sall,1.9326762412674725e-12,14348.523942109021,14587.768904243094,14397.698607078164,10786.497056909842,5317.132434396294,0,0
2025-03-19,0,Sall,0.0,41921.43314146363,43322.48562793425,42205.541945776575,5317.132434396296,5317.132434396296,0,0
2025-03-19,6,Sall,2282.644261227186,32749.34060536179,35626.27053338765,33333.70300457391,9891.385752445196,5317.132434396296,0,3
2025-03-19,12,Sall,1294.5870633324403,27202.063998482117,28336.878217669433,27430.903213838497,6941.976109787533,5317.132434396296,0,0
2025-03-19,18,Sall,4.5019754911878636,14304.285047205356,15074.39149478436,14459.629404450214,10799.84272212173,5317.132434396296,0,0
2025-03-20,0,Sall,0.0,47037.045726408156,49806.1296383318,47595.094694328785,5317.132434396296,5317.132434396296,0,6
2025-03-20,6,Sall,6778.340986128442,32009.76088683528,32474.617448304823,32122.30966820246,9874.074074074075,5317.132434396296,0,2
2025-03-20,12,Sall,1457.9653931971134,28845.502323833953,29557.407758342102,28989.817737675457,6270.016847965655,5317.132434396296,0,2
2025-03-20,18,Sall,5.684341886080801e-13,14195.667372466864,14543.646274322226,14266.587106459028,10795.851725230807,5317.132434396296,0,0
2025-03-21,0,Sall,0.0,17015.934114847485,17445.154339586003,17104.55050645854,5317.132434396296,5317.132434396296,0,0
2025-03-21,6,Sall,562.5923368575393,10045.6743617613,10633.769992782967,10165.96295042654,4305.162079282863,5317.132434396296,0,0
2025-03-21,12,Sall,219.02470620548732,9881.232013599078,10537.709425603247,10014.522017860321,4806.884014223225,5317.132434396296,0,0
2025-03-21,18,Sall,12.731754048628773,7116.602460931664,7523.295133402291,7199.207714513682,10179.658127692306,5317.132434396296,0,0
2025-03-22,0,Sall,0.0,17939.88457680469,18518.449556301057,18058.490205809914,5317.132434396297,5317.132434396297,0,1
2025-03-22,6,Sall,175.22319600911018,10574.202567079756,11066.948192186623,10678.492567242527,4910.183244683715,5317.132434396297,0,2
2025-03-22,12,Sall,294.6656641520755,10512.186906256513,11352.850885422553,10708.122756431181,6433.484003758063,5317.132434396297,0,0
2025-03-22,18,Sall,3.979039320256561e-13,7226.360291134025,7764.749140443407,7335.313023339183,10246.388261473148,5317.132434396297,0,0
2025-03-23,0,Sall,0.0,47710.33525596247,50716.278692648935,48315.72694077021,5317.132434396297,5317.132434396297,0,0
2025-03-23,6,Sall,1937.957007844378,34109.10624055608,35051.05323375082,34309.13258900112,9874.074074074075,5317.132434396297,0,0
2025-03-23,12,Sall,3179.632970696105,26939.750394934075,27762.507454907227,27115.274716074444,6727.208919137337,5317.132434396297,0,0
2025-03-23,18,Sall,8.7682975702445,14027.393222790535,14792.449449285145,14181.728211870084,10798.921044060642,5317.132434396297,0,0
2025-03-24,0,Sall,0.0,44224.7981911839,46037.69490807163,44591.43129262899,5317.132434396299,5317.132434396299,0,0
2025-03-24,6,Sall,2441.958319247212,32902.62904679677,34118.6081104214,33150.038338691375,9912.887324612377,5317.132434396299,0,0
2025-03-24,12,Sall,2229.1440261644816,27148.805617599704,27598.22490820587,27240.549563358407,7114.371931717474,5317.132434396299,0,0
2025-03-24,18,Sall,17.002529973563696,14349.29053935756,15027.435490706484,14486.24202124842,10794.251882117287,5317.132434396299,0,0
2025-03-25,0,Sall,0.0,49311.05606308395,51261.548884324126,49705.42663555192,5317.132434396301,5317.132434396301,0,0
2025-03-25,6,Sall,8963.295621273282,33410.21860585753,34339.89733943411,33616.38365231604,9920.28655275465,5317.132434396301,0,0
2025-03-25,12,Sall,1262.1611874760436,27495.97436501433,27740.295121313582,27563.126394646515,6459.824993147244,5317.132434396301,0,0
2025-03-25,18,Sall,7.155219133586002,14114.77396679768,14478.018178894596,14202.877318258792,10800.000000000002,5317.132434396301,0,0
2025-03-26,0,Sall,0.0,43979.938369325566,45451.52106418003,44278.37924468391,5290.561264226168,5290.561264226168,0,0
2025-03-26,6,Sall,1239.6150615617516,31624.688153822066,32744.6875810963,31878.81872995832,9874.074074074075,5290.561264226168,0,0
2025-03-26,12,Sall,3464.94467071911,26864.8500562106,27735.51941787751,27066.584866113728,6989.954973618383,5290.561264226168,0,0
2025-03-26,18,Sall,24.513335261974134,14408.981694816084,14992.371629778543,14547.328507835135,10800.0,5290.561264226168,0,0
2025-03-27,0,Sall,0.0,45916.33133425644,47342.305061045976,46205.724347222524,5252.292339870376,5252.292339870376,0,0
2025-03-27,6,Sall,4057.5859090052786,33823.940010131024,35675.57652499563,34214.74375574789,9874.074074074075,5252.292339870376,0,0
2025-03-27,12,Sall,3755.160182384381,26569.130659674418,27679.82112935629,26796.119257058814,7171.856457861751,5252.292339870376,0,0
2025-03-27,18,Sall,208.9882067162398,14451.56347656079,14835.964082576054,14578.07239631376,10796.254921000684,5252.292339870376,0,0
2025-03-28,0,Sall,0.0,17178.194635559936,18101.536616009376,17365.88385910399,5161.430445679558,5161.430445679558,0,0
2025-03-28,6,Sall,10.623846262036615,9604.349745167581,10092.912745277112,9704.735040692845,5541.414210062488,5161.430445679558,0,0
2025-03-28,12,Sall,32.87146845119349,9379.159982396213,9720.52349454326,9449.406702216149,4835.119564311874,5161.430445679558,0,0
2025-03-28,18,Sall,5.115907697472721e-13,7039.49263862916,7521.389128516212,7169.816484099384,10185.526373436149,5161.430445679558,0,0
2025-03-29,0,Sall,0.0,16156.556560189281,16966.966753220036,16321.437746601572,5099.942019454868,5099.942019454868,0,0
2025-03-29,6,Sall,427.83179840845946,9685.495921103655,11491.932779574483,10049.424812108748,4466.06777224883,5099.942019454868,0,0
2025-03-29,12,Sall,218.57009625295646,9620.472839357733,9927.035823477228,9683.732286766926,4961.0855288066105,5099.942019454868,0,0
2025-03-29,18,Sall,87.21443157744363,7331.719881696493,8079.472924354163,7482.495001722604,9982.948169888552,5099.942019454868,0,0
2025-03-30,0,Sall,0.0,43878.744725755176,47751.889274259076,44657.327669430546,5099.942019454868,5099.942019454868,0,0
2025-03-30,6,Sall,4719.850624166753,29501.211910897204,30547.97134706475,29725.42979351418,9898.276261123505,5099.942019454868,0,0
2025-03-30,12,Sall,2686.5756055333545,24881.057096196386,25128.45603031799,24972.26284449992,6868.244471996763,5099.942019454868,0,0
2025-03-30,18,Sall,23.166381553308497,14022.424832183515,14498.26311728296,14165.58943443897,10800.0,5099.942019454868,0,0
2025-03-31,0,Sall,0.0,40024.87133738035,42406.73817455458,40505.137910315294,5012.1256965370985,5012.1256965370985,0,0
2025-03-31,6,Sall,6914.760947442792,34892.35583357722,38428.88806349509,35603.223485022,9883.089109937866,5012.1256965370985,0,0
2025-03-31,12,Sall,5232.523228839034,25975.50230576143,27608.065525540376,26305.11296351162,7050.000000000002,5012.1256965370985,0,4
2025-03-31,18,Sall,66.36353899742552,13902.110345706265,14089.999224211093,13940.977633483699,10788.273617447803,5012.1256965370985,0,0
2025-04-01,0,Sall,0.0,47797.94933344999,49078.08417956318,48058.169469339424,5012.125696537101,5012.125696537101,0,0
2025-04-01,6,Sall,5189.128831009253,35126.26927795006,36804.97448095468,35465.33768050738,9912.255879694534,5012.125696537101,0,0
2025-04-01,12,Sall,3306.120603423161,26836.609070709826,27951.319106216375,27072.789899262585,7103.771342757058,5012.125696537101,0,0
2025-04-01,18,Sall,15.087026791575227,13894.115296271222,14304.204450889652,13977.424254215332,10800.0,5012.125696537101,0,0
2025-04-02,0,Sall,0.0,45156.41338231852,46085.54742226834,45346.27302141236,5012.125696537102,5012.125696537102,0,8
2025-04-02,6,Sall,2004.4584145695057,34644.751178247985,36513.7274506007,35025.04797804592,9938.615712247469,5012.125696537102,0,0
2025-04-02,12,Sall,2794.8430968717375,24822.308001902813,25234.955459413075,24914.630852424834,7494.438729641464,5012.125696537102,0,0
2025-04-02,18,Sall,1.5483519921235143,14039.956303629446,14361.502570751098,14138.665460865886,10782.53939894887,5012.125696537102,0,0
2025-04-03,0,Sall,0.0,46381.88195297619,49532.97456582351,47016.36007067575,4949.851935826638,4949.851935826638,0,10
2025-04-03,6,Sall,4167.06333389247,31706.046137622052,32372.892251937104,31842.761743843417,9927.826962425086,4949.851935826638,0,0
2025-04-03,12,Sall,2223.1259807672254,26367.341055438053,26740.51465272508,26445.35545432563,6887.388684359642,4949.851935826638,0,0
2025-04-03,18,Sall,23.388277283744287,14075.464338326043,14445.462113660355,14150.750761433039,10800.0,4949.851935826638,0,0
2025-04-04,0,Sall,0.0,15835.611881271307,16474.05943853787,15966.05147084661,4949.851935826639,4949.851935826639,0,0
2025-04-04,6,Sall,127.00106575700542,8675.470718265717,8983.021005852937,8739.610717341708,4278.525838580245,4949.851935826639,0,0
2025-04-04,12,Sall,92.3060912684619,8824.204016630787,9267.088179410735,8914.781060963274,4363.015397513573,4949.851935826639,0,0
2025-04-04,18,Sall,9.663381206337363e-13,7091.159975690746,7425.975688204595,7159.33404859425,9957.03682366445,4949.851935826639,0,0
2025-04-05,0,Sall,0.0,15222.762863193355,15794.917957401378,15339.878685590953,4949.851935826639,4949.851935826639,0,0
2025-04-05,6,Sall,25.5469369193232,8921.09564789487,9727.692514423945,9084.981799485573,3606.993608826577,4949.851935826639,0,0
2025-04-05,12,Sall,11.094690292619628,8642.996180977196,8934.445380687861,8713.138809384584,5465.420546402998,4949.851935826639,0,0
2025-04-05,18,Sall,1.1966157389671253,7019.920112276855,7385.179584175201,7103.385135309878,9893.056394050687,4949.851935826639,0,9
2025-04-06,0,Sall,0.0,42171.05939381485,45807.781351850186,42902.428473052496,4932.524997268962,4932.524997268962,0,0
2025-04-06,6,Sall,4447.048133067859,28639.165520691604,29208.799331243135,28756.307273659888,9952.312626252848,4932.524997268962,0,12
2025-04-06,12,Sall,677.6697170107523,25916.057371635514,26329.727196438424,26000.71742244939,6171.0453346735185,4932.524997268962,0,4
2025-04-06,18,Sall,27.77095686825544,13889.102411670912,14384.59554808143,13989.485628751412,10780.199513877942,4932.524997268962,0,0
2025-04-07,0,Sall,0.0,38259.29706818615,42643.85396875359,39140.073263218896,4932.524997268961,4932.524997268961,0,0
2025-04-07,6,Sall,2856.259623518861,28971.654871420746,31073.481010496234,29395.050678588836,9929.971713072731,4932.524997268961,0,12
2025-04-07,12,Sall,2301.5444699275417,24820.58424300217,26285.043266390996,25115.104967520885,8193.398890119475,4932.524997268961,0,0
2025-04-07,18,Sall,5.998379786241003,13986.904722413887,14349.416913711631,14060.694061272607,10745.156325309541,4932.524997268961,0,0
2025-04-08,0,Sall,0.0,43761.32662697253,48680.18016085755,44749.19120131522,4932.524997268963,4932.524997268963,0,11
2025-04-08,6,Sall,3507.8425760352957,30175.397783508826,30914.555229764163,30326.414932756194,9959.585107710689,4932.524997268963,0,4
2025-04-08,12,Sall,2271.8349858783718,25622.671194346913,26122.62871081164,25724.439162257633,6510.455632970003,4932.524997268963,0,0
2025-04-08,18,Sall,22.658236023313265,13977.818715846492,14329.408078892724,14049.429381520484,10778.27505532226,4932.524997268963,0,0
2025-04-09,0,Sall,0.0,44137.60122985087,47306.06850134034,44775.44666923538,4932.524997268968,4932.524997268968,0,0
2025-04-09,6,Sall,221.9892501779857,31565.73818791459,33760.740819370294,32008.06783020009,9947.83177814142,4932.524997268968,0,0
2025-04-09,12,Sall,2062.8911448303643,26714.786563186975,27019.22054170922,26777.56465752719,6487.443547559418,4932.524997268968,0,0
2025-04-09,18,Sall,15.077531419782218,13978.116002442935,14505.10924146608,14084.802897122474,10777.417893326585,4932.524997268968,0,0
2025-04-10,0,Sall,0.0,42792.87117246957,45540.7643377744,43346.36209156403,4932.524997268969,4932.524997268969,0,20
2025-04-10,6,Sall,352.060450885216,30500.582410211497,32336.34333456263,30870.799762225208,9943.32651457023,4932.524997268969,0,8
2025-04-10,12,Sall,4032.483273297081,25218.132884595234,25763.690082760564,25328.956102118613,7448.42645652835,4932.524997268969,0,0
2025-04-10,18,Sall,61.56364025373102,14074.986941371679,14356.563098531506,14133.09159563608,10800.0,4932.524997268969,0,4
2025-04-11,0,Sall,0.0,14433.005774354848,14778.73496258395,14504.832738911304,4931.570273886057,4931.570273886057,0,0
2025-04-11,6,Sall,519.9868019318537,9154.558658110765,9909.413689321444,9310.277478528067,3103.1278506436547,4931.570273886057,0,0
2025-04-11,12,Sall,488.20277589185605,8010.875248159409,8412.705489391687,8093.1562220839805,5122.740596712601,4931.570273886057,0,0
2025-04-11,18,Sall,8.454370813753371,6917.049657292987,7232.341262359401,6981.316480071471,9980.329210140775,4931.570273886057,0,0
2025-04-12,0,Sall,0.0,15797.143306906999,16467.969616898517,15933.991344407552,4931.570273886058,4931.570273886058,0,0
2025-04-12,6,Sall,735.9222336028289,8836.85551592685,9191.709625833591,8910.362731264828,3286.170486796232,4931.570273886058,0,0
2025-04-12,12,Sall,208.02422735007673,8995.344603121463,9415.098240903766,9082.208067045245,2719.902214253088,4931.570273886058,0,16
2025-04-12,18,Sall,1.938732737032126,7030.677376127385,7370.814033980477,7106.323992069623,10005.999610826228,4931.570273886058,0,4
2025-04-13,0,Sall,0.0,40496.99278143616,42718.16185744952,40945.09112698182,4919.518878559254,4919.518878559254,0,23
2025-04-13,6,Sall,2132.7421498035646,26920.686307828888,27101.92418074495,26962.330930576583,9953.266536331708,4919.518878559254,0,0
2025-04-13,12,Sall,1092.885502096125,23944.189200309316,24303.73397459784,24017.870743552452,6571.423950143,4919.518878559254,0,4
2025-04-13,18,Sall,12.860094420876749,13960.73860521545,14249.839011020023,14019.841955799651,10800.0,4919.518878559254,0,3
2025-04-14,0,Sall,0.0,42265.798855879795,44714.88648550453,42759.65437386823,4919.518878559254,4919.518878559254,0,4
2025-04-14,6,Sall,6754.007953292213,26725.640068353743,26836.561931579858,26750.90725330492,9979.82583224714,4919.518878559254,0,0
2025-04-14,12,Sall,943.7341939909667,24090.07560981256,24616.981263217764,24197.266446559915,6159.409371205475,4919.518878559254,0,0
2025-04-14,18,Sall,8.696277167236332,13690.903617537226,13866.8278391482,13727.367563166712,10799.693775484075,4919.518878559254,0,0
2025-04-15,0,Sall,0.0,37175.54043713329,38039.21830822375,37352.22168990133,4919.518878559258,4919.518878559258,0,0
2025-04-15,6,Sall,2278.4122133662277,27654.672852106243,30354.878545683296,28197.869928104155,9956.733298869769,4919.518878559258,0,0
2025-04-15,12,Sall,3092.6033168009067,23206.082430281225,24160.820962612153,23401.054094511273,8089.611528706374,4919.518878559258,0,0
2025-04-15,18,Sall,13.395188963750826,13705.686512340386,13989.524672764697,13763.736628716471,10758.062223709656,4919.518878559258,0,0
2025-04-16,0,Sall,0.0,40591.09511570558,44697.56631185598,41416.269573010955,4919.51887855926,4919.51887855926,0,0
2025-04-16,6,Sall,3388.168392867123,31303.605408524254,33315.29097837527,31709.054835189192,9953.949876086603,4919.51887855926,0,3
2025-04-16,12,Sall,4316.063922298726,24310.352178817844,25165.36727205934,24483.01274689673,7845.636883819881,4919.51887855926,0,8
2025-04-16,18,Sall,5.684341886080801e-13,13710.201991022528,14126.269174208495,13794.69285184806,10773.676823137084,4919.51887855926,0,2
2025-04-17,0,Sall,0.0,37440.28851206899,39945.46804920276,37944.975110014304,4919.518878559259,4919.518878559259,0,4
2025-04-17,6,Sall,4234.07106726247,28656.453476325274,30687.44538219042,29069.372986934723,9977.1358898875,4919.518878559259,0,0
2025-04-17,12,Sall,2463.6409679006347,24086.514744104094,24588.262517983258,24205.066411464137,7601.413879606671,4919.518878559259,0,3
2025-04-17,18,Sall,16.374917653297274,14052.070425054417,14366.504873775435,14124.900697904191,10793.366675,4919.518878559259,0,3
2025-04-18,0,Sall,0.0,14781.768811594568,15059.674544208374,14840.025384522918,4903.225221146779,4903.225221146779,0,5
2025-04-18,6,Sall,67.49268241399741,8189.223764653087,8418.978861370433,8237.707230668477,3194.9515869008724,4903.225221146779,0,0
2025-04-18,12,Sall,57.67258031230135,8167.36733270495,8611.788718453143,8258.255856389858,4274.7634848607995,4903.225221146779,0,5
2025-04-18,18,Sall,3.03800553237096,6841.69914455632,7011.737375462306,6876.920284295059,10066.229410222946,4903.225221146779,0,0
2025-04-19,0,Sall,0.0,14062.217867174337,14443.867912174404,14141.231026684085,4903.225221146779,4903.225221146779,0,0
2025-04-19,6,Sall,32.32522411459551,7585.8113765156495,7877.943819187104,7646.751271779867,3404.1563038518334,4903.225221146779,0,0
2025-04-19,12,Sall,353.3787311097751,8367.371472015588,8959.993240950873,8488.011343170618,3289.608381832576,4903.225221146779,0,3
2025-04-19,18,Sall,7.154373061176102,6908.7766142629225,7136.627116949825,6955.549642739527,9944.909016428466,4903.225221146779,0,0
2025-04-20,0,Sall,0.0,37540.97881978784,39838.8526775947,38004.389346189215,4903.225221146781,4903.225221146781,0,22
2025-04-20,6,Sall,312.0576244067215,25408.036283842048,26257.713206719734,25580.960034905245,9994.944038640875,4903.225221146781,0,13
2025-04-20,12,Sall,828.7205963877532,23749.805612770135,24850.200011582383,23971.581516703704,7251.329211698555,4903.225221146781,0,10
2025-04-20,18,Sall,0.44031216827968933,13725.179521908749,13954.150144257103,13772.2564185997,10778.8155851179,4903.225221146781,0,12
2025-04-21,0,Sall,0.0,38903.29488084965,42455.75732131146,39617.50812506033,4903.225221146784,4903.225221146784,0,10
2025-04-21,6,Sall,7104.499591890268,23955.538480029907,24444.254262865543,24057.941782475824,10010.72032636473,4903.225221146784,0,0
2025-04-21,12,Sall,1345.7741700054469,23200.118062691592,23611.944405790957,23284.2517963007,6593.100743702092,4903.225221146784,0,0
2025-04-21,18,Sall,20.830299729036142,13650.297199697146,13996.178908924256,13720.756964042681,10800.0,4903.225221146784,0,0
2025-04-22,0,Sall,0.0,36517.665914114434,37930.19837033487,36804.076271275844,4903.225221146786,4903.225221146786,0,18
2025-04-22,6,Sall,1496.686471031061,26435.562116837842,30070.97796341915,27176.880176070976,9967.030140474215,4903.225221146786,0,7
2025-04-22,12,Sall,1807.671468533588,23093.737537555415,23979.286179625793,23272.71138803904,7235.122449844237,4903.225221146786,0,0
2025-04-22,18,Sall,3.8703329582295964,13649.497595948786,14119.7686409274,13744.828153936816,10775.898120790253,4903.225221146786,0,3
2025-04-23,0,Sall,0.0,34412.45942538609,36029.226507190775,34739.5711158014,4903.225221146784,4903.225221146784,0,13
2025-04-23,6,Sall,2756.970849447248,25696.662015199614,28381.790262069604,26244.5977113737,9333.770219698252,4903.225221146784,0,15
2025-04-23,12,Sall,641.5192734455081,23342.251492015268,25330.279072287438,23741.646846845255,6237.817778083801,4903.225221146784,0,0
2025-04-23,18,Sall,34.56926341870353,13660.076979794596,14014.880154178909,13733.216232143717,10800.0,4903.225221146784,0,6
2025-04-24,0,Sall,0.0,35935.87441896009,37136.65864945194,36179.786317637474,4901.544113710878,4901.544113710878,0,6
2025-04-24,6,Sall,3010.0974048546095,22765.427910731854,23604.1275539317,22935.93116431937,9990.879672382898,4901.544113710878,0,3
2025-04-24,12,Sall,1490.7570147139913,23213.908918107536,23768.400885543615,23326.57939897857,6363.118192148325,4901.544113710878,0,10
2025-04-24,18,Sall,1.8474111129762605e-12,13669.297079572574,13965.719331904227,13729.864053103101,10786.263496373931,4901.544113710878,0,0
2025-04-25,0,Sall,0.0,14516.115019484765,15066.030501247928,14628.773204153615,4901.544113710878,4901.544113710878,0,19
2025-04-25,6,Sall,247.63470442408084,8139.884784906858,8418.45511813796,8198.060067749886,2522.7310814557286,4901.544113710878,0,6
2025-04-25,12,Sall,311.00899032990577,7851.905084828051,8033.128967553598,7890.402584828489,2009.9558996565183,4901.544113710878,0,0
2025-04-25,18,Sall,1.0800249583553523e-12,6706.732199522408,6867.496910092652,6740.096916058619,10088.07560846455,4901.544113710878,0,0
2025-04-26,0,Sall,0.0,14146.588411493041,14475.186121997174,14214.983041910082,4901.544113710883,4901.544113710883,0,2
2025-04-26,6,Sall,39.81486079964273,8085.656640791664,8398.7084320473,8150.724896678007,2341.5325089232574,4901.544113710883,0,0
2025-04-26,12,Sall,57.02165854986329,8218.686750784702,8454.37114243755,8267.877370447559,3920.494680061381,4901.544113710883,0,3
2025-04-26,18,Sall,8.526512829121202e-13,6813.590991292917,6993.705122749258,6850.829393114348,10047.280358191998,4901.544113710883,0,2
2025-04-27,0,Sall,0.0,35189.22521960676,36211.24520059085,35397.27601493666,4901.544113710885,4901.544113710885,0,16
2025-04-27,6,Sall,628.6709844970476,24725.029340608744,26250.549242820314,25062.6652437399,9359.101688818319,4901.544113710885,0,22
2025-04-27,12,Sall,442.91640721565574,23665.371675914037,25313.724868173063,24008.781050188933,4827.373850323987,4901.544113710885,0,3
2025-04-27,18,Sall,28.707190074483734,13710.704866696058,14123.32795041452,13794.509551140001,10800.0,4901.544113710885,0,12
2025-04-28,0,Sall,0.0,42670.12908754631,44395.79461815388,43019.30452700126,4901.5441137108855,4901.5441137108855,0,16
2025-04-28,6,Sall,36.70511289592746,30100.57799115458,31376.793272173058,30359.197573146535,10016.348393518927,4901.5441137108855,0,8
2025-04-28,12,Sall,2714.17496527689,25891.595850235793,26387.309792774337,25992.650420302736,6392.504773826248,4901.5441137108855,0,2
2025-04-28,18,Sall,21.407949067495792,13703.32857989418,13968.870466802346,13757.718447856183,10787.573151657936,4901.5441137108855,0,0
2025-04-29,0,Sall,0.0,36652.61727500002,37722.2259023884,36869.97527533987,4901.544113710886,4901.544113710886,0,4
2025-04-29,6,Sall,2931.2857550202407,24393.737885596187,25085.394100044003,24534.795885912376,9753.09616921641,4901.544113710886,0,12
2025-04-29,12,Sall,486.11807095672583,24017.301899085363,24560.876442409128,24127.786411856956,6605.406531262445,4901.544113710886,0,5
2025-04-29,18,Sall,53.493888863823216,13771.123041010382,14019.427869755154,13822.062687411477,10788.039059775865,4901.544113710886,0,17
2025-04-30,0,Sall,0.0,34844.85357870061,36325.0530321704,35144.2010100464,4901.544113710886,4901.544113710886,0,24
2025-04-30,6,Sall,177.6590536716603,22638.18557639624,24398.199513626954,22992.898199087347,9399.688900625422,4901.544113710886,0,0
2025-04-30,12,Sall,988.4480936101041,22033.629338463707,22204.454336559334,22069.481679841378,7116.547490207861,4901.544113710886,0,0
2025-04-30,18,Sall,29.806517685909512,13656.53678177473,13904.87588364217,13707.487469003121,10800.0,4901.544113710886,0,0
2025-05-01,0,Sall,0.0,37238.29218723156,38751.8061578202,37544.66199022584,4901.544113710891,4901.544113710891,0,20
2025-05-01,6,Sall,1706.4457772231522,24293.373522923608,24946.781295378572,24427.186162721297,10027.534512487804,4901.544113710891,0,14
2025-05-01,12,Sall,645.0363778805622,23788.974884260646,24152.689254125373,23863.639802712634,5263.833624992311,4901.544113710891,0,2
2025-05-01,18,Sall,11.679762230198833,13836.596364332303,14118.48628597721,13894.253654142287,10798.527697306246,4901.544113710891,0,3
2025-05-02,0,Sall,0.0,17046.822364227508,17605.02443406707,17161.137866511617,4901.544113710893,4901.544113710893,0,73
2025-05-02,6,Sall,94.75726311215887,10843.60347033902,13946.37196355865,11480.060899525826,3336.0853165044873,4901.544113710893,0,37
2025-05-02,12,Sall,227.36423386126106,10344.708739203552,10521.676221845706,10383.979821807203,4726.00571161814,4901.544113710893,0,30
2025-05-02,18,Sall,24.74174144906857,8190.287805646223,10766.362205655676,8720.71437058983,10351.27688810212,4901.544113710893,0,24
2025-05-03,0,Sall,0.0,18061.279975663365,20106.353833811107,18472.96463371165,4875.260999153302,4875.260999153302,0,16
2025-05-03,6,Sall,135.06312743044316,11331.696672814714,13159.246637194821,11699.69336132855,3118.1729947267636,4875.260999153302,0,6
2025-05-03,12,Sall,131.6537334706434,11420.400887910802,13595.333215192797,11857.453429211766,3713.0146327485218,4875.260999153302,0,2
2025-05-03,18,Sall,725.5595310318365,8243.684935343357,8327.612265715024,8261.752481491407,10800.0,4875.260999153302,0,0
2025-05-04,0,Sall,0.0,40607.73211687295,42071.284041197534,40904.097443573206,4875.260999153302,4875.260999153302,0,9
2025-05-04,6,Sall,5622.463032771438,26706.29847504558,27181.019419868062,26803.866640590033,10044.475980541109,4875.260999153302,0,0
2025-05-04,12,Sall,3480.1278088360314,24984.28837877953,27998.78240493532,25602.379067106027,8659.917792969456,4875.260999153302,0,0
2025-05-04,18,Sall,209.14567221547452,15985.02748780256,19976.179890795116,16811.50485103389,10800.0,4875.260999153302,0,0
2025-05-05,0,Sall,0.0,43453.06147740262,47406.87007481966,44247.69823821176,4824.526465578278,4824.526465578278,0,53
2025-05-05,6,Sall,1021.5807951302564,29931.618928834017,34073.65825791601,30776.888038885376,10031.67590976311,4824.526465578278,0,0
2025-05-05,12,Sall,2319.352728242238,26008.935984340835,26544.242564611603,26117.612703318497,7728.217939192687,4824.526465578278,0,0
2025-05-05,18,Sall,85.13628196257844,16188.297106715887,18500.423455268177,16651.99140172332,10799.999999999998,4824.526465578278,0,0
2025-05-06,0,Sall,0.0,37723.95063737475,38660.74043296155,37914.87714326691,4824.5264655782785,4824.5264655782785,0,6
2025-05-06,6,Sall,2172.623220375992,27598.320457971815,32823.45509716437,28659.171125202265,9438.472887442966,4824.5264655782785,0,0
2025-05-06,12,Sall,2082.1543688973943,26434.623376139894,30518.579910623313,27615.93077662148,6319.863627788442,4824.5264655782785,0,2
2025-05-06,18,Sall,355.3062690036891,16456.937130607603,19264.505435085666,17019.72180936231,10800.0,4824.5264655782785,0,0
2025-05-07,0,Sall,0.0,41698.016355976935,44469.16791203767,42256.00194492149,4824.526465578278,4824.526465578278,0,27
2025-05-07,6,Sall,1640.515611919643,30666.21361358187,33581.56857171538,31252.31186821889,9858.847825739034,4824.526465578278,0,35
2025-05-07,12,Sall,581.7873862170161,27918.787440727574,30108.692323468884,28358.599675181867,6204.710864087832,4824.526465578278,0,6
2025-05-07,18,Sall,127.75347106963653,16899.64109233337,18610.673218847576,17243.12201623378,10800.000000000002,4824.526465578278,0,9
2025-05-08,0,Sall,0.0,44690.79228826537,46352.970776623006,45027.21589212583,4824.526465578282,4824.526465578282,0,1
2025-05-08,6,Sall,5101.358300702184,31493.529215209182,36479.51712203318,32541.24016134065,10064.909261882709,4824.526465578282,0,8
2025-05-08,12,Sall,1190.218713887772,28577.055053759734,29384.206626013452,28740.28347271506,6812.158703001505,4824.526465578282,0,0
2025-05-08,18,Sall,106.03260567025279,17294.00756667976,17814.556551881265,17399.388550723957,10800.000000000002,4824.526465578282,0,0
2025-05-09,0,Sall,0.0,18219.824954418516,18668.128559280627,18312.145274602353,4824.526465578282,4824.526465578282,0,12
2025-05-09,6,Sall,674.7668165826346,12932.27986064551,17460.093696975815,13911.621117761957,3009.888830269315,4824.526465578282,0,10
2025-05-09,12,Sall,521.4056908633111,12008.882442350416,12678.708839590221,12144.78144887125,4858.716425638954,4824.526465578282,0,3
2025-05-09,18,Sall,319.13797340790165,9710.25010595634,13802.190029743491,10595.366983909424,10800.0,4824.526465578282,0,3
2025-05-10,0,Sall,0.0,16900.65198143941,19808.883212296696,17484.93306135338,4701.383250151599,4701.383250151599,0,4
2025-05-10,6,Sall,676.0154569145435,11513.067028813615,15075.626823695837,12227.993379504853,3181.94670043932,4701.383250151599,0,11
2025-05-10,12,Sall,521.3831383239351,10642.223484763466,11407.754606331331,10797.351760208472,3985.930098704563,4701.383250151599,0,3
2025-05-10,18,Sall,120.31733863705531,8842.448878339608,11389.093501829713,9353.016304252444,10615.61418558358,4701.383250151599,0,2
2025-05-11,0,Sall,0.0,42405.52544065424,45046.72561291773,42937.610000319866,4701.3832501516,4701.3832501516,0,0
2025-05-11,6,Sall,1269.9453110937675,30228.188338668748,33345.44452446226,30854.585174377746,10082.240734363344,4701.3832501516,0,0
2025-05-11,12,Sall,2394.5043627397586,26049.2049283505,27150.687716205037,26271.236806563567,7510.9162529820105,4701.3832501516,0,0
2025-05-11,18,Sall,154.08184868259457,16316.633202899295,16590.79658995057,16372.72708238114,10664.519015762216,4701.3832501516,0,0
2025-05-12,0,Sall,0.0,40054.82477389413,44346.66947780584,40916.52555941453,4701.383250151601,4701.383250151601,0,5
2025-05-12,6,Sall,3817.3905651245796,32060.328800663894,35883.88357496061,32827.65248026322,10065.889107544948,4701.383250151601,0,10
2025-05-12,12,Sall,2399.5181532805864,27918.200141444187,29033.07132677158,28142.780813567664,7730.1349135950495,4701.383250151601,0,0
2025-05-12,18,Sall,115.79492533990788,16828.44835974887,19393.30603466189,17342.68451148723,10792.058539553602,4701.383250151601,0,0
2025-05-13,0,Sall,0.0,43259.04318983794,44358.38494455906,43482.86726008621,4701.383250151603,4701.383250151603,0,0
2025-05-13,6,Sall,7809.902979726538,29639.197208118938,33118.029161320825,30337.720569023746,10105.57863701244,4701.383250151603,0,2
2025-05-13,12,Sall,812.4537030301283,26313.027656325456,31727.498754776585,27440.60880414247,7048.0905219974065,4701.383250151603,0,0
2025-05-13,18,Sall,112.1418357823375,15857.012320622604,16715.340962320002,16029.937244997054,10800.000000000002,4701.383250151603,0,0
2025-05-14,0,Sall,0.0,43125.22964455107,45786.86922230735,43661.35687462918,4701.383250151604,4701.383250151604,0,33
2025-05-14,6,Sall,322.01064418958504,30925.72624129969,34139.01015203937,31571.21710665198,10043.385032803193,4701.383250151604,0,3
2025-05-14,12,Sall,4134.004635837304,27669.7177576415,29638.42917047102,28317.996615823893,6071.095804350591,4701.383250151604,0,2
2025-05-14,18,Sall,521.3678013050694,16345.885157334402,16671.478782734634,16412.262611697486,10800.0,4701.383250151604,0,3
2025-05-15,0,Sall,0.0,42702.25338401446,43607.442484087376,42887.19756258137,4701.383250151604,4701.383250151604,0,28
2025-05-15,6,Sall,180.23057564260301,31051.930703509697,32282.23098905957,31300.985461637953,10090.63086849407,4701.383250151604,0,24
2025-05-15,12,Sall,4101.371925557309,27576.711775795444,28556.256551853086,27774.217375421456,7899.5704444554785,4701.383250151604,0,5
2025-05-15,18,Sall,53.92946779355111,16589.04672692369,17339.60596876221,16740.73474179419,10799.999999999998,4701.383250151604,0,14
2025-05-16,0,Sall,0.0,16899.770886637245,17623.049004899814,17047.061222772954,4700.780303038621,4700.780303038621,0,18
2025-05-16,6,Sall,429.36149521027784,10907.996838913934,14827.83053049903,11764.801725677162,2126.8521950532695,4700.780303038621,0,3
2025-05-16,12,Sall,172.51130462081238,10597.612530004337,13037.97355833356,11095.523186701086,2840.7104752776277,4700.780303038621,0,3
2025-05-16,18,Sall,29.711959714766863,8673.544073299865,12397.022077278947,9471.131998260118,10642.220893741314,4700.780303038621,0,1
2025-05-17,0,Sall,0.0,16711.825157339277,17638.827889745568,16899.84717154164,4603.6243634523535,4603.6243634523535,0,5
2025-05-17,6,Sall,455.1014516300341,10415.687152918867,11185.748005987596,10572.095709157868,2117.6024662112263,4603.6243634523535,0,0
2025-05-17,12,Sall,194.8860421085053,10494.49416355963,11625.700212437243,10722.77516040322,3665.5900150800235,4603.6243634523535,0,0
2025-05-17,18,Sall,137.29435516616945,9022.036549207602,11521.239644597119,9523.094011890027,10489.794760589775,4603.6243634523535,0,2
2025-05-18,0,Sall,0.0,43166.54354406672,45785.12720028008,43694.08889318334,4603.624363452353,4603.624363452353,0,17
2025-05-18,6,Sall,3475.791006546467,29330.91849154902,30256.912366487544,29520.790452816953,10094.44089259803,4603.624363452353,0,18
2025-05-18,12,Sall,1564.8483246972432,27128.030656475414,31375.88645960523,28063.757666081998,7322.146183516751,4603.624363452353,0,3
2025-05-18,18,Sall,256.90343885172206,16600.035595851703,19563.209359775792,17207.71408155757,10797.234428513808,4603.624363452353,0,2
2025-05-19,0,Sall,0.0,39775.391995593636,42742.10564641005,40372.40660930003,4577.663204895219,4577.663204895219,0,7
2025-05-19,6,Sall,3137.378882273986,26238.17805798772,28693.299791636797,26731.8214555335,10084.794647410827,4577.663204895219,0,0
2025-05-19,12,Sall,1674.4137923527694,25157.752991800036,28583.162378553767,25844.56273527969,6444.549878134123,4577.663204895219,0,0
2025-05-19,18,Sall,44.81631206616839,16098.390451209649,17702.081271412968,16420.377022619403,10800.0,4577.663204895219,0,0
2025-05-20,0,Sall,0.0,39216.10811181228,40730.90353514928,39522.549096892326,4577.66320489522,4577.66320489522,0,9
2025-05-20,6,Sall,1743.229868455554,28622.491831586798,29851.29072142631,28871.037341914354,10062.328602740003,4577.66320489522,0,2
2025-05-20,12,Sall,1649.6154120598867,25718.291160499375,27172.336975452246,26010.751729247953,7735.432096761606,4577.66320489522,0,0
2025-05-20,18,Sall,56.20705043705158,16229.655056495852,18769.003051145395,16738.775894200768,10771.328220337075,4577.66320489522,0,0
2025-05-21,0,Sall,0.0,37837.18678847262,40889.966176891896,38450.99658212862,4577.663204895221,4577.663204895221,0,9
2025-05-21,6,Sall,3537.1070556578743,29018.66605634787,30555.03027640701,29328.628344258093,9524.313314017578,4577.663204895221,0,7
2025-05-21,12,Sall,2051.4118971341413,26458.06479808198,29134.544751052534,26995.19199865381,5860.467077390941,4577.663204895221,0,1
2025-05-21,18,Sall,165.71905198563525,16232.830648488201,16604.050384989663,16308.321439882997,10647.710486268967,4577.663204895221,0,1
2025-05-22,0,Sall,0.0,38925.883270852486,42394.87021034779,39623.29691533828,4577.663204895222,4577.663204895222,0,10
2025-05-22,6,Sall,1078.896646327133,26349.271121281326,29461.989236771806,26974.35427533089,10109.922714997832,4577.663204895222,0,6
2025-05-22,12,Sall,696.675945294189,25546.569020764433,29110.882806621223,26325.50312393538,6495.546412910268,4577.663204895222,0,0
2025-05-22,18,Sall,26.146213775921638,16042.047617141257,18012.71094418224,16437.42027552877,10800.000000000002,4577.663204895222,0,3
2025-05-23,0,Sall,0.0,16045.828132633624,16763.922927149615,16192.057043803576,4577.663204895223,4577.663204895223,0,1
2025-05-23,6,Sall,235.51373126080745,10091.658508344868,12900.041144629278,10661.648827178762,2338.56293121762,4577.663204895223,0,0
2025-05-23,12,Sall,938.6508709943073,11328.013586858531,14601.53973831535,11984.828124719113,2974.4695194517863,4577.663204895223,0,0
2025-05-23,18,Sall,50.95209510934484,8421.04320190168,9259.375253246062,8589.931682118196,10590.088498610476,4577.663204895223,0,0
2025-05-24,0,Sall,0.0,17909.445092295045,18495.73002053843,18029.312030210505,4577.663204895225,4577.663204895225,0,8
2025-05-24,6,Sall,1617.1163581189057,10931.02309359505,11207.52060508233,10988.705933173802,1971.4546548603103,4577.663204895225,0,0
2025-05-24,12,Sall,1409.959563921869,11520.57567509055,11858.887126051612,11597.538556398333,2852.5376383918015,4577.663204895225,0,0
2025-05-24,18,Sall,263.054590651252,9345.3157549338,10043.250724145599,9486.149754952445,10800.000000000002,4577.663204895225,0,0
2025-05-25,0,Sall,0.0,39528.96573061271,41582.04530067057,39943.153405874626,4577.663204895223,4577.663204895223,0,0
2025-05-25,6,Sall,3004.2168361394615,26687.690373396075,28477.488708731315,27048.232141439003,10121.076442311021,4577.663204895223,0,0
2025-05-25,12,Sall,2494.1189740407335,24842.673711016956,28232.572726267954,25522.31474300021,7146.88483699292,4577.663204895223,0,0
2025-05-25,18,Sall,128.5063904164637,16318.776713419293,20339.29561751223,17177.557398035537,10800.0,4577.663204895223,0,0
2025-05-26,0,Sall,0.0,39026.332605167365,41182.25442998117,39461.00402975235,4477.144033549567,4477.144033549567,0,4
2025-05-26,6,Sall,2761.3258487989565,28547.742547314687,31082.076710288267,29057.414416799405,10044.914966539012,4477.144033549567,0,2
2025-05-26,12,Sall,675.4504427705338,26642.85055099055,27001.317888983296,26716.349679799354,5874.855545000635,4477.144033549567,0,1
2025-05-26,18,Sall,190.3687090896434,16316.189868452793,17966.588945175823,16647.494927765587,10631.686602344553,4477.144033549567,0,2
2025-05-27,0,Sall,0.0,36915.401755588726,40169.615988025624,37569.47799699183,4477.144033549567,4477.144033549567,0,0
2025-05-27,6,Sall,4228.162335109504,29816.423954269478,33061.35178633077,30467.986880394987,8918.334359249537,4477.144033549567,0,0
2025-05-27,12,Sall,3353.3467441438365,24518.758641260774,25083.500795134532,24633.346552559793,7446.9061857054185,4477.144033549567,0,0
2025-05-27,18,Sall,19.814433646894713,16302.594248358964,19802.896723878683,17065.830281885716,10781.957657156969,4477.144033549567,0,0
2025-05-28,0,Sall,0.0,41194.54292539982,44932.949948619316,41946.08566337705,4360.614926877785,4360.614926877785,0,12
2025-05-28,6,Sall,2235.5553020029,28749.951481387347,32536.697857050567,29532.9019363875,10097.258679222148,4360.614926877785,0,1
2025-05-28,12,Sall,1233.3880116418982,24974.963302696462,25413.57869425015,25064.498894946697,5638.8403285849745,4360.614926877785,0,3
2025-05-28,18,Sall,135.43179668745785,16379.496196287246,20016.469646261074,17162.063375587746,10750.149205261807,4360.614926877785,0,3
2025-05-29,0,Sall,0.0,40834.38749274537,44451.957942919864,41561.76291611364,4259.141778326666,4259.141778326666,0,5
2025-05-29,6,Sall,1236.868698411171,30080.330108994287,33708.970724368315,30808.937311932754,10136.914159785138,4259.141778326666,0,1
2025-05-29,12,Sall,2884.330342343671,24855.937631962737,28564.01768289176,25630.165103566953,7148.911145123121,4259.141778326666,0,0
2025-05-29,18,Sall,169.64322813922314,15745.739692603727,16373.305630912415,15872.46565694461,10800.0,4259.141778326666,0,0
2025-05-30,0,Sall,0.0,17038.20187040041,17338.17207293827,17100.741804976737,4259.141778326666,4259.141778326666,0,10
2025-05-30,6,Sall,1119.5472587980569,12566.824953099816,13922.604016757003,13167.144254076758,2339.006321493647,4259.141778326666,0,4
2025-05-30,12,Sall,1094.210353392099,10871.926071701639,11470.883107795908,10998.216496361832,5634.441697418455,4259.141778326666,0,0
2025-05-30,18,Sall,73.4055593543317,8558.011999674285,9376.39580240223,8722.891755724588,10778.139684781701,4259.141778326666,0,1
2025-05-31,0,Sall,0.0,18326.825500678293,20972.779925757615,18858.562279762933,4259.141778326663,4259.141778326663,0,2
2025-05-31,6,Sall,1555.1970827016962,10984.76239483483,13339.7834188236,11458.078894710094,3157.7329318372585,4259.141778326663,0,0
2025-05-31,12,Sall,294.76227398177514,10617.21129135743,11225.587762941454,10740.942711851547,3179.5174733609924,4259.141778326663,0,0
2025-05-31,18,Sall,14.221780997647329,8370.506938428256,10462.202256425859,8790.052239796667,10760.023336988448,4259.141778326663,0,0
2025-06-01,0,Sall,0.0,51348.677977525535,53311.78514902303,51745.53217851685,4259.141778326663,4259.141778326663,0,12
2025-06-01,6,Sall,5015.93653719273,36355.14280500025,37271.51543488352,36541.697093802664,10132.29381641417,4259.141778326663,0,4
2025-06-01,12,Sall,2488.2562602101766,30353.887305958742,30826.27851827176,30450.153425576784,6826.10082389123,4259.141778326663,0,0
2025-06-01,18,Sall,124.05254987096754,15878.06682095012,16535.707545075937,16010.814853194888,10800.0,4259.141778326663,0,2
2025-06-02,0,Sall,0.0,56857.15277031021,62508.22512483147,57991.78636700249,4259.141778326666,4259.141778326666,0,20
2025-06-02,6,Sall,10936.040509955135,38787.88639042463,39733.347206169776,38980.434863177055,10040.020860685503,4259.141778326666,0,5
2025-06-02,12,Sall,1451.0932701470952,36433.35287637922,43569.44025673355,37911.53098058337,7327.387733344756,4259.141778326666,0,5
2025-06-02,18,Sall,71.75893989151801,19237.323116956894,24843.649994120697,20404.716509412614,10800.0,4259.141778326666,0,4
2025-06-03,0,Sall,0.0,53277.699228801845,55865.64316146246,53799.48566382787,4174.639839007264,4174.639839007264,0,26
2025-06-03,6,Sall,1971.6308483598177,41043.4413294582,42696.40598165104,41380.92847364155,10033.309414351028,4174.639839007264,0,18
2025-06-03,12,Sall,2967.6616271186613,31894.34939608956,32451.03627844932,32007.50584540787,6825.024372281762,4174.639839007264,0,1
2025-06-03,18,Sall,20.787760793001254,18801.832988127237,19624.612441676436,18967.582301390554,10787.855730682504,4174.639839007264,0,4
2025-06-04,0,Sall,0.0,60836.53995701285,66324.09195931396,61938.54519080644,4174.6398390072645,4174.6398390072645,0,12
2025-06-04,6,Sall,16891.487137294134,40064.47491217581,40902.52854007046,40235.13604477864,10040.756866844946,4174.6398390072645,0,0
2025-06-04,12,Sall,4580.8266394006905,36827.95217820912,41895.31600323653,37844.612786077385,7050.000000000002,4174.6398390072645,0,4
2025-06-04,18,Sall,28.498228852109147,18824.399535639102,19482.226261183376,18957.169713523726,10781.709990190271,4174.6398390072645,0,3
2025-06-05,0,Sall,0.0,52933.81673734918,56704.50305820189,53692.134024742605,4174.639839007266,4174.639839007266,0,5
2025-06-05,6,Sall,3304.100364937157,40273.177129356314,47046.537622961194,41667.474138653495,10062.155320687314,4174.639839007266,0,1
2025-06-05,12,Sall,1239.5104491178508,33717.07102702979,34941.307036686914,33982.34936762327,7050.0,4174.639839007266,0,0
2025-06-05,18,Sall,48.92495575167485,18760.58105273939,19551.448879301384,18962.13305765356,10755.039786386536,4174.639839007266,0,0
2025-06-06,0,Sall,0.0,26876.37338945414,30128.085248326992,27529.311114079985,4095.310777884851,4095.310777884851,0,17
2025-06-06,6,Sall,1031.4951892677934,16292.388780745536,18107.576822669296,16657.559534019507,7221.804628169202,4095.310777884851,0,9
2025-06-06,12,Sall,608.5072840278827,16840.70940365935,20580.03111258604,17877.61918439917,8335.87297337686,4095.310777884851,0,6
2025-06-06,18,Sall,118.93711760965033,11252.057409802126,12720.47670948569,11546.936632172004,10799.999999999998,4095.310777884851,0,10
2025-06-07,0,Sall,0.0,27617.033284801248,31671.132462145448,28430.66568869215,4095.310777884851,4095.310777884851,0,6
2025-06-07,6,Sall,3841.944895238111,15309.297423240496,18721.73197813989,16005.637805287031,10022.074709039394,4095.310777884851,0,3
2025-06-07,12,Sall,783.0522726029536,15697.024747836249,17024.343554932377,15963.9933003588,8055.14065140813,4095.310777884851,0,4
2025-06-07,18,Sall,0.03875260319045992,11168.481794144109,14741.243128190294,11884.231495763637,10761.473256252179,4095.310777884851,0,4
2025-06-08,0,Sall,0.0,52920.94986010968,54641.426528397,53269.06119275545,4095.3107778848525,4095.3107778848525,0,6
2025-06-08,6,Sall,6041.556046656295,39777.75659132566,47154.98435744662,41291.46456448585,10063.828425008433,4095.3107778848525,0,1
2025-06-08,12,Sall,1585.0907145748454,34111.074089687,35722.81584135003,34435.186287023585,7790.2599336417225,4095.3107778848525,0,0
2025-06-08,18,Sall,716.3346940817697,21501.033259555523,25792.686078372488,22797.275144620882,10785.624814804309,4095.3107778848525,0,0
2025-06-09,0,Sall,0.0,60196.49278727393,65446.72479804736,61250.81595318442,3273.92609986687,3273.92609986687,0,30
2025-06-09,6,Sall,5442.212353064204,43116.749514681804,45882.01470080166,43673.197375031,10051.974974904497,3273.92609986687,0,7
2025-06-09,12,Sall,1695.6101708710526,37050.483333205804,37627.76031326778,37167.81406040766,7050.000000000002,3273.92609986687,0,11
2025-06-09,18,Sall,550.3445575450603,20215.679389400295,20716.6977115955,20316.98545832972,10800.000000000004,3273.92609986687,0,7
2025-06-10,0,Sall,0.0,53657.9693467361,55518.5135682998,54034.16568798211,3273.9260998668697,3273.9260998668697,0,6
2025-06-10,6,Sall,3064.903484939814,39893.52138145241,47480.61286005562,41503.03506075195,10074.58780372543,3273.9260998668697,0,11
2025-06-10,12,Sall,1006.1991333418225,35479.969308054766,37131.91081352802,35812.22933787118,7050.000000000002,3273.9260998668697,0,7
2025-06-10,18,Sall,89.84556569496442,19389.145879196432,22882.947336546218,20122.947743012857,10800.0,3273.9260998668697,0,6
2025-06-11,0,Sall,0.0,58875.471416469874,63747.47841782148,59854.31543318185,3210.102290597887,3210.102290597887,0,12
2025-06-11,6,Sall,1440.3122698881307,43605.37259575531,47420.1908293841,44371.900471399465,10053.751322189613,3210.102290597887,0,0
2025-06-11,12,Sall,1101.087569898627,38268.074683113984,42658.800212580085,39148.367943411686,5733.924205336874,3210.102290597887,0,8
2025-06-11,18,Sall,238.04008161340573,19002.008052301164,19384.70620114008,19079.642413303725,10800.0,3210.102290597887,0,4
2025-06-12,0,Sall,0.0,56482.55413971157,61236.636575377655,57437.6481243142,3210.102290597888,3210.102290597888,0,6
2025-06-12,6,Sall,1548.789879378122,41770.28336753635,46557.681888464904,42737.522735952894,10067.182256276017,3210.102290597888,0,6
2025-06-12,12,Sall,701.254411192911,35883.61762008254,36852.58629693671,36079.36464987712,7145.152200857583,3210.102290597888,0,8
2025-06-12,18,Sall,24.341378984782736,19011.08154708059,19694.060858151908,19157.78864644633,10795.566240876235,3210.102290597888,0,6
2025-06-13,0,Sall,0.0,27264.143931868024,30326.681821160528,27879.32691852968,3193.180617438393,3193.180617438393,0,1
2025-06-13,6,Sall,1169.8822410007529,16591.872787467037,18288.0092650815,16933.426074847783,5188.073616998368,3193.180617438393,0,0
2025-06-13,12,Sall,1523.3045986812003,18126.884659690768,23018.506320191063,19370.411199379167,5999.947095244806,3193.180617438393,0,0
2025-06-13,18,Sall,61.17294425313867,12146.100841435451,14604.483522299159,12902.444400739641,10800.0,3193.180617438393,0,0
2025-06-14,0,Sall,0.0,25647.3255724539,29312.536815914264,26382.731437958566,2697.4658822291253,2697.4658822291253,0,5
2025-06-14,6,Sall,722.1798045062399,15818.977464287771,19419.33785413767,16541.067405012232,5379.584856594943,2697.4658822291253,0,2
2025-06-14,12,Sall,619.4543913336238,15433.227707856942,19360.904455411306,16239.983022120243,7592.20879039637,2697.4658822291253,0,1
2025-06-14,18,Sall,5.591527556914457,10456.24875625955,10841.127897852497,10534.274282176437,10790.779554870045,2697.4658822291253,0,0
2025-06-15,0,Sall,0.0,51952.8636189125,57876.7894243805,53141.8520953424,2697.4658822291262,2697.4658822291262,0,0
2025-06-15,6,Sall,2453.34814084773,41100.80453579933,45965.97722292084,42103.191019451566,10092.781188037123,2697.4658822291262,0,0
2025-06-15,12,Sall,330.6602375541832,35787.355515472496,41362.690773499155,36920.81329666368,6845.562173904177,2697.4658822291262,0,0
2025-06-15,18,Sall,78.56327809542844,18879.42573929806,22298.554914073622,19564.294087466416,10781.174645770769,2697.4658822291262,0,0
2025-06-16,0,Sall,0.0,55478.32569055354,58832.046909765035,56153.50440881455,2697.465882229128,2697.465882229128,0,3
2025-06-16,6,Sall,1204.6786109947825,41840.477951540626,46091.96871940775,42694.13554141255,10032.223709439224,2697.465882229128,0,2
2025-06-16,12,Sall,753.4894429603246,37775.36287123131,42256.5385152539,38971.92703001299,6097.107533004602,2697.465882229128,0,0
2025-06-16,18,Sall,129.58815242741377,19628.81331816111,22947.260126148416,20293.542609224423,10800.0,2697.465882229128,0,0
2025-06-17,0,Sall,0.0,55744.0453254477,56658.19080564145,55931.21903643239,2697.465882229128,2697.465882229128,0,3
2025-06-17,6,Sall,1429.809587995987,43869.144729997264,47094.341511498795,44517.57056272539,10069.571182189124,2697.465882229128,0,1
2025-06-17,12,Sall,2209.944888549194,38443.158940010006,46949.53425920551,40199.95702825142,7050.0,2697.465882229128,0,0
2025-06-17,18,Sall,96.57473206648956,18601.44117902827,22085.548788162047,19320.53499558525,10800.0,2697.465882229128,0,0
2025-06-18,0,Sall,0.0,55257.78322574057,58326.574428741544,55875.84465414004,2657.5411241754073,2657.5411241754073,0,0
2025-06-18,6,Sall,1539.0659157778018,43847.720635905935,50887.412993181526,45364.64093791534,10111.346396575978,2657.5411241754073,0,0
2025-06-18,12,Sall,2580.86169247411,36733.420804421236,45377.37913503096,38573.73037809791,7050.000000000001,2657.5411241754073,0,3
2025-06-18,18,Sall,98.37747468084741,19008.107921390096,25022.990748424134,20307.96178188487,10795.195881142896,2657.5411241754073,0,0
2025-06-19,0,Sall,0.0,51895.69102201274,54400.69355213778,52400.80359726795,2477.2768513630003,2477.2768513630003,0,3
2025-06-19,6,Sall,5845.632832531084,37357.47468026746,43907.25004281905,38684.14338123099,10056.453787404145,2477.2768513630003,0,0
2025-06-19,12,Sall,3179.5022070457067,36697.16567191669,45721.57672086694,38936.69700806211,7011.463952253287,2477.2768513630003,0,0
2025-06-19,18,Sall,527.4310537540872,18685.334568150294,24921.205395360244,20045.378355204568,10800.0,2477.2768513630003,0,0
2025-06-20,0,Sall,0.0,24053.360435403654,25269.99151284355,24299.051591447504,2266.899044209103,2266.899044209103,0,27
2025-06-20,6,Sall,429.33765146961343,15319.585357507478,16101.804566243556,15478.253194701707,2640.865372189259,2266.899044209103,0,4
2025-06-20,12,Sall,98.76077697717976,15673.918307346936,20108.375755817277,16608.36201892537,7346.647230479295,2266.899044209103,0,12
2025-06-20,18,Sall,52.90382226674154,10641.249189108328,14131.546448393903,11395.616535250201,10800.000000000002,2266.899044209103,0,6
2025-06-21,0,Sall,0.0,23907.738653875105,24764.597809625662,24081.506719132612,2162.869616352199,2162.869616352199,0,0
2025-06-21,6,Sall,1553.2212066080328,14625.566386776984,14916.835587628679,14686.010825816778,2679.645223455819,2162.869616352199,0,4
2025-06-21,12,Sall,605.5575925272306,14763.853124501036,14971.470365716938,14806.973216474644,5417.166837551277,2162.869616352199,0,0
2025-06-21,18,Sall,1035.0587380327697,11460.807010565319,12938.250193842377,11757.255190305434,10672.861908593444,2162.869616352199,0,0
2025-06-22,0,Sall,0.0,50807.64993007641,55209.52784898685,51692.06784719179,2162.8696163521995,2162.8696163521995,0,0
2025-06-22,6,Sall,6985.307657338118,39561.551038116755,42801.30682413778,40450.003971435355,10131.755352357666,2162.8696163521995,0,0
2025-06-22,12,Sall,1914.7191359746041,34760.30703143999,43914.198503563326,36592.77607116633,8112.843281954737,2162.8696163521995,0,0
2025-06-22,18,Sall,603.6894901443018,17856.35675099428,18206.949198271046,17927.44251504087,10731.239231714277,2162.8696163521995,0,0
2025-06-23,0,Sall,0.0,50802.272613372224,52791.79958994211,51204.35066002369,2162.8696163521986,2162.8696163521986,0,27
2025-06-23,6,Sall,1304.0407057044772,37264.402493881484,41996.75030418083,38213.858192142296,10074.583449053982,2162.8696163521986,0,24
2025-06-23,12,Sall,1612.7079361458223,32254.93966959744,38684.905956493996,33566.04707629957,7820.619451858191,2162.8696163521986,0,7
2025-06-23,18,Sall,143.63954837968146,17907.39307667899,21722.925359659443,18716.788032650875,10799.47237269205,2162.8696163521986,0,9
2025-06-24,0,Sall,0.0,58850.26254806671,61143.33958368882,59313.37278852448,2077.640020834445,2077.640020834445,0,29
2025-06-24,6,Sall,3107.476556854702,43118.716160643125,48102.97504853122,44136.50267801513,10094.875583708434,2077.640020834445,0,7
2025-06-24,12,Sall,1460.5694421251308,35502.432638727114,36527.30885891841,35709.24883904896,7050.0,2077.640020834445,0,29
2025-06-24,18,Sall,80.30681872560584,17737.786022524193,18653.070737877933,17921.813703076765,10800.0,2077.640020834445,0,24
2025-06-25,0,Sall,0.0,52875.029974409954,59238.91747623997,54151.936814709916,2077.640020834445,2077.640020834445,0,50
2025-06-25,6,Sall,1967.8402425217353,39933.980554049835,45546.43366321123,41059.485746584316,10092.286487273032,2077.640020834445,0,15
2025-06-25,12,Sall,858.5916357724109,33199.26871799524,39760.75650266545,34513.21034088811,7526.1338186527655,2077.640020834445,0,16
2025-06-25,18,Sall,146.89104326342238,18454.946215158234,21389.826814455188,19042.867120966905,10513.882687075484,2077.640020834445,0,18
2025-06-26,0,Sall,0.0,51041.485332696204,56047.36861537593,52046.77404362237,2077.640020834443,2077.640020834443,0,91
2025-06-26,6,Sall,465.19943501438735,37566.13247210405,44266.7571017955,38909.159754583736,10058.647082226084,2077.640020834443,0,19
2025-06-26,12,Sall,735.1211637556397,31475.160043576772,37580.26944494881,32721.942182554496,7937.183094165165,2077.640020834443,0,26
2025-06-26,18,Sall,1379.5365738735622,20079.872897112044,20624.5776058332,20636.11500884482,10750.838776428262,2077.640020834443,0,24
2025-06-27,0,Sall,0.0,24101.158958886557,27589.50721275405,24801.36804607525,1238.2405400448406,1238.2405400448406,0,71
2025-06-27,6,Sall,1256.5135389853767,14137.93287206488,16428.6588003759,14598.122466597604,3467.3607159760113,1238.2405400448406,0,54
2025-06-27,12,Sall,687.7875296348403,14376.366401967043,18188.48810529578,15140.11100704123,6823.921825117723,1238.2405400448406,0,33
2025-06-27,18,Sall,653.3311481854124,9485.117971318641,9773.37753587295,9543.638433555016,10768.234120603167,1238.2405400448406,0,40
2025-06-28,0,Sall,0.0,21707.196499609105,25589.78262793026,22486.05969686459,1238.2405400448397,1238.2405400448397,0,77
2025-06-28,6,Sall,367.06096407870916,13939.38072762539,17638.99566639813,14681.406492301958,2473.6670677015945,1238.2405400448397,0,44
2025-06-28,12,Sall,286.7943055199923,12654.111603059362,13092.867165392829,12743.198412251519,6865.481253886455,1238.2405400448397,0,48
2025-06-28,18,Sall,27.469869749842758,9021.273988546787,12123.519779269067,9642.598557111438,10800.0,1238.2405400448397,0,51
2025-06-29,0,Sall,0.0,47858.368512213434,53671.9083129017,49024.967938721835,1238.2405400448379,1238.2405400448379,0,129
2025-06-29,6,Sall,5073.480471440833,38804.82040873393,45004.92177474283,40067.97219301471,10082.25600001342,1238.2405400448379,0,75
2025-06-29,12,Sall,2509.9054017194358,32238.66882124876,33720.81603516031,32536.668671015086,7267.399534014144,1238.2405400448379,0,54
2025-06-29,18,Sall,178.1982329038962,17095.486749826625,17773.88818779491,17232.044696171346,10693.761865254324,1238.2405400448379,0,60
2025-06-30,0,Sall,0.0,53954.61945551759,60195.271997565214,55206.96110641594,1238.240540044839,1238.240540044839,0,160
2025-06-30,6,Sall,3001.8205245399004,38352.94485017592,43170.89379408617,39319.45088846952,10058.148770073658,1238.240540044839,0,65
2025-06-30,12,Sall,1364.4916062362759,32895.89332752332,34212.20291634108,33160.75544301295,6570.52480031547,1238.240540044839,0,63
2025-06-30,18,Sall,135.74105104669405,18187.54514478014,24351.67367464958,19441.569704448048,10705.265032660855,1238.240540044839,0,65
2025-07-01,0,Sall,0.0,46594.96590738387,51317.318778099296,47543.39075414976,1200.0000000000005,1200.0000000000005,0,146
2025-07-01,6,Sall,1098.5215877628434,33354.5194529165,40001.189427154466,34686.530186469754,10119.397192667544,1200.0000000000005,0,87
2025-07-01,12,Sall,458.7367416527619,29056.14262335134,30028.208060705132,29251.930562878024,7078.873160762991,1200.0000000000005,0,90
2025-07-01,18,Sall,21.891210743729832,17334.77575963774,18020.449270510177,17472.76910714382,10645.13226530621,1200.0000000000005,0,85
2025-07-02,0,Sall,0.0,57326.551495484564,69150.44785361415,59695.32256154002,1200.0000000000005,1200.0000000000005,0,234
2025-07-02,6,Sall,1282.1803450802672,39289.24058904069,40318.99577916124,39497.867854724034,10011.416427993587,1200.0000000000005,0,107
2025-07-02,12,Sall,759.1776090585794,36480.67583318786,42541.55054784224,37694.30689921805,7366.810962811881,1200.0000000000005,0,117
2025-07-02,18,Sall,26.038551712686797,21867.341093564057,25371.598524519417,22569.062545988887,10799.999999999998,1200.0000000000005,0,93
2025-07-03,0,Sall,0.0,64554.68834688924,80923.39022041747,67832.8719744307,1200.000000000001,1200.000000000001,0,203
2025-07-03,6,Sall,618.8869171480441,47089.40305443123,55770.46562124787,48828.95910870906,10015.921463027096,1200.000000000001,0,111
2025-07-03,12,Sall,1414.5352053862507,38916.04371154728,44324.91981435125,39999.594401121365,7289.965957662702,1200.000000000001,0,93
2025-07-03,18,Sall,477.17940676243177,21088.860076658086,21442.193701323555,21160.390977851614,10791.115092575996,1200.000000000001,0,87
2025-07-04,0,Sall,0.0,26834.514895361765,37621.121562875946,28994.32675466579,1200.0000000000018,1200.0000000000018,0,200
2025-07-04,6,Sall,447.1714727836942,17114.69159399774,19228.771362236854,17539.603836914823,3197.3446716365906,1200.0000000000018,0,112
2025-07-04,12,Sall,634.1879252703686,16882.179073593627,21111.145205094654,17729.220687292913,7658.546910039991,1200.0000000000018,0,82
2025-07-04,18,Sall,491.22089858469093,12284.225361177289,12388.253562332993,12305.89488393612,10797.758838259662,1200.0000000000018,0,91
2025-07-05,0,Sall,0.0,30851.290092929015,31453.80521787295,30974.516370143905,1200.0000000000014,1200.0000000000014,0,171
2025-07-05,6,Sall,3577.2184733159775,17617.00341895812,18328.419334228238,17761.457246047637,4050.471619240295,1200.0000000000014,0,72
2025-07-05,12,Sall,1182.9443958089857,17623.42708294302,18141.17660579435,17728.57368826437,4219.243379718659,1200.0000000000014,0,100
2025-07-05,18,Sall,1996.9881946981072,13704.854532138734,13735.249079118426,13711.800269826586,10799.999999999998,1200.0000000000014,0,85
2025-07-06,0,Sall,0.0,58838.027810035965,70957.59716020938,61266.313621482564,1200.0000000000032,1200.0000000000032,0,180
2025-07-06,6,Sall,2885.267707780379,44710.75206654855,53934.78587205929,46558.685779668696,9953.442478897503,1200.0000000000032,0,111
2025-07-06,12,Sall,2627.0411312921146,41955.397687042045,52257.16852064013,44017.58680300619,6302.1996220054825,1200.0000000000032,0,87
2025-07-06,18,Sall,229.44108033096458,21071.17498950395,25872.013030583403,22032.214824703733,10800.0,1200.0000000000032,0,87
2025-07-07,0,Sall,0.0,57603.36779610733,68045.82440410624,59696.05369930395,1200.0,1200.0,0,254
2025-07-07,6,Sall,5359.745204832598,38769.97931049061,44232.11227955998,39865.188166207365,10062.496354116014,1200.0,0,88
2025-07-07,12,Sall,1525.0155638320982,36591.80994972675,42185.15124072476,37711.98878408366,7800.0,1200.0,0,100
2025-07-07,18,Sall,80.41879574952051,21271.412344256227,27003.43404008143,22418.68367232743,10800.0,1200.0,0,94
2025-07-08,0,Sall,0.0,70085.7880664959,80914.01637443574,72255.87106963582,1200.000000000001,1200.000000000001,0,163
2025-07-08,6,Sall,7432.542732291067,48389.127479062256,49696.21551565601,48653.66250602146,9874.074074074075,1200.000000000001,0,92
2025-07-08,12,Sall,3400.649851512378,43904.10266533579,53182.33305059681,45761.53554151771,6450.000000000001,1200.000000000001,0,105
2025-07-08,18,Sall,34.439670526205276,24111.396094881547,30138.558098770816,25317.714100483507,10783.275061377755,1200.000000000001,0,123
2025-07-09,0,Sall,0.0,60179.58902056065,63325.86086873761,60813.16951239409,1200.0,1200.0,0,212
2025-07-09,6,Sall,3109.5936451276357,41970.33016884957,44660.21375836528,42511.321805221036,9993.510505288645,1200.0,0,123
2025-07-09,12,Sall,2344.178123551854,40348.895547117085,49548.95452280587,42190.54899438064,7050.000000000001,1200.0,0,80
2025-07-09,18,Sall,754.6976923535309,21023.422591225557,21586.836337954923,21136.988156443746,10800.000000000004,1200.0,0,119
2025-07-10,0,Sall,0.0,58528.054659507834,68845.2004165635,60595.73128833767,1200.000000000001,1200.000000000001,0,179
2025-07-10,6,Sall,1321.8447708598924,42133.29831870875,52882.13962412892,44286.2106810434,9988.204121589453,1200.000000000001,0,115
2025-07-10,12,Sall,3658.9740020072227,41394.063690808616,41479.58418208339,41412.78441109983,6968.012750631091,1200.000000000001,0,109
2025-07-10,18,Sall,2052.492395778728,21432.860835786523,24784.799395749997,22104.12618237368,10800.0,1200.000000000001,0,109
2025-07-11,0,Sall,0.0,33398.0794378339,44419.914738854015,35605.23285392932,1200.000000000003,1200.000000000003,0,242
2025-07-11,6,Sall,596.1037494420452,20779.008942939243,28481.683126082247,22321.590725338276,6341.401676984429,1200.000000000003,0,87
2025-07-11,12,Sall,2000.6784827867375,19223.17337843003,20206.713018466628,19421.093369782157,7745.582743756821,1200.000000000003,0,90
2025-07-11,18,Sall,325.2608944509104,14209.770226550963,20519.05487099332,15472.491155439426,10800.0,1200.000000000003,0,100
2025-07-12,0,Sall,0.0,28861.892536874137,36854.20299025524,30462.900070043575,1200.0,1200.0,0,194
2025-07-12,6,Sall,608.6063342021835,19755.979729357703,30505.24179688547,21907.96244960314,3414.5785193534384,1200.0,0,99
2025-07-12,12,Sall,686.3966226769123,19820.816599997575,30879.073895786656,22033.850861927767,6268.7656198341365,1200.0,0,93
2025-07-12,18,Sall,140.8704329123746,13282.230786822905,16658.526375016074,13958.363995646223,10790.349075370372,1200.0,0,93
2025-07-13,0,Sall,0.0,64116.3141285891,76831.92502470809,66663.74360860419,1200.000000000001,1200.000000000001,0,174
2025-07-13,6,Sall,8269.375260178675,43522.77465274727,48034.5584586827,44428.05161274503,9967.922312671435,1200.000000000001,0,75
2025-07-13,12,Sall,4032.249548708678,37876.79677672926,38199.985559696244,37942.8562695376,6796.114433238159,1200.000000000001,0,86
2025-07-13,18,Sall,504.7611318512177,22112.629811848856,24763.840918129637,22643.750087875567,10799.999999999998,1200.000000000001,0,103
2025-07-14,0,Sall,0.0,60022.53084813796,71558.73106895569,62333.81322563486,1199.9999999999998,1199.9999999999998,0,202
2025-07-14,6,Sall,6807.040640042415,39858.15947802175,40771.28202998298,40043.722175219904,9989.762675536875,1199.9999999999998,0,102
2025-07-14,12,Sall,1015.4354197390282,36160.850282299034,37323.95169337467,36395.025993936615,7026.276477316825,1199.9999999999998,0,105
2025-07-14,18,Sall,501.6328390951354,21752.78956621326,24366.56220879137,22276.422925214767,10799.999999999996,1199.9999999999998,0,89
2025-07-15,0,Sall,0.0,61682.91670192548,65246.20051499292,62399.79766777727,1199.9999999999984,1199.9999999999984,0,142
2025-07-15,6,Sall,7705.260528804483,41583.1531403225,43772.915945525696,42023.88200150056,9986.333046082733,1199.9999999999984,0,88
2025-07-15,12,Sall,1952.9121264436276,37976.4223381456,39427.0048597026,38268.03720856722,7538.000223144476,1199.9999999999984,0,69
2025-07-15,18,Sall,73.25827643614491,22410.166941279847,26438.732946323235,23216.765911898096,10777.176879718012,1199.9999999999984,0,99
2025-07-16,0,Sall,0.0,59068.86726955308,70729.29954584315,61405.04917137607,1199.999999999999,1199.999999999999,0,162
2025-07-16,6,Sall,2401.3366728123146,40558.61438376393,46386.793701289724,41727.10625465539,9984.433831184322,1199.999999999999,0,104
2025-07-16,12,Sall,649.1383307378918,38195.04825953537,46046.50903588017,39766.88329260869,7972.578918939195,1199.999999999999,0,66
2025-07-16,18,Sall,197.28895339026874,21330.3887583739,22074.66183569045,21480.119390522104,10745.112184943018,1199.999999999999,0,74
2025-07-17,0,Sall,0.0,58411.004615216356,70738.57256932295,60880.575961467286,1200.0,1200.0,0,158
2025-07-17,6,Sall,616.1402564614342,42076.85912718686,54133.09204003225,44490.993859498696,9967.113881482146,1200.0,0,80
2025-07-17,12,Sall,770.1365858944273,37931.79629361087,47604.70059657097,39867.94644575054,7275.2877772298325,1200.0,0,66
2025-07-17,18,Sall,624.8486267152855,21187.092226564848,21570.203383878707,21264.576151606598,10774.373099825896,1200.0,0,80
2025-07-18,0,Sall,0.0,34146.87901076074,37990.24759860244,34918.33412622049,1200.000000000001,1200.000000000001,0,136
2025-07-18,6,Sall,2273.6143551707833,20999.851594613287,26730.022615494177,22147.970740654964,5430.475590231194,1200.000000000001,0,82
2025-07-18,12,Sall,1459.3594376428932,20982.27547695918,29181.822468443606,22623.469401010723,7076.543437709185,1200.000000000001,0,74
2025-07-18,18,Sall,344.86280652933283,13612.60351259378,14798.153836699743,13850.579958495608,10786.931422443018,1200.000000000001,0,68
2025-07-19,0,Sall,0.0,35517.76161561998,45495.348112776286,37515.920392425214,1199.9999999999995,1199.9999999999995,0,92
2025-07-19,6,Sall,5719.488487399047,20543.298534501788,21300.249638652847,20696.701552518705,4115.3554265002385,1199.9999999999995,0,56
2025-07-19,12,Sall,2255.497963868537,21944.57232035631,27515.144047254216,23060.10144340886,5899.804564573356,1199.9999999999995,0,72
2025-07-19,18,Sall,1.9326762412674725e-12,14377.501072658819,18922.408706070764,15287.351620386133,10775.561966734547,1199.9999999999995,0,69
2025-07-20,0,Sall,0.0,60754.78613429434,72006.4078599702,63009.38488861173,1200.000000000003,1200.000000000003,0,167
2025-07-20,6,Sall,3216.0608702697828,42424.81645775652,48499.53844531245,43642.90453555868,9956.097975696563,1200.000000000003,0,69
2025-07-20,12,Sall,2199.146858622897,38247.72847161438,43751.87879148844,39350.18165610437,6521.986346776583,1200.000000000003,0,23
2025-07-20,18,Sall,118.97549828582689,21698.943487463825,24448.879973060437,22249.805433194433,10678.683265947237,1200.000000000003,0,45
2025-07-21,0,Sall,0.0,61732.89268412603,75578.03676293684,64506.07452565684,1199.9999999999998,1199.9999999999998,0,146
2025-07-21,6,Sall,4916.736816794614,42277.6004936414,46960.73951241966,43217.12013834514,9958.348347018875,1199.9999999999998,0,66
2025-07-21,12,Sall,2088.6443626605765,38649.04534323992,39015.248915628996,38723.88183800111,7050.000000000001,1199.9999999999998,0,30
2025-07-21,18,Sall,279.71904141470156,21721.78314546376,27209.006809503764,22820.091727820465,10701.099971412466,1199.9999999999998,0,55
2025-07-22,0,Sall,0.0,55304.05255663909,57600.328426119166,55767.477668032356,1199.9999999999973,1199.9999999999973,0,93
2025-07-22,6,Sall,5174.298924403832,45642.50852977673,50788.24123938794,46674.81425108496,10031.943493112512,1199.9999999999973,0,38
2025-07-22,12,Sall,5355.1265854501125,35270.76951525934,35801.418582328246,35378.57170338872,7316.347353301957,1199.9999999999973,0,56
2025-07-22,18,Sall,99.5222810170257,20954.35976024972,24943.713401486217,21753.099912255675,10800.000000000004,1199.9999999999973,0,46
2025-07-23,0,Sall,0.0,65688.94558742133,76879.1298127076,67931.49868672897,1200.0,1200.0,0,85
2025-07-23,6,Sall,10121.254533560275,44757.20778940983,49493.85212711716,45707.676993351655,9919.80314144909,1200.0,0,35
2025-07-23,12,Sall,1599.061432824534,39812.79157137856,45259.34812710268,40903.714543777955,6986.635177643254,1200.0,0,24
2025-07-23,18,Sall,83.54826534935904,20918.05955684429,21319.261958507777,20999.172712285526,10767.13096547572,1200.0,0,38
2025-07-24,0,Sall,0.0,67053.72334809261,79029.34874389772,69453.27051504853,1200.0,1200.0,0,50
2025-07-24,6,Sall,8061.655817352686,46089.27522117505,50489.272666512974,46972.396430175075,9949.549687234658,1200.0,0,37
2025-07-24,12,Sall,1554.84109857606,42822.52261516677,48390.412498714926,43937.83931966497,7108.013119552274,1200.0,0,54
2025-07-24,18,Sall,595.3316126156816,21246.51070054433,21648.288296012266,21327.73023526108,10758.776715000002,1200.0,0,31
2025-07-25,0,Sall,0.0,28165.81326516742,30772.608318398994,28689.614951577718,1200.0000000000007,1200.0000000000007,0,44
2025-07-25,6,Sall,264.4390520149044,17884.393347195746,19839.079319331195,18277.465927326204,2846.6203350240216,1200.0000000000007,0,33
2025-07-25,12,Sall,473.0335178006793,18011.662436480066,23660.71390619858,19142.66896724981,7880.725376206091,1200.0000000000007,0,25
2025-07-25,18,Sall,190.06590965010008,13545.733956041602,19985.18587179747,14834.488467287969,10798.847143196817,1200.0000000000007,0,45
2025-07-26,0,Sall,0.0,29429.119077530995,39444.476070600576,31434.76123023446,1200.0000000000011,1200.0000000000011,0,67
2025-07-26,6,Sall,999.1425617067387,18898.406656007526,27543.553651984344,20629.60285102248,3685.479657424693,1200.0000000000011,0,26
2025-07-26,12,Sall,1036.5072480394365,17852.745657260533,24056.94240863937,19094.87765140488,7060.9757370884,1200.0000000000011,0,7
2025-07-26,18,Sall,3.195786805964758,13000.41179786188,16936.61106794155,13788.527390567702,10776.090429089027,1200.0000000000011,0,25
2025-07-27,0,Sall,0.0,57877.80209872247,70013.19677320331,60309.06661239744,1200.0000000000016,1200.0000000000016,0,39
2025-07-27,6,Sall,2310.2313702750075,40782.14409503838,48260.84066887133,42280.79078616024,9949.082741987342,1200.0000000000016,0,13
2025-07-27,12,Sall,459.6762725661011,35786.62050023839,43258.625002296045,37282.575034555906,7156.265804320577,1200.0000000000016,0,16
2025-07-27,18,Sall,61.567101043203934,20536.446586367172,21194.047603026367,20668.848368966206,10771.583175574568,1200.0000000000016,0,13
2025-07-28,0,Sall,0.0,60555.66136930287,63800.70992057603,61209.02190667568,1200.0000000000011,1200.0000000000011,0,36
2025-07-28,6,Sall,1956.8875330689111,44709.52739922281,52507.84712379024,46272.273005531664,9990.42324022827,1200.0000000000011,0,19
2025-07-28,12,Sall,2715.163598807603,37403.766385180854,39674.14248158161,37859.444077949265,7029.192178877647,1200.0000000000011,0,14
2025-07-28,18,Sall,240.99701124379658,21383.999576821112,28164.256548578145,22740.9045241289,10683.921737620445,1200.0000000000011,0,17
2025-07-29,0,Sall,0.0,56312.6514763393,60177.86054983689,57089.755051561704,1200.0000000000023,1200.0000000000023,0,3
2025-07-29,6,Sall,1509.105213633383,42495.61139805914,44358.20822003206,42871.099155310985,10001.753880809774,1200.0000000000023,0,3
2025-07-29,12,Sall,1229.5266271834394,38652.13057346984,52836.83834486127,41490.698866913895,5908.891753271233,1200.0000000000023,0,14
2025-07-29,18,Sall,611.9436049878608,20316.96562534868,21584.522443048514,20571.35867469781,10800.000000000004,1200.0000000000023,0,4
2025-07-30,0,Sall,0.0,54202.89810769515,65195.67654530326,56405.38459827733,1200.0000000000007,1200.0000000000007,0,17
2025-07-30,6,Sall,4877.444672671467,43782.313565062796,52784.43130617446,45585.65385050284,9972.522485992951,1200.0000000000007,0,8
2025-07-30,12,Sall,1533.3006302810613,38636.68652853375,52754.81797466013,41461.93610147461,6450.000000000002,1200.0000000000007,0,15
2025-07-30,18,Sall,141.3449027011575,20945.823720977176,24713.48564974742,21700.231994681624,10800.0,1200.0000000000007,0,9
2025-07-31,0,Sall,0.0,55794.0139692609,66075.7508659951,57854.51471020742,1200.0,1200.0,0,15
2025-07-31,6,Sall,745.4158500591245,41023.577807794296,51129.747400759385,43047.81960549239,9997.833595775037,1200.0,0,4
2025-07-31,12,Sall,654.471162613559,36938.87691266306,44453.58808073322,38443.48692238785,7027.029570027878,1200.0,0,3
2025-07-31,18,Sall,188.26497111382233,21130.86090582896,27021.259783764755,22309.81251139693,10767.49479370314,1200.0,0,7
2025-08-01,0,Sall,0.0,27335.71748991469,28535.046264283552,27577.93263349183,1200.000000000003,1200.000000000003,0,7
2025-08-01,6,Sall,1373.3929259216138,16671.19166660252,18127.661805005762,16964.54679110338,2485.901113219353,1200.000000000003,0,1
2025-08-01,12,Sall,392.0505877775482,16479.603858276416,17748.653318598946,16734.878877298135,5414.110166241522,1200.000000000003,0,0
2025-08-01,18,Sall,17.962109579142066,11973.78436690201,12653.792583835178,12110.676316822433,10800.0,1200.000000000003,0,0
2025-08-02,0,Sall,0.0,29775.20168516716,32714.086953322265,30365.557311708926,1200.0000000000036,1200.0000000000036,0,18
2025-08-02,6,Sall,3079.3409723889336,17514.402673686287,18964.596310768757,17806.45986206263,3925.164659822462,1200.0000000000036,0,1
2025-08-02,12,Sall,264.96417776927603,17586.10320476633,18303.17706781831,17731.21930106538,3664.1210005223083,1200.0000000000036,0,2
2025-08-02,18,Sall,61.73822398128459,11880.739471610066,12259.561069134563,11957.388700899657,10782.519453574903,1200.0000000000036,0,3
2025-08-03,0,Sall,0.0,48709.837008548464,53325.15455926281,49636.469535154894,1200.0000000000023,1200.0000000000023,0,3
2025-08-03,6,Sall,1885.9629459923276,32911.37615992446,34242.289946531244,33179.972455461204,9963.569831940167,1200.0000000000023,0,1
2025-08-03,12,Sall,1980.5697835396963,31010.8854311986,32726.169153060564,31355.28184596375,7014.606677672187,1200.0000000000023,0,0
2025-08-03,18,Sall,37.887980758502266,20103.13577707577,20991.23112683654,20281.64786708504,10776.397416599973,1200.0000000000023,0,0
2025-08-04,0,Sall,0.0,52948.21590105858,54369.12881031115,53236.24883802647,1200.0,1200.0,0,22
2025-08-04,6,Sall,699.8416969348405,36516.832562979704,37607.78983618921,36737.656781793914,9990.81934412546,1200.0,0,15
2025-08-04,12,Sall,4253.335227716601,33165.034759918766,33647.76960977283,33262.933915148584,6960.019282592445,1200.0,0,5
2025-08-04,18,Sall,100.00234752401218,20098.698270366454,21253.390998805357,20330.50521203773,10800.0,1200.0,0,4
2025-08-05,0,Sall,0.0,51913.96620680195,55171.34799574504,52569.44268671887,1199.9999999999993,1199.9999999999993,0,17
2025-08-05,6,Sall,10.868465963511909,36291.92929834857,39215.70734651263,36879.375811765356,10009.063813713557,1199.9999999999993,0,3
2025-08-05,12,Sall,2149.4776961717107,33070.46526837935,33981.653883350176,33254.06894671621,7285.868249076254,1199.9999999999993,0,3
2025-08-05,18,Sall,38.22964797572388,20269.32203324548,20961.04062977033,20408.563170532772,10777.151434847792,1199.9999999999993,0,7
2025-08-06,0,Sall,0.0,55737.11885278566,57455.62818015186,56084.88025150588,1200.0000000000007,1200.0000000000007,0,33
2025-08-06,6,Sall,5337.161844444472,37293.0910895789,38587.77981979702,37554.777835977264,10072.648630914384,1200.0000000000007,0,0
2025-08-06,12,Sall,931.7283821165123,36191.39047724273,37493.22688502883,36453.36009455341,6781.94693712755,1200.0000000000007,0,8
2025-08-06,18,Sall,85.07257441849566,19534.60793881417,20641.211896966026,19756.80414536474,10800.0,1200.0000000000007,0,4
2025-08-07,0,Sall,0.0,54421.36168605404,55944.395472753036,54730.01162711944,1200.000000000001,1200.000000000001,0,6
2025-08-07,6,Sall,8667.859589073709,36951.928697709045,38052.988628738334,37174.882191637465,10042.40558832819,1200.000000000001,0,2
2025-08-07,12,Sall,3371.827075077446,33517.01766304547,34638.87108378142,33742.75093298024,7031.782494815246,1200.000000000001,0,18
2025-08-07,18,Sall,84.67699632073132,19827.99186087776,20577.318514455015,19978.73149050016,10771.70327112104,1200.000000000001,0,10
2025-08-08,0,Sall,0.0,25785.70406981871,26973.846567173365,26025.878045686328,1200.0,1200.0,0,37
2025-08-08,6,Sall,516.0685669823414,15634.967788272052,16516.973033224433,15813.50000334015,3328.313687349204,1200.0,0,10
2025-08-08,12,Sall,285.1074977999964,15451.708817403798,16087.729363429273,15580.477795887906,4604.628033310391,1200.0,0,5
2025-08-08,18,Sall,47.65790116818829,11746.462885267809,12318.709532167111,11861.783435901123,10792.163576450614,1200.0,0,9
2025-08-09,0,Sall,0.0,25054.24948462272,25809.136976709447,25207.692810398526,1199.9999999999998,1199.9999999999998,0,41
2025-08-09,6,Sall,359.05201801410277,15007.603564747074,15669.859601573571,15142.151336009325,2929.979174911639,1199.9999999999998,0,9
2025-08-09,12,Sall,261.92593077901665,15046.612937062699,16041.977286626478,15247.37360809277,3472.968581944122,1199.9999999999998,0,19
2025-08-09,18,Sall,63.93662705070051,11316.125429253141,11907.287595802098,11435.234769388713,10789.750549749495,1199.9999999999998,0,16
2025-08-10,0,Sall,0.0,52412.50318317465,54617.063789357104,52857.20251046339,1200.0000000000025,1200.0000000000025,0,42
2025-08-10,6,Sall,2121.1803633450118,35197.66525026823,36229.238253276686,35406.56071610076,9960.37698442653,1200.0000000000025,0,11
2025-08-10,12,Sall,2140.2931278777733,33708.35616452624,34691.45937314819,33906.28173307448,7375.136081984178,1200.0000000000025,0,20
2025-08-10,18,Sall,108.62150518172412,20218.13247966627,21045.731525246345,20384.529792184032,10793.915458142688,1200.0000000000025,0,15
2025-08-11,0,Sall,0.0,49623.09755863913,51380.29665393828,49978.400001429036,1200.0000000000007,1200.0000000000007,0,22
2025-08-11,6,Sall,555.7103008673382,34734.006958494436,36499.435517389895,35089.74958043297,9999.569130315573,1200.0000000000007,0,10
2025-08-11,12,Sall,1832.9747229230027,32439.93547996719,33106.63325027742,32574.601099356514,7088.196447865229,1200.0000000000007,0,20
2025-08-11,18,Sall,137.87151347343706,19673.140011857948,20391.358916769565,19817.6542002782,10791.532587600872,1200.0000000000007,0,15
2025-08-12,0,Sall,0.0,54326.96838391773,56277.36933011519,54721.01796564869,1200.0000000000018,1200.0000000000018,0,24
2025-08-12,6,Sall,4695.8988547587505,38303.189100556265,39770.56206155152,38599.42357157536,10025.87231928346,1200.0000000000018,0,39
2025-08-12,12,Sall,2332.8931038938144,34331.94675401723,35516.58507904214,34570.258451061774,7559.587238481299,1200.0000000000018,0,22
2025-08-12,18,Sall,90.18740218086052,19837.25894663687,20859.203483364476,20042.52245008408,10758.834361064188,1200.0000000000018,0,30
2025-08-13,0,Sall,0.0,49331.3040398333,51811.25661362049,49831.07184245228,1200.0000000000007,1200.0000000000007,0,44
2025-08-13,6,Sall,147.80912672181296,33388.27081936599,35256.27255991517,33764.369085544095,9998.579854958967,1200.0000000000007,0,5
2025-08-13,12,Sall,308.03595508257973,31670.842325095702,33058.420256876816,31949.6848498489,7344.771073992559,1200.0000000000007,0,12
2025-08-13,18,Sall,83.98891409589955,19832.749554245533,20866.420294948042,20040.355536624622,10755.871786425509,1200.0000000000007,0,11
2025-08-14,0,Sall,0.0,51819.760355543156,52781.0253764898,52015.996928815635,1200.0,1200.0,0,99
2025-08-14,6,Sall,1779.528528806567,37585.582881833776,39257.37547263826,37922.851239242846,9920.169957924512,1200.0,0,37
2025-08-14,12,Sall,2093.7584565370416,33077.734979596564,33936.55294042093,33250.87554745915,6583.4459138184575,1200.0,0,31
2025-08-14,18,Sall,60.211851765581656,19610.00313701773,20141.066977204544,19717.085739724538,10793.809614824106,1200.0,0,34
2025-08-15,0,Sall,0.0,26830.822375427826,28111.691400691863,27089.5250755952,1200.0000000000023,1200.0000000000023,0,82
2025-08-15,6,Sall,1500.4575420258188,16506.76936074191,17054.903861248335,16618.52280070267,3143.267693246304,1200.0000000000023,0,27
2025-08-15,12,Sall,486.0999892503566,16058.78375488088,16637.193877664493,16176.038843568762,4583.500964035104,1200.0000000000023,0,20
2025-08-15,18,Sall,6.980851762394792,11286.130227729804,11709.99839677465,11371.78483351501,10800.0,1200.0000000000023,0,14
2025-08-16,0,Sall,0.0,28115.141046070352,29530.422350868896,28400.60054283718,1200.000000000002,1200.000000000002,0,61
2025-08-16,6,Sall,3476.0112131111987,16923.55093148123,17715.660845564733,17084.05329245412,2622.81930138196,1200.000000000002,0,24
2025-08-16,12,Sall,370.0715446439631,16937.996828302916,17110.03845607917,16973.99072756303,4436.627414843769,1200.000000000002,0,38
2025-08-16,18,Sall,14.81241882264544,11516.172273958837,11870.560281422404,11587.941307332903,10799.895807544564,1200.000000000002,0,32
2025-08-17,0,Sall,0.0,52104.103018164016,55358.997352621984,52759.05390620782,1200.0000000000007,1200.0000000000007,0,66
2025-08-17,6,Sall,2599.0414977069418,35063.63944700881,35970.289088641366,35247.74588223834,9963.75772009565,1200.0000000000007,0,15
2025-08-17,12,Sall,3560.799885463936,32477.90119773862,33539.9862496204,32691.55834694664,7730.033818106978,1200.0000000000007,0,37
2025-08-17,18,Sall,82.23896603199728,19795.10698929474,20479.502849020268,19932.858652003077,10790.274502005208,1200.0000000000007,0,39
2025-08-18,0,Sall,0.0,51521.549738327056,54589.686453079936,52139.23609017772,1200.0000000000016,1200.0000000000016,0,102
2025-08-18,6,Sall,119.06787444105402,35601.583299852704,36760.4195468479,35836.17352644162,9972.782136128468,1200.0000000000016,0,56
2025-08-18,12,Sall,2711.068006969616,32449.491229241212,33197.4573272563,32600.423711540225,7218.0502456846725,1200.0000000000016,0,48
2025-08-18,18,Sall,70.32033517618383,19812.782296388155,20670.501036184898,19985.198697735555,10800.0,1200.0000000000016,0,42
2025-08-19,0,Sall,0.0,50034.87022994883,52267.461227394,50485.10216357188,1199.999999999999,1199.999999999999,0,59
2025-08-19,6,Sall,1039.5765441528106,33479.02835794798,34918.70035513715,33769.4344250154,9976.73719252396,1199.999999999999,0,17
2025-08-19,12,Sall,850.984044547768,32841.648002502945,33679.28295842552,33010.64239435808,6406.934425548681,1199.999999999999,0,20
2025-08-19,18,Sall,87.50568286080176,20010.131604006434,20518.41146038262,20112.662587277187,10793.593874856278,1199.999999999999,0,41
2025-08-20,0,Sall,0.0,55128.08497097983,57434.54857515865,55593.59792911049,1200.0,1200.0,0,109
2025-08-20,6,Sall,4768.219696242426,38302.536565579976,39893.65873537284,38623.68950900318,9943.80968531221,1200.0,0,62
2025-08-20,12,Sall,1204.692129921988,33574.913701907855,34096.12753164368,33680.5932280917,6587.124259728532,1200.0,0,61
2025-08-20,18,Sall,58.27779997132107,19831.921692558837,20546.38921792267,19975.69233041941,10688.270920805473,1200.0,0,50
2025-08-21,0,Sall,0.0,53360.555215338834,54600.38456849216,53612.602180746864,1200.0000000000007,1200.0000000000007,0,111
2025-08-21,6,Sall,4927.500129987546,35795.308438547385,36959.722418970356,36030.864971837036,9946.157588911436,1200.0000000000007,0,76
2025-08-21,12,Sall,874.7090295814519,33515.54078241625,34013.715308563274,33616.66112280881,6910.271871289304,1200.0000000000007,0,46
2025-08-21,18,Sall,17.01278156167018,20077.899709908044,20677.36615568372,20198.668913657886,10729.880818263533,1200.0000000000007,0,54
2025-08-22,0,Sall,0.0,26673.02412966493,27840.279720591876,26908.97108697388,1200.0000000000005,1200.0000000000005,0,97
2025-08-22,6,Sall,1778.7186419715472,15955.071752902431,16887.28184987092,16143.613389989729,2937.337461849057,1200.0000000000005,0,38
2025-08-22,12,Sall,269.9498944106308,16037.122385857872,16368.241080820877,16104.99364017805,3831.319951620774,1200.0000000000005,0,23
2025-08-22,18,Sall,63.24273826701349,11496.202481997721,12030.029713716356,11603.844372292635,10799.999999999998,1200.0000000000005,0,52
2025-08-23,0,Sall,0.0,25904.005965731267,26605.144090376274,26046.843362920485,1200.0000000000007,1200.0000000000007,0,96
2025-08-23,6,Sall,478.7684349501478,16273.078681853942,17259.724344499944,16472.550212825805,3538.513989677051,1200.0000000000007,0,58
2025-08-23,12,Sall,282.0611358840475,16305.972140637485,17453.768056983845,16537.04684214244,5026.894898391513,1200.0000000000007,0,67
2025-08-23,18,Sall,78.51844465288883,12098.923529939533,12547.2593994547,12189.471743918622,10756.156213305972,1200.0000000000007,0,59
2025-08-24,0,Sall,0.0,50267.05257295187,53788.3238925602,50975.28843983261,1200.000000000002,1200.000000000002,0,127
2025-08-24,6,Sall,3222.30407745971,33064.74855937178,33430.803561364475,33140.69433153361,9663.319270704345,1200.000000000002,0,53
2025-08-24,12,Sall,2616.778239529885,33558.37342366785,34344.57458442222,33717.157546127455,6293.636671167165,1200.000000000002,0,80
2025-08-24,18,Sall,53.955153569264866,19898.07421346662,20734.15648240081,20066.161461205495,10791.57903703704,1200.000000000002,0,74
2025-08-25,0,Sall,0.0,64555.437141902235,66613.61937172165,64971.54272473792,1200.0000000000005,1200.0000000000005,0,145
2025-08-25,6,Sall,12326.698049974122,43697.92279521956,45082.68558535335,43977.86161761764,9929.106429949132,1200.0000000000005,0,80
2025-08-25,12,Sall,2657.2650462433253,38144.43064461739,38582.49800024662,38233.51045311141,7752.3372348044795,1200.0000000000005,0,69
2025-08-25,18,Sall,22.9419650315088,19791.878571903253,20358.461397240637,19906.06752570987,10795.785374230441,1200.0000000000005,0,73
2025-08-26,0,Sall,0.0,52086.46056011685,53416.90385113819,52356.492283956584,1200.0,1200.0,0,161
2025-08-26,6,Sall,666.2508845087725,37238.20776433147,39602.28390245421,37713.925877914204,9956.80635858127,1200.0,0,70
2025-08-26,12,Sall,2743.0057944901896,33877.91692719832,34520.26045288131,34007.7031045929,7310.995988205368,1200.0,0,80
2025-08-26,18,Sall,140.3321209400373,20106.391084859453,20754.015172138243,20236.783981669007,10800.0,1200.0,0,72
2025-08-27,0,Sall,0.0,51762.04163972253,53083.09237941175,52030.13898804762,1200.0000000000023,1200.0000000000023,0,167
2025-08-27,6,Sall,5563.5714323151005,41631.080493715715,43248.14825594675,41957.37929218803,9956.1605140115,1200.0000000000023,0,88
2025-08-27,12,Sall,3674.1090446159665,33971.566296786084,35860.688980143575,34350.81529357608,7717.575282479813,1200.0000000000023,0,80
2025-08-27,18,Sall,75.56989391884686,19803.003648068894,20666.33883648783,19976.546815051308,10765.402523817955,1200.0000000000023,0,85
2025-08-28,0,Sall,0.0,50519.49509428398,51902.48839354047,50799.98422082251,1200.000000000001,1200.000000000001,0,136
2025-08-28,6,Sall,4773.245043969036,40516.890798664164,44731.48901789932,41362.77043796534,9949.484332084927,1200.000000000001,0,95
2025-08-28,12,Sall,2545.3342408325584,34238.86925791592,35612.64090554265,34515.05652985772,6665.655199231807,1200.000000000001,0,83
2025-08-28,18,Sall,2.477164631054933,19781.27388437755,20227.7780807973,19871.446411094134,10770.815945425173,1200.000000000001,0,84
2025-08-29,0,Sall,0.0,28607.67932317476,29419.71642949816,28772.822911833795,1200.0000000000005,1200.0000000000005,0,196
2025-08-29,6,Sall,1800.516460147192,17182.68167281712,17507.713641913684,17249.899153450813,4141.666346179397,1200.0000000000005,0,73
2025-08-29,12,Sall,444.8096769176886,17474.894340607378,17977.255026350067,17576.984329221534,4120.424848503957,1200.0000000000005,0,88
2025-08-29,18,Sall,33.991273633445076,11976.895579392767,12558.95711316727,12094.182654958064,10800.0,1200.0000000000005,0,88
2025-08-30,0,Sall,0.0,27697.955553313754,28631.16771651514,27887.254155782914,1200.0000000000018,1200.0000000000018,0,173
2025-08-30,6,Sall,1363.11059959751,16925.847877957105,17919.570151074502,17126.743178251505,3506.7240366620827,1200.0000000000018,0,93
2025-08-30,12,Sall,299.29859827803415,16841.641571463177,17214.73490350885,16917.76704191925,5160.110272606549,1200.0000000000018,0,87
2025-08-30,18,Sall,34.47555940990105,11584.980760360346,12558.342831668135,11780.531234181806,10770.277709370828,1200.0000000000018,0,82
2025-08-31,0,Sall,0.0,50896.591188358485,52990.4097556075,51319.02353654907,1200.0000000000027,1200.0000000000027,0,184
2025-08-31,6,Sall,619.2365691385322,35583.19025824121,37884.27829862819,36046.01591908366,9930.908256707226,1200.0000000000027,0,87
2025-08-31,12,Sall,274.7543836043096,33864.62511942505,34794.20495502366,34052.17831529496,4644.504352777901,1200.0000000000027,0,93
2025-08-31,18,Sall,3.0315619690355504,19785.128192989014,20300.964658907895,19889.16287095879,10793.940632780239,1200.0000000000027,0,95
2025-09-01,0,Sall,0.0,56290.50065714216,58935.11983348935,56823.500037435806,1200.0,1200.0,0,202
2025-09-01,6,Sall,7699.5414862115385,37279.00931668726,38250.56982086473,37476.09107236721,9890.569599815408,1200.0,0,88
2025-09-01,12,Sall,932.1739842860815,33822.765192754945,34884.454839275604,34036.51788895868,6545.161568058773,1200.0,0,102
2025-09-01,18,Sall,140.41275334289148,19750.936802997287,20366.43093714421,19874.908687357653,10746.378976264587,1200.0,0,103
2025-09-02,0,Sall,0.0,38812.94397087886,41373.580884178984,39328.94145199967,1200.0,1200.0,0,172
2025-09-02,6,Sall,3616.2406246351457,28576.63135529002,31147.59164034655,29093.595236559322,9919.236230445704,1200.0,0,92
2025-09-02,12,Sall,4132.938212097457,22223.98427943045,23734.040922616325,22527.328398170106,6843.196150612017,1200.0,0,82
2025-09-02,18,Sall,52.5817050908031,13191.83928605191,13876.05985346103,13329.55400657758,10769.405298696185,1200.0,0,88
2025-09-03,0,Sall,0.0,43963.59845085152,45258.77111528623,44226.27521522306,1200.0,1200.0,0,209
2025-09-03,6,Sall,3011.223871735153,29246.441738673486,33785.90517397533,30156.819039038888,9922.550731215706,1200.0,0,120
2025-09-03,12,Sall,814.6600716644048,27462.941736716883,31339.5980642979,28239.71785606807,6107.498815901114,1200.0,0,114
2025-09-03,18,Sall,61.513552128341246,15150.700753584875,15843.903983652526,15290.213622588559,10800.0,1200.0,0,117
2025-09-04,0,Sall,0.0,44121.530950527864,46653.16241622504,44631.73204833375,1200.0,1200.0,0,239
2025-09-04,6,Sall,920.2964878343346,29106.182477282906,31803.077188792737,29648.34936579208,9180.931295197312,1200.0,0,128
2025-09-04,12,Sall,2609.1323745041796,27597.308333956677,27997.291460477376,27678.693316580207,6486.141747219188,1200.0,0,119
2025-09-04,18,Sall,229.22181648102654,15874.366079350002,16094.497232681459,15919.276276744175,10791.004252297265,1200.0,0,120
2025-09-05,0,Sall,0.0,25182.286832785398,27525.59945418005,25653.57660692091,1200.000000000001,1200.000000000001,0,244
2025-09-05,6,Sall,1189.6488163318293,14886.67690084955,15718.10413677699,15055.111410419231,3545.7884929406823,1200.000000000001,0,102
2025-09-05,12,Sall,358.86229217447027,14404.183235622007,14705.229886764013,14466.143393732624,2861.9440154164204,1200.000000000001,0,101
2025-09-05,18,Sall,20.775020493860893,10228.818261284452,12115.683188284818,10607.066981633796,10800.0,1200.000000000001,0,113
2025-09-06,0,Sall,0.0,22034.39114740505,23419.512502416714,22313.887008535854,1200.0000000000018,1200.0000000000018,0,217
2025-09-06,6,Sall,673.7591153380604,13145.774623879588,14480.770986248304,13414.87502499596,2975.1757174700742,1200.0000000000018,0,112
2025-09-06,12,Sall,250.6995222146968,12908.769740803811,13818.46635341585,13092.200908760928,5306.817427634107,1200.0000000000018,0,102
2025-09-06,18,Sall,482.69573776884545,9038.048303419751,9234.471237201853,9078.212477004974,10785.19109461622,1200.0000000000018,0,119
2025-09-07,0,Sall,0.0,40709.89772999249,44571.30720953939,41486.02994300223,1199.9999999999982,1199.9999999999982,0,218
2025-09-07,6,Sall,2297.5418522103328,29978.12761608707,34222.8048316832,30829.705056731753,9874.074074074075,1199.9999999999982,0,130
2025-09-07,12,Sall,2532.4036999853965,25351.126019372805,25707.589386589207,25423.7343527869,7177.385932152878,1199.9999999999982,0,125
2025-09-07,18,Sall,6.450422092947467,15129.249094286226,15564.818569129098,15217.237482443887,10799.999999999998,1199.9999999999982,0,120
2025-09-08,0,Sall,0.0,45053.78711015492,45808.62090202568,45208.798707792776,1199.9999999999998,1199.9999999999998,0,219
2025-09-08,6,Sall,3919.379482523811,29480.660946547196,33162.96888603971,30219.998317462796,9885.028792227055,1199.9999999999998,0,105
2025-09-08,12,Sall,992.3216480338269,26704.12472301473,31402.443388085245,27645.277761555248,6985.189887578441,1199.9999999999998,0,117
2025-09-08,18,Sall,447.74983107457234,13225.882980728133,13754.201442224523,13332.41880074513,10800.0,1199.9999999999998,0,120
2025-09-09,0,Sall,0.0,38600.68463313258,41953.539824455234,39275.123448108476,1200.0,1200.0,0,250
2025-09-09,6,Sall,3037.40018920046,28270.632461673053,33157.06190372347,29250.663866109433,9876.774292227055,1200.0,0,129
2025-09-09,12,Sall,3737.3125914377288,24845.143787130455,29266.29143748937,25730.672357191994,7259.916708888476,1200.0,0,123
2025-09-09,18,Sall,220.23781530065116,13829.854602119003,15792.607635121969,14223.27455408683,10800.0,1200.0,0,123
2025-09-10,0,Sall,0.0,47671.58769994517,50662.138091550216,48273.749201644496,1200.0000000000016,1200.0000000000016,0,264
2025-09-10,6,Sall,5481.689554521057,31228.818391164816,34657.17109420898,31917.328533473134,9887.23674744802,1200.0000000000016,0,133
2025-09-10,12,Sall,2255.5257501608858,29766.43183103889,33692.69459871593,30553.18830209671,6624.160429994194,1200.0000000000016,0,133
2025-09-10,18,Sall,206.77812602195428,16253.27585635155,19825.906800637582,16968.667852761333,10800.0,1200.0000000000016,0,139
2025-09-11,0,Sall,0.0,48687.70582570488,52666.47699282632,49487.55974197897,1200.0,1200.0,0,274
2025-09-11,6,Sall,11460.187196973042,30762.97499805534,34685.812549921975,31550.237672179857,9876.738356139362,1200.0,0,135
2025-09-11,12,Sall,648.7829344766026,29053.527217205654,32475.22998984775,29739.33509899192,5491.889887475394,1200.0,0,139
2025-09-11,18,Sall,573.3235722874978,16843.59021876079,18764.716461215205,17228.684049006617,10763.98723762478,1200.0,0,138
2025-09-12,0,Sall,0.0,20843.27979586355,23092.231397326188,21295.76860288613,1200.0000000000025,1200.0000000000025,0,293
2025-09-12,6,Sall,1060.523680963709,12048.543866328431,14211.655921616719,12483.354224575065,3932.527536670017,1200.0000000000025,0,139
2025-09-12,12,Sall,1018.0249586093621,11929.16674768435,14524.145930473287,12449.676769454321,5177.158055347614,1200.0000000000025,0,145
2025-09-12,18,Sall,309.5468551246982,8451.478895039567,10159.79732513156,8794.01349913856,10800.0,1200.0000000000025,0,147
2025-09-13,0,Sall,0.0,21136.782252208697,24391.253266227504,21790.393015993566,1200.0000000000027,1200.0000000000027,0,288
2025-09-13,6,Sall,409.0454156844347,12632.626293492067,13997.587053330119,12907.822507663956,4033.350190463316,1200.0000000000027,0,137
2025-09-13,12,Sall,365.7788639319281,12353.599650124412,15389.985123256542,12962.381347730581,5285.313417265842,1200.0000000000027,0,143
2025-09-13,18,Sall,317.1803855951243,8783.22160931383,9539.228366979101,8935.296909906861,10785.319919986887,1200.0000000000027,0,149
2025-09-14,0,Sall,0.0,51097.737265739655,56680.73785708222,52218.498701486904,1200.000000000004,1200.000000000004,0,299
2025-09-14,6,Sall,7055.229413891799,34398.799927835265,37279.85270559379,34977.7805027117,9884.787833167082,1200.000000000004,0,146
2025-09-14,12,Sall,1167.6109534592063,28840.495203527298,31464.096451788046,29366.593667256617,6605.017949807862,1200.000000000004,0,145
2025-09-14,18,Sall,202.39338305606452,15642.234520334088,17371.7884220647,15989.011422389245,10800.0,1200.000000000004,0,147
2025-09-15,0,Sall,0.0,41699.27075215286,45694.811166354164,42502.290957975776,1200.0,1200.0,0,294
2025-09-15,6,Sall,4.0252245980809676e-12,27765.063708070764,30620.79655164337,28338.998060519734,9817.074112096188,1200.0,0,156
2025-09-15,12,Sall,444.62146713491495,26703.71168799778,29195.749120872984,27203.464952083552,6996.507448222604,1200.0,0,152
2025-09-15,18,Sall,6.134315201485606,15616.455607463098,18228.982434710975,16139.82884570525,10751.901700907429,1200.0,0,150
2025-09-16,0,Sall,0.0,50254.251104151765,55297.01446997678,51267.08661725644,1200.0000000000014,1200.0000000000014,0,286
2025-09-16,6,Sall,5093.8265202402745,34291.00329369035,37182.927809426554,34872.28476778171,9877.92250171811,1200.0000000000014,0,154
2025-09-16,12,Sall,2959.6546041040897,29087.663350460392,31576.472050491593,29586.83406361525,6912.218871957758,1200.0000000000014,0,150
2025-09-16,18,Sall,47.75855087994956,15488.253879989754,18611.602491341582,16113.798989822018,10783.700813797432,1200.0000000000014,0,150
2025-09-17,0,Sall,0.0,49730.694184956,54707.434305222734,50730.24704828584,1200.0000000000034,1200.0000000000034,0,304
2025-09-17,6,Sall,1659.0816125317515,33832.309669879876,35644.51972912412,34197.60503717069,9875.925744719341,1200.0000000000034,0,158
2025-09-17,12,Sall,2484.113924622683,29319.210926184336,30701.9432094554,29597.161610750387,6342.935652973084,1200.0000000000034,0,153
2025-09-17,18,Sall,138.00292126314207,15681.767125374643,16485.638111914977,15843.411818575774,10788.172175994074,1200.0000000000034,0,150
2025-09-18,0,Sall,0.0,45272.14297057579,48429.56052982131,45907.54342102358,1200.0000000000018,1200.0000000000018,0,306
2025-09-18,6,Sall,6330.276264019039,36544.49795790317,40024.49684155225,37243.30466172305,9874.074074074075,1200.0000000000018,0,156
2025-09-18,12,Sall,2650.2852489262855,28589.33605642461,30436.39792696463,28960.098351249373,6933.758944280083,1200.0000000000018,0,153
2025-09-18,18,Sall,132.0736651527768,16338.158966704174,17897.516657954504,16650.8959400671,10800.000000000004,1200.0000000000018,0,150
2025-09-19,0,Sall,0.0,22478.115985831264,24770.9052380945,22939.40171183883,1200.0,1200.0,0,318
2025-09-19,6,Sall,1.9753088054130785e-12,13705.706935937638,15767.031953089716,14120.172920759622,4029.1403333889193,1200.0,0,158
2025-09-19,12,Sall,428.0493432998418,13265.059045632237,14863.263437242946,13586.19169791154,5168.610971071858,1200.0,0,155
2025-09-19,18,Sall,6.821210263296962e-13,8410.858418938571,10080.010737713648,8745.560628188092,10800.000000000002,1200.0,0,150
2025-09-20,0,Sall,0.0,22103.138864020373,23920.210333893552,22469.273142704147,1200.0,1200.0,0,324
2025-09-20,6,Sall,516.2967687743501,12960.697963341569,14234.707459188365,13217.700124263296,4043.27320040015,1200.0,0,155
2025-09-20,12,Sall,426.4676130085504,12457.179781807721,13809.79337456981,12729.23090845361,4859.110656330537,1200.0,0,162
2025-09-20,18,Sall,50.37416717181674,7927.797374018674,8578.837447271339,8058.888065075408,10787.149780469903,1200.0,0,150
2025-09-21,0,Sall,0.0,48321.557821308634,51231.798949163865,48907.65492106444,1200.0000000000005,1200.0000000000005,0,328
2025-09-21,6,Sall,1300.8747278563949,34453.15741656234,37600.2474497857,35085.224428462345,9874.800917188477,1200.0000000000005,0,157
2025-09-21,12,Sall,3390.861466970835,28607.66222251508,32406.942828731997,29368.873246738403,6681.4078540907,1200.0000000000005,0,160
2025-09-21,18,Sall,214.0476054620839,15884.559107861929,19559.842259038625,16620.489270079186,10800.000000000002,1200.0000000000005,0,150
2025-09-22,0,Sall,0.0,52972.31394547105,56059.17579769486,53593.93420820816,1200.0000000000005,1200.0000000000005,0,316
2025-09-22,6,Sall,6954.005445059405,35357.91519018087,36268.56339922062,35543.00761451569,9874.891716096921,1200.0000000000005,0,155
2025-09-22,12,Sall,3536.3697492867327,30730.011180234727,31115.03468898199,30808.352585403376,7094.768155795901,1200.0000000000005,0,160
2025-09-22,18,Sall,582.2633993482914,16292.393053511465,18005.56072838901,16635.89841619301,10800.0,1200.0000000000005,0,138
2025-09-23,0,Sall,0.0,52327.41875249914,55277.04966162774,52921.493776610616,1200.0000000000018,1200.0000000000018,0,328
2025-09-23,6,Sall,1847.5927510959016,35796.68588086653,38248.646566545736,36290.073599353644,9900.352856852083,1200.0000000000018,0,155
2025-09-23,12,Sall,2896.7058787520946,30479.54984562326,32026.029827130507,30790.30600679106,6450.0,1200.0000000000018,0,158
2025-09-23,18,Sall,64.49969456913477,15909.51402746375,17574.36443148806,16243.37009927952,10791.498793522567,1200.0000000000018,0,145
2025-09-24,0,Sall,0.0,45743.019425523955,47728.213137832434,46143.95665450963,1199.9999999999998,1199.9999999999998,0,323
2025-09-24,6,Sall,1342.2234045263199,31855.36164652353,35715.28615834341,32630.002430740427,9874.074074074075,1199.9999999999998,0,149
2025-09-24,12,Sall,166.58325700242548,29177.061059109612,31437.054007499406,29630.53398476189,5549.147843268312,1199.9999999999998,0,154
2025-09-24,18,Sall,18.489660578444166,16076.269936248698,18052.960599486578,16472.46497718805,10662.080121170136,1199.9999999999998,0,125
2025-09-25,0,Sall,0.0,49603.300203801715,53552.06734998004,50396.9628115408,1200.0,1200.0,0,263
2025-09-25,6,Sall,205.3125693882198,35276.651788387266,39311.40870121364,36086.299538768944,9902.223439220437,1200.0,0,131
2025-09-25,12,Sall,1189.5093421317358,29726.347568574016,31881.669517542865,30158.789598998028,7117.0031778606535,1200.0,0,126
2025-09-25,18,Sall,139.82272045041987,15863.372790176998,17303.37407207333,16152.249744764355,10799.999999999998,1200.0,0,120
2025-09-26,0,Sall,0.0,22710.204989665755,24783.406060597117,23127.688725930257,1200.0000000000014,1200.0000000000014,0,263
2025-09-26,6,Sall,1545.7756798691294,12617.197405123921,14037.412847965423,12903.482001973945,4653.795723014783,1200.0000000000014,0,138
2025-09-26,12,Sall,200.4638281303511,12716.955212591212,15404.772481773396,13256.087684219343,4496.303041474248,1200.0000000000014,0,121
2025-09-26,18,Sall,150.93761101304466,7414.5320098508655,8724.474858553855,7677.389139865728,10800.0,1200.0000000000014,0,114
2025-09-27,0,Sall,0.0,21999.137389523556,23219.085573285036,22245.92551841009,1200.000000000001,1200.000000000001,0,297
2025-09-27,6,Sall,419.10509258063263,13688.199173035831,15594.952924887417,14071.791725307567,4409.347509422117,1200.000000000001,0,136
2025-09-27,12,Sall,436.07864212451807,12946.050723059123,14369.684426767704,13232.182575704857,5995.967288215422,1200.000000000001,0,139
2025-09-27,18,Sall,19.967133510091116,7747.57686125481,8349.775829102466,7868.878898223228,10761.659555942928,1200.000000000001,0,120
2025-09-28,0,Sall,0.0,49458.62285844222,55161.82471558021,50603.2179336587,1199.9999999999998,1199.9999999999998,0,228
2025-09-28,6,Sall,5225.258762453263,39680.89471120806,45108.991209345804,40769.52420246169,9918.291233483382,1199.9999999999998,0,143
2025-09-28,12,Sall,3895.2394778116213,29707.865206658425,32999.77879676393,30367.669082811164,7050.000000000002,1199.9999999999998,0,126
2025-09-28,18,Sall,172.3337274593387,15783.041775486688,17323.26242847516,16091.964335428334,10794.65042535238,1199.9999999999998,0,120
2025-09-29,0,Sall,0.0,52103.049193433755,55899.18062280552,52866.36122049306,1199.9999999999993,1199.9999999999993,0,281
2025-09-29,6,Sall,7008.998076587366,34229.30074950556,35462.99709592247,34478.83969606916,9887.099423939606,1199.9999999999993,0,121
2025-09-29,12,Sall,1311.5914969714536,30049.926706753908,30963.736684431697,30234.086146781352,6656.40768732806,1199.9999999999993,0,95
2025-09-29,18,Sall,135.79788590553574,15901.066614334914,17508.16126062868,16223.356821639103,10800.0,1199.9999999999993,0,99
2025-09-30,0,Sall,0.0,51927.923757052886,56132.12179576917,52773.10878151246,1199.9999999999975,1199.9999999999975,0,242
2025-09-30,6,Sall,600.401814421192,36792.55579920882,39102.515541879664,37257.56253743035,9890.658759461227,1199.9999999999975,0,121
2025-09-30,12,Sall,784.201335806593,32444.473292886138,34099.017834174076,32777.13354590498,5380.347299384698,1199.9999999999975,0,94
2025-09-30,18,Sall,146.69284011898984,16135.80584295119,17689.442404249763,16447.39848239527,10800.0,1199.9999999999975,0,112
2025-10-01,0,Sall,0.0,48235.05117922141,51270.41427412928,48846.25540293101,1200.000000000001,1200.000000000001,0,218
2025-10-01,6,Sall,2096.422309929453,32255.01056675573,35304.577843332125,32867.892067671535,9887.90605518245,1200.000000000001,0,89
2025-10-01,12,Sall,3582.4113701755537,28508.13158561052,30053.00958865228,28818.46138330805,7186.307891999794,1200.000000000001,0,95
2025-10-01,18,Sall,491.10117669012993,16298.5822184185,16761.686060833254,16392.078593814033,10766.52928324123,1200.000000000001,0,108
2025-10-02,0,Sall,0.0,51400.322012480436,55024.984906130776,52129.533657174135,1199.9999999999995,1199.9999999999995,0,238
2025-10-02,6,Sall,8107.84320948021,32746.571961146627,33717.56586423564,32943.61208727165,9885.521296296296,1199.9999999999995,0,102
2025-10-02,12,Sall,4079.688456911099,27410.4438985201,28328.098013224222,27595.268441332937,7153.372576089258,1199.9999999999995,0,80
2025-10-02,18,Sall,313.64311276959177,13929.879651434729,14696.516282078881,14084.086598108524,10782.897552469136,1199.9999999999995,0,85
2025-10-03,0,Sall,0.0,44091.13519084877,47021.7001886786,44681.17638368151,1200.0000000000005,1200.0000000000005,0,154
2025-10-03,6,Sall,7020.925592545774,28939.493149173042,31443.352267307888,29442.987480842254,9874.074074074075,1200.0000000000005,0,100
2025-10-03,12,Sall,1168.2335356216875,25795.427658011446,30444.693443894896,26726.77587482812,5532.459618234271,1200.0000000000005,0,103
2025-10-03,18,Sall,319.4453909905684,14090.671207589963,16809.01196749563,14635.205214086396,10800.0,1200.0000000000005,0,88
2025-10-04,0,Sall,0.0,21718.350996275443,25210.363787342238,22419.778554151682,1200.0,1200.0,11,256
2025-10-04,6,Sall,1017.4811532858824,10373.141706555241,10733.910587262331,10447.41198359483,6427.152764816852,1200.0,0,102
2025-10-04,12,Sall,443.31228906200903,10489.736845908375,12268.08697915846,10847.062571335811,3741.940767765408,1200.0,6,77
2025-10-04,18,Sall,0.8378154887956271,6269.380835917001,8003.3385617633685,6617.029150081321,10683.311504168954,1200.0,0,79
2025-10-05,0,Sall,0.0,49746.427926896824,53503.30308198309,50502.01939291246,1200.0,1200.0,0,136
2025-10-05,6,Sall,10266.61887819277,31530.852281832595,34328.07057239599,32093.06477508707,9890.797514391208,1200.0,0,98
2025-10-05,12,Sall,620.6352751163724,26503.109170086605,28401.943941161342,26884.329111792147,5964.714793676046,1200.0,0,101
2025-10-05,18,Sall,194.82557488405394,13755.053128053598,15248.876665431999,14054.692382531748,10793.715521217184,1200.0,0,68
2025-10-06,0,Sall,0.0,43417.41737469988,46067.23948777012,43951.290185796104,1200.0000000000023,1200.0000000000023,0,153
2025-10-06,6,Sall,752.5677208987438,29622.168260508795,34382.563452441806,30576.95403192526,9885.535455188605,1200.0000000000023,0,101
2025-10-06,12,Sall,1111.7655805393515,25962.614591978167,29375.397816304918,26646.53080190701,6565.561725756933,1200.0000000000023,0,73
2025-10-06,18,Sall,14.915524431829454,13740.425809502678,16303.840853871217,14253.97416420267,10796.420379816866,1200.0000000000023,0,89
2025-10-07,0,Sall,0.0,45450.485921275416,49892.82234197245,46342.86949484115,1200.0000000000005,1200.0000000000005,0,180
2025-10-07,6,Sall,880.5002114938853,30587.589445933994,34088.70116362176,31290.590231849717,9887.14914765635,1200.0000000000005,0,77
2025-10-07,12,Sall,1075.7323429731705,26101.455858849633,27003.472603948194,26283.26768502754,6482.4736248270765,1200.0000000000005,0,74
2025-10-07,18,Sall,30.620122785998092,13698.829901806965,15266.200337337748,14013.166533728478,10618.04829378849,1200.0000000000005,0,70
2025-10-08,0,Sall,0.0,45999.882061373915,48186.57217031589,46441.16225911391,1199.9999999999993,1199.9999999999993,0,177
2025-10-08,6,Sall,2720.432902267013,30032.389372143643,31087.096830503808,30246.06297615199,9898.901212688557,1199.9999999999993,0,80
2025-10-08,12,Sall,841.3604312116809,26672.091374700292,27866.799649499793,26912.450781553427,5947.979321429069,1199.9999999999993,0,81
2025-10-08,18,Sall,120.48532510340623,13925.784482452204,14763.432328784878,14094.184528985235,10800.0,1199.9999999999993,0,49
2025-10-09,0,Sall,0.0,49669.39879475517,54126.609800304504,50565.06737427031,1200.0,1200.0,0,132
2025-10-09,6,Sall,11826.683763831992,30740.422021135033,31463.56093914265,30887.814398379694,9884.883603336753,1200.0,0,76
2025-10-09,12,Sall,1228.184357276535,26459.428755390345,27145.274907247887,26598.040688538575,5799.980960813518,1200.0,0,58
2025-10-09,18,Sall,227.2035520251638,13581.11351151262,16152.035578527777,14096.16067093194,10786.066847681901,1200.0,0,44
2025-10-10,0,Sall,0.0,19121.753985232943,20177.26938436371,19335.85212998742,1200.0000000000023,1200.0000000000023,11,186
2025-10-10,6,Sall,98.64849380275541,9778.242774623026,10769.109306406488,9978.699353433063,5382.618583475801,1200.0000000000023,11,90
2025-10-10,12,Sall,498.8554195295496,9410.985883282545,10336.445864242603,9597.650694013144,4455.893481165659,1200.0000000000023,0,68
2025-10-10,18,Sall,6.785248009272664,5849.2467382266705,6751.850550724262,6030.586264615975,10268.669132340601,1200.0000000000023,0,79
2025-10-11,0,Sall,0.0,18768.176169592884,20171.147990210262,19051.821796437733,1200.0000000000005,1200.0000000000005,11,104
2025-10-11,6,Sall,179.42987690072897,9688.439565346594,10895.272165091763,9932.145912646178,5633.059327426599,1200.0000000000005,22,111
2025-10-11,12,Sall,260.81574555525594,9138.276505610353,10090.05308307596,9330.002270166977,6338.755303120011,1200.0000000000005,12,82
2025-10-11,18,Sall,11.44452361852376,5675.880889715551,6269.682779801476,5795.47124161601,10287.470461034918,1200.0000000000005,0,63
2025-10-12,0,Sall,0.0,43533.87719869086,47464.631205559446,44323.90252527544,1200.0,1200.0,0,94
2025-10-12,6,Sall,408.4024682713812,29647.515413708745,31603.70688258031,30041.30258820531,9890.89569452206,1200.0,0,70
2025-10-12,12,Sall,3096.733895307725,23838.999798437748,25074.564475553896,24087.376782193125,7364.62653573419,1200.0,0,66
2025-10-12,18,Sall,36.07008713194841,12261.841027425584,13007.756610498063,12411.89989193979,10737.0529336411,1200.0,0,54
2025-10-13,0,Sall,0.0,46973.06597858437,51808.76373967596,47944.28163943877,1200.0000000000027,1200.0000000000027,0,66
2025-10-13,6,Sall,7783.793030532783,30206.25730096222,32000.768795007996,30567.91298761648,9887.18988839709,1200.0000000000027,0,49
2025-10-13,12,Sall,1536.8449290688654,26665.664584529004,27182.43415304504,26770.400534161847,6363.410200091648,1200.0000000000027,0,81
2025-10-13,18,Sall,84.41104089209557,13323.006476210878,14123.583827097942,13483.995736837993,10786.561404997108,1200.0000000000027,0,34
2025-10-14,0,Sall,0.0,48596.76049260658,53935.85996689199,49668.74026042134,1200.0000000000016,1200.0000000000016,0,132
2025-10-14,6,Sall,10083.07173485122,30772.112397473804,31493.66688787519,30919.161756880356,9900.29083752075,1200.0000000000016,0,79
2025-10-14,12,Sall,2656.484434365485,27440.28749789994,28169.458406672453,27587.66382688681,5088.591077382453,1200.0000000000016,0,58
2025-10-14,18,Sall,33.83361564881886,12647.418375009978,13452.469666298637,12809.305831783484,10792.461436409072,1200.0000000000016,0,45
2025-10-15,0,Sall,0.0,50316.52761462766,53508.25312974338,50959.203565807235,1200.0000000000007,1200.0000000000007,0,99
2025-10-15,6,Sall,9438.909284810725,32314.101599775317,33435.65261406019,32541.195166512247,9886.228047781198,1200.0000000000007,0,81
2025-10-15,12,Sall,2048.039270055091,28201.561753331884,29295.607981124416,28421.825509697523,6614.953290035033,1200.0000000000007,0,35
2025-10-15,18,Sall,29.05844093453487,13042.7915264792,14118.340261953726,13258.778969937079,10800.0,1200.0000000000007,0,25
2025-10-16,0,Sall,0.0,47032.356875429854,52493.23957745017,48128.782166097095,1200.0000000000023,1200.0000000000023,0,109
2025-10-16,6,Sall,2040.8879595177982,32647.812925459668,34172.434176128845,32955.71801212934,9913.556011843577,1200.0000000000023,0,77
2025-10-16,12,Sall,1173.3491328737323,27024.327129597685,27880.253810165847,27197.07216224072,6426.730125753292,1200.0000000000023,0,49
2025-10-16,18,Sall,40.63956969771881,12291.629304996748,12787.426727414875,12391.662453267698,10784.335704832993,1200.0000000000023,0,18
2025-10-17,0,Sall,0.0,40991.77188284127,44774.77846025597,41752.25409136224,1200.0000000000027,1200.0000000000027,0,40
2025-10-17,6,Sall,5468.011933178092,32602.95735708797,34062.72218815011,32897.74466363873,9894.93490584982,1200.0000000000027,0,95
2025-10-17,12,Sall,1098.3606745693264,28007.675429457388,29073.814658905994,28222.354901376202,6944.394419093407,1200.0000000000027,0,45
2025-10-17,18,Sall,149.5215364880242,12937.530575153938,13698.723797800025,13090.650452145368,10800.0,1200.0000000000027,0,30
2025-10-18,0,Sall,0.0,18739.976411626274,20739.30028825459,19142.765704276975,1199.9999999999998,1199.9999999999998,66,108
2025-10-18,6,Sall,249.7957111839396,9751.583338711973,10596.75387366709,9922.90780122715,5092.482714773237,1199.9999999999998,22,81
2025-10-18,12,Sall,609.1135518925719,9217.702363149701,9794.394600795798,9334.411433479474,6356.254211618301,1199.9999999999998,24,52
2025-10-18,18,Sall,25.183112052843626,5454.901983596138,6224.479382742744,5609.624419371058,10115.138616433596,1199.9999999999998,0,10
2025-10-19,0,Sall,0.0,48830.029306879376,54097.95548507372,49887.92673080385,1200.0,1200.0,0,87
2025-10-19,6,Sall,1261.4076707229246,33477.80735544859,34491.8703950694,33683.737714116425,9901.267002196722,1200.0,0,72
2025-10-19,12,Sall,3061.9640296919224,27000.39005309767,27534.465825820545,27108.683447324835,7167.253318409343,1200.0,0,56
2025-10-19,18,Sall,72.2095597013606,12279.24403163173,12801.864969118658,12384.63610927439,10800.0,1200.0,0,4
2025-10-20,0,Sall,0.0,52740.67296832197,57005.851705160596,53598.05967069795,1200.0000000000011,1200.0000000000011,0,129
2025-10-20,6,Sall,3212.418266039038,36440.8838081547,37530.11459512606,36661.68578955576,9898.24926437661,1200.0000000000011,0,76
2025-10-20,12,Sall,2447.1259791471175,27835.17151909731,28794.496958355827,28028.439911050857,7367.824314310547,1200.0000000000011,0,47
2025-10-20,18,Sall,136.28756270996473,13070.27696663106,13749.633523798893,13207.021370272443,10792.843957110534,1200.0000000000011,0,4
2025-10-21,0,Sall,0.0,51432.35995203649,56507.23635111963,52451.80612194137,1200.000000000001,1200.000000000001,0,87
2025-10-21,6,Sall,912.1918249918979,36380.580904642055,38388.6416316883,36785.41969751089,9895.7163873313,1200.000000000001,0,100
2025-10-21,12,Sall,1919.5795087655733,29825.760949892414,30334.45011454018,29929.16672252527,5934.233541786224,1200.000000000001,0,42
2025-10-21,18,Sall,39.62855182611486,12985.72487139685,13388.847686053427,13067.220418173249,10793.683149713075,1200.000000000001,0,0
2025-10-22,0,Sall,0.0,49598.490599819066,52906.62803832501,50264.32902110535,1200.0000000000005,1200.0000000000005,0,75
2025-10-22,6,Sall,3778.8902461735497,33254.07616447395,34153.53513833633,33436.87095373261,9899.12559154483,1200.0000000000005,0,66
2025-10-22,12,Sall,1806.5306965455302,26976.95021130064,27893.300660227174,27161.687932856134,6473.344183709913,1200.0000000000005,0,58
2025-10-22,18,Sall,1.2497543465293859,12447.552308622626,13273.495291956488,12613.614966868892,10781.142254469696,1200.0000000000005,0,0
2025-10-23,0,Sall,0.0,57346.276545860645,59791.37983641877,57839.68930745183,1200.0000000000025,1200.0000000000025,0,99
2025-10-23,6,Sall,15380.825820446082,36239.71321912249,37024.91193770748,36399.77300799596,10800.0,1200.0000000000025,0,102
2025-10-23,12,Sall,664.4005942097307,28948.125623047574,29758.989717894085,29111.77536890716,7215.585220374282,1200.0000000000025,0,45
2025-10-23,18,Sall,73.13891724366101,13159.381501672211,14036.819714912288,13335.742107389979,10711.878416397412,1200.0000000000025,0,0
2025-10-24,0,Sall,0.0,48870.80639806737,53809.822284028225,49862.67758628842,1200.0000000000002,1200.0000000000002,0,110
2025-10-24,6,Sall,4413.748832933685,35164.291750633325,37196.37601784559,35573.65670494535,9904.855555555556,1200.0000000000002,0,121
2025-10-24,12,Sall,1109.1376522660635,27259.697195400087,28777.6897711672,27564.69407698179,7575.488119858228,1200.0000000000002,0,67
2025-10-24,18,Sall,115.93456513041917,13072.668603181266,13833.580114776454,13225.723713153584,10799.999999999998,1200.0000000000002,0,0
2025-10-25,0,Sall,0.0,20028.113359914718,21797.97729559352,20385.21208005931,1200.000000000002,1200.000000000002,43,89
2025-10-25,6,Sall,349.76384578594127,9588.394681157697,10804.677603277001,9833.904064055829,7016.6064722602605,1200.000000000002,11,113
2025-10-25,12,Sall,176.64657899127135,9256.94794877332,9857.449975955997,9378.414099747524,6355.540106445977,1200.000000000002,30,63
2025-10-25,18,Sall,1.9200967017407606,5295.29186660783,6132.9851534130885,5463.641695308035,10163.374300430463,1200.000000000002,0,0
2025-10-26,0,Sall,0.0,49156.97103019238,56077.40214826296,50545.189356919254,1200.0000000000002,1200.0000000000002,0,104
2025-10-26,6,Sall,5650.444553217243,33062.50018156819,35607.86748998259,33574.450375466266,9892.310291362464,1200.0000000000002,0,119
2025-10-26,12,Sall,538.3656396299964,26070.549570303418,27625.263795723484,26382.954465227635,6836.401622073781,1200.0000000000002,0,74
2025-10-26,18,Sall,37.79284818323367,12257.217689481868,13374.826285792875,12481.604387184781,10735.01802702993,1200.0000000000002,0,0
2025-10-27,0,Sall,0.0,46922.83074020497,52250.214230194695,47992.44007330386,1199.9999999999995,1199.9999999999995,0,137
2025-10-27,6,Sall,3860.1604522615785,36589.92893367024,41643.414234786185,37603.72697285274,9887.374344077494,1199.9999999999995,0,141
2025-10-27,12,Sall,2310.8079081202827,28217.539471873206,29906.584651826088,28556.856092932576,7050.000000000001,1199.9999999999995,0,83
2025-10-27,18,Sall,6.78811727634627,12744.870301567249,13394.156181618806,12875.594909295325,10788.633862781,1199.9999999999995,0,0
2025-10-28,0,Sall,0.0,46488.2893479615,51470.908804774466,47488.863771867305,1200.0000000000011,1200.0000000000011,0,128
2025-10-28,6,Sall,2542.002810920976,34942.8343676375,38995.17793992782,35756.10372547575,9893.024460005317,1200.0000000000011,0,143
2025-10-28,12,Sall,838.4569004976104,26728.356321680727,28624.628286031853,27108.941974509897,8266.301694008556,1200.0000000000011,0,76
2025-10-28,18,Sall,21.40749418381006,12207.570402991305,13261.962880096373,12419.322270724693,10755.45125538625,1200.0000000000011,0,0
2025-10-29,0,Sall,0.0,51842.39868611056,56448.43997780983,52767.91432115002,1200.0000000000002,1200.0000000000002,0,139
2025-10-29,6,Sall,603.0221501461788,38157.53013030114,40453.87317730877,38619.95247752223,9894.118518518519,1200.0000000000002,0,156
2025-10-29,12,Sall,964.3585679832989,28346.53770972983,29314.11682309513,28541.657407727376,7000.051529530389,1200.0000000000002,0,66
2025-10-29,18,Sall,27.14787711056215,12605.483144936032,13202.51574451147,12725.764821131505,10800.000000000002,1200.0000000000002,0,0
2025-10-30,0,Sall,0.0,46487.116268977974,48843.58927802155,46962.58448642279,1200.0,1200.0,0,169
2025-10-30,6,Sall,2157.767345751879,32717.58619144105,35760.76511103259,33329.18895316697,9890.896000159802,1200.0,0,173
2025-10-30,12,Sall,219.65167739487822,26813.812100347423,28936.08516877791,27239.706116314763,7207.64422192151,1200.0,0,84
2025-10-30,18,Sall,75.78272161600563,12065.505179387575,13035.662219816419,12260.406547987708,10800.0,1200.0,0,0
2025-10-31,0,Sall,0.0,21485.511175322485,23042.830078376872,21800.203824512282,1200.0000000000027,1200.0000000000027,38,191
2025-10-31,6,Sall,1478.7234764314362,11205.582535409594,11544.12884768455,11275.69944736777,6472.515746779632,1200.0000000000027,29,172
2025-10-31,12,Sall,376.5391559178245,10922.195116608718,11517.089322393045,11042.502666800212,6710.5959594039605,1200.0000000000027,11,88
2025-10-31,18,Sall,22.696744898024463,5634.661855070137,6829.603933619158,5874.472028629291,10255.739996220633,1200.0000000000027,0,0
2025-11-01,0,Sall,0.0,19920.84985631627,20643.72688685691,20068.57760485462,1200.0000000000027,1200.0000000000027,44,145
2025-11-01,6,Sall,268.525344165843,9927.392553951448,10193.581779902546,9983.025033395808,6218.623141203475,1200.0000000000027,55,172
2025-11-01,12,Sall,229.97870348854758,9848.209537254026,10476.462100228124,9975.288740945689,5831.482608731989,1200.0000000000027,24,92
2025-11-01,18,Sall,19.131758492529286,5114.913494233207,5372.675121688398,5167.293070306237,10278.166127165028,1200.0000000000027,0,0
2025-11-02,0,Sall,0.0,50861.41781616271,53694.48265053692,51432.53211246122,1200.000000000001,1200.000000000001,0,197
2025-11-02,6,Sall,1906.8790356135644,38564.26737439686,42237.69966265054,39302.386951662185,9890.300277061242,1200.000000000001,0,197
2025-11-02,12,Sall,2554.0352757680757,29230.770130400728,30292.307889557294,29444.77270386306,6592.0146179830535,1200.000000000001,0,87
2025-11-02,18,Sall,74.93587771903015,12088.512842857357,13336.545548416118,12338.990647555496,10800.0,1200.000000000001,0,0
2025-11-03,0,Sall,0.0,53011.1070104813,56482.15380196287,53709.56526300409,1199.9999999999995,1199.9999999999995,0,176
2025-11-03,6,Sall,2081.6407168903634,37833.884167950855,40895.21301480741,38449.2831399839,9889.839669587296,1199.9999999999995,0,189
2025-11-03,12,Sall,1642.6890224910849,29121.07057195984,30417.781359570363,29381.982051953826,7049.999999999999,1199.9999999999995,0,96
2025-11-03,18,Sall,44.778144676321745,12604.979350029163,13494.92741111781,12783.841771534102,10800.0,1199.9999999999995,0,0
2025-11-04,0,Sall,0.0,50737.09235299048,53244.441595794284,51242.81308578469,1200.0,1200.0,0,180
2025-11-04,6,Sall,398.9196155471143,37138.074246374876,41163.07317951905,37946.15148237057,9888.353302461412,1200.0,0,199
2025-11-04,12,Sall,1006.4075129669015,28124.725766208394,29565.523898107356,28414.415927564613,6805.993966006552,1200.0,0,83
2025-11-04,18,Sall,131.59095740932713,12800.450398627785,13482.966376651644,12937.824102723438,10800.0,1200.0,0,0
2025-11-05,0,Sall,0.0,54800.69044350356,60569.75044205521,55958.91952348734,1200.0000000000011,1200.0000000000011,0,211
2025-11-05,6,Sall,5991.403198733147,38185.17102990466,40075.08290689755,38566.20567280014,9901.176773477167,1200.0000000000011,0,188
2025-11-05,12,Sall,666.2647768080034,29788.07156563583,31036.98156246422,30039.379252978542,6830.4307297578325,1200.0000000000011,0,102
2025-11-05,18,Sall,94.66648330247577,12547.194238559032,13549.107167048258,12748.441275083906,10800.000000000002,1200.0000000000011,0,0
2025-11-06,0,Sall,0.0,51298.46517500865,55028.21690502162,52048.6088975632,1200.0000000000002,1200.0000000000002,0,197
2025-11-06,6,Sall,1879.1975567035765,39780.88563154884,44183.94835943947,40664.58550950474,9888.353302461412,1200.0000000000002,0,221
2025-11-06,12,Sall,1128.1687718749592,28246.085498738335,29747.61100312913,28547.971980093083,7004.574408058405,1200.0000000000002,0,117
2025-11-06,18,Sall,70.28838555508526,12696.29609220081,13543.525440286574,12866.61675657766,10785.870388676478,1200.0000000000002,0,0
2025-11-07,0,Sall,0.0,19520.075107405428,20811.784373352475,19781.770201550982,1200.000000000005,1200.000000000005,33,221
2025-11-07,6,Sall,559.1275265827046,10957.147883448855,12373.622596856238,11242.878613985977,7188.852336561629,1200.000000000005,33,223
2025-11-07,12,Sall,424.50455889737333,9886.939716831834,11347.761880973036,10180.56245779602,5482.286876440497,1200.000000000005,18,101
2025-11-07,18,Sall,76.76492846005641,5420.844761281066,5965.094690848673,5530.521065436507,10278.92179615851,1200.000000000005,0,0
2025-11-08,0,Sall,0.0,20823.109546337004,22489.84860417351,21159.812450852904,1200.0000000000014,1200.0000000000014,11,223
2025-11-08,6,Sall,407.2298469225107,10095.96631630112,11049.848705076574,10289.088822807431,7379.997298628954,1200.0000000000014,42,221
2025-11-08,12,Sall,246.53894272314423,9920.461969814447,10209.449063803873,9979.789330264488,4912.8691297199675,1200.0000000000014,6,116
2025-11-08,18,Sall,1.0231815394945443e-12,5183.917116757128,5392.5586263624655,5226.469469288684,10235.10671175917,1200.0000000000014,0,0
2025-11-09,0,Sall,0.0,52270.60934699154,54522.321141384076,52725.28183428472,1200.000000000001,1200.000000000001,0,208
2025-11-09,6,Sall,488.9803220850435,37714.5120189514,39508.85031861601,38076.52988707914,9901.637272474598,1200.000000000001,0,193
2025-11-09,12,Sall,454.9289377614892,29202.149011948837,30764.685333957754,29516.344757080104,6690.839131563202,1200.000000000001,0,110
2025-11-09,18,Sall,47.91891743390454,12291.41013463579,13170.811735967458,12468.166791212547,10800.0,1200.000000000001,0,0
2025-11-10,0,Sall,0.0,52364.33466364952,54345.64422667236,52764.91487033786,1200.0000000000014,1200.0000000000014,0,241
2025-11-10,6,Sall,2900.000108233902,41761.24699717501,45300.22679545103,42472.26074597934,9894.461111111112,1200.0000000000014,0,241
2025-11-10,12,Sall,1224.5328202940188,30051.799180156744,31429.340327160207,30329.005973968928,6678.870216946847,1200.0000000000014,0,121
2025-11-10,18,Sall,124.9334742685283,12552.658492923463,13920.85147212412,12827.16452390775,10800.000000000002,1200.0000000000014,0,0
2025-11-11,0,Sall,0.0,55185.956009077505,59204.89235661828,55994.12506168074,1199.9999999999964,1199.9999999999964,0,235
2025-11-11,6,Sall,1403.1782129168705,40073.42777688967,42725.35732785054,40607.077349866675,10364.94080419883,1199.9999999999964,0,242
2025-11-11,12,Sall,2293.93226928675,29695.856079214784,31179.078627114486,29994.073759442555,7120.7127056975405,1199.9999999999964,0,112
2025-11-11,18,Sall,18.594080377176567,12555.677574395213,13453.915960587346,12736.19418472988,10800.0,1199.9999999999964,0,0
2025-11-12,0,Sall,0.0,52306.901115358654,55722.06873673744,52994.23942061542,1200.000000000004,1200.000000000004,0,219
2025-11-12,6,Sall,1849.2822654657198,41189.39242493859,47480.57149590279,42450.913134770126,9894.207407407408,1200.000000000004,0,247
2025-11-12,12,Sall,2901.501486090444,29214.86982547874,30524.588571818967,29478.431505512108,7048.535175498065,1200.000000000004,0,120
2025-11-12,18,Sall,45.84501471752486,12645.374461407375,13593.91316811584,12835.953057609302,10800.0,1200.000000000004,0,0
2025-11-13,0,Sall,0.0,51291.588550782944,53793.38907020659,51796.153454474406,1200.0000000000014,1200.0000000000014,0,212
2025-11-13,6,Sall,1453.5079505998938,39187.97572546024,42183.80267759945,39790.1181472947,9900.121073870134,1200.0000000000014,0,214
2025-11-13,12,Sall,1300.0189522565377,28697.649781070464,30475.52236551057,29054.757605407212,7708.945865530876,1200.0000000000014,0,120
2025-11-13,18,Sall,80.2946818758586,12295.136522752746,13580.063804447109,12552.99498887421,10800.0,1200.0000000000014,0,0
2025-11-14,0,Sall,0.0,20318.800689084903,21981.65987696998,20654.671749626214,1200.0000000000014,1200.0000000000014,29,248
2025-11-14,6,Sall,424.11448369744176,10068.079850196607,11007.93921128881,10258.504117167578,6913.094528728163,1200.0000000000014,44,249
2025-11-14,12,Sall,687.0214026750597,10575.203111727173,11259.024104601842,10713.498361153259,4903.439767378297,1200.0000000000014,12,126
2025-11-14,18,Sall,3.334054298988974,5101.92557269249,6096.4409428575555,5301.641583164573,10151.550407953684,1200.0000000000014,0,0
2025-11-15,0,Sall,0.0,22671.301545738104,24162.77120152124,22973.141033769265,1200.000000000001,1200.000000000001,0,271
2025-11-15,6,Sall,1512.445394812296,10714.651350079657,11912.848189462653,10956.525420782888,9751.364339299122,1200.000000000001,22,251
2025-11-15,12,Sall,308.0615550264598,10459.569257716625,11207.803291449225,10610.502142859132,7110.7981465404755,1200.000000000001,12,115
2025-11-15,18,Sall,24.494753633126322,5138.629181321149,5587.670769131883,5229.251364349153,10126.372142599466,1200.000000000001,0,0
2025-11-16,0,Sall,0.0,53867.187194275364,55306.69385139352,54159.4412934553,1200.0000000000002,1200.0000000000002,0,217
2025-11-16,6,Sall,367.427597392395,40425.00737977918,43665.706985673205,41076.37338441852,9887.14214007896,1200.0000000000002,0,266
2025-11-16,12,Sall,309.0809237722367,29390.58288786137,30387.91344415389,29591.7845610366,6840.512891197414,1200.0000000000002,0,120
2025-11-16,18,Sall,10.992338260400118,12374.731781994255,13309.036023070625,12562.459037252038,10785.090976982816,1200.0000000000002,0,0
2025-11-17,0,Sall,0.0,51718.31388836607,53244.92122973898,52027.85452932791,1200.000000000001,1200.000000000001,0,283
2025-11-17,6,Sall,3920.569673824659,42302.80045257719,45326.20658822032,42910.679395300824,9894.27037037037,1200.000000000001,0,271
2025-11-17,12,Sall,1958.2808686697028,29004.879592666333,29627.158700100972,29130.96113129263,7050.000000000001,1200.000000000001,0,135
2025-11-17,18,Sall,14.371004576598239,12571.988626067061,13892.287416529254,12836.91344313314,10751.271928327284,1200.000000000001,0,0
2025-11-18,0,Sall,0.0,54295.249675742234,55646.479348077315,54569.99044354256,1199.9999999999995,1199.9999999999995,0,268
2025-11-18,6,Sall,1649.4885939283367,39348.958319504745,40255.6933240848,39533.56305539776,9883.980694307946,1199.9999999999995,0,268
2025-11-18,12,Sall,715.3095884919918,31221.331708848986,32119.439469391422,31402.6819363765,6219.4477769380555,1199.9999999999995,0,144
2025-11-18,18,Sall,31.216220046515446,12404.044748220393,13127.967088365669,12549.698766801323,10796.881659275698,1199.9999999999995,0,0
2025-11-19,0,Sall,0.0,53718.415168845204,54954.690793528316,53970.085631961985,1200.0000000000025,1200.0000000000025,0,238
2025-11-19,6,Sall,3619.5502217697704,43764.97097323524,45855.10840433916,44186.34012448222,9894.566666666668,1200.0000000000025,0,276
2025-11-19,12,Sall,2061.715866372466,30077.204340702214,30694.580502311324,30202.412350733895,6450.000000000004,1200.0000000000025,0,143
2025-11-19,18,Sall,31.305748641506426,12399.093067806754,13125.840034611334,12545.30921411358,10779.104959679975,1200.0000000000025,0,0
2025-11-20,0,Sall,0.0,52172.032144151715,54508.766539078264,52643.62319269307,1199.9999999999995,1199.9999999999995,0,279
2025-11-20,6,Sall,1188.9112613407365,39645.87152938156,44090.30703356805,40537.92235813722,9882.526378439557,1199.9999999999995,0,258
2025-11-20,12,Sall,451.58051704525485,30397.581858185476,31632.081502691097,30646.156530183296,7168.3615370273255,1199.9999999999995,0,146
2025-11-20,18,Sall,8.326777820947768,12294.344459871583,13056.431338439508,12447.633765580638,10799.999999999998,1199.9999999999995,0,0
2025-11-21,0,Sall,0.0,53049.817480681144,55202.146182349636,53484.49768210465,1200.0000000000005,1200.0000000000005,0,285
2025-11-21,6,Sall,2547.496111149167,42247.782162707954,46243.96276650821,43050.2453346128,9884.086249863502,1200.0000000000005,0,285
2025-11-21,12,Sall,2054.2932249782043,29555.907650271078,30569.144721833385,29760.188568471403,7050.0,1200.0000000000005,0,145
2025-11-21,18,Sall,37.5898656569226,12421.083895391177,12925.659220155538,12522.868906008202,10775.860130523448,1200.0000000000005,0,0
2025-11-22,0,Sall,0.0,24025.55914648628,24859.79865159685,24195.93329556957,1200.0000000000025,1200.0000000000025,9,296
2025-11-22,6,Sall,3787.437122009198,11115.972116424915,11645.409838885133,11224.143222882387,10269.007846732684,1200.0000000000025,20,297
2025-11-22,12,Sall,448.2433888188412,10677.892871650874,11028.96047108303,10749.425047092023,6761.904854102813,1200.0000000000025,12,149
2025-11-22,18,Sall,4.418109444170568,5164.653048294223,5601.893806668047,5252.895888028952,9973.525009345123,1200.0000000000025,0,0
2025-11-23,0,Sall,0.0,53065.14073836802,55670.01873069248,53590.42377027162,1199.9999999999986,1199.9999999999986,0,290
2025-11-23,6,Sall,3115.483183357154,42852.781313876076,46094.09792938754,43504.41266336744,9874.074074074075,1199.9999999999986,0,299
2025-11-23,12,Sall,1986.7462234796399,29042.48991707667,29379.854997808656,29111.64440034807,6449.999999999998,1199.9999999999986,0,149
2025-11-23,18,Sall,18.77855668287407,12090.196431185957,12880.622682993746,12249.153189569086,10797.388499999997,1199.9999999999986,0,0
2025-11-24,0,Sall,0.0,53437.01073780404,55232.29053216237,53800.407264527574,1200.0000000000014,1200.0000000000014,0,289
2025-11-24,6,Sall,656.7522533270968,40061.2676452117,42209.68073212541,40494.15492833205,9884.191805419057,1200.0000000000014,0,300
2025-11-24,12,Sall,1225.6916472157588,29805.047255139223,30409.953748612093,29927.682777756443,7091.936038840786,1200.0000000000014,0,148
2025-11-24,18,Sall,28.548412905365154,12397.962336270082,12879.946068274898,12495.23103070076,10800.0,1200.0000000000014,0,0
2025-11-25,0,Sall,0.0,60983.856300918014,63832.65241218114,61558.26118983735,1199.9999999999986,1199.9999999999986,0,301
2025-11-25,6,Sall,5544.884727309509,43500.65525500449,44768.764904501346,43757.66150256631,10800.0,1199.9999999999986,0,290
2025-11-25,12,Sall,2391.372043259608,32228.594746744013,32863.15048104702,32357.20085084435,6714.182647169651,1199.9999999999986,0,148
2025-11-25,18,Sall,44.057199785077614,12343.006665878382,12676.522051678403,12410.580376402319,10800.0,1199.9999999999986,0,0
2025-11-26,0,Sall,0.0,57693.976276872716,58994.9361723049,57958.73120290469,1200.0000000000023,1200.0000000000023,0,281
2025-11-26,6,Sall,1389.3688318075701,43534.18598019541,45492.952225868066,43929.35980705326,10006.922600429712,1200.0000000000023,0,300
2025-11-26,12,Sall,2015.395286835786,31807.625638718288,32205.506102078063,31888.967946771074,6308.193333170233,1200.0000000000023,0,144
2025-11-26,18,Sall,12.70144167507641,12338.033602716845,12657.637019952754,12402.820734354194,10799.999999999998,1200.0000000000023,0,0
2025-11-27,0,Sall,0.0,55874.62068879696,57361.40074649883,56176.45760471221,1200.0000000000027,1200.0000000000027,0,292
2025-11-27,6,Sall,620.2984162089455,42565.63816139117,45047.674263308356,43065.46556237519,9885.041767249824,1200.0000000000027,0,282
2025-11-27,12,Sall,1621.9436590184391,30920.74248466231,31583.68137913989,31055.1310448456,6651.691999592675,1200.0000000000027,0,150
2025-11-27,18,Sall,48.18380220950456,12233.915519394264,12837.661352731993,12355.538255856049,10797.541462229508,1200.0000000000027,0,0
2025-11-28,0,Sall,0.0,22364.12262090356,23474.978235648705,22589.888876361223,1200.0000000000007,1200.0000000000007,20,301
2025-11-28,6,Sall,613.1863300990759,11664.108244486762,12611.866202462892,11856.024899181186,9754.891812558199,1200.0000000000007,20,298
2025-11-28,12,Sall,1378.0415585873982,10480.7022625618,11025.641440579382,10591.038434502985,6480.515800375753,1200.0000000000007,5,148
2025-11-28,18,Sall,7.389644451905042e-13,5120.138401275176,5347.643797536222,5166.4440952178975,10094.641675237892,1200.0000000000007,0,0
2025-11-29,0,Sall,0.0,27121.99397422803,29362.920953958852,27573.872679046322,1199.9999999999998,1199.9999999999998,10,301
2025-11-29,6,Sall,6181.392640517248,13552.579266821625,13912.574354332168,13626.94987030008,10250.896172790031,1199.9999999999998,0,288
2025-11-29,12,Sall,500.3648390712308,11973.075483632216,12436.848425003767,12067.208730831908,6300.189371087806,1199.9999999999998,12,150
2025-11-29,18,Sall,8.92423121360224,5085.63402738778,5355.448757896826,5140.404543737311,10089.783323522033,1199.9999999999998,0,0
2025-11-30,0,Sall,0.0,56904.81513148832,59982.99480739336,57524.85066566303,1200.0000000000011,1200.0000000000011,0,297
2025-11-30,6,Sall,2056.0358479577008,44540.348705586235,47559.59917161323,45147.64327206223,10471.195797619186,1200.0000000000011,0,301
2025-11-30,12,Sall,1682.6070866680902,31632.163366819765,32393.5912374024,31786.257026294585,6836.11862783665,1200.0000000000011,0,150
2025-11-30,18,Sall,13.177922859321399,12131.145360288503,12545.596300530122,12214.906187904131,10789.052986852954,1200.0000000000011,0,0
2025-12-01,0,Sall,0.0,59820.98859128318,61358.80779448125,60133.16223683299,1200.0000000000005,1200.0000000000005,0,306
2025-12-01,6,Sall,1475.906376934491,44172.21258444895,45675.11388940401,44476.32871308979,10800.0,1200.0000000000005,0,304
2025-12-01,12,Sall,3286.0227971215727,32400.746177903457,32932.25843807887,32508.81612696694,7150.489225000001,1200.0000000000005,0,150
2025-12-01,18,Sall,6.632051028579781,12358.273462672332,12929.03239695866,12473.295837870373,10797.8651925,1200.0000000000005,0,0
2025-12-02,0,Sall,0.0,65386.07930197539,68558.92008307466,66025.29312486177,1200.000000000003,1200.000000000003,0,297
2025-12-02,6,Sall,1450.4479627150586,49120.57347678626,53132.63258531597,49926.58642531626,10800.0,1200.000000000003,0,300
2025-12-02,12,Sall,2266.974895546336,34570.69904497087,35142.25480434847,34686.88154402395,6717.287405806879,1200.000000000003,0,150
2025-12-02,18,Sall,20.887761892871595,13183.470240992137,13740.612057091079,13295.766031504585,10776.353380514067,1200.000000000003,0,0
2025-12-03,0,Sall,0.0,61061.34869806189,66015.64922385877,62056.70363655462,1199.9999999999995,1199.9999999999995,0,309
2025-12-03,6,Sall,3212.0207145239965,48521.538997912656,51763.987985042666,49173.522631865584,10800.0,1199.9999999999995,0,301
2025-12-03,12,Sall,505.01961343582184,35093.31927226417,36290.66725812589,35334.71425966278,6450.000000000002,1199.9999999999995,0,150
2025-12-03,18,Sall,30.20899299392704,12750.60646432263,13127.241712610994,12826.801727931574,10736.344358844706,1199.9999999999995,0,0
2025-12-04,0,Sall,0.0,66704.5951421061,71449.45851874357,67658.2134841003,1200.000000000002,1200.000000000002,0,307
2025-12-04,6,Sall,2710.170907807359,48999.452881088975,55458.6835938924,50294.79736138021,10800.0,1200.000000000002,0,306
2025-12-04,12,Sall,1083.526409172512,34805.31497762687,35336.06958464631,34913.40369979292,6038.070631787146,1200.000000000002,0,150
2025-12-04,18,Sall,64.97265056634285,12528.991807316039,12867.422953085468,12597.544553391826,10790.737692376046,1200.000000000002,0,0
2025-12-05,0,Sall,0.0,26909.074170324926,30947.12432241522,27720.590266442327,1200.0000000000018,1200.0000000000018,16,307
2025-12-05,6,Sall,224.48278156840766,14974.345142375092,20697.857687747535,16121.858334338076,10191.996243859292,1200.0000000000018,24,295
2025-12-05,12,Sall,818.6292752088975,11991.334601184606,12414.355940463056,12077.322647778525,6423.137041337339,1200.0000000000018,0,151
2025-12-05,18,Sall,2.9036624461444376,5173.401189456661,5449.630462710287,5229.457808314856,10168.686165750241,1200.0000000000018,0,0
2025-12-06,0,Sall,0.0,32345.096314746228,35242.453336587365,32928.53624130625,1200.000000000001,1200.000000000001,12,315
2025-12-06,6,Sall,1418.5299308190565,18598.99913281916,21678.971232805263,19217.785103262173,10121.00582267164,1200.000000000001,0,302
2025-12-06,12,Sall,497.7209250321884,14465.534411366776,14850.646205481322,14543.96788110573,6123.33549248137,1200.000000000001,10,150
2025-12-06,18,Sall,21.113661540958446,6190.421174406064,6545.531364187945,6262.261542699833,10226.146577420712,1200.000000000001,0,0
2025-12-07,0,Sall,0.0,68708.83671376365,70168.40811097137,69005.44942828809,1200.0,1200.0,0,306
2025-12-07,6,Sall,6781.80082530248,49848.33377172113,51214.15717225667,50125.07996576289,10800.0,1200.0,0,304
2025-12-07,12,Sall,445.86837536579026,35529.17740900602,36107.584307660945,35646.84822767932,6450.0,1200.0,0,150
2025-12-07,18,Sall,1.1368683772161603e-13,12313.888542152354,12719.166314681774,12395.81066858671,10785.259114444678,1200.0,0,0
2025-12-08,0,Sall,0.0,71318.38344860566,75018.50378838892,72063.05318322871,1200.0,1200.0,0,307
2025-12-08,6,Sall,896.4819836047694,53755.49824796223,56279.51735219176,54263.86998952396,10800.0,1200.0,0,309
2025-12-08,12,Sall,2414.403408624389,35607.41072819128,36080.33556331379,35703.90175468415,7188.689354970952,1200.0,0,155
2025-12-08,18,Sall,55.11090821864195,13055.61701008789,13363.5932316727,13118.082662429644,10792.470041434497,1200.0,0,0
2025-12-09,0,Sall,0.0,66812.70991330071,69987.06928510148,67452.22745432759,1200.0000000000027,1200.0000000000027,0,307
2025-12-09,6,Sall,3972.4498020236942,49289.919103683766,51998.71351321067,49835.24487514319,10800.0,1200.0000000000027,0,308
2025-12-09,12,Sall,864.4474718136738,34078.77308992715,34605.10496091673,34185.99612440743,6449.999999999997,1200.0000000000027,0,157
2025-12-09,18,Sall,9.769178880367491,12524.70309258884,13030.821025303188,12626.792472042824,10778.755370365481,1200.0000000000027,0,0
2025-12-10,0,Sall,0.0,63668.30655011823,66843.58987976184,64308.008882713526,1200.0000000000016,1200.0000000000016,0,312
2025-12-10,6,Sall,1964.8794264968928,50480.74140871086,58443.35822205538,52076.88364368914,10800.0,1200.0000000000016,0,309
2025-12-10,12,Sall,1448.562680775437,34842.67275163717,35264.01218878403,34928.91438389721,6450.0,1200.0000000000016,0,160
2025-12-10,18,Sall,19.069751238179833,12140.151507203522,12452.750164848016,12203.54119769905,10800.000000000002,1200.0000000000016,0,0
2025-12-11,0,Sall,0.0,66688.80824757674,68766.64232045454,67109.02072881884,1200.000000000001,1200.000000000001,0,322
2025-12-11,6,Sall,3310.392598616492,49429.524990456186,52931.243438176956,50133.40812418581,10800.0,1200.000000000001,0,325
2025-12-11,12,Sall,1361.0633524151424,34225.88879352153,35015.9781306495,34385.760932493395,6426.795847281943,1200.000000000001,0,164
2025-12-11,18,Sall,112.1857375147826,12660.274064472487,13047.106113441068,12738.509402810694,10776.264989141137,1200.000000000001,0,0
2025-12-12,0,Sall,0.0,30013.31130079847,34282.022862555,30870.940919051514,1200.0,1200.0,0,313
2025-12-12,6,Sall,575.68357968281,18352.91794482033,21295.26343065381,18944.13451710433,10151.588951583162,1200.0,5,300
2025-12-12,12,Sall,714.7142339574923,13846.971724782414,14678.758013851984,14014.67985992975,6677.288589622229,1200.0,5,163
2025-12-12,18,Sall,37.2563047041976,5435.536387015503,5911.8307915020405,5531.616129847541,10271.025972950683,1200.0,0,0
2025-12-13,0,Sall,0.0,31488.70783912209,33547.30215988077,31904.358035284906,1200.0000000000007,1200.0000000000007,7,295
2025-12-13,6,Sall,1224.4075752361277,18971.386179679423,22140.491202742127,19608.026400495666,10097.725246848304,1200.0000000000007,14,315
2025-12-13,12,Sall,1549.8839572971099,13285.971171767711,13808.651232245757,13391.8611707436,7003.523508609812,1200.0000000000007,24,150
2025-12-13,18,Sall,28.204182531758875,5217.977912796074,5445.777962887332,5264.355946885705,10192.39803153717,1200.0000000000007,0,0
2025-12-14,0,Sall,0.0,62649.27322688551,65673.50112312322,63258.69536295996,1200.0000000000016,1200.0000000000016,0,273
2025-12-14,6,Sall,3322.8275423719974,50038.37688297539,52782.82356645208,50590.88091462613,10800.0,1200.0000000000016,0,309
2025-12-14,12,Sall,990.1179561504097,34732.19983624819,35706.02679920121,34928.90755343259,6450.000000000004,1200.0000000000016,0,138
2025-12-14,18,Sall,5.8861478966624645,12591.900558930647,12923.42089155959,12659.064705901477,10728.949279677028,1200.0000000000016,0,0
2025-12-15,0,Sall,0.0,63007.40040212174,65961.09062007816,63602.715573576505,1200.0000000000002,1200.0000000000002,0,296
2025-12-15,6,Sall,2348.013272085096,50165.950089815444,55520.426164976656,51240.39534081992,10800.0,1200.0000000000002,0,239
2025-12-15,12,Sall,277.8834845172363,33853.619687843115,34682.70382546301,34021.36028074912,6450.000000000001,1200.0000000000002,0,159
2025-12-15,18,Sall,35.02055048160247,12553.717865876119,13053.129536073993,12654.468428358998,10800.0,1200.0000000000002,0,0
2025-12-16,0,Sall,0.0,67643.3380287522,69458.3585873798,68010.98780714457,1200.000000000001,1200.000000000001,0,298
2025-12-16,6,Sall,2087.9689051035034,50159.084228456835,53874.397530338065,50905.75345733587,10800.0,1200.000000000001,0,258
2025-12-16,12,Sall,1572.2919951218264,34579.74726675256,35143.88093201278,34694.44599508778,6435.723692500003,1200.000000000001,0,145
2025-12-16,18,Sall,36.131975079252015,12412.342236252605,12809.499162455013,12492.642435577203,10793.265600898912,1200.000000000001,0,0
2025-12-17,0,Sall,0.0,66984.49588017045,68743.148276625,67340.80761885134,1200.0000000000039,1200.0000000000039,0,249
2025-12-17,6,Sall,5020.985593555155,48631.889549107225,49111.21432683708,48731.1739955778,10800.0,1200.0000000000039,0,250
2025-12-17,12,Sall,728.4999354136578,33531.56563742141,33915.48135453295,33610.20231918963,6450.0,1200.0000000000039,0,130
2025-12-17,18,Sall,29.226059605172395,12422.317006039657,12828.69240963648,12504.45849518941,10786.042527126408,1200.0000000000039,0,0
2025-12-18,0,Sall,0.0,64718.98487261761,69042.89603689211,65588.28985062861,1200.0000000000018,1200.0000000000018,0,254
2025-12-18,6,Sall,533.8782693481635,48469.86180176014,50314.473319337994,48842.28657841608,10800.0,1200.0000000000018,0,170
2025-12-18,12,Sall,519.8540644963891,32839.713287406455,33309.79240950077,32935.59989367476,7032.185653320816,1200.0000000000018,0,131
2025-12-18,18,Sall,91.56354763520227,12386.002860350445,12953.35029534996,12500.343272083697,10800.000000000005,1200.0000000000018,0,0
2025-12-19,0,Sall,0.0,29897.25231324451,31623.727664051632,30246.515412694393,1200.0000000000016,1200.0000000000016,10,197
2025-12-19,6,Sall,828.5559783411165,17939.45253932412,22021.226489150133,18758.62260871477,10029.588699742306,1200.0000000000016,0,205
2025-12-19,12,Sall,602.1435925140072,12997.659877178505,13355.715840324789,13070.664125383899,6595.971506309902,1200.0000000000016,0,104
2025-12-19,18,Sall,38.166651870892565,5211.9315643528425,5543.701710959996,5279.094133594333,10141.730249983899,1200.0000000000016,0,0
2025-12-20,0,Sall,0.0,29751.544577002085,30944.56688451276,29994.148677197147,1199.9999999999984,1199.9999999999984,6,221
2025-12-20,6,Sall,1269.7948428898756,16221.231354265425,18067.769729950305,16593.31250719458,10090.60224977168,1199.9999999999984,6,206
2025-12-20,12,Sall,478.0949899966418,12660.39941705706,12970.883241568497,12723.874682632662,6478.963563422154,1199.9999999999984,0,86
2025-12-20,18,Sall,3.410605131648481e-13,5199.187708205382,5507.691256206524,5261.692266462039,10046.45760952501,1199.9999999999984,0,0
2025-12-21,0,Sall,0.0,66265.06478443439,69568.2920353128,66930.33070872196,1199.9999999999998,1199.9999999999998,0,216
2025-12-21,6,Sall,2561.733115321472,48687.89770776581,49102.25098050062,48774.28524319753,10800.0,1199.9999999999998,0,220
2025-12-21,12,Sall,719.8992962843862,34077.305208926206,34817.683367195415,34227.32871965004,6523.525784886357,1199.9999999999998,0,95
2025-12-21,18,Sall,11.814604233738578,12230.439085335425,12614.277664545023,12308.078678631806,10800.000000000002,1199.9999999999998,0,0
2025-12-22,0,Sall,0.0,64708.84621749624,69018.34391517716,65575.33248185147,1199.9999999999986,1199.9999999999986,0,242
2025-12-22,6,Sall,417.77896799718087,48108.13627184163,51479.91275066663,48785.971400685215,10800.0,1199.9999999999986,0,215
2025-12-22,12,Sall,318.11656324464434,33537.665129799134,34058.987800205156,33643.86363560552,6171.1961921849215,1199.9999999999986,0,89
2025-12-22,18,Sall,15.632811545431252,12415.149116446475,12688.541612485473,12470.6973913399,10800.0,1199.9999999999986,0,0
2025-12-23,0,Sall,0.0,65907.86629509612,69119.64109265915,66554.84123800612,1200.0000000000018,1200.0000000000018,0,178
2025-12-23,6,Sall,3234.4423090911864,48545.74287472047,49131.65027702971,48666.438383879344,10800.0,1200.0000000000018,0,181
2025-12-23,12,Sall,914.5486071617681,33503.82796453215,34162.09038542611,33637.38161521616,6450.000000000004,1200.0000000000018,0,129
2025-12-23,18,Sall,5.574133687962217,12578.662038625187,12843.004345890193,12632.399599843373,10794.136065115932,1200.0000000000018,0,0
2025-12-24,0,Sall,0.0,66114.04444007501,71029.95698372787,67101.87261547252,1199.9999999999982,1199.9999999999982,0,150
2025-12-24,6,Sall,196.09586024840786,49658.6116025705,53889.48075802633,50508.351476522635,10800.0,1199.9999999999982,0,201
2025-12-24,12,Sall,623.3037555280753,34369.25243007753,34818.5827374349,34461.086284989666,6311.151660502003,1199.9999999999982,0,81
2025-12-24,18,Sall,25.7557061566921,12616.871992194901,13004.944724948693,12695.355103223745,10790.032713017037,1199.9999999999982,0,0
2025-12-25,0,Sall,0.0,63125.940967996816,66510.46641790059,63807.35278607835,1200.0000000000025,1200.0000000000025,0,194
2025-12-25,6,Sall,726.484962674102,45985.94298178171,46888.764702277156,46169.89177609822,10800.0,1200.0000000000025,0,234
2025-12-25,12,Sall,1338.69840147096,34154.85496015653,35013.671155461656,34328.51169579046,6573.865761807878,1200.0000000000025,0,73
2025-12-25,18,Sall,102.42433157658004,12424.286818977638,12686.556446257811,12477.610727483767,10800.000000000002,1200.0000000000025,0,0
2025-12-26,0,Sall,0.0,28863.31605697594,31054.746661372476,29305.510561562543,1199.9999999999986,1199.9999999999986,0,195
2025-12-26,6,Sall,32.847003349097605,16049.567797679383,19489.609740001157,16740.32790698425,10087.194006587186,1199.9999999999986,0,128
2025-12-26,12,Sall,58.23174806946474,12813.259930727594,13320.224541352454,12916.002195858155,6623.178805778294,1199.9999999999986,0,72
2025-12-26,18,Sall,18.06574773223781,5240.238206650945,5612.100151928255,5315.428802836812,10225.360126505533,1199.9999999999986,0,0
2025-12-27,0,Sall,0.0,23369.58295747672,26600.088282438275,24019.444844364047,1199.999999999999,1199.999999999999,0,136
2025-12-27,6,Sall,360.81195848145563,11650.985573353148,13822.656334124642,12088.041191801263,10144.592219804264,1199.999999999999,0,178
2025-12-27,12,Sall,258.35360665143014,9939.056383027784,10387.699892448183,10030.186429368285,6036.709961797565,1199.999999999999,0,75
2025-12-27,18,Sall,113.03562565118973,4274.453739739478,4652.802264865995,4350.867480296493,9411.172496633813,1199.999999999999,0,0
2025-12-28,0,Sall,0.0,68074.42708532263,76908.20121109593,69845.82757714391,1200.000000000001,1200.000000000001,0,113
2025-12-28,6,Sall,2075.0778707606933,50155.27712606184,52567.06422413911,50641.13197191139,10800.0,1200.000000000001,0,122
2025-12-28,12,Sall,804.6068196139327,34999.37267028745,35206.895788437825,35042.73345789666,6309.35196932403,1200.000000000001,0,44
2025-12-28,18,Sall,213.20660640280698,13827.4585384999,16472.84360081899,14357.411750218615,10800.0,1200.000000000001,0,0
2025-12-29,0,Sall,0.0,68102.47109574202,75034.40228307187,69493.50299987459,1200.0000000000005,1200.0000000000005,0,170
2025-12-29,6,Sall,1114.8981035341362,52341.08129703848,62565.06086734317,54389.44996537873,10800.0,1200.0000000000005,0,150
2025-12-29,12,Sall,263.92732552518,36581.64571316073,37181.80027257733,36703.67645213542,6348.394996109762,1200.0000000000005,0,47
2025-12-29,18,Sall,22.495665150453306,13763.512197716998,15762.262487346467,14164.127672031756,10793.980121733779,1200.0000000000005,0,0
2025-12-30,0,Sall,0.0,63702.65776241143,68131.0715668754,64592.950418096734,1200.0000000000032,1200.0000000000032,0,126
2025-12-30,6,Sall,4445.392149997898,52173.62745633813,53217.94957445801,52386.058560490885,10800.0,1200.0000000000032,0,82
2025-12-30,12,Sall,5171.021101041304,33019.96015862545,33343.11768735005,33086.39041471758,6450.0,1200.0000000000032,0,54
2025-12-30,18,Sall,103.02243713030862,12958.0414402291,15043.561938749986,13376.016012370774,10800.0,1200.0000000000032,0,0
2025-12-31,0,Sall,0.0,69315.36029154158,76902.61305396332,70837.91356344688,1200.0000000000043,6000.0,0,124
2025-12-31,6,Sall,1605.612740911134,52000.28149358988,56458.95869620578,52896.09956993123,10800.0,6000.0,0,76
2025-12-31,12,Sall,338.81487674003495,36501.553027221074,42442.31875236196,37692.16381972847,6966.387566954387,6000.0,0,51
2025-12-31,18,Sall,111.70785920497201,14665.71119430968,15040.024515801199,14741.973898761971,10800.0,6000.0,0,0
