target_date,target_day_index,scenario_id,source_residual_date,source_day_index,scenario_weight,random_seed
2025-01-02,1,1,,,0.05,20260101001
2025-01-02,1,2,,,0.05,20260101001
2025-01-02,1,3,,,0.05,20260101001
2025-01-02,1,4,,,0.05,20260101001
2025-01-02,1,5,,,0.05,20260101001
2025-01-02,1,6,,,0.05,20260101001
2025-01-02,1,7,,,0.05,20260101001
2025-01-02,1,8,,,0.05,20260101001
2025-01-02,1,9,,,0.05,20260101001
2025-01-02,1,10,,,0.05,20260101001
2025-01-02,1,11,,,0.05,20260101001
2025-01-02,1,12,,,0.05,20260101001
2025-01-02,1,13,,,0.05,20260101001
2025-01-02,1,14,,,0.05,20260101001
2025-01-02,1,15,,,0.05,20260101001
2025-01-02,1,16,,,0.05,20260101001
2025-01-02,1,17,,,0.05,20260101001
2025-01-02,1,18,,,0.05,20260101001
2025-01-02,1,19,,,0.05,20260101001
2025-01-02,1,20,,,0.05,20260101001
2025-01-03,2,1,2025-01-02,1,0.05,20260101002
2025-01-03,2,2,2025-01-02,1,0.05,20260101002
2025-01-03,2,3,2025-01-02,1,0.05,20260101002
2025-01-03,2,4,2025-01-02,1,0.05,20260101002
2025-01-03,2,5,2025-01-02,1,0.05,20260101002
2025-01-03,2,6,2025-01-02,1,0.05,20260101002
2025-01-03,2,7,2025-01-02,1,0.05,20260101002
2025-01-03,2,8,2025-01-02,1,0.05,20260101002
2025-01-03,2,9,2025-01-02,1,0.05,20260101002
2025-01-03,2,10,2025-01-02,1,0.05,20260101002
2025-01-03,2,11,2025-01-02,1,0.05,20260101002
2025-01-03,2,12,2025-01-02,1,0.05,20260101002
2025-01-03,2,13,2025-01-02,1,0.05,20260101002
2025-01-03,2,14,2025-01-02,1,0.05,20260101002
2025-01-03,2,15,2025-01-02,1,0.05,20260101002
2025-01-03,2,16,2025-01-02,1,0.05,20260101002
2025-01-03,2,17,2025-01-02,1,0.05,20260101002
2025-01-03,2,18,2025-01-02,1,0.05,20260101002
2025-01-03,2,19,2025-01-02,1,0.05,20260101002
2025-01-03,2,20,2025-01-02,1,0.05,20260101002
2025-01-04,3,1,2025-01-03,2,0.05,20260101003
2025-01-04,3,2,2025-01-03,2,0.05,20260101003
2025-01-04,3,3,2025-01-03,2,0.05,20260101003
2025-01-04,3,4,2025-01-02,1,0.05,20260101003
2025-01-04,3,5,2025-01-02,1,0.05,20260101003
2025-01-04,3,6,2025-01-03,2,0.05,20260101003
2025-01-04,3,7,2025-01-02,1,0.05,20260101003
2025-01-04,3,8,2025-01-03,2,0.05,20260101003
2025-01-04,3,9,2025-01-02,1,0.05,20260101003
2025-01-04,3,10,2025-01-03,2,0.05,20260101003
2025-01-04,3,11,2025-01-03,2,0.05,20260101003
2025-01-04,3,12,2025-01-03,2,0.05,20260101003
2025-01-04,3,13,2025-01-03,2,0.05,20260101003
2025-01-04,3,14,2025-01-02,1,0.05,20260101003
2025-01-04,3,15,2025-01-03,2,0.05,20260101003
2025-01-04,3,16,2025-01-02,1,0.05,20260101003
2025-01-04,3,17,2025-01-02,1,0.05,20260101003
2025-01-04,3,18,2025-01-03,2,0.05,20260101003
2025-01-04,3,19,2025-01-02,1,0.05,20260101003
2025-01-04,3,20,2025-01-03,2,0.05,20260101003
2025-01-05,4,1,2025-01-04,3,0.05,20260101004
2025-01-05,4,2,2025-01-02,1,0.05,20260101004
2025-01-05,4,3,2025-01-04,3,0.05,20260101004
2025-01-05,4,4,2025-01-03,2,0.05,20260101004
2025-01-05,4,5,2025-01-02,1,0.05,20260101004
2025-01-05,4,6,2025-01-04,3,0.05,20260101004
2025-01-05,4,7,2025-01-04,3,0.05,20260101004
2025-01-05,4,8,2025-01-02,1,0.05,20260101004
2025-01-05,4,9,2025-01-02,1,0.05,20260101004
2025-01-05,4,10,2025-01-04,3,0.05,20260101004
2025-01-05,4,11,2025-01-02,1,0.05,20260101004
2025-01-05,4,12,2025-01-04,3,0.05,20260101004
2025-01-05,4,13,2025-01-03,2,0.05,20260101004
2025-01-05,4,14,2025-01-04,3,0.05,20260101004
2025-01-05,4,15,2025-01-04,3,0.05,20260101004
2025-01-05,4,16,2025-01-04,3,0.05,20260101004
2025-01-05,4,17,2025-01-04,3,0.05,20260101004
2025-01-05,4,18,2025-01-03,2,0.05,20260101004
2025-01-05,4,19,2025-01-04,3,0.05,20260101004
2025-01-05,4,20,2025-01-02,1,0.05,20260101004
2025-01-06,5,1,2025-01-05,4,0.05,20260101005
2025-01-06,5,2,2025-01-02,1,0.05,20260101005
2025-01-06,5,3,2025-01-04,3,0.05,20260101005
2025-01-06,5,4,2025-01-04,3,0.05,20260101005
2025-01-06,5,5,2025-01-02,1,0.05,20260101005
2025-01-06,5,6,2025-01-04,3,0.05,20260101005
2025-01-06,5,7,2025-01-02,1,0.05,20260101005
2025-01-06,5,8,2025-01-04,3,0.05,20260101005
2025-01-06,5,9,2025-01-04,3,0.05,20260101005
2025-01-06,5,10,2025-01-02,1,0.05,20260101005
2025-01-06,5,11,2025-01-05,4,0.05,20260101005
2025-01-06,5,12,2025-01-02,1,0.05,20260101005
2025-01-06,5,13,2025-01-05,4,0.05,20260101005
2025-01-06,5,14,2025-01-04,3,0.05,20260101005
2025-01-06,5,15,2025-01-04,3,0.05,20260101005
2025-01-06,5,16,2025-01-03,2,0.05,20260101005
2025-01-06,5,17,2025-01-05,4,0.05,20260101005
2025-01-06,5,18,2025-01-04,3,0.05,20260101005
2025-01-06,5,19,2025-01-03,2,0.05,20260101005
2025-01-06,5,20,2025-01-02,1,0.05,20260101005
2025-01-07,6,1,2025-01-03,2,0.05,20260101006
2025-01-07,6,2,2025-01-04,3,0.05,20260101006
2025-01-07,6,3,2025-01-06,5,0.05,20260101006
2025-01-07,6,4,2025-01-03,2,0.05,20260101006
2025-01-07,6,5,2025-01-04,3,0.05,20260101006
2025-01-07,6,6,2025-01-03,2,0.05,20260101006
2025-01-07,6,7,2025-01-06,5,0.05,20260101006
2025-01-07,6,8,2025-01-06,5,0.05,20260101006
2025-01-07,6,9,2025-01-04,3,0.05,20260101006
2025-01-07,6,10,2025-01-02,1,0.05,20260101006
2025-01-07,6,11,2025-01-06,5,0.05,20260101006
2025-01-07,6,12,2025-01-03,2,0.05,20260101006
2025-01-07,6,13,2025-01-02,1,0.05,20260101006
2025-01-07,6,14,2025-01-06,5,0.05,20260101006
2025-01-07,6,15,2025-01-04,3,0.05,20260101006
2025-01-07,6,16,2025-01-03,2,0.05,20260101006
2025-01-07,6,17,2025-01-03,2,0.05,20260101006
2025-01-07,6,18,2025-01-04,3,0.05,20260101006
2025-01-07,6,19,2025-01-05,4,0.05,20260101006
2025-01-07,6,20,2025-01-06,5,0.05,20260101006
2025-01-08,7,1,2025-01-07,6,0.05,20260101007
2025-01-08,7,2,2025-01-06,5,0.05,20260101007
2025-01-08,7,3,2025-01-06,5,0.05,20260101007
2025-01-08,7,4,2025-01-05,4,0.05,20260101007
2025-01-08,7,5,2025-01-04,3,0.05,20260101007
2025-01-08,7,6,2025-01-07,6,0.05,20260101007
2025-01-08,7,7,2025-01-04,3,0.05,20260101007
2025-01-08,7,8,2025-01-02,1,0.05,20260101007
2025-01-08,7,9,2025-01-06,5,0.05,20260101007
2025-01-08,7,10,2025-01-02,1,0.05,20260101007
2025-01-08,7,11,2025-01-02,1,0.05,20260101007
2025-01-08,7,12,2025-01-03,2,0.05,20260101007
2025-01-08,7,13,2025-01-07,6,0.05,20260101007
2025-01-08,7,14,2025-01-04,3,0.05,20260101007
2025-01-08,7,15,2025-01-07,6,0.05,20260101007
2025-01-08,7,16,2025-01-02,1,0.05,20260101007
2025-01-08,7,17,2025-01-03,2,0.05,20260101007
2025-01-08,7,18,2025-01-07,6,0.05,20260101007
2025-01-08,7,19,2025-01-07,6,0.05,20260101007
2025-01-08,7,20,2025-01-04,3,0.05,20260101007
2025-01-09,8,1,2025-01-04,3,0.05,20260101008
2025-01-09,8,2,2025-01-02,1,0.05,20260101008
2025-01-09,8,3,2025-01-06,5,0.05,20260101008
2025-01-09,8,4,2025-01-03,2,0.05,20260101008
2025-01-09,8,5,2025-01-06,5,0.05,20260101008
2025-01-09,8,6,2025-01-05,4,0.05,20260101008
2025-01-09,8,7,2025-01-04,3,0.05,20260101008
2025-01-09,8,8,2025-01-06,5,0.05,20260101008
2025-01-09,8,9,2025-01-04,3,0.05,20260101008
2025-01-09,8,10,2025-01-03,2,0.05,20260101008
2025-01-09,8,11,2025-01-07,6,0.05,20260101008
2025-01-09,8,12,2025-01-08,7,0.05,20260101008
2025-01-09,8,13,2025-01-08,7,0.05,20260101008
2025-01-09,8,14,2025-01-05,4,0.05,20260101008
2025-01-09,8,15,2025-01-08,7,0.05,20260101008
2025-01-09,8,16,2025-01-04,3,0.05,20260101008
2025-01-09,8,17,2025-01-05,4,0.05,20260101008
2025-01-09,8,18,2025-01-04,3,0.05,20260101008
2025-01-09,8,19,2025-01-07,6,0.05,20260101008
2025-01-09,8,20,2025-01-04,3,0.05,20260101008
2025-01-10,9,1,2025-01-03,2,0.05,20260101009
2025-01-10,9,2,2025-01-05,4,0.05,20260101009
2025-01-10,9,3,2025-01-07,6,0.05,20260101009
2025-01-10,9,4,2025-01-07,6,0.05,20260101009
2025-01-10,9,5,2025-01-02,1,0.05,20260101009
2025-01-10,9,6,2025-01-04,3,0.05,20260101009
2025-01-10,9,7,2025-01-09,8,0.05,20260101009
2025-01-10,9,8,2025-01-06,5,0.05,20260101009
2025-01-10,9,9,2025-01-06,5,0.05,20260101009
2025-01-10,9,10,2025-01-09,8,0.05,20260101009
2025-01-10,9,11,2025-01-02,1,0.05,20260101009
2025-01-10,9,12,2025-01-09,8,0.05,20260101009
2025-01-10,9,13,2025-01-05,4,0.05,20260101009
2025-01-10,9,14,2025-01-06,5,0.05,20260101009
2025-01-10,9,15,2025-01-06,5,0.05,20260101009
2025-01-10,9,16,2025-01-07,6,0.05,20260101009
2025-01-10,9,17,2025-01-07,6,0.05,20260101009
2025-01-10,9,18,2025-01-07,6,0.05,20260101009
2025-01-10,9,19,2025-01-07,6,0.05,20260101009
2025-01-10,9,20,2025-01-03,2,0.05,20260101009
2025-01-11,10,1,2025-01-08,7,0.05,20260101010
2025-01-11,10,2,2025-01-07,6,0.05,20260101010
2025-01-11,10,3,2025-01-09,8,0.05,20260101010
2025-01-11,10,4,2025-01-02,1,0.05,20260101010
2025-01-11,10,5,2025-01-09,8,0.05,20260101010
2025-01-11,10,6,2025-01-08,7,0.05,20260101010
2025-01-11,10,7,2025-01-07,6,0.05,20260101010
2025-01-11,10,8,2025-01-05,4,0.05,20260101010
2025-01-11,10,9,2025-01-10,9,0.05,20260101010
2025-01-11,10,10,2025-01-05,4,0.05,20260101010
2025-01-11,10,11,2025-01-04,3,0.05,20260101010
2025-01-11,10,12,2025-01-07,6,0.05,20260101010
2025-01-11,10,13,2025-01-08,7,0.05,20260101010
2025-01-11,10,14,2025-01-10,9,0.05,20260101010
2025-01-11,10,15,2025-01-06,5,0.05,20260101010
2025-01-11,10,16,2025-01-02,1,0.05,20260101010
2025-01-11,10,17,2025-01-05,4,0.05,20260101010
2025-01-11,10,18,2025-01-07,6,0.05,20260101010
2025-01-11,10,19,2025-01-09,8,0.05,20260101010
2025-01-11,10,20,2025-01-08,7,0.05,20260101010
2025-01-12,11,1,2025-01-11,10,0.05,20260101011
2025-01-12,11,2,2025-01-04,3,0.05,20260101011
2025-01-12,11,3,2025-01-09,8,0.05,20260101011
2025-01-12,11,4,2025-01-03,2,0.05,20260101011
2025-01-12,11,5,2025-01-07,6,0.05,20260101011
2025-01-12,11,6,2025-01-07,6,0.05,20260101011
2025-01-12,11,7,2025-01-05,4,0.05,20260101011
2025-01-12,11,8,2025-01-02,1,0.05,20260101011
2025-01-12,11,9,2025-01-06,5,0.05,20260101011
2025-01-12,11,10,2025-01-02,1,0.05,20260101011
2025-01-12,11,11,2025-01-09,8,0.05,20260101011
2025-01-12,11,12,2025-01-06,5,0.05,20260101011
2025-01-12,11,13,2025-01-07,6,0.05,20260101011
2025-01-12,11,14,2025-01-08,7,0.05,20260101011
2025-01-12,11,15,2025-01-06,5,0.05,20260101011
2025-01-12,11,16,2025-01-11,10,0.05,20260101011
2025-01-12,11,17,2025-01-08,7,0.05,20260101011
2025-01-12,11,18,2025-01-10,9,0.05,20260101011
2025-01-12,11,19,2025-01-07,6,0.05,20260101011
2025-01-12,11,20,2025-01-06,5,0.05,20260101011
2025-01-13,12,1,2025-01-07,6,0.05,20260101012
2025-01-13,12,2,2025-01-02,1,0.05,20260101012
2025-01-13,12,3,2025-01-03,2,0.05,20260101012
2025-01-13,12,4,2025-01-09,8,0.05,20260101012
2025-01-13,12,5,2025-01-11,10,0.05,20260101012
2025-01-13,12,6,2025-01-08,7,0.05,20260101012
2025-01-13,12,7,2025-01-07,6,0.05,20260101012
2025-01-13,12,8,2025-01-05,4,0.05,20260101012
2025-01-13,12,9,2025-01-12,11,0.05,20260101012
2025-01-13,12,10,2025-01-08,7,0.05,20260101012
2025-01-13,12,11,2025-01-09,8,0.05,20260101012
2025-01-13,12,12,2025-01-10,9,0.05,20260101012
2025-01-13,12,13,2025-01-04,3,0.05,20260101012
2025-01-13,12,14,2025-01-09,8,0.05,20260101012
2025-01-13,12,15,2025-01-09,8,0.05,20260101012
2025-01-13,12,16,2025-01-07,6,0.05,20260101012
2025-01-13,12,17,2025-01-11,10,0.05,20260101012
2025-01-13,12,18,2025-01-04,3,0.05,20260101012
2025-01-13,12,19,2025-01-02,1,0.05,20260101012
2025-01-13,12,20,2025-01-05,4,0.05,20260101012
2025-01-14,13,1,2025-01-08,7,0.05,20260101013
2025-01-14,13,2,2025-01-05,4,0.05,20260101013
2025-01-14,13,3,2025-01-11,10,0.05,20260101013
2025-01-14,13,4,2025-01-10,9,0.05,20260101013
2025-01-14,13,5,2025-01-10,9,0.05,20260101013
2025-01-14,13,6,2025-01-12,11,0.05,20260101013
2025-01-14,13,7,2025-01-07,6,0.05,20260101013
2025-01-14,13,8,2025-01-11,10,0.05,20260101013
2025-01-14,13,9,2025-01-06,5,0.05,20260101013
2025-01-14,13,10,2025-01-09,8,0.05,20260101013
2025-01-14,13,11,2025-01-13,12,0.05,20260101013
2025-01-14,13,12,2025-01-10,9,0.05,20260101013
2025-01-14,13,13,2025-01-12,11,0.05,20260101013
2025-01-14,13,14,2025-01-07,6,0.05,20260101013
2025-01-14,13,15,2025-01-07,6,0.05,20260101013
2025-01-14,13,16,2025-01-10,9,0.05,20260101013
2025-01-14,13,17,2025-01-04,3,0.05,20260101013
2025-01-14,13,18,2025-01-09,8,0.05,20260101013
2025-01-14,13,19,2025-01-09,8,0.05,20260101013
2025-01-14,13,20,2025-01-02,1,0.05,20260101013
2025-01-15,14,1,2025-01-04,3,0.05,20260101014
2025-01-15,14,2,2025-01-14,13,0.05,20260101014
2025-01-15,14,3,2025-01-10,9,0.05,20260101014
2025-01-15,14,4,2025-01-03,2,0.05,20260101014
2025-01-15,14,5,2025-01-05,4,0.05,20260101014
2025-01-15,14,6,2025-01-05,4,0.05,20260101014
2025-01-15,14,7,2025-01-02,1,0.05,20260101014
2025-01-15,14,8,2025-01-05,4,0.05,20260101014
2025-01-15,14,9,2025-01-02,1,0.05,20260101014
2025-01-15,14,10,2025-01-11,10,0.05,20260101014
2025-01-15,14,11,2025-01-04,3,0.05,20260101014
2025-01-15,14,12,2025-01-10,9,0.05,20260101014
2025-01-15,14,13,2025-01-12,11,0.05,20260101014
2025-01-15,14,14,2025-01-09,8,0.05,20260101014
2025-01-15,14,15,2025-01-14,13,0.05,20260101014
2025-01-15,14,16,2025-01-12,11,0.05,20260101014
2025-01-15,14,17,2025-01-11,10,0.05,20260101014
2025-01-15,14,18,2025-01-04,3,0.05,20260101014
2025-01-15,14,19,2025-01-02,1,0.05,20260101014
2025-01-15,14,20,2025-01-14,13,0.05,20260101014
2025-01-16,15,1,2025-01-08,7,0.05,20260101015
2025-01-16,15,2,2025-01-11,10,0.05,20260101015
2025-01-16,15,3,2025-01-10,9,0.05,20260101015
2025-01-16,15,4,2025-01-05,4,0.05,20260101015
2025-01-16,15,5,2025-01-05,4,0.05,20260101015
2025-01-16,15,6,2025-01-15,14,0.05,20260101015
2025-01-16,15,7,2025-01-11,10,0.05,20260101015
2025-01-16,15,8,2025-01-05,4,0.05,20260101015
2025-01-16,15,9,2025-01-11,10,0.05,20260101015
2025-01-16,15,10,2025-01-15,14,0.05,20260101015
2025-01-16,15,11,2025-01-04,3,0.05,20260101015
2025-01-16,15,12,2025-01-12,11,0.05,20260101015
2025-01-16,15,13,2025-01-14,13,0.05,20260101015
2025-01-16,15,14,2025-01-10,9,0.05,20260101015
2025-01-16,15,15,2025-01-02,1,0.05,20260101015
2025-01-16,15,16,2025-01-10,9,0.05,20260101015
2025-01-16,15,17,2025-01-09,8,0.05,20260101015
2025-01-16,15,18,2025-01-13,12,0.05,20260101015
2025-01-16,15,19,2025-01-10,9,0.05,20260101015
2025-01-16,15,20,2025-01-03,2,0.05,20260101015
2025-01-17,16,1,2025-01-04,3,0.05,20260101016
2025-01-17,16,2,2025-01-13,12,0.05,20260101016
2025-01-17,16,3,2025-01-03,2,0.05,20260101016
2025-01-17,16,4,2025-01-09,8,0.05,20260101016
2025-01-17,16,5,2025-01-15,14,0.05,20260101016
2025-01-17,16,6,2025-01-06,5,0.05,20260101016
2025-01-17,16,7,2025-01-08,7,0.05,20260101016
2025-01-17,16,8,2025-01-09,8,0.05,20260101016
2025-01-17,16,9,2025-01-12,11,0.05,20260101016
2025-01-17,16,10,2025-01-15,14,0.05,20260101016
2025-01-17,16,11,2025-01-08,7,0.05,20260101016
2025-01-17,16,12,2025-01-10,9,0.05,20260101016
2025-01-17,16,13,2025-01-04,3,0.05,20260101016
2025-01-17,16,14,2025-01-11,10,0.05,20260101016
2025-01-17,16,15,2025-01-14,13,0.05,20260101016
2025-01-17,16,16,2025-01-14,13,0.05,20260101016
2025-01-17,16,17,2025-01-16,15,0.05,20260101016
2025-01-17,16,18,2025-01-03,2,0.05,20260101016
2025-01-17,16,19,2025-01-16,15,0.05,20260101016
2025-01-17,16,20,2025-01-12,11,0.05,20260101016
2025-01-18,17,1,2025-01-06,5,0.05,20260101017
2025-01-18,17,2,2025-01-15,14,0.05,20260101017
2025-01-18,17,3,2025-01-04,3,0.05,20260101017
2025-01-18,17,4,2025-01-08,7,0.05,20260101017
2025-01-18,17,5,2025-01-10,9,0.05,20260101017
2025-01-18,17,6,2025-01-14,13,0.05,20260101017
2025-01-18,17,7,2025-01-03,2,0.05,20260101017
2025-01-18,17,8,2025-01-15,14,0.05,20260101017
2025-01-18,17,9,2025-01-04,3,0.05,20260101017
2025-01-18,17,10,2025-01-16,15,0.05,20260101017
2025-01-18,17,11,2025-01-03,2,0.05,20260101017
2025-01-18,17,12,2025-01-07,6,0.05,20260101017
2025-01-18,17,13,2025-01-03,2,0.05,20260101017
2025-01-18,17,14,2025-01-02,1,0.05,20260101017
2025-01-18,17,15,2025-01-05,4,0.05,20260101017
2025-01-18,17,16,2025-01-17,16,0.05,20260101017
2025-01-18,17,17,2025-01-13,12,0.05,20260101017
2025-01-18,17,18,2025-01-11,10,0.05,20260101017
2025-01-18,17,19,2025-01-07,6,0.05,20260101017
2025-01-18,17,20,2025-01-04,3,0.05,20260101017
2025-01-19,18,1,2025-01-11,10,0.05,20260101018
2025-01-19,18,2,2025-01-06,5,0.05,20260101018
2025-01-19,18,3,2025-01-05,4,0.05,20260101018
2025-01-19,18,4,2025-01-10,9,0.05,20260101018
2025-01-19,18,5,2025-01-10,9,0.05,20260101018
2025-01-19,18,6,2025-01-07,6,0.05,20260101018
2025-01-19,18,7,2025-01-11,10,0.05,20260101018
2025-01-19,18,8,2025-01-06,5,0.05,20260101018
2025-01-19,18,9,2025-01-05,4,0.05,20260101018
2025-01-19,18,10,2025-01-07,6,0.05,20260101018
2025-01-19,18,11,2025-01-16,15,0.05,20260101018
2025-01-19,18,12,2025-01-09,8,0.05,20260101018
2025-01-19,18,13,2025-01-18,17,0.05,20260101018
2025-01-19,18,14,2025-01-13,12,0.05,20260101018
2025-01-19,18,15,2025-01-12,11,0.05,20260101018
2025-01-19,18,16,2025-01-09,8,0.05,20260101018
2025-01-19,18,17,2025-01-14,13,0.05,20260101018
2025-01-19,18,18,2025-01-09,8,0.05,20260101018
2025-01-19,18,19,2025-01-14,13,0.05,20260101018
2025-01-19,18,20,2025-01-10,9,0.05,20260101018
2025-01-20,19,1,2025-01-16,15,0.05,20260101019
2025-01-20,19,2,2025-01-06,5,0.05,20260101019
2025-01-20,19,3,2025-01-08,7,0.05,20260101019
2025-01-20,19,4,2025-01-02,1,0.05,20260101019
2025-01-20,19,5,2025-01-03,2,0.05,20260101019
2025-01-20,19,6,2025-01-15,14,0.05,20260101019
2025-01-20,19,7,2025-01-10,9,0.05,20260101019
2025-01-20,19,8,2025-01-02,1,0.05,20260101019
2025-01-20,19,9,2025-01-13,12,0.05,20260101019
2025-01-20,19,10,2025-01-19,18,0.05,20260101019
2025-01-20,19,11,2025-01-03,2,0.05,20260101019
2025-01-20,19,12,2025-01-07,6,0.05,20260101019
2025-01-20,19,13,2025-01-07,6,0.05,20260101019
2025-01-20,19,14,2025-01-14,13,0.05,20260101019
2025-01-20,19,15,2025-01-18,17,0.05,20260101019
2025-01-20,19,16,2025-01-14,13,0.05,20260101019
2025-01-20,19,17,2025-01-07,6,0.05,20260101019
2025-01-20,19,18,2025-01-12,11,0.05,20260101019
2025-01-20,19,19,2025-01-02,1,0.05,20260101019
2025-01-20,19,20,2025-01-14,13,0.05,20260101019
2025-01-21,20,1,2025-01-03,2,0.05,20260101020
2025-01-21,20,2,2025-01-02,1,0.05,20260101020
2025-01-21,20,3,2025-01-12,11,0.05,20260101020
2025-01-21,20,4,2025-01-17,16,0.05,20260101020
2025-01-21,20,5,2025-01-11,10,0.05,20260101020
2025-01-21,20,6,2025-01-20,19,0.05,20260101020
2025-01-21,20,7,2025-01-20,19,0.05,20260101020
2025-01-21,20,8,2025-01-16,15,0.05,20260101020
2025-01-21,20,9,2025-01-17,16,0.05,20260101020
2025-01-21,20,10,2025-01-18,17,0.05,20260101020
2025-01-21,20,11,2025-01-03,2,0.05,20260101020
2025-01-21,20,12,2025-01-02,1,0.05,20260101020
2025-01-21,20,13,2025-01-16,15,0.05,20260101020
2025-01-21,20,14,2025-01-12,11,0.05,20260101020
2025-01-21,20,15,2025-01-14,13,0.05,20260101020
2025-01-21,20,16,2025-01-06,5,0.05,20260101020
2025-01-21,20,17,2025-01-15,14,0.05,20260101020
2025-01-21,20,18,2025-01-08,7,0.05,20260101020
2025-01-21,20,19,2025-01-18,17,0.05,20260101020
2025-01-21,20,20,2025-01-04,3,0.05,20260101020
2025-01-22,21,1,2025-01-11,10,0.05,20260101021
2025-01-22,21,2,2025-01-02,1,0.05,20260101021
2025-01-22,21,3,2025-01-15,14,0.05,20260101021
2025-01-22,21,4,2025-01-21,20,0.05,20260101021
2025-01-22,21,5,2025-01-20,19,0.05,20260101021
2025-01-22,21,6,2025-01-20,19,0.05,20260101021
2025-01-22,21,7,2025-01-09,8,0.05,20260101021
2025-01-22,21,8,2025-01-20,19,0.05,20260101021
2025-01-22,21,9,2025-01-13,12,0.05,20260101021
2025-01-22,21,10,2025-01-13,12,0.05,20260101021
2025-01-22,21,11,2025-01-04,3,0.05,20260101021
2025-01-22,21,12,2025-01-09,8,0.05,20260101021
2025-01-22,21,13,2025-01-05,4,0.05,20260101021
2025-01-22,21,14,2025-01-04,3,0.05,20260101021
2025-01-22,21,15,2025-01-20,19,0.05,20260101021
2025-01-22,21,16,2025-01-20,19,0.05,20260101021
2025-01-22,21,17,2025-01-15,14,0.05,20260101021
2025-01-22,21,18,2025-01-12,11,0.05,20260101021
2025-01-22,21,19,2025-01-12,11,0.05,20260101021
2025-01-22,21,20,2025-01-10,9,0.05,20260101021
2025-01-23,22,1,2025-01-13,12,0.05,20260101022
2025-01-23,22,2,2025-01-08,7,0.05,20260101022
2025-01-23,22,3,2025-01-06,5,0.05,20260101022
2025-01-23,22,4,2025-01-04,3,0.05,20260101022
2025-01-23,22,5,2025-01-07,6,0.05,20260101022
2025-01-23,22,6,2025-01-06,5,0.05,20260101022
2025-01-23,22,7,2025-01-13,12,0.05,20260101022
2025-01-23,22,8,2025-01-03,2,0.05,20260101022
2025-01-23,22,9,2025-01-22,21,0.05,20260101022
2025-01-23,22,10,2025-01-15,14,0.05,20260101022
2025-01-23,22,11,2025-01-10,9,0.05,20260101022
2025-01-23,22,12,2025-01-12,11,0.05,20260101022
2025-01-23,22,13,2025-01-20,19,0.05,20260101022
2025-01-23,22,14,2025-01-11,10,0.05,20260101022
2025-01-23,22,15,2025-01-13,12,0.05,20260101022
2025-01-23,22,16,2025-01-02,1,0.05,20260101022
2025-01-23,22,17,2025-01-10,9,0.05,20260101022
2025-01-23,22,18,2025-01-02,1,0.05,20260101022
2025-01-23,22,19,2025-01-08,7,0.05,20260101022
2025-01-23,22,20,2025-01-09,8,0.05,20260101022
2025-01-24,23,1,2025-01-15,14,0.05,20260101023
2025-01-24,23,2,2025-01-10,9,0.05,20260101023
2025-01-24,23,3,2025-01-20,19,0.05,20260101023
2025-01-24,23,4,2025-01-19,18,0.05,20260101023
2025-01-24,23,5,2025-01-11,10,0.05,20260101023
2025-01-24,23,6,2025-01-08,7,0.05,20260101023
2025-01-24,23,7,2025-01-07,6,0.05,20260101023
2025-01-24,23,8,2025-01-11,10,0.05,20260101023
2025-01-24,23,9,2025-01-15,14,0.05,20260101023
2025-01-24,23,10,2025-01-11,10,0.05,20260101023
2025-01-24,23,11,2025-01-06,5,0.05,20260101023
2025-01-24,23,12,2025-01-19,18,0.05,20260101023
2025-01-24,23,13,2025-01-22,21,0.05,20260101023
2025-01-24,23,14,2025-01-18,17,0.05,20260101023
2025-01-24,23,15,2025-01-08,7,0.05,20260101023
2025-01-24,23,16,2025-01-16,15,0.05,20260101023
2025-01-24,23,17,2025-01-19,18,0.05,20260101023
2025-01-24,23,18,2025-01-07,6,0.05,20260101023
2025-01-24,23,19,2025-01-23,22,0.05,20260101023
2025-01-24,23,20,2025-01-11,10,0.05,20260101023
2025-01-25,24,1,2025-01-10,9,0.05,20260101024
2025-01-25,24,2,2025-01-22,21,0.05,20260101024
2025-01-25,24,3,2025-01-21,20,0.05,20260101024
2025-01-25,24,4,2025-01-11,10,0.05,20260101024
2025-01-25,24,5,2025-01-15,14,0.05,20260101024
2025-01-25,24,6,2025-01-05,4,0.05,20260101024
2025-01-25,24,7,2025-01-14,13,0.05,20260101024
2025-01-25,24,8,2025-01-11,10,0.05,20260101024
2025-01-25,24,9,2025-01-08,7,0.05,20260101024
2025-01-25,24,10,2025-01-16,15,0.05,20260101024
2025-01-25,24,11,2025-01-09,8,0.05,20260101024
2025-01-25,24,12,2025-01-17,16,0.05,20260101024
2025-01-25,24,13,2025-01-23,22,0.05,20260101024
2025-01-25,24,14,2025-01-03,2,0.05,20260101024
2025-01-25,24,15,2025-01-18,17,0.05,20260101024
2025-01-25,24,16,2025-01-20,19,0.05,20260101024
2025-01-25,24,17,2025-01-06,5,0.05,20260101024
2025-01-25,24,18,2025-01-13,12,0.05,20260101024
2025-01-25,24,19,2025-01-11,10,0.05,20260101024
2025-01-25,24,20,2025-01-06,5,0.05,20260101024
2025-01-26,25,1,2025-01-23,22,0.05,20260101025
2025-01-26,25,2,2025-01-07,6,0.05,20260101025
2025-01-26,25,3,2025-01-19,18,0.05,20260101025
2025-01-26,25,4,2025-01-02,1,0.05,20260101025
2025-01-26,25,5,2025-01-13,12,0.05,20260101025
2025-01-26,25,6,2025-01-20,19,0.05,20260101025
2025-01-26,25,7,2025-01-10,9,0.05,20260101025
2025-01-26,25,8,2025-01-23,22,0.05,20260101025
2025-01-26,25,9,2025-01-17,16,0.05,20260101025
2025-01-26,25,10,2025-01-08,7,0.05,20260101025
2025-01-26,25,11,2025-01-16,15,0.05,20260101025
2025-01-26,25,12,2025-01-21,20,0.05,20260101025
2025-01-26,25,13,2025-01-24,23,0.05,20260101025
2025-01-26,25,14,2025-01-07,6,0.05,20260101025
2025-01-26,25,15,2025-01-17,16,0.05,20260101025
2025-01-26,25,16,2025-01-19,18,0.05,20260101025
2025-01-26,25,17,2025-01-16,15,0.05,20260101025
2025-01-26,25,18,2025-01-17,16,0.05,20260101025
2025-01-26,25,19,2025-01-04,3,0.05,20260101025
2025-01-26,25,20,2025-01-03,2,0.05,20260101025
2025-01-27,26,1,2025-01-15,14,0.05,20260101026
2025-01-27,26,2,2025-01-15,14,0.05,20260101026
2025-01-27,26,3,2025-01-03,2,0.05,20260101026
2025-01-27,26,4,2025-01-04,3,0.05,20260101026
2025-01-27,26,5,2025-01-15,14,0.05,20260101026
2025-01-27,26,6,2025-01-11,10,0.05,20260101026
2025-01-27,26,7,2025-01-17,16,0.05,20260101026
2025-01-27,26,8,2025-01-21,20,0.05,20260101026
2025-01-27,26,9,2025-01-19,18,0.05,20260101026
2025-01-27,26,10,2025-01-02,1,0.05,20260101026
2025-01-27,26,11,2025-01-18,17,0.05,20260101026
2025-01-27,26,12,2025-01-26,25,0.05,20260101026
2025-01-27,26,13,2025-01-11,10,0.05,20260101026
2025-01-27,26,14,2025-01-02,1,0.05,20260101026
2025-01-27,26,15,2025-01-20,19,0.05,20260101026
2025-01-27,26,16,2025-01-03,2,0.05,20260101026
2025-01-27,26,17,2025-01-20,19,0.05,20260101026
2025-01-27,26,18,2025-01-19,18,0.05,20260101026
2025-01-27,26,19,2025-01-03,2,0.05,20260101026
2025-01-27,26,20,2025-01-04,3,0.05,20260101026
2025-01-28,27,1,2025-01-08,7,0.05,20260101027
2025-01-28,27,2,2025-01-03,2,0.05,20260101027
2025-01-28,27,3,2025-01-12,11,0.05,20260101027
2025-01-28,27,4,2025-01-21,20,0.05,20260101027
2025-01-28,27,5,2025-01-11,10,0.05,20260101027
2025-01-28,27,6,2025-01-15,14,0.05,20260101027
2025-01-28,27,7,2025-01-16,15,0.05,20260101027
2025-01-28,27,8,2025-01-09,8,0.05,20260101027
2025-01-28,27,9,2025-01-05,4,0.05,20260101027
2025-01-28,27,10,2025-01-14,13,0.05,20260101027
2025-01-28,27,11,2025-01-05,4,0.05,20260101027
2025-01-28,27,12,2025-01-07,6,0.05,20260101027
2025-01-28,27,13,2025-01-25,24,0.05,20260101027
2025-01-28,27,14,2025-01-07,6,0.05,20260101027
2025-01-28,27,15,2025-01-22,21,0.05,20260101027
2025-01-28,27,16,2025-01-19,18,0.05,20260101027
2025-01-28,27,17,2025-01-26,25,0.05,20260101027
2025-01-28,27,18,2025-01-11,10,0.05,20260101027
2025-01-28,27,19,2025-01-26,25,0.05,20260101027
2025-01-28,27,20,2025-01-27,26,0.05,20260101027
2025-01-29,28,1,2025-01-24,23,0.05,20260101028
2025-01-29,28,2,2025-01-14,13,0.05,20260101028
2025-01-29,28,3,2025-01-20,19,0.05,20260101028
2025-01-29,28,4,2025-01-24,23,0.05,20260101028
2025-01-29,28,5,2025-01-25,24,0.05,20260101028
2025-01-29,28,6,2025-01-04,3,0.05,20260101028
2025-01-29,28,7,2025-01-04,3,0.05,20260101028
2025-01-29,28,8,2025-01-16,15,0.05,20260101028
2025-01-29,28,9,2025-01-11,10,0.05,20260101028
2025-01-29,28,10,2025-01-09,8,0.05,20260101028
2025-01-29,28,11,2025-01-08,7,0.05,20260101028
2025-01-29,28,12,2025-01-13,12,0.05,20260101028
2025-01-29,28,13,2025-01-15,14,0.05,20260101028
2025-01-29,28,14,2025-01-05,4,0.05,20260101028
2025-01-29,28,15,2025-01-18,17,0.05,20260101028
2025-01-29,28,16,2025-01-19,18,0.05,20260101028
2025-01-29,28,17,2025-01-21,20,0.05,20260101028
2025-01-29,28,18,2025-01-19,18,0.05,20260101028
2025-01-29,28,19,2025-01-13,12,0.05,20260101028
2025-01-29,28,20,2025-01-22,21,0.05,20260101028
2025-01-30,29,1,2025-01-11,10,0.05,20260101029
2025-01-30,29,2,2025-01-18,17,0.05,20260101029
2025-01-30,29,3,2025-01-28,27,0.05,20260101029
2025-01-30,29,4,2025-01-11,10,0.05,20260101029
2025-01-30,29,5,2025-01-26,25,0.05,20260101029
2025-01-30,29,6,2025-01-16,15,0.05,20260101029
2025-01-30,29,7,2025-01-02,1,0.05,20260101029
2025-01-30,29,8,2025-01-24,23,0.05,20260101029
2025-01-30,29,9,2025-01-06,5,0.05,20260101029
2025-01-30,29,10,2025-01-23,22,0.05,20260101029
2025-01-30,29,11,2025-01-10,9,0.05,20260101029
2025-01-30,29,12,2025-01-09,8,0.05,20260101029
2025-01-30,29,13,2025-01-09,8,0.05,20260101029
2025-01-30,29,14,2025-01-11,10,0.05,20260101029
2025-01-30,29,15,2025-01-20,19,0.05,20260101029
2025-01-30,29,16,2025-01-29,28,0.05,20260101029
2025-01-30,29,17,2025-01-19,18,0.05,20260101029
2025-01-30,29,18,2025-01-29,28,0.05,20260101029
2025-01-30,29,19,2025-01-16,15,0.05,20260101029
2025-01-30,29,20,2025-01-03,2,0.05,20260101029
2025-01-31,30,1,2025-01-26,25,0.05,20260101030
2025-01-31,30,2,2025-01-16,15,0.05,20260101030
2025-01-31,30,3,2025-01-06,5,0.05,20260101030
2025-01-31,30,4,2025-01-10,9,0.05,20260101030
2025-01-31,30,5,2025-01-25,24,0.05,20260101030
2025-01-31,30,6,2025-01-18,17,0.05,20260101030
2025-01-31,30,7,2025-01-07,6,0.05,20260101030
2025-01-31,30,8,2025-01-10,9,0.05,20260101030
2025-01-31,30,9,2025-01-04,3,0.05,20260101030
2025-01-31,30,10,2025-01-22,21,0.05,20260101030
2025-01-31,30,11,2025-01-29,28,0.05,20260101030
2025-01-31,30,12,2025-01-25,24,0.05,20260101030
2025-01-31,30,13,2025-01-27,26,0.05,20260101030
2025-01-31,30,14,2025-01-06,5,0.05,20260101030
2025-01-31,30,15,2025-01-04,3,0.05,20260101030
2025-01-31,30,16,2025-01-23,22,0.05,20260101030
2025-01-31,30,17,2025-01-07,6,0.05,20260101030
2025-01-31,30,18,2025-01-29,28,0.05,20260101030
2025-01-31,30,19,2025-01-16,15,0.05,20260101030
2025-01-31,30,20,2025-01-19,18,0.05,20260101030
2025-02-01,31,1,2025-01-08,7,0.05,20260101031
2025-02-01,31,2,2025-01-26,25,0.05,20260101031
2025-02-01,31,3,2025-01-23,22,0.05,20260101031
2025-02-01,31,4,2025-01-23,22,0.05,20260101031
2025-02-01,31,5,2025-01-13,12,0.05,20260101031
2025-02-01,31,6,2025-01-31,30,0.05,20260101031
2025-02-01,31,7,2025-01-24,23,0.05,20260101031
2025-02-01,31,8,2025-01-08,7,0.05,20260101031
2025-02-01,31,9,2025-01-28,27,0.05,20260101031
2025-02-01,31,10,2025-01-22,21,0.05,20260101031
2025-02-01,31,11,2025-01-04,3,0.05,20260101031
2025-02-01,31,12,2025-01-10,9,0.05,20260101031
2025-02-01,31,13,2025-01-17,16,0.05,20260101031
2025-02-01,31,14,2025-01-08,7,0.05,20260101031
2025-02-01,31,15,2025-01-29,28,0.05,20260101031
2025-02-01,31,16,2025-01-21,20,0.05,20260101031
2025-02-01,31,17,2025-01-07,6,0.05,20260101031
2025-02-01,31,18,2025-01-28,27,0.05,20260101031
2025-02-01,31,19,2025-01-12,11,0.05,20260101031
2025-02-01,31,20,2025-01-07,6,0.05,20260101031
2025-02-02,32,1,2025-01-21,20,0.05,20260101032
2025-02-02,32,2,2025-01-29,28,0.05,20260101032
2025-02-02,32,3,2025-01-10,9,0.05,20260101032
2025-02-02,32,4,2025-01-20,19,0.05,20260101032
2025-02-02,32,5,2025-01-17,16,0.05,20260101032
2025-02-02,32,6,2025-01-19,18,0.05,20260101032
2025-02-02,32,7,2025-01-12,11,0.05,20260101032
2025-02-02,32,8,2025-01-21,20,0.05,20260101032
2025-02-02,32,9,2025-01-02,1,0.05,20260101032
2025-02-02,32,10,2025-01-23,22,0.05,20260101032
2025-02-02,32,11,2025-01-24,23,0.05,20260101032
2025-02-02,32,12,2025-01-24,23,0.05,20260101032
2025-02-02,32,13,2025-01-07,6,0.05,20260101032
2025-02-02,32,14,2025-01-16,15,0.05,20260101032
2025-02-02,32,15,2025-01-31,30,0.05,20260101032
2025-02-02,32,16,2025-01-25,24,0.05,20260101032
2025-02-02,32,17,2025-01-17,16,0.05,20260101032
2025-02-02,32,18,2025-01-09,8,0.05,20260101032
2025-02-02,32,19,2025-01-27,26,0.05,20260101032
2025-02-02,32,20,2025-01-14,13,0.05,20260101032
2025-02-03,33,1,2025-01-12,11,0.05,20260101033
2025-02-03,33,2,2025-01-28,27,0.05,20260101033
2025-02-03,33,3,2025-01-14,13,0.05,20260101033
2025-02-03,33,4,2025-01-21,20,0.05,20260101033
2025-02-03,33,5,2025-01-30,29,0.05,20260101033
2025-02-03,33,6,2025-01-16,15,0.05,20260101033
2025-02-03,33,7,2025-01-29,28,0.05,20260101033
2025-02-03,33,8,2025-01-31,30,0.05,20260101033
2025-02-03,33,9,2025-01-08,7,0.05,20260101033
2025-02-03,33,10,2025-01-20,19,0.05,20260101033
2025-02-03,33,11,2025-01-26,25,0.05,20260101033
2025-02-03,33,12,2025-01-12,11,0.05,20260101033
2025-02-03,33,13,2025-01-10,9,0.05,20260101033
2025-02-03,33,14,2025-01-25,24,0.05,20260101033
2025-02-03,33,15,2025-01-15,14,0.05,20260101033
2025-02-03,33,16,2025-01-31,30,0.05,20260101033
2025-02-03,33,17,2025-02-01,31,0.05,20260101033
2025-02-03,33,18,2025-01-23,22,0.05,20260101033
2025-02-03,33,19,2025-01-21,20,0.05,20260101033
2025-02-03,33,20,2025-01-03,2,0.05,20260101033
2025-02-04,34,1,2025-01-17,16,0.05,20260101034
2025-02-04,34,2,2025-02-03,33,0.05,20260101034
2025-02-04,34,3,2025-01-24,23,0.05,20260101034
2025-02-04,34,4,2025-01-20,19,0.05,20260101034
2025-02-04,34,5,2025-01-25,24,0.05,20260101034
2025-02-04,34,6,2025-01-17,16,0.05,20260101034
2025-02-04,34,7,2025-01-26,25,0.05,20260101034
2025-02-04,34,8,2025-01-16,15,0.05,20260101034
2025-02-04,34,9,2025-01-04,3,0.05,20260101034
2025-02-04,34,10,2025-01-27,26,0.05,20260101034
2025-02-04,34,11,2025-01-05,4,0.05,20260101034
2025-02-04,34,12,2025-01-25,24,0.05,20260101034
2025-02-04,34,13,2025-01-23,22,0.05,20260101034
2025-02-04,34,14,2025-02-03,33,0.05,20260101034
2025-02-04,34,15,2025-02-03,33,0.05,20260101034
2025-02-04,34,16,2025-01-24,23,0.05,20260101034
2025-02-04,34,17,2025-01-03,2,0.05,20260101034
2025-02-04,34,18,2025-01-22,21,0.05,20260101034
2025-02-04,34,19,2025-01-07,6,0.05,20260101034
2025-02-04,34,20,2025-01-15,14,0.05,20260101034
2025-02-05,35,1,2025-02-02,32,0.05,20260101035
2025-02-05,35,2,2025-01-12,11,0.05,20260101035
2025-02-05,35,3,2025-01-17,16,0.05,20260101035
2025-02-05,35,4,2025-01-21,20,0.05,20260101035
2025-02-05,35,5,2025-01-18,17,0.05,20260101035
2025-02-05,35,6,2025-01-15,14,0.05,20260101035
2025-02-05,35,7,2025-01-24,23,0.05,20260101035
2025-02-05,35,8,2025-01-05,4,0.05,20260101035
2025-02-05,35,9,2025-01-27,26,0.05,20260101035
2025-02-05,35,10,2025-01-24,23,0.05,20260101035
2025-02-05,35,11,2025-01-22,21,0.05,20260101035
2025-02-05,35,12,2025-01-19,18,0.05,20260101035
2025-02-05,35,13,2025-01-17,16,0.05,20260101035
2025-02-05,35,14,2025-01-30,29,0.05,20260101035
2025-02-05,35,15,2025-01-24,23,0.05,20260101035
2025-02-05,35,16,2025-01-27,26,0.05,20260101035
2025-02-05,35,17,2025-01-04,3,0.05,20260101035
2025-02-05,35,18,2025-01-13,12,0.05,20260101035
2025-02-05,35,19,2025-01-29,28,0.05,20260101035
2025-02-05,35,20,2025-01-13,12,0.05,20260101035
2025-02-06,36,1,2025-01-26,25,0.05,20260101036
2025-02-06,36,2,2025-01-20,19,0.05,20260101036
2025-02-06,36,3,2025-01-25,24,0.05,20260101036
2025-02-06,36,4,2025-01-12,11,0.05,20260101036
2025-02-06,36,5,2025-01-26,25,0.05,20260101036
2025-02-06,36,6,2025-01-26,25,0.05,20260101036
2025-02-06,36,7,2025-01-12,11,0.05,20260101036
2025-02-06,36,8,2025-01-16,15,0.05,20260101036
2025-02-06,36,9,2025-01-21,20,0.05,20260101036
2025-02-06,36,10,2025-01-11,10,0.05,20260101036
2025-02-06,36,11,2025-01-10,9,0.05,20260101036
2025-02-06,36,12,2025-01-05,4,0.05,20260101036
2025-02-06,36,13,2025-01-04,3,0.05,20260101036
2025-02-06,36,14,2025-01-29,28,0.05,20260101036
2025-02-06,36,15,2025-02-05,35,0.05,20260101036
2025-02-06,36,16,2025-01-04,3,0.05,20260101036
2025-02-06,36,17,2025-02-02,32,0.05,20260101036
2025-02-06,36,18,2025-01-27,26,0.05,20260101036
2025-02-06,36,19,2025-02-03,33,0.05,20260101036
2025-02-06,36,20,2025-01-28,27,0.05,20260101036
2025-02-07,37,1,2025-01-24,23,0.05,20260101037
2025-02-07,37,2,2025-01-18,17,0.05,20260101037
2025-02-07,37,3,2025-01-11,10,0.05,20260101037
2025-02-07,37,4,2025-01-16,15,0.05,20260101037
2025-02-07,37,5,2025-01-09,8,0.05,20260101037
2025-02-07,37,6,2025-01-31,30,0.05,20260101037
2025-02-07,37,7,2025-01-27,26,0.05,20260101037
2025-02-07,37,8,2025-01-18,17,0.05,20260101037
2025-02-07,37,9,2025-01-29,28,0.05,20260101037
2025-02-07,37,10,2025-02-02,32,0.05,20260101037
2025-02-07,37,11,2025-01-06,5,0.05,20260101037
2025-02-07,37,12,2025-01-07,6,0.05,20260101037
2025-02-07,37,13,2025-01-14,13,0.05,20260101037
2025-02-07,37,14,2025-01-03,2,0.05,20260101037
2025-02-07,37,15,2025-01-03,2,0.05,20260101037
2025-02-07,37,16,2025-01-27,26,0.05,20260101037
2025-02-07,37,17,2025-02-02,32,0.05,20260101037
2025-02-07,37,18,2025-01-10,9,0.05,20260101037
2025-02-07,37,19,2025-01-14,13,0.05,20260101037
2025-02-07,37,20,2025-01-09,8,0.05,20260101037
2025-02-08,38,1,2025-01-14,13,0.05,20260101038
2025-02-08,38,2,2025-01-16,15,0.05,20260101038
2025-02-08,38,3,2025-01-20,19,0.05,20260101038
2025-02-08,38,4,2025-01-27,26,0.05,20260101038
2025-02-08,38,5,2025-02-04,34,0.05,20260101038
2025-02-08,38,6,2025-01-05,4,0.05,20260101038
2025-02-08,38,7,2025-01-19,18,0.05,20260101038
2025-02-08,38,8,2025-01-31,30,0.05,20260101038
2025-02-08,38,9,2025-02-06,36,0.05,20260101038
2025-02-08,38,10,2025-01-27,26,0.05,20260101038
2025-02-08,38,11,2025-01-16,15,0.05,20260101038
2025-02-08,38,12,2025-01-22,21,0.05,20260101038
2025-02-08,38,13,2025-01-05,4,0.05,20260101038
2025-02-08,38,14,2025-02-03,33,0.05,20260101038
2025-02-08,38,15,2025-01-06,5,0.05,20260101038
2025-02-08,38,16,2025-02-01,31,0.05,20260101038
2025-02-08,38,17,2025-01-08,7,0.05,20260101038
2025-02-08,38,18,2025-01-16,15,0.05,20260101038
2025-02-08,38,19,2025-01-04,3,0.05,20260101038
2025-02-08,38,20,2025-01-27,26,0.05,20260101038
2025-02-09,39,1,2025-01-18,17,0.05,20260101039
2025-02-09,39,2,2025-02-07,37,0.05,20260101039
2025-02-09,39,3,2025-01-24,23,0.05,20260101039
2025-02-09,39,4,2025-01-28,27,0.05,20260101039
2025-02-09,39,5,2025-02-03,33,0.05,20260101039
2025-02-09,39,6,2025-01-18,17,0.05,20260101039
2025-02-09,39,7,2025-01-20,19,0.05,20260101039
2025-02-09,39,8,2025-01-27,26,0.05,20260101039
2025-02-09,39,9,2025-01-04,3,0.05,20260101039
2025-02-09,39,10,2025-02-03,33,0.05,20260101039
2025-02-09,39,11,2025-02-08,38,0.05,20260101039
2025-02-09,39,12,2025-02-04,34,0.05,20260101039
2025-02-09,39,13,2025-01-29,28,0.05,20260101039
2025-02-09,39,14,2025-01-07,6,0.05,20260101039
2025-02-09,39,15,2025-01-16,15,0.05,20260101039
2025-02-09,39,16,2025-02-04,34,0.05,20260101039
2025-02-09,39,17,2025-01-13,12,0.05,20260101039
2025-02-09,39,18,2025-01-02,1,0.05,20260101039
2025-02-09,39,19,2025-01-12,11,0.05,20260101039
2025-02-09,39,20,2025-01-19,18,0.05,20260101039
2025-02-10,40,1,2025-01-03,2,0.05,20260101040
2025-02-10,40,2,2025-01-31,30,0.05,20260101040
2025-02-10,40,3,2025-01-28,27,0.05,20260101040
2025-02-10,40,4,2025-01-02,1,0.05,20260101040
2025-02-10,40,5,2025-01-29,28,0.05,20260101040
2025-02-10,40,6,2025-02-06,36,0.05,20260101040
2025-02-10,40,7,2025-01-29,28,0.05,20260101040
2025-02-10,40,8,2025-01-29,28,0.05,20260101040
2025-02-10,40,9,2025-01-16,15,0.05,20260101040
2025-02-10,40,10,2025-02-09,39,0.05,20260101040
2025-02-10,40,11,2025-02-01,31,0.05,20260101040
2025-02-10,40,12,2025-01-04,3,0.05,20260101040
2025-02-10,40,13,2025-02-09,39,0.05,20260101040
2025-02-10,40,14,2025-01-18,17,0.05,20260101040
2025-02-10,40,15,2025-01-03,2,0.05,20260101040
2025-02-10,40,16,2025-01-25,24,0.05,20260101040
2025-02-10,40,17,2025-01-03,2,0.05,20260101040
2025-02-10,40,18,2025-01-03,2,0.05,20260101040
2025-02-10,40,19,2025-01-18,17,0.05,20260101040
2025-02-10,40,20,2025-01-28,27,0.05,20260101040
2025-02-11,41,1,2025-01-19,18,0.05,20260101041
2025-02-11,41,2,2025-01-05,4,0.05,20260101041
2025-02-11,41,3,2025-02-03,33,0.05,20260101041
2025-02-11,41,4,2025-01-14,13,0.05,20260101041
2025-02-11,41,5,2025-02-08,38,0.05,20260101041
2025-02-11,41,6,2025-01-21,20,0.05,20260101041
2025-02-11,41,7,2025-01-03,2,0.05,20260101041
2025-02-11,41,8,2025-01-08,7,0.05,20260101041
2025-02-11,41,9,2025-01-27,26,0.05,20260101041
2025-02-11,41,10,2025-01-19,18,0.05,20260101041
2025-02-11,41,11,2025-01-29,28,0.05,20260101041
2025-02-11,41,12,2025-02-10,40,0.05,20260101041
2025-02-11,41,13,2025-01-31,30,0.05,20260101041
2025-02-11,41,14,2025-02-03,33,0.05,20260101041
2025-02-11,41,15,2025-01-15,14,0.05,20260101041
2025-02-11,41,16,2025-01-17,16,0.05,20260101041
2025-02-11,41,17,2025-01-31,30,0.05,20260101041
2025-02-11,41,18,2025-02-04,34,0.05,20260101041
2025-02-11,41,19,2025-01-06,5,0.05,20260101041
2025-02-11,41,20,2025-02-09,39,0.05,20260101041
2025-02-12,42,1,2025-01-18,17,0.05,20260101042
2025-02-12,42,2,2025-01-28,27,0.05,20260101042
2025-02-12,42,3,2025-01-18,17,0.05,20260101042
2025-02-12,42,4,2025-01-11,10,0.05,20260101042
2025-02-12,42,5,2025-02-10,40,0.05,20260101042
2025-02-12,42,6,2025-02-10,40,0.05,20260101042
2025-02-12,42,7,2025-01-03,2,0.05,20260101042
2025-02-12,42,8,2025-01-16,15,0.05,20260101042
2025-02-12,42,9,2025-01-18,17,0.05,20260101042
2025-02-12,42,10,2025-02-07,37,0.05,20260101042
2025-02-12,42,11,2025-01-11,10,0.05,20260101042
2025-02-12,42,12,2025-01-17,16,0.05,20260101042
2025-02-12,42,13,2025-02-04,34,0.05,20260101042
2025-02-12,42,14,2025-01-17,16,0.05,20260101042
2025-02-12,42,15,2025-01-09,8,0.05,20260101042
2025-02-12,42,16,2025-01-29,28,0.05,20260101042
2025-02-12,42,17,2025-02-02,32,0.05,20260101042
2025-02-12,42,18,2025-02-04,34,0.05,20260101042
2025-02-12,42,19,2025-01-03,2,0.05,20260101042
2025-02-12,42,20,2025-02-03,33,0.05,20260101042
2025-02-13,43,1,2025-01-14,13,0.05,20260101043
2025-02-13,43,2,2025-01-22,21,0.05,20260101043
2025-02-13,43,3,2025-01-21,20,0.05,20260101043
2025-02-13,43,4,2025-01-23,22,0.05,20260101043
2025-02-13,43,5,2025-01-14,13,0.05,20260101043
2025-02-13,43,6,2025-02-10,40,0.05,20260101043
2025-02-13,43,7,2025-01-19,18,0.05,20260101043
2025-02-13,43,8,2025-01-30,29,0.05,20260101043
2025-02-13,43,9,2025-02-03,33,0.05,20260101043
2025-02-13,43,10,2025-01-05,4,0.05,20260101043
2025-02-13,43,11,2025-01-07,6,0.05,20260101043
2025-02-13,43,12,2025-01-21,20,0.05,20260101043
2025-02-13,43,13,2025-01-13,12,0.05,20260101043
2025-02-13,43,14,2025-01-21,20,0.05,20260101043
2025-02-13,43,15,2025-01-05,4,0.05,20260101043
2025-02-13,43,16,2025-02-03,33,0.05,20260101043
2025-02-13,43,17,2025-01-09,8,0.05,20260101043
2025-02-13,43,18,2025-02-06,36,0.05,20260101043
2025-02-13,43,19,2025-01-15,14,0.05,20260101043
2025-02-13,43,20,2025-01-03,2,0.05,20260101043
2025-02-14,44,1,2025-01-14,13,0.05,20260101044
2025-02-14,44,2,2025-01-05,4,0.05,20260101044
2025-02-14,44,3,2025-02-05,35,0.05,20260101044
2025-02-14,44,4,2025-01-09,8,0.05,20260101044
2025-02-14,44,5,2025-01-19,18,0.05,20260101044
2025-02-14,44,6,2025-01-10,9,0.05,20260101044
2025-02-14,44,7,2025-01-16,15,0.05,20260101044
2025-02-14,44,8,2025-02-08,38,0.05,20260101044
2025-02-14,44,9,2025-02-01,31,0.05,20260101044
2025-02-14,44,10,2025-02-09,39,0.05,20260101044
2025-02-14,44,11,2025-02-09,39,0.05,20260101044
2025-02-14,44,12,2025-01-23,22,0.05,20260101044
2025-02-14,44,13,2025-02-01,31,0.05,20260101044
2025-02-14,44,14,2025-01-12,11,0.05,20260101044
2025-02-14,44,15,2025-02-02,32,0.05,20260101044
2025-02-14,44,16,2025-01-30,29,0.05,20260101044
2025-02-14,44,17,2025-01-06,5,0.05,20260101044
2025-02-14,44,18,2025-01-16,15,0.05,20260101044
2025-02-14,44,19,2025-02-13,43,0.05,20260101044
2025-02-14,44,20,2025-01-29,28,0.05,20260101044
2025-02-15,45,1,2025-02-01,31,0.05,20260101045
2025-02-15,45,2,2025-01-07,6,0.05,20260101045
2025-02-15,45,3,2025-02-01,31,0.05,20260101045
2025-02-15,45,4,2025-01-28,27,0.05,20260101045
2025-02-15,45,5,2025-01-31,30,0.05,20260101045
2025-02-15,45,6,2025-01-20,19,0.05,20260101045
2025-02-15,45,7,2025-01-18,17,0.05,20260101045
2025-02-15,45,8,2025-01-22,21,0.05,20260101045
2025-02-15,45,9,2025-02-04,34,0.05,20260101045
2025-02-15,45,10,2025-01-11,10,0.05,20260101045
2025-02-15,45,11,2025-02-13,43,0.05,20260101045
2025-02-15,45,12,2025-01-20,19,0.05,20260101045
2025-02-15,45,13,2025-02-12,42,0.05,20260101045
2025-02-15,45,14,2025-01-16,15,0.05,20260101045
2025-02-15,45,15,2025-01-21,20,0.05,20260101045
2025-02-15,45,16,2025-02-04,34,0.05,20260101045
2025-02-15,45,17,2025-01-20,19,0.05,20260101045
2025-02-15,45,18,2025-02-03,33,0.05,20260101045
2025-02-15,45,19,2025-01-11,10,0.05,20260101045
2025-02-15,45,20,2025-02-11,41,0.05,20260101045
2025-02-16,46,1,2025-01-04,3,0.05,20260101046
2025-02-16,46,2,2025-02-01,31,0.05,20260101046
2025-02-16,46,3,2025-02-11,41,0.05,20260101046
2025-02-16,46,4,2025-02-06,36,0.05,20260101046
2025-02-16,46,5,2025-02-04,34,0.05,20260101046
2025-02-16,46,6,2025-01-30,29,0.05,20260101046
2025-02-16,46,7,2025-01-11,10,0.05,20260101046
2025-02-16,46,8,2025-01-10,9,0.05,20260101046
2025-02-16,46,9,2025-02-06,36,0.05,20260101046
2025-02-16,46,10,2025-02-01,31,0.05,20260101046
2025-02-16,46,11,2025-01-30,29,0.05,20260101046
2025-02-16,46,12,2025-01-06,5,0.05,20260101046
2025-02-16,46,13,2025-01-05,4,0.05,20260101046
2025-02-16,46,14,2025-02-04,34,0.05,20260101046
2025-02-16,46,15,2025-01-23,22,0.05,20260101046
2025-02-16,46,16,2025-01-09,8,0.05,20260101046
2025-02-16,46,17,2025-02-05,35,0.05,20260101046
2025-02-16,46,18,2025-02-08,38,0.05,20260101046
2025-02-16,46,19,2025-01-22,21,0.05,20260101046
2025-02-16,46,20,2025-01-30,29,0.05,20260101046
2025-02-17,47,1,2025-01-06,5,0.05,20260101047
2025-02-17,47,2,2025-01-06,5,0.05,20260101047
2025-02-17,47,3,2025-02-06,36,0.05,20260101047
2025-02-17,47,4,2025-01-22,21,0.05,20260101047
2025-02-17,47,5,2025-02-14,44,0.05,20260101047
2025-02-17,47,6,2025-02-13,43,0.05,20260101047
2025-02-17,47,7,2025-01-08,7,0.05,20260101047
2025-02-17,47,8,2025-01-29,28,0.05,20260101047
2025-02-17,47,9,2025-01-25,24,0.05,20260101047
2025-02-17,47,10,2025-01-17,16,0.05,20260101047
2025-02-17,47,11,2025-02-14,44,0.05,20260101047
2025-02-17,47,12,2025-02-11,41,0.05,20260101047
2025-02-17,47,13,2025-01-06,5,0.05,20260101047
2025-02-17,47,14,2025-01-26,25,0.05,20260101047
2025-02-17,47,15,2025-01-20,19,0.05,20260101047
2025-02-17,47,16,2025-02-13,43,0.05,20260101047
2025-02-17,47,17,2025-01-21,20,0.05,20260101047
2025-02-17,47,18,2025-01-05,4,0.05,20260101047
2025-02-17,47,19,2025-01-27,26,0.05,20260101047
2025-02-17,47,20,2025-02-03,33,0.05,20260101047
2025-02-18,48,1,2025-01-19,18,0.05,20260101048
2025-02-18,48,2,2025-02-04,34,0.05,20260101048
2025-02-18,48,3,2025-02-03,33,0.05,20260101048
2025-02-18,48,4,2025-02-04,34,0.05,20260101048
2025-02-18,48,5,2025-01-04,3,0.05,20260101048
2025-02-18,48,6,2025-01-06,5,0.05,20260101048
2025-02-18,48,7,2025-02-03,33,0.05,20260101048
2025-02-18,48,8,2025-01-08,7,0.05,20260101048
2025-02-18,48,9,2025-01-18,17,0.05,20260101048
2025-02-18,48,10,2025-01-14,13,0.05,20260101048
2025-02-18,48,11,2025-01-06,5,0.05,20260101048
2025-02-18,48,12,2025-02-12,42,0.05,20260101048
2025-02-18,48,13,2025-01-17,16,0.05,20260101048
2025-02-18,48,14,2025-02-17,47,0.05,20260101048
2025-02-18,48,15,2025-02-04,34,0.05,20260101048
2025-02-18,48,16,2025-02-10,40,0.05,20260101048
2025-02-18,48,17,2025-02-05,35,0.05,20260101048
2025-02-18,48,18,2025-02-01,31,0.05,20260101048
2025-02-18,48,19,2025-01-23,22,0.05,20260101048
2025-02-18,48,20,2025-01-13,12,0.05,20260101048
2025-02-19,49,1,2025-02-10,40,0.05,20260101049
2025-02-19,49,2,2025-01-08,7,0.05,20260101049
2025-02-19,49,3,2025-01-22,21,0.05,20260101049
2025-02-19,49,4,2025-01-27,26,0.05,20260101049
2025-02-19,49,5,2025-01-24,23,0.05,20260101049
2025-02-19,49,6,2025-02-03,33,0.05,20260101049
2025-02-19,49,7,2025-01-11,10,0.05,20260101049
2025-02-19,49,8,2025-02-15,45,0.05,20260101049
2025-02-19,49,9,2025-01-15,14,0.05,20260101049
2025-02-19,49,10,2025-01-24,23,0.05,20260101049
2025-02-19,49,11,2025-01-31,30,0.05,20260101049
2025-02-19,49,12,2025-01-17,16,0.05,20260101049
2025-02-19,49,13,2025-01-09,8,0.05,20260101049
2025-02-19,49,14,2025-02-14,44,0.05,20260101049
2025-02-19,49,15,2025-01-10,9,0.05,20260101049
2025-02-19,49,16,2025-01-19,18,0.05,20260101049
2025-02-19,49,17,2025-02-08,38,0.05,20260101049
2025-02-19,49,18,2025-02-04,34,0.05,20260101049
2025-02-19,49,19,2025-02-04,34,0.05,20260101049
2025-02-19,49,20,2025-02-03,33,0.05,20260101049
2025-02-20,50,1,2025-02-06,36,0.05,20260101050
2025-02-20,50,2,2025-01-14,13,0.05,20260101050
2025-02-20,50,3,2025-02-06,36,0.05,20260101050
2025-02-20,50,4,2025-02-02,32,0.05,20260101050
2025-02-20,50,5,2025-02-10,40,0.05,20260101050
2025-02-20,50,6,2025-02-08,38,0.05,20260101050
2025-02-20,50,7,2025-01-28,27,0.05,20260101050
2025-02-20,50,8,2025-01-29,28,0.05,20260101050
2025-02-20,50,9,2025-01-09,8,0.05,20260101050
2025-02-20,50,10,2025-02-10,40,0.05,20260101050
2025-02-20,50,11,2025-01-10,9,0.05,20260101050
2025-02-20,50,12,2025-01-10,9,0.05,20260101050
2025-02-20,50,13,2025-02-04,34,0.05,20260101050
2025-02-20,50,14,2025-01-25,24,0.05,20260101050
2025-02-20,50,15,2025-01-15,14,0.05,20260101050
2025-02-20,50,16,2025-01-15,14,0.05,20260101050
2025-02-20,50,17,2025-01-02,1,0.05,20260101050
2025-02-20,50,18,2025-01-06,5,0.05,20260101050
2025-02-20,50,19,2025-01-13,12,0.05,20260101050
2025-02-20,50,20,2025-01-09,8,0.05,20260101050
2025-02-21,51,1,2025-01-14,13,0.05,20260101051
2025-02-21,51,2,2025-02-16,46,0.05,20260101051
2025-02-21,51,3,2025-01-22,21,0.05,20260101051
2025-02-21,51,4,2025-02-08,38,0.05,20260101051
2025-02-21,51,5,2025-01-04,3,0.05,20260101051
2025-02-21,51,6,2025-02-19,49,0.05,20260101051
2025-02-21,51,7,2025-02-15,45,0.05,20260101051
2025-02-21,51,8,2025-01-26,25,0.05,20260101051
2025-02-21,51,9,2025-02-05,35,0.05,20260101051
2025-02-21,51,10,2025-01-23,22,0.05,20260101051
2025-02-21,51,11,2025-02-02,32,0.05,20260101051
2025-02-21,51,12,2025-01-10,9,0.05,20260101051
2025-02-21,51,13,2025-01-12,11,0.05,20260101051
2025-02-21,51,14,2025-01-18,17,0.05,20260101051
2025-02-21,51,15,2025-01-08,7,0.05,20260101051
2025-02-21,51,16,2025-01-17,16,0.05,20260101051
2025-02-21,51,17,2025-01-19,18,0.05,20260101051
2025-02-21,51,18,2025-01-31,30,0.05,20260101051
2025-02-21,51,19,2025-02-17,47,0.05,20260101051
2025-02-21,51,20,2025-01-26,25,0.05,20260101051
2025-02-22,52,1,2025-01-05,4,0.05,20260101052
2025-02-22,52,2,2025-01-23,22,0.05,20260101052
2025-02-22,52,3,2025-02-08,38,0.05,20260101052
2025-02-22,52,4,2025-01-06,5,0.05,20260101052
2025-02-22,52,5,2025-01-26,25,0.05,20260101052
2025-02-22,52,6,2025-02-02,32,0.05,20260101052
2025-02-22,52,7,2025-02-06,36,0.05,20260101052
2025-02-22,52,8,2025-01-24,23,0.05,20260101052
2025-02-22,52,9,2025-01-06,5,0.05,20260101052
2025-02-22,52,10,2025-01-29,28,0.05,20260101052
2025-02-22,52,11,2025-01-27,26,0.05,20260101052
2025-02-22,52,12,2025-01-17,16,0.05,20260101052
2025-02-22,52,13,2025-01-22,21,0.05,20260101052
2025-02-22,52,14,2025-01-18,17,0.05,20260101052
2025-02-22,52,15,2025-01-09,8,0.05,20260101052
2025-02-22,52,16,2025-01-23,22,0.05,20260101052
2025-02-22,52,17,2025-02-07,37,0.05,20260101052
2025-02-22,52,18,2025-01-21,20,0.05,20260101052
2025-02-22,52,19,2025-01-18,17,0.05,20260101052
2025-02-22,52,20,2025-02-08,38,0.05,20260101052
2025-02-23,53,1,2025-02-17,47,0.05,20260101053
2025-02-23,53,2,2025-02-01,31,0.05,20260101053
2025-02-23,53,3,2025-02-08,38,0.05,20260101053
2025-02-23,53,4,2025-02-21,51,0.05,20260101053
2025-02-23,53,5,2025-02-17,47,0.05,20260101053
2025-02-23,53,6,2025-02-12,42,0.05,20260101053
2025-02-23,53,7,2025-01-16,15,0.05,20260101053
2025-02-23,53,8,2025-01-12,11,0.05,20260101053
2025-02-23,53,9,2025-02-07,37,0.05,20260101053
2025-02-23,53,10,2025-02-13,43,0.05,20260101053
2025-02-23,53,11,2025-01-02,1,0.05,20260101053
2025-02-23,53,12,2025-02-04,34,0.05,20260101053
2025-02-23,53,13,2025-02-14,44,0.05,20260101053
2025-02-23,53,14,2025-01-17,16,0.05,20260101053
2025-02-23,53,15,2025-02-19,49,0.05,20260101053
2025-02-23,53,16,2025-02-05,35,0.05,20260101053
2025-02-23,53,17,2025-01-18,17,0.05,20260101053
2025-02-23,53,18,2025-02-17,47,0.05,20260101053
2025-02-23,53,19,2025-01-08,7,0.05,20260101053
2025-02-23,53,20,2025-02-17,47,0.05,20260101053
2025-02-24,54,1,2025-01-06,5,0.05,20260101054
2025-02-24,54,2,2025-01-24,23,0.05,20260101054
2025-02-24,54,3,2025-01-28,27,0.05,20260101054
2025-02-24,54,4,2025-01-28,27,0.05,20260101054
2025-02-24,54,5,2025-01-10,9,0.05,20260101054
2025-02-24,54,6,2025-01-10,9,0.05,20260101054
2025-02-24,54,7,2025-02-07,37,0.05,20260101054
2025-02-24,54,8,2025-02-21,51,0.05,20260101054
2025-02-24,54,9,2025-01-19,18,0.05,20260101054
2025-02-24,54,10,2025-02-14,44,0.05,20260101054
2025-02-24,54,11,2025-02-19,49,0.05,20260101054
2025-02-24,54,12,2025-01-19,18,0.05,20260101054
2025-02-24,54,13,2025-02-21,51,0.05,20260101054
2025-02-24,54,14,2025-02-10,40,0.05,20260101054
2025-02-24,54,15,2025-01-29,28,0.05,20260101054
2025-02-24,54,16,2025-01-05,4,0.05,20260101054
2025-02-24,54,17,2025-01-04,3,0.05,20260101054
2025-02-24,54,18,2025-02-18,48,0.05,20260101054
2025-02-24,54,19,2025-01-22,21,0.05,20260101054
2025-02-24,54,20,2025-01-16,15,0.05,20260101054
2025-02-25,55,1,2025-02-23,53,0.05,20260101055
2025-02-25,55,2,2025-01-30,29,0.05,20260101055
2025-02-25,55,3,2025-02-21,51,0.05,20260101055
2025-02-25,55,4,2025-01-25,24,0.05,20260101055
2025-02-25,55,5,2025-01-19,18,0.05,20260101055
2025-02-25,55,6,2025-02-04,34,0.05,20260101055
2025-02-25,55,7,2025-02-24,54,0.05,20260101055
2025-02-25,55,8,2025-02-10,40,0.05,20260101055
2025-02-25,55,9,2025-01-25,24,0.05,20260101055
2025-02-25,55,10,2025-02-21,51,0.05,20260101055
2025-02-25,55,11,2025-01-10,9,0.05,20260101055
2025-02-25,55,12,2025-01-13,12,0.05,20260101055
2025-02-25,55,13,2025-01-31,30,0.05,20260101055
2025-02-25,55,14,2025-01-08,7,0.05,20260101055
2025-02-25,55,15,2025-01-19,18,0.05,20260101055
2025-02-25,55,16,2025-01-14,13,0.05,20260101055
2025-02-25,55,17,2025-01-06,5,0.05,20260101055
2025-02-25,55,18,2025-01-31,30,0.05,20260101055
2025-02-25,55,19,2025-01-26,25,0.05,20260101055
2025-02-25,55,20,2025-01-04,3,0.05,20260101055
2025-02-26,56,1,2025-01-11,10,0.05,20260101056
2025-02-26,56,2,2025-02-22,52,0.05,20260101056
2025-02-26,56,3,2025-02-12,42,0.05,20260101056
2025-02-26,56,4,2025-01-17,16,0.05,20260101056
2025-02-26,56,5,2025-01-21,20,0.05,20260101056
2025-02-26,56,6,2025-01-03,2,0.05,20260101056
2025-02-26,56,7,2025-01-16,15,0.05,20260101056
2025-02-26,56,8,2025-02-16,46,0.05,20260101056
2025-02-26,56,9,2025-02-06,36,0.05,20260101056
2025-02-26,56,10,2025-02-07,37,0.05,20260101056
2025-02-26,56,11,2025-01-20,19,0.05,20260101056
2025-02-26,56,12,2025-01-08,7,0.05,20260101056
2025-02-26,56,13,2025-02-10,40,0.05,20260101056
2025-02-26,56,14,2025-02-10,40,0.05,20260101056
2025-02-26,56,15,2025-02-06,36,0.05,20260101056
2025-02-26,56,16,2025-01-14,13,0.05,20260101056
2025-02-26,56,17,2025-02-07,37,0.05,20260101056
2025-02-26,56,18,2025-02-15,45,0.05,20260101056
2025-02-26,56,19,2025-01-30,29,0.05,20260101056
2025-02-26,56,20,2025-02-11,41,0.05,20260101056
2025-02-27,57,1,2025-02-15,45,0.05,20260101057
2025-02-27,57,2,2025-02-04,34,0.05,20260101057
2025-02-27,57,3,2025-02-10,40,0.05,20260101057
2025-02-27,57,4,2025-01-22,21,0.05,20260101057
2025-02-27,57,5,2025-02-14,44,0.05,20260101057
2025-02-27,57,6,2025-01-03,2,0.05,20260101057
2025-02-27,57,7,2025-02-10,40,0.05,20260101057
2025-02-27,57,8,2025-01-02,1,0.05,20260101057
2025-02-27,57,9,2025-02-15,45,0.05,20260101057
2025-02-27,57,10,2025-01-12,11,0.05,20260101057
2025-02-27,57,11,2025-02-25,55,0.05,20260101057
2025-02-27,57,12,2025-02-17,47,0.05,20260101057
2025-02-27,57,13,2025-02-03,33,0.05,20260101057
2025-02-27,57,14,2025-02-23,53,0.05,20260101057
2025-02-27,57,15,2025-02-10,40,0.05,20260101057
2025-02-27,57,16,2025-01-06,5,0.05,20260101057
2025-02-27,57,17,2025-01-07,6,0.05,20260101057
2025-02-27,57,18,2025-01-18,17,0.05,20260101057
2025-02-27,57,19,2025-02-03,33,0.05,20260101057
2025-02-27,57,20,2025-02-24,54,0.05,20260101057
2025-02-28,58,1,2025-01-08,7,0.05,20260101058
2025-02-28,58,2,2025-02-25,55,0.05,20260101058
2025-02-28,58,3,2025-01-23,22,0.05,20260101058
2025-02-28,58,4,2025-01-10,9,0.05,20260101058
2025-02-28,58,5,2025-02-17,47,0.05,20260101058
2025-02-28,58,6,2025-01-30,29,0.05,20260101058
2025-02-28,58,7,2025-02-10,40,0.05,20260101058
2025-02-28,58,8,2025-01-04,3,0.05,20260101058
2025-02-28,58,9,2025-01-14,13,0.05,20260101058
2025-02-28,58,10,2025-02-16,46,0.05,20260101058
2025-02-28,58,11,2025-02-14,44,0.05,20260101058
2025-02-28,58,12,2025-01-25,24,0.05,20260101058
2025-02-28,58,13,2025-02-02,32,0.05,20260101058
2025-02-28,58,14,2025-01-24,23,0.05,20260101058
2025-02-28,58,15,2025-01-23,22,0.05,20260101058
2025-02-28,58,16,2025-01-18,17,0.05,20260101058
2025-02-28,58,17,2025-01-31,30,0.05,20260101058
2025-02-28,58,18,2025-01-30,29,0.05,20260101058
2025-02-28,58,19,2025-01-22,21,0.05,20260101058
2025-02-28,58,20,2025-02-11,41,0.05,20260101058
2025-03-01,59,1,2025-02-24,54,0.05,20260101059
2025-03-01,59,2,2025-01-13,12,0.05,20260101059
2025-03-01,59,3,2025-02-07,37,0.05,20260101059
2025-03-01,59,4,2025-01-19,18,0.05,20260101059
2025-03-01,59,5,2025-02-03,33,0.05,20260101059
2025-03-01,59,6,2025-01-26,25,0.05,20260101059
2025-03-01,59,7,2025-01-14,13,0.05,20260101059
2025-03-01,59,8,2025-02-13,43,0.05,20260101059
2025-03-01,59,9,2025-02-28,58,0.05,20260101059
2025-03-01,59,10,2025-02-27,57,0.05,20260101059
2025-03-01,59,11,2025-01-10,9,0.05,20260101059
2025-03-01,59,12,2025-01-25,24,0.05,20260101059
2025-03-01,59,13,2025-01-03,2,0.05,20260101059
2025-03-01,59,14,2025-01-30,29,0.05,20260101059
2025-03-01,59,15,2025-01-23,22,0.05,20260101059
2025-03-01,59,16,2025-01-29,28,0.05,20260101059
2025-03-01,59,17,2025-02-03,33,0.05,20260101059
2025-03-01,59,18,2025-01-19,18,0.05,20260101059
2025-03-01,59,19,2025-01-14,13,0.05,20260101059
2025-03-01,59,20,2025-01-15,14,0.05,20260101059
2025-03-02,60,1,2025-01-25,24,0.05,20260101060
2025-03-02,60,2,2025-02-14,44,0.05,20260101060
2025-03-02,60,3,2025-02-24,54,0.05,20260101060
2025-03-02,60,4,2025-02-15,45,0.05,20260101060
2025-03-02,60,5,2025-02-27,57,0.05,20260101060
2025-03-02,60,6,2025-02-04,34,0.05,20260101060
2025-03-02,60,7,2025-02-21,51,0.05,20260101060
2025-03-02,60,8,2025-02-24,54,0.05,20260101060
2025-03-02,60,9,2025-01-27,26,0.05,20260101060
2025-03-02,60,10,2025-01-29,28,0.05,20260101060
2025-03-02,60,11,2025-03-01,59,0.05,20260101060
2025-03-02,60,12,2025-02-09,39,0.05,20260101060
2025-03-02,60,13,2025-01-24,23,0.05,20260101060
2025-03-02,60,14,2025-02-23,53,0.05,20260101060
2025-03-02,60,15,2025-01-13,12,0.05,20260101060
2025-03-02,60,16,2025-02-11,41,0.05,20260101060
2025-03-02,60,17,2025-01-10,9,0.05,20260101060
2025-03-02,60,18,2025-01-08,7,0.05,20260101060
2025-03-02,60,19,2025-01-02,1,0.05,20260101060
2025-03-02,60,20,2025-02-15,45,0.05,20260101060
2025-03-03,61,1,2025-01-12,11,0.05,20260101061
2025-03-03,61,2,2025-02-01,31,0.05,20260101061
2025-03-03,61,3,2025-01-16,15,0.05,20260101061
2025-03-03,61,4,2025-02-22,52,0.05,20260101061
2025-03-03,61,5,2025-02-27,57,0.05,20260101061
2025-03-03,61,6,2025-01-30,29,0.05,20260101061
2025-03-03,61,7,2025-02-22,52,0.05,20260101061
2025-03-03,61,8,2025-01-21,20,0.05,20260101061
2025-03-03,61,9,2025-02-19,49,0.05,20260101061
2025-03-03,61,10,2025-02-07,37,0.05,20260101061
2025-03-03,61,11,2025-01-27,26,0.05,20260101061
2025-03-03,61,12,2025-02-18,48,0.05,20260101061
2025-03-03,61,13,2025-01-25,24,0.05,20260101061
2025-03-03,61,14,2025-01-18,17,0.05,20260101061
2025-03-03,61,15,2025-02-25,55,0.05,20260101061
2025-03-03,61,16,2025-03-02,60,0.05,20260101061
2025-03-03,61,17,2025-01-17,16,0.05,20260101061
2025-03-03,61,18,2025-01-31,30,0.05,20260101061
2025-03-03,61,19,2025-02-13,43,0.05,20260101061
2025-03-03,61,20,2025-01-30,29,0.05,20260101061
2025-03-04,62,1,2025-01-04,3,0.05,20260101062
2025-03-04,62,2,2025-02-06,36,0.05,20260101062
2025-03-04,62,3,2025-02-10,40,0.05,20260101062
2025-03-04,62,4,2025-01-14,13,0.05,20260101062
2025-03-04,62,5,2025-02-05,35,0.05,20260101062
2025-03-04,62,6,2025-01-23,22,0.05,20260101062
2025-03-04,62,7,2025-02-13,43,0.05,20260101062
2025-03-04,62,8,2025-03-01,59,0.05,20260101062
2025-03-04,62,9,2025-02-25,55,0.05,20260101062
2025-03-04,62,10,2025-02-04,34,0.05,20260101062
2025-03-04,62,11,2025-03-01,59,0.05,20260101062
2025-03-04,62,12,2025-02-17,47,0.05,20260101062
2025-03-04,62,13,2025-02-23,53,0.05,20260101062
2025-03-04,62,14,2025-01-17,16,0.05,20260101062
2025-03-04,62,15,2025-01-04,3,0.05,20260101062
2025-03-04,62,16,2025-02-27,57,0.05,20260101062
2025-03-04,62,17,2025-02-14,44,0.05,20260101062
2025-03-04,62,18,2025-01-30,29,0.05,20260101062
2025-03-04,62,19,2025-02-19,49,0.05,20260101062
2025-03-04,62,20,2025-01-02,1,0.05,20260101062
2025-03-05,63,1,2025-02-18,48,0.05,20260101063
2025-03-05,63,2,2025-01-09,8,0.05,20260101063
2025-03-05,63,3,2025-02-12,42,0.05,20260101063
2025-03-05,63,4,2025-01-08,7,0.05,20260101063
2025-03-05,63,5,2025-02-24,54,0.05,20260101063
2025-03-05,63,6,2025-01-08,7,0.05,20260101063
2025-03-05,63,7,2025-02-21,51,0.05,20260101063
2025-03-05,63,8,2025-02-14,44,0.05,20260101063
2025-03-05,63,9,2025-03-03,61,0.05,20260101063
2025-03-05,63,10,2025-03-04,62,0.05,20260101063
2025-03-05,63,11,2025-01-20,19,0.05,20260101063
2025-03-05,63,12,2025-01-15,14,0.05,20260101063
2025-03-05,63,13,2025-02-15,45,0.05,20260101063
2025-03-05,63,14,2025-01-18,17,0.05,20260101063
2025-03-05,63,15,2025-02-22,52,0.05,20260101063
2025-03-05,63,16,2025-01-06,5,0.05,20260101063
2025-03-05,63,17,2025-02-06,36,0.05,20260101063
2025-03-05,63,18,2025-01-13,12,0.05,20260101063
2025-03-05,63,19,2025-01-29,28,0.05,20260101063
2025-03-05,63,20,2025-01-20,19,0.05,20260101063
2025-03-06,64,1,2025-02-15,45,0.05,20260101064
2025-03-06,64,2,2025-02-25,55,0.05,20260101064
2025-03-06,64,3,2025-03-03,61,0.05,20260101064
2025-03-06,64,4,2025-02-13,43,0.05,20260101064
2025-03-06,64,5,2025-03-02,60,0.05,20260101064
2025-03-06,64,6,2025-01-27,26,0.05,20260101064
2025-03-06,64,7,2025-03-01,59,0.05,20260101064
2025-03-06,64,8,2025-02-09,39,0.05,20260101064
2025-03-06,64,9,2025-02-19,49,0.05,20260101064
2025-03-06,64,10,2025-02-16,46,0.05,20260101064
2025-03-06,64,11,2025-02-16,46,0.05,20260101064
2025-03-06,64,12,2025-01-18,17,0.05,20260101064
2025-03-06,64,13,2025-02-16,46,0.05,20260101064
2025-03-06,64,14,2025-01-31,30,0.05,20260101064
2025-03-06,64,15,2025-02-12,42,0.05,20260101064
2025-03-06,64,16,2025-03-02,60,0.05,20260101064
2025-03-06,64,17,2025-01-20,19,0.05,20260101064
2025-03-06,64,18,2025-01-27,26,0.05,20260101064
2025-03-06,64,19,2025-02-25,55,0.05,20260101064
2025-03-06,64,20,2025-01-14,13,0.05,20260101064
2025-03-07,65,1,2025-01-22,21,0.05,20260101065
2025-03-07,65,2,2025-01-09,8,0.05,20260101065
2025-03-07,65,3,2025-01-30,29,0.05,20260101065
2025-03-07,65,4,2025-02-24,54,0.05,20260101065
2025-03-07,65,5,2025-02-26,56,0.05,20260101065
2025-03-07,65,6,2025-02-13,43,0.05,20260101065
2025-03-07,65,7,2025-01-09,8,0.05,20260101065
2025-03-07,65,8,2025-01-27,26,0.05,20260101065
2025-03-07,65,9,2025-02-07,37,0.05,20260101065
2025-03-07,65,10,2025-01-18,17,0.05,20260101065
2025-03-07,65,11,2025-02-11,41,0.05,20260101065
2025-03-07,65,12,2025-01-04,3,0.05,20260101065
2025-03-07,65,13,2025-01-28,27,0.05,20260101065
2025-03-07,65,14,2025-01-22,21,0.05,20260101065
2025-03-07,65,15,2025-02-24,54,0.05,20260101065
2025-03-07,65,16,2025-01-21,20,0.05,20260101065
2025-03-07,65,17,2025-01-23,22,0.05,20260101065
2025-03-07,65,18,2025-02-01,31,0.05,20260101065
2025-03-07,65,19,2025-01-07,6,0.05,20260101065
2025-03-07,65,20,2025-03-06,64,0.05,20260101065
2025-03-08,66,1,2025-01-30,29,0.05,20260101066
2025-03-08,66,2,2025-02-28,58,0.05,20260101066
2025-03-08,66,3,2025-01-14,13,0.05,20260101066
2025-03-08,66,4,2025-01-14,13,0.05,20260101066
2025-03-08,66,5,2025-01-24,23,0.05,20260101066
2025-03-08,66,6,2025-01-13,12,0.05,20260101066
2025-03-08,66,7,2025-03-01,59,0.05,20260101066
2025-03-08,66,8,2025-02-14,44,0.05,20260101066
2025-03-08,66,9,2025-02-08,38,0.05,20260101066
2025-03-08,66,10,2025-01-13,12,0.05,20260101066
2025-03-08,66,11,2025-03-06,64,0.05,20260101066
2025-03-08,66,12,2025-01-11,10,0.05,20260101066
2025-03-08,66,13,2025-01-29,28,0.05,20260101066
2025-03-08,66,14,2025-03-05,63,0.05,20260101066
2025-03-08,66,15,2025-01-03,2,0.05,20260101066
2025-03-08,66,16,2025-02-12,42,0.05,20260101066
2025-03-08,66,17,2025-03-01,59,0.05,20260101066
2025-03-08,66,18,2025-01-19,18,0.05,20260101066
2025-03-08,66,19,2025-01-16,15,0.05,20260101066
2025-03-08,66,20,2025-01-07,6,0.05,20260101066
2025-03-09,67,1,2025-03-04,62,0.05,20260101067
2025-03-09,67,2,2025-01-31,30,0.05,20260101067
2025-03-09,67,3,2025-03-06,64,0.05,20260101067
2025-03-09,67,4,2025-02-05,35,0.05,20260101067
2025-03-09,67,5,2025-01-04,3,0.05,20260101067
2025-03-09,67,6,2025-03-03,61,0.05,20260101067
2025-03-09,67,7,2025-01-22,21,0.05,20260101067
2025-03-09,67,8,2025-01-20,19,0.05,20260101067
2025-03-09,67,9,2025-02-18,48,0.05,20260101067
2025-03-09,67,10,2025-01-31,30,0.05,20260101067
2025-03-09,67,11,2025-02-05,35,0.05,20260101067
2025-03-09,67,12,2025-02-13,43,0.05,20260101067
2025-03-09,67,13,2025-01-21,20,0.05,20260101067
2025-03-09,67,14,2025-01-10,9,0.05,20260101067
2025-03-09,67,15,2025-02-08,38,0.05,20260101067
2025-03-09,67,16,2025-02-22,52,0.05,20260101067
2025-03-09,67,17,2025-02-18,48,0.05,20260101067
2025-03-09,67,18,2025-01-13,12,0.05,20260101067
2025-03-09,67,19,2025-02-28,58,0.05,20260101067
2025-03-09,67,20,2025-01-27,26,0.05,20260101067
2025-03-10,68,1,2025-01-30,29,0.05,20260101068
2025-03-10,68,2,2025-02-07,37,0.05,20260101068
2025-03-10,68,3,2025-01-10,9,0.05,20260101068
2025-03-10,68,4,2025-01-21,20,0.05,20260101068
2025-03-10,68,5,2025-02-06,36,0.05,20260101068
2025-03-10,68,6,2025-03-05,63,0.05,20260101068
2025-03-10,68,7,2025-02-17,47,0.05,20260101068
2025-03-10,68,8,2025-01-23,22,0.05,20260101068
2025-03-10,68,9,2025-02-20,50,0.05,20260101068
2025-03-10,68,10,2025-01-04,3,0.05,20260101068
2025-03-10,68,11,2025-02-03,33,0.05,20260101068
2025-03-10,68,12,2025-03-09,67,0.05,20260101068
2025-03-10,68,13,2025-02-18,48,0.05,20260101068
2025-03-10,68,14,2025-02-12,42,0.05,20260101068
2025-03-10,68,15,2025-01-17,16,0.05,20260101068
2025-03-10,68,16,2025-03-03,61,0.05,20260101068
2025-03-10,68,17,2025-02-27,57,0.05,20260101068
2025-03-10,68,18,2025-01-25,24,0.05,20260101068
2025-03-10,68,19,2025-01-18,17,0.05,20260101068
2025-03-10,68,20,2025-01-21,20,0.05,20260101068
2025-03-11,69,1,2025-02-02,32,0.05,20260101069
2025-03-11,69,2,2025-01-29,28,0.05,20260101069
2025-03-11,69,3,2025-01-31,30,0.05,20260101069
2025-03-11,69,4,2025-02-04,34,0.05,20260101069
2025-03-11,69,5,2025-03-03,61,0.05,20260101069
2025-03-11,69,6,2025-01-28,27,0.05,20260101069
2025-03-11,69,7,2025-02-22,52,0.05,20260101069
2025-03-11,69,8,2025-02-10,40,0.05,20260101069
2025-03-11,69,9,2025-01-20,19,0.05,20260101069
2025-03-11,69,10,2025-02-08,38,0.05,20260101069
2025-03-11,69,11,2025-01-21,20,0.05,20260101069
2025-03-11,69,12,2025-01-19,18,0.05,20260101069
2025-03-11,69,13,2025-02-09,39,0.05,20260101069
2025-03-11,69,14,2025-02-05,35,0.05,20260101069
2025-03-11,69,15,2025-01-27,26,0.05,20260101069
2025-03-11,69,16,2025-02-20,50,0.05,20260101069
2025-03-11,69,17,2025-01-03,2,0.05,20260101069
2025-03-11,69,18,2025-01-22,21,0.05,20260101069
2025-03-11,69,19,2025-01-26,25,0.05,20260101069
2025-03-11,69,20,2025-02-13,43,0.05,20260101069
2025-03-12,70,1,2025-02-10,40,0.05,20260101070
2025-03-12,70,2,2025-02-08,38,0.05,20260101070
2025-03-12,70,3,2025-01-07,6,0.05,20260101070
2025-03-12,70,4,2025-02-09,39,0.05,20260101070
2025-03-12,70,5,2025-02-15,45,0.05,20260101070
2025-03-12,70,6,2025-01-05,4,0.05,20260101070
2025-03-12,70,7,2025-01-09,8,0.05,20260101070
2025-03-12,70,8,2025-02-10,40,0.05,20260101070
2025-03-12,70,9,2025-02-12,42,0.05,20260101070
2025-03-12,70,10,2025-01-31,30,0.05,20260101070
2025-03-12,70,11,2025-03-05,63,0.05,20260101070
2025-03-12,70,12,2025-02-15,45,0.05,20260101070
2025-03-12,70,13,2025-02-25,55,0.05,20260101070
2025-03-12,70,14,2025-01-28,27,0.05,20260101070
2025-03-12,70,15,2025-03-02,60,0.05,20260101070
2025-03-12,70,16,2025-02-26,56,0.05,20260101070
2025-03-12,70,17,2025-02-28,58,0.05,20260101070
2025-03-12,70,18,2025-03-06,64,0.05,20260101070
2025-03-12,70,19,2025-02-13,43,0.05,20260101070
2025-03-12,70,20,2025-01-31,30,0.05,20260101070
2025-03-13,71,1,2025-02-23,53,0.05,20260101071
2025-03-13,71,2,2025-01-31,30,0.05,20260101071
2025-03-13,71,3,2025-02-11,41,0.05,20260101071
2025-03-13,71,4,2025-01-31,30,0.05,20260101071
2025-03-13,71,5,2025-02-14,44,0.05,20260101071
2025-03-13,71,6,2025-03-02,60,0.05,20260101071
2025-03-13,71,7,2025-02-09,39,0.05,20260101071
2025-03-13,71,8,2025-01-14,13,0.05,20260101071
2025-03-13,71,9,2025-03-09,67,0.05,20260101071
2025-03-13,71,10,2025-03-03,61,0.05,20260101071
2025-03-13,71,11,2025-01-21,20,0.05,20260101071
2025-03-13,71,12,2025-02-12,42,0.05,20260101071
2025-03-13,71,13,2025-01-08,7,0.05,20260101071
2025-03-13,71,14,2025-02-16,46,0.05,20260101071
2025-03-13,71,15,2025-02-19,49,0.05,20260101071
2025-03-13,71,16,2025-01-18,17,0.05,20260101071
2025-03-13,71,17,2025-01-22,21,0.05,20260101071
2025-03-13,71,18,2025-03-05,63,0.05,20260101071
2025-03-13,71,19,2025-02-24,54,0.05,20260101071
2025-03-13,71,20,2025-01-02,1,0.05,20260101071
2025-03-14,72,1,2025-01-28,27,0.05,20260101072
2025-03-14,72,2,2025-01-18,17,0.05,20260101072
2025-03-14,72,3,2025-01-13,12,0.05,20260101072
2025-03-14,72,4,2025-01-14,13,0.05,20260101072
2025-03-14,72,5,2025-02-22,52,0.05,20260101072
2025-03-14,72,6,2025-01-21,20,0.05,20260101072
2025-03-14,72,7,2025-03-13,71,0.05,20260101072
2025-03-14,72,8,2025-02-17,47,0.05,20260101072
2025-03-14,72,9,2025-01-30,29,0.05,20260101072
2025-03-14,72,10,2025-02-17,47,0.05,20260101072
2025-03-14,72,11,2025-02-13,43,0.05,20260101072
2025-03-14,72,12,2025-03-01,59,0.05,20260101072
2025-03-14,72,13,2025-02-02,32,0.05,20260101072
2025-03-14,72,14,2025-02-03,33,0.05,20260101072
2025-03-14,72,15,2025-03-13,71,0.05,20260101072
2025-03-14,72,16,2025-03-08,66,0.05,20260101072
2025-03-14,72,17,2025-02-12,42,0.05,20260101072
2025-03-14,72,18,2025-01-26,25,0.05,20260101072
2025-03-14,72,19,2025-02-13,43,0.05,20260101072
2025-03-14,72,20,2025-01-11,10,0.05,20260101072
2025-03-15,73,1,2025-02-06,36,0.05,20260101073
2025-03-15,73,2,2025-01-07,6,0.05,20260101073
2025-03-15,73,3,2025-02-21,51,0.05,20260101073
2025-03-15,73,4,2025-01-26,25,0.05,20260101073
2025-03-15,73,5,2025-02-14,44,0.05,20260101073
2025-03-15,73,6,2025-01-05,4,0.05,20260101073
2025-03-15,73,7,2025-02-16,46,0.05,20260101073
2025-03-15,73,8,2025-03-07,65,0.05,20260101073
2025-03-15,73,9,2025-03-10,68,0.05,20260101073
2025-03-15,73,10,2025-03-01,59,0.05,20260101073
2025-03-15,73,11,2025-01-07,6,0.05,20260101073
2025-03-15,73,12,2025-02-11,41,0.05,20260101073
2025-03-15,73,13,2025-02-04,34,0.05,20260101073
2025-03-15,73,14,2025-02-17,47,0.05,20260101073
2025-03-15,73,15,2025-01-27,26,0.05,20260101073
2025-03-15,73,16,2025-01-24,23,0.05,20260101073
2025-03-15,73,17,2025-01-08,7,0.05,20260101073
2025-03-15,73,18,2025-01-16,15,0.05,20260101073
2025-03-15,73,19,2025-03-05,63,0.05,20260101073
2025-03-15,73,20,2025-02-04,34,0.05,20260101073
2025-03-16,74,1,2025-02-28,58,0.05,20260101074
2025-03-16,74,2,2025-01-26,25,0.05,20260101074
2025-03-16,74,3,2025-02-12,42,0.05,20260101074
2025-03-16,74,4,2025-01-21,20,0.05,20260101074
2025-03-16,74,5,2025-02-21,51,0.05,20260101074
2025-03-16,74,6,2025-02-06,36,0.05,20260101074
2025-03-16,74,7,2025-01-27,26,0.05,20260101074
2025-03-16,74,8,2025-01-06,5,0.05,20260101074
2025-03-16,74,9,2025-02-08,38,0.05,20260101074
2025-03-16,74,10,2025-01-22,21,0.05,20260101074
2025-03-16,74,11,2025-02-15,45,0.05,20260101074
2025-03-16,74,12,2025-01-22,21,0.05,20260101074
2025-03-16,74,13,2025-03-09,67,0.05,20260101074
2025-03-16,74,14,2025-02-22,52,0.05,20260101074
2025-03-16,74,15,2025-01-06,5,0.05,20260101074
2025-03-16,74,16,2025-03-06,64,0.05,20260101074
2025-03-16,74,17,2025-02-19,49,0.05,20260101074
2025-03-16,74,18,2025-02-14,44,0.05,20260101074
2025-03-16,74,19,2025-02-12,42,0.05,20260101074
2025-03-16,74,20,2025-01-08,7,0.05,20260101074
2025-03-17,75,1,2025-01-26,25,0.05,20260101075
2025-03-17,75,2,2025-01-14,13,0.05,20260101075
2025-03-17,75,3,2025-02-07,37,0.05,20260101075
2025-03-17,75,4,2025-01-31,30,0.05,20260101075
2025-03-17,75,5,2025-01-14,13,0.05,20260101075
2025-03-17,75,6,2025-02-24,54,0.05,20260101075
2025-03-17,75,7,2025-01-12,11,0.05,20260101075
2025-03-17,75,8,2025-02-21,51,0.05,20260101075
2025-03-17,75,9,2025-03-02,60,0.05,20260101075
2025-03-17,75,10,2025-03-15,73,0.05,20260101075
2025-03-17,75,11,2025-02-01,31,0.05,20260101075
2025-03-17,75,12,2025-01-13,12,0.05,20260101075
2025-03-17,75,13,2025-02-23,53,0.05,20260101075
2025-03-17,75,14,2025-01-07,6,0.05,20260101075
2025-03-17,75,15,2025-01-19,18,0.05,20260101075
2025-03-17,75,16,2025-01-05,4,0.05,20260101075
2025-03-17,75,17,2025-01-06,5,0.05,20260101075
2025-03-17,75,18,2025-02-23,53,0.05,20260101075
2025-03-17,75,19,2025-02-14,44,0.05,20260101075
2025-03-17,75,20,2025-01-19,18,0.05,20260101075
2025-03-18,76,1,2025-01-25,24,0.05,20260101076
2025-03-18,76,2,2025-01-31,30,0.05,20260101076
2025-03-18,76,3,2025-02-14,44,0.05,20260101076
2025-03-18,76,4,2025-03-08,66,0.05,20260101076
2025-03-18,76,5,2025-03-17,75,0.05,20260101076
2025-03-18,76,6,2025-01-12,11,0.05,20260101076
2025-03-18,76,7,2025-01-05,4,0.05,20260101076
2025-03-18,76,8,2025-01-05,4,0.05,20260101076
2025-03-18,76,9,2025-01-04,3,0.05,20260101076
2025-03-18,76,10,2025-01-11,10,0.05,20260101076
2025-03-18,76,11,2025-02-17,47,0.05,20260101076
2025-03-18,76,12,2025-01-06,5,0.05,20260101076
2025-03-18,76,13,2025-02-06,36,0.05,20260101076
2025-03-18,76,14,2025-01-24,23,0.05,20260101076
2025-03-18,76,15,2025-03-15,73,0.05,20260101076
2025-03-18,76,16,2025-01-16,15,0.05,20260101076
2025-03-18,76,17,2025-02-08,38,0.05,20260101076
2025-03-18,76,18,2025-01-08,7,0.05,20260101076
2025-03-18,76,19,2025-03-08,66,0.05,20260101076
2025-03-18,76,20,2025-02-18,48,0.05,20260101076
2025-03-19,77,1,2025-03-13,71,0.05,20260101077
2025-03-19,77,2,2025-02-28,58,0.05,20260101077
2025-03-19,77,3,2025-03-03,61,0.05,20260101077
2025-03-19,77,4,2025-01-19,18,0.05,20260101077
2025-03-19,77,5,2025-01-10,9,0.05,20260101077
2025-03-19,77,6,2025-01-30,29,0.05,20260101077
2025-03-19,77,7,2025-02-13,43,0.05,20260101077
2025-03-19,77,8,2025-01-11,10,0.05,20260101077
2025-03-19,77,9,2025-01-17,16,0.05,20260101077
2025-03-19,77,10,2025-02-17,47,0.05,20260101077
2025-03-19,77,11,2025-01-22,21,0.05,20260101077
2025-03-19,77,12,2025-02-14,44,0.05,20260101077
2025-03-19,77,13,2025-02-19,49,0.05,20260101077
2025-03-19,77,14,2025-01-02,1,0.05,20260101077
2025-03-19,77,15,2025-02-17,47,0.05,20260101077
2025-03-19,77,16,2025-03-15,73,0.05,20260101077
2025-03-19,77,17,2025-02-12,42,0.05,20260101077
2025-03-19,77,18,2025-03-03,61,0.05,20260101077
2025-03-19,77,19,2025-02-21,51,0.05,20260101077
2025-03-19,77,20,2025-02-28,58,0.05,20260101077
2025-03-20,78,1,2025-02-13,43,0.05,20260101078
2025-03-20,78,2,2025-01-19,18,0.05,20260101078
2025-03-20,78,3,2025-01-18,17,0.05,20260101078
2025-03-20,78,4,2025-01-25,24,0.05,20260101078
2025-03-20,78,5,2025-03-17,75,0.05,20260101078
2025-03-20,78,6,2025-02-22,52,0.05,20260101078
2025-03-20,78,7,2025-02-20,50,0.05,20260101078
2025-03-20,78,8,2025-03-05,63,0.05,20260101078
2025-03-20,78,9,2025-03-01,59,0.05,20260101078
2025-03-20,78,10,2025-01-06,5,0.05,20260101078
2025-03-20,78,11,2025-01-11,10,0.05,20260101078
2025-03-20,78,12,2025-01-11,10,0.05,20260101078
2025-03-20,78,13,2025-01-29,28,0.05,20260101078
2025-03-20,78,14,2025-03-07,65,0.05,20260101078
2025-03-20,78,15,2025-02-04,34,0.05,20260101078
2025-03-20,78,16,2025-02-08,38,0.05,20260101078
2025-03-20,78,17,2025-02-14,44,0.05,20260101078
2025-03-20,78,18,2025-02-10,40,0.05,20260101078
2025-03-20,78,19,2025-01-21,20,0.05,20260101078
2025-03-20,78,20,2025-01-17,16,0.05,20260101078
2025-03-21,79,1,2025-01-31,30,0.05,20260101079
2025-03-21,79,2,2025-02-24,54,0.05,20260101079
2025-03-21,79,3,2025-01-26,25,0.05,20260101079
2025-03-21,79,4,2025-02-16,46,0.05,20260101079
2025-03-21,79,5,2025-02-04,34,0.05,20260101079
2025-03-21,79,6,2025-01-17,16,0.05,20260101079
2025-03-21,79,7,2025-02-25,55,0.05,20260101079
2025-03-21,79,8,2025-02-21,51,0.05,20260101079
2025-03-21,79,9,2025-01-24,23,0.05,20260101079
2025-03-21,79,10,2025-03-04,62,0.05,20260101079
2025-03-21,79,11,2025-02-27,57,0.05,20260101079
2025-03-21,79,12,2025-01-11,10,0.05,20260101079
2025-03-21,79,13,2025-03-11,69,0.05,20260101079
2025-03-21,79,14,2025-01-12,11,0.05,20260101079
2025-03-21,79,15,2025-01-25,24,0.05,20260101079
2025-03-21,79,16,2025-01-24,23,0.05,20260101079
2025-03-21,79,17,2025-03-16,74,0.05,20260101079
2025-03-21,79,18,2025-01-20,19,0.05,20260101079
2025-03-21,79,19,2025-03-11,69,0.05,20260101079
2025-03-21,79,20,2025-01-23,22,0.05,20260101079
2025-03-22,80,1,2025-03-08,66,0.05,20260101080
2025-03-22,80,2,2025-03-06,64,0.05,20260101080
2025-03-22,80,3,2025-02-13,43,0.05,20260101080
2025-03-22,80,4,2025-01-09,8,0.05,20260101080
2025-03-22,80,5,2025-02-04,34,0.05,20260101080
2025-03-22,80,6,2025-02-16,46,0.05,20260101080
2025-03-22,80,7,2025-02-10,40,0.05,20260101080
2025-03-22,80,8,2025-02-12,42,0.05,20260101080
2025-03-22,80,9,2025-01-29,28,0.05,20260101080
2025-03-22,80,10,2025-01-09,8,0.05,20260101080
2025-03-22,80,11,2025-01-08,7,0.05,20260101080
2025-03-22,80,12,2025-01-28,27,0.05,20260101080
2025-03-22,80,13,2025-02-26,56,0.05,20260101080
2025-03-22,80,14,2025-01-06,5,0.05,20260101080
2025-03-22,80,15,2025-01-19,18,0.05,20260101080
2025-03-22,80,16,2025-02-24,54,0.05,20260101080
2025-03-22,80,17,2025-02-25,55,0.05,20260101080
2025-03-22,80,18,2025-01-13,12,0.05,20260101080
2025-03-22,80,19,2025-01-21,20,0.05,20260101080
2025-03-22,80,20,2025-01-13,12,0.05,20260101080
2025-03-23,81,1,2025-01-18,17,0.05,20260101081
2025-03-23,81,2,2025-01-12,11,0.05,20260101081
2025-03-23,81,3,2025-01-03,2,0.05,20260101081
2025-03-23,81,4,2025-03-05,63,0.05,20260101081
2025-03-23,81,5,2025-01-30,29,0.05,20260101081
2025-03-23,81,6,2025-01-06,5,0.05,20260101081
2025-03-23,81,7,2025-02-24,54,0.05,20260101081
2025-03-23,81,8,2025-02-15,45,0.05,20260101081
2025-03-23,81,9,2025-03-14,72,0.05,20260101081
2025-03-23,81,10,2025-03-18,76,0.05,20260101081
2025-03-23,81,11,2025-03-18,76,0.05,20260101081
2025-03-23,81,12,2025-01-14,13,0.05,20260101081
2025-03-23,81,13,2025-01-03,2,0.05,20260101081
2025-03-23,81,14,2025-02-17,47,0.05,20260101081
2025-03-23,81,15,2025-01-16,15,0.05,20260101081
2025-03-23,81,16,2025-01-06,5,0.05,20260101081
2025-03-23,81,17,2025-03-16,74,0.05,20260101081
2025-03-23,81,18,2025-03-08,66,0.05,20260101081
2025-03-23,81,19,2025-01-23,22,0.05,20260101081
2025-03-23,81,20,2025-03-09,67,0.05,20260101081
2025-03-24,82,1,2025-03-16,74,0.05,20260101082
2025-03-24,82,2,2025-02-17,47,0.05,20260101082
2025-03-24,82,3,2025-01-07,6,0.05,20260101082
2025-03-24,82,4,2025-02-08,38,0.05,20260101082
2025-03-24,82,5,2025-01-29,28,0.05,20260101082
2025-03-24,82,6,2025-01-18,17,0.05,20260101082
2025-03-24,82,7,2025-02-04,34,0.05,20260101082
2025-03-24,82,8,2025-03-06,64,0.05,20260101082
2025-03-24,82,9,2025-03-22,80,0.05,20260101082
2025-03-24,82,10,2025-02-06,36,0.05,20260101082
2025-03-24,82,11,2025-02-14,44,0.05,20260101082
2025-03-24,82,12,2025-03-23,81,0.05,20260101082
2025-03-24,82,13,2025-02-11,41,0.05,20260101082
2025-03-24,82,14,2025-01-05,4,0.05,20260101082
2025-03-24,82,15,2025-01-29,28,0.05,20260101082
2025-03-24,82,16,2025-01-08,7,0.05,20260101082
2025-03-24,82,17,2025-03-21,79,0.05,20260101082
2025-03-24,82,18,2025-01-21,20,0.05,20260101082
2025-03-24,82,19,2025-01-22,21,0.05,20260101082
2025-03-24,82,20,2025-01-23,22,0.05,20260101082
2025-03-25,83,1,2025-02-10,40,0.05,20260101083
2025-03-25,83,2,2025-02-03,33,0.05,20260101083
2025-03-25,83,3,2025-02-01,31,0.05,20260101083
2025-03-25,83,4,2025-03-23,81,0.05,20260101083
2025-03-25,83,5,2025-03-22,80,0.05,20260101083
2025-03-25,83,6,2025-01-09,8,0.05,20260101083
2025-03-25,83,7,2025-01-18,17,0.05,20260101083
2025-03-25,83,8,2025-03-23,81,0.05,20260101083
2025-03-25,83,9,2025-03-04,62,0.05,20260101083
2025-03-25,83,10,2025-03-24,82,0.05,20260101083
2025-03-25,83,11,2025-02-03,33,0.05,20260101083
2025-03-25,83,12,2025-02-24,54,0.05,20260101083
2025-03-25,83,13,2025-01-26,25,0.05,20260101083
2025-03-25,83,14,2025-02-23,53,0.05,20260101083
2025-03-25,83,15,2025-03-04,62,0.05,20260101083
2025-03-25,83,16,2025-02-20,50,0.05,20260101083
2025-03-25,83,17,2025-02-15,45,0.05,20260101083
2025-03-25,83,18,2025-02-03,33,0.05,20260101083
2025-03-25,83,19,2025-01-20,19,0.05,20260101083
2025-03-25,83,20,2025-01-08,7,0.05,20260101083
2025-03-26,84,1,2025-02-07,37,0.05,20260101084
2025-03-26,84,2,2025-02-28,58,0.05,20260101084
2025-03-26,84,3,2025-01-28,27,0.05,20260101084
2025-03-26,84,4,2025-01-08,7,0.05,20260101084
2025-03-26,84,5,2025-03-04,62,0.05,20260101084
2025-03-26,84,6,2025-02-11,41,0.05,20260101084
2025-03-26,84,7,2025-03-12,70,0.05,20260101084
2025-03-26,84,8,2025-03-25,83,0.05,20260101084
2025-03-26,84,9,2025-01-02,1,0.05,20260101084
2025-03-26,84,10,2025-01-19,18,0.05,20260101084
2025-03-26,84,11,2025-02-25,55,0.05,20260101084
2025-03-26,84,12,2025-03-06,64,0.05,20260101084
2025-03-26,84,13,2025-01-13,12,0.05,20260101084
2025-03-26,84,14,2025-03-23,81,0.05,20260101084
2025-03-26,84,15,2025-01-25,24,0.05,20260101084
2025-03-26,84,16,2025-02-14,44,0.05,20260101084
2025-03-26,84,17,2025-02-18,48,0.05,20260101084
2025-03-26,84,18,2025-03-08,66,0.05,20260101084
2025-03-26,84,19,2025-03-06,64,0.05,20260101084
2025-03-26,84,20,2025-01-23,22,0.05,20260101084
2025-03-27,85,1,2025-02-02,32,0.05,20260101085
2025-03-27,85,2,2025-01-22,21,0.05,20260101085
2025-03-27,85,3,2025-01-09,8,0.05,20260101085
2025-03-27,85,4,2025-01-20,19,0.05,20260101085
2025-03-27,85,5,2025-02-28,58,0.05,20260101085
2025-03-27,85,6,2025-02-22,52,0.05,20260101085
2025-03-27,85,7,2025-03-16,74,0.05,20260101085
2025-03-27,85,8,2025-02-15,45,0.05,20260101085
2025-03-27,85,9,2025-03-13,71,0.05,20260101085
2025-03-27,85,10,2025-02-24,54,0.05,20260101085
2025-03-27,85,11,2025-02-02,32,0.05,20260101085
2025-03-27,85,12,2025-01-19,18,0.05,20260101085
2025-03-27,85,13,2025-03-01,59,0.05,20260101085
2025-03-27,85,14,2025-03-14,72,0.05,20260101085
2025-03-27,85,15,2025-03-05,63,0.05,20260101085
2025-03-27,85,16,2025-01-14,13,0.05,20260101085
2025-03-27,85,17,2025-01-11,10,0.05,20260101085
2025-03-27,85,18,2025-01-20,19,0.05,20260101085
2025-03-27,85,19,2025-01-17,16,0.05,20260101085
2025-03-27,85,20,2025-01-28,27,0.05,20260101085
2025-03-28,86,1,2025-03-23,81,0.05,20260101086
2025-03-28,86,2,2025-01-07,6,0.05,20260101086
2025-03-28,86,3,2025-03-09,67,0.05,20260101086
2025-03-28,86,4,2025-03-21,79,0.05,20260101086
2025-03-28,86,5,2025-03-09,67,0.05,20260101086
2025-03-28,86,6,2025-01-02,1,0.05,20260101086
2025-03-28,86,7,2025-03-12,70,0.05,20260101086
2025-03-28,86,8,2025-01-27,26,0.05,20260101086
2025-03-28,86,9,2025-02-28,58,0.05,20260101086
2025-03-28,86,10,2025-01-04,3,0.05,20260101086
2025-03-28,86,11,2025-03-12,70,0.05,20260101086
2025-03-28,86,12,2025-03-25,83,0.05,20260101086
2025-03-28,86,13,2025-03-24,82,0.05,20260101086
2025-03-28,86,14,2025-03-04,62,0.05,20260101086
2025-03-28,86,15,2025-03-18,76,0.05,20260101086
2025-03-28,86,16,2025-02-12,42,0.05,20260101086
2025-03-28,86,17,2025-03-15,73,0.05,20260101086
2025-03-28,86,18,2025-02-26,56,0.05,20260101086
2025-03-28,86,19,2025-03-24,82,0.05,20260101086
2025-03-28,86,20,2025-01-22,21,0.05,20260101086
2025-03-29,87,1,2025-03-25,83,0.05,20260101087
2025-03-29,87,2,2025-03-03,61,0.05,20260101087
2025-03-29,87,3,2025-01-03,2,0.05,20260101087
2025-03-29,87,4,2025-02-01,31,0.05,20260101087
2025-03-29,87,5,2025-02-14,44,0.05,20260101087
2025-03-29,87,6,2025-02-12,42,0.05,20260101087
2025-03-29,87,7,2025-03-05,63,0.05,20260101087
2025-03-29,87,8,2025-02-21,51,0.05,20260101087
2025-03-29,87,9,2025-01-28,27,0.05,20260101087
2025-03-29,87,10,2025-03-17,75,0.05,20260101087
2025-03-29,87,11,2025-02-27,57,0.05,20260101087
2025-03-29,87,12,2025-01-02,1,0.05,20260101087
2025-03-29,87,13,2025-02-08,38,0.05,20260101087
2025-03-29,87,14,2025-02-21,51,0.05,20260101087
2025-03-29,87,15,2025-01-10,9,0.05,20260101087
2025-03-29,87,16,2025-02-14,44,0.05,20260101087
2025-03-29,87,17,2025-01-20,19,0.05,20260101087
2025-03-29,87,18,2025-02-28,58,0.05,20260101087
2025-03-29,87,19,2025-01-21,20,0.05,20260101087
2025-03-29,87,20,2025-01-09,8,0.05,20260101087
2025-03-30,88,1,2025-03-18,76,0.05,20260101088
2025-03-30,88,2,2025-01-18,17,0.05,20260101088
2025-03-30,88,3,2025-01-05,4,0.05,20260101088
2025-03-30,88,4,2025-01-14,13,0.05,20260101088
2025-03-30,88,5,2025-02-08,38,0.05,20260101088
2025-03-30,88,6,2025-02-09,39,0.05,20260101088
2025-03-30,88,7,2025-03-18,76,0.05,20260101088
2025-03-30,88,8,2025-03-22,80,0.05,20260101088
2025-03-30,88,9,2025-01-10,9,0.05,20260101088
2025-03-30,88,10,2025-02-09,39,0.05,20260101088
2025-03-30,88,11,2025-02-06,36,0.05,20260101088
2025-03-30,88,12,2025-02-18,48,0.05,20260101088
2025-03-30,88,13,2025-02-25,55,0.05,20260101088
2025-03-30,88,14,2025-02-21,51,0.05,20260101088
2025-03-30,88,15,2025-03-03,61,0.05,20260101088
2025-03-30,88,16,2025-02-13,43,0.05,20260101088
2025-03-30,88,17,2025-03-10,68,0.05,20260101088
2025-03-30,88,18,2025-02-01,31,0.05,20260101088
2025-03-30,88,19,2025-01-06,5,0.05,20260101088
2025-03-30,88,20,2025-01-22,21,0.05,20260101088
2025-03-31,89,1,2025-01-15,14,0.05,20260101089
2025-03-31,89,2,2025-01-07,6,0.05,20260101089
2025-03-31,89,3,2025-03-17,75,0.05,20260101089
2025-03-31,89,4,2025-01-14,13,0.05,20260101089
2025-03-31,89,5,2025-03-16,74,0.05,20260101089
2025-03-31,89,6,2025-02-26,56,0.05,20260101089
2025-03-31,89,7,2025-01-30,29,0.05,20260101089
2025-03-31,89,8,2025-01-22,21,0.05,20260101089
2025-03-31,89,9,2025-02-27,57,0.05,20260101089
2025-03-31,89,10,2025-01-29,28,0.05,20260101089
2025-03-31,89,11,2025-01-13,12,0.05,20260101089
2025-03-31,89,12,2025-01-05,4,0.05,20260101089
2025-03-31,89,13,2025-01-03,2,0.05,20260101089
2025-03-31,89,14,2025-02-25,55,0.05,20260101089
2025-03-31,89,15,2025-01-15,14,0.05,20260101089
2025-03-31,89,16,2025-01-26,25,0.05,20260101089
2025-03-31,89,17,2025-01-07,6,0.05,20260101089
2025-03-31,89,18,2025-01-26,25,0.05,20260101089
2025-03-31,89,19,2025-01-23,22,0.05,20260101089
2025-03-31,89,20,2025-02-11,41,0.05,20260101089
2025-04-01,90,1,2025-02-01,31,0.05,20260101090
2025-04-01,90,2,2025-03-06,64,0.05,20260101090
2025-04-01,90,3,2025-02-24,54,0.05,20260101090
2025-04-01,90,4,2025-03-09,67,0.05,20260101090
2025-04-01,90,5,2025-01-28,27,0.05,20260101090
2025-04-01,90,6,2025-01-31,30,0.05,20260101090
2025-04-01,90,7,2025-01-23,22,0.05,20260101090
2025-04-01,90,8,2025-01-07,6,0.05,20260101090
2025-04-01,90,9,2025-01-19,18,0.05,20260101090
2025-04-01,90,10,2025-02-05,35,0.05,20260101090
2025-04-01,90,11,2025-02-26,56,0.05,20260101090
2025-04-01,90,12,2025-03-11,69,0.05,20260101090
2025-04-01,90,13,2025-02-16,46,0.05,20260101090
2025-04-01,90,14,2025-03-15,73,0.05,20260101090
2025-04-01,90,15,2025-03-10,68,0.05,20260101090
2025-04-01,90,16,2025-03-08,66,0.05,20260101090
2025-04-01,90,17,2025-02-06,36,0.05,20260101090
2025-04-01,90,18,2025-02-03,33,0.05,20260101090
2025-04-01,90,19,2025-01-02,1,0.05,20260101090
2025-04-01,90,20,2025-01-28,27,0.05,20260101090
2025-04-02,91,1,2025-01-04,3,0.05,20260101091
2025-04-02,91,2,2025-03-17,75,0.05,20260101091
2025-04-02,91,3,2025-02-23,53,0.05,20260101091
2025-04-02,91,4,2025-01-04,3,0.05,20260101091
2025-04-02,91,5,2025-01-10,9,0.05,20260101091
2025-04-02,91,6,2025-02-27,57,0.05,20260101091
2025-04-02,91,7,2025-03-20,78,0.05,20260101091
2025-04-02,91,8,2025-01-14,13,0.05,20260101091
2025-04-02,91,9,2025-02-09,39,0.05,20260101091
2025-04-02,91,10,2025-03-09,67,0.05,20260101091
2025-04-02,91,11,2025-01-19,18,0.05,20260101091
2025-04-02,91,12,2025-03-31,89,0.05,20260101091
2025-04-02,91,13,2025-03-16,74,0.05,20260101091
2025-04-02,91,14,2025-01-20,19,0.05,20260101091
2025-04-02,91,15,2025-03-19,77,0.05,20260101091
2025-04-02,91,16,2025-03-14,72,0.05,20260101091
2025-04-02,91,17,2025-01-20,19,0.05,20260101091
2025-04-02,91,18,2025-02-22,52,0.05,20260101091
2025-04-02,91,19,2025-01-06,5,0.05,20260101091
2025-04-02,91,20,2025-01-23,22,0.05,20260101091
2025-04-03,92,1,2025-02-10,40,0.05,20260101092
2025-04-03,92,2,2025-02-02,32,0.05,20260101092
2025-04-03,92,3,2025-03-03,61,0.05,20260101092
2025-04-03,92,4,2025-03-20,78,0.05,20260101092
2025-04-03,92,5,2025-01-10,9,0.05,20260101092
2025-04-03,92,6,2025-03-24,82,0.05,20260101092
2025-04-03,92,7,2025-03-07,65,0.05,20260101092
2025-04-03,92,8,2025-04-01,90,0.05,20260101092
2025-04-03,92,9,2025-01-22,21,0.05,20260101092
2025-04-03,92,10,2025-01-29,28,0.05,20260101092
2025-04-03,92,11,2025-01-12,11,0.05,20260101092
2025-04-03,92,12,2025-03-31,89,0.05,20260101092
2025-04-03,92,13,2025-01-28,27,0.05,20260101092
2025-04-03,92,14,2025-01-07,6,0.05,20260101092
2025-04-03,92,15,2025-02-09,39,0.05,20260101092
2025-04-03,92,16,2025-03-21,79,0.05,20260101092
2025-04-03,92,17,2025-03-02,60,0.05,20260101092
2025-04-03,92,18,2025-02-28,58,0.05,20260101092
2025-04-03,92,19,2025-03-02,60,0.05,20260101092
2025-04-03,92,20,2025-03-11,69,0.05,20260101092
2025-04-04,93,1,2025-01-05,4,0.05,20260101093
2025-04-04,93,2,2025-01-07,6,0.05,20260101093
2025-04-04,93,3,2025-01-17,16,0.05,20260101093
2025-04-04,93,4,2025-01-05,4,0.05,20260101093
2025-04-04,93,5,2025-02-11,41,0.05,20260101093
2025-04-04,93,6,2025-01-17,16,0.05,20260101093
2025-04-04,93,7,2025-01-10,9,0.05,20260101093
2025-04-04,93,8,2025-03-16,74,0.05,20260101093
2025-04-04,93,9,2025-02-14,44,0.05,20260101093
2025-04-04,93,10,2025-02-03,33,0.05,20260101093
2025-04-04,93,11,2025-02-06,36,0.05,20260101093
2025-04-04,93,12,2025-01-05,4,0.05,20260101093
2025-04-04,93,13,2025-01-30,29,0.05,20260101093
2025-04-04,93,14,2025-01-06,5,0.05,20260101093
2025-04-04,93,15,2025-02-16,46,0.05,20260101093
2025-04-04,93,16,2025-01-30,29,0.05,20260101093
2025-04-04,93,17,2025-01-02,1,0.05,20260101093
2025-04-04,93,18,2025-03-16,74,0.05,20260101093
2025-04-04,93,19,2025-01-06,5,0.05,20260101093
2025-04-04,93,20,2025-02-24,54,0.05,20260101093
2025-04-05,94,1,2025-02-04,34,0.05,20260101094
2025-04-05,94,2,2025-01-22,21,0.05,20260101094
2025-04-05,94,3,2025-01-10,9,0.05,20260101094
2025-04-05,94,4,2025-01-18,17,0.05,20260101094
2025-04-05,94,5,2025-02-12,42,0.05,20260101094
2025-04-05,94,6,2025-01-21,20,0.05,20260101094
2025-04-05,94,7,2025-02-01,31,0.05,20260101094
2025-04-05,94,8,2025-03-11,69,0.05,20260101094
2025-04-05,94,9,2025-02-06,36,0.05,20260101094
2025-04-05,94,10,2025-03-16,74,0.05,20260101094
2025-04-05,94,11,2025-01-04,3,0.05,20260101094
2025-04-05,94,12,2025-02-19,49,0.05,20260101094
2025-04-05,94,13,2025-03-03,61,0.05,20260101094
2025-04-05,94,14,2025-02-05,35,0.05,20260101094
2025-04-05,94,15,2025-03-09,67,0.05,20260101094
2025-04-05,94,16,2025-03-06,64,0.05,20260101094
2025-04-05,94,17,2025-03-07,65,0.05,20260101094
2025-04-05,94,18,2025-03-09,67,0.05,20260101094
2025-04-05,94,19,2025-01-14,13,0.05,20260101094
2025-04-05,94,20,2025-03-12,70,0.05,20260101094
2025-04-06,95,1,2025-03-12,70,0.05,20260101095
2025-04-06,95,2,2025-03-21,79,0.05,20260101095
2025-04-06,95,3,2025-02-23,53,0.05,20260101095
2025-04-06,95,4,2025-02-22,52,0.05,20260101095
2025-04-06,95,5,2025-01-16,15,0.05,20260101095
2025-04-06,95,6,2025-02-23,53,0.05,20260101095
2025-04-06,95,7,2025-01-26,25,0.05,20260101095
2025-04-06,95,8,2025-01-19,18,0.05,20260101095
2025-04-06,95,9,2025-01-04,3,0.05,20260101095
2025-04-06,95,10,2025-01-22,21,0.05,20260101095
2025-04-06,95,11,2025-03-13,71,0.05,20260101095
2025-04-06,95,12,2025-01-08,7,0.05,20260101095
2025-04-06,95,13,2025-03-04,62,0.05,20260101095
2025-04-06,95,14,2025-03-13,71,0.05,20260101095
2025-04-06,95,15,2025-02-23,53,0.05,20260101095
2025-04-06,95,16,2025-02-26,56,0.05,20260101095
2025-04-06,95,17,2025-01-04,3,0.05,20260101095
2025-04-06,95,18,2025-03-07,65,0.05,20260101095
2025-04-06,95,19,2025-01-08,7,0.05,20260101095
2025-04-06,95,20,2025-01-24,23,0.05,20260101095
2025-04-07,96,1,2025-01-02,1,0.05,20260101096
2025-04-07,96,2,2025-01-30,29,0.05,20260101096
2025-04-07,96,3,2025-01-10,9,0.05,20260101096
2025-04-07,96,4,2025-04-01,90,0.05,20260101096
2025-04-07,96,5,2025-02-21,51,0.05,20260101096
2025-04-07,96,6,2025-03-07,65,0.05,20260101096
2025-04-07,96,7,2025-03-17,75,0.05,20260101096
2025-04-07,96,8,2025-01-13,12,0.05,20260101096
2025-04-07,96,9,2025-02-01,31,0.05,20260101096
2025-04-07,96,10,2025-03-28,86,0.05,20260101096
2025-04-07,96,11,2025-03-21,79,0.05,20260101096
2025-04-07,96,12,2025-02-26,56,0.05,20260101096
2025-04-07,96,13,2025-02-01,31,0.05,20260101096
2025-04-07,96,14,2025-01-15,14,0.05,20260101096
2025-04-07,96,15,2025-02-19,49,0.05,20260101096
2025-04-07,96,16,2025-01-17,16,0.05,20260101096
2025-04-07,96,17,2025-02-05,35,0.05,20260101096
2025-04-07,96,18,2025-01-20,19,0.05,20260101096
2025-04-07,96,19,2025-02-18,48,0.05,20260101096
2025-04-07,96,20,2025-03-27,85,0.05,20260101096
2025-04-08,97,1,2025-01-05,4,0.05,20260101097
2025-04-08,97,2,2025-02-11,41,0.05,20260101097
2025-04-08,97,3,2025-02-04,34,0.05,20260101097
2025-04-08,97,4,2025-02-13,43,0.05,20260101097
2025-04-08,97,5,2025-02-02,32,0.05,20260101097
2025-04-08,97,6,2025-01-10,9,0.05,20260101097
2025-04-08,97,7,2025-03-03,61,0.05,20260101097
2025-04-08,97,8,2025-03-15,73,0.05,20260101097
2025-04-08,97,9,2025-01-05,4,0.05,20260101097
2025-04-08,97,10,2025-03-21,79,0.05,20260101097
2025-04-08,97,11,2025-04-07,96,0.05,20260101097
2025-04-08,97,12,2025-01-21,20,0.05,20260101097
2025-04-08,97,13,2025-01-23,22,0.05,20260101097
2025-04-08,97,14,2025-03-30,88,0.05,20260101097
2025-04-08,97,15,2025-01-03,2,0.05,20260101097
2025-04-08,97,16,2025-01-05,4,0.05,20260101097
2025-04-08,97,17,2025-03-18,76,0.05,20260101097
2025-04-08,97,18,2025-03-02,60,0.05,20260101097
2025-04-08,97,19,2025-01-09,8,0.05,20260101097
2025-04-08,97,20,2025-03-13,71,0.05,20260101097
2025-04-09,98,1,2025-04-01,90,0.05,20260101098
2025-04-09,98,2,2025-01-16,15,0.05,20260101098
2025-04-09,98,3,2025-03-29,87,0.05,20260101098
2025-04-09,98,4,2025-01-10,9,0.05,20260101098
2025-04-09,98,5,2025-02-28,58,0.05,20260101098
2025-04-09,98,6,2025-02-13,43,0.05,20260101098
2025-04-09,98,7,2025-01-24,23,0.05,20260101098
2025-04-09,98,8,2025-01-06,5,0.05,20260101098
2025-04-09,98,9,2025-02-27,57,0.05,20260101098
2025-04-09,98,10,2025-01-17,16,0.05,20260101098
2025-04-09,98,11,2025-03-31,89,0.05,20260101098
2025-04-09,98,12,2025-01-05,4,0.05,20260101098
2025-04-09,98,13,2025-01-25,24,0.05,20260101098
2025-04-09,98,14,2025-02-14,44,0.05,20260101098
2025-04-09,98,15,2025-03-22,80,0.05,20260101098
2025-04-09,98,16,2025-01-26,25,0.05,20260101098
2025-04-09,98,17,2025-04-06,95,0.05,20260101098
2025-04-09,98,18,2025-02-13,43,0.05,20260101098
2025-04-09,98,19,2025-01-25,24,0.05,20260101098
2025-04-09,98,20,2025-01-09,8,0.05,20260101098
2025-04-10,99,1,2025-04-01,90,0.05,20260101099
2025-04-10,99,2,2025-03-27,85,0.05,20260101099
2025-04-10,99,3,2025-02-28,58,0.05,20260101099
2025-04-10,99,4,2025-01-20,19,0.05,20260101099
2025-04-10,99,5,2025-02-25,55,0.05,20260101099
2025-04-10,99,6,2025-01-07,6,0.05,20260101099
2025-04-10,99,7,2025-02-17,47,0.05,20260101099
2025-04-10,99,8,2025-03-10,68,0.05,20260101099
2025-04-10,99,9,2025-01-17,16,0.05,20260101099
2025-04-10,99,10,2025-01-29,28,0.05,20260101099
2025-04-10,99,11,2025-03-20,78,0.05,20260101099
2025-04-10,99,12,2025-02-10,40,0.05,20260101099
2025-04-10,99,13,2025-02-09,39,0.05,20260101099
2025-04-10,99,14,2025-03-31,89,0.05,20260101099
2025-04-10,99,15,2025-03-17,75,0.05,20260101099
2025-04-10,99,16,2025-02-16,46,0.05,20260101099
2025-04-10,99,17,2025-01-09,8,0.05,20260101099
2025-04-10,99,18,2025-01-14,13,0.05,20260101099
2025-04-10,99,19,2025-01-02,1,0.05,20260101099
2025-04-10,99,20,2025-01-26,25,0.05,20260101099
2025-04-11,100,1,2025-02-09,39,0.05,20260101100
2025-04-11,100,2,2025-02-09,39,0.05,20260101100
2025-04-11,100,3,2025-02-07,37,0.05,20260101100
2025-04-11,100,4,2025-01-05,4,0.05,20260101100
2025-04-11,100,5,2025-03-30,88,0.05,20260101100
2025-04-11,100,6,2025-01-29,28,0.05,20260101100
2025-04-11,100,7,2025-02-18,48,0.05,20260101100
2025-04-11,100,8,2025-02-03,33,0.05,20260101100
2025-04-11,100,9,2025-02-24,54,0.05,20260101100
2025-04-11,100,10,2025-02-22,52,0.05,20260101100
2025-04-11,100,11,2025-03-28,86,0.05,20260101100
2025-04-11,100,12,2025-02-03,33,0.05,20260101100
2025-04-11,100,13,2025-03-21,79,0.05,20260101100
2025-04-11,100,14,2025-03-11,69,0.05,20260101100
2025-04-11,100,15,2025-03-13,71,0.05,20260101100
2025-04-11,100,16,2025-03-25,83,0.05,20260101100
2025-04-11,100,17,2025-03-29,87,0.05,20260101100
2025-04-11,100,18,2025-01-21,20,0.05,20260101100
2025-04-11,100,19,2025-01-17,16,0.05,20260101100
2025-04-11,100,20,2025-03-30,88,0.05,20260101100
2025-04-12,101,1,2025-01-12,11,0.05,20260101101
2025-04-12,101,2,2025-04-05,94,0.05,20260101101
2025-04-12,101,3,2025-02-09,39,0.05,20260101101
2025-04-12,101,4,2025-01-07,6,0.05,20260101101
2025-04-12,101,5,2025-01-04,3,0.05,20260101101
2025-04-12,101,6,2025-02-03,33,0.05,20260101101
2025-04-12,101,7,2025-01-20,19,0.05,20260101101
2025-04-12,101,8,2025-03-05,63,0.05,20260101101
2025-04-12,101,9,2025-01-24,23,0.05,20260101101
2025-04-12,101,10,2025-04-07,96,0.05,20260101101
2025-04-12,101,11,2025-01-14,13,0.05,20260101101
2025-04-12,101,12,2025-02-20,50,0.05,20260101101
2025-04-12,101,13,2025-01-07,6,0.05,20260101101
2025-04-12,101,14,2025-02-16,46,0.05,20260101101
2025-04-12,101,15,2025-04-11,100,0.05,20260101101
2025-04-12,101,16,2025-04-04,93,0.05,20260101101
2025-04-12,101,17,2025-02-05,35,0.05,20260101101
2025-04-12,101,18,2025-04-01,90,0.05,20260101101
2025-04-12,101,19,2025-01-25,24,0.05,20260101101
2025-04-12,101,20,2025-02-27,57,0.05,20260101101
2025-04-13,102,1,2025-02-12,42,0.05,20260101102
2025-04-13,102,2,2025-03-10,68,0.05,20260101102
2025-04-13,102,3,2025-01-26,25,0.05,20260101102
2025-04-13,102,4,2025-01-11,10,0.05,20260101102
2025-04-13,102,5,2025-03-03,61,0.05,20260101102
2025-04-13,102,6,2025-01-05,4,0.05,20260101102
2025-04-13,102,7,2025-01-21,20,0.05,20260101102
2025-04-13,102,8,2025-03-09,67,0.05,20260101102
2025-04-13,102,9,2025-03-25,83,0.05,20260101102
2025-04-13,102,10,2025-04-12,101,0.05,20260101102
2025-04-13,102,11,2025-04-04,93,0.05,20260101102
2025-04-13,102,12,2025-01-07,6,0.05,20260101102
2025-04-13,102,13,2025-04-03,92,0.05,20260101102
2025-04-13,102,14,2025-01-09,8,0.05,20260101102
2025-04-13,102,15,2025-03-12,70,0.05,20260101102
2025-04-13,102,16,2025-01-08,7,0.05,20260101102
2025-04-13,102,17,2025-01-19,18,0.05,20260101102
2025-04-13,102,18,2025-03-18,76,0.05,20260101102
2025-04-13,102,19,2025-02-18,48,0.05,20260101102
2025-04-13,102,20,2025-03-31,89,0.05,20260101102
2025-04-14,103,1,2025-02-04,34,0.05,20260101103
2025-04-14,103,2,2025-02-11,41,0.05,20260101103
2025-04-14,103,3,2025-01-05,4,0.05,20260101103
2025-04-14,103,4,2025-01-19,18,0.05,20260101103
2025-04-14,103,5,2025-01-23,22,0.05,20260101103
2025-04-14,103,6,2025-03-20,78,0.05,20260101103
2025-04-14,103,7,2025-02-07,37,0.05,20260101103
2025-04-14,103,8,2025-03-03,61,0.05,20260101103
2025-04-14,103,9,2025-04-07,96,0.05,20260101103
2025-04-14,103,10,2025-02-17,47,0.05,20260101103
2025-04-14,103,11,2025-02-19,49,0.05,20260101103
2025-04-14,103,12,2025-03-04,62,0.05,20260101103
2025-04-14,103,13,2025-01-07,6,0.05,20260101103
2025-04-14,103,14,2025-02-25,55,0.05,20260101103
2025-04-14,103,15,2025-04-13,102,0.05,20260101103
2025-04-14,103,16,2025-01-28,27,0.05,20260101103
2025-04-14,103,17,2025-01-06,5,0.05,20260101103
2025-04-14,103,18,2025-03-15,73,0.05,20260101103
2025-04-14,103,19,2025-03-23,81,0.05,20260101103
2025-04-14,103,20,2025-03-17,75,0.05,20260101103
2025-04-15,104,1,2025-02-01,31,0.05,20260101104
2025-04-15,104,2,2025-01-02,1,0.05,20260101104
2025-04-15,104,3,2025-01-29,28,0.05,20260101104
2025-04-15,104,4,2025-01-09,8,0.05,20260101104
2025-04-15,104,5,2025-02-02,32,0.05,20260101104
2025-04-15,104,6,2025-03-01,59,0.05,20260101104
2025-04-15,104,7,2025-02-07,37,0.05,20260101104
2025-04-15,104,8,2025-03-19,77,0.05,20260101104
2025-04-15,104,9,2025-01-10,9,0.05,20260101104
2025-04-15,104,10,2025-03-01,59,0.05,20260101104
2025-04-15,104,11,2025-02-10,40,0.05,20260101104
2025-04-15,104,12,2025-03-28,86,0.05,20260101104
2025-04-15,104,13,2025-02-07,37,0.05,20260101104
2025-04-15,104,14,2025-03-28,86,0.05,20260101104
2025-04-15,104,15,2025-03-09,67,0.05,20260101104
2025-04-15,104,16,2025-01-17,16,0.05,20260101104
2025-04-15,104,17,2025-02-28,58,0.05,20260101104
2025-04-15,104,18,2025-01-31,30,0.05,20260101104
2025-04-15,104,19,2025-03-04,62,0.05,20260101104
2025-04-15,104,20,2025-04-14,103,0.05,20260101104
2025-04-16,105,1,2025-02-02,32,0.05,20260101105
2025-04-16,105,2,2025-01-18,17,0.05,20260101105
2025-04-16,105,3,2025-02-25,55,0.05,20260101105
2025-04-16,105,4,2025-02-21,51,0.05,20260101105
2025-04-16,105,5,2025-04-07,96,0.05,20260101105
2025-04-16,105,6,2025-04-12,101,0.05,20260101105
2025-04-16,105,7,2025-03-31,89,0.05,20260101105
2025-04-16,105,8,2025-01-05,4,0.05,20260101105
2025-04-16,105,9,2025-03-21,79,0.05,20260101105
2025-04-16,105,10,2025-04-14,103,0.05,20260101105
2025-04-16,105,11,2025-03-01,59,0.05,20260101105
2025-04-16,105,12,2025-03-31,89,0.05,20260101105
2025-04-16,105,13,2025-01-06,5,0.05,20260101105
2025-04-16,105,14,2025-03-01,59,0.05,20260101105
2025-04-16,105,15,2025-01-08,7,0.05,20260101105
2025-04-16,105,16,2025-04-05,94,0.05,20260101105
2025-04-16,105,17,2025-01-03,2,0.05,20260101105
2025-04-16,105,18,2025-01-08,7,0.05,20260101105
2025-04-16,105,19,2025-04-12,101,0.05,20260101105
2025-04-16,105,20,2025-02-05,35,0.05,20260101105
2025-04-17,106,1,2025-02-14,44,0.05,20260101106
2025-04-17,106,2,2025-02-22,52,0.05,20260101106
2025-04-17,106,3,2025-01-09,8,0.05,20260101106
2025-04-17,106,4,2025-02-04,34,0.05,20260101106
2025-04-17,106,5,2025-04-03,92,0.05,20260101106
2025-04-17,106,6,2025-01-20,19,0.05,20260101106
2025-04-17,106,7,2025-02-20,50,0.05,20260101106
2025-04-17,106,8,2025-01-24,23,0.05,20260101106
2025-04-17,106,9,2025-01-11,10,0.05,20260101106
2025-04-17,106,10,2025-03-07,65,0.05,20260101106
2025-04-17,106,11,2025-02-07,37,0.05,20260101106
2025-04-17,106,12,2025-04-11,100,0.05,20260101106
2025-04-17,106,13,2025-02-24,54,0.05,20260101106
2025-04-17,106,14,2025-03-02,60,0.05,20260101106
2025-04-17,106,15,2025-02-10,40,0.05,20260101106
2025-04-17,106,16,2025-01-31,30,0.05,20260101106
2025-04-17,106,17,2025-02-10,40,0.05,20260101106
2025-04-17,106,18,2025-02-21,51,0.05,20260101106
2025-04-17,106,19,2025-01-16,15,0.05,20260101106
2025-04-17,106,20,2025-02-17,47,0.05,20260101106
2025-04-18,107,1,2025-01-27,26,0.05,20260101107
2025-04-18,107,2,2025-01-31,30,0.05,20260101107
2025-04-18,107,3,2025-01-04,3,0.05,20260101107
2025-04-18,107,4,2025-02-11,41,0.05,20260101107
2025-04-18,107,5,2025-03-05,63,0.05,20260101107
2025-04-18,107,6,2025-01-21,20,0.05,20260101107
2025-04-18,107,7,2025-03-27,85,0.05,20260101107
2025-04-18,107,8,2025-04-15,104,0.05,20260101107
2025-04-18,107,9,2025-01-06,5,0.05,20260101107
2025-04-18,107,10,2025-01-19,18,0.05,20260101107
2025-04-18,107,11,2025-02-11,41,0.05,20260101107
2025-04-18,107,12,2025-02-24,54,0.05,20260101107
2025-04-18,107,13,2025-03-23,81,0.05,20260101107
2025-04-18,107,14,2025-04-15,104,0.05,20260101107
2025-04-18,107,15,2025-02-01,31,0.05,20260101107
2025-04-18,107,16,2025-03-08,66,0.05,20260101107
2025-04-18,107,17,2025-04-14,103,0.05,20260101107
2025-04-18,107,18,2025-01-29,28,0.05,20260101107
2025-04-18,107,19,2025-01-06,5,0.05,20260101107
2025-04-18,107,20,2025-02-03,33,0.05,20260101107
2025-04-19,108,1,2025-02-14,44,0.05,20260101108
2025-04-19,108,2,2025-03-18,76,0.05,20260101108
2025-04-19,108,3,2025-01-19,18,0.05,20260101108
2025-04-19,108,4,2025-01-09,8,0.05,20260101108
2025-04-19,108,5,2025-02-02,32,0.05,20260101108
2025-04-19,108,6,2025-01-20,19,0.05,20260101108
2025-04-19,108,7,2025-03-22,80,0.05,20260101108
2025-04-19,108,8,2025-01-21,20,0.05,20260101108
2025-04-19,108,9,2025-03-09,67,0.05,20260101108
2025-04-19,108,10,2025-02-08,38,0.05,20260101108
2025-04-19,108,11,2025-01-11,10,0.05,20260101108
2025-04-19,108,12,2025-04-08,97,0.05,20260101108
2025-04-19,108,13,2025-03-08,66,0.05,20260101108
2025-04-19,108,14,2025-04-05,94,0.05,20260101108
2025-04-19,108,15,2025-02-17,47,0.05,20260101108
2025-04-19,108,16,2025-01-20,19,0.05,20260101108
2025-04-19,108,17,2025-01-07,6,0.05,20260101108
2025-04-19,108,18,2025-02-28,58,0.05,20260101108
2025-04-19,108,19,2025-02-17,47,0.05,20260101108
2025-04-19,108,20,2025-02-24,54,0.05,20260101108
2025-04-20,109,1,2025-01-15,14,0.05,20260101109
2025-04-20,109,2,2025-04-13,102,0.05,20260101109
2025-04-20,109,3,2025-03-13,71,0.05,20260101109
2025-04-20,109,4,2025-03-14,72,0.05,20260101109
2025-04-20,109,5,2025-02-04,34,0.05,20260101109
2025-04-20,109,6,2025-02-16,46,0.05,20260101109
2025-04-20,109,7,2025-01-13,12,0.05,20260101109
2025-04-20,109,8,2025-01-16,15,0.05,20260101109
2025-04-20,109,9,2025-02-09,39,0.05,20260101109
2025-04-20,109,10,2025-03-16,74,0.05,20260101109
2025-04-20,109,11,2025-01-10,9,0.05,20260101109
2025-04-20,109,12,2025-01-03,2,0.05,20260101109
2025-04-20,109,13,2025-01-16,15,0.05,20260101109
2025-04-20,109,14,2025-02-06,36,0.05,20260101109
2025-04-20,109,15,2025-04-06,95,0.05,20260101109
2025-04-20,109,16,2025-01-08,7,0.05,20260101109
2025-04-20,109,17,2025-01-31,30,0.05,20260101109
2025-04-20,109,18,2025-02-16,46,0.05,20260101109
2025-04-20,109,19,2025-03-14,72,0.05,20260101109
2025-04-20,109,20,2025-04-09,98,0.05,20260101109
2025-04-21,110,1,2025-02-08,38,0.05,20260101110
2025-04-21,110,2,2025-03-11,69,0.05,20260101110
2025-04-21,110,3,2025-01-17,16,0.05,20260101110
2025-04-21,110,4,2025-03-04,62,0.05,20260101110
2025-04-21,110,5,2025-03-16,74,0.05,20260101110
2025-04-21,110,6,2025-02-14,44,0.05,20260101110
2025-04-21,110,7,2025-03-31,89,0.05,20260101110
2025-04-21,110,8,2025-03-27,85,0.05,20260101110
2025-04-21,110,9,2025-04-05,94,0.05,20260101110
2025-04-21,110,10,2025-03-12,70,0.05,20260101110
2025-04-21,110,11,2025-01-03,2,0.05,20260101110
2025-04-21,110,12,2025-04-09,98,0.05,20260101110
2025-04-21,110,13,2025-01-03,2,0.05,20260101110
2025-04-21,110,14,2025-02-20,50,0.05,20260101110
2025-04-21,110,15,2025-02-01,31,0.05,20260101110
2025-04-21,110,16,2025-03-18,76,0.05,20260101110
2025-04-21,110,17,2025-01-30,29,0.05,20260101110
2025-04-21,110,18,2025-03-11,69,0.05,20260101110
2025-04-21,110,19,2025-03-14,72,0.05,20260101110
2025-04-21,110,20,2025-03-02,60,0.05,20260101110
2025-04-22,111,1,2025-03-04,62,0.05,20260101111
2025-04-22,111,2,2025-01-04,3,0.05,20260101111
2025-04-22,111,3,2025-03-02,60,0.05,20260101111
2025-04-22,111,4,2025-03-24,82,0.05,20260101111
2025-04-22,111,5,2025-03-25,83,0.05,20260101111
2025-04-22,111,6,2025-02-06,36,0.05,20260101111
2025-04-22,111,7,2025-03-27,85,0.05,20260101111
2025-04-22,111,8,2025-01-12,11,0.05,20260101111
2025-04-22,111,9,2025-02-02,32,0.05,20260101111
2025-04-22,111,10,2025-01-12,11,0.05,20260101111
2025-04-22,111,11,2025-02-26,56,0.05,20260101111
2025-04-22,111,12,2025-01-15,14,0.05,20260101111
2025-04-22,111,13,2025-03-03,61,0.05,20260101111
2025-04-22,111,14,2025-01-21,20,0.05,20260101111
2025-04-22,111,15,2025-01-22,21,0.05,20260101111
2025-04-22,111,16,2025-01-10,9,0.05,20260101111
2025-04-22,111,17,2025-03-18,76,0.05,20260101111
2025-04-22,111,18,2025-03-27,85,0.05,20260101111
2025-04-22,111,19,2025-01-15,14,0.05,20260101111
2025-04-22,111,20,2025-01-29,28,0.05,20260101111
2025-04-23,112,1,2025-03-06,64,0.05,20260101112
2025-04-23,112,2,2025-02-12,42,0.05,20260101112
2025-04-23,112,3,2025-01-18,17,0.05,20260101112
2025-04-23,112,4,2025-01-04,3,0.05,20260101112
2025-04-23,112,5,2025-03-05,63,0.05,20260101112
2025-04-23,112,6,2025-03-19,77,0.05,20260101112
2025-04-23,112,7,2025-01-06,5,0.05,20260101112
2025-04-23,112,8,2025-03-05,63,0.05,20260101112
2025-04-23,112,9,2025-01-27,26,0.05,20260101112
2025-04-23,112,10,2025-01-04,3,0.05,20260101112
2025-04-23,112,11,2025-02-07,37,0.05,20260101112
2025-04-23,112,12,2025-01-30,29,0.05,20260101112
2025-04-23,112,13,2025-04-07,96,0.05,20260101112
2025-04-23,112,14,2025-01-20,19,0.05,20260101112
2025-04-23,112,15,2025-04-20,109,0.05,20260101112
2025-04-23,112,16,2025-03-22,80,0.05,20260101112
2025-04-23,112,17,2025-01-07,6,0.05,20260101112
2025-04-23,112,18,2025-02-20,50,0.05,20260101112
2025-04-23,112,19,2025-01-04,3,0.05,20260101112
2025-04-23,112,20,2025-02-01,31,0.05,20260101112
2025-04-24,113,1,2025-02-25,55,0.05,20260101113
2025-04-24,113,2,2025-04-08,97,0.05,20260101113
2025-04-24,113,3,2025-04-14,103,0.05,20260101113
2025-04-24,113,4,2025-04-05,94,0.05,20260101113
2025-04-24,113,5,2025-04-22,111,0.05,20260101113
2025-04-24,113,6,2025-02-06,36,0.05,20260101113
2025-04-24,113,7,2025-01-11,10,0.05,20260101113
2025-04-24,113,8,2025-03-22,80,0.05,20260101113
2025-04-24,113,9,2025-01-28,27,0.05,20260101113
2025-04-24,113,10,2025-01-15,14,0.05,20260101113
2025-04-24,113,11,2025-02-02,32,0.05,20260101113
2025-04-24,113,12,2025-03-30,88,0.05,20260101113
2025-04-24,113,13,2025-03-18,76,0.05,20260101113
2025-04-24,113,14,2025-01-19,18,0.05,20260101113
2025-04-24,113,15,2025-01-18,17,0.05,20260101113
2025-04-24,113,16,2025-01-13,12,0.05,20260101113
2025-04-24,113,17,2025-03-14,72,0.05,20260101113
2025-04-24,113,18,2025-04-08,97,0.05,20260101113
2025-04-24,113,19,2025-02-17,47,0.05,20260101113
2025-04-24,113,20,2025-01-16,15,0.05,20260101113
2025-04-25,114,1,2025-04-03,92,0.05,20260101114
2025-04-25,114,2,2025-03-02,60,0.05,20260101114
2025-04-25,114,3,2025-04-17,106,0.05,20260101114
2025-04-25,114,4,2025-03-03,61,0.05,20260101114
2025-04-25,114,5,2025-02-07,37,0.05,20260101114
2025-04-25,114,6,2025-01-27,26,0.05,20260101114
2025-04-25,114,7,2025-01-21,20,0.05,20260101114
2025-04-25,114,8,2025-01-14,13,0.05,20260101114
2025-04-25,114,9,2025-03-12,70,0.05,20260101114
2025-04-25,114,10,2025-01-13,12,0.05,20260101114
2025-04-25,114,11,2025-03-16,74,0.05,20260101114
2025-04-25,114,12,2025-01-17,16,0.05,20260101114
2025-04-25,114,13,2025-03-11,69,0.05,20260101114
2025-04-25,114,14,2025-01-24,23,0.05,20260101114
2025-04-25,114,15,2025-01-17,16,0.05,20260101114
2025-04-25,114,16,2025-01-24,23,0.05,20260101114
2025-04-25,114,17,2025-03-31,89,0.05,20260101114
2025-04-25,114,18,2025-02-13,43,0.05,20260101114
2025-04-25,114,19,2025-01-09,8,0.05,20260101114
2025-04-25,114,20,2025-02-17,47,0.05,20260101114
2025-04-26,115,1,2025-01-19,18,0.05,20260101115
2025-04-26,115,2,2025-02-21,51,0.05,20260101115
2025-04-26,115,3,2025-02-18,48,0.05,20260101115
2025-04-26,115,4,2025-02-20,50,0.05,20260101115
2025-04-26,115,5,2025-01-25,24,0.05,20260101115
2025-04-26,115,6,2025-02-19,49,0.05,20260101115
2025-04-26,115,7,2025-02-16,46,0.05,20260101115
2025-04-26,115,8,2025-03-18,76,0.05,20260101115
2025-04-26,115,9,2025-03-06,64,0.05,20260101115
2025-04-26,115,10,2025-01-31,30,0.05,20260101115
2025-04-26,115,11,2025-01-31,30,0.05,20260101115
2025-04-26,115,12,2025-02-03,33,0.05,20260101115
2025-04-26,115,13,2025-03-24,82,0.05,20260101115
2025-04-26,115,14,2025-04-24,113,0.05,20260101115
2025-04-26,115,15,2025-02-14,44,0.05,20260101115
2025-04-26,115,16,2025-01-29,28,0.05,20260101115
2025-04-26,115,17,2025-01-08,7,0.05,20260101115
2025-04-26,115,18,2025-04-20,109,0.05,20260101115
2025-04-26,115,19,2025-01-18,17,0.05,20260101115
2025-04-26,115,20,2025-03-26,84,0.05,20260101115
2025-04-27,116,1,2025-02-25,55,0.05,20260101116
2025-04-27,116,2,2025-03-19,77,0.05,20260101116
2025-04-27,116,3,2025-01-07,6,0.05,20260101116
2025-04-27,116,4,2025-03-12,70,0.05,20260101116
2025-04-27,116,5,2025-02-07,37,0.05,20260101116
2025-04-27,116,6,2025-04-11,100,0.05,20260101116
2025-04-27,116,7,2025-03-23,81,0.05,20260101116
2025-04-27,116,8,2025-01-29,28,0.05,20260101116
2025-04-27,116,9,2025-04-22,111,0.05,20260101116
2025-04-27,116,10,2025-04-15,104,0.05,20260101116
2025-04-27,116,11,2025-01-08,7,0.05,20260101116
2025-04-27,116,12,2025-03-22,80,0.05,20260101116
2025-04-27,116,13,2025-01-18,17,0.05,20260101116
2025-04-27,116,14,2025-02-17,47,0.05,20260101116
2025-04-27,116,15,2025-01-29,28,0.05,20260101116
2025-04-27,116,16,2025-01-21,20,0.05,20260101116
2025-04-27,116,17,2025-04-25,114,0.05,20260101116
2025-04-27,116,18,2025-01-07,6,0.05,20260101116
2025-04-27,116,19,2025-01-22,21,0.05,20260101116
2025-04-27,116,20,2025-02-11,41,0.05,20260101116
2025-04-28,117,1,2025-01-03,2,0.05,20260101117
2025-04-28,117,2,2025-01-19,18,0.05,20260101117
2025-04-28,117,3,2025-04-20,109,0.05,20260101117
2025-04-28,117,4,2025-04-11,100,0.05,20260101117
2025-04-28,117,5,2025-03-02,60,0.05,20260101117
2025-04-28,117,6,2025-04-26,115,0.05,20260101117
2025-04-28,117,7,2025-01-08,7,0.05,20260101117
2025-04-28,117,8,2025-01-18,17,0.05,20260101117
2025-04-28,117,9,2025-02-12,42,0.05,20260101117
2025-04-28,117,10,2025-04-18,107,0.05,20260101117
2025-04-28,117,11,2025-02-10,40,0.05,20260101117
2025-04-28,117,12,2025-04-07,96,0.05,20260101117
2025-04-28,117,13,2025-03-27,85,0.05,20260101117
2025-04-28,117,14,2025-03-10,68,0.05,20260101117
2025-04-28,117,15,2025-03-25,83,0.05,20260101117
2025-04-28,117,16,2025-04-09,98,0.05,20260101117
2025-04-28,117,17,2025-04-14,103,0.05,20260101117
2025-04-28,117,18,2025-04-27,116,0.05,20260101117
2025-04-28,117,19,2025-01-02,1,0.05,20260101117
2025-04-28,117,20,2025-03-13,71,0.05,20260101117
2025-04-29,118,1,2025-01-11,10,0.05,20260101118
2025-04-29,118,2,2025-01-21,20,0.05,20260101118
2025-04-29,118,3,2025-04-15,104,0.05,20260101118
2025-04-29,118,4,2025-03-25,83,0.05,20260101118
2025-04-29,118,5,2025-01-12,11,0.05,20260101118
2025-04-29,118,6,2025-01-19,18,0.05,20260101118
2025-04-29,118,7,2025-03-15,73,0.05,20260101118
2025-04-29,118,8,2025-03-13,71,0.05,20260101118
2025-04-29,118,9,2025-03-21,79,0.05,20260101118
2025-04-29,118,10,2025-04-01,90,0.05,20260101118
2025-04-29,118,11,2025-01-16,15,0.05,20260101118
2025-04-29,118,12,2025-04-20,109,0.05,20260101118
2025-04-29,118,13,2025-02-18,48,0.05,20260101118
2025-04-29,118,14,2025-04-12,101,0.05,20260101118
2025-04-29,118,15,2025-01-19,18,0.05,20260101118
2025-04-29,118,16,2025-04-08,97,0.05,20260101118
2025-04-29,118,17,2025-03-21,79,0.05,20260101118
2025-04-29,118,18,2025-04-25,114,0.05,20260101118
2025-04-29,118,19,2025-02-26,56,0.05,20260101118
2025-04-29,118,20,2025-02-17,47,0.05,20260101118
2025-04-30,119,1,2025-03-17,75,0.05,20260101119
2025-04-30,119,2,2025-01-27,26,0.05,20260101119
2025-04-30,119,3,2025-02-22,52,0.05,20260101119
2025-04-30,119,4,2025-04-09,98,0.05,20260101119
2025-04-30,119,5,2025-04-26,115,0.05,20260101119
2025-04-30,119,6,2025-01-23,22,0.05,20260101119
2025-04-30,119,7,2025-01-07,6,0.05,20260101119
2025-04-30,119,8,2025-03-04,62,0.05,20260101119
2025-04-30,119,9,2025-01-27,26,0.05,20260101119
2025-04-30,119,10,2025-04-22,111,0.05,20260101119
2025-04-30,119,11,2025-04-21,110,0.05,20260101119
2025-04-30,119,12,2025-04-22,111,0.05,20260101119
2025-04-30,119,13,2025-04-27,116,0.05,20260101119
2025-04-30,119,14,2025-01-15,14,0.05,20260101119
2025-04-30,119,15,2025-04-11,100,0.05,20260101119
2025-04-30,119,16,2025-01-27,26,0.05,20260101119
2025-04-30,119,17,2025-04-11,100,0.05,20260101119
2025-04-30,119,18,2025-01-04,3,0.05,20260101119
2025-04-30,119,19,2025-02-07,37,0.05,20260101119
2025-04-30,119,20,2025-04-04,93,0.05,20260101119
2025-05-01,120,1,2025-03-20,78,0.05,20260101120
2025-05-01,120,2,2025-02-18,48,0.05,20260101120
2025-05-01,120,3,2025-04-23,112,0.05,20260101120
2025-05-01,120,4,2025-02-07,37,0.05,20260101120
2025-05-01,120,5,2025-01-02,1,0.05,20260101120
2025-05-01,120,6,2025-02-15,45,0.05,20260101120
2025-05-01,120,7,2025-01-30,29,0.05,20260101120
2025-05-01,120,8,2025-02-12,42,0.05,20260101120
2025-05-01,120,9,2025-04-14,103,0.05,20260101120
2025-05-01,120,10,2025-02-10,40,0.05,20260101120
2025-05-01,120,11,2025-04-08,97,0.05,20260101120
2025-05-01,120,12,2025-03-20,78,0.05,20260101120
2025-05-01,120,13,2025-01-02,1,0.05,20260101120
2025-05-01,120,14,2025-04-19,108,0.05,20260101120
2025-05-01,120,15,2025-01-23,22,0.05,20260101120
2025-05-01,120,16,2025-01-31,30,0.05,20260101120
2025-05-01,120,17,2025-01-12,11,0.05,20260101120
2025-05-01,120,18,2025-01-21,20,0.05,20260101120
2025-05-01,120,19,2025-03-03,61,0.05,20260101120
2025-05-01,120,20,2025-03-08,66,0.05,20260101120
2025-05-02,121,1,2025-01-18,17,0.05,20260101121
2025-05-02,121,2,2025-02-13,43,0.05,20260101121
2025-05-02,121,3,2025-01-30,29,0.05,20260101121
2025-05-02,121,4,2025-04-06,95,0.05,20260101121
2025-05-02,121,5,2025-04-11,100,0.05,20260101121
2025-05-02,121,6,2025-01-29,28,0.05,20260101121
2025-05-02,121,7,2025-04-18,107,0.05,20260101121
2025-05-02,121,8,2025-03-19,77,0.05,20260101121
2025-05-02,121,9,2025-01-13,12,0.05,20260101121
2025-05-02,121,10,2025-03-21,79,0.05,20260101121
2025-05-02,121,11,2025-03-23,81,0.05,20260101121
2025-05-02,121,12,2025-02-24,54,0.05,20260101121
2025-05-02,121,13,2025-02-05,35,0.05,20260101121
2025-05-02,121,14,2025-03-27,85,0.05,20260101121
2025-05-02,121,15,2025-04-14,103,0.05,20260101121
2025-05-02,121,16,2025-03-05,63,0.05,20260101121
2025-05-02,121,17,2025-03-25,83,0.05,20260101121
2025-05-02,121,18,2025-03-30,88,0.05,20260101121
2025-05-02,121,19,2025-01-20,19,0.05,20260101121
2025-05-02,121,20,2025-03-29,87,0.05,20260101121
2025-05-03,122,1,2025-02-28,58,0.05,20260101122
2025-05-03,122,2,2025-01-26,25,0.05,20260101122
2025-05-03,122,3,2025-03-17,75,0.05,20260101122
2025-05-03,122,4,2025-01-30,29,0.05,20260101122
2025-05-03,122,5,2025-04-08,97,0.05,20260101122
2025-05-03,122,6,2025-04-02,91,0.05,20260101122
2025-05-03,122,7,2025-03-06,64,0.05,20260101122
2025-05-03,122,8,2025-01-16,15,0.05,20260101122
2025-05-03,122,9,2025-01-30,29,0.05,20260101122
2025-05-03,122,10,2025-03-13,71,0.05,20260101122
2025-05-03,122,11,2025-03-22,80,0.05,20260101122
2025-05-03,122,12,2025-04-23,112,0.05,20260101122
2025-05-03,122,13,2025-03-13,71,0.05,20260101122
2025-05-03,122,14,2025-05-02,121,0.05,20260101122
2025-05-03,122,15,2025-03-23,81,0.05,20260101122
2025-05-03,122,16,2025-04-01,90,0.05,20260101122
2025-05-03,122,17,2025-03-21,79,0.05,20260101122
2025-05-03,122,18,2025-03-21,79,0.05,20260101122
2025-05-03,122,19,2025-03-05,63,0.05,20260101122
2025-05-03,122,20,2025-04-07,96,0.05,20260101122
2025-05-04,123,1,2025-01-05,4,0.05,20260101123
2025-05-04,123,2,2025-01-21,20,0.05,20260101123
2025-05-04,123,3,2025-01-23,22,0.05,20260101123
2025-05-04,123,4,2025-03-29,87,0.05,20260101123
2025-05-04,123,5,2025-04-28,117,0.05,20260101123
2025-05-04,123,6,2025-03-18,76,0.05,20260101123
2025-05-04,123,7,2025-01-29,28,0.05,20260101123
2025-05-04,123,8,2025-03-11,69,0.05,20260101123
2025-05-04,123,9,2025-01-15,14,0.05,20260101123
2025-05-04,123,10,2025-01-10,9,0.05,20260101123
2025-05-04,123,11,2025-03-30,88,0.05,20260101123
2025-05-04,123,12,2025-03-01,59,0.05,20260101123
2025-05-04,123,13,2025-03-14,72,0.05,20260101123
2025-05-04,123,14,2025-02-27,57,0.05,20260101123
2025-05-04,123,15,2025-03-21,79,0.05,20260101123
2025-05-04,123,16,2025-03-26,84,0.05,20260101123
2025-05-04,123,17,2025-04-28,117,0.05,20260101123
2025-05-04,123,18,2025-03-23,81,0.05,20260101123
2025-05-04,123,19,2025-01-17,16,0.05,20260101123
2025-05-04,123,20,2025-03-13,71,0.05,20260101123
2025-05-05,124,1,2025-01-02,1,0.05,20260101124
2025-05-05,124,2,2025-01-16,15,0.05,20260101124
2025-05-05,124,3,2025-03-08,66,0.05,20260101124
2025-05-05,124,4,2025-01-05,4,0.05,20260101124
2025-05-05,124,5,2025-04-10,99,0.05,20260101124
2025-05-05,124,6,2025-03-05,63,0.05,20260101124
2025-05-05,124,7,2025-04-08,97,0.05,20260101124
2025-05-05,124,8,2025-04-09,98,0.05,20260101124
2025-05-05,124,9,2025-04-21,110,0.05,20260101124
2025-05-05,124,10,2025-04-16,105,0.05,20260101124
2025-05-05,124,11,2025-04-28,117,0.05,20260101124
2025-05-05,124,12,2025-01-28,27,0.05,20260101124
2025-05-05,124,13,2025-03-27,85,0.05,20260101124
2025-05-05,124,14,2025-04-27,116,0.05,20260101124
2025-05-05,124,15,2025-02-24,54,0.05,20260101124
2025-05-05,124,16,2025-02-28,58,0.05,20260101124
2025-05-05,124,17,2025-04-13,102,0.05,20260101124
2025-05-05,124,18,2025-03-19,77,0.05,20260101124
2025-05-05,124,19,2025-04-08,97,0.05,20260101124
2025-05-05,124,20,2025-05-03,122,0.05,20260101124
2025-05-06,125,1,2025-04-25,114,0.05,20260101125
2025-05-06,125,2,2025-03-30,88,0.05,20260101125
2025-05-06,125,3,2025-04-14,103,0.05,20260101125
2025-05-06,125,4,2025-01-15,14,0.05,20260101125
2025-05-06,125,5,2025-03-07,65,0.05,20260101125
2025-05-06,125,6,2025-01-06,5,0.05,20260101125
2025-05-06,125,7,2025-01-06,5,0.05,20260101125
2025-05-06,125,8,2025-03-03,61,0.05,20260101125
2025-05-06,125,9,2025-03-12,70,0.05,20260101125
2025-05-06,125,10,2025-01-13,12,0.05,20260101125
2025-05-06,125,11,2025-05-03,122,0.05,20260101125
2025-05-06,125,12,2025-02-07,37,0.05,20260101125
2025-05-06,125,13,2025-04-01,90,0.05,20260101125
2025-05-06,125,14,2025-03-22,80,0.05,20260101125
2025-05-06,125,15,2025-01-26,25,0.05,20260101125
2025-05-06,125,16,2025-03-25,83,0.05,20260101125
2025-05-06,125,17,2025-04-08,97,0.05,20260101125
2025-05-06,125,18,2025-02-23,53,0.05,20260101125
2025-05-06,125,19,2025-04-13,102,0.05,20260101125
2025-05-06,125,20,2025-01-12,11,0.05,20260101125
2025-05-07,126,1,2025-04-27,116,0.05,20260101126
2025-05-07,126,2,2025-03-13,71,0.05,20260101126
2025-05-07,126,3,2025-02-19,49,0.05,20260101126
2025-05-07,126,4,2025-01-06,5,0.05,20260101126
2025-05-07,126,5,2025-03-10,68,0.05,20260101126
2025-05-07,126,6,2025-04-29,118,0.05,20260101126
2025-05-07,126,7,2025-04-05,94,0.05,20260101126
2025-05-07,126,8,2025-02-26,56,0.05,20260101126
2025-05-07,126,9,2025-04-29,118,0.05,20260101126
2025-05-07,126,10,2025-03-16,74,0.05,20260101126
2025-05-07,126,11,2025-03-26,84,0.05,20260101126
2025-05-07,126,12,2025-03-15,73,0.05,20260101126
2025-05-07,126,13,2025-03-11,69,0.05,20260101126
2025-05-07,126,14,2025-02-11,41,0.05,20260101126
2025-05-07,126,15,2025-01-03,2,0.05,20260101126
2025-05-07,126,16,2025-03-22,80,0.05,20260101126
2025-05-07,126,17,2025-03-17,75,0.05,20260101126
2025-05-07,126,18,2025-02-20,50,0.05,20260101126
2025-05-07,126,19,2025-01-02,1,0.05,20260101126
2025-05-07,126,20,2025-04-12,101,0.05,20260101126
2025-05-08,127,1,2025-04-17,106,0.05,20260101127
2025-05-08,127,2,2025-02-03,33,0.05,20260101127
2025-05-08,127,3,2025-02-14,44,0.05,20260101127
2025-05-08,127,4,2025-03-24,82,0.05,20260101127
2025-05-08,127,5,2025-02-24,54,0.05,20260101127
2025-05-08,127,6,2025-02-27,57,0.05,20260101127
2025-05-08,127,7,2025-03-14,72,0.05,20260101127
2025-05-08,127,8,2025-04-09,98,0.05,20260101127
2025-05-08,127,9,2025-01-29,28,0.05,20260101127
2025-05-08,127,10,2025-03-27,85,0.05,20260101127
2025-05-08,127,11,2025-02-16,46,0.05,20260101127
2025-05-08,127,12,2025-02-03,33,0.05,20260101127
2025-05-08,127,13,2025-03-01,59,0.05,20260101127
2025-05-08,127,14,2025-01-27,26,0.05,20260101127
2025-05-08,127,15,2025-02-28,58,0.05,20260101127
2025-05-08,127,16,2025-03-17,75,0.05,20260101127
2025-05-08,127,17,2025-01-31,30,0.05,20260101127
2025-05-08,127,18,2025-05-06,125,0.05,20260101127
2025-05-08,127,19,2025-02-11,41,0.05,20260101127
2025-05-08,127,20,2025-04-05,94,0.05,20260101127
2025-05-09,128,1,2025-04-14,103,0.05,20260101128
2025-05-09,128,2,2025-01-15,14,0.05,20260101128
2025-05-09,128,3,2025-01-26,25,0.05,20260101128
2025-05-09,128,4,2025-01-09,8,0.05,20260101128
2025-05-09,128,5,2025-01-25,24,0.05,20260101128
2025-05-09,128,6,2025-05-03,122,0.05,20260101128
2025-05-09,128,7,2025-04-06,95,0.05,20260101128
2025-05-09,128,8,2025-03-04,62,0.05,20260101128
2025-05-09,128,9,2025-01-14,13,0.05,20260101128
2025-05-09,128,10,2025-03-02,60,0.05,20260101128
2025-05-09,128,11,2025-02-08,38,0.05,20260101128
2025-05-09,128,12,2025-01-31,30,0.05,20260101128
2025-05-09,128,13,2025-04-25,114,0.05,20260101128
2025-05-09,128,14,2025-02-10,40,0.05,20260101128
2025-05-09,128,15,2025-05-01,120,0.05,20260101128
2025-05-09,128,16,2025-02-13,43,0.05,20260101128
2025-05-09,128,17,2025-03-18,76,0.05,20260101128
2025-05-09,128,18,2025-02-27,57,0.05,20260101128
2025-05-09,128,19,2025-01-21,20,0.05,20260101128
2025-05-09,128,20,2025-01-09,8,0.05,20260101128
2025-05-10,129,1,2025-03-17,75,0.05,20260101129
2025-05-10,129,2,2025-05-01,120,0.05,20260101129
2025-05-10,129,3,2025-04-18,107,0.05,20260101129
2025-05-10,129,4,2025-01-20,19,0.05,20260101129
2025-05-10,129,5,2025-03-10,68,0.05,20260101129
2025-05-10,129,6,2025-04-15,104,0.05,20260101129
2025-05-10,129,7,2025-01-31,30,0.05,20260101129
2025-05-10,129,8,2025-03-05,63,0.05,20260101129
2025-05-10,129,9,2025-04-19,108,0.05,20260101129
2025-05-10,129,10,2025-04-12,101,0.05,20260101129
2025-05-10,129,11,2025-04-06,95,0.05,20260101129
2025-05-10,129,12,2025-02-17,47,0.05,20260101129
2025-05-10,129,13,2025-04-04,93,0.05,20260101129
2025-05-10,129,14,2025-01-03,2,0.05,20260101129
2025-05-10,129,15,2025-04-20,109,0.05,20260101129
2025-05-10,129,16,2025-04-07,96,0.05,20260101129
2025-05-10,129,17,2025-03-17,75,0.05,20260101129
2025-05-10,129,18,2025-02-24,54,0.05,20260101129
2025-05-10,129,19,2025-02-14,44,0.05,20260101129
2025-05-10,129,20,2025-01-07,6,0.05,20260101129
2025-05-11,130,1,2025-03-23,81,0.05,20260101130
2025-05-11,130,2,2025-03-13,71,0.05,20260101130
2025-05-11,130,3,2025-02-15,45,0.05,20260101130
2025-05-11,130,4,2025-05-03,122,0.05,20260101130
2025-05-11,130,5,2025-04-11,100,0.05,20260101130
2025-05-11,130,6,2025-01-23,22,0.05,20260101130
2025-05-11,130,7,2025-04-02,91,0.05,20260101130
2025-05-11,130,8,2025-03-03,61,0.05,20260101130
2025-05-11,130,9,2025-04-03,92,0.05,20260101130
2025-05-11,130,10,2025-05-05,124,0.05,20260101130
2025-05-11,130,11,2025-01-18,17,0.05,20260101130
2025-05-11,130,12,2025-03-04,62,0.05,20260101130
2025-05-11,130,13,2025-02-28,58,0.05,20260101130
2025-05-11,130,14,2025-02-13,43,0.05,20260101130
2025-05-11,130,15,2025-01-12,11,0.05,20260101130
2025-05-11,130,16,2025-02-07,37,0.05,20260101130
2025-05-11,130,17,2025-03-16,74,0.05,20260101130
2025-05-11,130,18,2025-02-10,40,0.05,20260101130
2025-05-11,130,19,2025-05-05,124,0.05,20260101130
2025-05-11,130,20,2025-02-13,43,0.05,20260101130
2025-05-12,131,1,2025-01-10,9,0.05,20260101131
2025-05-12,131,2,2025-02-21,51,0.05,20260101131
2025-05-12,131,3,2025-04-07,96,0.05,20260101131
2025-05-12,131,4,2025-04-21,110,0.05,20260101131
2025-05-12,131,5,2025-02-07,37,0.05,20260101131
2025-05-12,131,6,2025-02-28,58,0.05,20260101131
2025-05-12,131,7,2025-04-29,118,0.05,20260101131
2025-05-12,131,8,2025-03-15,73,0.05,20260101131
2025-05-12,131,9,2025-02-09,39,0.05,20260101131
2025-05-12,131,10,2025-03-11,69,0.05,20260101131
2025-05-12,131,11,2025-05-08,127,0.05,20260101131
2025-05-12,131,12,2025-04-12,101,0.05,20260101131
2025-05-12,131,13,2025-05-07,126,0.05,20260101131
2025-05-12,131,14,2025-04-25,114,0.05,20260101131
2025-05-12,131,15,2025-04-25,114,0.05,20260101131
2025-05-12,131,16,2025-03-20,78,0.05,20260101131
2025-05-12,131,17,2025-03-18,76,0.05,20260101131
2025-05-12,131,18,2025-03-14,72,0.05,20260101131
2025-05-12,131,19,2025-03-27,85,0.05,20260101131
2025-05-12,131,20,2025-02-20,50,0.05,20260101131
2025-05-13,132,1,2025-04-13,102,0.05,20260101132
2025-05-13,132,2,2025-02-08,38,0.05,20260101132
2025-05-13,132,3,2025-02-27,57,0.05,20260101132
2025-05-13,132,4,2025-04-03,92,0.05,20260101132
2025-05-13,132,5,2025-04-19,108,0.05,20260101132
2025-05-13,132,6,2025-03-28,86,0.05,20260101132
2025-05-13,132,7,2025-03-01,59,0.05,20260101132
2025-05-13,132,8,2025-04-14,103,0.05,20260101132
2025-05-13,132,9,2025-04-23,112,0.05,20260101132
2025-05-13,132,10,2025-03-14,72,0.05,20260101132
2025-05-13,132,11,2025-04-07,96,0.05,20260101132
2025-05-13,132,12,2025-03-07,65,0.05,20260101132
2025-05-13,132,13,2025-03-25,83,0.05,20260101132
2025-05-13,132,14,2025-01-08,7,0.05,20260101132
2025-05-13,132,15,2025-01-30,29,0.05,20260101132
2025-05-13,132,16,2025-03-21,79,0.05,20260101132
2025-05-13,132,17,2025-05-12,131,0.05,20260101132
2025-05-13,132,18,2025-02-21,51,0.05,20260101132
2025-05-13,132,19,2025-01-07,6,0.05,20260101132
2025-05-13,132,20,2025-03-05,63,0.05,20260101132
2025-05-14,133,1,2025-03-25,83,0.05,20260101133
2025-05-14,133,2,2025-02-26,56,0.05,20260101133
2025-05-14,133,3,2025-05-06,125,0.05,20260101133
2025-05-14,133,4,2025-04-12,101,0.05,20260101133
2025-05-14,133,5,2025-03-14,72,0.05,20260101133
2025-05-14,133,6,2025-05-04,123,0.05,20260101133
2025-05-14,133,7,2025-05-03,122,0.05,20260101133
2025-05-14,133,8,2025-03-01,59,0.05,20260101133
2025-05-14,133,9,2025-03-29,87,0.05,20260101133
2025-05-14,133,10,2025-04-17,106,0.05,20260101133
2025-05-14,133,11,2025-04-04,93,0.05,20260101133
2025-05-14,133,12,2025-03-17,75,0.05,20260101133
2025-05-14,133,13,2025-02-02,32,0.05,20260101133
2025-05-14,133,14,2025-02-18,48,0.05,20260101133
2025-05-14,133,15,2025-04-17,106,0.05,20260101133
2025-05-14,133,16,2025-05-03,122,0.05,20260101133
2025-05-14,133,17,2025-02-24,54,0.05,20260101133
2025-05-14,133,18,2025-05-06,125,0.05,20260101133
2025-05-14,133,19,2025-01-19,18,0.05,20260101133
2025-05-14,133,20,2025-03-24,82,0.05,20260101133
2025-05-15,134,1,2025-01-10,9,0.05,20260101134
2025-05-15,134,2,2025-02-02,32,0.05,20260101134
2025-05-15,134,3,2025-04-02,91,0.05,20260101134
2025-05-15,134,4,2025-02-19,49,0.05,20260101134
2025-05-15,134,5,2025-03-19,77,0.05,20260101134
2025-05-15,134,6,2025-01-18,17,0.05,20260101134
2025-05-15,134,7,2025-04-20,109,0.05,20260101134
2025-05-15,134,8,2025-02-20,50,0.05,20260101134
2025-05-15,134,9,2025-05-04,123,0.05,20260101134
2025-05-15,134,10,2025-01-02,1,0.05,20260101134
2025-05-15,134,11,2025-04-28,117,0.05,20260101134
2025-05-15,134,12,2025-05-12,131,0.05,20260101134
2025-05-15,134,13,2025-03-01,59,0.05,20260101134
2025-05-15,134,14,2025-01-27,26,0.05,20260101134
2025-05-15,134,15,2025-05-03,122,0.05,20260101134
2025-05-15,134,16,2025-02-01,31,0.05,20260101134
2025-05-15,134,17,2025-04-24,113,0.05,20260101134
2025-05-15,134,18,2025-04-08,97,0.05,20260101134
2025-05-15,134,19,2025-02-08,38,0.05,20260101134
2025-05-15,134,20,2025-01-31,30,0.05,20260101134
2025-05-16,135,1,2025-01-08,7,0.05,20260101135
2025-05-16,135,2,2025-02-23,53,0.05,20260101135
2025-05-16,135,3,2025-03-26,84,0.05,20260101135
2025-05-16,135,4,2025-02-10,40,0.05,20260101135
2025-05-16,135,5,2025-01-16,15,0.05,20260101135
2025-05-16,135,6,2025-04-21,110,0.05,20260101135
2025-05-16,135,7,2025-01-19,18,0.05,20260101135
2025-05-16,135,8,2025-04-12,101,0.05,20260101135
2025-05-16,135,9,2025-01-21,20,0.05,20260101135
2025-05-16,135,10,2025-02-14,44,0.05,20260101135
2025-05-16,135,11,2025-01-11,10,0.05,20260101135
2025-05-16,135,12,2025-03-04,62,0.05,20260101135
2025-05-16,135,13,2025-02-26,56,0.05,20260101135
2025-05-16,135,14,2025-02-17,47,0.05,20260101135
2025-05-16,135,15,2025-01-24,23,0.05,20260101135
2025-05-16,135,16,2025-02-13,43,0.05,20260101135
2025-05-16,135,17,2025-05-15,134,0.05,20260101135
2025-05-16,135,18,2025-03-29,87,0.05,20260101135
2025-05-16,135,19,2025-03-17,75,0.05,20260101135
2025-05-16,135,20,2025-04-25,114,0.05,20260101135
2025-05-17,136,1,2025-01-04,3,0.05,20260101136
2025-05-17,136,2,2025-02-19,49,0.05,20260101136
2025-05-17,136,3,2025-02-08,38,0.05,20260101136
2025-05-17,136,4,2025-03-16,74,0.05,20260101136
2025-05-17,136,5,2025-02-25,55,0.05,20260101136
2025-05-17,136,6,2025-01-15,14,0.05,20260101136
2025-05-17,136,7,2025-03-16,74,0.05,20260101136
2025-05-17,136,8,2025-03-13,71,0.05,20260101136
2025-05-17,136,9,2025-02-25,55,0.05,20260101136
2025-05-17,136,10,2025-01-19,18,0.05,20260101136
2025-05-17,136,11,2025-04-26,115,0.05,20260101136
2025-05-17,136,12,2025-01-25,24,0.05,20260101136
2025-05-17,136,13,2025-04-07,96,0.05,20260101136
2025-05-17,136,14,2025-03-09,67,0.05,20260101136
2025-05-17,136,15,2025-02-14,44,0.05,20260101136
2025-05-17,136,16,2025-03-21,79,0.05,20260101136
2025-05-17,136,17,2025-04-23,112,0.05,20260101136
2025-05-17,136,18,2025-05-02,121,0.05,20260101136
2025-05-17,136,19,2025-02-01,31,0.05,20260101136
2025-05-17,136,20,2025-01-31,30,0.05,20260101136
2025-05-18,137,1,2025-03-31,89,0.05,20260101137
2025-05-18,137,2,2025-04-28,117,0.05,20260101137
2025-05-18,137,3,2025-04-06,95,0.05,20260101137
2025-05-18,137,4,2025-01-04,3,0.05,20260101137
2025-05-18,137,5,2025-02-14,44,0.05,20260101137
2025-05-18,137,6,2025-04-03,92,0.05,20260101137
2025-05-18,137,7,2025-03-07,65,0.05,20260101137
2025-05-18,137,8,2025-03-06,64,0.05,20260101137
2025-05-18,137,9,2025-05-10,129,0.05,20260101137
2025-05-18,137,10,2025-03-14,72,0.05,20260101137
2025-05-18,137,11,2025-01-20,19,0.05,20260101137
2025-05-18,137,12,2025-05-02,121,0.05,20260101137
2025-05-18,137,13,2025-05-15,134,0.05,20260101137
2025-05-18,137,14,2025-04-30,119,0.05,20260101137
2025-05-18,137,15,2025-01-21,20,0.05,20260101137
2025-05-18,137,16,2025-01-19,18,0.05,20260101137
2025-05-18,137,17,2025-01-23,22,0.05,20260101137
2025-05-18,137,18,2025-03-19,77,0.05,20260101137
2025-05-18,137,19,2025-02-04,34,0.05,20260101137
2025-05-18,137,20,2025-02-17,47,0.05,20260101137
2025-05-19,138,1,2025-03-07,65,0.05,20260101138
2025-05-19,138,2,2025-04-16,105,0.05,20260101138
2025-05-19,138,3,2025-01-08,7,0.05,20260101138
2025-05-19,138,4,2025-02-10,40,0.05,20260101138
2025-05-19,138,5,2025-05-13,132,0.05,20260101138
2025-05-19,138,6,2025-03-22,80,0.05,20260101138
2025-05-19,138,7,2025-03-02,60,0.05,20260101138
2025-05-19,138,8,2025-02-09,39,0.05,20260101138
2025-05-19,138,9,2025-05-04,123,0.05,20260101138
2025-05-19,138,10,2025-05-04,123,0.05,20260101138
2025-05-19,138,11,2025-04-25,114,0.05,20260101138
2025-05-19,138,12,2025-03-15,73,0.05,20260101138
2025-05-19,138,13,2025-02-17,47,0.05,20260101138
2025-05-19,138,14,2025-02-03,33,0.05,20260101138
2025-05-19,138,15,2025-03-29,87,0.05,20260101138
2025-05-19,138,16,2025-01-29,28,0.05,20260101138
2025-05-19,138,17,2025-02-22,52,0.05,20260101138
2025-05-19,138,18,2025-02-23,53,0.05,20260101138
2025-05-19,138,19,2025-01-29,28,0.05,20260101138
2025-05-19,138,20,2025-02-24,54,0.05,20260101138
2025-05-20,139,1,2025-01-27,26,0.05,20260101139
2025-05-20,139,2,2025-02-01,31,0.05,20260101139
2025-05-20,139,3,2025-01-11,10,0.05,20260101139
2025-05-20,139,4,2025-02-16,46,0.05,20260101139
2025-05-20,139,5,2025-03-13,71,0.05,20260101139
2025-05-20,139,6,2025-02-25,55,0.05,20260101139
2025-05-20,139,7,2025-05-04,123,0.05,20260101139
2025-05-20,139,8,2025-01-13,12,0.05,20260101139
2025-05-20,139,9,2025-03-02,60,0.05,20260101139
2025-05-20,139,10,2025-01-04,3,0.05,20260101139
2025-05-20,139,11,2025-04-20,109,0.05,20260101139
2025-05-20,139,12,2025-01-13,12,0.05,20260101139
2025-05-20,139,13,2025-05-07,126,0.05,20260101139
2025-05-20,139,14,2025-04-30,119,0.05,20260101139
2025-05-20,139,15,2025-04-10,99,0.05,20260101139
2025-05-20,139,16,2025-04-22,111,0.05,20260101139
2025-05-20,139,17,2025-01-26,25,0.05,20260101139
2025-05-20,139,18,2025-01-18,17,0.05,20260101139
2025-05-20,139,19,2025-03-20,78,0.05,20260101139
2025-05-20,139,20,2025-04-23,112,0.05,20260101139
2025-05-21,140,1,2025-01-16,15,0.05,20260101140
2025-05-21,140,2,2025-03-25,83,0.05,20260101140
2025-05-21,140,3,2025-04-01,90,0.05,20260101140
2025-05-21,140,4,2025-02-07,37,0.05,20260101140
2025-05-21,140,5,2025-02-17,47,0.05,20260101140
2025-05-21,140,6,2025-02-09,39,0.05,20260101140
2025-05-21,140,7,2025-03-17,75,0.05,20260101140
2025-05-21,140,8,2025-02-26,56,0.05,20260101140
2025-05-21,140,9,2025-01-20,19,0.05,20260101140
2025-05-21,140,10,2025-05-02,121,0.05,20260101140
2025-05-21,140,11,2025-04-03,92,0.05,20260101140
2025-05-21,140,12,2025-04-09,98,0.05,20260101140
2025-05-21,140,13,2025-04-12,101,0.05,20260101140
2025-05-21,140,14,2025-01-29,28,0.05,20260101140
2025-05-21,140,15,2025-04-09,98,0.05,20260101140
2025-05-21,140,16,2025-03-29,87,0.05,20260101140
2025-05-21,140,17,2025-02-09,39,0.05,20260101140
2025-05-21,140,18,2025-03-06,64,0.05,20260101140
2025-05-21,140,19,2025-03-10,68,0.05,20260101140
2025-05-21,140,20,2025-01-21,20,0.05,20260101140
2025-05-22,141,1,2025-05-21,140,0.05,20260101141
2025-05-22,141,2,2025-04-01,90,0.05,20260101141
2025-05-22,141,3,2025-04-07,96,0.05,20260101141
2025-05-22,141,4,2025-04-25,114,0.05,20260101141
2025-05-22,141,5,2025-02-18,48,0.05,20260101141
2025-05-22,141,6,2025-01-14,13,0.05,20260101141
2025-05-22,141,7,2025-03-31,89,0.05,20260101141
2025-05-22,141,8,2025-04-25,114,0.05,20260101141
2025-05-22,141,9,2025-01-28,27,0.05,20260101141
2025-05-22,141,10,2025-04-05,94,0.05,20260101141
2025-05-22,141,11,2025-05-12,131,0.05,20260101141
2025-05-22,141,12,2025-03-12,70,0.05,20260101141
2025-05-22,141,13,2025-05-04,123,0.05,20260101141
2025-05-22,141,14,2025-01-08,7,0.05,20260101141
2025-05-22,141,15,2025-02-18,48,0.05,20260101141
2025-05-22,141,16,2025-02-17,47,0.05,20260101141
2025-05-22,141,17,2025-01-03,2,0.05,20260101141
2025-05-22,141,18,2025-03-27,85,0.05,20260101141
2025-05-22,141,19,2025-02-28,58,0.05,20260101141
2025-05-22,141,20,2025-02-10,40,0.05,20260101141
2025-05-23,142,1,2025-01-31,30,0.05,20260101142
2025-05-23,142,2,2025-05-15,134,0.05,20260101142
2025-05-23,142,3,2025-01-13,12,0.05,20260101142
2025-05-23,142,4,2025-01-19,18,0.05,20260101142
2025-05-23,142,5,2025-03-24,82,0.05,20260101142
2025-05-23,142,6,2025-02-10,40,0.05,20260101142
2025-05-23,142,7,2025-02-10,40,0.05,20260101142
2025-05-23,142,8,2025-05-16,135,0.05,20260101142
2025-05-23,142,9,2025-02-16,46,0.05,20260101142
2025-05-23,142,10,2025-01-30,29,0.05,20260101142
2025-05-23,142,11,2025-02-15,45,0.05,20260101142
2025-05-23,142,12,2025-02-27,57,0.05,20260101142
2025-05-23,142,13,2025-05-05,124,0.05,20260101142
2025-05-23,142,14,2025-03-10,68,0.05,20260101142
2025-05-23,142,15,2025-02-12,42,0.05,20260101142
2025-05-23,142,16,2025-04-16,105,0.05,20260101142
2025-05-23,142,17,2025-01-15,14,0.05,20260101142
2025-05-23,142,18,2025-02-09,39,0.05,20260101142
2025-05-23,142,19,2025-02-17,47,0.05,20260101142
2025-05-23,142,20,2025-02-15,45,0.05,20260101142
2025-05-24,143,1,2025-03-28,86,0.05,20260101143
2025-05-24,143,2,2025-04-25,114,0.05,20260101143
2025-05-24,143,3,2025-02-27,57,0.05,20260101143
2025-05-24,143,4,2025-05-12,131,0.05,20260101143
2025-05-24,143,5,2025-03-22,80,0.05,20260101143
2025-05-24,143,6,2025-05-03,122,0.05,20260101143
2025-05-24,143,7,2025-01-15,14,0.05,20260101143
2025-05-24,143,8,2025-04-10,99,0.05,20260101143
2025-05-24,143,9,2025-05-07,126,0.05,20260101143
2025-05-24,143,10,2025-02-18,48,0.05,20260101143
2025-05-24,143,11,2025-03-24,82,0.05,20260101143
2025-05-24,143,12,2025-01-02,1,0.05,20260101143
2025-05-24,143,13,2025-05-15,134,0.05,20260101143
2025-05-24,143,14,2025-04-17,106,0.05,20260101143
2025-05-24,143,15,2025-05-03,122,0.05,20260101143
2025-05-24,143,16,2025-02-03,33,0.05,20260101143
2025-05-24,143,17,2025-01-17,16,0.05,20260101143
2025-05-24,143,18,2025-02-18,48,0.05,20260101143
2025-05-24,143,19,2025-01-17,16,0.05,20260101143
2025-05-24,143,20,2025-01-10,9,0.05,20260101143
2025-05-25,144,1,2025-04-15,104,0.05,20260101144
2025-05-25,144,2,2025-04-05,94,0.05,20260101144
2025-05-25,144,3,2025-03-27,85,0.05,20260101144
2025-05-25,144,4,2025-05-06,125,0.05,20260101144
2025-05-25,144,5,2025-05-20,139,0.05,20260101144
2025-05-25,144,6,2025-01-04,3,0.05,20260101144
2025-05-25,144,7,2025-02-23,53,0.05,20260101144
2025-05-25,144,8,2025-05-09,128,0.05,20260101144
2025-05-25,144,9,2025-01-15,14,0.05,20260101144
2025-05-25,144,10,2025-02-28,58,0.05,20260101144
2025-05-25,144,11,2025-02-18,48,0.05,20260101144
2025-05-25,144,12,2025-05-24,143,0.05,20260101144
2025-05-25,144,13,2025-04-03,92,0.05,20260101144
2025-05-25,144,14,2025-02-24,54,0.05,20260101144
2025-05-25,144,15,2025-01-05,4,0.05,20260101144
2025-05-25,144,16,2025-03-21,79,0.05,20260101144
2025-05-25,144,17,2025-05-08,127,0.05,20260101144
2025-05-25,144,18,2025-02-03,33,0.05,20260101144
2025-05-25,144,19,2025-04-19,108,0.05,20260101144
2025-05-25,144,20,2025-05-11,130,0.05,20260101144
2025-05-26,145,1,2025-02-06,36,0.05,20260101145
2025-05-26,145,2,2025-02-28,58,0.05,20260101145
2025-05-26,145,3,2025-01-09,8,0.05,20260101145
2025-05-26,145,4,2025-02-26,56,0.05,20260101145
2025-05-26,145,5,2025-05-05,124,0.05,20260101145
2025-05-26,145,6,2025-02-06,36,0.05,20260101145
2025-05-26,145,7,2025-04-13,102,0.05,20260101145
2025-05-26,145,8,2025-05-25,144,0.05,20260101145
2025-05-26,145,9,2025-01-29,28,0.05,20260101145
2025-05-26,145,10,2025-01-07,6,0.05,20260101145
2025-05-26,145,11,2025-02-26,56,0.05,20260101145
2025-05-26,145,12,2025-03-03,61,0.05,20260101145
2025-05-26,145,13,2025-04-09,98,0.05,20260101145
2025-05-26,145,14,2025-03-06,64,0.05,20260101145
2025-05-26,145,15,2025-01-25,24,0.05,20260101145
2025-05-26,145,16,2025-01-03,2,0.05,20260101145
2025-05-26,145,17,2025-04-28,117,0.05,20260101145
2025-05-26,145,18,2025-05-08,127,0.05,20260101145
2025-05-26,145,19,2025-03-16,74,0.05,20260101145
2025-05-26,145,20,2025-04-07,96,0.05,20260101145
2025-05-27,146,1,2025-04-09,98,0.05,20260101146
2025-05-27,146,2,2025-01-06,5,0.05,20260101146
2025-05-27,146,3,2025-03-03,61,0.05,20260101146
2025-05-27,146,4,2025-02-03,33,0.05,20260101146
2025-05-27,146,5,2025-04-07,96,0.05,20260101146
2025-05-27,146,6,2025-02-05,35,0.05,20260101146
2025-05-27,146,7,2025-01-21,20,0.05,20260101146
2025-05-27,146,8,2025-04-10,99,0.05,20260101146
2025-05-27,146,9,2025-02-20,50,0.05,20260101146
2025-05-27,146,10,2025-02-03,33,0.05,20260101146
2025-05-27,146,11,2025-05-21,140,0.05,20260101146
2025-05-27,146,12,2025-04-20,109,0.05,20260101146
2025-05-27,146,13,2025-01-12,11,0.05,20260101146
2025-05-27,146,14,2025-05-16,135,0.05,20260101146
2025-05-27,146,15,2025-04-22,111,0.05,20260101146
2025-05-27,146,16,2025-03-19,77,0.05,20260101146
2025-05-27,146,17,2025-04-06,95,0.05,20260101146
2025-05-27,146,18,2025-05-04,123,0.05,20260101146
2025-05-27,146,19,2025-03-18,76,0.05,20260101146
2025-05-27,146,20,2025-02-19,49,0.05,20260101146
2025-05-28,147,1,2025-04-15,104,0.05,20260101147
2025-05-28,147,2,2025-05-15,134,0.05,20260101147
2025-05-28,147,3,2025-03-09,67,0.05,20260101147
2025-05-28,147,4,2025-01-31,30,0.05,20260101147
2025-05-28,147,5,2025-03-13,71,0.05,20260101147
2025-05-28,147,6,2025-05-13,132,0.05,20260101147
2025-05-28,147,7,2025-04-05,94,0.05,20260101147
2025-05-28,147,8,2025-01-28,27,0.05,20260101147
2025-05-28,147,9,2025-04-28,117,0.05,20260101147
2025-05-28,147,10,2025-04-28,117,0.05,20260101147
2025-05-28,147,11,2025-05-07,126,0.05,20260101147
2025-05-28,147,12,2025-02-10,40,0.05,20260101147
2025-05-28,147,13,2025-01-11,10,0.05,20260101147
2025-05-28,147,14,2025-05-24,143,0.05,20260101147
2025-05-28,147,15,2025-03-06,64,0.05,20260101147
2025-05-28,147,16,2025-04-24,113,0.05,20260101147
2025-05-28,147,17,2025-04-02,91,0.05,20260101147
2025-05-28,147,18,2025-02-22,52,0.05,20260101147
2025-05-28,147,19,2025-02-04,34,0.05,20260101147
2025-05-28,147,20,2025-04-02,91,0.05,20260101147
2025-05-29,148,1,2025-04-27,116,0.05,20260101148
2025-05-29,148,2,2025-01-04,3,0.05,20260101148
2025-05-29,148,3,2025-04-01,90,0.05,20260101148
2025-05-29,148,4,2025-03-12,70,0.05,20260101148
2025-05-29,148,5,2025-02-21,51,0.05,20260101148
2025-05-29,148,6,2025-02-02,32,0.05,20260101148
2025-05-29,148,7,2025-02-27,57,0.05,20260101148
2025-05-29,148,8,2025-02-06,36,0.05,20260101148
2025-05-29,148,9,2025-02-07,37,0.05,20260101148
2025-05-29,148,10,2025-03-10,68,0.05,20260101148
2025-05-29,148,11,2025-01-13,12,0.05,20260101148
2025-05-29,148,12,2025-04-10,99,0.05,20260101148
2025-05-29,148,13,2025-01-03,2,0.05,20260101148
2025-05-29,148,14,2025-02-03,33,0.05,20260101148
2025-05-29,148,15,2025-02-10,40,0.05,20260101148
2025-05-29,148,16,2025-05-27,146,0.05,20260101148
2025-05-29,148,17,2025-01-20,19,0.05,20260101148
2025-05-29,148,18,2025-03-05,63,0.05,20260101148
2025-05-29,148,19,2025-05-28,147,0.05,20260101148
2025-05-29,148,20,2025-01-08,7,0.05,20260101148
2025-05-30,149,1,2025-01-02,1,0.05,20260101149
2025-05-30,149,2,2025-01-18,17,0.05,20260101149
2025-05-30,149,3,2025-04-03,92,0.05,20260101149
2025-05-30,149,4,2025-04-22,111,0.05,20260101149
2025-05-30,149,5,2025-05-29,148,0.05,20260101149
2025-05-30,149,6,2025-01-31,30,0.05,20260101149
2025-05-30,149,7,2025-01-11,10,0.05,20260101149
2025-05-30,149,8,2025-01-12,11,0.05,20260101149
2025-05-30,149,9,2025-05-26,145,0.05,20260101149
2025-05-30,149,10,2025-03-27,85,0.05,20260101149
2025-05-30,149,11,2025-03-14,72,0.05,20260101149
2025-05-30,149,12,2025-04-30,119,0.05,20260101149
2025-05-30,149,13,2025-03-01,59,0.05,20260101149
2025-05-30,149,14,2025-02-14,44,0.05,20260101149
2025-05-30,149,15,2025-02-14,44,0.05,20260101149
2025-05-30,149,16,2025-01-12,11,0.05,20260101149
2025-05-30,149,17,2025-03-14,72,0.05,20260101149
2025-05-30,149,18,2025-03-13,71,0.05,20260101149
2025-05-30,149,19,2025-03-09,67,0.05,20260101149
2025-05-30,149,20,2025-02-28,58,0.05,20260101149
2025-05-31,150,1,2025-03-08,66,0.05,20260101150
2025-05-31,150,2,2025-05-06,125,0.05,20260101150
2025-05-31,150,3,2025-01-30,29,0.05,20260101150
2025-05-31,150,4,2025-03-16,74,0.05,20260101150
2025-05-31,150,5,2025-03-12,70,0.05,20260101150
2025-05-31,150,6,2025-04-30,119,0.05,20260101150
2025-05-31,150,7,2025-04-03,92,0.05,20260101150
2025-05-31,150,8,2025-01-09,8,0.05,20260101150
2025-05-31,150,9,2025-02-05,35,0.05,20260101150
2025-05-31,150,10,2025-01-27,26,0.05,20260101150
2025-05-31,150,11,2025-03-16,74,0.05,20260101150
2025-05-31,150,12,2025-01-20,19,0.05,20260101150
2025-05-31,150,13,2025-02-09,39,0.05,20260101150
2025-05-31,150,14,2025-04-06,95,0.05,20260101150
2025-05-31,150,15,2025-03-01,59,0.05,20260101150
2025-05-31,150,16,2025-03-27,85,0.05,20260101150
2025-05-31,150,17,2025-02-25,55,0.05,20260101150
2025-05-31,150,18,2025-04-10,99,0.05,20260101150
2025-05-31,150,19,2025-03-27,85,0.05,20260101150
2025-05-31,150,20,2025-03-22,80,0.05,20260101150
2025-06-01,151,1,2025-05-25,144,0.05,20260101151
2025-06-01,151,2,2025-05-01,120,0.05,20260101151
2025-06-01,151,3,2025-02-11,41,0.05,20260101151
2025-06-01,151,4,2025-01-06,5,0.05,20260101151
2025-06-01,151,5,2025-01-06,5,0.05,20260101151
2025-06-01,151,6,2025-01-05,4,0.05,20260101151
2025-06-01,151,7,2025-04-03,92,0.05,20260101151
2025-06-01,151,8,2025-01-14,13,0.05,20260101151
2025-06-01,151,9,2025-03-01,59,0.05,20260101151
2025-06-01,151,10,2025-03-22,80,0.05,20260101151
2025-06-01,151,11,2025-05-01,120,0.05,20260101151
2025-06-01,151,12,2025-01-03,2,0.05,20260101151
2025-06-01,151,13,2025-02-11,41,0.05,20260101151
2025-06-01,151,14,2025-01-20,19,0.05,20260101151
2025-06-01,151,15,2025-01-16,15,0.05,20260101151
2025-06-01,151,16,2025-05-23,142,0.05,20260101151
2025-06-01,151,17,2025-05-18,137,0.05,20260101151
2025-06-01,151,18,2025-05-24,143,0.05,20260101151
2025-06-01,151,19,2025-03-23,81,0.05,20260101151
2025-06-01,151,20,2025-03-24,82,0.05,20260101151
2025-06-02,152,1,2025-01-06,5,0.05,20260101152
2025-06-02,152,2,2025-02-13,43,0.05,20260101152
2025-06-02,152,3,2025-04-28,117,0.05,20260101152
2025-06-02,152,4,2025-03-27,85,0.05,20260101152
2025-06-02,152,5,2025-04-27,116,0.05,20260101152
2025-06-02,152,6,2025-01-04,3,0.05,20260101152
2025-06-02,152,7,2025-01-21,20,0.05,20260101152
2025-06-02,152,8,2025-05-21,140,0.05,20260101152
2025-06-02,152,9,2025-03-21,79,0.05,20260101152
2025-06-02,152,10,2025-04-13,102,0.05,20260101152
2025-06-02,152,11,2025-05-15,134,0.05,20260101152
2025-06-02,152,12,2025-01-19,18,0.05,20260101152
2025-06-02,152,13,2025-01-10,9,0.05,20260101152
2025-06-02,152,14,2025-05-25,144,0.05,20260101152
2025-06-02,152,15,2025-05-05,124,0.05,20260101152
2025-06-02,152,16,2025-03-12,70,0.05,20260101152
2025-06-02,152,17,2025-03-05,63,0.05,20260101152
2025-06-02,152,18,2025-01-03,2,0.05,20260101152
2025-06-02,152,19,2025-05-24,143,0.05,20260101152
2025-06-02,152,20,2025-02-02,32,0.05,20260101152
2025-06-03,153,1,2025-05-08,127,0.05,20260101153
2025-06-03,153,2,2025-02-09,39,0.05,20260101153
2025-06-03,153,3,2025-02-03,33,0.05,20260101153
2025-06-03,153,4,2025-02-26,56,0.05,20260101153
2025-06-03,153,5,2025-05-06,125,0.05,20260101153
2025-06-03,153,6,2025-02-09,39,0.05,20260101153
2025-06-03,153,7,2025-03-29,87,0.05,20260101153
2025-06-03,153,8,2025-05-13,132,0.05,20260101153
2025-06-03,153,9,2025-05-13,132,0.05,20260101153
2025-06-03,153,10,2025-05-20,139,0.05,20260101153
2025-06-03,153,11,2025-01-10,9,0.05,20260101153
2025-06-03,153,12,2025-03-29,87,0.05,20260101153
2025-06-03,153,13,2025-04-04,93,0.05,20260101153
2025-06-03,153,14,2025-05-14,133,0.05,20260101153
2025-06-03,153,15,2025-02-05,35,0.05,20260101153
2025-06-03,153,16,2025-01-28,27,0.05,20260101153
2025-06-03,153,17,2025-03-14,72,0.05,20260101153
2025-06-03,153,18,2025-05-24,143,0.05,20260101153
2025-06-03,153,19,2025-04-28,117,0.05,20260101153
2025-06-03,153,20,2025-03-09,67,0.05,20260101153
2025-06-04,154,1,2025-03-08,66,0.05,20260101154
2025-06-04,154,2,2025-05-04,123,0.05,20260101154
2025-06-04,154,3,2025-03-07,65,0.05,20260101154
2025-06-04,154,4,2025-02-17,47,0.05,20260101154
2025-06-04,154,5,2025-01-31,30,0.05,20260101154
2025-06-04,154,6,2025-03-20,78,0.05,20260101154
2025-06-04,154,7,2025-01-15,14,0.05,20260101154
2025-06-04,154,8,2025-03-11,69,0.05,20260101154
2025-06-04,154,9,2025-03-18,76,0.05,20260101154
2025-06-04,154,10,2025-05-21,140,0.05,20260101154
2025-06-04,154,11,2025-03-29,87,0.05,20260101154
2025-06-04,154,12,2025-01-25,24,0.05,20260101154
2025-06-04,154,13,2025-02-23,53,0.05,20260101154
2025-06-04,154,14,2025-02-11,41,0.05,20260101154
2025-06-04,154,15,2025-05-31,150,0.05,20260101154
2025-06-04,154,16,2025-03-24,82,0.05,20260101154
2025-06-04,154,17,2025-04-09,98,0.05,20260101154
2025-06-04,154,18,2025-02-07,37,0.05,20260101154
2025-06-04,154,19,2025-03-18,76,0.05,20260101154
2025-06-04,154,20,2025-04-15,104,0.05,20260101154
2025-06-05,155,1,2025-03-11,69,0.05,20260101155
2025-06-05,155,2,2025-05-12,131,0.05,20260101155
2025-06-05,155,3,2025-01-05,4,0.05,20260101155
2025-06-05,155,4,2025-05-16,135,0.05,20260101155
2025-06-05,155,5,2025-01-18,17,0.05,20260101155
2025-06-05,155,6,2025-02-25,55,0.05,20260101155
2025-06-05,155,7,2025-05-21,140,0.05,20260101155
2025-06-05,155,8,2025-01-28,27,0.05,20260101155
2025-06-05,155,9,2025-03-23,81,0.05,20260101155
2025-06-05,155,10,2025-03-11,69,0.05,20260101155
2025-06-05,155,11,2025-01-23,22,0.05,20260101155
2025-06-05,155,12,2025-01-21,20,0.05,20260101155
2025-06-05,155,13,2025-01-22,21,0.05,20260101155
2025-06-05,155,14,2025-05-02,121,0.05,20260101155
2025-06-05,155,15,2025-01-14,13,0.05,20260101155
2025-06-05,155,16,2025-01-12,11,0.05,20260101155
2025-06-05,155,17,2025-05-28,147,0.05,20260101155
2025-06-05,155,18,2025-02-11,41,0.05,20260101155
2025-06-05,155,19,2025-04-29,118,0.05,20260101155
2025-06-05,155,20,2025-03-12,70,0.05,20260101155
2025-06-06,156,1,2025-02-15,45,0.05,20260101156
2025-06-06,156,2,2025-03-04,62,0.05,20260101156
2025-06-06,156,3,2025-03-02,60,0.05,20260101156
2025-06-06,156,4,2025-01-23,22,0.05,20260101156
2025-06-06,156,5,2025-05-04,123,0.05,20260101156
2025-06-06,156,6,2025-05-23,142,0.05,20260101156
2025-06-06,156,7,2025-04-11,100,0.05,20260101156
2025-06-06,156,8,2025-02-05,35,0.05,20260101156
2025-06-06,156,9,2025-02-19,49,0.05,20260101156
2025-06-06,156,10,2025-01-28,27,0.05,20260101156
2025-06-06,156,11,2025-04-01,90,0.05,20260101156
2025-06-06,156,12,2025-03-30,88,0.05,20260101156
2025-06-06,156,13,2025-05-26,145,0.05,20260101156
2025-06-06,156,14,2025-04-30,119,0.05,20260101156
2025-06-06,156,15,2025-04-10,99,0.05,20260101156
2025-06-06,156,16,2025-01-12,11,0.05,20260101156
2025-06-06,156,17,2025-03-19,77,0.05,20260101156
2025-06-06,156,18,2025-01-09,8,0.05,20260101156
2025-06-06,156,19,2025-05-12,131,0.05,20260101156
2025-06-06,156,20,2025-05-18,137,0.05,20260101156
2025-06-07,157,1,2025-01-06,5,0.05,20260101157
2025-06-07,157,2,2025-01-10,9,0.05,20260101157
2025-06-07,157,3,2025-05-18,137,0.05,20260101157
2025-06-07,157,4,2025-04-11,100,0.05,20260101157
2025-06-07,157,5,2025-01-21,20,0.05,20260101157
2025-06-07,157,6,2025-05-29,148,0.05,20260101157
2025-06-07,157,7,2025-02-04,34,0.05,20260101157
2025-06-07,157,8,2025-01-12,11,0.05,20260101157
2025-06-07,157,9,2025-04-05,94,0.05,20260101157
2025-06-07,157,10,2025-01-14,13,0.05,20260101157
2025-06-07,157,11,2025-02-07,37,0.05,20260101157
2025-06-07,157,12,2025-04-08,97,0.05,20260101157
2025-06-07,157,13,2025-01-13,12,0.05,20260101157
2025-06-07,157,14,2025-01-17,16,0.05,20260101157
2025-06-07,157,15,2025-02-01,31,0.05,20260101157
2025-06-07,157,16,2025-05-29,148,0.05,20260101157
2025-06-07,157,17,2025-01-08,7,0.05,20260101157
2025-06-07,157,18,2025-01-11,10,0.05,20260101157
2025-06-07,157,19,2025-04-26,115,0.05,20260101157
2025-06-07,157,20,2025-05-27,146,0.05,20260101157
2025-06-08,158,1,2025-05-23,142,0.05,20260101158
2025-06-08,158,2,2025-05-03,122,0.05,20260101158
2025-06-08,158,3,2025-04-01,90,0.05,20260101158
2025-06-08,158,4,2025-02-19,49,0.05,20260101158
2025-06-08,158,5,2025-04-19,108,0.05,20260101158
2025-06-08,158,6,2025-04-09,98,0.05,20260101158
2025-06-08,158,7,2025-05-22,141,0.05,20260101158
2025-06-08,158,8,2025-05-09,128,0.05,20260101158
2025-06-08,158,9,2025-03-05,63,0.05,20260101158
2025-06-08,158,10,2025-02-05,35,0.05,20260101158
2025-06-08,158,11,2025-02-12,42,0.05,20260101158
2025-06-08,158,12,2025-03-10,68,0.05,20260101158
2025-06-08,158,13,2025-05-20,139,0.05,20260101158
2025-06-08,158,14,2025-05-13,132,0.05,20260101158
2025-06-08,158,15,2025-04-15,104,0.05,20260101158
2025-06-08,158,16,2025-05-19,138,0.05,20260101158
2025-06-08,158,17,2025-02-26,56,0.05,20260101158
2025-06-08,158,18,2025-05-06,125,0.05,20260101158
2025-06-08,158,19,2025-02-20,50,0.05,20260101158
2025-06-08,158,20,2025-04-08,97,0.05,20260101158
2025-06-09,159,1,2025-05-15,134,0.05,20260101159
2025-06-09,159,2,2025-04-01,90,0.05,20260101159
2025-06-09,159,3,2025-02-20,50,0.05,20260101159
2025-06-09,159,4,2025-04-22,111,0.05,20260101159
2025-06-09,159,5,2025-06-03,153,0.05,20260101159
2025-06-09,159,6,2025-01-13,12,0.05,20260101159
2025-06-09,159,7,2025-01-11,10,0.05,20260101159
2025-06-09,159,8,2025-01-06,5,0.05,20260101159
2025-06-09,159,9,2025-06-02,152,0.05,20260101159
2025-06-09,159,10,2025-04-12,101,0.05,20260101159
2025-06-09,159,11,2025-05-22,141,0.05,20260101159
2025-06-09,159,12,2025-05-12,131,0.05,20260101159
2025-06-09,159,13,2025-06-01,151,0.05,20260101159
2025-06-09,159,14,2025-05-27,146,0.05,20260101159
2025-06-09,159,15,2025-06-04,154,0.05,20260101159
2025-06-09,159,16,2025-01-11,10,0.05,20260101159
2025-06-09,159,17,2025-03-26,84,0.05,20260101159
2025-06-09,159,18,2025-05-16,135,0.05,20260101159
2025-06-09,159,19,2025-04-02,91,0.05,20260101159
2025-06-09,159,20,2025-04-16,105,0.05,20260101159
2025-06-10,160,1,2025-02-28,58,0.05,20260101160
2025-06-10,160,2,2025-06-08,158,0.05,20260101160
2025-06-10,160,3,2025-05-14,133,0.05,20260101160
2025-06-10,160,4,2025-04-08,97,0.05,20260101160
2025-06-10,160,5,2025-02-10,40,0.05,20260101160
2025-06-10,160,6,2025-05-13,132,0.05,20260101160
2025-06-10,160,7,2025-04-10,99,0.05,20260101160
2025-06-10,160,8,2025-05-01,120,0.05,20260101160
2025-06-10,160,9,2025-04-25,114,0.05,20260101160
2025-06-10,160,10,2025-02-15,45,0.05,20260101160
2025-06-10,160,11,2025-01-12,11,0.05,20260101160
2025-06-10,160,12,2025-03-27,85,0.05,20260101160
2025-06-10,160,13,2025-02-08,38,0.05,20260101160
2025-06-10,160,14,2025-02-01,31,0.05,20260101160
2025-06-10,160,15,2025-02-12,42,0.05,20260101160
2025-06-10,160,16,2025-03-07,65,0.05,20260101160
2025-06-10,160,17,2025-04-24,113,0.05,20260101160
2025-06-10,160,18,2025-06-07,157,0.05,20260101160
2025-06-10,160,19,2025-01-22,21,0.05,20260101160
2025-06-10,160,20,2025-04-06,95,0.05,20260101160
2025-06-11,161,1,2025-03-24,82,0.05,20260101161
2025-06-11,161,2,2025-05-27,146,0.05,20260101161
2025-06-11,161,3,2025-01-11,10,0.05,20260101161
2025-06-11,161,4,2025-05-01,120,0.05,20260101161
2025-06-11,161,5,2025-04-08,97,0.05,20260101161
2025-06-11,161,6,2025-01-06,5,0.05,20260101161
2025-06-11,161,7,2025-02-17,47,0.05,20260101161
2025-06-11,161,8,2025-05-06,125,0.05,20260101161
2025-06-11,161,9,2025-03-29,87,0.05,20260101161
2025-06-11,161,10,2025-03-25,83,0.05,20260101161
2025-06-11,161,11,2025-04-12,101,0.05,20260101161
2025-06-11,161,12,2025-02-28,58,0.05,20260101161
2025-06-11,161,13,2025-03-16,74,0.05,20260101161
2025-06-11,161,14,2025-01-03,2,0.05,20260101161
2025-06-11,161,15,2025-03-24,82,0.05,20260101161
2025-06-11,161,16,2025-05-09,128,0.05,20260101161
2025-06-11,161,17,2025-02-12,42,0.05,20260101161
2025-06-11,161,18,2025-02-26,56,0.05,20260101161
2025-06-11,161,19,2025-01-27,26,0.05,20260101161
2025-06-11,161,20,2025-04-29,118,0.05,20260101161
2025-06-12,162,1,2025-05-03,122,0.05,20260101162
2025-06-12,162,2,2025-05-17,136,0.05,20260101162
2025-06-12,162,3,2025-02-02,32,0.05,20260101162
2025-06-12,162,4,2025-05-23,142,0.05,20260101162
2025-06-12,162,5,2025-03-22,80,0.05,20260101162
2025-06-12,162,6,2025-01-17,16,0.05,20260101162
2025-06-12,162,7,2025-03-18,76,0.05,20260101162
2025-06-12,162,8,2025-03-19,77,0.05,20260101162
2025-06-12,162,9,2025-03-22,80,0.05,20260101162
2025-06-12,162,10,2025-04-02,91,0.05,20260101162
2025-06-12,162,11,2025-03-11,69,0.05,20260101162
2025-06-12,162,12,2025-04-22,111,0.05,20260101162
2025-06-12,162,13,2025-01-23,22,0.05,20260101162
2025-06-12,162,14,2025-03-14,72,0.05,20260101162
2025-06-12,162,15,2025-04-11,100,0.05,20260101162
2025-06-12,162,16,2025-06-01,151,0.05,20260101162
2025-06-12,162,17,2025-04-27,116,0.05,20260101162
2025-06-12,162,18,2025-02-02,32,0.05,20260101162
2025-06-12,162,19,2025-05-08,127,0.05,20260101162
2025-06-12,162,20,2025-03-26,84,0.05,20260101162
2025-06-13,163,1,2025-04-05,94,0.05,20260101163
2025-06-13,163,2,2025-03-01,59,0.05,20260101163
2025-06-13,163,3,2025-04-28,117,0.05,20260101163
2025-06-13,163,4,2025-02-10,40,0.05,20260101163
2025-06-13,163,5,2025-03-03,61,0.05,20260101163
2025-06-13,163,6,2025-04-05,94,0.05,20260101163
2025-06-13,163,7,2025-03-19,77,0.05,20260101163
2025-06-13,163,8,2025-02-19,49,0.05,20260101163
2025-06-13,163,9,2025-04-10,99,0.05,20260101163
2025-06-13,163,10,2025-04-08,97,0.05,20260101163
2025-06-13,163,11,2025-05-02,121,0.05,20260101163
2025-06-13,163,12,2025-05-21,140,0.05,20260101163
2025-06-13,163,13,2025-01-11,10,0.05,20260101163
2025-06-13,163,14,2025-02-07,37,0.05,20260101163
2025-06-13,163,15,2025-01-08,7,0.05,20260101163
2025-06-13,163,16,2025-03-17,75,0.05,20260101163
2025-06-13,163,17,2025-04-29,118,0.05,20260101163
2025-06-13,163,18,2025-06-06,156,0.05,20260101163
2025-06-13,163,19,2025-03-23,81,0.05,20260101163
2025-06-13,163,20,2025-05-18,137,0.05,20260101163
2025-06-14,164,1,2025-02-04,34,0.05,20260101164
2025-06-14,164,2,2025-05-29,148,0.05,20260101164
2025-06-14,164,3,2025-03-15,73,0.05,20260101164
2025-06-14,164,4,2025-02-09,39,0.05,20260101164
2025-06-14,164,5,2025-05-17,136,0.05,20260101164
2025-06-14,164,6,2025-03-21,79,0.05,20260101164
2025-06-14,164,7,2025-01-15,14,0.05,20260101164
2025-06-14,164,8,2025-05-28,147,0.05,20260101164
2025-06-14,164,9,2025-02-21,51,0.05,20260101164
2025-06-14,164,10,2025-04-23,112,0.05,20260101164
2025-06-14,164,11,2025-01-02,1,0.05,20260101164
2025-06-14,164,12,2025-03-25,83,0.05,20260101164
2025-06-14,164,13,2025-03-18,76,0.05,20260101164
2025-06-14,164,14,2025-03-07,65,0.05,20260101164
2025-06-14,164,15,2025-01-23,22,0.05,20260101164
2025-06-14,164,16,2025-01-27,26,0.05,20260101164
2025-06-14,164,17,2025-06-03,153,0.05,20260101164
2025-06-14,164,18,2025-04-02,91,0.05,20260101164
2025-06-14,164,19,2025-03-10,68,0.05,20260101164
2025-06-14,164,20,2025-02-11,41,0.05,20260101164
2025-06-15,165,1,2025-04-28,117,0.05,20260101165
2025-06-15,165,2,2025-02-08,38,0.05,20260101165
2025-06-15,165,3,2025-06-14,164,0.05,20260101165
2025-06-15,165,4,2025-03-20,78,0.05,20260101165
2025-06-15,165,5,2025-03-14,72,0.05,20260101165
2025-06-15,165,6,2025-03-13,71,0.05,20260101165
2025-06-15,165,7,2025-03-19,77,0.05,20260101165
2025-06-15,165,8,2025-03-09,67,0.05,20260101165
2025-06-15,165,9,2025-05-22,141,0.05,20260101165
2025-06-15,165,10,2025-04-01,90,0.05,20260101165
2025-06-15,165,11,2025-05-15,134,0.05,20260101165
2025-06-15,165,12,2025-03-20,78,0.05,20260101165
2025-06-15,165,13,2025-01-08,7,0.05,20260101165
2025-06-15,165,14,2025-02-02,32,0.05,20260101165
2025-06-15,165,15,2025-02-03,33,0.05,20260101165
2025-06-15,165,16,2025-01-02,1,0.05,20260101165
2025-06-15,165,17,2025-05-14,133,0.05,20260101165
2025-06-15,165,18,2025-04-02,91,0.05,20260101165
2025-06-15,165,19,2025-05-22,141,0.05,20260101165
2025-06-15,165,20,2025-02-03,33,0.05,20260101165
2025-06-16,166,1,2025-03-03,61,0.05,20260101166
2025-06-16,166,2,2025-01-26,25,0.05,20260101166
2025-06-16,166,3,2025-04-15,104,0.05,20260101166
2025-06-16,166,4,2025-02-21,51,0.05,20260101166
2025-06-16,166,5,2025-03-21,79,0.05,20260101166
2025-06-16,166,6,2025-03-01,59,0.05,20260101166
2025-06-16,166,7,2025-02-14,44,0.05,20260101166
2025-06-16,166,8,2025-02-02,32,0.05,20260101166
2025-06-16,166,9,2025-06-14,164,0.05,20260101166
2025-06-16,166,10,2025-06-12,162,0.05,20260101166
2025-06-16,166,11,2025-02-03,33,0.05,20260101166
2025-06-16,166,12,2025-02-14,44,0.05,20260101166
2025-06-16,166,13,2025-01-29,28,0.05,20260101166
2025-06-16,166,14,2025-04-24,113,0.05,20260101166
2025-06-16,166,15,2025-01-28,27,0.05,20260101166
2025-06-16,166,16,2025-05-14,133,0.05,20260101166
2025-06-16,166,17,2025-06-09,159,0.05,20260101166
2025-06-16,166,18,2025-05-09,128,0.05,20260101166
2025-06-16,166,19,2025-06-02,152,0.05,20260101166
2025-06-16,166,20,2025-02-27,57,0.05,20260101166
2025-06-17,167,1,2025-01-24,23,0.05,20260101167
2025-06-17,167,2,2025-01-07,6,0.05,20260101167
2025-06-17,167,3,2025-03-02,60,0.05,20260101167
2025-06-17,167,4,2025-04-30,119,0.05,20260101167
2025-06-17,167,5,2025-04-08,97,0.05,20260101167
2025-06-17,167,6,2025-01-05,4,0.05,20260101167
2025-06-17,167,7,2025-05-28,147,0.05,20260101167
2025-06-17,167,8,2025-06-15,165,0.05,20260101167
2025-06-17,167,9,2025-03-04,62,0.05,20260101167
2025-06-17,167,10,2025-05-05,124,0.05,20260101167
2025-06-17,167,11,2025-04-11,100,0.05,20260101167
2025-06-17,167,12,2025-06-13,163,0.05,20260101167
2025-06-17,167,13,2025-03-31,89,0.05,20260101167
2025-06-17,167,14,2025-05-20,139,0.05,20260101167
2025-06-17,167,15,2025-03-30,88,0.05,20260101167
2025-06-17,167,16,2025-02-19,49,0.05,20260101167
2025-06-17,167,17,2025-02-18,48,0.05,20260101167
2025-06-17,167,18,2025-06-15,165,0.05,20260101167
2025-06-17,167,19,2025-03-27,85,0.05,20260101167
2025-06-17,167,20,2025-03-22,80,0.05,20260101167
2025-06-18,168,1,2025-03-13,71,0.05,20260101168
2025-06-18,168,2,2025-06-07,157,0.05,20260101168
2025-06-18,168,3,2025-04-15,104,0.05,20260101168
2025-06-18,168,4,2025-04-12,101,0.05,20260101168
2025-06-18,168,5,2025-04-18,107,0.05,20260101168
2025-06-18,168,6,2025-02-17,47,0.05,20260101168
2025-06-18,168,7,2025-03-22,80,0.05,20260101168
2025-06-18,168,8,2025-02-07,37,0.05,20260101168
2025-06-18,168,9,2025-03-06,64,0.05,20260101168
2025-06-18,168,10,2025-04-16,105,0.05,20260101168
2025-06-18,168,11,2025-03-18,76,0.05,20260101168
2025-06-18,168,12,2025-03-27,85,0.05,20260101168
2025-06-18,168,13,2025-02-11,41,0.05,20260101168
2025-06-18,168,14,2025-05-05,124,0.05,20260101168
2025-06-18,168,15,2025-04-15,104,0.05,20260101168
2025-06-18,168,16,2025-05-02,121,0.05,20260101168
2025-06-18,168,17,2025-03-02,60,0.05,20260101168
2025-06-18,168,18,2025-03-24,82,0.05,20260101168
2025-06-18,168,19,2025-05-24,143,0.05,20260101168
2025-06-18,168,20,2025-04-24,113,0.05,20260101168
2025-06-19,169,1,2025-05-05,124,0.05,20260101169
2025-06-19,169,2,2025-03-09,67,0.05,20260101169
2025-06-19,169,3,2025-04-20,109,0.05,20260101169
2025-06-19,169,4,2025-04-01,90,0.05,20260101169
2025-06-19,169,5,2025-01-08,7,0.05,20260101169
2025-06-19,169,6,2025-04-03,92,0.05,20260101169
2025-06-19,169,7,2025-01-23,22,0.05,20260101169
2025-06-19,169,8,2025-04-30,119,0.05,20260101169
2025-06-19,169,9,2025-03-01,59,0.05,20260101169
2025-06-19,169,10,2025-03-25,83,0.05,20260101169
2025-06-19,169,11,2025-02-28,58,0.05,20260101169
2025-06-19,169,12,2025-06-12,162,0.05,20260101169
2025-06-19,169,13,2025-03-06,64,0.05,20260101169
2025-06-19,169,14,2025-01-09,8,0.05,20260101169
2025-06-19,169,15,2025-06-15,165,0.05,20260101169
2025-06-19,169,16,2025-03-03,61,0.05,20260101169
2025-06-19,169,17,2025-03-28,86,0.05,20260101169
2025-06-19,169,18,2025-03-12,70,0.05,20260101169
2025-06-19,169,19,2025-03-16,74,0.05,20260101169
2025-06-19,169,20,2025-05-11,130,0.05,20260101169
2025-06-20,170,1,2025-06-03,153,0.05,20260101170
2025-06-20,170,2,2025-02-23,53,0.05,20260101170
2025-06-20,170,3,2025-05-30,149,0.05,20260101170
2025-06-20,170,4,2025-04-21,110,0.05,20260101170
2025-06-20,170,5,2025-04-24,113,0.05,20260101170
2025-06-20,170,6,2025-04-05,94,0.05,20260101170
2025-06-20,170,7,2025-03-15,73,0.05,20260101170
2025-06-20,170,8,2025-04-27,116,0.05,20260101170
2025-06-20,170,9,2025-03-12,70,0.05,20260101170
2025-06-20,170,10,2025-03-29,87,0.05,20260101170
2025-06-20,170,11,2025-05-26,145,0.05,20260101170
2025-06-20,170,12,2025-05-12,131,0.05,20260101170
2025-06-20,170,13,2025-06-04,154,0.05,20260101170
2025-06-20,170,14,2025-05-29,148,0.05,20260101170
2025-06-20,170,15,2025-05-25,144,0.05,20260101170
2025-06-20,170,16,2025-02-20,50,0.05,20260101170
2025-06-20,170,17,2025-01-13,12,0.05,20260101170
2025-06-20,170,18,2025-01-16,15,0.05,20260101170
2025-06-20,170,19,2025-06-08,158,0.05,20260101170
2025-06-20,170,20,2025-01-08,7,0.05,20260101170
2025-06-21,171,1,2025-05-11,130,0.05,20260101171
2025-06-21,171,2,2025-01-04,3,0.05,20260101171
2025-06-21,171,3,2025-03-09,67,0.05,20260101171
2025-06-21,171,4,2025-02-21,51,0.05,20260101171
2025-06-21,171,5,2025-02-22,52,0.05,20260101171
2025-06-21,171,6,2025-01-13,12,0.05,20260101171
2025-06-21,171,7,2025-02-20,50,0.05,20260101171
2025-06-21,171,8,2025-05-21,140,0.05,20260101171
2025-06-21,171,9,2025-04-13,102,0.05,20260101171
2025-06-21,171,10,2025-05-31,150,0.05,20260101171
2025-06-21,171,11,2025-01-18,17,0.05,20260101171
2025-06-21,171,12,2025-04-09,98,0.05,20260101171
2025-06-21,171,13,2025-06-04,154,0.05,20260101171
2025-06-21,171,14,2025-01-05,4,0.05,20260101171
2025-06-21,171,15,2025-01-24,23,0.05,20260101171
2025-06-21,171,16,2025-05-06,125,0.05,20260101171
2025-06-21,171,17,2025-02-21,51,0.05,20260101171
2025-06-21,171,18,2025-01-09,8,0.05,20260101171
2025-06-21,171,19,2025-01-30,29,0.05,20260101171
2025-06-21,171,20,2025-02-28,58,0.05,20260101171
2025-06-22,172,1,2025-03-20,78,0.05,20260101172
2025-06-22,172,2,2025-01-08,7,0.05,20260101172
2025-06-22,172,3,2025-05-30,149,0.05,20260101172
2025-06-22,172,4,2025-05-03,122,0.05,20260101172
2025-06-22,172,5,2025-01-05,4,0.05,20260101172
2025-06-22,172,6,2025-05-20,139,0.05,20260101172
2025-06-22,172,7,2025-04-09,98,0.05,20260101172
2025-06-22,172,8,2025-01-11,10,0.05,20260101172
2025-06-22,172,9,2025-05-06,125,0.05,20260101172
2025-06-22,172,10,2025-01-23,22,0.05,20260101172
2025-06-22,172,11,2025-05-22,141,0.05,20260101172
2025-06-22,172,12,2025-01-15,14,0.05,20260101172
2025-06-22,172,13,2025-01-12,11,0.05,20260101172
2025-06-22,172,14,2025-05-17,136,0.05,20260101172
2025-06-22,172,15,2025-05-22,141,0.05,20260101172
2025-06-22,172,16,2025-06-16,166,0.05,20260101172
2025-06-22,172,17,2025-02-28,58,0.05,20260101172
2025-06-22,172,18,2025-02-05,35,0.05,20260101172
2025-06-22,172,19,2025-05-27,146,0.05,20260101172
2025-06-22,172,20,2025-04-13,102,0.05,20260101172
2025-06-23,173,1,2025-06-16,166,0.05,20260101173
2025-06-23,173,2,2025-01-23,22,0.05,20260101173
2025-06-23,173,3,2025-03-12,70,0.05,20260101173
2025-06-23,173,4,2025-03-25,83,0.05,20260101173
2025-06-23,173,5,2025-06-20,170,0.05,20260101173
2025-06-23,173,6,2025-05-31,150,0.05,20260101173
2025-06-23,173,7,2025-05-17,136,0.05,20260101173
2025-06-23,173,8,2025-01-12,11,0.05,20260101173
2025-06-23,173,9,2025-02-23,53,0.05,20260101173
2025-06-23,173,10,2025-06-12,162,0.05,20260101173
2025-06-23,173,11,2025-01-26,25,0.05,20260101173
2025-06-23,173,12,2025-04-07,96,0.05,20260101173
2025-06-23,173,13,2025-05-17,136,0.05,20260101173
2025-06-23,173,14,2025-03-02,60,0.05,20260101173
2025-06-23,173,15,2025-02-07,37,0.05,20260101173
2025-06-23,173,16,2025-06-11,161,0.05,20260101173
2025-06-23,173,17,2025-04-15,104,0.05,20260101173
2025-06-23,173,18,2025-02-23,53,0.05,20260101173
2025-06-23,173,19,2025-05-10,129,0.05,20260101173
2025-06-23,173,20,2025-01-09,8,0.05,20260101173
2025-06-24,174,1,2025-06-03,153,0.05,20260101174
2025-06-24,174,2,2025-04-30,119,0.05,20260101174
2025-06-24,174,3,2025-05-07,126,0.05,20260101174
2025-06-24,174,4,2025-01-18,17,0.05,20260101174
2025-06-24,174,5,2025-06-05,155,0.05,20260101174
2025-06-24,174,6,2025-04-07,96,0.05,20260101174
2025-06-24,174,7,2025-02-26,56,0.05,20260101174
2025-06-24,174,8,2025-05-29,148,0.05,20260101174
2025-06-24,174,9,2025-01-28,27,0.05,20260101174
2025-06-24,174,10,2025-04-28,117,0.05,20260101174
2025-06-24,174,11,2025-01-16,15,0.05,20260101174
2025-06-24,174,12,2025-02-21,51,0.05,20260101174
2025-06-24,174,13,2025-03-24,82,0.05,20260101174
2025-06-24,174,14,2025-01-03,2,0.05,20260101174
2025-06-24,174,15,2025-05-04,123,0.05,20260101174
2025-06-24,174,16,2025-02-14,44,0.05,20260101174
2025-06-24,174,17,2025-02-19,49,0.05,20260101174
2025-06-24,174,18,2025-03-26,84,0.05,20260101174
2025-06-24,174,19,2025-02-28,58,0.05,20260101174
2025-06-24,174,20,2025-05-02,121,0.05,20260101174
2025-06-25,175,1,2025-02-27,57,0.05,20260101175
2025-06-25,175,2,2025-05-29,148,0.05,20260101175
2025-06-25,175,3,2025-05-06,125,0.05,20260101175
2025-06-25,175,4,2025-03-19,77,0.05,20260101175
2025-06-25,175,5,2025-02-17,47,0.05,20260101175
2025-06-25,175,6,2025-02-10,40,0.05,20260101175
2025-06-25,175,7,2025-06-19,169,0.05,20260101175
2025-06-25,175,8,2025-05-31,150,0.05,20260101175
2025-06-25,175,9,2025-06-10,160,0.05,20260101175
2025-06-25,175,10,2025-03-13,71,0.05,20260101175
2025-06-25,175,11,2025-06-22,172,0.05,20260101175
2025-06-25,175,12,2025-04-06,95,0.05,20260101175
2025-06-25,175,13,2025-03-27,85,0.05,20260101175
2025-06-25,175,14,2025-01-30,29,0.05,20260101175
2025-06-25,175,15,2025-04-22,111,0.05,20260101175
2025-06-25,175,16,2025-05-05,124,0.05,20260101175
2025-06-25,175,17,2025-06-10,160,0.05,20260101175
2025-06-25,175,18,2025-01-20,19,0.05,20260101175
2025-06-25,175,19,2025-02-18,48,0.05,20260101175
2025-06-25,175,20,2025-03-30,88,0.05,20260101175
2025-06-26,176,1,2025-05-09,128,0.05,20260101176
2025-06-26,176,2,2025-01-06,5,0.05,20260101176
2025-06-26,176,3,2025-02-20,50,0.05,20260101176
2025-06-26,176,4,2025-04-23,112,0.05,20260101176
2025-06-26,176,5,2025-01-09,8,0.05,20260101176
2025-06-26,176,6,2025-06-09,159,0.05,20260101176
2025-06-26,176,7,2025-05-27,146,0.05,20260101176
2025-06-26,176,8,2025-05-21,140,0.05,20260101176
2025-06-26,176,9,2025-02-12,42,0.05,20260101176
2025-06-26,176,10,2025-04-15,104,0.05,20260101176
2025-06-26,176,11,2025-03-17,75,0.05,20260101176
2025-06-26,176,12,2025-03-23,81,0.05,20260101176
2025-06-26,176,13,2025-03-02,60,0.05,20260101176
2025-06-26,176,14,2025-06-11,161,0.05,20260101176
2025-06-26,176,15,2025-04-15,104,0.05,20260101176
2025-06-26,176,16,2025-05-20,139,0.05,20260101176
2025-06-26,176,17,2025-01-21,20,0.05,20260101176
2025-06-26,176,18,2025-04-10,99,0.05,20260101176
2025-06-26,176,19,2025-01-14,13,0.05,20260101176
2025-06-26,176,20,2025-06-02,152,0.05,20260101176
2025-06-27,177,1,2025-04-05,94,0.05,20260101177
2025-06-27,177,2,2025-02-12,42,0.05,20260101177
2025-06-27,177,3,2025-02-11,41,0.05,20260101177
2025-06-27,177,4,2025-02-22,52,0.05,20260101177
2025-06-27,177,5,2025-01-30,29,0.05,20260101177
2025-06-27,177,6,2025-02-26,56,0.05,20260101177
2025-06-27,177,7,2025-06-07,157,0.05,20260101177
2025-06-27,177,8,2025-01-07,6,0.05,20260101177
2025-06-27,177,9,2025-02-08,38,0.05,20260101177
2025-06-27,177,10,2025-02-25,55,0.05,20260101177
2025-06-27,177,11,2025-02-07,37,0.05,20260101177
2025-06-27,177,12,2025-03-16,74,0.05,20260101177
2025-06-27,177,13,2025-01-10,9,0.05,20260101177
2025-06-27,177,14,2025-04-11,100,0.05,20260101177
2025-06-27,177,15,2025-02-10,40,0.05,20260101177
2025-06-27,177,16,2025-05-26,145,0.05,20260101177
2025-06-27,177,17,2025-02-13,43,0.05,20260101177
2025-06-27,177,18,2025-06-23,173,0.05,20260101177
2025-06-27,177,19,2025-03-23,81,0.05,20260101177
2025-06-27,177,20,2025-06-16,166,0.05,20260101177
2025-06-28,178,1,2025-05-24,143,0.05,20260101178
2025-06-28,178,2,2025-03-12,70,0.05,20260101178
2025-06-28,178,3,2025-05-18,137,0.05,20260101178
2025-06-28,178,4,2025-03-07,65,0.05,20260101178
2025-06-28,178,5,2025-04-11,100,0.05,20260101178
2025-06-28,178,6,2025-03-15,73,0.05,20260101178
2025-06-28,178,7,2025-01-18,17,0.05,20260101178
2025-06-28,178,8,2025-04-12,101,0.05,20260101178
2025-06-28,178,9,2025-04-18,107,0.05,20260101178
2025-06-28,178,10,2025-02-11,41,0.05,20260101178
2025-06-28,178,11,2025-06-15,165,0.05,20260101178
2025-06-28,178,12,2025-06-08,158,0.05,20260101178
2025-06-28,178,13,2025-04-21,110,0.05,20260101178
2025-06-28,178,14,2025-04-29,118,0.05,20260101178
2025-06-28,178,15,2025-02-26,56,0.05,20260101178
2025-06-28,178,16,2025-06-14,164,0.05,20260101178
2025-06-28,178,17,2025-03-27,85,0.05,20260101178
2025-06-28,178,18,2025-02-20,50,0.05,20260101178
2025-06-28,178,19,2025-04-15,104,0.05,20260101178
2025-06-28,178,20,2025-01-17,16,0.05,20260101178
2025-06-29,179,1,2025-01-18,17,0.05,20260101179
2025-06-29,179,2,2025-02-18,48,0.05,20260101179
2025-06-29,179,3,2025-04-24,113,0.05,20260101179
2025-06-29,179,4,2025-01-16,15,0.05,20260101179
2025-06-29,179,5,2025-03-17,75,0.05,20260101179
2025-06-29,179,6,2025-01-05,4,0.05,20260101179
2025-06-29,179,7,2025-06-13,163,0.05,20260101179
2025-06-29,179,8,2025-04-17,106,0.05,20260101179
2025-06-29,179,9,2025-06-07,157,0.05,20260101179
2025-06-29,179,10,2025-04-20,109,0.05,20260101179
2025-06-29,179,11,2025-02-09,39,0.05,20260101179
2025-06-29,179,12,2025-04-12,101,0.05,20260101179
2025-06-29,179,13,2025-01-26,25,0.05,20260101179
2025-06-29,179,14,2025-02-08,38,0.05,20260101179
2025-06-29,179,15,2025-04-14,103,0.05,20260101179
2025-06-29,179,16,2025-02-08,38,0.05,20260101179
2025-06-29,179,17,2025-05-29,148,0.05,20260101179
2025-06-29,179,18,2025-05-11,130,0.05,20260101179
2025-06-29,179,19,2025-04-16,105,0.05,20260101179
2025-06-29,179,20,2025-06-18,168,0.05,20260101179
2025-06-30,180,1,2025-06-08,158,0.05,20260101180
2025-06-30,180,2,2025-04-22,111,0.05,20260101180
2025-06-30,180,3,2025-03-24,82,0.05,20260101180
2025-06-30,180,4,2025-04-03,92,0.05,20260101180
2025-06-30,180,5,2025-04-11,100,0.05,20260101180
2025-06-30,180,6,2025-01-10,9,0.05,20260101180
2025-06-30,180,7,2025-05-08,127,0.05,20260101180
2025-06-30,180,8,2025-05-14,133,0.05,20260101180
2025-06-30,180,9,2025-05-08,127,0.05,20260101180
2025-06-30,180,10,2025-05-06,125,0.05,20260101180
2025-06-30,180,11,2025-04-05,94,0.05,20260101180
2025-06-30,180,12,2025-05-13,132,0.05,20260101180
2025-06-30,180,13,2025-04-14,103,0.05,20260101180
2025-06-30,180,14,2025-03-13,71,0.05,20260101180
2025-06-30,180,15,2025-05-14,133,0.05,20260101180
2025-06-30,180,16,2025-06-17,167,0.05,20260101180
2025-06-30,180,17,2025-04-21,110,0.05,20260101180
2025-06-30,180,18,2025-01-09,8,0.05,20260101180
2025-06-30,180,19,2025-04-01,90,0.05,20260101180
2025-06-30,180,20,2025-01-28,27,0.05,20260101180
2025-07-01,181,1,2025-02-11,41,0.05,20260101181
2025-07-01,181,2,2025-04-17,106,0.05,20260101181
2025-07-01,181,3,2025-01-09,8,0.05,20260101181
2025-07-01,181,4,2025-03-27,85,0.05,20260101181
2025-07-01,181,5,2025-04-10,99,0.05,20260101181
2025-07-01,181,6,2025-01-04,3,0.05,20260101181
2025-07-01,181,7,2025-04-23,112,0.05,20260101181
2025-07-01,181,8,2025-05-23,142,0.05,20260101181
2025-07-01,181,9,2025-02-15,45,0.05,20260101181
2025-07-01,181,10,2025-02-11,41,0.05,20260101181
2025-07-01,181,11,2025-03-07,65,0.05,20260101181
2025-07-01,181,12,2025-04-05,94,0.05,20260101181
2025-07-01,181,13,2025-05-18,137,0.05,20260101181
2025-07-01,181,14,2025-03-25,83,0.05,20260101181
2025-07-01,181,15,2025-02-23,53,0.05,20260101181
2025-07-01,181,16,2025-06-19,169,0.05,20260101181
2025-07-01,181,17,2025-05-27,146,0.05,20260101181
2025-07-01,181,18,2025-01-23,22,0.05,20260101181
2025-07-01,181,19,2025-01-25,24,0.05,20260101181
2025-07-01,181,20,2025-04-23,112,0.05,20260101181
2025-07-02,182,1,2025-04-24,113,0.05,20260101182
2025-07-02,182,2,2025-05-24,143,0.05,20260101182
2025-07-02,182,3,2025-01-18,17,0.05,20260101182
2025-07-02,182,4,2025-05-18,137,0.05,20260101182
2025-07-02,182,5,2025-04-29,118,0.05,20260101182
2025-07-02,182,6,2025-04-09,98,0.05,20260101182
2025-07-02,182,7,2025-01-02,1,0.05,20260101182
2025-07-02,182,8,2025-05-12,131,0.05,20260101182
2025-07-02,182,9,2025-01-28,27,0.05,20260101182
2025-07-02,182,10,2025-06-21,171,0.05,20260101182
2025-07-02,182,11,2025-01-18,17,0.05,20260101182
2025-07-02,182,12,2025-01-13,12,0.05,20260101182
2025-07-02,182,13,2025-03-18,76,0.05,20260101182
2025-07-02,182,14,2025-06-06,156,0.05,20260101182
2025-07-02,182,15,2025-01-12,11,0.05,20260101182
2025-07-02,182,16,2025-05-07,126,0.05,20260101182
2025-07-02,182,17,2025-03-22,80,0.05,20260101182
2025-07-02,182,18,2025-04-16,105,0.05,20260101182
2025-07-02,182,19,2025-01-10,9,0.05,20260101182
2025-07-02,182,20,2025-01-30,29,0.05,20260101182
2025-07-03,183,1,2025-06-13,163,0.05,20260101183
2025-07-03,183,2,2025-04-18,107,0.05,20260101183
2025-07-03,183,3,2025-05-30,149,0.05,20260101183
2025-07-03,183,4,2025-06-01,151,0.05,20260101183
2025-07-03,183,5,2025-06-26,176,0.05,20260101183
2025-07-03,183,6,2025-04-11,100,0.05,20260101183
2025-07-03,183,7,2025-05-05,124,0.05,20260101183
2025-07-03,183,8,2025-05-24,143,0.05,20260101183
2025-07-03,183,9,2025-02-16,46,0.05,20260101183
2025-07-03,183,10,2025-02-09,39,0.05,20260101183
2025-07-03,183,11,2025-01-02,1,0.05,20260101183
2025-07-03,183,12,2025-01-23,22,0.05,20260101183
2025-07-03,183,13,2025-05-21,140,0.05,20260101183
2025-07-03,183,14,2025-03-14,72,0.05,20260101183
2025-07-03,183,15,2025-06-06,156,0.05,20260101183
2025-07-03,183,16,2025-04-18,107,0.05,20260101183
2025-07-03,183,17,2025-02-11,41,0.05,20260101183
2025-07-03,183,18,2025-04-28,117,0.05,20260101183
2025-07-03,183,19,2025-03-01,59,0.05,20260101183
2025-07-03,183,20,2025-06-18,168,0.05,20260101183
2025-07-04,184,1,2025-05-07,126,0.05,20260101184
2025-07-04,184,2,2025-03-31,89,0.05,20260101184
2025-07-04,184,3,2025-01-06,5,0.05,20260101184
2025-07-04,184,4,2025-05-29,148,0.05,20260101184
2025-07-04,184,5,2025-02-03,33,0.05,20260101184
2025-07-04,184,6,2025-05-25,144,0.05,20260101184
2025-07-04,184,7,2025-05-01,120,0.05,20260101184
2025-07-04,184,8,2025-02-11,41,0.05,20260101184
2025-07-04,184,9,2025-02-01,31,0.05,20260101184
2025-07-04,184,10,2025-03-04,62,0.05,20260101184
2025-07-04,184,11,2025-03-01,59,0.05,20260101184
2025-07-04,184,12,2025-03-22,80,0.05,20260101184
2025-07-04,184,13,2025-01-12,11,0.05,20260101184
2025-07-04,184,14,2025-01-14,13,0.05,20260101184
2025-07-04,184,15,2025-03-21,79,0.05,20260101184
2025-07-04,184,16,2025-05-11,130,0.05,20260101184
2025-07-04,184,17,2025-01-09,8,0.05,20260101184
2025-07-04,184,18,2025-01-09,8,0.05,20260101184
2025-07-04,184,19,2025-02-14,44,0.05,20260101184
2025-07-04,184,20,2025-02-11,41,0.05,20260101184
2025-07-05,185,1,2025-01-10,9,0.05,20260101185
2025-07-05,185,2,2025-03-14,72,0.05,20260101185
2025-07-05,185,3,2025-04-27,116,0.05,20260101185
2025-07-05,185,4,2025-02-07,37,0.05,20260101185
2025-07-05,185,5,2025-06-29,179,0.05,20260101185
2025-07-05,185,6,2025-02-12,42,0.05,20260101185
2025-07-05,185,7,2025-04-03,92,0.05,20260101185
2025-07-05,185,8,2025-07-01,181,0.05,20260101185
2025-07-05,185,9,2025-01-18,17,0.05,20260101185
2025-07-05,185,10,2025-05-14,133,0.05,20260101185
2025-07-05,185,11,2025-05-14,133,0.05,20260101185
2025-07-05,185,12,2025-07-03,183,0.05,20260101185
2025-07-05,185,13,2025-03-25,83,0.05,20260101185
2025-07-05,185,14,2025-05-06,125,0.05,20260101185
2025-07-05,185,15,2025-03-12,70,0.05,20260101185
2025-07-05,185,16,2025-01-26,25,0.05,20260101185
2025-07-05,185,17,2025-03-30,88,0.05,20260101185
2025-07-05,185,18,2025-06-30,180,0.05,20260101185
2025-07-05,185,19,2025-02-09,39,0.05,20260101185
2025-07-05,185,20,2025-05-04,123,0.05,20260101185
2025-07-06,186,1,2025-02-06,36,0.05,20260101186
2025-07-06,186,2,2025-01-03,2,0.05,20260101186
2025-07-06,186,3,2025-04-21,110,0.05,20260101186
2025-07-06,186,4,2025-07-02,182,0.05,20260101186
2025-07-06,186,5,2025-06-29,179,0.05,20260101186
2025-07-06,186,6,2025-04-06,95,0.05,20260101186
2025-07-06,186,7,2025-05-15,134,0.05,20260101186
2025-07-06,186,8,2025-02-08,38,0.05,20260101186
2025-07-06,186,9,2025-04-24,113,0.05,20260101186
2025-07-06,186,10,2025-05-16,135,0.05,20260101186
2025-07-06,186,11,2025-04-09,98,0.05,20260101186
2025-07-06,186,12,2025-06-28,178,0.05,20260101186
2025-07-06,186,13,2025-07-04,184,0.05,20260101186
2025-07-06,186,14,2025-06-08,158,0.05,20260101186
2025-07-06,186,15,2025-02-19,49,0.05,20260101186
2025-07-06,186,16,2025-03-07,65,0.05,20260101186
2025-07-06,186,17,2025-06-24,174,0.05,20260101186
2025-07-06,186,18,2025-06-26,176,0.05,20260101186
2025-07-06,186,19,2025-05-18,137,0.05,20260101186
2025-07-06,186,20,2025-04-06,95,0.05,20260101186
2025-07-07,187,1,2025-01-06,5,0.05,20260101187
2025-07-07,187,2,2025-03-26,84,0.05,20260101187
2025-07-07,187,3,2025-01-21,20,0.05,20260101187
2025-07-07,187,4,2025-01-10,9,0.05,20260101187
2025-07-07,187,5,2025-01-19,18,0.05,20260101187
2025-07-07,187,6,2025-04-07,96,0.05,20260101187
2025-07-07,187,7,2025-02-09,39,0.05,20260101187
2025-07-07,187,8,2025-04-30,119,0.05,20260101187
2025-07-07,187,9,2025-06-30,180,0.05,20260101187
2025-07-07,187,10,2025-04-07,96,0.05,20260101187
2025-07-07,187,11,2025-01-04,3,0.05,20260101187
2025-07-07,187,12,2025-05-25,144,0.05,20260101187
2025-07-07,187,13,2025-05-21,140,0.05,20260101187
2025-07-07,187,14,2025-03-16,74,0.05,20260101187
2025-07-07,187,15,2025-06-03,153,0.05,20260101187
2025-07-07,187,16,2025-04-22,111,0.05,20260101187
2025-07-07,187,17,2025-04-21,110,0.05,20260101187
2025-07-07,187,18,2025-01-29,28,0.05,20260101187
2025-07-07,187,19,2025-03-27,85,0.05,20260101187
2025-07-07,187,20,2025-01-21,20,0.05,20260101187
2025-07-08,188,1,2025-01-12,11,0.05,20260101188
2025-07-08,188,2,2025-01-25,24,0.05,20260101188
2025-07-08,188,3,2025-04-05,94,0.05,20260101188
2025-07-08,188,4,2025-04-12,101,0.05,20260101188
2025-07-08,188,5,2025-05-07,126,0.05,20260101188
2025-07-08,188,6,2025-01-17,16,0.05,20260101188
2025-07-08,188,7,2025-05-11,130,0.05,20260101188
2025-07-08,188,8,2025-06-09,159,0.05,20260101188
2025-07-08,188,9,2025-02-26,56,0.05,20260101188
2025-07-08,188,10,2025-04-11,100,0.05,20260101188
2025-07-08,188,11,2025-05-31,150,0.05,20260101188
2025-07-08,188,12,2025-06-13,163,0.05,20260101188
2025-07-08,188,13,2025-05-17,136,0.05,20260101188
2025-07-08,188,14,2025-05-04,123,0.05,20260101188
2025-07-08,188,15,2025-06-30,180,0.05,20260101188
2025-07-08,188,16,2025-01-20,19,0.05,20260101188
2025-07-08,188,17,2025-03-16,74,0.05,20260101188
2025-07-08,188,18,2025-05-19,138,0.05,20260101188
2025-07-08,188,19,2025-01-29,28,0.05,20260101188
2025-07-08,188,20,2025-03-24,82,0.05,20260101188
2025-07-09,189,1,2025-02-24,54,0.05,20260101189
2025-07-09,189,2,2025-02-17,47,0.05,20260101189
2025-07-09,189,3,2025-05-01,120,0.05,20260101189
2025-07-09,189,4,2025-07-07,187,0.05,20260101189
2025-07-09,189,5,2025-04-08,97,0.05,20260101189
2025-07-09,189,6,2025-03-02,60,0.05,20260101189
2025-07-09,189,7,2025-03-12,70,0.05,20260101189
2025-07-09,189,8,2025-01-06,5,0.05,20260101189
2025-07-09,189,9,2025-03-13,71,0.05,20260101189
2025-07-09,189,10,2025-02-09,39,0.05,20260101189
2025-07-09,189,11,2025-01-29,28,0.05,20260101189
2025-07-09,189,12,2025-05-25,144,0.05,20260101189
2025-07-09,189,13,2025-03-09,67,0.05,20260101189
2025-07-09,189,14,2025-03-19,77,0.05,20260101189
2025-07-09,189,15,2025-05-16,135,0.05,20260101189
2025-07-09,189,16,2025-03-08,66,0.05,20260101189
2025-07-09,189,17,2025-06-17,167,0.05,20260101189
2025-07-09,189,18,2025-03-28,86,0.05,20260101189
2025-07-09,189,19,2025-04-16,105,0.05,20260101189
2025-07-09,189,20,2025-03-08,66,0.05,20260101189
2025-07-10,190,1,2025-01-13,12,0.05,20260101190
2025-07-10,190,2,2025-04-22,111,0.05,20260101190
2025-07-10,190,3,2025-04-20,109,0.05,20260101190
2025-07-10,190,4,2025-06-16,166,0.05,20260101190
2025-07-10,190,5,2025-02-09,39,0.05,20260101190
2025-07-10,190,6,2025-05-04,123,0.05,20260101190
2025-07-10,190,7,2025-03-01,59,0.05,20260101190
2025-07-10,190,8,2025-03-11,69,0.05,20260101190
2025-07-10,190,9,2025-01-08,7,0.05,20260101190
2025-07-10,190,10,2025-06-01,151,0.05,20260101190
2025-07-10,190,11,2025-05-24,143,0.05,20260101190
2025-07-10,190,12,2025-06-18,168,0.05,20260101190
2025-07-10,190,13,2025-03-02,60,0.05,20260101190
2025-07-10,190,14,2025-02-22,52,0.05,20260101190
2025-07-10,190,15,2025-06-21,171,0.05,20260101190
2025-07-10,190,16,2025-02-09,39,0.05,20260101190
2025-07-10,190,17,2025-03-04,62,0.05,20260101190
2025-07-10,190,18,2025-04-06,95,0.05,20260101190
2025-07-10,190,19,2025-07-08,188,0.05,20260101190
2025-07-10,190,20,2025-02-18,48,0.05,20260101190
2025-07-11,191,1,2025-05-02,121,0.05,20260101191
2025-07-11,191,2,2025-04-29,118,0.05,20260101191
2025-07-11,191,3,2025-05-05,124,0.05,20260101191
2025-07-11,191,4,2025-05-13,132,0.05,20260101191
2025-07-11,191,5,2025-04-06,95,0.05,20260101191
2025-07-11,191,6,2025-03-08,66,0.05,20260101191
2025-07-11,191,7,2025-04-24,113,0.05,20260101191
2025-07-11,191,8,2025-06-15,165,0.05,20260101191
2025-07-11,191,9,2025-07-01,181,0.05,20260101191
2025-07-11,191,10,2025-02-22,52,0.05,20260101191
2025-07-11,191,11,2025-07-07,187,0.05,20260101191
2025-07-11,191,12,2025-03-17,75,0.05,20260101191
2025-07-11,191,13,2025-05-19,138,0.05,20260101191
2025-07-11,191,14,2025-06-16,166,0.05,20260101191
2025-07-11,191,15,2025-02-10,40,0.05,20260101191
2025-07-11,191,16,2025-07-07,187,0.05,20260101191
2025-07-11,191,17,2025-05-16,135,0.05,20260101191
2025-07-11,191,18,2025-04-01,90,0.05,20260101191
2025-07-11,191,19,2025-04-13,102,0.05,20260101191
2025-07-11,191,20,2025-05-22,141,0.05,20260101191
2025-07-12,192,1,2025-01-10,9,0.05,20260101192
2025-07-12,192,2,2025-02-03,33,0.05,20260101192
2025-07-12,192,3,2025-02-27,57,0.05,20260101192
2025-07-12,192,4,2025-05-30,149,0.05,20260101192
2025-07-12,192,5,2025-05-16,135,0.05,20260101192
2025-07-12,192,6,2025-04-13,102,0.05,20260101192
2025-07-12,192,7,2025-04-23,112,0.05,20260101192
2025-07-12,192,8,2025-05-16,135,0.05,20260101192
2025-07-12,192,9,2025-01-27,26,0.05,20260101192
2025-07-12,192,10,2025-03-28,86,0.05,20260101192
2025-07-12,192,11,2025-07-02,182,0.05,20260101192
2025-07-12,192,12,2025-03-30,88,0.05,20260101192
2025-07-12,192,13,2025-01-21,20,0.05,20260101192
2025-07-12,192,14,2025-03-23,81,0.05,20260101192
2025-07-12,192,15,2025-04-22,111,0.05,20260101192
2025-07-12,192,16,2025-02-18,48,0.05,20260101192
2025-07-12,192,17,2025-05-13,132,0.05,20260101192
2025-07-12,192,18,2025-03-28,86,0.05,20260101192
2025-07-12,192,19,2025-04-09,98,0.05,20260101192
2025-07-12,192,20,2025-03-05,63,0.05,20260101192
2025-07-13,193,1,2025-03-29,87,0.05,20260101193
2025-07-13,193,2,2025-04-06,95,0.05,20260101193
2025-07-13,193,3,2025-02-14,44,0.05,20260101193
2025-07-13,193,4,2025-06-11,161,0.05,20260101193
2025-07-13,193,5,2025-04-28,117,0.05,20260101193
2025-07-13,193,6,2025-01-22,21,0.05,20260101193
2025-07-13,193,7,2025-06-20,170,0.05,20260101193
2025-07-13,193,8,2025-06-14,164,0.05,20260101193
2025-07-13,193,9,2025-02-01,31,0.05,20260101193
2025-07-13,193,10,2025-01-26,25,0.05,20260101193
2025-07-13,193,11,2025-04-20,109,0.05,20260101193
2025-07-13,193,12,2025-02-03,33,0.05,20260101193
2025-07-13,193,13,2025-01-29,28,0.05,20260101193
2025-07-13,193,14,2025-06-13,163,0.05,20260101193
2025-07-13,193,15,2025-01-27,26,0.05,20260101193
2025-07-13,193,16,2025-03-04,62,0.05,20260101193
2025-07-13,193,17,2025-02-10,40,0.05,20260101193
2025-07-13,193,18,2025-04-01,90,0.05,20260101193
2025-07-13,193,19,2025-02-17,47,0.05,20260101193
2025-07-13,193,20,2025-02-14,44,0.05,20260101193
2025-07-14,194,1,2025-05-02,121,0.05,20260101194
2025-07-14,194,2,2025-05-08,127,0.05,20260101194
2025-07-14,194,3,2025-02-21,51,0.05,20260101194
2025-07-14,194,4,2025-02-26,56,0.05,20260101194
2025-07-14,194,5,2025-07-06,186,0.05,20260101194
2025-07-14,194,6,2025-03-26,84,0.05,20260101194
2025-07-14,194,7,2025-06-12,162,0.05,20260101194
2025-07-14,194,8,2025-02-13,43,0.05,20260101194
2025-07-14,194,9,2025-07-02,182,0.05,20260101194
2025-07-14,194,10,2025-02-27,57,0.05,20260101194
2025-07-14,194,11,2025-05-18,137,0.05,20260101194
2025-07-14,194,12,2025-02-23,53,0.05,20260101194
2025-07-14,194,13,2025-05-12,131,0.05,20260101194
2025-07-14,194,14,2025-01-21,20,0.05,20260101194
2025-07-14,194,15,2025-02-15,45,0.05,20260101194
2025-07-14,194,16,2025-03-31,89,0.05,20260101194
2025-07-14,194,17,2025-01-27,26,0.05,20260101194
2025-07-14,194,18,2025-02-20,50,0.05,20260101194
2025-07-14,194,19,2025-06-23,173,0.05,20260101194
2025-07-14,194,20,2025-07-10,190,0.05,20260101194
2025-07-15,195,1,2025-05-09,128,0.05,20260101195
2025-07-15,195,2,2025-02-28,58,0.05,20260101195
2025-07-15,195,3,2025-05-14,133,0.05,20260101195
2025-07-15,195,4,2025-03-10,68,0.05,20260101195
2025-07-15,195,5,2025-04-02,91,0.05,20260101195
2025-07-15,195,6,2025-05-02,121,0.05,20260101195
2025-07-15,195,7,2025-05-01,120,0.05,20260101195
2025-07-15,195,8,2025-07-12,192,0.05,20260101195
2025-07-15,195,9,2025-05-13,132,0.05,20260101195
2025-07-15,195,10,2025-06-20,170,0.05,20260101195
2025-07-15,195,11,2025-01-19,18,0.05,20260101195
2025-07-15,195,12,2025-04-06,95,0.05,20260101195
2025-07-15,195,13,2025-05-15,134,0.05,20260101195
2025-07-15,195,14,2025-06-14,164,0.05,20260101195
2025-07-15,195,15,2025-06-14,164,0.05,20260101195
2025-07-15,195,16,2025-02-15,45,0.05,20260101195
2025-07-15,195,17,2025-04-22,111,0.05,20260101195
2025-07-15,195,18,2025-05-30,149,0.05,20260101195
2025-07-15,195,19,2025-05-01,120,0.05,20260101195
2025-07-15,195,20,2025-07-04,184,0.05,20260101195
2025-07-16,196,1,2025-07-05,185,0.05,20260101196
2025-07-16,196,2,2025-07-06,186,0.05,20260101196
2025-07-16,196,3,2025-05-14,133,0.05,20260101196
2025-07-16,196,4,2025-07-11,191,0.05,20260101196
2025-07-16,196,5,2025-01-17,16,0.05,20260101196
2025-07-16,196,6,2025-01-03,2,0.05,20260101196
2025-07-16,196,7,2025-01-19,18,0.05,20260101196
2025-07-16,196,8,2025-01-30,29,0.05,20260101196
2025-07-16,196,9,2025-01-03,2,0.05,20260101196
2025-07-16,196,10,2025-04-27,116,0.05,20260101196
2025-07-16,196,11,2025-03-12,70,0.05,20260101196
2025-07-16,196,12,2025-06-28,178,0.05,20260101196
2025-07-16,196,13,2025-01-11,10,0.05,20260101196
2025-07-16,196,14,2025-07-11,191,0.05,20260101196
2025-07-16,196,15,2025-04-06,95,0.05,20260101196
2025-07-16,196,16,2025-06-09,159,0.05,20260101196
2025-07-16,196,17,2025-05-07,126,0.05,20260101196
2025-07-16,196,18,2025-01-29,28,0.05,20260101196
2025-07-16,196,19,2025-05-11,130,0.05,20260101196
2025-07-16,196,20,2025-03-19,77,0.05,20260101196
2025-07-17,197,1,2025-02-15,45,0.05,20260101197
2025-07-17,197,2,2025-01-12,11,0.05,20260101197
2025-07-17,197,3,2025-07-06,186,0.05,20260101197
2025-07-17,197,4,2025-03-29,87,0.05,20260101197
2025-07-17,197,5,2025-02-13,43,0.05,20260101197
2025-07-17,197,6,2025-07-16,196,0.05,20260101197
2025-07-17,197,7,2025-07-05,185,0.05,20260101197
2025-07-17,197,8,2025-01-14,13,0.05,20260101197
2025-07-17,197,9,2025-01-12,11,0.05,20260101197
2025-07-17,197,10,2025-05-09,128,0.05,20260101197
2025-07-17,197,11,2025-06-10,160,0.05,20260101197
2025-07-17,197,12,2025-01-06,5,0.05,20260101197
2025-07-17,197,13,2025-01-11,10,0.05,20260101197
2025-07-17,197,14,2025-03-26,84,0.05,20260101197
2025-07-17,197,15,2025-01-27,26,0.05,20260101197
2025-07-17,197,16,2025-05-25,144,0.05,20260101197
2025-07-17,197,17,2025-01-22,21,0.05,20260101197
2025-07-17,197,18,2025-02-25,55,0.05,20260101197
2025-07-17,197,19,2025-06-04,154,0.05,20260101197
2025-07-17,197,20,2025-01-07,6,0.05,20260101197
2025-07-18,198,1,2025-01-14,13,0.05,20260101198
2025-07-18,198,2,2025-01-15,14,0.05,20260101198
2025-07-18,198,3,2025-05-29,148,0.05,20260101198
2025-07-18,198,4,2025-01-14,13,0.05,20260101198
2025-07-18,198,5,2025-04-27,116,0.05,20260101198
2025-07-18,198,6,2025-07-15,195,0.05,20260101198
2025-07-18,198,7,2025-07-11,191,0.05,20260101198
2025-07-18,198,8,2025-03-06,64,0.05,20260101198
2025-07-18,198,9,2025-01-11,10,0.05,20260101198
2025-07-18,198,10,2025-01-25,24,0.05,20260101198
2025-07-18,198,11,2025-03-01,59,0.05,20260101198
2025-07-18,198,12,2025-06-18,168,0.05,20260101198
2025-07-18,198,13,2025-06-22,172,0.05,20260101198
2025-07-18,198,14,2025-02-12,42,0.05,20260101198
2025-07-18,198,15,2025-06-19,169,0.05,20260101198
2025-07-18,198,16,2025-06-03,153,0.05,20260101198
2025-07-18,198,17,2025-04-29,118,0.05,20260101198
2025-07-18,198,18,2025-01-21,20,0.05,20260101198
2025-07-18,198,19,2025-05-29,148,0.05,20260101198
2025-07-18,198,20,2025-03-27,85,0.05,20260101198
2025-07-19,199,1,2025-01-11,10,0.05,20260101199
2025-07-19,199,2,2025-04-06,95,0.05,20260101199
2025-07-19,199,3,2025-03-30,88,0.05,20260101199
2025-07-19,199,4,2025-03-18,76,0.05,20260101199
2025-07-19,199,5,2025-02-25,55,0.05,20260101199
2025-07-19,199,6,2025-04-21,110,0.05,20260101199
2025-07-19,199,7,2025-02-25,55,0.05,20260101199
2025-07-19,199,8,2025-03-10,68,0.05,20260101199
2025-07-19,199,9,2025-01-16,15,0.05,20260101199
2025-07-19,199,10,2025-06-11,161,0.05,20260101199
2025-07-19,199,11,2025-07-02,182,0.05,20260101199
2025-07-19,199,12,2025-04-08,97,0.05,20260101199
2025-07-19,199,13,2025-05-17,136,0.05,20260101199
2025-07-19,199,14,2025-03-16,74,0.05,20260101199
2025-07-19,199,15,2025-06-10,160,0.05,20260101199
2025-07-19,199,16,2025-05-25,144,0.05,20260101199
2025-07-19,199,17,2025-05-07,126,0.05,20260101199
2025-07-19,199,18,2025-02-25,55,0.05,20260101199
2025-07-19,199,19,2025-02-02,32,0.05,20260101199
2025-07-19,199,20,2025-04-22,111,0.05,20260101199
2025-07-20,200,1,2025-06-19,169,0.05,20260101200
2025-07-20,200,2,2025-03-06,64,0.05,20260101200
2025-07-20,200,3,2025-06-19,169,0.05,20260101200
2025-07-20,200,4,2025-02-28,58,0.05,20260101200
2025-07-20,200,5,2025-06-17,167,0.05,20260101200
2025-07-20,200,6,2025-05-14,133,0.05,20260101200
2025-07-20,200,7,2025-07-04,184,0.05,20260101200
2025-07-20,200,8,2025-06-30,180,0.05,20260101200
2025-07-20,200,9,2025-04-07,96,0.05,20260101200
2025-07-20,200,10,2025-04-21,110,0.05,20260101200
2025-07-20,200,11,2025-03-21,79,0.05,20260101200
2025-07-20,200,12,2025-07-05,185,0.05,20260101200
2025-07-20,200,13,2025-02-13,43,0.05,20260101200
2025-07-20,200,14,2025-05-20,139,0.05,20260101200
2025-07-20,200,15,2025-03-12,70,0.05,20260101200
2025-07-20,200,16,2025-06-30,180,0.05,20260101200
2025-07-20,200,17,2025-04-22,111,0.05,20260101200
2025-07-20,200,18,2025-04-14,103,0.05,20260101200
2025-07-20,200,19,2025-06-25,175,0.05,20260101200
2025-07-20,200,20,2025-04-14,103,0.05,20260101200
2025-07-21,201,1,2025-05-28,147,0.05,20260101201
2025-07-21,201,2,2025-04-15,104,0.05,20260101201
2025-07-21,201,3,2025-06-12,162,0.05,20260101201
2025-07-21,201,4,2025-07-04,184,0.05,20260101201
2025-07-21,201,5,2025-04-04,93,0.05,20260101201
2025-07-21,201,6,2025-03-06,64,0.05,20260101201
2025-07-21,201,7,2025-02-20,50,0.05,20260101201
2025-07-21,201,8,2025-04-12,101,0.05,20260101201
2025-07-21,201,9,2025-05-15,134,0.05,20260101201
2025-07-21,201,10,2025-02-05,35,0.05,20260101201
2025-07-21,201,11,2025-05-04,123,0.05,20260101201
2025-07-21,201,12,2025-03-10,68,0.05,20260101201
2025-07-21,201,13,2025-03-20,78,0.05,20260101201
2025-07-21,201,14,2025-06-14,164,0.05,20260101201
2025-07-21,201,15,2025-06-02,152,0.05,20260101201
2025-07-21,201,16,2025-04-16,105,0.05,20260101201
2025-07-21,201,17,2025-05-21,140,0.05,20260101201
2025-07-21,201,18,2025-04-01,90,0.05,20260101201
2025-07-21,201,19,2025-01-20,19,0.05,20260101201
2025-07-21,201,20,2025-06-02,152,0.05,20260101201
2025-07-22,202,1,2025-04-20,109,0.05,20260101202
2025-07-22,202,2,2025-01-15,14,0.05,20260101202
2025-07-22,202,3,2025-05-15,134,0.05,20260101202
2025-07-22,202,4,2025-03-25,83,0.05,20260101202
2025-07-22,202,5,2025-07-15,195,0.05,20260101202
2025-07-22,202,6,2025-02-04,34,0.05,20260101202
2025-07-22,202,7,2025-05-21,140,0.05,20260101202
2025-07-22,202,8,2025-06-06,156,0.05,20260101202
2025-07-22,202,9,2025-02-10,40,0.05,20260101202
2025-07-22,202,10,2025-03-18,76,0.05,20260101202
2025-07-22,202,11,2025-04-17,106,0.05,20260101202
2025-07-22,202,12,2025-07-03,183,0.05,20260101202
2025-07-22,202,13,2025-03-12,70,0.05,20260101202
2025-07-22,202,14,2025-06-08,158,0.05,20260101202
2025-07-22,202,15,2025-02-24,54,0.05,20260101202
2025-07-22,202,16,2025-05-29,148,0.05,20260101202
2025-07-22,202,17,2025-04-11,100,0.05,20260101202
2025-07-22,202,18,2025-03-04,62,0.05,20260101202
2025-07-22,202,19,2025-03-17,75,0.05,20260101202
2025-07-22,202,20,2025-06-06,156,0.05,20260101202
2025-07-23,203,1,2025-06-25,175,0.05,20260101203
2025-07-23,203,2,2025-02-27,57,0.05,20260101203
2025-07-23,203,3,2025-05-19,138,0.05,20260101203
2025-07-23,203,4,2025-04-10,99,0.05,20260101203
2025-07-23,203,5,2025-06-01,151,0.05,20260101203
2025-07-23,203,6,2025-05-09,128,0.05,20260101203
2025-07-23,203,7,2025-03-08,66,0.05,20260101203
2025-07-23,203,8,2025-06-29,179,0.05,20260101203
2025-07-23,203,9,2025-01-03,2,0.05,20260101203
2025-07-23,203,10,2025-02-23,53,0.05,20260101203
2025-07-23,203,11,2025-06-02,152,0.05,20260101203
2025-07-23,203,12,2025-02-16,46,0.05,20260101203
2025-07-23,203,13,2025-07-17,197,0.05,20260101203
2025-07-23,203,14,2025-05-30,149,0.05,20260101203
2025-07-23,203,15,2025-02-13,43,0.05,20260101203
2025-07-23,203,16,2025-05-13,132,0.05,20260101203
2025-07-23,203,17,2025-06-30,180,0.05,20260101203
2025-07-23,203,18,2025-06-13,163,0.05,20260101203
2025-07-23,203,19,2025-01-28,27,0.05,20260101203
2025-07-23,203,20,2025-02-02,32,0.05,20260101203
2025-07-24,204,1,2025-05-31,150,0.05,20260101204
2025-07-24,204,2,2025-07-12,192,0.05,20260101204
2025-07-24,204,3,2025-06-23,173,0.05,20260101204
2025-07-24,204,4,2025-04-20,109,0.05,20260101204
2025-07-24,204,5,2025-07-10,190,0.05,20260101204
2025-07-24,204,6,2025-07-23,203,0.05,20260101204
2025-07-24,204,7,2025-02-09,39,0.05,20260101204
2025-07-24,204,8,2025-06-29,179,0.05,20260101204
2025-07-24,204,9,2025-07-08,188,0.05,20260101204
2025-07-24,204,10,2025-03-09,67,0.05,20260101204
2025-07-24,204,11,2025-01-25,24,0.05,20260101204
2025-07-24,204,12,2025-05-18,137,0.05,20260101204
2025-07-24,204,13,2025-06-11,161,0.05,20260101204
2025-07-24,204,14,2025-05-03,122,0.05,20260101204
2025-07-24,204,15,2025-04-13,102,0.05,20260101204
2025-07-24,204,16,2025-07-08,188,0.05,20260101204
2025-07-24,204,17,2025-07-20,200,0.05,20260101204
2025-07-24,204,18,2025-03-08,66,0.05,20260101204
2025-07-24,204,19,2025-03-31,89,0.05,20260101204
2025-07-24,204,20,2025-05-03,122,0.05,20260101204
2025-07-25,205,1,2025-01-13,12,0.05,20260101205
2025-07-25,205,2,2025-06-12,162,0.05,20260101205
2025-07-25,205,3,2025-06-30,180,0.05,20260101205
2025-07-25,205,4,2025-03-23,81,0.05,20260101205
2025-07-25,205,5,2025-01-19,18,0.05,20260101205
2025-07-25,205,6,2025-02-02,32,0.05,20260101205
2025-07-25,205,7,2025-01-16,15,0.05,20260101205
2025-07-25,205,8,2025-06-11,161,0.05,20260101205
2025-07-25,205,9,2025-07-10,190,0.05,20260101205
2025-07-25,205,10,2025-03-01,59,0.05,20260101205
2025-07-25,205,11,2025-04-08,97,0.05,20260101205
2025-07-25,205,12,2025-04-04,93,0.05,20260101205
2025-07-25,205,13,2025-04-24,113,0.05,20260101205
2025-07-25,205,14,2025-05-04,123,0.05,20260101205
2025-07-25,205,15,2025-02-18,48,0.05,20260101205
2025-07-25,205,16,2025-03-30,88,0.05,20260101205
2025-07-25,205,17,2025-05-25,144,0.05,20260101205
2025-07-25,205,18,2025-06-26,176,0.05,20260101205
2025-07-25,205,19,2025-01-21,20,0.05,20260101205
2025-07-25,205,20,2025-03-13,71,0.05,20260101205
2025-07-26,206,1,2025-04-14,103,0.05,20260101206
2025-07-26,206,2,2025-02-24,54,0.05,20260101206
2025-07-26,206,3,2025-03-22,80,0.05,20260101206
2025-07-26,206,4,2025-04-21,110,0.05,20260101206
2025-07-26,206,5,2025-01-20,19,0.05,20260101206
2025-07-26,206,6,2025-06-24,174,0.05,20260101206
2025-07-26,206,7,2025-03-27,85,0.05,20260101206
2025-07-26,206,8,2025-06-19,169,0.05,20260101206
2025-07-26,206,9,2025-06-13,163,0.05,20260101206
2025-07-26,206,10,2025-04-04,93,0.05,20260101206
2025-07-26,206,11,2025-02-15,45,0.05,20260101206
2025-07-26,206,12,2025-01-18,17,0.05,20260101206
2025-07-26,206,13,2025-03-16,74,0.05,20260101206
2025-07-26,206,14,2025-02-23,53,0.05,20260101206
2025-07-26,206,15,2025-06-17,167,0.05,20260101206
2025-07-26,206,16,2025-03-31,89,0.05,20260101206
2025-07-26,206,17,2025-06-18,168,0.05,20260101206
2025-07-26,206,18,2025-03-19,77,0.05,20260101206
2025-07-26,206,19,2025-05-11,130,0.05,20260101206
2025-07-26,206,20,2025-02-25,55,0.05,20260101206
2025-07-27,207,1,2025-05-16,135,0.05,20260101207
2025-07-27,207,2,2025-04-14,103,0.05,20260101207
2025-07-27,207,3,2025-04-11,100,0.05,20260101207
2025-07-27,207,4,2025-06-08,158,0.05,20260101207
2025-07-27,207,5,2025-04-29,118,0.05,20260101207
2025-07-27,207,6,2025-06-26,176,0.05,20260101207
2025-07-27,207,7,2025-02-22,52,0.05,20260101207
2025-07-27,207,8,2025-02-25,55,0.05,20260101207
2025-07-27,207,9,2025-04-06,95,0.05,20260101207
2025-07-27,207,10,2025-01-24,23,0.05,20260101207
2025-07-27,207,11,2025-02-26,56,0.05,20260101207
2025-07-27,207,12,2025-05-25,144,0.05,20260101207
2025-07-27,207,13,2025-07-19,199,0.05,20260101207
2025-07-27,207,14,2025-06-23,173,0.05,20260101207
2025-07-27,207,15,2025-05-29,148,0.05,20260101207
2025-07-27,207,16,2025-05-03,122,0.05,20260101207
2025-07-27,207,17,2025-07-13,193,0.05,20260101207
2025-07-27,207,18,2025-04-16,105,0.05,20260101207
2025-07-27,207,19,2025-03-28,86,0.05,20260101207
2025-07-27,207,20,2025-02-07,37,0.05,20260101207
2025-07-28,208,1,2025-06-11,161,0.05,20260101208
2025-07-28,208,2,2025-04-18,107,0.05,20260101208
2025-07-28,208,3,2025-01-08,7,0.05,20260101208
2025-07-28,208,4,2025-04-12,101,0.05,20260101208
2025-07-28,208,5,2025-03-14,72,0.05,20260101208
2025-07-28,208,6,2025-04-14,103,0.05,20260101208
2025-07-28,208,7,2025-03-10,68,0.05,20260101208
2025-07-28,208,8,2025-06-04,154,0.05,20260101208
2025-07-28,208,9,2025-06-16,166,0.05,20260101208
2025-07-28,208,10,2025-06-15,165,0.05,20260101208
2025-07-28,208,11,2025-06-28,178,0.05,20260101208
2025-07-28,208,12,2025-06-04,154,0.05,20260101208
2025-07-28,208,13,2025-06-11,161,0.05,20260101208
2025-07-28,208,14,2025-05-14,133,0.05,20260101208
2025-07-28,208,15,2025-04-28,117,0.05,20260101208
2025-07-28,208,16,2025-03-08,66,0.05,20260101208
2025-07-28,208,17,2025-02-28,58,0.05,20260101208
2025-07-28,208,18,2025-07-07,187,0.05,20260101208
2025-07-28,208,19,2025-01-29,28,0.05,20260101208
2025-07-28,208,20,2025-01-15,14,0.05,20260101208
2025-07-29,209,1,2025-03-09,67,0.05,20260101209
2025-07-29,209,2,2025-07-06,186,0.05,20260101209
2025-07-29,209,3,2025-05-28,147,0.05,20260101209
2025-07-29,209,4,2025-04-11,100,0.05,20260101209
2025-07-29,209,5,2025-01-20,19,0.05,20260101209
2025-07-29,209,6,2025-03-04,62,0.05,20260101209
2025-07-29,209,7,2025-02-03,33,0.05,20260101209
2025-07-29,209,8,2025-05-19,138,0.05,20260101209
2025-07-29,209,9,2025-02-11,41,0.05,20260101209
2025-07-29,209,10,2025-06-06,156,0.05,20260101209
2025-07-29,209,11,2025-02-09,39,0.05,20260101209
2025-07-29,209,12,2025-05-16,135,0.05,20260101209
2025-07-29,209,13,2025-05-28,147,0.05,20260101209
2025-07-29,209,14,2025-07-09,189,0.05,20260101209
2025-07-29,209,15,2025-06-18,168,0.05,20260101209
2025-07-29,209,16,2025-03-23,81,0.05,20260101209
2025-07-29,209,17,2025-07-26,206,0.05,20260101209
2025-07-29,209,18,2025-06-15,165,0.05,20260101209
2025-07-29,209,19,2025-02-26,56,0.05,20260101209
2025-07-29,209,20,2025-03-05,63,0.05,20260101209
2025-07-30,210,1,2025-02-07,37,0.05,20260101210
2025-07-30,210,2,2025-06-17,167,0.05,20260101210
2025-07-30,210,3,2025-05-05,124,0.05,20260101210
2025-07-30,210,4,2025-04-07,96,0.05,20260101210
2025-07-30,210,5,2025-07-24,204,0.05,20260101210
2025-07-30,210,6,2025-01-21,20,0.05,20260101210
2025-07-30,210,7,2025-04-05,94,0.05,20260101210
2025-07-30,210,8,2025-06-16,166,0.05,20260101210
2025-07-30,210,9,2025-02-28,58,0.05,20260101210
2025-07-30,210,10,2025-02-02,32,0.05,20260101210
2025-07-30,210,11,2025-03-07,65,0.05,20260101210
2025-07-30,210,12,2025-06-22,172,0.05,20260101210
2025-07-30,210,13,2025-06-17,167,0.05,20260101210
2025-07-30,210,14,2025-01-13,12,0.05,20260101210
2025-07-30,210,15,2025-07-06,186,0.05,20260101210
2025-07-30,210,16,2025-02-06,36,0.05,20260101210
2025-07-30,210,17,2025-06-03,153,0.05,20260101210
2025-07-30,210,18,2025-04-07,96,0.05,20260101210
2025-07-30,210,19,2025-06-24,174,0.05,20260101210
2025-07-30,210,20,2025-06-26,176,0.05,20260101210
2025-07-31,211,1,2025-04-20,109,0.05,20260101211
2025-07-31,211,2,2025-07-27,207,0.05,20260101211
2025-07-31,211,3,2025-05-26,145,0.05,20260101211
2025-07-31,211,4,2025-03-08,66,0.05,20260101211
2025-07-31,211,5,2025-01-21,20,0.05,20260101211
2025-07-31,211,6,2025-02-05,35,0.05,20260101211
2025-07-31,211,7,2025-06-28,178,0.05,20260101211
2025-07-31,211,8,2025-07-15,195,0.05,20260101211
2025-07-31,211,9,2025-04-17,106,0.05,20260101211
2025-07-31,211,10,2025-02-27,57,0.05,20260101211
2025-07-31,211,11,2025-03-04,62,0.05,20260101211
2025-07-31,211,12,2025-02-16,46,0.05,20260101211
2025-07-31,211,13,2025-03-31,89,0.05,20260101211
2025-07-31,211,14,2025-01-06,5,0.05,20260101211
2025-07-31,211,15,2025-06-06,156,0.05,20260101211
2025-07-31,211,16,2025-02-12,42,0.05,20260101211
2025-07-31,211,17,2025-04-16,105,0.05,20260101211
2025-07-31,211,18,2025-03-10,68,0.05,20260101211
2025-07-31,211,19,2025-01-19,18,0.05,20260101211
2025-07-31,211,20,2025-02-06,36,0.05,20260101211
2025-08-01,212,1,2025-07-29,209,0.05,20260101212
2025-08-01,212,2,2025-06-16,166,0.05,20260101212
2025-08-01,212,3,2025-05-30,149,0.05,20260101212
2025-08-01,212,4,2025-04-08,97,0.05,20260101212
2025-08-01,212,5,2025-03-04,62,0.05,20260101212
2025-08-01,212,6,2025-02-06,36,0.05,20260101212
2025-08-01,212,7,2025-02-02,32,0.05,20260101212
2025-08-01,212,8,2025-06-01,151,0.05,20260101212
2025-08-01,212,9,2025-04-08,97,0.05,20260101212
2025-08-01,212,10,2025-07-28,208,0.05,20260101212
2025-08-01,212,11,2025-06-05,155,0.05,20260101212
2025-08-01,212,12,2025-04-18,107,0.05,20260101212
2025-08-01,212,13,2025-01-13,12,0.05,20260101212
2025-08-01,212,14,2025-03-25,83,0.05,20260101212
2025-08-01,212,15,2025-03-01,59,0.05,20260101212
2025-08-01,212,16,2025-02-26,56,0.05,20260101212
2025-08-01,212,17,2025-03-16,74,0.05,20260101212
2025-08-01,212,18,2025-02-28,58,0.05,20260101212
2025-08-01,212,19,2025-06-30,180,0.05,20260101212
2025-08-01,212,20,2025-06-02,152,0.05,20260101212
2025-08-02,213,1,2025-03-14,72,0.05,20260101213
2025-08-02,213,2,2025-01-17,16,0.05,20260101213
2025-08-02,213,3,2025-03-29,87,0.05,20260101213
2025-08-02,213,4,2025-07-15,195,0.05,20260101213
2025-08-02,213,5,2025-07-01,181,0.05,20260101213
2025-08-02,213,6,2025-04-16,105,0.05,20260101213
2025-08-02,213,7,2025-07-04,184,0.05,20260101213
2025-08-02,213,8,2025-01-30,29,0.05,20260101213
2025-08-02,213,9,2025-01-17,16,0.05,20260101213
2025-08-02,213,10,2025-05-18,137,0.05,20260101213
2025-08-02,213,11,2025-06-14,164,0.05,20260101213
2025-08-02,213,12,2025-07-01,181,0.05,20260101213
2025-08-02,213,13,2025-02-01,31,0.05,20260101213
2025-08-02,213,14,2025-06-27,177,0.05,20260101213
2025-08-02,213,15,2025-04-01,90,0.05,20260101213
2025-08-02,213,16,2025-07-11,191,0.05,20260101213
2025-08-02,213,17,2025-03-30,88,0.05,20260101213
2025-08-02,213,18,2025-01-28,27,0.05,20260101213
2025-08-02,213,19,2025-05-05,124,0.05,20260101213
2025-08-02,213,20,2025-04-08,97,0.05,20260101213
2025-08-03,214,1,2025-07-06,186,0.05,20260101214
2025-08-03,214,2,2025-07-29,209,0.05,20260101214
2025-08-03,214,3,2025-06-29,179,0.05,20260101214
2025-08-03,214,4,2025-03-22,80,0.05,20260101214
2025-08-03,214,5,2025-03-12,70,0.05,20260101214
2025-08-03,214,6,2025-01-20,19,0.05,20260101214
2025-08-03,214,7,2025-01-06,5,0.05,20260101214
2025-08-03,214,8,2025-04-22,111,0.05,20260101214
2025-08-03,214,9,2025-01-05,4,0.05,20260101214
2025-08-03,214,10,2025-07-13,193,0.05,20260101214
2025-08-03,214,11,2025-04-11,100,0.05,20260101214
2025-08-03,214,12,2025-04-24,113,0.05,20260101214
2025-08-03,214,13,2025-02-06,36,0.05,20260101214
2025-08-03,214,14,2025-07-12,192,0.05,20260101214
2025-08-03,214,15,2025-03-21,79,0.05,20260101214
2025-08-03,214,16,2025-02-17,47,0.05,20260101214
2025-08-03,214,17,2025-04-23,112,0.05,20260101214
2025-08-03,214,18,2025-06-19,169,0.05,20260101214
2025-08-03,214,19,2025-04-20,109,0.05,20260101214
2025-08-03,214,20,2025-03-05,63,0.05,20260101214
2025-08-04,215,1,2025-07-17,197,0.05,20260101215
2025-08-04,215,2,2025-01-18,17,0.05,20260101215
2025-08-04,215,3,2025-06-23,173,0.05,20260101215
2025-08-04,215,4,2025-02-07,37,0.05,20260101215
2025-08-04,215,5,2025-04-27,116,0.05,20260101215
2025-08-04,215,6,2025-03-26,84,0.05,20260101215
2025-08-04,215,7,2025-06-08,158,0.05,20260101215
2025-08-04,215,8,2025-04-21,110,0.05,20260101215
2025-08-04,215,9,2025-07-18,198,0.05,20260101215
2025-08-04,215,10,2025-06-08,158,0.05,20260101215
2025-08-04,215,11,2025-03-10,68,0.05,20260101215
2025-08-04,215,12,2025-01-19,18,0.05,20260101215
2025-08-04,215,13,2025-02-01,31,0.05,20260101215
2025-08-04,215,14,2025-04-10,99,0.05,20260101215
2025-08-04,215,15,2025-08-03,214,0.05,20260101215
2025-08-04,215,16,2025-04-14,103,0.05,20260101215
2025-08-04,215,17,2025-06-12,162,0.05,20260101215
2025-08-04,215,18,2025-03-24,82,0.05,20260101215
2025-08-04,215,19,2025-06-10,160,0.05,20260101215
2025-08-04,215,20,2025-04-21,110,0.05,20260101215
2025-08-05,216,1,2025-04-06,95,0.05,20260101216
2025-08-05,216,2,2025-02-07,37,0.05,20260101216
2025-08-05,216,3,2025-01-09,8,0.05,20260101216
2025-08-05,216,4,2025-03-29,87,0.05,20260101216
2025-08-05,216,5,2025-01-07,6,0.05,20260101216
2025-08-05,216,6,2025-02-23,53,0.05,20260101216
2025-08-05,216,7,2025-07-24,204,0.05,20260101216
2025-08-05,216,8,2025-02-10,40,0.05,20260101216
2025-08-05,216,9,2025-04-18,107,0.05,20260101216
2025-08-05,216,10,2025-06-08,158,0.05,20260101216
2025-08-05,216,11,2025-02-21,51,0.05,20260101216
2025-08-05,216,12,2025-07-09,189,0.05,20260101216
2025-08-05,216,13,2025-06-12,162,0.05,20260101216
2025-08-05,216,14,2025-01-30,29,0.05,20260101216
2025-08-05,216,15,2025-05-09,128,0.05,20260101216
2025-08-05,216,16,2025-02-06,36,0.05,20260101216
2025-08-05,216,17,2025-05-09,128,0.05,20260101216
2025-08-05,216,18,2025-03-03,61,0.05,20260101216
2025-08-05,216,19,2025-07-06,186,0.05,20260101216
2025-08-05,216,20,2025-06-05,155,0.05,20260101216
2025-08-06,217,1,2025-05-11,130,0.05,20260101217
2025-08-06,217,2,2025-02-20,50,0.05,20260101217
2025-08-06,217,3,2025-06-11,161,0.05,20260101217
2025-08-06,217,4,2025-01-06,5,0.05,20260101217
2025-08-06,217,5,2025-02-04,34,0.05,20260101217
2025-08-06,217,6,2025-05-22,141,0.05,20260101217
2025-08-06,217,7,2025-07-16,196,0.05,20260101217
2025-08-06,217,8,2025-03-06,64,0.05,20260101217
2025-08-06,217,9,2025-05-12,131,0.05,20260101217
2025-08-06,217,10,2025-01-18,17,0.05,20260101217
2025-08-06,217,11,2025-02-02,32,0.05,20260101217
2025-08-06,217,12,2025-01-17,16,0.05,20260101217
2025-08-06,217,13,2025-03-01,59,0.05,20260101217
2025-08-06,217,14,2025-01-07,6,0.05,20260101217
2025-08-06,217,15,2025-05-30,149,0.05,20260101217
2025-08-06,217,16,2025-03-29,87,0.05,20260101217
2025-08-06,217,17,2025-02-04,34,0.05,20260101217
2025-08-06,217,18,2025-06-19,169,0.05,20260101217
2025-08-06,217,19,2025-06-17,167,0.05,20260101217
2025-08-06,217,20,2025-07-27,207,0.05,20260101217
2025-08-07,218,1,2025-03-26,84,0.05,20260101218
2025-08-07,218,2,2025-02-21,51,0.05,20260101218
2025-08-07,218,3,2025-05-26,145,0.05,20260101218
2025-08-07,218,4,2025-04-15,104,0.05,20260101218
2025-08-07,218,5,2025-04-08,97,0.05,20260101218
2025-08-07,218,6,2025-05-02,121,0.05,20260101218
2025-08-07,218,7,2025-03-05,63,0.05,20260101218
2025-08-07,218,8,2025-01-05,4,0.05,20260101218
2025-08-07,218,9,2025-04-08,97,0.05,20260101218
2025-08-07,218,10,2025-03-19,77,0.05,20260101218
2025-08-07,218,11,2025-07-28,208,0.05,20260101218
2025-08-07,218,12,2025-07-30,210,0.05,20260101218
2025-08-07,218,13,2025-03-04,62,0.05,20260101218
2025-08-07,218,14,2025-03-22,80,0.05,20260101218
2025-08-07,218,15,2025-04-25,114,0.05,20260101218
2025-08-07,218,16,2025-04-18,107,0.05,20260101218
2025-08-07,218,17,2025-06-18,168,0.05,20260101218
2025-08-07,218,18,2025-05-13,132,0.05,20260101218
2025-08-07,218,19,2025-05-28,147,0.05,20260101218
2025-08-07,218,20,2025-04-15,104,0.05,20260101218
2025-08-08,219,1,2025-05-24,143,0.05,20260101219
2025-08-08,219,2,2025-06-07,157,0.05,20260101219
2025-08-08,219,3,2025-02-13,43,0.05,20260101219
2025-08-08,219,4,2025-05-09,128,0.05,20260101219
2025-08-08,219,5,2025-02-15,45,0.05,20260101219
2025-08-08,219,6,2025-02-17,47,0.05,20260101219
2025-08-08,219,7,2025-05-30,149,0.05,20260101219
2025-08-08,219,8,2025-01-02,1,0.05,20260101219
2025-08-08,219,9,2025-04-12,101,0.05,20260101219
2025-08-08,219,10,2025-01-04,3,0.05,20260101219
2025-08-08,219,11,2025-02-13,43,0.05,20260101219
2025-08-08,219,12,2025-05-08,127,0.05,20260101219
2025-08-08,219,13,2025-07-27,207,0.05,20260101219
2025-08-08,219,14,2025-05-13,132,0.05,20260101219
2025-08-08,219,15,2025-07-11,191,0.05,20260101219
2025-08-08,219,16,2025-07-09,189,0.05,20260101219
2025-08-08,219,17,2025-04-19,108,0.05,20260101219
2025-08-08,219,18,2025-07-22,202,0.05,20260101219
2025-08-08,219,19,2025-05-03,122,0.05,20260101219
2025-08-08,219,20,2025-06-09,159,0.05,20260101219
2025-08-09,220,1,2025-05-28,147,0.05,20260101220
2025-08-09,220,2,2025-04-12,101,0.05,20260101220
2025-08-09,220,3,2025-06-10,160,0.05,20260101220
2025-08-09,220,4,2025-03-25,83,0.05,20260101220
2025-08-09,220,5,2025-01-05,4,0.05,20260101220
2025-08-09,220,6,2025-05-22,141,0.05,20260101220
2025-08-09,220,7,2025-03-06,64,0.05,20260101220
2025-08-09,220,8,2025-06-08,158,0.05,20260101220
2025-08-09,220,9,2025-04-29,118,0.05,20260101220
2025-08-09,220,10,2025-01-21,20,0.05,20260101220
2025-08-09,220,11,2025-02-26,56,0.05,20260101220
2025-08-09,220,12,2025-04-10,99,0.05,20260101220
2025-08-09,220,13,2025-05-03,122,0.05,20260101220
2025-08-09,220,14,2025-07-23,203,0.05,20260101220
2025-08-09,220,15,2025-07-01,181,0.05,20260101220
2025-08-09,220,16,2025-03-27,85,0.05,20260101220
2025-08-09,220,17,2025-07-16,196,0.05,20260101220
2025-08-09,220,18,2025-02-06,36,0.05,20260101220
2025-08-09,220,19,2025-06-14,164,0.05,20260101220
2025-08-09,220,20,2025-04-01,90,0.05,20260101220
2025-08-10,221,1,2025-03-13,71,0.05,20260101221
2025-08-10,221,2,2025-06-12,162,0.05,20260101221
2025-08-10,221,3,2025-07-10,190,0.05,20260101221
2025-08-10,221,4,2025-08-07,218,0.05,20260101221
2025-08-10,221,5,2025-05-18,137,0.05,20260101221
2025-08-10,221,6,2025-03-31,89,0.05,20260101221
2025-08-10,221,7,2025-07-19,199,0.05,20260101221
2025-08-10,221,8,2025-06-09,159,0.05,20260101221
2025-08-10,221,9,2025-03-07,65,0.05,20260101221
2025-08-10,221,10,2025-04-09,98,0.05,20260101221
2025-08-10,221,11,2025-03-07,65,0.05,20260101221
2025-08-10,221,12,2025-01-12,11,0.05,20260101221
2025-08-10,221,13,2025-08-08,219,0.05,20260101221
2025-08-10,221,14,2025-01-20,19,0.05,20260101221
2025-08-10,221,15,2025-01-03,2,0.05,20260101221
2025-08-10,221,16,2025-02-22,52,0.05,20260101221
2025-08-10,221,17,2025-03-11,69,0.05,20260101221
2025-08-10,221,18,2025-01-04,3,0.05,20260101221
2025-08-10,221,19,2025-07-25,205,0.05,20260101221
2025-08-10,221,20,2025-01-19,18,0.05,20260101221
2025-08-11,222,1,2025-07-27,207,0.05,20260101222
2025-08-11,222,2,2025-02-17,47,0.05,20260101222
2025-08-11,222,3,2025-05-24,143,0.05,20260101222
2025-08-11,222,4,2025-01-29,28,0.05,20260101222
2025-08-11,222,5,2025-01-26,25,0.05,20260101222
2025-08-11,222,6,2025-07-25,205,0.05,20260101222
2025-08-11,222,7,2025-03-05,63,0.05,20260101222
2025-08-11,222,8,2025-07-17,197,0.05,20260101222
2025-08-11,222,9,2025-02-12,42,0.05,20260101222
2025-08-11,222,10,2025-02-20,50,0.05,20260101222
2025-08-11,222,11,2025-03-15,73,0.05,20260101222
2025-08-11,222,12,2025-06-11,161,0.05,20260101222
2025-08-11,222,13,2025-07-03,183,0.05,20260101222
2025-08-11,222,14,2025-01-30,29,0.05,20260101222
2025-08-11,222,15,2025-02-04,34,0.05,20260101222
2025-08-11,222,16,2025-06-09,159,0.05,20260101222
2025-08-11,222,17,2025-03-05,63,0.05,20260101222
2025-08-11,222,18,2025-01-19,18,0.05,20260101222
2025-08-11,222,19,2025-04-01,90,0.05,20260101222
2025-08-11,222,20,2025-04-05,94,0.05,20260101222
2025-08-12,223,1,2025-03-18,76,0.05,20260101223
2025-08-12,223,2,2025-03-04,62,0.05,20260101223
2025-08-12,223,3,2025-06-26,176,0.05,20260101223
2025-08-12,223,4,2025-05-02,121,0.05,20260101223
2025-08-12,223,5,2025-06-23,173,0.05,20260101223
2025-08-12,223,6,2025-05-02,121,0.05,20260101223
2025-08-12,223,7,2025-02-08,38,0.05,20260101223
2025-08-12,223,8,2025-03-03,61,0.05,20260101223
2025-08-12,223,9,2025-02-17,47,0.05,20260101223
2025-08-12,223,10,2025-03-02,60,0.05,20260101223
2025-08-12,223,11,2025-05-31,150,0.05,20260101223
2025-08-12,223,12,2025-05-02,121,0.05,20260101223
2025-08-12,223,13,2025-04-04,93,0.05,20260101223
2025-08-12,223,14,2025-07-29,209,0.05,20260101223
2025-08-12,223,15,2025-01-13,12,0.05,20260101223
2025-08-12,223,16,2025-02-16,46,0.05,20260101223
2025-08-12,223,17,2025-03-07,65,0.05,20260101223
2025-08-12,223,18,2025-03-09,67,0.05,20260101223
2025-08-12,223,19,2025-07-16,196,0.05,20260101223
2025-08-12,223,20,2025-02-17,47,0.05,20260101223
2025-08-13,224,1,2025-04-07,96,0.05,20260101224
2025-08-13,224,2,2025-04-25,114,0.05,20260101224
2025-08-13,224,3,2025-05-01,120,0.05,20260101224
2025-08-13,224,4,2025-04-13,102,0.05,20260101224
2025-08-13,224,5,2025-07-30,210,0.05,20260101224
2025-08-13,224,6,2025-07-08,188,0.05,20260101224
2025-08-13,224,7,2025-03-14,72,0.05,20260101224
2025-08-13,224,8,2025-04-13,102,0.05,20260101224
2025-08-13,224,9,2025-07-23,203,0.05,20260101224
2025-08-13,224,10,2025-08-10,221,0.05,20260101224
2025-08-13,224,11,2025-01-16,15,0.05,20260101224
2025-08-13,224,12,2025-07-05,185,0.05,20260101224
2025-08-13,224,13,2025-04-18,107,0.05,20260101224
2025-08-13,224,14,2025-05-12,131,0.05,20260101224
2025-08-13,224,15,2025-01-13,12,0.05,20260101224
2025-08-13,224,16,2025-02-17,47,0.05,20260101224
2025-08-13,224,17,2025-02-05,35,0.05,20260101224
2025-08-13,224,18,2025-03-12,70,0.05,20260101224
2025-08-13,224,19,2025-03-04,62,0.05,20260101224
2025-08-13,224,20,2025-08-03,214,0.05,20260101224
2025-08-14,225,1,2025-01-06,5,0.05,20260101225
2025-08-14,225,2,2025-04-27,116,0.05,20260101225
2025-08-14,225,3,2025-02-18,48,0.05,20260101225
2025-08-14,225,4,2025-03-11,69,0.05,20260101225
2025-08-14,225,5,2025-03-21,79,0.05,20260101225
2025-08-14,225,6,2025-04-06,95,0.05,20260101225
2025-08-14,225,7,2025-01-15,14,0.05,20260101225
2025-08-14,225,8,2025-06-10,160,0.05,20260101225
2025-08-14,225,9,2025-03-03,61,0.05,20260101225
2025-08-14,225,10,2025-02-13,43,0.05,20260101225
2025-08-14,225,11,2025-03-29,87,0.05,20260101225
2025-08-14,225,12,2025-02-19,49,0.05,20260101225
2025-08-14,225,13,2025-03-05,63,0.05,20260101225
2025-08-14,225,14,2025-05-09,128,0.05,20260101225
2025-08-14,225,15,2025-05-21,140,0.05,20260101225
2025-08-14,225,16,2025-03-11,69,0.05,20260101225
2025-08-14,225,17,2025-07-16,196,0.05,20260101225
2025-08-14,225,18,2025-01-03,2,0.05,20260101225
2025-08-14,225,19,2025-05-07,126,0.05,20260101225
2025-08-14,225,20,2025-04-10,99,0.05,20260101225
2025-08-15,226,1,2025-01-22,21,0.05,20260101226
2025-08-15,226,2,2025-01-17,16,0.05,20260101226
2025-08-15,226,3,2025-05-10,129,0.05,20260101226
2025-08-15,226,4,2025-05-01,120,0.05,20260101226
2025-08-15,226,5,2025-04-03,92,0.05,20260101226
2025-08-15,226,6,2025-07-05,185,0.05,20260101226
2025-08-15,226,7,2025-02-04,34,0.05,20260101226
2025-08-15,226,8,2025-01-30,29,0.05,20260101226
2025-08-15,226,9,2025-04-12,101,0.05,20260101226
2025-08-15,226,10,2025-01-18,17,0.05,20260101226
2025-08-15,226,11,2025-03-17,75,0.05,20260101226
2025-08-15,226,12,2025-03-27,85,0.05,20260101226
2025-08-15,226,13,2025-02-14,44,0.05,20260101226
2025-08-15,226,14,2025-06-10,160,0.05,20260101226
2025-08-15,226,15,2025-03-14,72,0.05,20260101226
2025-08-15,226,16,2025-04-22,111,0.05,20260101226
2025-08-15,226,17,2025-01-04,3,0.05,20260101226
2025-08-15,226,18,2025-02-16,46,0.05,20260101226
2025-08-15,226,19,2025-05-22,141,0.05,20260101226
2025-08-15,226,20,2025-01-02,1,0.05,20260101226
2025-08-16,227,1,2025-03-20,78,0.05,20260101227
2025-08-16,227,2,2025-04-04,93,0.05,20260101227
2025-08-16,227,3,2025-07-03,183,0.05,20260101227
2025-08-16,227,4,2025-04-10,99,0.05,20260101227
2025-08-16,227,5,2025-02-13,43,0.05,20260101227
2025-08-16,227,6,2025-07-23,203,0.05,20260101227
2025-08-16,227,7,2025-02-26,56,0.05,20260101227
2025-08-16,227,8,2025-07-07,187,0.05,20260101227
2025-08-16,227,9,2025-08-12,223,0.05,20260101227
2025-08-16,227,10,2025-06-30,180,0.05,20260101227
2025-08-16,227,11,2025-06-25,175,0.05,20260101227
2025-08-16,227,12,2025-05-17,136,0.05,20260101227
2025-08-16,227,13,2025-05-10,129,0.05,20260101227
2025-08-16,227,14,2025-06-22,172,0.05,20260101227
2025-08-16,227,15,2025-02-12,42,0.05,20260101227
2025-08-16,227,16,2025-06-26,176,0.05,20260101227
2025-08-16,227,17,2025-07-22,202,0.05,20260101227
2025-08-16,227,18,2025-03-29,87,0.05,20260101227
2025-08-16,227,19,2025-06-23,173,0.05,20260101227
2025-08-16,227,20,2025-05-10,129,0.05,20260101227
2025-08-17,228,1,2025-04-28,117,0.05,20260101228
2025-08-17,228,2,2025-08-06,217,0.05,20260101228
2025-08-17,228,3,2025-01-27,26,0.05,20260101228
2025-08-17,228,4,2025-01-26,25,0.05,20260101228
2025-08-17,228,5,2025-01-23,22,0.05,20260101228
2025-08-17,228,6,2025-08-12,223,0.05,20260101228
2025-08-17,228,7,2025-03-10,68,0.05,20260101228
2025-08-17,228,8,2025-05-27,146,0.05,20260101228
2025-08-17,228,9,2025-05-30,149,0.05,20260101228
2025-08-17,228,10,2025-04-01,90,0.05,20260101228
2025-08-17,228,11,2025-04-19,108,0.05,20260101228
2025-08-17,228,12,2025-08-06,217,0.05,20260101228
2025-08-17,228,13,2025-03-16,74,0.05,20260101228
2025-08-17,228,14,2025-03-03,61,0.05,20260101228
2025-08-17,228,15,2025-04-27,116,0.05,20260101228
2025-08-17,228,16,2025-05-16,135,0.05,20260101228
2025-08-17,228,17,2025-05-03,122,0.05,20260101228
2025-08-17,228,18,2025-04-17,106,0.05,20260101228
2025-08-17,228,19,2025-05-23,142,0.05,20260101228
2025-08-17,228,20,2025-07-19,199,0.05,20260101228
2025-08-18,229,1,2025-03-22,80,0.05,20260101229
2025-08-18,229,2,2025-01-10,9,0.05,20260101229
2025-08-18,229,3,2025-02-22,52,0.05,20260101229
2025-08-18,229,4,2025-02-13,43,0.05,20260101229
2025-08-18,229,5,2025-07-16,196,0.05,20260101229
2025-08-18,229,6,2025-04-13,102,0.05,20260101229
2025-08-18,229,7,2025-02-26,56,0.05,20260101229
2025-08-18,229,8,2025-02-23,53,0.05,20260101229
2025-08-18,229,9,2025-05-26,145,0.05,20260101229
2025-08-18,229,10,2025-07-12,192,0.05,20260101229
2025-08-18,229,11,2025-06-11,161,0.05,20260101229
2025-08-18,229,12,2025-03-20,78,0.05,20260101229
2025-08-18,229,13,2025-04-08,97,0.05,20260101229
2025-08-18,229,14,2025-05-08,127,0.05,20260101229
2025-08-18,229,15,2025-02-26,56,0.05,20260101229
2025-08-18,229,16,2025-04-28,117,0.05,20260101229
2025-08-18,229,17,2025-06-14,164,0.05,20260101229
2025-08-18,229,18,2025-01-14,13,0.05,20260101229
2025-08-18,229,19,2025-01-15,14,0.05,20260101229
2025-08-18,229,20,2025-04-05,94,0.05,20260101229
2025-08-19,230,1,2025-08-03,214,0.05,20260101230
2025-08-19,230,2,2025-01-12,11,0.05,20260101230
2025-08-19,230,3,2025-03-05,63,0.05,20260101230
2025-08-19,230,4,2025-03-08,66,0.05,20260101230
2025-08-19,230,5,2025-08-07,218,0.05,20260101230
2025-08-19,230,6,2025-07-11,191,0.05,20260101230
2025-08-19,230,7,2025-06-27,177,0.05,20260101230
2025-08-19,230,8,2025-04-29,118,0.05,20260101230
2025-08-19,230,9,2025-06-13,163,0.05,20260101230
2025-08-19,230,10,2025-04-11,100,0.05,20260101230
2025-08-19,230,11,2025-04-16,105,0.05,20260101230
2025-08-19,230,12,2025-06-03,153,0.05,20260101230
2025-08-19,230,13,2025-02-24,54,0.05,20260101230
2025-08-19,230,14,2025-07-19,199,0.05,20260101230
2025-08-19,230,15,2025-02-07,37,0.05,20260101230
2025-08-19,230,16,2025-06-20,170,0.05,20260101230
2025-08-19,230,17,2025-02-22,52,0.05,20260101230
2025-08-19,230,18,2025-06-17,167,0.05,20260101230
2025-08-19,230,19,2025-01-05,4,0.05,20260101230
2025-08-19,230,20,2025-01-21,20,0.05,20260101230
2025-08-20,231,1,2025-08-15,226,0.05,20260101231
2025-08-20,231,2,2025-04-16,105,0.05,20260101231
2025-08-20,231,3,2025-05-08,127,0.05,20260101231
2025-08-20,231,4,2025-02-06,36,0.05,20260101231
2025-08-20,231,5,2025-03-28,86,0.05,20260101231
2025-08-20,231,6,2025-05-09,128,0.05,20260101231
2025-08-20,231,7,2025-02-17,47,0.05,20260101231
2025-08-20,231,8,2025-05-19,138,0.05,20260101231
2025-08-20,231,9,2025-04-14,103,0.05,20260101231
2025-08-20,231,10,2025-04-27,116,0.05,20260101231
2025-08-20,231,11,2025-01-09,8,0.05,20260101231
2025-08-20,231,12,2025-05-14,133,0.05,20260101231
2025-08-20,231,13,2025-05-22,141,0.05,20260101231
2025-08-20,231,14,2025-05-24,143,0.05,20260101231
2025-08-20,231,15,2025-01-13,12,0.05,20260101231
2025-08-20,231,16,2025-05-15,134,0.05,20260101231
2025-08-20,231,17,2025-07-25,205,0.05,20260101231
2025-08-20,231,18,2025-04-29,118,0.05,20260101231
2025-08-20,231,19,2025-05-22,141,0.05,20260101231
2025-08-20,231,20,2025-04-08,97,0.05,20260101231
2025-08-21,232,1,2025-02-10,40,0.05,20260101232
2025-08-21,232,2,2025-02-21,51,0.05,20260101232
2025-08-21,232,3,2025-05-16,135,0.05,20260101232
2025-08-21,232,4,2025-01-22,21,0.05,20260101232
2025-08-21,232,5,2025-02-23,53,0.05,20260101232
2025-08-21,232,6,2025-01-08,7,0.05,20260101232
2025-08-21,232,7,2025-03-31,89,0.05,20260101232
2025-08-21,232,8,2025-06-08,158,0.05,20260101232
2025-08-21,232,9,2025-03-10,68,0.05,20260101232
2025-08-21,232,10,2025-04-12,101,0.05,20260101232
2025-08-21,232,11,2025-07-07,187,0.05,20260101232
2025-08-21,232,12,2025-08-03,214,0.05,20260101232
2025-08-21,232,13,2025-03-28,86,0.05,20260101232
2025-08-21,232,14,2025-05-21,140,0.05,20260101232
2025-08-21,232,15,2025-06-03,153,0.05,20260101232
2025-08-21,232,16,2025-03-01,59,0.05,20260101232
2025-08-21,232,17,2025-05-25,144,0.05,20260101232
2025-08-21,232,18,2025-06-01,151,0.05,20260101232
2025-08-21,232,19,2025-07-22,202,0.05,20260101232
2025-08-21,232,20,2025-07-12,192,0.05,20260101232
2025-08-22,233,1,2025-03-12,70,0.05,20260101233
2025-08-22,233,2,2025-07-28,208,0.05,20260101233
2025-08-22,233,3,2025-07-29,209,0.05,20260101233
2025-08-22,233,4,2025-05-05,124,0.05,20260101233
2025-08-22,233,5,2025-04-12,101,0.05,20260101233
2025-08-22,233,6,2025-07-11,191,0.05,20260101233
2025-08-22,233,7,2025-03-21,79,0.05,20260101233
2025-08-22,233,8,2025-05-10,129,0.05,20260101233
2025-08-22,233,9,2025-03-02,60,0.05,20260101233
2025-08-22,233,10,2025-08-18,229,0.05,20260101233
2025-08-22,233,11,2025-06-18,168,0.05,20260101233
2025-08-22,233,12,2025-01-03,2,0.05,20260101233
2025-08-22,233,13,2025-06-07,157,0.05,20260101233
2025-08-22,233,14,2025-07-05,185,0.05,20260101233
2025-08-22,233,15,2025-08-16,227,0.05,20260101233
2025-08-22,233,16,2025-05-07,126,0.05,20260101233
2025-08-22,233,17,2025-04-08,97,0.05,20260101233
2025-08-22,233,18,2025-03-07,65,0.05,20260101233
2025-08-22,233,19,2025-06-30,180,0.05,20260101233
2025-08-22,233,20,2025-03-22,80,0.05,20260101233
2025-08-23,234,1,2025-04-29,118,0.05,20260101234
2025-08-23,234,2,2025-04-06,95,0.05,20260101234
2025-08-23,234,3,2025-04-28,117,0.05,20260101234
2025-08-23,234,4,2025-01-12,11,0.05,20260101234
2025-08-23,234,5,2025-03-07,65,0.05,20260101234
2025-08-23,234,6,2025-02-10,40,0.05,20260101234
2025-08-23,234,7,2025-07-09,189,0.05,20260101234
2025-08-23,234,8,2025-06-23,173,0.05,20260101234
2025-08-23,234,9,2025-07-05,185,0.05,20260101234
2025-08-23,234,10,2025-02-02,32,0.05,20260101234
2025-08-23,234,11,2025-04-25,114,0.05,20260101234
2025-08-23,234,12,2025-05-30,149,0.05,20260101234
2025-08-23,234,13,2025-03-15,73,0.05,20260101234
2025-08-23,234,14,2025-07-01,181,0.05,20260101234
2025-08-23,234,15,2025-05-25,144,0.05,20260101234
2025-08-23,234,16,2025-02-08,38,0.05,20260101234
2025-08-23,234,17,2025-04-13,102,0.05,20260101234
2025-08-23,234,18,2025-03-29,87,0.05,20260101234
2025-08-23,234,19,2025-04-29,118,0.05,20260101234
2025-08-23,234,20,2025-08-01,212,0.05,20260101234
2025-08-24,235,1,2025-04-18,107,0.05,20260101235
2025-08-24,235,2,2025-01-14,13,0.05,20260101235
2025-08-24,235,3,2025-03-30,88,0.05,20260101235
2025-08-24,235,4,2025-06-19,169,0.05,20260101235
2025-08-24,235,5,2025-01-21,20,0.05,20260101235
2025-08-24,235,6,2025-04-27,116,0.05,20260101235
2025-08-24,235,7,2025-05-22,141,0.05,20260101235
2025-08-24,235,8,2025-07-13,193,0.05,20260101235
2025-08-24,235,9,2025-03-11,69,0.05,20260101235
2025-08-24,235,10,2025-03-12,70,0.05,20260101235
2025-08-24,235,11,2025-05-17,136,0.05,20260101235
2025-08-24,235,12,2025-02-26,56,0.05,20260101235
2025-08-24,235,13,2025-01-26,25,0.05,20260101235
2025-08-24,235,14,2025-06-18,168,0.05,20260101235
2025-08-24,235,15,2025-01-06,5,0.05,20260101235
2025-08-24,235,16,2025-03-29,87,0.05,20260101235
2025-08-24,235,17,2025-07-03,183,0.05,20260101235
2025-08-24,235,18,2025-02-25,55,0.05,20260101235
2025-08-24,235,19,2025-08-12,223,0.05,20260101235
2025-08-24,235,20,2025-02-21,51,0.05,20260101235
2025-08-25,236,1,2025-05-03,122,0.05,20260101236
2025-08-25,236,2,2025-07-06,186,0.05,20260101236
2025-08-25,236,3,2025-03-29,87,0.05,20260101236
2025-08-25,236,4,2025-05-01,120,0.05,20260101236
2025-08-25,236,5,2025-08-08,219,0.05,20260101236
2025-08-25,236,6,2025-04-28,117,0.05,20260101236
2025-08-25,236,7,2025-08-08,219,0.05,20260101236
2025-08-25,236,8,2025-01-09,8,0.05,20260101236
2025-08-25,236,9,2025-02-21,51,0.05,20260101236
2025-08-25,236,10,2025-03-13,71,0.05,20260101236
2025-08-25,236,11,2025-02-14,44,0.05,20260101236
2025-08-25,236,12,2025-06-11,161,0.05,20260101236
2025-08-25,236,13,2025-02-14,44,0.05,20260101236
2025-08-25,236,14,2025-05-11,130,0.05,20260101236
2025-08-25,236,15,2025-01-11,10,0.05,20260101236
2025-08-25,236,16,2025-06-07,157,0.05,20260101236
2025-08-25,236,17,2025-02-26,56,0.05,20260101236
2025-08-25,236,18,2025-06-08,158,0.05,20260101236
2025-08-25,236,19,2025-04-27,116,0.05,20260101236
2025-08-25,236,20,2025-02-08,38,0.05,20260101236
2025-08-26,237,1,2025-07-01,181,0.05,20260101237
2025-08-26,237,2,2025-04-24,113,0.05,20260101237
2025-08-26,237,3,2025-07-28,208,0.05,20260101237
2025-08-26,237,4,2025-05-29,148,0.05,20260101237
2025-08-26,237,5,2025-06-16,166,0.05,20260101237
2025-08-26,237,6,2025-01-21,20,0.05,20260101237
2025-08-26,237,7,2025-07-03,183,0.05,20260101237
2025-08-26,237,8,2025-06-12,162,0.05,20260101237
2025-08-26,237,9,2025-01-21,20,0.05,20260101237
2025-08-26,237,10,2025-04-09,98,0.05,20260101237
2025-08-26,237,11,2025-07-22,202,0.05,20260101237
2025-08-26,237,12,2025-04-04,93,0.05,20260101237
2025-08-26,237,13,2025-03-07,65,0.05,20260101237
2025-08-26,237,14,2025-08-17,228,0.05,20260101237
2025-08-26,237,15,2025-06-23,173,0.05,20260101237
2025-08-26,237,16,2025-01-27,26,0.05,20260101237
2025-08-26,237,17,2025-05-13,132,0.05,20260101237
2025-08-26,237,18,2025-06-10,160,0.05,20260101237
2025-08-26,237,19,2025-06-18,168,0.05,20260101237
2025-08-26,237,20,2025-06-08,158,0.05,20260101237
2025-08-27,238,1,2025-03-29,87,0.05,20260101238
2025-08-27,238,2,2025-08-01,212,0.05,20260101238
2025-08-27,238,3,2025-07-20,200,0.05,20260101238
2025-08-27,238,4,2025-03-13,71,0.05,20260101238
2025-08-27,238,5,2025-04-17,106,0.05,20260101238
2025-08-27,238,6,2025-04-23,112,0.05,20260101238
2025-08-27,238,7,2025-07-07,187,0.05,20260101238
2025-08-27,238,8,2025-05-08,127,0.05,20260101238
2025-08-27,238,9,2025-08-26,237,0.05,20260101238
2025-08-27,238,10,2025-06-13,163,0.05,20260101238
2025-08-27,238,11,2025-02-25,55,0.05,20260101238
2025-08-27,238,12,2025-07-27,207,0.05,20260101238
2025-08-27,238,13,2025-08-01,212,0.05,20260101238
2025-08-27,238,14,2025-03-25,83,0.05,20260101238
2025-08-27,238,15,2025-08-02,213,0.05,20260101238
2025-08-27,238,16,2025-05-19,138,0.05,20260101238
2025-08-27,238,17,2025-07-15,195,0.05,20260101238
2025-08-27,238,18,2025-07-23,203,0.05,20260101238
2025-08-27,238,19,2025-05-22,141,0.05,20260101238
2025-08-27,238,20,2025-01-10,9,0.05,20260101238
2025-08-28,239,1,2025-03-02,60,0.05,20260101239
2025-08-28,239,2,2025-03-17,75,0.05,20260101239
2025-08-28,239,3,2025-06-17,167,0.05,20260101239
2025-08-28,239,4,2025-03-21,79,0.05,20260101239
2025-08-28,239,5,2025-02-24,54,0.05,20260101239
2025-08-28,239,6,2025-05-08,127,0.05,20260101239
2025-08-28,239,7,2025-06-27,177,0.05,20260101239
2025-08-28,239,8,2025-04-03,92,0.05,20260101239
2025-08-28,239,9,2025-03-10,68,0.05,20260101239
2025-08-28,239,10,2025-07-31,211,0.05,20260101239
2025-08-28,239,11,2025-08-22,233,0.05,20260101239
2025-08-28,239,12,2025-02-10,40,0.05,20260101239
2025-08-28,239,13,2025-01-03,2,0.05,20260101239
2025-08-28,239,14,2025-06-16,166,0.05,20260101239
2025-08-28,239,15,2025-07-09,189,0.05,20260101239
2025-08-28,239,16,2025-08-10,221,0.05,20260101239
2025-08-28,239,17,2025-04-24,113,0.05,20260101239
2025-08-28,239,18,2025-02-27,57,0.05,20260101239
2025-08-28,239,19,2025-04-02,91,0.05,20260101239
2025-08-28,239,20,2025-07-09,189,0.05,20260101239
2025-08-29,240,1,2025-06-10,160,0.05,20260101240
2025-08-29,240,2,2025-06-03,153,0.05,20260101240
2025-08-29,240,3,2025-03-13,71,0.05,20260101240
2025-08-29,240,4,2025-03-13,71,0.05,20260101240
2025-08-29,240,5,2025-08-10,221,0.05,20260101240
2025-08-29,240,6,2025-05-30,149,0.05,20260101240
2025-08-29,240,7,2025-06-08,158,0.05,20260101240
2025-08-29,240,8,2025-08-01,212,0.05,20260101240
2025-08-29,240,9,2025-04-19,108,0.05,20260101240
2025-08-29,240,10,2025-08-21,232,0.05,20260101240
2025-08-29,240,11,2025-02-11,41,0.05,20260101240
2025-08-29,240,12,2025-05-24,143,0.05,20260101240
2025-08-29,240,13,2025-04-03,92,0.05,20260101240
2025-08-29,240,14,2025-03-14,72,0.05,20260101240
2025-08-29,240,15,2025-07-07,187,0.05,20260101240
2025-08-29,240,16,2025-01-04,3,0.05,20260101240
2025-08-29,240,17,2025-02-04,34,0.05,20260101240
2025-08-29,240,18,2025-05-06,125,0.05,20260101240
2025-08-29,240,19,2025-08-07,218,0.05,20260101240
2025-08-29,240,20,2025-02-26,56,0.05,20260101240
2025-08-30,241,1,2025-08-09,220,0.05,20260101241
2025-08-30,241,2,2025-06-01,151,0.05,20260101241
2025-08-30,241,3,2025-03-14,72,0.05,20260101241
2025-08-30,241,4,2025-06-25,175,0.05,20260101241
2025-08-30,241,5,2025-05-24,143,0.05,20260101241
2025-08-30,241,6,2025-03-07,65,0.05,20260101241
2025-08-30,241,7,2025-01-29,28,0.05,20260101241
2025-08-30,241,8,2025-06-04,154,0.05,20260101241
2025-08-30,241,9,2025-06-18,168,0.05,20260101241
2025-08-30,241,10,2025-01-07,6,0.05,20260101241
2025-08-30,241,11,2025-03-09,67,0.05,20260101241
2025-08-30,241,12,2025-07-19,199,0.05,20260101241
2025-08-30,241,13,2025-02-28,58,0.05,20260101241
2025-08-30,241,14,2025-05-13,132,0.05,20260101241
2025-08-30,241,15,2025-04-13,102,0.05,20260101241
2025-08-30,241,16,2025-04-17,106,0.05,20260101241
2025-08-30,241,17,2025-08-03,214,0.05,20260101241
2025-08-30,241,18,2025-03-27,85,0.05,20260101241
2025-08-30,241,19,2025-02-26,56,0.05,20260101241
2025-08-30,241,20,2025-06-27,177,0.05,20260101241
2025-08-31,242,1,2025-07-12,192,0.05,20260101242
2025-08-31,242,2,2025-05-08,127,0.05,20260101242
2025-08-31,242,3,2025-08-29,240,0.05,20260101242
2025-08-31,242,4,2025-08-18,229,0.05,20260101242
2025-08-31,242,5,2025-06-17,167,0.05,20260101242
2025-08-31,242,6,2025-01-29,28,0.05,20260101242
2025-08-31,242,7,2025-08-20,231,0.05,20260101242
2025-08-31,242,8,2025-06-14,164,0.05,20260101242
2025-08-31,242,9,2025-06-15,165,0.05,20260101242
2025-08-31,242,10,2025-01-18,17,0.05,20260101242
2025-08-31,242,11,2025-02-01,31,0.05,20260101242
2025-08-31,242,12,2025-01-05,4,0.05,20260101242
2025-08-31,242,13,2025-01-28,27,0.05,20260101242
2025-08-31,242,14,2025-07-06,186,0.05,20260101242
2025-08-31,242,15,2025-01-26,25,0.05,20260101242
2025-08-31,242,16,2025-01-18,17,0.05,20260101242
2025-08-31,242,17,2025-05-15,134,0.05,20260101242
2025-08-31,242,18,2025-03-28,86,0.05,20260101242
2025-08-31,242,19,2025-03-25,83,0.05,20260101242
2025-08-31,242,20,2025-07-13,193,0.05,20260101242
2025-09-01,243,1,2025-04-17,106,0.05,20260101243
2025-09-01,243,2,2025-07-18,198,0.05,20260101243
2025-09-01,243,3,2025-03-21,79,0.05,20260101243
2025-09-01,243,4,2025-02-27,57,0.05,20260101243
2025-09-01,243,5,2025-08-18,229,0.05,20260101243
2025-09-01,243,6,2025-05-09,128,0.05,20260101243
2025-09-01,243,7,2025-05-10,129,0.05,20260101243
2025-09-01,243,8,2025-02-12,42,0.05,20260101243
2025-09-01,243,9,2025-05-25,144,0.05,20260101243
2025-09-01,243,10,2025-07-28,208,0.05,20260101243
2025-09-01,243,11,2025-01-30,29,0.05,20260101243
2025-09-01,243,12,2025-08-29,240,0.05,20260101243
2025-09-01,243,13,2025-03-25,83,0.05,20260101243
2025-09-01,243,14,2025-01-19,18,0.05,20260101243
2025-09-01,243,15,2025-04-14,103,0.05,20260101243
2025-09-01,243,16,2025-05-09,128,0.05,20260101243
2025-09-01,243,17,2025-08-07,218,0.05,20260101243
2025-09-01,243,18,2025-04-01,90,0.05,20260101243
2025-09-01,243,19,2025-05-13,132,0.05,20260101243
2025-09-01,243,20,2025-02-22,52,0.05,20260101243
2025-09-02,244,1,2025-06-07,157,0.05,20260101244
2025-09-02,244,2,2025-01-10,9,0.05,20260101244
2025-09-02,244,3,2025-06-04,154,0.05,20260101244
2025-09-02,244,4,2025-06-10,160,0.05,20260101244
2025-09-02,244,5,2025-01-26,25,0.05,20260101244
2025-09-02,244,6,2025-08-09,220,0.05,20260101244
2025-09-02,244,7,2025-06-17,167,0.05,20260101244
2025-09-02,244,8,2025-05-01,120,0.05,20260101244
2025-09-02,244,9,2025-07-14,194,0.05,20260101244
2025-09-02,244,10,2025-02-25,55,0.05,20260101244
2025-09-02,244,11,2025-08-15,226,0.05,20260101244
2025-09-02,244,12,2025-08-13,224,0.05,20260101244
2025-09-02,244,13,2025-05-23,142,0.05,20260101244
2025-09-02,244,14,2025-08-12,223,0.05,20260101244
2025-09-02,244,15,2025-08-06,217,0.05,20260101244
2025-09-02,244,16,2025-04-10,99,0.05,20260101244
2025-09-02,244,17,2025-04-11,100,0.05,20260101244
2025-09-02,244,18,2025-08-23,234,0.05,20260101244
2025-09-02,244,19,2025-04-20,109,0.05,20260101244
2025-09-02,244,20,2025-07-03,183,0.05,20260101244
2025-09-03,245,1,2025-01-13,12,0.05,20260101245
2025-09-03,245,2,2025-07-03,183,0.05,20260101245
2025-09-03,245,3,2025-02-24,54,0.05,20260101245
2025-09-03,245,4,2025-05-24,143,0.05,20260101245
2025-09-03,245,5,2025-01-03,2,0.05,20260101245
2025-09-03,245,6,2025-06-30,180,0.05,20260101245
2025-09-03,245,7,2025-01-16,15,0.05,20260101245
2025-09-03,245,8,2025-02-14,44,0.05,20260101245
2025-09-03,245,9,2025-02-28,58,0.05,20260101245
2025-09-03,245,10,2025-04-14,103,0.05,20260101245
2025-09-03,245,11,2025-03-20,78,0.05,20260101245
2025-09-03,245,12,2025-06-01,151,0.05,20260101245
2025-09-03,245,13,2025-05-08,127,0.05,20260101245
2025-09-03,245,14,2025-04-17,106,0.05,20260101245
2025-09-03,245,15,2025-01-29,28,0.05,20260101245
2025-09-03,245,16,2025-04-25,114,0.05,20260101245
2025-09-03,245,17,2025-06-25,175,0.05,20260101245
2025-09-03,245,18,2025-05-31,150,0.05,20260101245
2025-09-03,245,19,2025-05-05,124,0.05,20260101245
2025-09-03,245,20,2025-01-09,8,0.05,20260101245
2025-09-04,246,1,2025-07-23,203,0.05,20260101246
2025-09-04,246,2,2025-04-04,93,0.05,20260101246
2025-09-04,246,3,2025-06-23,173,0.05,20260101246
2025-09-04,246,4,2025-06-01,151,0.05,20260101246
2025-09-04,246,5,2025-06-08,158,0.05,20260101246
2025-09-04,246,6,2025-08-13,224,0.05,20260101246
2025-09-04,246,7,2025-07-05,185,0.05,20260101246
2025-09-04,246,8,2025-01-14,13,0.05,20260101246
2025-09-04,246,9,2025-08-04,215,0.05,20260101246
2025-09-04,246,10,2025-02-23,53,0.05,20260101246
2025-09-04,246,11,2025-06-08,158,0.05,20260101246
2025-09-04,246,12,2025-07-01,181,0.05,20260101246
2025-09-04,246,13,2025-02-16,46,0.05,20260101246
2025-09-04,246,14,2025-04-30,119,0.05,20260101246
2025-09-04,246,15,2025-08-22,233,0.05,20260101246
2025-09-04,246,16,2025-01-04,3,0.05,20260101246
2025-09-04,246,17,2025-02-22,52,0.05,20260101246
2025-09-04,246,18,2025-05-26,145,0.05,20260101246
2025-09-04,246,19,2025-01-20,19,0.05,20260101246
2025-09-04,246,20,2025-07-27,207,0.05,20260101246
2025-09-05,247,1,2025-07-26,206,0.05,20260101247
2025-09-05,247,2,2025-05-23,142,0.05,20260101247
2025-09-05,247,3,2025-03-08,66,0.05,20260101247
2025-09-05,247,4,2025-07-03,183,0.05,20260101247
2025-09-05,247,5,2025-01-14,13,0.05,20260101247
2025-09-05,247,6,2025-01-10,9,0.05,20260101247
2025-09-05,247,7,2025-01-29,28,0.05,20260101247
2025-09-05,247,8,2025-02-21,51,0.05,20260101247
2025-09-05,247,9,2025-02-18,48,0.05,20260101247
2025-09-05,247,10,2025-07-22,202,0.05,20260101247
2025-09-05,247,11,2025-07-05,185,0.05,20260101247
2025-09-05,247,12,2025-03-12,70,0.05,20260101247
2025-09-05,247,13,2025-08-22,233,0.05,20260101247
2025-09-05,247,14,2025-05-11,130,0.05,20260101247
2025-09-05,247,15,2025-02-16,46,0.05,20260101247
2025-09-05,247,16,2025-05-06,125,0.05,20260101247
2025-09-05,247,17,2025-01-07,6,0.05,20260101247
2025-09-05,247,18,2025-02-28,58,0.05,20260101247
2025-09-05,247,19,2025-02-22,52,0.05,20260101247
2025-09-05,247,20,2025-01-05,4,0.05,20260101247
2025-09-06,248,1,2025-02-21,51,0.05,20260101248
2025-09-06,248,2,2025-06-06,156,0.05,20260101248
2025-09-06,248,3,2025-01-07,6,0.05,20260101248
2025-09-06,248,4,2025-08-08,219,0.05,20260101248
2025-09-06,248,5,2025-09-05,247,0.05,20260101248
2025-09-06,248,6,2025-08-04,215,0.05,20260101248
2025-09-06,248,7,2025-08-06,217,0.05,20260101248
2025-09-06,248,8,2025-04-28,117,0.05,20260101248
2025-09-06,248,9,2025-09-05,247,0.05,20260101248
2025-09-06,248,10,2025-03-12,70,0.05,20260101248
2025-09-06,248,11,2025-02-15,45,0.05,20260101248
2025-09-06,248,12,2025-02-10,40,0.05,20260101248
2025-09-06,248,13,2025-05-13,132,0.05,20260101248
2025-09-06,248,14,2025-03-29,87,0.05,20260101248
2025-09-06,248,15,2025-08-13,224,0.05,20260101248
2025-09-06,248,16,2025-08-17,228,0.05,20260101248
2025-09-06,248,17,2025-08-16,227,0.05,20260101248
2025-09-06,248,18,2025-04-23,112,0.05,20260101248
2025-09-06,248,19,2025-08-02,213,0.05,20260101248
2025-09-06,248,20,2025-06-09,159,0.05,20260101248
2025-09-07,249,1,2025-05-12,131,0.05,20260101249
2025-09-07,249,2,2025-06-02,152,0.05,20260101249
2025-09-07,249,3,2025-01-12,11,0.05,20260101249
2025-09-07,249,4,2025-08-29,240,0.05,20260101249
2025-09-07,249,5,2025-08-23,234,0.05,20260101249
2025-09-07,249,6,2025-02-03,33,0.05,20260101249
2025-09-07,249,7,2025-02-05,35,0.05,20260101249
2025-09-07,249,8,2025-03-30,88,0.05,20260101249
2025-09-07,249,9,2025-07-02,182,0.05,20260101249
2025-09-07,249,10,2025-08-28,239,0.05,20260101249
2025-09-07,249,11,2025-07-20,200,0.05,20260101249
2025-09-07,249,12,2025-05-01,120,0.05,20260101249
2025-09-07,249,13,2025-03-05,63,0.05,20260101249
2025-09-07,249,14,2025-07-07,187,0.05,20260101249
2025-09-07,249,15,2025-06-20,170,0.05,20260101249
2025-09-07,249,16,2025-06-12,162,0.05,20260101249
2025-09-07,249,17,2025-08-25,236,0.05,20260101249
2025-09-07,249,18,2025-01-30,29,0.05,20260101249
2025-09-07,249,19,2025-01-12,11,0.05,20260101249
2025-09-07,249,20,2025-08-03,214,0.05,20260101249
2025-09-08,250,1,2025-06-26,176,0.05,20260101250
2025-09-08,250,2,2025-04-13,102,0.05,20260101250
2025-09-08,250,3,2025-04-06,95,0.05,20260101250
2025-09-08,250,4,2025-05-20,139,0.05,20260101250
2025-09-08,250,5,2025-08-28,239,0.05,20260101250
2025-09-08,250,6,2025-05-29,148,0.05,20260101250
2025-09-08,250,7,2025-03-24,82,0.05,20260101250
2025-09-08,250,8,2025-06-12,162,0.05,20260101250
2025-09-08,250,9,2025-05-24,143,0.05,20260101250
2025-09-08,250,10,2025-02-28,58,0.05,20260101250
2025-09-08,250,11,2025-03-15,73,0.05,20260101250
2025-09-08,250,12,2025-03-27,85,0.05,20260101250
2025-09-08,250,13,2025-07-14,194,0.05,20260101250
2025-09-08,250,14,2025-07-11,191,0.05,20260101250
2025-09-08,250,15,2025-08-26,237,0.05,20260101250
2025-09-08,250,16,2025-07-17,197,0.05,20260101250
2025-09-08,250,17,2025-05-12,131,0.05,20260101250
2025-09-08,250,18,2025-07-01,181,0.05,20260101250
2025-09-08,250,19,2025-08-29,240,0.05,20260101250
2025-09-08,250,20,2025-03-30,88,0.05,20260101250
2025-09-09,251,1,2025-04-29,118,0.05,20260101251
2025-09-09,251,2,2025-08-27,238,0.05,20260101251
2025-09-09,251,3,2025-07-06,186,0.05,20260101251
2025-09-09,251,4,2025-02-15,45,0.05,20260101251
2025-09-09,251,5,2025-07-18,198,0.05,20260101251
2025-09-09,251,6,2025-07-27,207,0.05,20260101251
2025-09-09,251,7,2025-09-05,247,0.05,20260101251
2025-09-09,251,8,2025-02-08,38,0.05,20260101251
2025-09-09,251,9,2025-08-14,225,0.05,20260101251
2025-09-09,251,10,2025-06-08,158,0.05,20260101251
2025-09-09,251,11,2025-08-07,218,0.05,20260101251
2025-09-09,251,12,2025-03-25,83,0.05,20260101251
2025-09-09,251,13,2025-03-13,71,0.05,20260101251
2025-09-09,251,14,2025-07-27,207,0.05,20260101251
2025-09-09,251,15,2025-04-02,91,0.05,20260101251
2025-09-09,251,16,2025-01-20,19,0.05,20260101251
2025-09-09,251,17,2025-02-05,35,0.05,20260101251
2025-09-09,251,18,2025-03-31,89,0.05,20260101251
2025-09-09,251,19,2025-08-16,227,0.05,20260101251
2025-09-09,251,20,2025-08-04,215,0.05,20260101251
2025-09-10,252,1,2025-03-06,64,0.05,20260101252
2025-09-10,252,2,2025-04-02,91,0.05,20260101252
2025-09-10,252,3,2025-03-13,71,0.05,20260101252
2025-09-10,252,4,2025-01-03,2,0.05,20260101252
2025-09-10,252,5,2025-08-25,236,0.05,20260101252
2025-09-10,252,6,2025-03-11,69,0.05,20260101252
2025-09-10,252,7,2025-09-09,251,0.05,20260101252
2025-09-10,252,8,2025-04-20,109,0.05,20260101252
2025-09-10,252,9,2025-02-07,37,0.05,20260101252
2025-09-10,252,10,2025-08-29,240,0.05,20260101252
2025-09-10,252,11,2025-08-13,224,0.05,20260101252
2025-09-10,252,12,2025-04-29,118,0.05,20260101252
2025-09-10,252,13,2025-08-31,242,0.05,20260101252
2025-09-10,252,14,2025-02-23,53,0.05,20260101252
2025-09-10,252,15,2025-08-27,238,0.05,20260101252
2025-09-10,252,16,2025-08-30,241,0.05,20260101252
2025-09-10,252,17,2025-08-24,235,0.05,20260101252
2025-09-10,252,18,2025-04-06,95,0.05,20260101252
2025-09-10,252,19,2025-07-27,207,0.05,20260101252
2025-09-10,252,20,2025-07-08,188,0.05,20260101252
2025-09-11,253,1,2025-04-07,96,0.05,20260101253
2025-09-11,253,2,2025-02-28,58,0.05,20260101253
2025-09-11,253,3,2025-08-31,242,0.05,20260101253
2025-09-11,253,4,2025-06-01,151,0.05,20260101253
2025-09-11,253,5,2025-01-19,18,0.05,20260101253
2025-09-11,253,6,2025-05-19,138,0.05,20260101253
2025-09-11,253,7,2025-07-23,203,0.05,20260101253
2025-09-11,253,8,2025-09-08,250,0.05,20260101253
2025-09-11,253,9,2025-03-06,64,0.05,20260101253
2025-09-11,253,10,2025-01-10,9,0.05,20260101253
2025-09-11,253,11,2025-08-16,227,0.05,20260101253
2025-09-11,253,12,2025-02-22,52,0.05,20260101253
2025-09-11,253,13,2025-09-05,247,0.05,20260101253
2025-09-11,253,14,2025-08-18,229,0.05,20260101253
2025-09-11,253,15,2025-02-19,49,0.05,20260101253
2025-09-11,253,16,2025-03-19,77,0.05,20260101253
2025-09-11,253,17,2025-07-13,193,0.05,20260101253
2025-09-11,253,18,2025-02-01,31,0.05,20260101253
2025-09-11,253,19,2025-03-26,84,0.05,20260101253
2025-09-11,253,20,2025-02-24,54,0.05,20260101253
2025-09-12,254,1,2025-09-03,245,0.05,20260101254
2025-09-12,254,2,2025-07-15,195,0.05,20260101254
2025-09-12,254,3,2025-04-27,116,0.05,20260101254
2025-09-12,254,4,2025-03-04,62,0.05,20260101254
2025-09-12,254,5,2025-03-02,60,0.05,20260101254
2025-09-12,254,6,2025-01-23,22,0.05,20260101254
2025-09-12,254,7,2025-01-08,7,0.05,20260101254
2025-09-12,254,8,2025-08-02,213,0.05,20260101254
2025-09-12,254,9,2025-01-06,5,0.05,20260101254
2025-09-12,254,10,2025-02-12,42,0.05,20260101254
2025-09-12,254,11,2025-08-22,233,0.05,20260101254
2025-09-12,254,12,2025-01-21,20,0.05,20260101254
2025-09-12,254,13,2025-01-09,8,0.05,20260101254
2025-09-12,254,14,2025-04-25,114,0.05,20260101254
2025-09-12,254,15,2025-04-02,91,0.05,20260101254
2025-09-12,254,16,2025-04-27,116,0.05,20260101254
2025-09-12,254,17,2025-07-29,209,0.05,20260101254
2025-09-12,254,18,2025-04-09,98,0.05,20260101254
2025-09-12,254,19,2025-07-17,197,0.05,20260101254
2025-09-12,254,20,2025-08-01,212,0.05,20260101254
2025-09-13,255,1,2025-09-12,254,0.05,20260101255
2025-09-13,255,2,2025-07-05,185,0.05,20260101255
2025-09-13,255,3,2025-05-25,144,0.05,20260101255
2025-09-13,255,4,2025-07-07,187,0.05,20260101255
2025-09-13,255,5,2025-07-26,206,0.05,20260101255
2025-09-13,255,6,2025-07-22,202,0.05,20260101255
2025-09-13,255,7,2025-09-04,246,0.05,20260101255
2025-09-13,255,8,2025-07-26,206,0.05,20260101255
2025-09-13,255,9,2025-02-11,41,0.05,20260101255
2025-09-13,255,10,2025-08-13,224,0.05,20260101255
2025-09-13,255,11,2025-08-23,234,0.05,20260101255
2025-09-13,255,12,2025-05-26,145,0.05,20260101255
2025-09-13,255,13,2025-07-02,182,0.05,20260101255
2025-09-13,255,14,2025-05-08,127,0.05,20260101255
2025-09-13,255,15,2025-03-29,87,0.05,20260101255
2025-09-13,255,16,2025-03-04,62,0.05,20260101255
2025-09-13,255,17,2025-07-07,187,0.05,20260101255
2025-09-13,255,18,2025-05-11,130,0.05,20260101255
2025-09-13,255,19,2025-01-08,7,0.05,20260101255
2025-09-13,255,20,2025-02-22,52,0.05,20260101255
2025-09-14,256,1,2025-05-26,145,0.05,20260101256
2025-09-14,256,2,2025-08-14,225,0.05,20260101256
2025-09-14,256,3,2025-05-01,120,0.05,20260101256
2025-09-14,256,4,2025-03-10,68,0.05,20260101256
2025-09-14,256,5,2025-02-08,38,0.05,20260101256
2025-09-14,256,6,2025-06-29,179,0.05,20260101256
2025-09-14,256,7,2025-04-02,91,0.05,20260101256
2025-09-14,256,8,2025-04-02,91,0.05,20260101256
2025-09-14,256,9,2025-06-30,180,0.05,20260101256
2025-09-14,256,10,2025-02-01,31,0.05,20260101256
2025-09-14,256,11,2025-05-24,143,0.05,20260101256
2025-09-14,256,12,2025-05-08,127,0.05,20260101256
2025-09-14,256,13,2025-06-23,173,0.05,20260101256
2025-09-14,256,14,2025-08-30,241,0.05,20260101256
2025-09-14,256,15,2025-07-10,190,0.05,20260101256
2025-09-14,256,16,2025-06-12,162,0.05,20260101256
2025-09-14,256,17,2025-03-23,81,0.05,20260101256
2025-09-14,256,18,2025-05-12,131,0.05,20260101256
2025-09-14,256,19,2025-02-15,45,0.05,20260101256
2025-09-14,256,20,2025-07-29,209,0.05,20260101256
2025-09-15,257,1,2025-08-20,231,0.05,20260101257
2025-09-15,257,2,2025-03-04,62,0.05,20260101257
2025-09-15,257,3,2025-04-09,98,0.05,20260101257
2025-09-15,257,4,2025-06-28,178,0.05,20260101257
2025-09-15,257,5,2025-08-27,238,0.05,20260101257
2025-09-15,257,6,2025-03-18,76,0.05,20260101257
2025-09-15,257,7,2025-06-04,154,0.05,20260101257
2025-09-15,257,8,2025-01-24,23,0.05,20260101257
2025-09-15,257,9,2025-07-08,188,0.05,20260101257
2025-09-15,257,10,2025-09-13,255,0.05,20260101257
2025-09-15,257,11,2025-07-25,205,0.05,20260101257
2025-09-15,257,12,2025-03-03,61,0.05,20260101257
2025-09-15,257,13,2025-01-27,26,0.05,20260101257
2025-09-15,257,14,2025-04-05,94,0.05,20260101257
2025-09-15,257,15,2025-08-22,233,0.05,20260101257
2025-09-15,257,16,2025-09-05,247,0.05,20260101257
2025-09-15,257,17,2025-06-22,172,0.05,20260101257
2025-09-15,257,18,2025-04-06,95,0.05,20260101257
2025-09-15,257,19,2025-05-14,133,0.05,20260101257
2025-09-15,257,20,2025-03-19,77,0.05,20260101257
2025-09-16,258,1,2025-01-09,8,0.05,20260101258
2025-09-16,258,2,2025-01-30,29,0.05,20260101258
2025-09-16,258,3,2025-09-08,250,0.05,20260101258
2025-09-16,258,4,2025-07-07,187,0.05,20260101258
2025-09-16,258,5,2025-08-10,221,0.05,20260101258
2025-09-16,258,6,2025-03-26,84,0.05,20260101258
2025-09-16,258,7,2025-05-16,135,0.05,20260101258
2025-09-16,258,8,2025-04-27,116,0.05,20260101258
2025-09-16,258,9,2025-01-31,30,0.05,20260101258
2025-09-16,258,10,2025-03-12,70,0.05,20260101258
2025-09-16,258,11,2025-01-21,20,0.05,20260101258
2025-09-16,258,12,2025-02-21,51,0.05,20260101258
2025-09-16,258,13,2025-01-04,3,0.05,20260101258
2025-09-16,258,14,2025-08-09,220,0.05,20260101258
2025-09-16,258,15,2025-01-16,15,0.05,20260101258
2025-09-16,258,16,2025-07-04,184,0.05,20260101258
2025-09-16,258,17,2025-03-07,65,0.05,20260101258
2025-09-16,258,18,2025-07-14,194,0.05,20260101258
2025-09-16,258,19,2025-04-07,96,0.05,20260101258
2025-09-16,258,20,2025-04-22,111,0.05,20260101258
2025-09-17,259,1,2025-02-03,33,0.05,20260101259
2025-09-17,259,2,2025-01-16,15,0.05,20260101259
2025-09-17,259,3,2025-02-24,54,0.05,20260101259
2025-09-17,259,4,2025-05-20,139,0.05,20260101259
2025-09-17,259,5,2025-02-04,34,0.05,20260101259
2025-09-17,259,6,2025-02-03,33,0.05,20260101259
2025-09-17,259,7,2025-01-05,4,0.05,20260101259
2025-09-17,259,8,2025-06-10,160,0.05,20260101259
2025-09-17,259,9,2025-01-25,24,0.05,20260101259
2025-09-17,259,10,2025-03-23,81,0.05,20260101259
2025-09-17,259,11,2025-07-23,203,0.05,20260101259
2025-09-17,259,12,2025-06-08,158,0.05,20260101259
2025-09-17,259,13,2025-04-25,114,0.05,20260101259
2025-09-17,259,14,2025-06-24,174,0.05,20260101259
2025-09-17,259,15,2025-04-15,104,0.05,20260101259
2025-09-17,259,16,2025-05-21,140,0.05,20260101259
2025-09-17,259,17,2025-03-15,73,0.05,20260101259
2025-09-17,259,18,2025-05-10,129,0.05,20260101259
2025-09-17,259,19,2025-03-25,83,0.05,20260101259
2025-09-17,259,20,2025-03-01,59,0.05,20260101259
2025-09-18,260,1,2025-03-10,68,0.05,20260101260
2025-09-18,260,2,2025-03-04,62,0.05,20260101260
2025-09-18,260,3,2025-07-07,187,0.05,20260101260
2025-09-18,260,4,2025-05-06,125,0.05,20260101260
2025-09-18,260,5,2025-06-22,172,0.05,20260101260
2025-09-18,260,6,2025-05-26,145,0.05,20260101260
2025-09-18,260,7,2025-07-20,200,0.05,20260101260
2025-09-18,260,8,2025-07-24,204,0.05,20260101260
2025-09-18,260,9,2025-01-02,1,0.05,20260101260
2025-09-18,260,10,2025-05-30,149,0.05,20260101260
2025-09-18,260,11,2025-06-19,169,0.05,20260101260
2025-09-18,260,12,2025-01-29,28,0.05,20260101260
2025-09-18,260,13,2025-08-28,239,0.05,20260101260
2025-09-18,260,14,2025-01-26,25,0.05,20260101260
2025-09-18,260,15,2025-02-28,58,0.05,20260101260
2025-09-18,260,16,2025-08-29,240,0.05,20260101260
2025-09-18,260,17,2025-01-11,10,0.05,20260101260
2025-09-18,260,18,2025-01-05,4,0.05,20260101260
2025-09-18,260,19,2025-06-29,179,0.05,20260101260
2025-09-18,260,20,2025-03-13,71,0.05,20260101260
2025-09-19,261,1,2025-07-13,193,0.05,20260101261
2025-09-19,261,2,2025-03-07,65,0.05,20260101261
2025-09-19,261,3,2025-09-12,254,0.05,20260101261
2025-09-19,261,4,2025-04-10,99,0.05,20260101261
2025-09-19,261,5,2025-05-02,121,0.05,20260101261
2025-09-19,261,6,2025-05-09,128,0.05,20260101261
2025-09-19,261,7,2025-02-14,44,0.05,20260101261
2025-09-19,261,8,2025-06-14,164,0.05,20260101261
2025-09-19,261,9,2025-03-18,76,0.05,20260101261
2025-09-19,261,10,2025-09-03,245,0.05,20260101261
2025-09-19,261,11,2025-07-19,199,0.05,20260101261
2025-09-19,261,12,2025-03-13,71,0.05,20260101261
2025-09-19,261,13,2025-04-18,107,0.05,20260101261
2025-09-19,261,14,2025-01-13,12,0.05,20260101261
2025-09-19,261,15,2025-08-24,235,0.05,20260101261
2025-09-19,261,16,2025-01-25,24,0.05,20260101261
2025-09-19,261,17,2025-04-17,106,0.05,20260101261
2025-09-19,261,18,2025-02-11,41,0.05,20260101261
2025-09-19,261,19,2025-01-27,26,0.05,20260101261
2025-09-19,261,20,2025-08-24,235,0.05,20260101261
2025-09-20,262,1,2025-01-30,29,0.05,20260101262
2025-09-20,262,2,2025-08-28,239,0.05,20260101262
2025-09-20,262,3,2025-09-09,251,0.05,20260101262
2025-09-20,262,4,2025-02-15,45,0.05,20260101262
2025-09-20,262,5,2025-02-27,57,0.05,20260101262
2025-09-20,262,6,2025-09-11,253,0.05,20260101262
2025-09-20,262,7,2025-07-11,191,0.05,20260101262
2025-09-20,262,8,2025-03-29,87,0.05,20260101262
2025-09-20,262,9,2025-08-19,230,0.05,20260101262
2025-09-20,262,10,2025-01-30,29,0.05,20260101262
2025-09-20,262,11,2025-05-30,149,0.05,20260101262
2025-09-20,262,12,2025-02-26,56,0.05,20260101262
2025-09-20,262,13,2025-08-16,227,0.05,20260101262
2025-09-20,262,14,2025-04-25,114,0.05,20260101262
2025-09-20,262,15,2025-08-25,236,0.05,20260101262
2025-09-20,262,16,2025-03-09,67,0.05,20260101262
2025-09-20,262,17,2025-01-24,23,0.05,20260101262
2025-09-20,262,18,2025-06-25,175,0.05,20260101262
2025-09-20,262,19,2025-03-15,73,0.05,20260101262
2025-09-20,262,20,2025-08-20,231,0.05,20260101262
2025-09-21,263,1,2025-01-20,19,0.05,20260101263
2025-09-21,263,2,2025-01-25,24,0.05,20260101263
2025-09-21,263,3,2025-08-23,234,0.05,20260101263
2025-09-21,263,4,2025-07-07,187,0.05,20260101263
2025-09-21,263,5,2025-06-02,152,0.05,20260101263
2025-09-21,263,6,2025-06-25,175,0.05,20260101263
2025-09-21,263,7,2025-07-19,199,0.05,20260101263
2025-09-21,263,8,2025-06-13,163,0.05,20260101263
2025-09-21,263,9,2025-08-27,238,0.05,20260101263
2025-09-21,263,10,2025-05-03,122,0.05,20260101263
2025-09-21,263,11,2025-06-09,159,0.05,20260101263
2025-09-21,263,12,2025-05-02,121,0.05,20260101263
2025-09-21,263,13,2025-04-01,90,0.05,20260101263
2025-09-21,263,14,2025-04-28,117,0.05,20260101263
2025-09-21,263,15,2025-04-04,93,0.05,20260101263
2025-09-21,263,16,2025-02-12,42,0.05,20260101263
2025-09-21,263,17,2025-04-27,116,0.05,20260101263
2025-09-21,263,18,2025-03-06,64,0.05,20260101263
2025-09-21,263,19,2025-03-28,86,0.05,20260101263
2025-09-21,263,20,2025-06-24,174,0.05,20260101263
2025-09-22,264,1,2025-01-29,28,0.05,20260101264
2025-09-22,264,2,2025-05-05,124,0.05,20260101264
2025-09-22,264,3,2025-05-16,135,0.05,20260101264
2025-09-22,264,4,2025-03-15,73,0.05,20260101264
2025-09-22,264,5,2025-03-16,74,0.05,20260101264
2025-09-22,264,6,2025-05-15,134,0.05,20260101264
2025-09-22,264,7,2025-07-31,211,0.05,20260101264
2025-09-22,264,8,2025-01-08,7,0.05,20260101264
2025-09-22,264,9,2025-05-09,128,0.05,20260101264
2025-09-22,264,10,2025-03-03,61,0.05,20260101264
2025-09-22,264,11,2025-08-27,238,0.05,20260101264
2025-09-22,264,12,2025-02-02,32,0.05,20260101264
2025-09-22,264,13,2025-02-28,58,0.05,20260101264
2025-09-22,264,14,2025-05-10,129,0.05,20260101264
2025-09-22,264,15,2025-07-09,189,0.05,20260101264
2025-09-22,264,16,2025-03-01,59,0.05,20260101264
2025-09-22,264,17,2025-07-28,208,0.05,20260101264
2025-09-22,264,18,2025-06-19,169,0.05,20260101264
2025-09-22,264,19,2025-08-31,242,0.05,20260101264
2025-09-22,264,20,2025-06-23,173,0.05,20260101264
2025-09-23,265,1,2025-07-31,211,0.05,20260101265
2025-09-23,265,2,2025-08-08,219,0.05,20260101265
2025-09-23,265,3,2025-01-08,7,0.05,20260101265
2025-09-23,265,4,2025-07-08,188,0.05,20260101265
2025-09-23,265,5,2025-06-09,159,0.05,20260101265
2025-09-23,265,6,2025-02-26,56,0.05,20260101265
2025-09-23,265,7,2025-05-30,149,0.05,20260101265
2025-09-23,265,8,2025-01-20,19,0.05,20260101265
2025-09-23,265,9,2025-05-26,145,0.05,20260101265
2025-09-23,265,10,2025-08-10,221,0.05,20260101265
2025-09-23,265,11,2025-04-21,110,0.05,20260101265
2025-09-23,265,12,2025-05-24,143,0.05,20260101265
2025-09-23,265,13,2025-07-15,195,0.05,20260101265
2025-09-23,265,14,2025-02-28,58,0.05,20260101265
2025-09-23,265,15,2025-07-04,184,0.05,20260101265
2025-09-23,265,16,2025-05-06,125,0.05,20260101265
2025-09-23,265,17,2025-01-18,17,0.05,20260101265
2025-09-23,265,18,2025-01-10,9,0.05,20260101265
2025-09-23,265,19,2025-06-05,155,0.05,20260101265
2025-09-23,265,20,2025-09-17,259,0.05,20260101265
2025-09-24,266,1,2025-06-16,166,0.05,20260101266
2025-09-24,266,2,2025-07-16,196,0.05,20260101266
2025-09-24,266,3,2025-01-27,26,0.05,20260101266
2025-09-24,266,4,2025-01-31,30,0.05,20260101266
2025-09-24,266,5,2025-09-17,259,0.05,20260101266
2025-09-24,266,6,2025-08-19,230,0.05,20260101266
2025-09-24,266,7,2025-04-04,93,0.05,20260101266
2025-09-24,266,8,2025-03-23,81,0.05,20260101266
2025-09-24,266,9,2025-02-22,52,0.05,20260101266
2025-09-24,266,10,2025-09-06,248,0.05,20260101266
2025-09-24,266,11,2025-03-11,69,0.05,20260101266
2025-09-24,266,12,2025-08-16,227,0.05,20260101266
2025-09-24,266,13,2025-08-28,239,0.05,20260101266
2025-09-24,266,14,2025-02-08,38,0.05,20260101266
2025-09-24,266,15,2025-08-15,226,0.05,20260101266
2025-09-24,266,16,2025-07-21,201,0.05,20260101266
2025-09-24,266,17,2025-05-19,138,0.05,20260101266
2025-09-24,266,18,2025-07-27,207,0.05,20260101266
2025-09-24,266,19,2025-04-08,97,0.05,20260101266
2025-09-24,266,20,2025-04-24,113,0.05,20260101266
2025-09-25,267,1,2025-01-11,10,0.05,20260101267
2025-09-25,267,2,2025-01-03,2,0.05,20260101267
2025-09-25,267,3,2025-04-17,106,0.05,20260101267
2025-09-25,267,4,2025-02-27,57,0.05,20260101267
2025-09-25,267,5,2025-08-13,224,0.05,20260101267
2025-09-25,267,6,2025-07-13,193,0.05,20260101267
2025-09-25,267,7,2025-02-16,46,0.05,20260101267
2025-09-25,267,8,2025-06-07,157,0.05,20260101267
2025-09-25,267,9,2025-02-18,48,0.05,20260101267
2025-09-25,267,10,2025-03-04,62,0.05,20260101267
2025-09-25,267,11,2025-02-21,51,0.05,20260101267
2025-09-25,267,12,2025-09-07,249,0.05,20260101267
2025-09-25,267,13,2025-04-14,103,0.05,20260101267
2025-09-25,267,14,2025-09-08,250,0.05,20260101267
2025-09-25,267,15,2025-07-29,209,0.05,20260101267
2025-09-25,267,16,2025-03-30,88,0.05,20260101267
2025-09-25,267,17,2025-09-17,259,0.05,20260101267
2025-09-25,267,18,2025-03-18,76,0.05,20260101267
2025-09-25,267,19,2025-01-31,30,0.05,20260101267
2025-09-25,267,20,2025-03-26,84,0.05,20260101267
2025-09-26,268,1,2025-08-23,234,0.05,20260101268
2025-09-26,268,2,2025-08-14,225,0.05,20260101268
2025-09-26,268,3,2025-09-25,267,0.05,20260101268
2025-09-26,268,4,2025-08-05,216,0.05,20260101268
2025-09-26,268,5,2025-05-14,133,0.05,20260101268
2025-09-26,268,6,2025-06-24,174,0.05,20260101268
2025-09-26,268,7,2025-08-20,231,0.05,20260101268
2025-09-26,268,8,2025-03-22,80,0.05,20260101268
2025-09-26,268,9,2025-02-28,58,0.05,20260101268
2025-09-26,268,10,2025-01-31,30,0.05,20260101268
2025-09-26,268,11,2025-01-22,21,0.05,20260101268
2025-09-26,268,12,2025-03-14,72,0.05,20260101268
2025-09-26,268,13,2025-07-25,205,0.05,20260101268
2025-09-26,268,14,2025-04-05,94,0.05,20260101268
2025-09-26,268,15,2025-08-09,220,0.05,20260101268
2025-09-26,268,16,2025-02-21,51,0.05,20260101268
2025-09-26,268,17,2025-07-31,211,0.05,20260101268
2025-09-26,268,18,2025-06-18,168,0.05,20260101268
2025-09-26,268,19,2025-09-18,260,0.05,20260101268
2025-09-26,268,20,2025-05-16,135,0.05,20260101268
2025-09-27,269,1,2025-02-19,49,0.05,20260101269
2025-09-27,269,2,2025-04-09,98,0.05,20260101269
2025-09-27,269,3,2025-06-18,168,0.05,20260101269
2025-09-27,269,4,2025-08-13,224,0.05,20260101269
2025-09-27,269,5,2025-08-14,225,0.05,20260101269
2025-09-27,269,6,2025-04-21,110,0.05,20260101269
2025-09-27,269,7,2025-07-06,186,0.05,20260101269
2025-09-27,269,8,2025-04-04,93,0.05,20260101269
2025-09-27,269,9,2025-03-01,59,0.05,20260101269
2025-09-27,269,10,2025-04-22,111,0.05,20260101269
2025-09-27,269,11,2025-02-20,50,0.05,20260101269
2025-09-27,269,12,2025-03-13,71,0.05,20260101269
2025-09-27,269,13,2025-05-27,146,0.05,20260101269
2025-09-27,269,14,2025-01-07,6,0.05,20260101269
2025-09-27,269,15,2025-02-20,50,0.05,20260101269
2025-09-27,269,16,2025-01-09,8,0.05,20260101269
2025-09-27,269,17,2025-08-04,215,0.05,20260101269
2025-09-27,269,18,2025-07-04,184,0.05,20260101269
2025-09-27,269,19,2025-09-04,246,0.05,20260101269
2025-09-27,269,20,2025-06-20,170,0.05,20260101269
2025-09-28,270,1,2025-06-21,171,0.05,20260101270
2025-09-28,270,2,2025-09-12,254,0.05,20260101270
2025-09-28,270,3,2025-09-26,268,0.05,20260101270
2025-09-28,270,4,2025-09-26,268,0.05,20260101270
2025-09-28,270,5,2025-02-11,41,0.05,20260101270
2025-09-28,270,6,2025-07-08,188,0.05,20260101270
2025-09-28,270,7,2025-05-17,136,0.05,20260101270
2025-09-28,270,8,2025-03-07,65,0.05,20260101270
2025-09-28,270,9,2025-05-22,141,0.05,20260101270
2025-09-28,270,10,2025-02-15,45,0.05,20260101270
2025-09-28,270,11,2025-08-13,224,0.05,20260101270
2025-09-28,270,12,2025-01-19,18,0.05,20260101270
2025-09-28,270,13,2025-09-19,261,0.05,20260101270
2025-09-28,270,14,2025-01-19,18,0.05,20260101270
2025-09-28,270,15,2025-04-24,113,0.05,20260101270
2025-09-28,270,16,2025-06-15,165,0.05,20260101270
2025-09-28,270,17,2025-01-06,5,0.05,20260101270
2025-09-28,270,18,2025-03-14,72,0.05,20260101270
2025-09-28,270,19,2025-03-03,61,0.05,20260101270
2025-09-28,270,20,2025-07-08,188,0.05,20260101270
2025-09-29,271,1,2025-01-16,15,0.05,20260101271
2025-09-29,271,2,2025-08-12,223,0.05,20260101271
2025-09-29,271,3,2025-07-13,193,0.05,20260101271
2025-09-29,271,4,2025-08-28,239,0.05,20260101271
2025-09-29,271,5,2025-08-24,235,0.05,20260101271
2025-09-29,271,6,2025-03-13,71,0.05,20260101271
2025-09-29,271,7,2025-01-03,2,0.05,20260101271
2025-09-29,271,8,2025-06-04,154,0.05,20260101271
2025-09-29,271,9,2025-08-07,218,0.05,20260101271
2025-09-29,271,10,2025-04-17,106,0.05,20260101271
2025-09-29,271,11,2025-08-03,214,0.05,20260101271
2025-09-29,271,12,2025-06-22,172,0.05,20260101271
2025-09-29,271,13,2025-01-20,19,0.05,20260101271
2025-09-29,271,14,2025-03-26,84,0.05,20260101271
2025-09-29,271,15,2025-04-27,116,0.05,20260101271
2025-09-29,271,16,2025-03-11,69,0.05,20260101271
2025-09-29,271,17,2025-02-24,54,0.05,20260101271
2025-09-29,271,18,2025-05-08,127,0.05,20260101271
2025-09-29,271,19,2025-01-25,24,0.05,20260101271
2025-09-29,271,20,2025-09-17,259,0.05,20260101271
2025-09-30,272,1,2025-09-09,251,0.05,20260101272
2025-09-30,272,2,2025-07-29,209,0.05,20260101272
2025-09-30,272,3,2025-06-10,160,0.05,20260101272
2025-09-30,272,4,2025-08-29,240,0.05,20260101272
2025-09-30,272,5,2025-09-22,264,0.05,20260101272
2025-09-30,272,6,2025-07-19,199,0.05,20260101272
2025-09-30,272,7,2025-01-25,24,0.05,20260101272
2025-09-30,272,8,2025-08-31,242,0.05,20260101272
2025-09-30,272,9,2025-02-15,45,0.05,20260101272
2025-09-30,272,10,2025-06-30,180,0.05,20260101272
2025-09-30,272,11,2025-01-02,1,0.05,20260101272
2025-09-30,272,12,2025-07-30,210,0.05,20260101272
2025-09-30,272,13,2025-05-28,147,0.05,20260101272
2025-09-30,272,14,2025-03-22,80,0.05,20260101272
2025-09-30,272,15,2025-01-18,17,0.05,20260101272
2025-09-30,272,16,2025-07-07,187,0.05,20260101272
2025-09-30,272,17,2025-07-22,202,0.05,20260101272
2025-09-30,272,18,2025-05-14,133,0.05,20260101272
2025-09-30,272,19,2025-04-29,118,0.05,20260101272
2025-09-30,272,20,2025-08-23,234,0.05,20260101272
2025-10-01,273,1,2025-02-09,39,0.05,20260101273
2025-10-01,273,2,2025-07-19,199,0.05,20260101273
2025-10-01,273,3,2025-06-19,169,0.05,20260101273
2025-10-01,273,4,2025-01-31,30,0.05,20260101273
2025-10-01,273,5,2025-07-29,209,0.05,20260101273
2025-10-01,273,6,2025-05-18,137,0.05,20260101273
2025-10-01,273,7,2025-02-05,35,0.05,20260101273
2025-10-01,273,8,2025-05-30,149,0.05,20260101273
2025-10-01,273,9,2025-05-25,144,0.05,20260101273
2025-10-01,273,10,2025-09-29,271,0.05,20260101273
2025-10-01,273,11,2025-08-20,231,0.05,20260101273
2025-10-01,273,12,2025-07-16,196,0.05,20260101273
2025-10-01,273,13,2025-09-24,266,0.05,20260101273
2025-10-01,273,14,2025-08-23,234,0.05,20260101273
2025-10-01,273,15,2025-01-06,5,0.05,20260101273
2025-10-01,273,16,2025-05-05,124,0.05,20260101273
2025-10-01,273,17,2025-01-04,3,0.05,20260101273
2025-10-01,273,18,2025-02-25,55,0.05,20260101273
2025-10-01,273,19,2025-04-16,105,0.05,20260101273
2025-10-01,273,20,2025-01-18,17,0.05,20260101273
2025-10-02,274,1,2025-08-22,233,0.05,20260101274
2025-10-02,274,2,2025-08-28,239,0.05,20260101274
2025-10-02,274,3,2025-01-03,2,0.05,20260101274
2025-10-02,274,4,2025-05-10,129,0.05,20260101274
2025-10-02,274,5,2025-07-07,187,0.05,20260101274
2025-10-02,274,6,2025-02-24,54,0.05,20260101274
2025-10-02,274,7,2025-05-04,123,0.05,20260101274
2025-10-02,274,8,2025-08-22,233,0.05,20260101274
2025-10-02,274,9,2025-07-20,200,0.05,20260101274
2025-10-02,274,10,2025-08-24,235,0.05,20260101274
2025-10-02,274,11,2025-05-08,127,0.05,20260101274
2025-10-02,274,12,2025-09-08,250,0.05,20260101274
2025-10-02,274,13,2025-06-12,162,0.05,20260101274
2025-10-02,274,14,2025-09-08,250,0.05,20260101274
2025-10-02,274,15,2025-08-26,237,0.05,20260101274
2025-10-02,274,16,2025-01-23,22,0.05,20260101274
2025-10-02,274,17,2025-05-27,146,0.05,20260101274
2025-10-02,274,18,2025-03-15,73,0.05,20260101274
2025-10-02,274,19,2025-08-29,240,0.05,20260101274
2025-10-02,274,20,2025-09-13,255,0.05,20260101274
2025-10-03,275,1,2025-09-17,259,0.05,20260101275
2025-10-03,275,2,2025-06-22,172,0.05,20260101275
2025-10-03,275,3,2025-02-16,46,0.05,20260101275
2025-10-03,275,4,2025-09-03,245,0.05,20260101275
2025-10-03,275,5,2025-06-04,154,0.05,20260101275
2025-10-03,275,6,2025-06-13,163,0.05,20260101275
2025-10-03,275,7,2025-05-27,146,0.05,20260101275
2025-10-03,275,8,2025-07-21,201,0.05,20260101275
2025-10-03,275,9,2025-03-13,71,0.05,20260101275
2025-10-03,275,10,2025-02-15,45,0.05,20260101275
2025-10-03,275,11,2025-09-17,259,0.05,20260101275
2025-10-03,275,12,2025-07-07,187,0.05,20260101275
2025-10-03,275,13,2025-07-24,204,0.05,20260101275
2025-10-03,275,14,2025-09-09,251,0.05,20260101275
2025-10-03,275,15,2025-03-06,64,0.05,20260101275
2025-10-03,275,16,2025-08-10,221,0.05,20260101275
2025-10-03,275,17,2025-02-08,38,0.05,20260101275
2025-10-03,275,18,2025-05-10,129,0.05,20260101275
2025-10-03,275,19,2025-02-07,37,0.05,20260101275
2025-10-03,275,20,2025-04-13,102,0.05,20260101275
2025-10-04,276,1,2025-06-02,152,0.05,20260101276
2025-10-04,276,2,2025-02-01,31,0.05,20260101276
2025-10-04,276,3,2025-01-07,6,0.05,20260101276
2025-10-04,276,4,2025-03-29,87,0.05,20260101276
2025-10-04,276,5,2025-05-28,147,0.05,20260101276
2025-10-04,276,6,2025-01-27,26,0.05,20260101276
2025-10-04,276,7,2025-02-24,54,0.05,20260101276
2025-10-04,276,8,2025-09-02,244,0.05,20260101276
2025-10-04,276,9,2025-08-01,212,0.05,20260101276
2025-10-04,276,10,2025-01-06,5,0.05,20260101276
2025-10-04,276,11,2025-01-20,19,0.05,20260101276
2025-10-04,276,12,2025-08-22,233,0.05,20260101276
2025-10-04,276,13,2025-05-05,124,0.05,20260101276
2025-10-04,276,14,2025-04-20,109,0.05,20260101276
2025-10-04,276,15,2025-01-09,8,0.05,20260101276
2025-10-04,276,16,2025-06-07,157,0.05,20260101276
2025-10-04,276,17,2025-03-14,72,0.05,20260101276
2025-10-04,276,18,2025-01-31,30,0.05,20260101276
2025-10-04,276,19,2025-08-30,241,0.05,20260101276
2025-10-04,276,20,2025-07-01,181,0.05,20260101276
2025-10-05,277,1,2025-01-19,18,0.05,20260101277
2025-10-05,277,2,2025-07-13,193,0.05,20260101277
2025-10-05,277,3,2025-01-06,5,0.05,20260101277
2025-10-05,277,4,2025-09-01,243,0.05,20260101277
2025-10-05,277,5,2025-06-16,166,0.05,20260101277
2025-10-05,277,6,2025-09-25,267,0.05,20260101277
2025-10-05,277,7,2025-05-31,150,0.05,20260101277
2025-10-05,277,8,2025-01-15,14,0.05,20260101277
2025-10-05,277,9,2025-01-31,30,0.05,20260101277
2025-10-05,277,10,2025-08-18,229,0.05,20260101277
2025-10-05,277,11,2025-04-26,115,0.05,20260101277
2025-10-05,277,12,2025-09-24,266,0.05,20260101277
2025-10-05,277,13,2025-03-04,62,0.05,20260101277
2025-10-05,277,14,2025-02-02,32,0.05,20260101277
2025-10-05,277,15,2025-03-11,69,0.05,20260101277
2025-10-05,277,16,2025-05-01,120,0.05,20260101277
2025-10-05,277,17,2025-08-16,227,0.05,20260101277
2025-10-05,277,18,2025-02-27,57,0.05,20260101277
2025-10-05,277,19,2025-07-01,181,0.05,20260101277
2025-10-05,277,20,2025-09-30,272,0.05,20260101277
2025-10-06,278,1,2025-03-13,71,0.05,20260101278
2025-10-06,278,2,2025-08-15,226,0.05,20260101278
2025-10-06,278,3,2025-05-31,150,0.05,20260101278
2025-10-06,278,4,2025-09-18,260,0.05,20260101278
2025-10-06,278,5,2025-07-08,188,0.05,20260101278
2025-10-06,278,6,2025-04-25,114,0.05,20260101278
2025-10-06,278,7,2025-04-27,116,0.05,20260101278
2025-10-06,278,8,2025-06-29,179,0.05,20260101278
2025-10-06,278,9,2025-09-05,247,0.05,20260101278
2025-10-06,278,10,2025-02-08,38,0.05,20260101278
2025-10-06,278,11,2025-08-02,213,0.05,20260101278
2025-10-06,278,12,2025-03-18,76,0.05,20260101278
2025-10-06,278,13,2025-09-18,260,0.05,20260101278
2025-10-06,278,14,2025-08-13,224,0.05,20260101278
2025-10-06,278,15,2025-05-29,148,0.05,20260101278
2025-10-06,278,16,2025-04-06,95,0.05,20260101278
2025-10-06,278,17,2025-08-25,236,0.05,20260101278
2025-10-06,278,18,2025-03-31,89,0.05,20260101278
2025-10-06,278,19,2025-01-13,12,0.05,20260101278
2025-10-06,278,20,2025-07-28,208,0.05,20260101278
2025-10-07,279,1,2025-01-16,15,0.05,20260101279
2025-10-07,279,2,2025-05-16,135,0.05,20260101279
2025-10-07,279,3,2025-08-07,218,0.05,20260101279
2025-10-07,279,4,2025-06-23,173,0.05,20260101279
2025-10-07,279,5,2025-01-22,21,0.05,20260101279
2025-10-07,279,6,2025-06-28,178,0.05,20260101279
2025-10-07,279,7,2025-08-07,218,0.05,20260101279
2025-10-07,279,8,2025-04-25,114,0.05,20260101279
2025-10-07,279,9,2025-01-02,1,0.05,20260101279
2025-10-07,279,10,2025-08-12,223,0.05,20260101279
2025-10-07,279,11,2025-06-09,159,0.05,20260101279
2025-10-07,279,12,2025-08-20,231,0.05,20260101279
2025-10-07,279,13,2025-03-10,68,0.05,20260101279
2025-10-07,279,14,2025-07-02,182,0.05,20260101279
2025-10-07,279,15,2025-05-22,141,0.05,20260101279
2025-10-07,279,16,2025-09-13,255,0.05,20260101279
2025-10-07,279,17,2025-08-31,242,0.05,20260101279
2025-10-07,279,18,2025-08-06,217,0.05,20260101279
2025-10-07,279,19,2025-03-29,87,0.05,20260101279
2025-10-07,279,20,2025-01-13,12,0.05,20260101279
2025-10-08,280,1,2025-05-05,124,0.05,20260101280
2025-10-08,280,2,2025-03-31,89,0.05,20260101280
2025-10-08,280,3,2025-01-20,19,0.05,20260101280
2025-10-08,280,4,2025-09-24,266,0.05,20260101280
2025-10-08,280,5,2025-06-24,174,0.05,20260101280
2025-10-08,280,6,2025-03-06,64,0.05,20260101280
2025-10-08,280,7,2025-01-09,8,0.05,20260101280
2025-10-08,280,8,2025-07-16,196,0.05,20260101280
2025-10-08,280,9,2025-07-07,187,0.05,20260101280
2025-10-08,280,10,2025-08-21,232,0.05,20260101280
2025-10-08,280,11,2025-03-04,62,0.05,20260101280
2025-10-08,280,12,2025-06-27,177,0.05,20260101280
2025-10-08,280,13,2025-05-25,144,0.05,20260101280
2025-10-08,280,14,2025-02-22,52,0.05,20260101280
2025-10-08,280,15,2025-03-18,76,0.05,20260101280
2025-10-08,280,16,2025-03-04,62,0.05,20260101280
2025-10-08,280,17,2025-03-19,77,0.05,20260101280
2025-10-08,280,18,2025-05-08,127,0.05,20260101280
2025-10-08,280,19,2025-01-28,27,0.05,20260101280
2025-10-08,280,20,2025-04-24,113,0.05,20260101280
2025-10-09,281,1,2025-07-25,205,0.05,20260101281
2025-10-09,281,2,2025-08-06,217,0.05,20260101281
2025-10-09,281,3,2025-02-18,48,0.05,20260101281
2025-10-09,281,4,2025-03-26,84,0.05,20260101281
2025-10-09,281,5,2025-07-28,208,0.05,20260101281
2025-10-09,281,6,2025-06-21,171,0.05,20260101281
2025-10-09,281,7,2025-01-13,12,0.05,20260101281
2025-10-09,281,8,2025-08-28,239,0.05,20260101281
2025-10-09,281,9,2025-06-14,164,0.05,20260101281
2025-10-09,281,10,2025-04-19,108,0.05,20260101281
2025-10-09,281,11,2025-02-04,34,0.05,20260101281
2025-10-09,281,12,2025-03-26,84,0.05,20260101281
2025-10-09,281,13,2025-04-24,113,0.05,20260101281
2025-10-09,281,14,2025-01-30,29,0.05,20260101281
2025-10-09,281,15,2025-06-13,163,0.05,20260101281
2025-10-09,281,16,2025-09-21,263,0.05,20260101281
2025-10-09,281,17,2025-06-25,175,0.05,20260101281
2025-10-09,281,18,2025-01-18,17,0.05,20260101281
2025-10-09,281,19,2025-03-18,76,0.05,20260101281
2025-10-09,281,20,2025-06-05,155,0.05,20260101281
2025-10-10,282,1,2025-08-19,230,0.05,20260101282
2025-10-10,282,2,2025-09-12,254,0.05,20260101282
2025-10-10,282,3,2025-02-22,52,0.05,20260101282
2025-10-10,282,4,2025-01-08,7,0.05,20260101282
2025-10-10,282,5,2025-03-29,87,0.05,20260101282
2025-10-10,282,6,2025-04-24,113,0.05,20260101282
2025-10-10,282,7,2025-04-27,116,0.05,20260101282
2025-10-10,282,8,2025-08-04,215,0.05,20260101282
2025-10-10,282,9,2025-06-08,158,0.05,20260101282
2025-10-10,282,10,2025-08-19,230,0.05,20260101282
2025-10-10,282,11,2025-07-18,198,0.05,20260101282
2025-10-10,282,12,2025-03-13,71,0.05,20260101282
2025-10-10,282,13,2025-01-07,6,0.05,20260101282
2025-10-10,282,14,2025-06-13,163,0.05,20260101282
2025-10-10,282,15,2025-06-30,180,0.05,20260101282
2025-10-10,282,16,2025-03-10,68,0.05,20260101282
2025-10-10,282,17,2025-02-28,58,0.05,20260101282
2025-10-10,282,18,2025-07-15,195,0.05,20260101282
2025-10-10,282,19,2025-02-14,44,0.05,20260101282
2025-10-10,282,20,2025-09-14,256,0.05,20260101282
2025-10-11,283,1,2025-03-13,71,0.05,20260101283
2025-10-11,283,2,2025-04-12,101,0.05,20260101283
2025-10-11,283,3,2025-08-31,242,0.05,20260101283
2025-10-11,283,4,2025-04-09,98,0.05,20260101283
2025-10-11,283,5,2025-10-01,273,0.05,20260101283
2025-10-11,283,6,2025-02-25,55,0.05,20260101283
2025-10-11,283,7,2025-06-12,162,0.05,20260101283
2025-10-11,283,8,2025-03-16,74,0.05,20260101283
2025-10-11,283,9,2025-02-15,45,0.05,20260101283
2025-10-11,283,10,2025-05-09,128,0.05,20260101283
2025-10-11,283,11,2025-09-14,256,0.05,20260101283
2025-10-11,283,12,2025-07-04,184,0.05,20260101283
2025-10-11,283,13,2025-08-17,228,0.05,20260101283
2025-10-11,283,14,2025-04-14,103,0.05,20260101283
2025-10-11,283,15,2025-01-08,7,0.05,20260101283
2025-10-11,283,16,2025-07-24,204,0.05,20260101283
2025-10-11,283,17,2025-06-20,170,0.05,20260101283
2025-10-11,283,18,2025-03-05,63,0.05,20260101283
2025-10-11,283,19,2025-04-07,96,0.05,20260101283
2025-10-11,283,20,2025-08-08,219,0.05,20260101283
2025-10-12,284,1,2025-03-14,72,0.05,20260101284
2025-10-12,284,2,2025-06-13,163,0.05,20260101284
2025-10-12,284,3,2025-01-20,19,0.05,20260101284
2025-10-12,284,4,2025-10-07,279,0.05,20260101284
2025-10-12,284,5,2025-08-19,230,0.05,20260101284
2025-10-12,284,6,2025-07-25,205,0.05,20260101284
2025-10-12,284,7,2025-03-31,89,0.05,20260101284
2025-10-12,284,8,2025-01-26,25,0.05,20260101284
2025-10-12,284,9,2025-04-18,107,0.05,20260101284
2025-10-12,284,10,2025-01-02,1,0.05,20260101284
2025-10-12,284,11,2025-09-01,243,0.05,20260101284
2025-10-12,284,12,2025-09-21,263,0.05,20260101284
2025-10-12,284,13,2025-09-16,258,0.05,20260101284
2025-10-12,284,14,2025-06-26,176,0.05,20260101284
2025-10-12,284,15,2025-09-27,269,0.05,20260101284
2025-10-12,284,16,2025-05-23,142,0.05,20260101284
2025-10-12,284,17,2025-09-13,255,0.05,20260101284
2025-10-12,284,18,2025-03-24,82,0.05,20260101284
2025-10-12,284,19,2025-03-30,88,0.05,20260101284
2025-10-12,284,20,2025-09-22,264,0.05,20260101284
2025-10-13,285,1,2025-08-27,238,0.05,20260101285
2025-10-13,285,2,2025-06-13,163,0.05,20260101285
2025-10-13,285,3,2025-01-03,2,0.05,20260101285
2025-10-13,285,4,2025-08-25,236,0.05,20260101285
2025-10-13,285,5,2025-01-16,15,0.05,20260101285
2025-10-13,285,6,2025-02-18,48,0.05,20260101285
2025-10-13,285,7,2025-09-21,263,0.05,20260101285
2025-10-13,285,8,2025-05-31,150,0.05,20260101285
2025-10-13,285,9,2025-09-03,245,0.05,20260101285
2025-10-13,285,10,2025-03-08,66,0.05,20260101285
2025-10-13,285,11,2025-06-04,154,0.05,20260101285
2025-10-13,285,12,2025-10-04,276,0.05,20260101285
2025-10-13,285,13,2025-04-28,117,0.05,20260101285
2025-10-13,285,14,2025-07-03,183,0.05,20260101285
2025-10-13,285,15,2025-01-05,4,0.05,20260101285
2025-10-13,285,16,2025-07-08,188,0.05,20260101285
2025-10-13,285,17,2025-08-10,221,0.05,20260101285
2025-10-13,285,18,2025-03-25,83,0.05,20260101285
2025-10-13,285,19,2025-05-27,146,0.05,20260101285
2025-10-13,285,20,2025-03-03,61,0.05,20260101285
2025-10-14,286,1,2025-04-09,98,0.05,20260101286
2025-10-14,286,2,2025-04-20,109,0.05,20260101286
2025-10-14,286,3,2025-05-25,144,0.05,20260101286
2025-10-14,286,4,2025-06-24,174,0.05,20260101286
2025-10-14,286,5,2025-01-19,18,0.05,20260101286
2025-10-14,286,6,2025-05-03,122,0.05,20260101286
2025-10-14,286,7,2025-06-29,179,0.05,20260101286
2025-10-14,286,8,2025-03-27,85,0.05,20260101286
2025-10-14,286,9,2025-04-01,90,0.05,20260101286
2025-10-14,286,10,2025-05-21,140,0.05,20260101286
2025-10-14,286,11,2025-01-21,20,0.05,20260101286
2025-10-14,286,12,2025-01-31,30,0.05,20260101286
2025-10-14,286,13,2025-06-15,165,0.05,20260101286
2025-10-14,286,14,2025-01-10,9,0.05,20260101286
2025-10-14,286,15,2025-08-23,234,0.05,20260101286
2025-10-14,286,16,2025-03-08,66,0.05,20260101286
2025-10-14,286,17,2025-04-16,105,0.05,20260101286
2025-10-14,286,18,2025-03-03,61,0.05,20260101286
2025-10-14,286,19,2025-01-18,17,0.05,20260101286
2025-10-14,286,20,2025-04-14,103,0.05,20260101286
2025-10-15,287,1,2025-05-22,141,0.05,20260101287
2025-10-15,287,2,2025-09-11,253,0.05,20260101287
2025-10-15,287,3,2025-09-29,271,0.05,20260101287
2025-10-15,287,4,2025-05-09,128,0.05,20260101287
2025-10-15,287,5,2025-02-25,55,0.05,20260101287
2025-10-15,287,6,2025-08-18,229,0.05,20260101287
2025-10-15,287,7,2025-05-22,141,0.05,20260101287
2025-10-15,287,8,2025-09-13,255,0.05,20260101287
2025-10-15,287,9,2025-06-13,163,0.05,20260101287
2025-10-15,287,10,2025-02-08,38,0.05,20260101287
2025-10-15,287,11,2025-05-29,148,0.05,20260101287
2025-10-15,287,12,2025-06-03,153,0.05,20260101287
2025-10-15,287,13,2025-10-14,286,0.05,20260101287
2025-10-15,287,14,2025-07-13,193,0.05,20260101287
2025-10-15,287,15,2025-01-07,6,0.05,20260101287
2025-10-15,287,16,2025-02-06,36,0.05,20260101287
2025-10-15,287,17,2025-05-14,133,0.05,20260101287
2025-10-15,287,18,2025-06-23,173,0.05,20260101287
2025-10-15,287,19,2025-05-01,120,0.05,20260101287
2025-10-15,287,20,2025-04-23,112,0.05,20260101287
2025-10-16,288,1,2025-07-16,196,0.05,20260101288
2025-10-16,288,2,2025-06-17,167,0.05,20260101288
2025-10-16,288,3,2025-04-21,110,0.05,20260101288
2025-10-16,288,4,2025-09-24,266,0.05,20260101288
2025-10-16,288,5,2025-08-21,232,0.05,20260101288
2025-10-16,288,6,2025-07-07,187,0.05,20260101288
2025-10-16,288,7,2025-08-17,228,0.05,20260101288
2025-10-16,288,8,2025-08-05,216,0.05,20260101288
2025-10-16,288,9,2025-01-02,1,0.05,20260101288
2025-10-16,288,10,2025-01-27,26,0.05,20260101288
2025-10-16,288,11,2025-03-18,76,0.05,20260101288
2025-10-16,288,12,2025-01-12,11,0.05,20260101288
2025-10-16,288,13,2025-08-12,223,0.05,20260101288
2025-10-16,288,14,2025-06-05,155,0.05,20260101288
2025-10-16,288,15,2025-09-19,261,0.05,20260101288
2025-10-16,288,16,2025-08-22,233,0.05,20260101288
2025-10-16,288,17,2025-02-23,53,0.05,20260101288
2025-10-16,288,18,2025-07-17,197,0.05,20260101288
2025-10-16,288,19,2025-05-20,139,0.05,20260101288
2025-10-16,288,20,2025-04-25,114,0.05,20260101288
2025-10-17,289,1,2025-07-27,207,0.05,20260101289
2025-10-17,289,2,2025-10-03,275,0.05,20260101289
2025-10-17,289,3,2025-02-08,38,0.05,20260101289
2025-10-17,289,4,2025-09-22,264,0.05,20260101289
2025-10-17,289,5,2025-08-18,229,0.05,20260101289
2025-10-17,289,6,2025-05-22,141,0.05,20260101289
2025-10-17,289,7,2025-07-01,181,0.05,20260101289
2025-10-17,289,8,2025-09-27,269,0.05,20260101289
2025-10-17,289,9,2025-09-11,253,0.05,20260101289
2025-10-17,289,10,2025-09-02,244,0.05,20260101289
2025-10-17,289,11,2025-07-01,181,0.05,20260101289
2025-10-17,289,12,2025-09-03,245,0.05,20260101289
2025-10-17,289,13,2025-08-13,224,0.05,20260101289
2025-10-17,289,14,2025-04-11,100,0.05,20260101289
2025-10-17,289,15,2025-10-12,284,0.05,20260101289
2025-10-17,289,16,2025-01-03,2,0.05,20260101289
2025-10-17,289,17,2025-03-04,62,0.05,20260101289
2025-10-17,289,18,2025-04-11,100,0.05,20260101289
2025-10-17,289,19,2025-07-16,196,0.05,20260101289
2025-10-17,289,20,2025-02-19,49,0.05,20260101289
2025-10-18,290,1,2025-08-24,235,0.05,20260101290
2025-10-18,290,2,2025-02-28,58,0.05,20260101290
2025-10-18,290,3,2025-02-09,39,0.05,20260101290
2025-10-18,290,4,2025-07-06,186,0.05,20260101290
2025-10-18,290,5,2025-05-28,147,0.05,20260101290
2025-10-18,290,6,2025-05-02,121,0.05,20260101290
2025-10-18,290,7,2025-02-03,33,0.05,20260101290
2025-10-18,290,8,2025-06-12,162,0.05,20260101290
2025-10-18,290,9,2025-08-24,235,0.05,20260101290
2025-10-18,290,10,2025-01-17,16,0.05,20260101290
2025-10-18,290,11,2025-08-06,217,0.05,20260101290
2025-10-18,290,12,2025-03-19,77,0.05,20260101290
2025-10-18,290,13,2025-02-04,34,0.05,20260101290
2025-10-18,290,14,2025-02-24,54,0.05,20260101290
2025-10-18,290,15,2025-04-15,104,0.05,20260101290
2025-10-18,290,16,2025-08-17,228,0.05,20260101290
2025-10-18,290,17,2025-07-09,189,0.05,20260101290
2025-10-18,290,18,2025-09-08,250,0.05,20260101290
2025-10-18,290,19,2025-07-23,203,0.05,20260101290
2025-10-18,290,20,2025-06-12,162,0.05,20260101290
2025-10-19,291,1,2025-02-01,31,0.05,20260101291
2025-10-19,291,2,2025-10-18,290,0.05,20260101291
2025-10-19,291,3,2025-05-24,143,0.05,20260101291
2025-10-19,291,4,2025-06-30,180,0.05,20260101291
2025-10-19,291,5,2025-03-30,88,0.05,20260101291
2025-10-19,291,6,2025-05-21,140,0.05,20260101291
2025-10-19,291,7,2025-08-09,220,0.05,20260101291
2025-10-19,291,8,2025-04-10,99,0.05,20260101291
2025-10-19,291,9,2025-03-24,82,0.05,20260101291
2025-10-19,291,10,2025-06-13,163,0.05,20260101291
2025-10-19,291,11,2025-02-06,36,0.05,20260101291
2025-10-19,291,12,2025-05-23,142,0.05,20260101291
2025-10-19,291,13,2025-08-12,223,0.05,20260101291
2025-10-19,291,14,2025-09-12,254,0.05,20260101291
2025-10-19,291,15,2025-01-17,16,0.05,20260101291
2025-10-19,291,16,2025-10-08,280,0.05,20260101291
2025-10-19,291,17,2025-07-04,184,0.05,20260101291
2025-10-19,291,18,2025-10-09,281,0.05,20260101291
2025-10-19,291,19,2025-05-07,126,0.05,20260101291
2025-10-19,291,20,2025-05-24,143,0.05,20260101291
2025-10-20,292,1,2025-06-26,176,0.05,20260101292
2025-10-20,292,2,2025-06-23,173,0.05,20260101292
2025-10-20,292,3,2025-06-03,153,0.05,20260101292
2025-10-20,292,4,2025-06-19,169,0.05,20260101292
2025-10-20,292,5,2025-03-08,66,0.05,20260101292
2025-10-20,292,6,2025-04-23,112,0.05,20260101292
2025-10-20,292,7,2025-03-09,67,0.05,20260101292
2025-10-20,292,8,2025-03-24,82,0.05,20260101292
2025-10-20,292,9,2025-10-04,276,0.05,20260101292
2025-10-20,292,10,2025-06-23,173,0.05,20260101292
2025-10-20,292,11,2025-03-10,68,0.05,20260101292
2025-10-20,292,12,2025-02-02,32,0.05,20260101292
2025-10-20,292,13,2025-08-03,214,0.05,20260101292
2025-10-20,292,14,2025-05-29,148,0.05,20260101292
2025-10-20,292,15,2025-08-30,241,0.05,20260101292
2025-10-20,292,16,2025-07-15,195,0.05,20260101292
2025-10-20,292,17,2025-05-15,134,0.05,20260101292
2025-10-20,292,18,2025-06-14,164,0.05,20260101292
2025-10-20,292,19,2025-01-11,10,0.05,20260101292
2025-10-20,292,20,2025-01-16,15,0.05,20260101292
2025-10-21,293,1,2025-08-29,240,0.05,20260101293
2025-10-21,293,2,2025-03-15,73,0.05,20260101293
2025-10-21,293,3,2025-02-13,43,0.05,20260101293
2025-10-21,293,4,2025-09-05,247,0.05,20260101293
2025-10-21,293,5,2025-05-15,134,0.05,20260101293
2025-10-21,293,6,2025-04-15,104,0.05,20260101293
2025-10-21,293,7,2025-01-02,1,0.05,20260101293
2025-10-21,293,8,2025-01-27,26,0.05,20260101293
2025-10-21,293,9,2025-07-08,188,0.05,20260101293
2025-10-21,293,10,2025-07-09,189,0.05,20260101293
2025-10-21,293,11,2025-01-04,3,0.05,20260101293
2025-10-21,293,12,2025-02-26,56,0.05,20260101293
2025-10-21,293,13,2025-07-18,198,0.05,20260101293
2025-10-21,293,14,2025-01-14,13,0.05,20260101293
2025-10-21,293,15,2025-05-11,130,0.05,20260101293
2025-10-21,293,16,2025-03-26,84,0.05,20260101293
2025-10-21,293,17,2025-04-28,117,0.05,20260101293
2025-10-21,293,18,2025-05-24,143,0.05,20260101293
2025-10-21,293,19,2025-08-02,213,0.05,20260101293
2025-10-21,293,20,2025-10-18,290,0.05,20260101293
2025-10-22,294,1,2025-04-20,109,0.05,20260101294
2025-10-22,294,2,2025-08-07,218,0.05,20260101294
2025-10-22,294,3,2025-02-14,44,0.05,20260101294
2025-10-22,294,4,2025-09-12,254,0.05,20260101294
2025-10-22,294,5,2025-07-15,195,0.05,20260101294
2025-10-22,294,6,2025-07-31,211,0.05,20260101294
2025-10-22,294,7,2025-04-10,99,0.05,20260101294
2025-10-22,294,8,2025-04-11,100,0.05,20260101294
2025-10-22,294,9,2025-07-30,210,0.05,20260101294
2025-10-22,294,10,2025-07-31,211,0.05,20260101294
2025-10-22,294,11,2025-05-10,129,0.05,20260101294
2025-10-22,294,12,2025-09-21,263,0.05,20260101294
2025-10-22,294,13,2025-05-13,132,0.05,20260101294
2025-10-22,294,14,2025-01-27,26,0.05,20260101294
2025-10-22,294,15,2025-06-09,159,0.05,20260101294
2025-10-22,294,16,2025-06-07,157,0.05,20260101294
2025-10-22,294,17,2025-05-15,134,0.05,20260101294
2025-10-22,294,18,2025-09-17,259,0.05,20260101294
2025-10-22,294,19,2025-01-19,18,0.05,20260101294
2025-10-22,294,20,2025-05-14,133,0.05,20260101294
2025-10-23,295,1,2025-02-08,38,0.05,20260101295
2025-10-23,295,2,2025-10-03,275,0.05,20260101295
2025-10-23,295,3,2025-05-01,120,0.05,20260101295
2025-10-23,295,4,2025-01-16,15,0.05,20260101295
2025-10-23,295,5,2025-06-25,175,0.05,20260101295
2025-10-23,295,6,2025-06-03,153,0.05,20260101295
2025-10-23,295,7,2025-09-07,249,0.05,20260101295
2025-10-23,295,8,2025-06-15,165,0.05,20260101295
2025-10-23,295,9,2025-08-30,241,0.05,20260101295
2025-10-23,295,10,2025-03-25,83,0.05,20260101295
2025-10-23,295,11,2025-01-30,29,0.05,20260101295
2025-10-23,295,12,2025-01-23,22,0.05,20260101295
2025-10-23,295,13,2025-05-26,145,0.05,20260101295
2025-10-23,295,14,2025-07-29,209,0.05,20260101295
2025-10-23,295,15,2025-05-07,126,0.05,20260101295
2025-10-23,295,16,2025-05-01,120,0.05,20260101295
2025-10-23,295,17,2025-04-11,100,0.05,20260101295
2025-10-23,295,18,2025-03-20,78,0.05,20260101295
2025-10-23,295,19,2025-09-21,263,0.05,20260101295
2025-10-23,295,20,2025-06-18,168,0.05,20260101295
2025-10-24,296,1,2025-02-26,56,0.05,20260101296
2025-10-24,296,2,2025-06-08,158,0.05,20260101296
2025-10-24,296,3,2025-04-25,114,0.05,20260101296
2025-10-24,296,4,2025-06-12,162,0.05,20260101296
2025-10-24,296,5,2025-01-16,15,0.05,20260101296
2025-10-24,296,6,2025-03-03,61,0.05,20260101296
2025-10-24,296,7,2025-03-15,73,0.05,20260101296
2025-10-24,296,8,2025-04-15,104,0.05,20260101296
2025-10-24,296,9,2025-04-22,111,0.05,20260101296
2025-10-24,296,10,2025-08-17,228,0.05,20260101296
2025-10-24,296,11,2025-03-15,73,0.05,20260101296
2025-10-24,296,12,2025-06-22,172,0.05,20260101296
2025-10-24,296,13,2025-09-15,257,0.05,20260101296
2025-10-24,296,14,2025-04-17,106,0.05,20260101296
2025-10-24,296,15,2025-08-20,231,0.05,20260101296
2025-10-24,296,16,2025-10-09,281,0.05,20260101296
2025-10-24,296,17,2025-05-28,147,0.05,20260101296
2025-10-24,296,18,2025-05-31,150,0.05,20260101296
2025-10-24,296,19,2025-05-04,123,0.05,20260101296
2025-10-24,296,20,2025-10-16,288,0.05,20260101296
2025-10-25,297,1,2025-09-09,251,0.05,20260101297
2025-10-25,297,2,2025-09-04,246,0.05,20260101297
2025-10-25,297,3,2025-09-04,246,0.05,20260101297
2025-10-25,297,4,2025-03-03,61,0.05,20260101297
2025-10-25,297,5,2025-08-02,213,0.05,20260101297
2025-10-25,297,6,2025-07-02,182,0.05,20260101297
2025-10-25,297,7,2025-02-17,47,0.05,20260101297
2025-10-25,297,8,2025-09-07,249,0.05,20260101297
2025-10-25,297,9,2025-03-12,70,0.05,20260101297
2025-10-25,297,10,2025-03-05,63,0.05,20260101297
2025-10-25,297,11,2025-04-14,103,0.05,20260101297
2025-10-25,297,12,2025-08-02,213,0.05,20260101297
2025-10-25,297,13,2025-02-14,44,0.05,20260101297
2025-10-25,297,14,2025-06-30,180,0.05,20260101297
2025-10-25,297,15,2025-06-15,165,0.05,20260101297
2025-10-25,297,16,2025-10-15,287,0.05,20260101297
2025-10-25,297,17,2025-08-17,228,0.05,20260101297
2025-10-25,297,18,2025-03-03,61,0.05,20260101297
2025-10-25,297,19,2025-06-13,163,0.05,20260101297
2025-10-25,297,20,2025-01-12,11,0.05,20260101297
2025-10-26,298,1,2025-02-01,31,0.05,20260101298
2025-10-26,298,2,2025-08-30,241,0.05,20260101298
2025-10-26,298,3,2025-01-14,13,0.05,20260101298
2025-10-26,298,4,2025-07-21,201,0.05,20260101298
2025-10-26,298,5,2025-09-21,263,0.05,20260101298
2025-10-26,298,6,2025-02-17,47,0.05,20260101298
2025-10-26,298,7,2025-04-22,111,0.05,20260101298
2025-10-26,298,8,2025-04-11,100,0.05,20260101298
2025-10-26,298,9,2025-08-26,237,0.05,20260101298
2025-10-26,298,10,2025-09-26,268,0.05,20260101298
2025-10-26,298,11,2025-09-05,247,0.05,20260101298
2025-10-26,298,12,2025-01-16,15,0.05,20260101298
2025-10-26,298,13,2025-04-04,93,0.05,20260101298
2025-10-26,298,14,2025-08-20,231,0.05,20260101298
2025-10-26,298,15,2025-07-05,185,0.05,20260101298
2025-10-26,298,16,2025-08-20,231,0.05,20260101298
2025-10-26,298,17,2025-07-21,201,0.05,20260101298
2025-10-26,298,18,2025-05-02,121,0.05,20260101298
2025-10-26,298,19,2025-08-15,226,0.05,20260101298
2025-10-26,298,20,2025-01-07,6,0.05,20260101298
2025-10-27,299,1,2025-10-14,286,0.05,20260101299
2025-10-27,299,2,2025-08-21,232,0.05,20260101299
2025-10-27,299,3,2025-05-17,136,0.05,20260101299
2025-10-27,299,4,2025-06-08,158,0.05,20260101299
2025-10-27,299,5,2025-05-15,134,0.05,20260101299
2025-10-27,299,6,2025-09-02,244,0.05,20260101299
2025-10-27,299,7,2025-06-14,164,0.05,20260101299
2025-10-27,299,8,2025-10-01,273,0.05,20260101299
2025-10-27,299,9,2025-08-01,212,0.05,20260101299
2025-10-27,299,10,2025-05-04,123,0.05,20260101299
2025-10-27,299,11,2025-09-15,257,0.05,20260101299
2025-10-27,299,12,2025-04-06,95,0.05,20260101299
2025-10-27,299,13,2025-10-17,289,0.05,20260101299
2025-10-27,299,14,2025-08-27,238,0.05,20260101299
2025-10-27,299,15,2025-01-11,10,0.05,20260101299
2025-10-27,299,16,2025-05-30,149,0.05,20260101299
2025-10-27,299,17,2025-05-03,122,0.05,20260101299
2025-10-27,299,18,2025-01-29,28,0.05,20260101299
2025-10-27,299,19,2025-06-28,178,0.05,20260101299
2025-10-27,299,20,2025-08-02,213,0.05,20260101299
2025-10-28,300,1,2025-08-14,225,0.05,20260101300
2025-10-28,300,2,2025-04-30,119,0.05,20260101300
2025-10-28,300,3,2025-05-19,138,0.05,20260101300
2025-10-28,300,4,2025-04-19,108,0.05,20260101300
2025-10-28,300,5,2025-05-11,130,0.05,20260101300
2025-10-28,300,6,2025-08-27,238,0.05,20260101300
2025-10-28,300,7,2025-04-09,98,0.05,20260101300
2025-10-28,300,8,2025-02-03,33,0.05,20260101300
2025-10-28,300,9,2025-09-22,264,0.05,20260101300
2025-10-28,300,10,2025-02-15,45,0.05,20260101300
2025-10-28,300,11,2025-05-21,140,0.05,20260101300
2025-10-28,300,12,2025-02-04,34,0.05,20260101300
2025-10-28,300,13,2025-02-15,45,0.05,20260101300
2025-10-28,300,14,2025-07-06,186,0.05,20260101300
2025-10-28,300,15,2025-10-03,275,0.05,20260101300
2025-10-28,300,16,2025-01-06,5,0.05,20260101300
2025-10-28,300,17,2025-04-02,91,0.05,20260101300
2025-10-28,300,18,2025-05-18,137,0.05,20260101300
2025-10-28,300,19,2025-03-27,85,0.05,20260101300
2025-10-28,300,20,2025-01-09,8,0.05,20260101300
2025-10-29,301,1,2025-07-03,183,0.05,20260101301
2025-10-29,301,2,2025-09-21,263,0.05,20260101301
2025-10-29,301,3,2025-09-27,269,0.05,20260101301
2025-10-29,301,4,2025-04-10,99,0.05,20260101301
2025-10-29,301,5,2025-05-09,128,0.05,20260101301
2025-10-29,301,6,2025-09-11,253,0.05,20260101301
2025-10-29,301,7,2025-01-03,2,0.05,20260101301
2025-10-29,301,8,2025-04-16,105,0.05,20260101301
2025-10-29,301,9,2025-09-23,265,0.05,20260101301
2025-10-29,301,10,2025-03-28,86,0.05,20260101301
2025-10-29,301,11,2025-06-26,176,0.05,20260101301
2025-10-29,301,12,2025-04-30,119,0.05,20260101301
2025-10-29,301,13,2025-03-20,78,0.05,20260101301
2025-10-29,301,14,2025-01-20,19,0.05,20260101301
2025-10-29,301,15,2025-09-01,243,0.05,20260101301
2025-10-29,301,16,2025-02-18,48,0.05,20260101301
2025-10-29,301,17,2025-06-11,161,0.05,20260101301
2025-10-29,301,18,2025-01-02,1,0.05,20260101301
2025-10-29,301,19,2025-10-05,277,0.05,20260101301
2025-10-29,301,20,2025-07-16,196,0.05,20260101301
2025-10-30,302,1,2025-08-06,217,0.05,20260101302
2025-10-30,302,2,2025-07-02,182,0.05,20260101302
2025-10-30,302,3,2025-03-17,75,0.05,20260101302
2025-10-30,302,4,2025-09-09,251,0.05,20260101302
2025-10-30,302,5,2025-08-01,212,0.05,20260101302
2025-10-30,302,6,2025-01-06,5,0.05,20260101302
2025-10-30,302,7,2025-09-05,247,0.05,20260101302
2025-10-30,302,8,2025-02-24,54,0.05,20260101302
2025-10-30,302,9,2025-07-16,196,0.05,20260101302
2025-10-30,302,10,2025-09-02,244,0.05,20260101302
2025-10-30,302,11,2025-07-09,189,0.05,20260101302
2025-10-30,302,12,2025-07-06,186,0.05,20260101302
2025-10-30,302,13,2025-06-13,163,0.05,20260101302
2025-10-30,302,14,2025-09-21,263,0.05,20260101302
2025-10-30,302,15,2025-10-03,275,0.05,20260101302
2025-10-30,302,16,2025-09-28,270,0.05,20260101302
2025-10-30,302,17,2025-08-11,222,0.05,20260101302
2025-10-30,302,18,2025-05-13,132,0.05,20260101302
2025-10-30,302,19,2025-09-23,265,0.05,20260101302
2025-10-30,302,20,2025-03-18,76,0.05,20260101302
2025-10-31,303,1,2025-08-30,241,0.05,20260101303
2025-10-31,303,2,2025-05-29,148,0.05,20260101303
2025-10-31,303,3,2025-10-24,296,0.05,20260101303
2025-10-31,303,4,2025-08-18,229,0.05,20260101303
2025-10-31,303,5,2025-09-21,263,0.05,20260101303
2025-10-31,303,6,2025-07-14,194,0.05,20260101303
2025-10-31,303,7,2025-10-14,286,0.05,20260101303
2025-10-31,303,8,2025-06-12,162,0.05,20260101303
2025-10-31,303,9,2025-06-06,156,0.05,20260101303
2025-10-31,303,10,2025-06-02,152,0.05,20260101303
2025-10-31,303,11,2025-01-10,9,0.05,20260101303
2025-10-31,303,12,2025-06-09,159,0.05,20260101303
2025-10-31,303,13,2025-03-10,68,0.05,20260101303
2025-10-31,303,14,2025-09-12,254,0.05,20260101303
2025-10-31,303,15,2025-01-03,2,0.05,20260101303
2025-10-31,303,16,2025-07-05,185,0.05,20260101303
2025-10-31,303,17,2025-07-06,186,0.05,20260101303
2025-10-31,303,18,2025-08-05,216,0.05,20260101303
2025-10-31,303,19,2025-01-23,22,0.05,20260101303
2025-10-31,303,20,2025-06-19,169,0.05,20260101303
2025-11-01,304,1,2025-05-13,132,0.05,20260101304
2025-11-01,304,2,2025-06-02,152,0.05,20260101304
2025-11-01,304,3,2025-02-03,33,0.05,20260101304
2025-11-01,304,4,2025-07-01,181,0.05,20260101304
2025-11-01,304,5,2025-08-13,224,0.05,20260101304
2025-11-01,304,6,2025-01-12,11,0.05,20260101304
2025-11-01,304,7,2025-05-19,138,0.05,20260101304
2025-11-01,304,8,2025-05-04,123,0.05,20260101304
2025-11-01,304,9,2025-03-28,86,0.05,20260101304
2025-11-01,304,10,2025-06-15,165,0.05,20260101304
2025-11-01,304,11,2025-07-12,192,0.05,20260101304
2025-11-01,304,12,2025-10-22,294,0.05,20260101304
2025-11-01,304,13,2025-04-20,109,0.05,20260101304
2025-11-01,304,14,2025-09-11,253,0.05,20260101304
2025-11-01,304,15,2025-04-30,119,0.05,20260101304
2025-11-01,304,16,2025-10-09,281,0.05,20260101304
2025-11-01,304,17,2025-03-21,79,0.05,20260101304
2025-11-01,304,18,2025-10-22,294,0.05,20260101304
2025-11-01,304,19,2025-09-30,272,0.05,20260101304
2025-11-01,304,20,2025-02-02,32,0.05,20260101304
2025-11-02,305,1,2025-09-11,253,0.05,20260101305
2025-11-02,305,2,2025-08-25,236,0.05,20260101305
2025-11-02,305,3,2025-02-12,42,0.05,20260101305
2025-11-02,305,4,2025-02-10,40,0.05,20260101305
2025-11-02,305,5,2025-10-10,282,0.05,20260101305
2025-11-02,305,6,2025-06-12,162,0.05,20260101305
2025-11-02,305,7,2025-09-19,261,0.05,20260101305
2025-11-02,305,8,2025-03-29,87,0.05,20260101305
2025-11-02,305,9,2025-03-13,71,0.05,20260101305
2025-11-02,305,10,2025-02-25,55,0.05,20260101305
2025-11-02,305,11,2025-08-25,236,0.05,20260101305
2025-11-02,305,12,2025-06-28,178,0.05,20260101305
2025-11-02,305,13,2025-03-24,82,0.05,20260101305
2025-11-02,305,14,2025-09-13,255,0.05,20260101305
2025-11-02,305,15,2025-03-23,81,0.05,20260101305
2025-11-02,305,16,2025-03-27,85,0.05,20260101305
2025-11-02,305,17,2025-09-17,259,0.05,20260101305
2025-11-02,305,18,2025-03-31,89,0.05,20260101305
2025-11-02,305,19,2025-10-27,299,0.05,20260101305
2025-11-02,305,20,2025-01-20,19,0.05,20260101305
2025-11-03,306,1,2025-07-15,195,0.05,20260101306
2025-11-03,306,2,2025-03-05,63,0.05,20260101306
2025-11-03,306,3,2025-07-14,194,0.05,20260101306
2025-11-03,306,4,2025-06-26,176,0.05,20260101306
2025-11-03,306,5,2025-06-17,167,0.05,20260101306
2025-11-03,306,6,2025-10-19,291,0.05,20260101306
2025-11-03,306,7,2025-01-04,3,0.05,20260101306
2025-11-03,306,8,2025-02-27,57,0.05,20260101306
2025-11-03,306,9,2025-05-23,142,0.05,20260101306
2025-11-03,306,10,2025-08-12,223,0.05,20260101306
2025-11-03,306,11,2025-07-22,202,0.05,20260101306
2025-11-03,306,12,2025-10-15,287,0.05,20260101306
2025-11-03,306,13,2025-02-10,40,0.05,20260101306
2025-11-03,306,14,2025-08-18,229,0.05,20260101306
2025-11-03,306,15,2025-03-07,65,0.05,20260101306
2025-11-03,306,16,2025-03-10,68,0.05,20260101306
2025-11-03,306,17,2025-09-26,268,0.05,20260101306
2025-11-03,306,18,2025-01-19,18,0.05,20260101306
2025-11-03,306,19,2025-02-03,33,0.05,20260101306
2025-11-03,306,20,2025-03-27,85,0.05,20260101306
2025-11-04,307,1,2025-04-20,109,0.05,20260101307
2025-11-04,307,2,2025-01-09,8,0.05,20260101307
2025-11-04,307,3,2025-09-19,261,0.05,20260101307
2025-11-04,307,4,2025-06-23,173,0.05,20260101307
2025-11-04,307,5,2025-05-01,120,0.05,20260101307
2025-11-04,307,6,2025-02-12,42,0.05,20260101307
2025-11-04,307,7,2025-09-02,244,0.05,20260101307
2025-11-04,307,8,2025-02-27,57,0.05,20260101307
2025-11-04,307,9,2025-01-10,9,0.05,20260101307
2025-11-04,307,10,2025-11-01,304,0.05,20260101307
2025-11-04,307,11,2025-07-19,199,0.05,20260101307
2025-11-04,307,12,2025-03-09,67,0.05,20260101307
2025-11-04,307,13,2025-08-12,223,0.05,20260101307
2025-11-04,307,14,2025-01-27,26,0.05,20260101307
2025-11-04,307,15,2025-06-13,163,0.05,20260101307
2025-11-04,307,16,2025-10-28,300,0.05,20260101307
2025-11-04,307,17,2025-02-12,42,0.05,20260101307
2025-11-04,307,18,2025-09-03,245,0.05,20260101307
2025-11-04,307,19,2025-06-29,179,0.05,20260101307
2025-11-04,307,20,2025-01-09,8,0.05,20260101307
2025-11-05,308,1,2025-03-07,65,0.05,20260101308
2025-11-05,308,2,2025-03-16,74,0.05,20260101308
2025-11-05,308,3,2025-09-05,247,0.05,20260101308
2025-11-05,308,4,2025-05-16,135,0.05,20260101308
2025-11-05,308,5,2025-02-21,51,0.05,20260101308
2025-11-05,308,6,2025-03-25,83,0.05,20260101308
2025-11-05,308,7,2025-04-01,90,0.05,20260101308
2025-11-05,308,8,2025-04-21,110,0.05,20260101308
2025-11-05,308,9,2025-07-11,191,0.05,20260101308
2025-11-05,308,10,2025-02-06,36,0.05,20260101308
2025-11-05,308,11,2025-09-21,263,0.05,20260101308
2025-11-05,308,12,2025-05-18,137,0.05,20260101308
2025-11-05,308,13,2025-06-30,180,0.05,20260101308
2025-11-05,308,14,2025-02-06,36,0.05,20260101308
2025-11-05,308,15,2025-08-05,216,0.05,20260101308
2025-11-05,308,16,2025-10-08,280,0.05,20260101308
2025-11-05,308,17,2025-08-19,230,0.05,20260101308
2025-11-05,308,18,2025-04-13,102,0.05,20260101308
2025-11-05,308,19,2025-08-24,235,0.05,20260101308
2025-11-05,308,20,2025-01-24,23,0.05,20260101308
2025-11-06,309,1,2025-02-14,44,0.05,20260101309
2025-11-06,309,2,2025-05-08,127,0.05,20260101309
2025-11-06,309,3,2025-03-21,79,0.05,20260101309
2025-11-06,309,4,2025-04-19,108,0.05,20260101309
2025-11-06,309,5,2025-03-26,84,0.05,20260101309
2025-11-06,309,6,2025-01-06,5,0.05,20260101309
2025-11-06,309,7,2025-07-17,197,0.05,20260101309
2025-11-06,309,8,2025-02-18,48,0.05,20260101309
2025-11-06,309,9,2025-06-05,155,0.05,20260101309
2025-11-06,309,10,2025-02-23,53,0.05,20260101309
2025-11-06,309,11,2025-02-15,45,0.05,20260101309
2025-11-06,309,12,2025-07-17,197,0.05,20260101309
2025-11-06,309,13,2025-02-15,45,0.05,20260101309
2025-11-06,309,14,2025-06-30,180,0.05,20260101309
2025-11-06,309,15,2025-01-04,3,0.05,20260101309
2025-11-06,309,16,2025-09-12,254,0.05,20260101309
2025-11-06,309,17,2025-05-27,146,0.05,20260101309
2025-11-06,309,18,2025-10-09,281,0.05,20260101309
2025-11-06,309,19,2025-08-28,239,0.05,20260101309
2025-11-06,309,20,2025-06-28,178,0.05,20260101309
2025-11-07,310,1,2025-07-24,204,0.05,20260101310
2025-11-07,310,2,2025-06-02,152,0.05,20260101310
2025-11-07,310,3,2025-06-11,161,0.05,20260101310
2025-11-07,310,4,2025-01-15,14,0.05,20260101310
2025-11-07,310,5,2025-07-13,193,0.05,20260101310
2025-11-07,310,6,2025-04-25,114,0.05,20260101310
2025-11-07,310,7,2025-05-22,141,0.05,20260101310
2025-11-07,310,8,2025-07-24,204,0.05,20260101310
2025-11-07,310,9,2025-10-09,281,0.05,20260101310
2025-11-07,310,10,2025-01-10,9,0.05,20260101310
2025-11-07,310,11,2025-01-22,21,0.05,20260101310
2025-11-07,310,12,2025-09-02,244,0.05,20260101310
2025-11-07,310,13,2025-05-01,120,0.05,20260101310
2025-11-07,310,14,2025-09-17,259,0.05,20260101310
2025-11-07,310,15,2025-09-02,244,0.05,20260101310
2025-11-07,310,16,2025-03-25,83,0.05,20260101310
2025-11-07,310,17,2025-08-18,229,0.05,20260101310
2025-11-07,310,18,2025-08-21,232,0.05,20260101310
2025-11-07,310,19,2025-03-02,60,0.05,20260101310
2025-11-07,310,20,2025-03-13,71,0.05,20260101310
2025-11-08,311,1,2025-08-15,226,0.05,20260101311
2025-11-08,311,2,2025-05-30,149,0.05,20260101311
2025-11-08,311,3,2025-08-19,230,0.05,20260101311
2025-11-08,311,4,2025-02-20,50,0.05,20260101311
2025-11-08,311,5,2025-10-31,303,0.05,20260101311
2025-11-08,311,6,2025-09-29,271,0.05,20260101311
2025-11-08,311,7,2025-04-27,116,0.05,20260101311
2025-11-08,311,8,2025-10-23,295,0.05,20260101311
2025-11-08,311,9,2025-07-03,183,0.05,20260101311
2025-11-08,311,10,2025-02-20,50,0.05,20260101311
2025-11-08,311,11,2025-09-24,266,0.05,20260101311
2025-11-08,311,12,2025-07-15,195,0.05,20260101311
2025-11-08,311,13,2025-08-14,225,0.05,20260101311
2025-11-08,311,14,2025-07-07,187,0.05,20260101311
2025-11-08,311,15,2025-08-07,218,0.05,20260101311
2025-11-08,311,16,2025-06-11,161,0.05,20260101311
2025-11-08,311,17,2025-01-29,28,0.05,20260101311
2025-11-08,311,18,2025-05-25,144,0.05,20260101311
2025-11-08,311,19,2025-06-26,176,0.05,20260101311
2025-11-08,311,20,2025-10-08,280,0.05,20260101311
2025-11-09,312,1,2025-03-26,84,0.05,20260101312
2025-11-09,312,2,2025-03-31,89,0.05,20260101312
2025-11-09,312,3,2025-01-20,19,0.05,20260101312
2025-11-09,312,4,2025-03-04,62,0.05,20260101312
2025-11-09,312,5,2025-08-26,237,0.05,20260101312
2025-11-09,312,6,2025-05-29,148,0.05,20260101312
2025-11-09,312,7,2025-06-25,175,0.05,20260101312
2025-11-09,312,8,2025-04-18,107,0.05,20260101312
2025-11-09,312,9,2025-10-01,273,0.05,20260101312
2025-11-09,312,10,2025-05-11,130,0.05,20260101312
2025-11-09,312,11,2025-10-20,292,0.05,20260101312
2025-11-09,312,12,2025-08-19,230,0.05,20260101312
2025-11-09,312,13,2025-07-22,202,0.05,20260101312
2025-11-09,312,14,2025-09-29,271,0.05,20260101312
2025-11-09,312,15,2025-08-02,213,0.05,20260101312
2025-11-09,312,16,2025-08-02,213,0.05,20260101312
2025-11-09,312,17,2025-03-11,69,0.05,20260101312
2025-11-09,312,18,2025-09-01,243,0.05,20260101312
2025-11-09,312,19,2025-05-23,142,0.05,20260101312
2025-11-09,312,20,2025-01-05,4,0.05,20260101312
2025-11-10,313,1,2025-02-04,34,0.05,20260101313
2025-11-10,313,2,2025-05-07,126,0.05,20260101313
2025-11-10,313,3,2025-05-16,135,0.05,20260101313
2025-11-10,313,4,2025-05-25,144,0.05,20260101313
2025-11-10,313,5,2025-05-20,139,0.05,20260101313
2025-11-10,313,6,2025-05-04,123,0.05,20260101313
2025-11-10,313,7,2025-09-22,264,0.05,20260101313
2025-11-10,313,8,2025-10-05,277,0.05,20260101313
2025-11-10,313,9,2025-11-02,305,0.05,20260101313
2025-11-10,313,10,2025-08-18,229,0.05,20260101313
2025-11-10,313,11,2025-04-14,103,0.05,20260101313
2025-11-10,313,12,2025-06-18,168,0.05,20260101313
2025-11-10,313,13,2025-09-28,270,0.05,20260101313
2025-11-10,313,14,2025-01-21,20,0.05,20260101313
2025-11-10,313,15,2025-05-14,133,0.05,20260101313
2025-11-10,313,16,2025-02-11,41,0.05,20260101313
2025-11-10,313,17,2025-07-26,206,0.05,20260101313
2025-11-10,313,18,2025-08-23,234,0.05,20260101313
2025-11-10,313,19,2025-06-29,179,0.05,20260101313
2025-11-10,313,20,2025-10-21,293,0.05,20260101313
2025-11-11,314,1,2025-09-08,250,0.05,20260101314
2025-11-11,314,2,2025-03-07,65,0.05,20260101314
2025-11-11,314,3,2025-09-08,250,0.05,20260101314
2025-11-11,314,4,2025-10-20,292,0.05,20260101314
2025-11-11,314,5,2025-04-28,117,0.05,20260101314
2025-11-11,314,6,2025-02-09,39,0.05,20260101314
2025-11-11,314,7,2025-07-28,208,0.05,20260101314
2025-11-11,314,8,2025-07-16,196,0.05,20260101314
2025-11-11,314,9,2025-10-06,278,0.05,20260101314
2025-11-11,314,10,2025-02-02,32,0.05,20260101314
2025-11-11,314,11,2025-06-18,168,0.05,20260101314
2025-11-11,314,12,2025-05-05,124,0.05,20260101314
2025-11-11,314,13,2025-02-13,43,0.05,20260101314
2025-11-11,314,14,2025-10-20,292,0.05,20260101314
2025-11-11,314,15,2025-02-04,34,0.05,20260101314
2025-11-11,314,16,2025-08-25,236,0.05,20260101314
2025-11-11,314,17,2025-11-08,311,0.05,20260101314
2025-11-11,314,18,2025-07-19,199,0.05,20260101314
2025-11-11,314,19,2025-03-27,85,0.05,20260101314
2025-11-11,314,20,2025-10-10,282,0.05,20260101314
2025-11-12,315,1,2025-06-15,165,0.05,20260101315
2025-11-12,315,2,2025-02-24,54,0.05,20260101315
2025-11-12,315,3,2025-05-18,137,0.05,20260101315
2025-11-12,315,4,2025-10-29,301,0.05,20260101315
2025-11-12,315,5,2025-04-26,115,0.05,20260101315
2025-11-12,315,6,2025-07-07,187,0.05,20260101315
2025-11-12,315,7,2025-03-16,74,0.05,20260101315
2025-11-12,315,8,2025-05-19,138,0.05,20260101315
2025-11-12,315,9,2025-08-17,228,0.05,20260101315
2025-11-12,315,10,2025-08-24,235,0.05,20260101315
2025-11-12,315,11,2025-07-16,196,0.05,20260101315
2025-11-12,315,12,2025-08-12,223,0.05,20260101315
2025-11-12,315,13,2025-07-15,195,0.05,20260101315
2025-11-12,315,14,2025-09-05,247,0.05,20260101315
2025-11-12,315,15,2025-06-03,153,0.05,20260101315
2025-11-12,315,16,2025-09-18,260,0.05,20260101315
2025-11-12,315,17,2025-08-06,217,0.05,20260101315
2025-11-12,315,18,2025-09-22,264,0.05,20260101315
2025-11-12,315,19,2025-08-11,222,0.05,20260101315
2025-11-12,315,20,2025-10-15,287,0.05,20260101315
2025-11-13,316,1,2025-01-13,12,0.05,20260101316
2025-11-13,316,2,2025-06-19,169,0.05,20260101316
2025-11-13,316,3,2025-01-02,1,0.05,20260101316
2025-11-13,316,4,2025-05-01,120,0.05,20260101316
2025-11-13,316,5,2025-05-24,143,0.05,20260101316
2025-11-13,316,6,2025-06-06,156,0.05,20260101316
2025-11-13,316,7,2025-04-24,113,0.05,20260101316
2025-11-13,316,8,2025-06-07,157,0.05,20260101316
2025-11-13,316,9,2025-09-21,263,0.05,20260101316
2025-11-13,316,10,2025-05-01,120,0.05,20260101316
2025-11-13,316,11,2025-02-24,54,0.05,20260101316
2025-11-13,316,12,2025-08-09,220,0.05,20260101316
2025-11-13,316,13,2025-07-22,202,0.05,20260101316
2025-11-13,316,14,2025-02-26,56,0.05,20260101316
2025-11-13,316,15,2025-06-14,164,0.05,20260101316
2025-11-13,316,16,2025-07-21,201,0.05,20260101316
2025-11-13,316,17,2025-03-08,66,0.05,20260101316
2025-11-13,316,18,2025-04-29,118,0.05,20260101316
2025-11-13,316,19,2025-09-26,268,0.05,20260101316
2025-11-13,316,20,2025-05-06,125,0.05,20260101316
2025-11-14,317,1,2025-10-03,275,0.05,20260101317
2025-11-14,317,2,2025-03-22,80,0.05,20260101317
2025-11-14,317,3,2025-01-11,10,0.05,20260101317
2025-11-14,317,4,2025-01-27,26,0.05,20260101317
2025-11-14,317,5,2025-11-08,311,0.05,20260101317
2025-11-14,317,6,2025-02-02,32,0.05,20260101317
2025-11-14,317,7,2025-08-14,225,0.05,20260101317
2025-11-14,317,8,2025-09-28,270,0.05,20260101317
2025-11-14,317,9,2025-04-18,107,0.05,20260101317
2025-11-14,317,10,2025-10-03,275,0.05,20260101317
2025-11-14,317,11,2025-10-02,274,0.05,20260101317
2025-11-14,317,12,2025-01-09,8,0.05,20260101317
2025-11-14,317,13,2025-03-05,63,0.05,20260101317
2025-11-14,317,14,2025-01-19,18,0.05,20260101317
2025-11-14,317,15,2025-08-26,237,0.05,20260101317
2025-11-14,317,16,2025-05-09,128,0.05,20260101317
2025-11-14,317,17,2025-04-12,101,0.05,20260101317
2025-11-14,317,18,2025-10-22,294,0.05,20260101317
2025-11-14,317,19,2025-03-21,79,0.05,20260101317
2025-11-14,317,20,2025-06-02,152,0.05,20260101317
2025-11-15,318,1,2025-10-26,298,0.05,20260101318
2025-11-15,318,2,2025-05-31,150,0.05,20260101318
2025-11-15,318,3,2025-10-24,296,0.05,20260101318
2025-11-15,318,4,2025-07-11,191,0.05,20260101318
2025-11-15,318,5,2025-01-11,10,0.05,20260101318
2025-11-15,318,6,2025-06-18,168,0.05,20260101318
2025-11-15,318,7,2025-03-20,78,0.05,20260101318
2025-11-15,318,8,2025-03-26,84,0.05,20260101318
2025-11-15,318,9,2025-10-10,282,0.05,20260101318
2025-11-15,318,10,2025-08-16,227,0.05,20260101318
2025-11-15,318,11,2025-04-30,119,0.05,20260101318
2025-11-15,318,12,2025-07-07,187,0.05,20260101318
2025-11-15,318,13,2025-03-25,83,0.05,20260101318
2025-11-15,318,14,2025-08-01,212,0.05,20260101318
2025-11-15,318,15,2025-09-20,262,0.05,20260101318
2025-11-15,318,16,2025-02-23,53,0.05,20260101318
2025-11-15,318,17,2025-10-07,279,0.05,20260101318
2025-11-15,318,18,2025-11-08,311,0.05,20260101318
2025-11-15,318,19,2025-11-12,315,0.05,20260101318
2025-11-15,318,20,2025-08-19,230,0.05,20260101318
2025-11-16,319,1,2025-07-20,200,0.05,20260101319
2025-11-16,319,2,2025-05-01,120,0.05,20260101319
2025-11-16,319,3,2025-03-05,63,0.05,20260101319
2025-11-16,319,4,2025-01-17,16,0.05,20260101319
2025-11-16,319,5,2025-10-29,301,0.05,20260101319
2025-11-16,319,6,2025-09-27,269,0.05,20260101319
2025-11-16,319,7,2025-11-01,304,0.05,20260101319
2025-11-16,319,8,2025-01-25,24,0.05,20260101319
2025-11-16,319,9,2025-05-18,137,0.05,20260101319
2025-11-16,319,10,2025-03-01,59,0.05,20260101319
2025-11-16,319,11,2025-07-30,210,0.05,20260101319
2025-11-16,319,12,2025-05-24,143,0.05,20260101319
2025-11-16,319,13,2025-08-30,241,0.05,20260101319
2025-11-16,319,14,2025-03-07,65,0.05,20260101319
2025-11-16,319,15,2025-01-21,20,0.05,20260101319
2025-11-16,319,16,2025-01-25,24,0.05,20260101319
2025-11-16,319,17,2025-06-30,180,0.05,20260101319
2025-11-16,319,18,2025-08-02,213,0.05,20260101319
2025-11-16,319,19,2025-04-26,115,0.05,20260101319
2025-11-16,319,20,2025-10-10,282,0.05,20260101319
2025-11-17,320,1,2025-10-11,283,0.05,20260101320
2025-11-17,320,2,2025-03-17,75,0.05,20260101320
2025-11-17,320,3,2025-07-29,209,0.05,20260101320
2025-11-17,320,4,2025-08-03,214,0.05,20260101320
2025-11-17,320,5,2025-10-29,301,0.05,20260101320
2025-11-17,320,6,2025-06-29,179,0.05,20260101320
2025-11-17,320,7,2025-09-06,248,0.05,20260101320
2025-11-17,320,8,2025-06-10,160,0.05,20260101320
2025-11-17,320,9,2025-02-14,44,0.05,20260101320
2025-11-17,320,10,2025-09-25,267,0.05,20260101320
2025-11-17,320,11,2025-09-29,271,0.05,20260101320
2025-11-17,320,12,2025-02-08,38,0.05,20260101320
2025-11-17,320,13,2025-01-29,28,0.05,20260101320
2025-11-17,320,14,2025-04-08,97,0.05,20260101320
2025-11-17,320,15,2025-05-10,129,0.05,20260101320
2025-11-17,320,16,2025-10-18,290,0.05,20260101320
2025-11-17,320,17,2025-03-20,78,0.05,20260101320
2025-11-17,320,18,2025-07-23,203,0.05,20260101320
2025-11-17,320,19,2025-09-04,246,0.05,20260101320
2025-11-17,320,20,2025-08-30,241,0.05,20260101320
2025-11-18,321,1,2025-07-05,185,0.05,20260101321
2025-11-18,321,2,2025-04-12,101,0.05,20260101321
2025-11-18,321,3,2025-07-24,204,0.05,20260101321
2025-11-18,321,4,2025-08-04,215,0.05,20260101321
2025-11-18,321,5,2025-08-02,213,0.05,20260101321
2025-11-18,321,6,2025-05-22,141,0.05,20260101321
2025-11-18,321,7,2025-04-17,106,0.05,20260101321
2025-11-18,321,8,2025-02-27,57,0.05,20260101321
2025-11-18,321,9,2025-04-09,98,0.05,20260101321
2025-11-18,321,10,2025-03-27,85,0.05,20260101321
2025-11-18,321,11,2025-05-19,138,0.05,20260101321
2025-11-18,321,12,2025-08-03,214,0.05,20260101321
2025-11-18,321,13,2025-09-04,246,0.05,20260101321
2025-11-18,321,14,2025-03-19,77,0.05,20260101321
2025-11-18,321,15,2025-11-13,316,0.05,20260101321
2025-11-18,321,16,2025-05-23,142,0.05,20260101321
2025-11-18,321,17,2025-09-30,272,0.05,20260101321
2025-11-18,321,18,2025-11-04,307,0.05,20260101321
2025-11-18,321,19,2025-11-02,305,0.05,20260101321
2025-11-18,321,20,2025-08-15,226,0.05,20260101321
2025-11-19,322,1,2025-02-05,35,0.05,20260101322
2025-11-19,322,2,2025-02-04,34,0.05,20260101322
2025-11-19,322,3,2025-05-06,125,0.05,20260101322
2025-11-19,322,4,2025-11-10,313,0.05,20260101322
2025-11-19,322,5,2025-04-08,97,0.05,20260101322
2025-11-19,322,6,2025-06-16,166,0.05,20260101322
2025-11-19,322,7,2025-09-10,252,0.05,20260101322
2025-11-19,322,8,2025-04-04,93,0.05,20260101322
2025-11-19,322,9,2025-11-12,315,0.05,20260101322
2025-11-19,322,10,2025-04-16,105,0.05,20260101322
2025-11-19,322,11,2025-05-18,137,0.05,20260101322
2025-11-19,322,12,2025-05-29,148,0.05,20260101322
2025-11-19,322,13,2025-09-27,269,0.05,20260101322
2025-11-19,322,14,2025-04-19,108,0.05,20260101322
2025-11-19,322,15,2025-11-17,320,0.05,20260101322
2025-11-19,322,16,2025-03-11,69,0.05,20260101322
2025-11-19,322,17,2025-06-11,161,0.05,20260101322
2025-11-19,322,18,2025-02-22,52,0.05,20260101322
2025-11-19,322,19,2025-11-17,320,0.05,20260101322
2025-11-19,322,20,2025-11-14,317,0.05,20260101322
2025-11-20,323,1,2025-06-23,173,0.05,20260101323
2025-11-20,323,2,2025-04-15,104,0.05,20260101323
2025-11-20,323,3,2025-10-02,274,0.05,20260101323
2025-11-20,323,4,2025-01-20,19,0.05,20260101323
2025-11-20,323,5,2025-02-15,45,0.05,20260101323
2025-11-20,323,6,2025-09-22,264,0.05,20260101323
2025-11-20,323,7,2025-05-09,128,0.05,20260101323
2025-11-20,323,8,2025-10-28,300,0.05,20260101323
2025-11-20,323,9,2025-10-31,303,0.05,20260101323
2025-11-20,323,10,2025-01-16,15,0.05,20260101323
2025-11-20,323,11,2025-10-06,278,0.05,20260101323
2025-11-20,323,12,2025-02-26,56,0.05,20260101323
2025-11-20,323,13,2025-01-15,14,0.05,20260101323
2025-11-20,323,14,2025-05-07,126,0.05,20260101323
2025-11-20,323,15,2025-05-25,144,0.05,20260101323
2025-11-20,323,16,2025-03-10,68,0.05,20260101323
2025-11-20,323,17,2025-02-06,36,0.05,20260101323
2025-11-20,323,18,2025-06-15,165,0.05,20260101323
2025-11-20,323,19,2025-04-26,115,0.05,20260101323
2025-11-20,323,20,2025-08-13,224,0.05,20260101323
2025-11-21,324,1,2025-09-28,270,0.05,20260101324
2025-11-21,324,2,2025-08-05,216,0.05,20260101324
2025-11-21,324,3,2025-08-09,220,0.05,20260101324
2025-11-21,324,4,2025-04-21,110,0.05,20260101324
2025-11-21,324,5,2025-02-11,41,0.05,20260101324
2025-11-21,324,6,2025-01-30,29,0.05,20260101324
2025-11-21,324,7,2025-09-24,266,0.05,20260101324
2025-11-21,324,8,2025-02-24,54,0.05,20260101324
2025-11-21,324,9,2025-01-06,5,0.05,20260101324
2025-11-21,324,10,2025-07-22,202,0.05,20260101324
2025-11-21,324,11,2025-11-04,307,0.05,20260101324
2025-11-21,324,12,2025-08-04,215,0.05,20260101324
2025-11-21,324,13,2025-09-28,270,0.05,20260101324
2025-11-21,324,14,2025-10-17,289,0.05,20260101324
2025-11-21,324,15,2025-11-02,305,0.05,20260101324
2025-11-21,324,16,2025-03-11,69,0.05,20260101324
2025-11-21,324,17,2025-01-26,25,0.05,20260101324
2025-11-21,324,18,2025-07-01,181,0.05,20260101324
2025-11-21,324,19,2025-08-12,223,0.05,20260101324
2025-11-21,324,20,2025-08-16,227,0.05,20260101324
2025-11-22,325,1,2025-08-10,221,0.05,20260101325
2025-11-22,325,2,2025-02-13,43,0.05,20260101325
2025-11-22,325,3,2025-04-02,91,0.05,20260101325
2025-11-22,325,4,2025-10-28,300,0.05,20260101325
2025-11-22,325,5,2025-06-20,170,0.05,20260101325
2025-11-22,325,6,2025-02-24,54,0.05,20260101325
2025-11-22,325,7,2025-08-14,225,0.05,20260101325
2025-11-22,325,8,2025-09-20,262,0.05,20260101325
2025-11-22,325,9,2025-06-10,160,0.05,20260101325
2025-11-22,325,10,2025-05-29,148,0.05,20260101325
2025-11-22,325,11,2025-04-05,94,0.05,20260101325
2025-11-22,325,12,2025-09-16,258,0.05,20260101325
2025-11-22,325,13,2025-10-06,278,0.05,20260101325
2025-11-22,325,14,2025-10-24,296,0.05,20260101325
2025-11-22,325,15,2025-05-18,137,0.05,20260101325
2025-11-22,325,16,2025-09-16,258,0.05,20260101325
2025-11-22,325,17,2025-09-08,250,0.05,20260101325
2025-11-22,325,18,2025-10-28,300,0.05,20260101325
2025-11-22,325,19,2025-10-10,282,0.05,20260101325
2025-11-22,325,20,2025-05-02,121,0.05,20260101325
2025-11-23,326,1,2025-05-02,121,0.05,20260101326
2025-11-23,326,2,2025-08-07,218,0.05,20260101326
2025-11-23,326,3,2025-08-03,214,0.05,20260101326
2025-11-23,326,4,2025-08-31,242,0.05,20260101326
2025-11-23,326,5,2025-03-02,60,0.05,20260101326
2025-11-23,326,6,2025-06-23,173,0.05,20260101326
2025-11-23,326,7,2025-01-11,10,0.05,20260101326
2025-11-23,326,8,2025-10-17,289,0.05,20260101326
2025-11-23,326,9,2025-06-26,176,0.05,20260101326
2025-11-23,326,10,2025-10-26,298,0.05,20260101326
2025-11-23,326,11,2025-01-21,20,0.05,20260101326
2025-11-23,326,12,2025-04-03,92,0.05,20260101326
2025-11-23,326,13,2025-09-15,257,0.05,20260101326
2025-11-23,326,14,2025-02-12,42,0.05,20260101326
2025-11-23,326,15,2025-09-24,266,0.05,20260101326
2025-11-23,326,16,2025-04-13,102,0.05,20260101326
2025-11-23,326,17,2025-08-04,215,0.05,20260101326
2025-11-23,326,18,2025-01-28,27,0.05,20260101326
2025-11-23,326,19,2025-10-17,289,0.05,20260101326
2025-11-23,326,20,2025-01-31,30,0.05,20260101326
2025-11-24,327,1,2025-06-05,155,0.05,20260101327
2025-11-24,327,2,2025-05-25,144,0.05,20260101327
2025-11-24,327,3,2025-03-23,81,0.05,20260101327
2025-11-24,327,4,2025-04-28,117,0.05,20260101327
2025-11-24,327,5,2025-01-21,20,0.05,20260101327
2025-11-24,327,6,2025-04-11,100,0.05,20260101327
2025-11-24,327,7,2025-01-02,1,0.05,20260101327
2025-11-24,327,8,2025-03-14,72,0.05,20260101327
2025-11-24,327,9,2025-05-19,138,0.05,20260101327
2025-11-24,327,10,2025-07-30,210,0.05,20260101327
2025-11-24,327,11,2025-10-14,286,0.05,20260101327
2025-11-24,327,12,2025-11-04,307,0.05,20260101327
2025-11-24,327,13,2025-05-18,137,0.05,20260101327
2025-11-24,327,14,2025-11-20,323,0.05,20260101327
2025-11-24,327,15,2025-07-13,193,0.05,20260101327
2025-11-24,327,16,2025-11-09,312,0.05,20260101327
2025-11-24,327,17,2025-10-16,288,0.05,20260101327
2025-11-24,327,18,2025-04-29,118,0.05,20260101327
2025-11-24,327,19,2025-10-16,288,0.05,20260101327
2025-11-24,327,20,2025-10-16,288,0.05,20260101327
2025-11-25,328,1,2025-01-09,8,0.05,20260101328
2025-11-25,328,2,2025-07-19,199,0.05,20260101328
2025-11-25,328,3,2025-11-03,306,0.05,20260101328
2025-11-25,328,4,2025-03-21,79,0.05,20260101328
2025-11-25,328,5,2025-06-06,156,0.05,20260101328
2025-11-25,328,6,2025-11-09,312,0.05,20260101328
2025-11-25,328,7,2025-08-29,240,0.05,20260101328
2025-11-25,328,8,2025-08-27,238,0.05,20260101328
2025-11-25,328,9,2025-01-25,24,0.05,20260101328
2025-11-25,328,10,2025-09-25,267,0.05,20260101328
2025-11-25,328,11,2025-06-22,172,0.05,20260101328
2025-11-25,328,12,2025-04-21,110,0.05,20260101328
2025-11-25,328,13,2025-02-12,42,0.05,20260101328
2025-11-25,328,14,2025-08-25,236,0.05,20260101328
2025-11-25,328,15,2025-07-22,202,0.05,20260101328
2025-11-25,328,16,2025-09-09,251,0.05,20260101328
2025-11-25,328,17,2025-11-22,325,0.05,20260101328
2025-11-25,328,18,2025-06-11,161,0.05,20260101328
2025-11-25,328,19,2025-04-28,117,0.05,20260101328
2025-11-25,328,20,2025-10-26,298,0.05,20260101328
2025-11-26,329,1,2025-11-06,309,0.05,20260101329
2025-11-26,329,2,2025-03-19,77,0.05,20260101329
2025-11-26,329,3,2025-10-29,301,0.05,20260101329
2025-11-26,329,4,2025-02-02,32,0.05,20260101329
2025-11-26,329,5,2025-05-20,139,0.05,20260101329
2025-11-26,329,6,2025-05-10,129,0.05,20260101329
2025-11-26,329,7,2025-04-09,98,0.05,20260101329
2025-11-26,329,8,2025-08-20,231,0.05,20260101329
2025-11-26,329,9,2025-04-09,98,0.05,20260101329
2025-11-26,329,10,2025-10-04,276,0.05,20260101329
2025-11-26,329,11,2025-10-15,287,0.05,20260101329
2025-11-26,329,12,2025-02-16,46,0.05,20260101329
2025-11-26,329,13,2025-07-02,182,0.05,20260101329
2025-11-26,329,14,2025-04-09,98,0.05,20260101329
2025-11-26,329,15,2025-09-29,271,0.05,20260101329
2025-11-26,329,16,2025-06-30,180,0.05,20260101329
2025-11-26,329,17,2025-09-28,270,0.05,20260101329
2025-11-26,329,18,2025-03-01,59,0.05,20260101329
2025-11-26,329,19,2025-01-18,17,0.05,20260101329
2025-11-26,329,20,2025-03-18,76,0.05,20260101329
2025-11-27,330,1,2025-01-21,20,0.05,20260101330
2025-11-27,330,2,2025-02-27,57,0.05,20260101330
2025-11-27,330,3,2025-10-11,283,0.05,20260101330
2025-11-27,330,4,2025-09-04,246,0.05,20260101330
2025-11-27,330,5,2025-09-21,263,0.05,20260101330
2025-11-27,330,6,2025-09-30,272,0.05,20260101330
2025-11-27,330,7,2025-02-11,41,0.05,20260101330
2025-11-27,330,8,2025-02-22,52,0.05,20260101330
2025-11-27,330,9,2025-05-05,124,0.05,20260101330
2025-11-27,330,10,2025-06-15,165,0.05,20260101330
2025-11-27,330,11,2025-11-02,305,0.05,20260101330
2025-11-27,330,12,2025-09-29,271,0.05,20260101330
2025-11-27,330,13,2025-07-09,189,0.05,20260101330
2025-11-27,330,14,2025-06-05,155,0.05,20260101330
2025-11-27,330,15,2025-11-24,327,0.05,20260101330
2025-11-27,330,16,2025-11-21,324,0.05,20260101330
2025-11-27,330,17,2025-01-05,4,0.05,20260101330
2025-11-27,330,18,2025-05-21,140,0.05,20260101330
2025-11-27,330,19,2025-02-18,48,0.05,20260101330
2025-11-27,330,20,2025-10-16,288,0.05,20260101330
2025-11-28,331,1,2025-07-30,210,0.05,20260101331
2025-11-28,331,2,2025-01-17,16,0.05,20260101331
2025-11-28,331,3,2025-10-07,279,0.05,20260101331
2025-11-28,331,4,2025-09-26,268,0.05,20260101331
2025-11-28,331,5,2025-03-06,64,0.05,20260101331
2025-11-28,331,6,2025-06-19,169,0.05,20260101331
2025-11-28,331,7,2025-01-04,3,0.05,20260101331
2025-11-28,331,8,2025-07-24,204,0.05,20260101331
2025-11-28,331,9,2025-11-14,317,0.05,20260101331
2025-11-28,331,10,2025-06-14,164,0.05,20260101331
2025-11-28,331,11,2025-11-02,305,0.05,20260101331
2025-11-28,331,12,2025-01-22,21,0.05,20260101331
2025-11-28,331,13,2025-10-26,298,0.05,20260101331
2025-11-28,331,14,2025-01-18,17,0.05,20260101331
2025-11-28,331,15,2025-02-05,35,0.05,20260101331
2025-11-28,331,16,2025-08-09,220,0.05,20260101331
2025-11-28,331,17,2025-11-06,309,0.05,20260101331
2025-11-28,331,18,2025-09-17,259,0.05,20260101331
2025-11-28,331,19,2025-03-20,78,0.05,20260101331
2025-11-28,331,20,2025-08-30,241,0.05,20260101331
2025-11-29,332,1,2025-11-06,309,0.05,20260101332
2025-11-29,332,2,2025-02-17,47,0.05,20260101332
2025-11-29,332,3,2025-03-19,77,0.05,20260101332
2025-11-29,332,4,2025-06-16,166,0.05,20260101332
2025-11-29,332,5,2025-02-04,34,0.05,20260101332
2025-11-29,332,6,2025-08-26,237,0.05,20260101332
2025-11-29,332,7,2025-03-06,64,0.05,20260101332
2025-11-29,332,8,2025-02-19,49,0.05,20260101332
2025-11-29,332,9,2025-03-11,69,0.05,20260101332
2025-11-29,332,10,2025-07-17,197,0.05,20260101332
2025-11-29,332,11,2025-10-01,273,0.05,20260101332
2025-11-29,332,12,2025-05-08,127,0.05,20260101332
2025-11-29,332,13,2025-03-13,71,0.05,20260101332
2025-11-29,332,14,2025-03-07,65,0.05,20260101332
2025-11-29,332,15,2025-07-28,208,0.05,20260101332
2025-11-29,332,16,2025-02-10,40,0.05,20260101332
2025-11-29,332,17,2025-05-09,128,0.05,20260101332
2025-11-29,332,18,2025-02-09,39,0.05,20260101332
2025-11-29,332,19,2025-06-26,176,0.05,20260101332
2025-11-29,332,20,2025-09-02,244,0.05,20260101332
2025-11-30,333,1,2025-07-13,193,0.05,20260101333
2025-11-30,333,2,2025-02-18,48,0.05,20260101333
2025-11-30,333,3,2025-02-22,52,0.05,20260101333
2025-11-30,333,4,2025-02-02,32,0.05,20260101333
2025-11-30,333,5,2025-11-19,322,0.05,20260101333
2025-11-30,333,6,2025-02-19,49,0.05,20260101333
2025-11-30,333,7,2025-01-25,24,0.05,20260101333
2025-11-30,333,8,2025-08-07,218,0.05,20260101333
2025-11-30,333,9,2025-10-07,279,0.05,20260101333
2025-11-30,333,10,2025-08-24,235,0.05,20260101333
2025-11-30,333,11,2025-02-17,47,0.05,20260101333
2025-11-30,333,12,2025-02-24,54,0.05,20260101333
2025-11-30,333,13,2025-04-21,110,0.05,20260101333
2025-11-30,333,14,2025-07-21,201,0.05,20260101333
2025-11-30,333,15,2025-06-02,152,0.05,20260101333
2025-11-30,333,16,2025-08-03,214,0.05,20260101333
2025-11-30,333,17,2025-02-14,44,0.05,20260101333
2025-11-30,333,18,2025-10-30,302,0.05,20260101333
2025-11-30,333,19,2025-03-03,61,0.05,20260101333
2025-11-30,333,20,2025-03-29,87,0.05,20260101333
2025-12-01,334,1,2025-05-07,126,0.05,20260101334
2025-12-01,334,2,2025-02-01,31,0.05,20260101334
2025-12-01,334,3,2025-10-17,289,0.05,20260101334
2025-12-01,334,4,2025-04-20,109,0.05,20260101334
2025-12-01,334,5,2025-09-13,255,0.05,20260101334
2025-12-01,334,6,2025-11-30,333,0.05,20260101334
2025-12-01,334,7,2025-11-29,332,0.05,20260101334
2025-12-01,334,8,2025-11-03,306,0.05,20260101334
2025-12-01,334,9,2025-02-18,48,0.05,20260101334
2025-12-01,334,10,2025-08-02,213,0.05,20260101334
2025-12-01,334,11,2025-07-17,197,0.05,20260101334
2025-12-01,334,12,2025-08-05,216,0.05,20260101334
2025-12-01,334,13,2025-09-17,259,0.05,20260101334
2025-12-01,334,14,2025-05-01,120,0.05,20260101334
2025-12-01,334,15,2025-06-25,175,0.05,20260101334
2025-12-01,334,16,2025-01-25,24,0.05,20260101334
2025-12-01,334,17,2025-08-20,231,0.05,20260101334
2025-12-01,334,18,2025-05-16,135,0.05,20260101334
2025-12-01,334,19,2025-08-06,217,0.05,20260101334
2025-12-01,334,20,2025-04-10,99,0.05,20260101334
2025-12-02,335,1,2025-08-28,239,0.05,20260101335
2025-12-02,335,2,2025-07-15,195,0.05,20260101335
2025-12-02,335,3,2025-07-21,201,0.05,20260101335
2025-12-02,335,4,2025-07-30,210,0.05,20260101335
2025-12-02,335,5,2025-10-17,289,0.05,20260101335
2025-12-02,335,6,2025-04-16,105,0.05,20260101335
2025-12-02,335,7,2025-02-26,56,0.05,20260101335
2025-12-02,335,8,2025-11-05,308,0.05,20260101335
2025-12-02,335,9,2025-01-02,1,0.05,20260101335
2025-12-02,335,10,2025-04-27,116,0.05,20260101335
2025-12-02,335,11,2025-09-26,268,0.05,20260101335
2025-12-02,335,12,2025-09-05,247,0.05,20260101335
2025-12-02,335,13,2025-06-12,162,0.05,20260101335
2025-12-02,335,14,2025-04-20,109,0.05,20260101335
2025-12-02,335,15,2025-05-22,141,0.05,20260101335
2025-12-02,335,16,2025-05-22,141,0.05,20260101335
2025-12-02,335,17,2025-07-24,204,0.05,20260101335
2025-12-02,335,18,2025-09-07,249,0.05,20260101335
2025-12-02,335,19,2025-06-19,169,0.05,20260101335
2025-12-02,335,20,2025-01-11,10,0.05,20260101335
2025-12-03,336,1,2025-07-20,200,0.05,20260101336
2025-12-03,336,2,2025-08-01,212,0.05,20260101336
2025-12-03,336,3,2025-08-23,234,0.05,20260101336
2025-12-03,336,4,2025-06-22,172,0.05,20260101336
2025-12-03,336,5,2025-01-29,28,0.05,20260101336
2025-12-03,336,6,2025-05-30,149,0.05,20260101336
2025-12-03,336,7,2025-02-16,46,0.05,20260101336
2025-12-03,336,8,2025-03-22,80,0.05,20260101336
2025-12-03,336,9,2025-05-05,124,0.05,20260101336
2025-12-03,336,10,2025-11-05,308,0.05,20260101336
2025-12-03,336,11,2025-09-24,266,0.05,20260101336
2025-12-03,336,12,2025-04-06,95,0.05,20260101336
2025-12-03,336,13,2025-08-25,236,0.05,20260101336
2025-12-03,336,14,2025-02-03,33,0.05,20260101336
2025-12-03,336,15,2025-02-25,55,0.05,20260101336
2025-12-03,336,16,2025-04-24,113,0.05,20260101336
2025-12-03,336,17,2025-10-28,300,0.05,20260101336
2025-12-03,336,18,2025-09-07,249,0.05,20260101336
2025-12-03,336,19,2025-09-07,249,0.05,20260101336
2025-12-03,336,20,2025-01-20,19,0.05,20260101336
2025-12-04,337,1,2025-08-15,226,0.05,20260101337
2025-12-04,337,2,2025-06-02,152,0.05,20260101337
2025-12-04,337,3,2025-04-26,115,0.05,20260101337
2025-12-04,337,4,2025-10-02,274,0.05,20260101337
2025-12-04,337,5,2025-10-30,302,0.05,20260101337
2025-12-04,337,6,2025-06-11,161,0.05,20260101337
2025-12-04,337,7,2025-04-03,92,0.05,20260101337
2025-12-04,337,8,2025-06-01,151,0.05,20260101337
2025-12-04,337,9,2025-05-06,125,0.05,20260101337
2025-12-04,337,10,2025-01-08,7,0.05,20260101337
2025-12-04,337,11,2025-01-27,26,0.05,20260101337
2025-12-04,337,12,2025-09-21,263,0.05,20260101337
2025-12-04,337,13,2025-02-03,33,0.05,20260101337
2025-12-04,337,14,2025-01-19,18,0.05,20260101337
2025-12-04,337,15,2025-11-10,313,0.05,20260101337
2025-12-04,337,16,2025-11-20,323,0.05,20260101337
2025-12-04,337,17,2025-08-21,232,0.05,20260101337
2025-12-04,337,18,2025-09-07,249,0.05,20260101337
2025-12-04,337,19,2025-03-18,76,0.05,20260101337
2025-12-04,337,20,2025-08-10,221,0.05,20260101337
2025-12-05,338,1,2025-05-01,120,0.05,20260101338
2025-12-05,338,2,2025-11-27,330,0.05,20260101338
2025-12-05,338,3,2025-03-08,66,0.05,20260101338
2025-12-05,338,4,2025-04-05,94,0.05,20260101338
2025-12-05,338,5,2025-04-08,97,0.05,20260101338
2025-12-05,338,6,2025-10-19,291,0.05,20260101338
2025-12-05,338,7,2025-07-03,183,0.05,20260101338
2025-12-05,338,8,2025-03-12,70,0.05,20260101338
2025-12-05,338,9,2025-11-19,322,0.05,20260101338
2025-12-05,338,10,2025-10-25,297,0.05,20260101338
2025-12-05,338,11,2025-09-20,262,0.05,20260101338
2025-12-05,338,12,2025-07-23,203,0.05,20260101338
2025-12-05,338,13,2025-09-18,260,0.05,20260101338
2025-12-05,338,14,2025-03-04,62,0.05,20260101338
2025-12-05,338,15,2025-10-20,292,0.05,20260101338
2025-12-05,338,16,2025-09-14,256,0.05,20260101338
2025-12-05,338,17,2025-03-25,83,0.05,20260101338
2025-12-05,338,18,2025-06-04,154,0.05,20260101338
2025-12-05,338,19,2025-08-01,212,0.05,20260101338
2025-12-05,338,20,2025-06-16,166,0.05,20260101338
2025-12-06,339,1,2025-11-29,332,0.05,20260101339
2025-12-06,339,2,2025-11-14,317,0.05,20260101339
2025-12-06,339,3,2025-08-16,227,0.05,20260101339
2025-12-06,339,4,2025-01-18,17,0.05,20260101339
2025-12-06,339,5,2025-11-13,316,0.05,20260101339
2025-12-06,339,6,2025-02-19,49,0.05,20260101339
2025-12-06,339,7,2025-09-16,258,0.05,20260101339
2025-12-06,339,8,2025-10-27,299,0.05,20260101339
2025-12-06,339,9,2025-04-24,113,0.05,20260101339
2025-12-06,339,10,2025-01-31,30,0.05,20260101339
2025-12-06,339,11,2025-09-02,244,0.05,20260101339
2025-12-06,339,12,2025-06-26,176,0.05,20260101339
2025-12-06,339,13,2025-09-03,245,0.05,20260101339
2025-12-06,339,14,2025-05-24,143,0.05,20260101339
2025-12-06,339,15,2025-03-30,88,0.05,20260101339
2025-12-06,339,16,2025-08-13,224,0.05,20260101339
2025-12-06,339,17,2025-02-12,42,0.05,20260101339
2025-12-06,339,18,2025-12-05,338,0.05,20260101339
2025-12-06,339,19,2025-03-20,78,0.05,20260101339
2025-12-06,339,20,2025-08-01,212,0.05,20260101339
2025-12-07,340,1,2025-02-03,33,0.05,20260101340
2025-12-07,340,2,2025-10-13,285,0.05,20260101340
2025-12-07,340,3,2025-07-17,197,0.05,20260101340
2025-12-07,340,4,2025-04-25,114,0.05,20260101340
2025-12-07,340,5,2025-08-05,216,0.05,20260101340
2025-12-07,340,6,2025-05-24,143,0.05,20260101340
2025-12-07,340,7,2025-12-05,338,0.05,20260101340
2025-12-07,340,8,2025-11-03,306,0.05,20260101340
2025-12-07,340,9,2025-02-21,51,0.05,20260101340
2025-12-07,340,10,2025-09-20,262,0.05,20260101340
2025-12-07,340,11,2025-03-19,77,0.05,20260101340
2025-12-07,340,12,2025-09-22,264,0.05,20260101340
2025-12-07,340,13,2025-01-06,5,0.05,20260101340
2025-12-07,340,14,2025-06-23,173,0.05,20260101340
2025-12-07,340,15,2025-02-02,32,0.05,20260101340
2025-12-07,340,16,2025-05-07,126,0.05,20260101340
2025-12-07,340,17,2025-08-23,234,0.05,20260101340
2025-12-07,340,18,2025-04-19,108,0.05,20260101340
2025-12-07,340,19,2025-02-08,38,0.05,20260101340
2025-12-07,340,20,2025-07-09,189,0.05,20260101340
2025-12-08,341,1,2025-11-28,331,0.05,20260101341
2025-12-08,341,2,2025-01-24,23,0.05,20260101341
2025-12-08,341,3,2025-09-21,263,0.05,20260101341
2025-12-08,341,4,2025-04-03,92,0.05,20260101341
2025-12-08,341,5,2025-05-23,142,0.05,20260101341
2025-12-08,341,6,2025-05-24,143,0.05,20260101341
2025-12-08,341,7,2025-05-11,130,0.05,20260101341
2025-12-08,341,8,2025-03-05,63,0.05,20260101341
2025-12-08,341,9,2025-04-19,108,0.05,20260101341
2025-12-08,341,10,2025-02-03,33,0.05,20260101341
2025-12-08,341,11,2025-11-19,322,0.05,20260101341
2025-12-08,341,12,2025-05-08,127,0.05,20260101341
2025-12-08,341,13,2025-04-02,91,0.05,20260101341
2025-12-08,341,14,2025-04-11,100,0.05,20260101341
2025-12-08,341,15,2025-03-03,61,0.05,20260101341
2025-12-08,341,16,2025-11-22,325,0.05,20260101341
2025-12-08,341,17,2025-02-08,38,0.05,20260101341
2025-12-08,341,18,2025-05-27,146,0.05,20260101341
2025-12-08,341,19,2025-09-15,257,0.05,20260101341
2025-12-08,341,20,2025-03-10,68,0.05,20260101341
2025-12-09,342,1,2025-08-27,238,0.05,20260101342
2025-12-09,342,2,2025-03-14,72,0.05,20260101342
2025-12-09,342,3,2025-09-19,261,0.05,20260101342
2025-12-09,342,4,2025-08-16,227,0.05,20260101342
2025-12-09,342,5,2025-05-27,146,0.05,20260101342
2025-12-09,342,6,2025-04-18,107,0.05,20260101342
2025-12-09,342,7,2025-02-11,41,0.05,20260101342
2025-12-09,342,8,2025-06-17,167,0.05,20260101342
2025-12-09,342,9,2025-02-23,53,0.05,20260101342
2025-12-09,342,10,2025-08-12,223,0.05,20260101342
2025-12-09,342,11,2025-03-24,82,0.05,20260101342
2025-12-09,342,12,2025-02-02,32,0.05,20260101342
2025-12-09,342,13,2025-07-22,202,0.05,20260101342
2025-12-09,342,14,2025-09-01,243,0.05,20260101342
2025-12-09,342,15,2025-10-30,302,0.05,20260101342
2025-12-09,342,16,2025-10-15,287,0.05,20260101342
2025-12-09,342,17,2025-04-29,118,0.05,20260101342
2025-12-09,342,18,2025-03-25,83,0.05,20260101342
2025-12-09,342,19,2025-03-06,64,0.05,20260101342
2025-12-09,342,20,2025-06-10,160,0.05,20260101342
2025-12-10,343,1,2025-01-27,26,0.05,20260101343
2025-12-10,343,2,2025-01-06,5,0.05,20260101343
2025-12-10,343,3,2025-09-28,270,0.05,20260101343
2025-12-10,343,4,2025-06-24,174,0.05,20260101343
2025-12-10,343,5,2025-01-23,22,0.05,20260101343
2025-12-10,343,6,2025-04-13,102,0.05,20260101343
2025-12-10,343,7,2025-11-14,317,0.05,20260101343
2025-12-10,343,8,2025-03-22,80,0.05,20260101343
2025-12-10,343,9,2025-08-29,240,0.05,20260101343
2025-12-10,343,10,2025-03-31,89,0.05,20260101343
2025-12-10,343,11,2025-09-01,243,0.05,20260101343
2025-12-10,343,12,2025-11-12,315,0.05,20260101343
2025-12-10,343,13,2025-01-19,18,0.05,20260101343
2025-12-10,343,14,2025-07-21,201,0.05,20260101343
2025-12-10,343,15,2025-03-05,63,0.05,20260101343
2025-12-10,343,16,2025-05-23,142,0.05,20260101343
2025-12-10,343,17,2025-08-10,221,0.05,20260101343
2025-12-10,343,18,2025-03-15,73,0.05,20260101343
2025-12-10,343,19,2025-06-02,152,0.05,20260101343
2025-12-10,343,20,2025-02-07,37,0.05,20260101343
2025-12-11,344,1,2025-01-24,23,0.05,20260101344
2025-12-11,344,2,2025-10-12,284,0.05,20260101344
2025-12-11,344,3,2025-04-20,109,0.05,20260101344
2025-12-11,344,4,2025-09-15,257,0.05,20260101344
2025-12-11,344,5,2025-08-25,236,0.05,20260101344
2025-12-11,344,6,2025-06-17,167,0.05,20260101344
2025-12-11,344,7,2025-04-30,119,0.05,20260101344
2025-12-11,344,8,2025-09-28,270,0.05,20260101344
2025-12-11,344,9,2025-05-12,131,0.05,20260101344
2025-12-11,344,10,2025-05-06,125,0.05,20260101344
2025-12-11,344,11,2025-02-05,35,0.05,20260101344
2025-12-11,344,12,2025-09-09,251,0.05,20260101344
2025-12-11,344,13,2025-11-23,326,0.05,20260101344
2025-12-11,344,14,2025-09-20,262,0.05,20260101344
2025-12-11,344,15,2025-02-24,54,0.05,20260101344
2025-12-11,344,16,2025-04-17,106,0.05,20260101344
2025-12-11,344,17,2025-05-25,144,0.05,20260101344
2025-12-11,344,18,2025-08-16,227,0.05,20260101344
2025-12-11,344,19,2025-07-10,190,0.05,20260101344
2025-12-11,344,20,2025-08-09,220,0.05,20260101344
2025-12-12,345,1,2025-05-22,141,0.05,20260101345
2025-12-12,345,2,2025-10-04,276,0.05,20260101345
2025-12-12,345,3,2025-05-08,127,0.05,20260101345
2025-12-12,345,4,2025-03-14,72,0.05,20260101345
2025-12-12,345,5,2025-07-03,183,0.05,20260101345
2025-12-12,345,6,2025-03-04,62,0.05,20260101345
2025-12-12,345,7,2025-08-14,225,0.05,20260101345
2025-12-12,345,8,2025-05-09,128,0.05,20260101345
2025-12-12,345,9,2025-09-04,246,0.05,20260101345
2025-12-12,345,10,2025-01-24,23,0.05,20260101345
2025-12-12,345,11,2025-09-20,262,0.05,20260101345
2025-12-12,345,12,2025-11-21,324,0.05,20260101345
2025-12-12,345,13,2025-02-13,43,0.05,20260101345
2025-12-12,345,14,2025-10-21,293,0.05,20260101345
2025-12-12,345,15,2025-05-10,129,0.05,20260101345
2025-12-12,345,16,2025-03-17,75,0.05,20260101345
2025-12-12,345,17,2025-08-22,233,0.05,20260101345
2025-12-12,345,18,2025-05-02,121,0.05,20260101345
2025-12-12,345,19,2025-10-22,294,0.05,20260101345
2025-12-12,345,20,2025-12-02,335,0.05,20260101345
2025-12-13,346,1,2025-06-29,179,0.05,20260101346
2025-12-13,346,2,2025-07-23,203,0.05,20260101346
2025-12-13,346,3,2025-09-10,252,0.05,20260101346
2025-12-13,346,4,2025-06-05,155,0.05,20260101346
2025-12-13,346,5,2025-01-12,11,0.05,20260101346
2025-12-13,346,6,2025-05-10,129,0.05,20260101346
2025-12-13,346,7,2025-02-10,40,0.05,20260101346
2025-12-13,346,8,2025-01-10,9,0.05,20260101346
2025-12-13,346,9,2025-11-21,324,0.05,20260101346
2025-12-13,346,10,2025-07-20,200,0.05,20260101346
2025-12-13,346,11,2025-06-04,154,0.05,20260101346
2025-12-13,346,12,2025-05-20,139,0.05,20260101346
2025-12-13,346,13,2025-08-07,218,0.05,20260101346
2025-12-13,346,14,2025-04-10,99,0.05,20260101346
2025-12-13,346,15,2025-05-18,137,0.05,20260101346
2025-12-13,346,16,2025-10-08,280,0.05,20260101346
2025-12-13,346,17,2025-10-23,295,0.05,20260101346
2025-12-13,346,18,2025-08-05,216,0.05,20260101346
2025-12-13,346,19,2025-09-20,262,0.05,20260101346
2025-12-13,346,20,2025-09-01,243,0.05,20260101346
2025-12-14,347,1,2025-03-21,79,0.05,20260101347
2025-12-14,347,2,2025-06-12,162,0.05,20260101347
2025-12-14,347,3,2025-02-27,57,0.05,20260101347
2025-12-14,347,4,2025-12-07,340,0.05,20260101347
2025-12-14,347,5,2025-04-25,114,0.05,20260101347
2025-12-14,347,6,2025-04-06,95,0.05,20260101347
2025-12-14,347,7,2025-06-13,163,0.05,20260101347
2025-12-14,347,8,2025-11-12,315,0.05,20260101347
2025-12-14,347,9,2025-06-17,167,0.05,20260101347
2025-12-14,347,10,2025-06-24,174,0.05,20260101347
2025-12-14,347,11,2025-04-06,95,0.05,20260101347
2025-12-14,347,12,2025-11-04,307,0.05,20260101347
2025-12-14,347,13,2025-06-04,154,0.05,20260101347
2025-12-14,347,14,2025-07-21,201,0.05,20260101347
2025-12-14,347,15,2025-06-28,178,0.05,20260101347
2025-12-14,347,16,2025-01-17,16,0.05,20260101347
2025-12-14,347,17,2025-05-03,122,0.05,20260101347
2025-12-14,347,18,2025-04-20,109,0.05,20260101347
2025-12-14,347,19,2025-01-23,22,0.05,20260101347
2025-12-14,347,20,2025-02-20,50,0.05,20260101347
2025-12-15,348,1,2025-11-03,306,0.05,20260101348
2025-12-15,348,2,2025-11-22,325,0.05,20260101348
2025-12-15,348,3,2025-11-05,308,0.05,20260101348
2025-12-15,348,4,2025-10-06,278,0.05,20260101348
2025-12-15,348,5,2025-07-08,188,0.05,20260101348
2025-12-15,348,6,2025-07-02,182,0.05,20260101348
2025-12-15,348,7,2025-10-15,287,0.05,20260101348
2025-12-15,348,8,2025-07-11,191,0.05,20260101348
2025-12-15,348,9,2025-10-03,275,0.05,20260101348
2025-12-15,348,10,2025-09-15,257,0.05,20260101348
2025-12-15,348,11,2025-11-26,329,0.05,20260101348
2025-12-15,348,12,2025-05-17,136,0.05,20260101348
2025-12-15,348,13,2025-09-21,263,0.05,20260101348
2025-12-15,348,14,2025-09-12,254,0.05,20260101348
2025-12-15,348,15,2025-08-26,237,0.05,20260101348
2025-12-15,348,16,2025-11-10,313,0.05,20260101348
2025-12-15,348,17,2025-07-12,192,0.05,20260101348
2025-12-15,348,18,2025-09-06,248,0.05,20260101348
2025-12-15,348,19,2025-06-07,157,0.05,20260101348
2025-12-15,348,20,2025-04-14,103,0.05,20260101348
2025-12-16,349,1,2025-08-26,237,0.05,20260101349
2025-12-16,349,2,2025-01-17,16,0.05,20260101349
2025-12-16,349,3,2025-04-25,114,0.05,20260101349
2025-12-16,349,4,2025-08-24,235,0.05,20260101349
2025-12-16,349,5,2025-01-04,3,0.05,20260101349
2025-12-16,349,6,2025-10-05,277,0.05,20260101349
2025-12-16,349,7,2025-01-23,22,0.05,20260101349
2025-12-16,349,8,2025-03-03,61,0.05,20260101349
2025-12-16,349,9,2025-07-01,181,0.05,20260101349
2025-12-16,349,10,2025-03-10,68,0.05,20260101349
2025-12-16,349,11,2025-07-22,202,0.05,20260101349
2025-12-16,349,12,2025-06-27,177,0.05,20260101349
2025-12-16,349,13,2025-01-25,24,0.05,20260101349
2025-12-16,349,14,2025-01-05,4,0.05,20260101349
2025-12-16,349,15,2025-11-18,321,0.05,20260101349
2025-12-16,349,16,2025-10-28,300,0.05,20260101349
2025-12-16,349,17,2025-08-12,223,0.05,20260101349
2025-12-16,349,18,2025-03-14,72,0.05,20260101349
2025-12-16,349,19,2025-07-23,203,0.05,20260101349
2025-12-16,349,20,2025-02-17,47,0.05,20260101349
2025-12-17,350,1,2025-04-09,98,0.05,20260101350
2025-12-17,350,2,2025-03-01,59,0.05,20260101350
2025-12-17,350,3,2025-04-18,107,0.05,20260101350
2025-12-17,350,4,2025-09-05,247,0.05,20260101350
2025-12-17,350,5,2025-05-06,125,0.05,20260101350
2025-12-17,350,6,2025-08-15,226,0.05,20260101350
2025-12-17,350,7,2025-05-31,150,0.05,20260101350
2025-12-17,350,8,2025-11-19,322,0.05,20260101350
2025-12-17,350,9,2025-11-26,329,0.05,20260101350
2025-12-17,350,10,2025-10-29,301,0.05,20260101350
2025-12-17,350,11,2025-04-28,117,0.05,20260101350
2025-12-17,350,12,2025-06-19,169,0.05,20260101350
2025-12-17,350,13,2025-01-24,23,0.05,20260101350
2025-12-17,350,14,2025-08-24,235,0.05,20260101350
2025-12-17,350,15,2025-03-06,64,0.05,20260101350
2025-12-17,350,16,2025-04-09,98,0.05,20260101350
2025-12-17,350,17,2025-03-28,86,0.05,20260101350
2025-12-17,350,18,2025-06-16,166,0.05,20260101350
2025-12-17,350,19,2025-03-11,69,0.05,20260101350
2025-12-17,350,20,2025-08-02,213,0.05,20260101350
2025-12-18,351,1,2025-04-09,98,0.05,20260101351
2025-12-18,351,2,2025-02-20,50,0.05,20260101351
2025-12-18,351,3,2025-09-25,267,0.05,20260101351
2025-12-18,351,4,2025-04-12,101,0.05,20260101351
2025-12-18,351,5,2025-10-10,282,0.05,20260101351
2025-12-18,351,6,2025-07-26,206,0.05,20260101351
2025-12-18,351,7,2025-03-26,84,0.05,20260101351
2025-12-18,351,8,2025-08-21,232,0.05,20260101351
2025-12-18,351,9,2025-08-07,218,0.05,20260101351
2025-12-18,351,10,2025-12-14,347,0.05,20260101351
2025-12-18,351,11,2025-02-09,39,0.05,20260101351
2025-12-18,351,12,2025-06-16,166,0.05,20260101351
2025-12-18,351,13,2025-02-08,38,0.05,20260101351
2025-12-18,351,14,2025-03-05,63,0.05,20260101351
2025-12-18,351,15,2025-11-11,314,0.05,20260101351
2025-12-18,351,16,2025-08-27,238,0.05,20260101351
2025-12-18,351,17,2025-01-21,20,0.05,20260101351
2025-12-18,351,18,2025-06-29,179,0.05,20260101351
2025-12-18,351,19,2025-10-07,279,0.05,20260101351
2025-12-18,351,20,2025-07-31,211,0.05,20260101351
2025-12-19,352,1,2025-07-28,208,0.05,20260101352
2025-12-19,352,2,2025-04-17,106,0.05,20260101352
2025-12-19,352,3,2025-01-20,19,0.05,20260101352
2025-12-19,352,4,2025-09-17,259,0.05,20260101352
2025-12-19,352,5,2025-11-28,331,0.05,20260101352
2025-12-19,352,6,2025-10-02,274,0.05,20260101352
2025-12-19,352,7,2025-11-21,324,0.05,20260101352
2025-12-19,352,8,2025-01-28,27,0.05,20260101352
2025-12-19,352,9,2025-09-18,260,0.05,20260101352
2025-12-19,352,10,2025-04-17,106,0.05,20260101352
2025-12-19,352,11,2025-05-20,139,0.05,20260101352
2025-12-19,352,12,2025-07-11,191,0.05,20260101352
2025-12-19,352,13,2025-01-09,8,0.05,20260101352
2025-12-19,352,14,2025-07-15,195,0.05,20260101352
2025-12-19,352,15,2025-10-03,275,0.05,20260101352
2025-12-19,352,16,2025-07-27,207,0.05,20260101352
2025-12-19,352,17,2025-10-06,278,0.05,20260101352
2025-12-19,352,18,2025-07-28,208,0.05,20260101352
2025-12-19,352,19,2025-10-04,276,0.05,20260101352
2025-12-19,352,20,2025-04-18,107,0.05,20260101352
2025-12-20,353,1,2025-06-04,154,0.05,20260101353
2025-12-20,353,2,2025-04-05,94,0.05,20260101353
2025-12-20,353,3,2025-08-29,240,0.05,20260101353
2025-12-20,353,4,2025-09-19,261,0.05,20260101353
2025-12-20,353,5,2025-03-17,75,0.05,20260101353
2025-12-20,353,6,2025-07-14,194,0.05,20260101353
2025-12-20,353,7,2025-01-23,22,0.05,20260101353
2025-12-20,353,8,2025-07-18,198,0.05,20260101353
2025-12-20,353,9,2025-10-18,290,0.05,20260101353
2025-12-20,353,10,2025-07-06,186,0.05,20260101353
2025-12-20,353,11,2025-03-15,73,0.05,20260101353
2025-12-20,353,12,2025-04-21,110,0.05,20260101353
2025-12-20,353,13,2025-09-28,270,0.05,20260101353
2025-12-20,353,14,2025-11-27,330,0.05,20260101353
2025-12-20,353,15,2025-04-20,109,0.05,20260101353
2025-12-20,353,16,2025-11-13,316,0.05,20260101353
2025-12-20,353,17,2025-06-07,157,0.05,20260101353
2025-12-20,353,18,2025-06-30,180,0.05,20260101353
2025-12-20,353,19,2025-06-03,153,0.05,20260101353
2025-12-20,353,20,2025-10-07,279,0.05,20260101353
2025-12-21,354,1,2025-01-11,10,0.05,20260101354
2025-12-21,354,2,2025-05-16,135,0.05,20260101354
2025-12-21,354,3,2025-02-22,52,0.05,20260101354
2025-12-21,354,4,2025-06-07,157,0.05,20260101354
2025-12-21,354,5,2025-09-01,243,0.05,20260101354
2025-12-21,354,6,2025-04-25,114,0.05,20260101354
2025-12-21,354,7,2025-12-20,353,0.05,20260101354
2025-12-21,354,8,2025-09-02,244,0.05,20260101354
2025-12-21,354,9,2025-08-08,219,0.05,20260101354
2025-12-21,354,10,2025-11-03,306,0.05,20260101354
2025-12-21,354,11,2025-01-24,23,0.05,20260101354
2025-12-21,354,12,2025-04-26,115,0.05,20260101354
2025-12-21,354,13,2025-05-22,141,0.05,20260101354
2025-12-21,354,14,2025-10-17,289,0.05,20260101354
2025-12-21,354,15,2025-11-03,306,0.05,20260101354
2025-12-21,354,16,2025-07-28,208,0.05,20260101354
2025-12-21,354,17,2025-06-20,170,0.05,20260101354
2025-12-21,354,18,2025-03-25,83,0.05,20260101354
2025-12-21,354,19,2025-10-17,289,0.05,20260101354
2025-12-21,354,20,2025-07-05,185,0.05,20260101354
2025-12-22,355,1,2025-07-10,190,0.05,20260101355
2025-12-22,355,2,2025-05-26,145,0.05,20260101355
2025-12-22,355,3,2025-01-29,28,0.05,20260101355
2025-12-22,355,4,2025-10-19,291,0.05,20260101355
2025-12-22,355,5,2025-06-28,178,0.05,20260101355
2025-12-22,355,6,2025-09-02,244,0.05,20260101355
2025-12-22,355,7,2025-07-17,197,0.05,20260101355
2025-12-22,355,8,2025-03-31,89,0.05,20260101355
2025-12-22,355,9,2025-03-22,80,0.05,20260101355
2025-12-22,355,10,2025-07-03,183,0.05,20260101355
2025-12-22,355,11,2025-08-11,222,0.05,20260101355
2025-12-22,355,12,2025-08-31,242,0.05,20260101355
2025-12-22,355,13,2025-04-06,95,0.05,20260101355
2025-12-22,355,14,2025-09-12,254,0.05,20260101355
2025-12-22,355,15,2025-05-07,126,0.05,20260101355
2025-12-22,355,16,2025-10-22,294,0.05,20260101355
2025-12-22,355,17,2025-07-29,209,0.05,20260101355
2025-12-22,355,18,2025-10-25,297,0.05,20260101355
2025-12-22,355,19,2025-02-17,47,0.05,20260101355
2025-12-22,355,20,2025-02-27,57,0.05,20260101355
2025-12-23,356,1,2025-09-26,268,0.05,20260101356
2025-12-23,356,2,2025-11-18,321,0.05,20260101356
2025-12-23,356,3,2025-12-16,349,0.05,20260101356
2025-12-23,356,4,2025-06-29,179,0.05,20260101356
2025-12-23,356,5,2025-01-26,25,0.05,20260101356
2025-12-23,356,6,2025-08-02,213,0.05,20260101356
2025-12-23,356,7,2025-07-01,181,0.05,20260101356
2025-12-23,356,8,2025-11-14,317,0.05,20260101356
2025-12-23,356,9,2025-05-02,121,0.05,20260101356
2025-12-23,356,10,2025-11-06,309,0.05,20260101356
2025-12-23,356,11,2025-01-18,17,0.05,20260101356
2025-12-23,356,12,2025-02-27,57,0.05,20260101356
2025-12-23,356,13,2025-01-09,8,0.05,20260101356
2025-12-23,356,14,2025-03-12,70,0.05,20260101356
2025-12-23,356,15,2025-08-17,228,0.05,20260101356
2025-12-23,356,16,2025-10-31,303,0.05,20260101356
2025-12-23,356,17,2025-11-30,333,0.05,20260101356
2025-12-23,356,18,2025-06-15,165,0.05,20260101356
2025-12-23,356,19,2025-05-27,146,0.05,20260101356
2025-12-23,356,20,2025-06-21,171,0.05,20260101356
2025-12-24,357,1,2025-07-09,189,0.05,20260101357
2025-12-24,357,2,2025-06-02,152,0.05,20260101357
2025-12-24,357,3,2025-09-20,262,0.05,20260101357
2025-12-24,357,4,2025-11-18,321,0.05,20260101357
2025-12-24,357,5,2025-11-24,327,0.05,20260101357
2025-12-24,357,6,2025-07-24,204,0.05,20260101357
2025-12-24,357,7,2025-08-09,220,0.05,20260101357
2025-12-24,357,8,2025-12-07,340,0.05,20260101357
2025-12-24,357,9,2025-02-12,42,0.05,20260101357
2025-12-24,357,10,2025-09-29,271,0.05,20260101357
2025-12-24,357,11,2025-03-09,67,0.05,20260101357
2025-12-24,357,12,2025-01-18,17,0.05,20260101357
2025-12-24,357,13,2025-06-30,180,0.05,20260101357
2025-12-24,357,14,2025-10-27,299,0.05,20260101357
2025-12-24,357,15,2025-04-26,115,0.05,20260101357
2025-12-24,357,16,2025-04-15,104,0.05,20260101357
2025-12-24,357,17,2025-07-14,194,0.05,20260101357
2025-12-24,357,18,2025-05-19,138,0.05,20260101357
2025-12-24,357,19,2025-11-21,324,0.05,20260101357
2025-12-24,357,20,2025-12-11,344,0.05,20260101357
2025-12-25,358,1,2025-08-10,221,0.05,20260101358
2025-12-25,358,2,2025-03-09,67,0.05,20260101358
2025-12-25,358,3,2025-01-18,17,0.05,20260101358
2025-12-25,358,4,2025-01-27,26,0.05,20260101358
2025-12-25,358,5,2025-06-11,161,0.05,20260101358
2025-12-25,358,6,2025-04-26,115,0.05,20260101358
2025-12-25,358,7,2025-01-19,18,0.05,20260101358
2025-12-25,358,8,2025-09-27,269,0.05,20260101358
2025-12-25,358,9,2025-07-29,209,0.05,20260101358
2025-12-25,358,10,2025-09-10,252,0.05,20260101358
2025-12-25,358,11,2025-02-23,53,0.05,20260101358
2025-12-25,358,12,2025-08-05,216,0.05,20260101358
2025-12-25,358,13,2025-04-17,106,0.05,20260101358
2025-12-25,358,14,2025-07-04,184,0.05,20260101358
2025-12-25,358,15,2025-08-16,227,0.05,20260101358
2025-12-25,358,16,2025-05-20,139,0.05,20260101358
2025-12-25,358,17,2025-02-13,43,0.05,20260101358
2025-12-25,358,18,2025-10-12,284,0.05,20260101358
2025-12-25,358,19,2025-06-22,172,0.05,20260101358
2025-12-25,358,20,2025-02-04,34,0.05,20260101358
2025-12-26,359,1,2025-02-08,38,0.05,20260101359
2025-12-26,359,2,2025-08-27,238,0.05,20260101359
2025-12-26,359,3,2025-07-26,206,0.05,20260101359
2025-12-26,359,4,2025-03-02,60,0.05,20260101359
2025-12-26,359,5,2025-11-25,328,0.05,20260101359
2025-12-26,359,6,2025-04-13,102,0.05,20260101359
2025-12-26,359,7,2025-08-17,228,0.05,20260101359
2025-12-26,359,8,2025-10-29,301,0.05,20260101359
2025-12-26,359,9,2025-04-12,101,0.05,20260101359
2025-12-26,359,10,2025-12-18,351,0.05,20260101359
2025-12-26,359,11,2025-04-19,108,0.05,20260101359
2025-12-26,359,12,2025-04-17,106,0.05,20260101359
2025-12-26,359,13,2025-05-02,121,0.05,20260101359
2025-12-26,359,14,2025-11-11,314,0.05,20260101359
2025-12-26,359,15,2025-01-02,1,0.05,20260101359
2025-12-26,359,16,2025-05-14,133,0.05,20260101359
2025-12-26,359,17,2025-04-30,119,0.05,20260101359
2025-12-26,359,18,2025-09-14,256,0.05,20260101359
2025-12-26,359,19,2025-08-20,231,0.05,20260101359
2025-12-26,359,20,2025-09-04,246,0.05,20260101359
2025-12-27,360,1,2025-01-25,24,0.05,20260101360
2025-12-27,360,2,2025-09-07,249,0.05,20260101360
2025-12-27,360,3,2025-10-04,276,0.05,20260101360
2025-12-27,360,4,2025-04-02,91,0.05,20260101360
2025-12-27,360,5,2025-06-14,164,0.05,20260101360
2025-12-27,360,6,2025-04-11,100,0.05,20260101360
2025-12-27,360,7,2025-05-08,127,0.05,20260101360
2025-12-27,360,8,2025-03-24,82,0.05,20260101360
2025-12-27,360,9,2025-12-18,351,0.05,20260101360
2025-12-27,360,10,2025-01-03,2,0.05,20260101360
2025-12-27,360,11,2025-05-22,141,0.05,20260101360
2025-12-27,360,12,2025-04-19,108,0.05,20260101360
2025-12-27,360,13,2025-10-14,286,0.05,20260101360
2025-12-27,360,14,2025-06-17,167,0.05,20260101360
2025-12-27,360,15,2025-06-12,162,0.05,20260101360
2025-12-27,360,16,2025-06-18,168,0.05,20260101360
2025-12-27,360,17,2025-05-02,121,0.05,20260101360
2025-12-27,360,18,2025-05-09,128,0.05,20260101360
2025-12-27,360,19,2025-09-04,246,0.05,20260101360
2025-12-27,360,20,2025-01-18,17,0.05,20260101360
2025-12-28,361,1,2025-04-21,110,0.05,20260101361
2025-12-28,361,2,2025-05-10,129,0.05,20260101361
2025-12-28,361,3,2025-10-18,290,0.05,20260101361
2025-12-28,361,4,2025-05-02,121,0.05,20260101361
2025-12-28,361,5,2025-06-18,168,0.05,20260101361
2025-12-28,361,6,2025-02-27,57,0.05,20260101361
2025-12-28,361,7,2025-08-13,224,0.05,20260101361
2025-12-28,361,8,2025-08-08,219,0.05,20260101361
2025-12-28,361,9,2025-08-14,225,0.05,20260101361
2025-12-28,361,10,2025-01-30,29,0.05,20260101361
2025-12-28,361,11,2025-03-31,89,0.05,20260101361
2025-12-28,361,12,2025-12-14,347,0.05,20260101361
2025-12-28,361,13,2025-01-22,21,0.05,20260101361
2025-12-28,361,14,2025-05-29,148,0.05,20260101361
2025-12-28,361,15,2025-12-04,337,0.05,20260101361
2025-12-28,361,16,2025-11-09,312,0.05,20260101361
2025-12-28,361,17,2025-07-03,183,0.05,20260101361
2025-12-28,361,18,2025-06-19,169,0.05,20260101361
2025-12-28,361,19,2025-06-23,173,0.05,20260101361
2025-12-28,361,20,2025-03-20,78,0.05,20260101361
2025-12-29,362,1,2025-09-16,258,0.05,20260101362
2025-12-29,362,2,2025-08-30,241,0.05,20260101362
2025-12-29,362,3,2025-03-13,71,0.05,20260101362
2025-12-29,362,4,2025-08-06,217,0.05,20260101362
2025-12-29,362,5,2025-07-20,200,0.05,20260101362
2025-12-29,362,6,2025-04-12,101,0.05,20260101362
2025-12-29,362,7,2025-04-29,118,0.05,20260101362
2025-12-29,362,8,2025-05-27,146,0.05,20260101362
2025-12-29,362,9,2025-01-14,13,0.05,20260101362
2025-12-29,362,10,2025-03-19,77,0.05,20260101362
2025-12-29,362,11,2025-07-05,185,0.05,20260101362
2025-12-29,362,12,2025-10-10,282,0.05,20260101362
2025-12-29,362,13,2025-05-08,127,0.05,20260101362
2025-12-29,362,14,2025-07-27,207,0.05,20260101362
2025-12-29,362,15,2025-02-02,32,0.05,20260101362
2025-12-29,362,16,2025-01-06,5,0.05,20260101362
2025-12-29,362,17,2025-11-25,328,0.05,20260101362
2025-12-29,362,18,2025-11-11,314,0.05,20260101362
2025-12-29,362,19,2025-12-16,349,0.05,20260101362
2025-12-29,362,20,2025-10-03,275,0.05,20260101362
2025-12-30,363,1,2025-02-27,57,0.05,20260101363
2025-12-30,363,2,2025-11-02,305,0.05,20260101363
2025-12-30,363,3,2025-05-11,130,0.05,20260101363
2025-12-30,363,4,2025-03-31,89,0.05,20260101363
2025-12-30,363,5,2025-05-27,146,0.05,20260101363
2025-12-30,363,6,2025-12-04,337,0.05,20260101363
2025-12-30,363,7,2025-08-19,230,0.05,20260101363
2025-12-30,363,8,2025-06-19,169,0.05,20260101363
2025-12-30,363,9,2025-08-12,223,0.05,20260101363
2025-12-30,363,10,2025-11-18,321,0.05,20260101363
2025-12-30,363,11,2025-11-29,332,0.05,20260101363
2025-12-30,363,12,2025-12-13,346,0.05,20260101363
2025-12-30,363,13,2025-10-19,291,0.05,20260101363
2025-12-30,363,14,2025-07-24,204,0.05,20260101363
2025-12-30,363,15,2025-03-12,70,0.05,20260101363
2025-12-30,363,16,2025-11-17,320,0.05,20260101363
2025-12-30,363,17,2025-04-12,101,0.05,20260101363
2025-12-30,363,18,2025-11-12,315,0.05,20260101363
2025-12-30,363,19,2025-05-30,149,0.05,20260101363
2025-12-30,363,20,2025-08-17,228,0.05,20260101363
2025-12-31,364,1,2025-12-07,340,0.05,20260101364
2025-12-31,364,2,2025-06-27,177,0.05,20260101364
2025-12-31,364,3,2025-12-17,350,0.05,20260101364
2025-12-31,364,4,2025-06-08,158,0.05,20260101364
2025-12-31,364,5,2025-11-23,326,0.05,20260101364
2025-12-31,364,6,2025-08-28,239,0.05,20260101364
2025-12-31,364,7,2025-03-08,66,0.05,20260101364
2025-12-31,364,8,2025-01-15,14,0.05,20260101364
2025-12-31,364,9,2025-12-20,353,0.05,20260101364
2025-12-31,364,10,2025-05-26,145,0.05,20260101364
2025-12-31,364,11,2025-08-04,215,0.05,20260101364
2025-12-31,364,12,2025-12-20,353,0.05,20260101364
2025-12-31,364,13,2025-10-11,283,0.05,20260101364
2025-12-31,364,14,2025-04-06,95,0.05,20260101364
2025-12-31,364,15,2025-11-11,314,0.05,20260101364
2025-12-31,364,16,2025-02-08,38,0.05,20260101364
2025-12-31,364,17,2025-01-31,30,0.05,20260101364
2025-12-31,364,18,2025-06-21,171,0.05,20260101364
2025-12-31,364,19,2025-08-05,216,0.05,20260101364
2025-12-31,364,20,2025-06-23,173,0.05,20260101364
