date,issue_hour,strategy,changed_plan_kwh,expected_future_cost_yuan,cvar_future_cost_yuan,objective,soc_at_issue_kwh,terminal_target_kwh,clipped_load_scenario_cells,clipped_pv_scenario_cells
2025-02-01,0,S6_12,0.0,33195.36553002063,80642.57386566818,42688.77507127642,6000.0,6000.0,6,32
2025-02-01,6,S6_12,1237.7631238760764,26491.156910562077,99966.97278069059,41238.531317490335,10134.600113339688,6000.0,36,0
2025-02-01,12,S6_12,3219.4978224769284,15270.996405466374,15518.877445586462,15322.446346474837,6636.9892944612,6000.0,18,0
2025-02-02,0,S6_12,0.0,73355.26634744469,162509.31089899724,91190.72092442175,6000.0,6000.0,0,0
2025-02-02,6,S6_12,3.557176543001461,58624.745253164,136258.4594415639,74171.00579475828,10800.0,6000.0,0,0
2025-02-02,12,S6_12,3.5571765429946254,42238.40791585988,90940.81311240097,51981.43181907549,6615.946500432392,6000.0,0,0
2025-02-03,0,S6_12,0.0,75943.92780834883,162594.01719297114,93278.6360803115,6000.0,6000.0,0,12
2025-02-03,6,S6_12,9085.724110562773,49331.982606527024,49816.59941914926,49432.86913228707,10800.0,6000.0,0,12
2025-02-03,12,S6_12,5220.477296102885,43664.74366558666,87607.8713479272,52455.94670953394,6553.029352922698,6000.0,0,0
2025-02-04,0,S6_12,0.0,69528.1578781694,118948.8811292967,79416.94819506152,5999.999999999999,5999.999999999999,0,46
2025-02-04,6,S6_12,18.05276378540333,59368.98357587786,141181.8145056361,75780.73242025732,10800.0,5999.999999999999,0,16
2025-02-04,12,S6_12,5588.798841494625,36219.06739364677,36637.75210841446,36305.19382947209,6450.0,5999.999999999999,0,0
2025-02-05,0,S6_12,0.0,58696.83496365352,61643.23706012764,59290.64259290029,5999.999999999999,5999.999999999999,0,8
2025-02-05,6,S6_12,339.7383129095491,45318.372952233556,46523.64849951614,45563.37924535827,10800.0,5999.999999999999,0,3
2025-02-05,12,S6_12,1069.6452121276207,33602.515349917325,34336.77639700015,33769.688813803354,5901.357553141711,5999.999999999999,0,0
2025-02-06,0,S6_12,0.0,63403.98544103128,65913.79428153604,63910.59287579885,5966.133312972357,5966.133312972357,0,33
2025-02-06,6,S6_12,5219.502173493567,47397.91493814607,47842.69096645374,47511.51738333769,10800.0,5966.133312972357,0,0
2025-02-06,12,S6_12,2010.143541451458,35327.63112494573,35928.11775433301,35474.54555064752,6450.000000000001,5966.133312972357,0,0
2025-02-07,0,S6_12,0.0,26992.03321344462,27951.764473427476,27187.85149817518,5920.034164277944,5920.034164277944,18,6
2025-02-07,6,S6_12,2536.9485270106,15728.677628578793,16054.009104061994,15796.975837337028,10188.920510276414,5920.034164277944,18,12
2025-02-07,12,S6_12,2532.751946775079,13901.747570779973,14398.043251154002,14008.602434504734,5433.220941023279,5920.034164277944,6,0
2025-02-08,0,S6_12,0.0,20408.036222644023,21992.749694570804,20728.415094146992,5909.482462842662,5909.482462842662,23,0
2025-02-08,6,S6_12,293.16731781619933,12440.117467508748,13618.227778655877,12688.789207124348,7511.720028549488,5909.482462842662,16,0
2025-02-08,12,S6_12,135.90573231539892,11997.422875643164,12884.113076647092,12212.770708702148,6565.311551560033,5909.482462842662,6,0
2025-02-09,0,S6_12,0.0,59212.61912305304,61985.238384829245,59771.63780874161,5841.501414295206,5841.501414295206,0,0
2025-02-09,6,S6_12,746.7219420514033,45344.79359327315,46233.65795333322,45551.65288483716,10800.0,5841.501414295206,0,0
2025-02-09,12,S6_12,1048.2061070114405,32620.363862292474,33441.96385859202,32787.47296515106,7329.437548189114,5841.501414295206,0,0
2025-02-10,0,S6_12,0.0,57177.899803607856,60743.27286898545,57895.46925001664,5840.501830752217,5840.501830752217,0,0
2025-02-10,6,S6_12,6822.30671530053,41199.76778575901,41685.158740392355,41300.46343264378,10383.804534499362,5840.501830752217,0,0
2025-02-10,12,S6_12,2426.013656547056,32503.079254775672,33008.25018980426,32618.01193677828,6717.988824882216,5840.501830752217,0,0
2025-02-11,0,S6_12,0.0,57907.46973982976,60832.82112890964,58497.10242329765,5818.545395224293,5818.545395224293,0,53
2025-02-11,6,S6_12,5127.672405904992,42753.86068450124,43471.67529499005,42901.105487417044,10320.166593472113,5818.545395224293,0,4
2025-02-11,12,S6_12,1608.1501440192785,32710.803196756744,32920.94897971758,32754.9321573598,7050.0,5818.545395224293,0,0
2025-02-12,0,S6_12,0.0,56819.49851283178,59647.93275184239,57389.68019396718,5818.545395224296,5818.545395224296,0,6
2025-02-12,6,S6_12,4398.560275027448,41730.12679113315,42134.420147285244,41827.94687705024,10416.674466879267,5818.545395224296,0,0
2025-02-12,12,S6_12,1053.4812122727399,31803.961559158564,32354.813163858762,31916.301254841102,7050.000000000001,5818.545395224296,0,0
2025-02-13,0,S6_12,0.0,54038.0550251489,56385.135477137024,54511.76831040118,5818.545395224299,5818.545395224299,0,0
2025-02-13,6,S6_12,4590.138731688709,39293.93986622307,39674.94025293581,39389.73436784242,9874.074074074075,5818.545395224299,0,0
2025-02-13,12,S6_12,940.8746129913834,30869.6959035222,31603.977571630545,31038.923214709786,6884.204541093411,5818.545395224299,0,0
2025-02-14,0,S6_12,0.0,22273.68682734668,24092.215899705945,22641.058074604327,5780.497898824392,5780.497898824392,12,6
2025-02-14,6,S6_12,2032.7816647727605,12607.63146980715,12929.14680317661,12696.613624618616,9653.809682328634,5780.497898824392,12,17
2025-02-14,12,S6_12,281.2506015284066,12091.24664631053,12612.680615800398,12197.37848138133,6585.883405354546,5780.497898824392,12,9
2025-02-15,0,S6_12,0.0,22338.43347934057,23243.04314555754,22522.690372966066,5780.497898824394,5780.497898824394,16,6
2025-02-15,6,S6_12,1496.1467071613831,12203.111401791273,12539.299623197301,12305.133886146381,9565.02236411642,5780.497898824394,8,6
2025-02-15,12,S6_12,481.05979169765544,12304.199983282775,12475.568670330227,12373.664011985185,4791.572682482691,5780.497898824394,0,6
2025-02-16,0,S6_12,0.0,57231.637719726146,59160.14373672149,57621.833756458516,5718.152975017084,5718.152975017084,0,14
2025-02-16,6,S6_12,7093.7189484785395,41072.14422486689,41598.075427832366,41180.94964693577,10674.098892103251,5718.152975017084,0,11
2025-02-16,12,S6_12,811.3368511743333,30970.16811817461,31843.41607442106,31146.845140380676,6781.417481657726,5718.152975017084,0,0
2025-02-17,0,S6_12,0.0,58498.80623690618,61405.856395056544,59084.655990133724,5718.152975017083,5718.152975017083,0,8
2025-02-17,6,S6_12,8011.8238071377245,41908.54993702857,42983.8156158612,42128.09070945082,10800.0,5718.152975017083,0,7
2025-02-17,12,S6_12,1810.312777018711,31264.637816551633,31863.829534233144,31388.904094344532,7049.103823731303,5718.152975017083,0,0
2025-02-18,0,S6_12,0.0,51631.44158082791,53260.23890390284,51961.409223387745,5713.56405621194,5713.56405621194,0,0
2025-02-18,6,S6_12,250.03697500200695,38838.37008511676,39450.36592521207,38964.21832304729,9874.074074074075,5713.56405621194,0,0
2025-02-18,12,S6_12,310.39069304279803,29796.911733086155,30167.938191324556,29878.744866157413,6808.671725455207,5713.56405621194,0,0
2025-02-19,0,S6_12,0.0,53421.98400225344,54001.51480759376,53542.300031510116,5703.147331455669,5703.147331455669,0,12
2025-02-19,6,S6_12,1413.8955167959837,39736.908308744205,40294.93404977307,39852.188495649185,9874.074074074075,5703.147331455669,0,9
2025-02-19,12,S6_12,336.44748798873997,30658.487834382875,31054.106641867074,30750.80241942263,7050.000000000001,5703.147331455669,0,0
2025-02-20,0,S6_12,0.0,53847.62290347878,55226.02122209396,54127.498812398844,5682.515041560126,5682.515041560126,0,0
2025-02-20,6,S6_12,3233.384475140386,41074.472249638806,42330.932308313786,41329.335292439,9874.074074074075,5682.515041560126,0,5
2025-02-20,12,S6_12,2211.7443875303547,29636.225458974037,30158.91616131818,29745.697842932503,7050.000000000003,5682.515041560126,0,3
2025-02-21,0,S6_12,0.0,20618.749601541782,21697.054608823782,20837.89406921827,5676.94886226163,5676.94886226163,14,0
2025-02-21,6,S6_12,35.4671813925397,11358.167933196284,11836.517948630533,11474.154406712854,8169.244314367269,5676.94886226163,7,3
2025-02-21,12,S6_12,439.90176902856217,11236.054238454895,11912.364531809735,11394.710420368627,5983.148573834867,5676.94886226163,0,0
2025-02-22,0,S6_12,0.0,20847.294020499012,22689.991479259126,21219.148108398353,5636.528578749985,5636.528578749985,16,9
2025-02-22,6,S6_12,432.85911051378116,12074.684672562336,12792.370115028925,12222.41445257975,7896.764149545199,5636.528578749985,16,15
2025-02-22,12,S6_12,627.6573563796121,11697.69659239381,12007.792094243734,11776.64357734492,6584.237186569475,5636.528578749985,6,1
2025-02-23,0,S6_12,0.0,52967.37351237253,54918.365088527375,53361.92917926577,5608.140461757388,5608.140461757388,0,5
2025-02-23,6,S6_12,747.5944848118645,40140.59271798612,41433.44648594082,40413.3837729053,9874.074074074075,5608.140461757388,0,4
2025-02-23,12,S6_12,3314.6951640891793,30306.709170893573,30617.826951372535,30389.682335630056,6891.644348963502,5608.140461757388,0,0
2025-02-24,0,S6_12,0.0,50747.27995305827,53317.118832965774,51265.579466989206,5572.926838591257,5572.926838591257,0,16
2025-02-24,6,S6_12,371.80249252671445,37724.73678472229,39124.34809514117,38008.10053068413,9874.074074074075,5572.926838591257,0,0
2025-02-24,12,S6_12,714.2631289270155,29979.990196107115,30542.819061225484,30094.6472999824,5746.637411949116,5572.926838591257,0,0
2025-02-25,0,S6_12,0.0,52556.3155188129,54411.82141697986,52931.6848589209,5572.926838591259,5572.926838591259,0,2
2025-02-25,6,S6_12,3883.7914855626414,38367.80239993632,39565.77919794567,38611.060253014424,9874.074074074075,5572.926838591259,0,6
2025-02-25,12,S6_12,3453.52658672065,29080.369423929507,29417.3507528376,29149.681445184153,7081.174629589783,5572.926838591259,0,4
2025-02-26,0,S6_12,0.0,47667.74402908145,50248.173629308985,48188.017809370955,5572.926838591262,5572.926838591262,0,0
2025-02-26,6,S6_12,360.7823702636184,35324.82789950434,38207.983214477244,35911.61799221115,9874.074074074075,5572.926838591262,0,0
2025-02-26,12,S6_12,1068.4450005805645,29985.178414747726,30751.532382572193,30146.88340196542,6628.368677928631,5572.926838591262,0,0
2025-02-27,0,S6_12,0.0,49288.59629094474,52003.25388028857,49835.73348601658,5560.984507000411,5560.984507000411,0,8
2025-02-27,6,S6_12,752.8476425782956,36085.688871842896,37591.736515987366,36390.49762752942,9874.074074074075,5560.984507000411,0,0
2025-02-27,12,S6_12,228.56767790297,28587.09775369525,29178.015395516482,28708.771782269258,6618.782938016767,5560.984507000411,0,6
2025-02-28,0,S6_12,0.0,18956.17966344957,19510.698557243126,19070.290191695734,5558.258748120061,5558.258748120061,7,9
2025-02-28,6,S6_12,326.3174314157487,10967.87657538727,11368.331111797559,11050.848554813623,6296.786570525533,5558.258748120061,7,4
2025-02-28,12,S6_12,190.26813458134023,10725.853401607097,11192.526448372088,10821.1749909029,5266.38212186957,5558.258748120061,0,0
2025-03-01,0,S6_12,0.0,22737.01568323799,24511.801183887164,23095.353945410832,5558.258748120061,5558.258748120061,8,14
2025-03-01,6,S6_12,3074.7754795264063,11811.742085244574,12101.725247389131,11875.764183100568,9570.705824972392,5558.258748120061,8,9
2025-03-01,12,S6_12,137.7412806018855,11746.813435589513,12051.252944693108,11816.67873722276,4540.285308851791,5558.258748120061,12,3
2025-03-02,0,S6_12,0.0,52486.473877858654,53712.08968360481,52736.05703647745,5545.22318023907,5545.22318023907,0,31
2025-03-02,6,S6_12,795.542400649369,39843.457101135675,41002.92391674888,40079.18518220374,9874.074074074075,5545.22318023907,0,11
2025-03-02,12,S6_12,980.8705522061675,31566.42428208276,32205.31486123787,31696.495123809218,6191.942350656046,5545.22318023907,0,16
2025-03-03,0,S6_12,0.0,54263.77345433681,57376.755182719004,54890.832689052186,5545.22318023907,5545.22318023907,0,5
2025-03-03,6,S6_12,6861.399323503638,41139.36079371855,42378.31404530529,41421.022575374016,9874.074074074075,5545.22318023907,0,14
2025-03-03,12,S6_12,827.7579152871729,31984.723395977642,33297.194698789455,32270.867037533728,6856.896375416305,5545.22318023907,0,9
2025-03-04,0,S6_12,0.0,48292.246197766726,51910.269665820866,49019.98321726086,5504.766740787228,5504.766740787228,0,12
2025-03-04,6,S6_12,495.616372959448,36942.090817695615,38772.241974807584,37311.62231458464,9874.074074074075,5504.766740787228,0,0
2025-03-04,12,S6_12,529.8494163588723,29651.030625391628,30823.92823473589,29920.69046962369,6179.352651582607,5504.766740787228,0,0
2025-03-05,0,S6_12,0.0,50191.970535348424,51973.05259828422,50552.542307752694,5442.612544624169,5442.612544624169,0,5
2025-03-05,6,S6_12,2299.11269779705,36854.01246679701,37779.42150599792,37050.97777619314,9874.074074074075,5442.612544624169,0,6
2025-03-05,12,S6_12,2154.7046147292867,29277.134199952063,30213.41808047391,29466.42578110686,6999.678758981358,5442.612544624169,0,0
2025-03-06,0,S6_12,0.0,47409.62154168154,49650.491535859706,47861.998064956744,5442.612544624171,5442.612544624171,0,0
2025-03-06,6,S6_12,1610.6843213885359,34913.12292126216,35960.24936329575,35126.01737394593,9874.074074074075,5442.612544624171,0,0
2025-03-06,12,S6_12,606.8568080941598,29586.10395647909,30496.3740680886,29770.294059001957,6601.356686062773,5442.612544624171,0,1
2025-03-07,0,S6_12,0.0,20426.032273949833,21416.048575226607,20627.169275806547,5442.612544624179,5442.612544624179,0,16
2025-03-07,6,S6_12,1855.4469221043414,11333.259798459076,12245.161775218758,11544.60924332407,6593.271089854305,5442.612544624179,0,6
2025-03-07,12,S6_12,145.88504875103033,11185.567482212484,11311.362781911143,11212.718116076236,4917.1522361652815,5442.612544624179,0,2
2025-03-08,0,S6_12,0.0,17111.424758919864,17649.35342981096,17221.850075203154,5442.61254462418,5442.61254462418,0,8
2025-03-08,6,S6_12,103.4477457035567,10550.186078670627,11804.223177199232,10803.711310908604,4645.3939975107005,5442.61254462418,0,3
2025-03-08,12,S6_12,93.50942984428882,10612.632151387525,11002.406646592626,10707.471551332022,3220.7814575587413,5442.61254462418,0,2
2025-03-09,0,S6_12,0.0,49043.350650224274,50766.79548584793,49392.39689470115,5414.967357679832,5414.967357679832,0,0
2025-03-09,6,S6_12,7619.928118816858,33503.0363972475,33706.40349887168,33547.02946328204,9960.98229103856,5414.967357679832,0,1
2025-03-09,12,S6_12,1568.3115008096756,28719.187146765602,28915.243466922897,28760.455465651474,6483.8958587748375,5414.967357679832,0,0
2025-03-10,0,S6_12,0.0,47803.17170952136,49667.276109844446,48180.139618785535,5414.967357679828,5414.967357679828,0,2
2025-03-10,6,S6_12,314.1533494392336,35465.79468312063,36198.900821706615,35615.94074683709,9887.7320399767,5414.967357679828,0,2
2025-03-10,12,S6_12,221.96134826713728,29220.026940126423,29449.553107788415,29268.013131653614,6310.87383040598,5414.967357679828,0,0
2025-03-11,0,S6_12,0.0,42268.39746718802,43500.30184998497,42518.79739797266,5414.967357679832,5414.967357679832,0,1
2025-03-11,6,S6_12,7572.532879519256,37557.80003586319,39460.420268635695,37941.8240403991,9914.608403544038,5414.967357679832,0,6
2025-03-11,12,S6_12,2925.1475522912156,28487.391343861655,29384.49094383027,28672.174881998635,6997.439444627449,5414.967357679832,0,2
2025-03-12,0,S6_12,0.0,47974.243552235006,50194.48272246923,48422.43567487888,5408.441873477405,5408.441873477405,0,15
2025-03-12,6,S6_12,6670.8269661810755,32698.847957180977,32892.16278859794,32740.776218877014,9874.074074074075,5408.441873477405,0,0
2025-03-12,12,S6_12,1922.3561975885639,28896.46769695656,29698.404342954895,29066.964459856015,6764.72712112739,5408.441873477405,0,6
2025-03-13,0,S6_12,0.0,48864.22022073651,52257.97386417577,49547.08367423973,5393.118979006911,5393.118979006911,0,7
2025-03-13,6,S6_12,2618.2631296034497,36869.89708943715,39200.1622064832,37371.17072210952,9944.818528794372,5393.118979006911,0,7
2025-03-13,12,S6_12,512.3032013899215,28870.42454724433,29925.929178168688,29094.891393203492,7061.112570073263,5393.118979006911,0,0
2025-03-14,0,S6_12,0.0,18090.15207830723,18849.07517121133,18244.945262677677,5371.696621458583,5371.696621458583,0,0
2025-03-14,6,S6_12,507.19225642108563,11530.10301619897,12607.173958371388,11753.001495099987,5487.532465439175,5371.696621458583,0,4
2025-03-14,12,S6_12,440.0250982532717,10789.68898162885,11081.126222809306,10850.0557847557,4101.145995328616,5371.696621458583,0,1
2025-03-15,0,S6_12,0.0,17271.885517688457,17972.235971977218,17414.876206751644,5371.696621458585,5371.696621458585,0,1
2025-03-15,6,S6_12,794.9359225499393,11491.729080568377,13484.758117965237,11893.013606596094,5071.9145536255,5371.696621458585,0,2
2025-03-15,12,S6_12,652.8246179392585,10411.84080020404,10710.526299624118,10473.378097376022,6579.339180825341,5371.696621458585,0,0
2025-03-16,0,S6_12,0.0,46496.045546701105,48155.48326970513,46832.25282587491,5371.696621458585,5371.696621458585,0,2
2025-03-16,6,S6_12,1263.6263626534796,35658.43758944324,37122.297494343424,35962.75906695676,9907.662311712542,5371.696621458585,0,5
2025-03-16,12,S6_12,2285.65220423257,29238.00776202428,30216.447437163748,29455.422047735836,7405.252079607862,5371.696621458585,0,3
2025-03-17,0,S6_12,0.0,43755.792516056514,44914.87146662712,43991.5279700187,5334.538393122268,5334.538393122268,0,0
2025-03-17,6,S6_12,4921.101889737716,29458.468302939167,30158.13623472224,29628.656309399863,9874.074074074075,5334.538393122268,0,0
2025-03-17,12,S6_12,1192.6388499106274,27252.371645618256,27627.283671441386,27329.181520824342,6633.601451617855,5334.538393122268,0,1
2025-03-18,0,S6_12,0.0,50389.03047414261,53950.18943979058,51105.45543393881,5334.53839312227,5334.53839312227,0,0
2025-03-18,6,S6_12,5557.643850169531,36725.973894126066,38714.45894224548,37127.17406572555,9906.345295757892,5334.53839312227,0,0
2025-03-18,12,S6_12,2612.5623491445276,27848.27986667903,28251.28092349421,27930.762097810253,7010.537539347293,5334.53839312227,0,0
2025-03-19,0,S6_12,0.0,41921.34030968375,43322.39279615437,42205.4491139967,5334.5383931222705,5334.5383931222705,0,0
2025-03-19,6,S6_12,2282.644261227183,32757.53494393089,35634.464871956756,33341.89927713842,9891.385752445196,5334.5383931222705,0,3
2025-03-19,12,S6_12,1294.5870633324375,27210.25833705122,28345.072556238534,27439.099486403033,6941.976109787533,5334.5383931222705,0,0
2025-03-20,0,S6_12,0.0,47036.952894628266,49806.036806551914,47595.00186254891,5334.5383931222705,5334.5383931222705,0,6
2025-03-20,6,S6_12,6778.2405119726845,32017.955225404392,32482.811786873935,32130.505940766994,9874.074074074075,5334.5383931222705,0,2
2025-03-20,12,S6_12,1457.8649190413594,28853.696662403057,29565.602096911203,28998.01401023998,6270.016847965653,5334.5383931222705,0,2
2025-03-21,0,S6_12,0.0,17016.94752844442,17446.167753182934,17105.563920055476,5334.5383931222705,5334.5383931222705,0,0
2025-03-21,6,S6_12,562.9924486062184,10053.868700330402,10641.964331352072,10174.159222991062,4305.1620792828635,5334.5383931222705,0,0
2025-03-21,12,S6_12,218.624594456808,9889.426352168182,10545.903764172353,10022.718290424842,4806.884014223225,5334.5383931222705,0,0
2025-03-22,0,S6_12,0.0,17940.89799040162,18519.462969898,18059.50361940685,5334.5383931222705,5334.5383931222705,0,1
2025-03-22,6,S6_12,175.2231960091083,10582.396905648862,11075.14253075573,10686.688839807048,4910.183244683712,5334.5383931222705,0,2
2025-03-22,12,S6_12,294.6656641520743,10520.38124482562,11361.045223991658,10716.3190289957,6433.484003758063,5334.5383931222705,0,0
2025-03-23,0,S6_12,0.0,47710.503231397335,50716.4466680838,48315.894916205085,5285.637040358648,5285.637040358648,0,0
2025-03-23,6,S6_12,1937.9570078443733,34094.2789089408,35036.225902135535,34294.301757897614,9874.074074074075,5285.637040358648,0,0
2025-03-23,12,S6_12,3179.6329706961124,26924.923063318787,27747.68012329195,27100.44388497093,6727.20891913734,5285.637040358648,0,0
2025-03-24,0,S6_12,0.0,44225.057995310024,46037.95471219774,44591.691096755116,5268.419160748028,5268.419160748028,0,0
2025-03-24,6,S6_12,2441.9583192472173,32879.69592008035,34095.67498370498,33127.099799389,9912.887324612377,5268.419160748028,0,0
2025-03-24,12,S6_12,2229.1440261644807,27125.872490883292,27575.291781489454,27217.611024056027,7114.37193171747,5268.419160748028,0,0
2025-03-25,0,S6_12,0.0,49311.315867210076,51261.80868845023,49705.68643967806,5268.41916074803,5268.41916074803,0,0
2025-03-25,6,S6_12,8963.295621273293,33387.28547914113,34316.964212717714,33593.44511301367,9920.28655275465,5268.41916074803,0,0
2025-03-25,12,S6_12,1262.1611874760329,27473.041238297923,27717.36199459717,27540.18785534414,6459.824993147242,5268.41916074803,0,0
2025-03-26,0,S6_12,0.0,43980.22136184094,45451.80405669539,44278.66223719927,5237.500167595493,5237.500167595493,0,0
2025-03-26,6,S6_12,1239.615061561747,31599.708168663823,32719.707595938056,31853.83284912268,9874.074074074075,5237.500167595493,0,0
2025-03-26,12,S6_12,3464.94467071912,26839.870071052366,27710.539432719263,27041.598985278088,6989.954973618383,5237.500167595493,0,0
2025-03-27,0,S6_12,0.0,45916.66896308646,47342.642689875975,46206.061976052515,5188.986934244159,5188.986934244159,0,0
2025-03-27,6,S6_12,4058.0261260199177,33794.29972288971,35645.936237754315,34185.09643457263,9874.074074074075,5188.986934244159,0,0
2025-03-27,12,S6_12,3754.7384298183465,26539.536037471342,27649.74080986897,26766.420461464935,7171.856457861751,5188.986934244159,0,0
2025-03-28,0,S6_12,0.0,17178.175251196713,18101.517231646154,17365.864474740767,5183.237854303863,5183.237854303863,0,0
2025-03-28,6,S6_12,10.623846262038093,9614.61618853882,10103.179188648353,9715.003907109494,5541.414210062488,5183.237854303863,0,0
2025-03-28,12,S6_12,32.87146845119497,9389.426425767457,9730.789937914504,9459.675568632794,4835.119564311874,5183.237854303863,0,0
2025-03-29,0,S6_12,0.0,16161.406228796046,16971.816421826803,16326.287415208335,5183.237854303863,5183.237854303863,0,0
2025-03-29,6,S6_12,427.8317984084596,9724.70974913201,11531.14660760284,10088.647895229864,4466.067772248838,5183.237854303863,0,0
2025-03-29,12,S6_12,218.57009625295117,9659.68666738609,9966.24965150558,9722.955369888045,4961.085528806618,5183.237854303863,0,0
2025-03-30,0,S6_12,0.0,43878.30048130265,47751.44502980654,44656.88342497802,5183.2378543038685,5183.2378543038685,0,0
2025-03-30,6,S6_12,4719.850624166753,29540.425738925547,30587.185175093105,29764.6528766353,9898.276261123505,5183.2378543038685,0,0
2025-03-30,12,S6_12,2690.043593896361,24920.270924224744,25167.669858346355,25011.485927621034,6868.244471996763,5183.2378543038685,0,0
2025-03-31,0,S6_12,0.0,40024.35970109314,42406.22653826737,40504.62627402807,5108.057500389379,5108.057500389379,0,0
2025-03-31,6,S6_12,6914.76094744281,34937.51839501302,38474.050624930875,35648.39670554711,9883.089109937866,5108.057500389379,0,0
2025-03-31,12,S6_12,5232.523228839029,26020.664867197225,27653.228086976167,26350.286184036737,7050.000000000002,5108.057500389379,0,4
2025-04-01,0,S6_12,0.0,47797.4504533617,49077.58529947488,48057.670589251116,5105.665713092492,5105.665713092492,0,0
2025-04-01,6,S6_12,5167.277723342121,35167.10924435071,36806.11974718061,35498.249056479464,9912.255879694534,5105.665713092492,0,0
2025-04-01,12,S6_12,3293.729634600688,26873.503537821198,28000.670486790063,27112.188529886735,7103.771342757057,5105.665713092492,0,0
2025-04-02,0,S6_12,0.0,45156.02883714778,46085.162877097624,45345.888476241635,5084.227916048927,5084.227916048927,0,8
2025-04-02,6,S6_12,2004.4584145695053,34678.69530092259,36547.67157327534,35059.00011207829,9938.615712247469,5084.227916048927,0,0
2025-04-02,12,S6_12,2794.955494817762,24856.252124577444,25268.899582087688,24948.58298645717,7494.438729641455,5084.227916048927,0,0
2025-04-03,0,S6_12,0.0,46381.245960567685,49532.33857341501,47015.72407826723,5069.048073028205,5069.048073028205,0,10
2025-04-03,6,S6_12,4167.063333892481,31762.160750536732,32429.006864851784,31898.88960077334,9927.826962425086,5069.048073028205,0,0
2025-04-03,12,S6_12,2224.9153215093247,26423.467239293688,26796.629265639756,26501.492883791583,6887.388684359643,5069.048073028205,0,0
2025-04-04,0,S6_12,0.0,15842.381119314068,16480.828676580633,15972.820708889372,5066.122278337682,5066.122278337682,0,0
2025-04-04,6,S6_12,127.24314251557719,8730.207932057754,9037.758219644973,8794.360850060688,4278.525838580245,5066.122278337682,0,0
2025-04-04,12,S6_12,92.54816802703414,8878.941230422826,9321.825393202773,8969.531193682258,4363.015397513573,5066.122278337682,0,0
2025-04-05,0,S6_12,0.0,15231.048912448809,15803.204006656832,15348.188118104177,5066.122278337682,5066.122278337682,0,0
2025-04-05,6,S6_12,25.546936919323258,8975.832861686911,9782.429728215984,9139.731932204557,3606.993608826577,5066.122278337682,0,0
2025-04-05,12,S6_12,11.094690292619685,8697.68711100541,8989.182594479898,8767.930619426439,5465.420546402998,5066.122278337682,0,0
2025-04-06,0,S6_12,0.0,42170.414708677294,45807.13666671263,42901.783787914945,5047.2143970927245,5047.2143970927245,0,0
2025-04-06,6,S6_12,4455.797979067567,28700.2880412422,29243.25617492017,28812.10698313151,9952.312626252848,5047.2143970927245,0,12
2025-04-06,12,S6_12,682.9856154918955,25971.46205818431,26385.175161854695,26056.143624273955,6171.0453346735185,5047.2143970927245,0,4
2025-04-07,0,S6_12,0.0,38258.65238304859,42643.20928361603,39139.42857808133,5047.214397092724,5047.214397092724,0,0
2025-04-07,6,S6_12,2856.2596235188603,29025.12311148147,31127.727253091616,29449.521604283455,9929.971713072731,5047.214397092724,0,12
2025-04-07,12,S6_12,2293.6187778663884,24876.79363029233,26330.85021706784,25169.24635661599,8193.398890119477,5047.214397092724,0,0
2025-04-08,0,S6_12,0.0,43760.68194183498,48679.535475720004,44748.54651617767,5047.214397092728,5047.214397092728,0,11
2025-04-08,6,S6_12,3507.8425760352998,30229.35799595404,30968.515442209373,30380.387888468045,9959.585107710689,5047.214397092728,0,4
2025-04-08,12,S6_12,2271.834985878372,25675.610256190826,26181.5535416274,25778.58812116255,6510.4556329700035,5047.214397092728,0,0
2025-04-09,0,S6_12,0.0,44136.956544713335,47305.42381620279,44774.80198409782,5047.214397092726,5047.214397092726,0,0
2025-04-09,6,S6_12,216.10437088071137,31620.55014453067,33812.86704236712,32062.353991474185,9947.83177814142,5047.214397092726,0,0
2025-04-09,12,S6_12,2063.040196676522,26772.32001993917,27078.42331488907,26835.444203872077,6486.5201218929815,5047.214397092726,0,0
2025-04-10,0,S6_12,0.0,42792.22648733202,45540.11965263686,43345.71740642648,5047.214397092726,5047.214397092726,0,20
2025-04-10,6,S6_12,353.1150132204089,30554.43755572906,32392.5528986411,30925.137761952745,9943.32651457023,5047.214397092726,0,8
2025-04-10,12,S6_12,4034.1358401949856,25274.121963287453,25814.847219267293,25383.9916410966,7447.477350426676,5047.214397092726,0,0
2025-04-11,0,S6_12,0.0,14441.389597832467,14787.118786061572,14513.239819707038,5047.214397092728,5047.214397092728,0,0
2025-04-11,6,S6_12,519.2807474855317,9205.810933384108,9963.393084229398,9364.494829649082,3103.1278506436547,5047.214397092728,0,0
2025-04-11,12,S6_12,487.49672144553415,8065.2831197908245,8467.113361023103,8147.576943062417,5122.740596712601,5047.214397092728,0,0
2025-04-12,0,S6_12,0.0,15805.527130384622,16476.353440376137,15942.398425203288,5047.214397092732,5047.214397092732,0,0
2025-04-12,6,S6_12,738.5919639383399,8891.48693930424,9245.823070194994,8965.703214260791,3286.170486796232,5047.214397092732,0,0
2025-04-12,12,S6_12,198.86366250372572,9046.11745709558,9469.506112535179,9137.446356919681,2719.902214253088,5047.214397092732,0,16
2025-04-13,0,S6_12,0.0,40496.29889134649,42717.46796735986,40944.39723689215,5038.8278731942955,5038.8278731942955,0,23
2025-04-13,6,S6_12,2135.25081385025,26972.600597011715,27156.461069133253,27017.38261416575,9953.266536331708,5038.8278731942955,0,0
2025-04-13,12,S6_12,1103.3319681642088,23999.516749839047,24364.23280736503,24074.244295660257,6571.423950143008,5038.8278731942955,0,4
2025-04-14,0,S6_12,0.0,42265.10499853933,44714.192628164055,42758.96051652776,5038.821732721944,5038.821732721944,0,4
2025-04-14,6,S6_12,6745.963204548893,26780.14553743041,26889.719346826987,26807.07497138264,9979.82583224714,5038.821732721944,0,0
2025-04-14,12,S6_12,945.5678274338854,24146.183166926203,24673.088820331417,24253.387259546256,6159.409371205473,5038.821732721944,0,0
2025-04-15,0,S6_12,0.0,37174.84657979283,38038.52445088328,37351.52783256086,5038.821732721944,5038.821732721944,0,0
2025-04-15,6,S6_12,2278.4122133662295,27710.780409219886,30410.986102796945,28253.99074109048,9956.733298869769,5038.821732721944,0,0
2025-04-15,12,S6_12,3092.6033168009058,23261.71390214659,24216.928519725796,23457.11656823376,8089.611528706376,5038.821732721944,0,0
2025-04-16,0,S6_12,0.0,40590.428215722735,44696.89941187314,41415.60267302811,5033.767228167052,5033.767228167052,0,0
2025-04-16,6,S6_12,3393.6540565798623,31357.573377736462,33370.53399084677,31763.288860431636,9953.949876086603,5033.767228167052,0,3
2025-04-16,12,S6_12,4325.474246682031,24363.831498231993,25222.372766067827,24537.206659866348,7845.636883819881,5033.767228167052,0,8
2025-04-17,0,S6_12,0.0,37439.62161208614,39944.801149219915,37944.30821003144,5033.767228167057,5033.767228167057,0,4
2025-04-17,6,S6_12,4234.071067262486,28710.181485016812,30741.173390881955,29123.113689887323,9977.1358898875,5033.767228167057,0,0
2025-04-17,12,S6_12,2463.640967900635,24139.90949312181,24641.514441426498,24257.313344625694,7601.413879606671,5033.767228167057,0,3
2025-04-18,0,S6_12,0.0,14789.07991483254,15066.985647446347,14847.356929493899,5004.869197431609,5004.869197431609,0,5
2025-04-18,6,S6_12,67.49268241399743,8236.987137572896,8466.742234290243,8285.481897363432,3194.9515869008724,5004.869197431609,0,0
2025-04-18,12,S6_12,57.67258031230135,8214.807977951714,8655.74140258937,8305.008990169441,4274.7634848607995,5004.869197431609,0,5
2025-04-19,0,S6_12,0.0,14069.528970412317,14451.17901541238,14148.56257165507,5004.869197431612,5004.869197431612,0,0
2025-04-19,6,S6_12,30.450085306040847,7635.053350369854,7930.020871709979,7696.57082139991,3404.1563038518325,5004.869197431612,0,0
2025-04-19,12,S6_12,351.5035923012182,8415.248684080161,9005.31223934591,8535.386711555399,3289.608381832576,5004.869197431612,0,3
2025-04-20,0,S6_12,0.0,37540.348366220926,39838.22222402779,38003.7588926223,5004.869197431611,5004.869197431611,0,22
2025-04-20,6,S6_12,312.05762440672174,25455.79965676186,26305.476579639548,25628.734701600195,9994.944038640875,5004.869197431611,0,13
2025-04-20,12,S6_12,828.7205963877573,23797.568985689955,24897.963384502185,24019.35618339866,7251.329211698558,5004.869197431611,0,10
2025-04-21,0,S6_12,0.0,38902.66442728273,42455.12686774455,39616.87767149342,5004.8691974316125,5004.8691974316125,0,10
2025-04-21,6,S6_12,7104.499591890266,24003.301852949724,24492.017635785356,24105.716449170774,10010.72032636473,5004.8691974316125,0,0
2025-04-21,12,S6_12,1345.7741700054478,23247.88143561141,23659.707778710766,23332.02646299566,6593.100743702093,5004.8691974316125,0,0
2025-04-22,0,S6_12,0.0,36517.03546054752,37929.567916767955,36803.44581770892,5004.8691974316125,5004.8691974316125,0,18
2025-04-22,6,S6_12,1496.6864710310806,26481.874869791616,30114.89310973792,27224.866225090696,9967.030140474215,5004.8691974316125,0,7
2025-04-22,12,S6_12,1807.671468533583,23136.805776987236,24019.178099334185,23320.990326047842,7235.122449844237,5004.8691974316125,0,0
2025-04-23,0,S6_12,0.0,34411.88888935019,36028.655971154876,34739.0005797655,4993.634660366597,4993.634660366597,0,13
2025-04-23,6,S6_12,2756.970849447255,25736.138724570177,28418.80553487334,26286.07994236118,9333.770219698252,4993.634660366597,0,15
2025-04-23,12,S6_12,641.5192734455081,23384.514830381515,25372.21798099784,23783.854707284932,6237.817778083801,4993.634660366597,0,0
2025-04-24,0,S6_12,0.0,35935.291741592715,37136.07597208457,36179.20364027011,4993.634660366597,4993.634660366597,0,6
2025-04-24,6,S6_12,3010.0974048546213,22808.787244899908,23651.88967784288,22980.179907624435,9990.879672382898,4993.634660366597,0,3
2025-04-24,12,S6_12,1488.3269271654265,23256.474918277567,23812.766554067937,23369.515428558254,6363.118192148325,4993.634660366597,0,10
2025-04-25,0,S6_12,0.0,14522.918387996953,15072.833869760112,14635.595093097969,4993.634660366595,4993.634660366595,0,19
2025-04-25,6,S6_12,247.19291564230116,8183.337370236142,8460.681612463683,8241.27761942968,2522.7310814557277,4993.634660366595,0,6
2025-04-25,12,S6_12,311.45077911168585,7895.221357215972,8075.915537429017,7933.623148996873,2009.9558996565183,4993.634660366595,0,0
2025-04-26,0,S6_12,0.0,14153.424650887078,14482.022361391213,14221.83780173628,4993.634660366596,4993.634660366596,0,2
2025-04-26,6,S6_12,39.81486079964404,8129.596695230739,8438.714342684822,8193.887568521885,2341.5325089232574,4993.634660366596,0,0
2025-04-26,12,S6_12,57.76413003691535,8262.894353111953,8494.995126709324,8311.373961246365,3920.494680061381,4993.634660366596,0,3
2025-04-27,0,S6_12,0.0,35188.64254223939,36210.66252322347,35396.69333756928,4993.634660366593,4993.634660366593,0,16
2025-04-27,6,S6_12,628.6709844970471,24768.006344583475,26293.33581269573,25105.936922112513,9359.101688818319,4993.634660366593,0,22
2025-04-27,12,S6_12,442.9164072156578,23708.634331037745,25356.987523296768,24052.0539375956,4827.373850323987,4993.634660366593,0,3
2025-04-28,0,S6_12,0.0,42669.6647046794,44395.330235286965,43018.840144134345,4971.45444152844,4971.45444152844,0,16
2025-04-28,6,S6_12,36.70511289592948,30134.03116187319,31410.013364089096,30392.611895918835,10016.348393518927,4971.45444152844,0,8
2025-04-28,12,S6_12,2712.215019235705,25925.06523468891,26420.762119451705,26026.12435700951,6390.74082238918,4971.45444152844,0,2
2025-04-29,0,S6_12,0.0,36652.15289213312,37721.76151952149,36869.51089247295,4971.45444152844,4971.45444152844,0,4
2025-04-29,6,S6_12,2930.4528543261004,24425.489556639346,25117.703720710975,24566.665227100853,9753.09616921641,4971.45444152844,0,12
2025-04-29,12,S6_12,484.9777415465577,24049.196952701277,24593.51847815514,24159.837326263856,6605.406531262447,4971.45444152844,0,5
2025-04-30,0,S6_12,0.0,34844.38919583371,36324.58864930348,35143.73662717949,4971.454441528441,4971.454441528441,0,24
2025-04-30,6,S6_12,181.28428348902773,22671.52216509995,24430.73730920879,23026.080979122416,9399.688900625422,4971.454441528441,0,0
2025-04-30,12,S6_12,995.6985532448357,22067.868048095224,22238.693046190852,22103.728157287092,7116.547490207861,4971.454441528441,0,0
2025-05-01,0,S6_12,0.0,37237.82780436466,38751.34177495331,37544.19760735893,4971.454441528442,4971.454441528442,0,20
2025-05-01,6,S6_12,1707.634889464958,24325.270764332923,24978.525973038955,24459.058381738763,10027.534512487804,4971.454441528442,0,14
2025-05-01,12,S6_12,647.493918141952,23820.666172354748,24185.336710602733,23895.528248406656,5263.833624992312,4971.454441528442,0,2
2025-05-02,0,S6_12,0.0,17051.820152951128,17610.02222279069,17166.149714978947,4971.454441528443,4971.454441528443,0,73
2025-05-02,6,S6_12,91.26658119457421,10876.844885120783,13978.169649601754,11511.16726190861,3336.0853165044873,4971.454441528443,0,37
2025-05-02,12,S6_12,230.57197213035985,10373.74259841253,10551.805036376458,10416.797744696834,4726.00571161814,4971.454441528443,0,30
2025-05-03,0,S6_12,0.0,18067.391500744536,20112.465358892274,18479.09343249583,4961.152340074687,4961.152340074687,0,16
2025-05-03,6,S6_12,135.0631274304434,11374.25558954423,13193.543239884064,11740.605689373868,3118.1729947267636,4961.152340074687,0,6
2025-05-03,12,S6_12,131.6537334706434,11461.757430805816,13635.76292745873,11898.634149463287,3713.0146327485218,4961.152340074687,0,2
2025-05-04,0,S6_12,0.0,40607.1328560531,42070.6847803777,40903.49818275336,4961.152340074689,4961.152340074689,0,9
2025-05-04,6,S6_12,5622.463032771424,26746.593035986632,27221.313980809107,26844.170745013413,10044.475980541109,4961.152340074689,0,0
2025-05-04,12,S6_12,3480.1278088360295,25023.411949021574,28037.125314711353,25642.678215247473,8659.917792969456,4961.152340074689,0,0
2025-05-05,0,S6_12,0.0,43451.50666612592,47409.17443051882,44246.91526033023,4932.938787637097,4932.938787637097,0,53
2025-05-05,6,S6_12,1021.5807951302666,29982.45226206606,34124.491591148035,30827.73341793097,10031.67590976311,4932.938787637097,0,0
2025-05-05,12,S6_12,2319.3527282422374,26059.769317572864,26595.075897843628,26168.458082364083,7728.217939192696,4932.938787637097,0,0
2025-05-06,0,S6_12,0.0,37723.16765949319,38659.957455080024,37914.09416538538,4932.9387876370965,4932.9387876370965,0,6
2025-05-06,6,S6_12,2172.6232203759973,27649.15379120384,32874.288430396395,28710.01650424786,9438.472887442966,4932.9387876370965,0,0
2025-05-06,12,S6_12,2082.154368897397,26485.456709371912,30569.41324385534,27666.77615566707,6319.863627788442,4932.9387876370965,0,2
2025-05-07,0,S6_12,0.0,41702.64930288387,44473.80085894461,42260.63489182843,4250.653398631484,4250.653398631484,0,27
2025-05-07,6,S6_12,1640.5156119196427,30397.130908857922,33312.48586699144,30983.165399820853,9858.847825739034,4250.653398631484,0,35
2025-05-07,12,S6_12,581.7873862170088,27649.704736003638,29839.60961874494,28089.45320678383,6204.710864087833,4250.653398631484,0,6
2025-05-08,0,S6_12,0.0,44695.42523517233,46357.60372352995,45031.84883903277,4250.653398631488,4250.653398631488,0,1
2025-05-08,6,S6_12,5101.358300702195,31224.446510485242,36210.43441730925,32272.09369294261,10064.909261882709,4250.653398631488,0,8
2025-05-08,12,S6_12,1190.965509544346,28307.972349035805,29115.12392128952,28471.137004317,6812.158703001505,4250.653398631488,0,0
2025-05-09,0,S6_12,0.0,18179.260770818637,18627.56437568075,18271.46567875234,4250.65339863149,4250.65339863149,0,12
2025-05-09,6,S6_12,674.7668165826344,12663.19715592157,17191.01099225187,13642.474649363912,3009.8888302693153,4250.65339863149,0,10
2025-05-09,12,S6_12,521.4056908633106,11739.799737626478,12409.62613486628,11875.634980473205,4858.716425638954,4250.65339863149,0,3
2025-05-10,0,S6_12,0.0,16869.01128167778,19777.242512535067,17453.201714810497,4250.653398631494,4250.653398631494,0,4
2025-05-10,6,S6_12,676.0154569145435,11301.7248095453,14864.28460442752,12016.601079141925,3181.94670043932,4250.653398631494,0,11
2025-05-10,12,S6_12,521.3831383239349,10430.88126549515,11196.412387063016,10585.959459845544,3985.930098704563,4250.653398631494,0,3
2025-05-11,0,S6_12,0.0,42409.181360561,45050.38153282451,42941.26592022664,4250.653398631494,4250.653398631494,0,0
2025-05-11,6,S6_12,1270.7510879220392,30016.563023991414,33133.819209784924,30642.909778605805,10082.240734363344,4250.653398631494,0,0
2025-05-11,12,S6_12,2394.504362739757,25837.862709082183,26939.34549693672,26059.844506200632,7510.91625298201,4250.653398631494,0,0
2025-05-12,0,S6_12,0.0,40058.48069380089,44350.32539771261,40920.18147932129,4250.653398631496,4250.653398631496,0,5
2025-05-12,6,S6_12,3817.39056512459,31848.986581395588,35672.5413556923,32616.26017990029,10065.889107544948,4250.653398631496,0,10
2025-05-12,12,S6_12,2399.5181532805864,27706.857922175866,28821.729107503266,27931.388513204733,7730.1349135950495,4250.653398631496,0,0
2025-05-13,0,S6_12,0.0,43266.61808346242,44346.36496959496,43486.523179993,4250.653398631494,4250.653398631494,0,0
2025-05-13,6,S6_12,7856.696695759001,29439.611910003776,32918.44386320566,30138.085189813966,10105.57863701244,4250.653398631494,0,2
2025-05-13,12,S6_12,812.4537030301293,26101.685437057142,31516.15653550826,27229.216503779542,7048.0905219974065,4250.653398631494,0,0
2025-05-14,0,S6_12,0.0,43129.57863846265,45791.21821621896,43665.705868540776,4169.762286389786,4169.762286389786,0,33
2025-05-14,6,S6_12,322.0106441895871,30676.492035496885,33889.77594623659,31321.923831853223,10043.385032803193,4169.762286389786,0,3
2025-05-14,12,S6_12,4134.0046358373065,27435.32656457729,29537.62509205407,28076.610235014767,6071.095804350591,4169.762286389786,0,2
2025-05-15,0,S6_12,0.0,42710.70855311208,43615.89765318499,42895.65273167899,3757.657123722748,3757.657123722748,0,28
2025-05-15,6,S6_12,158.62446823601076,30606.619523141177,31838.439331533613,30855.877122196915,10090.63086849407,3757.657123722748,0,24
2025-05-15,12,S6_12,4084.5597834353343,27133.694532791837,28113.241653293928,27331.095264285053,7903.877513211636,3757.657123722748,0,5
2025-05-16,0,S6_12,0.0,16831.62400431921,17554.902122581778,16978.72466790441,3757.657123722749,3757.657123722749,0,18
2025-05-16,6,S6_12,429.36149521027596,10466.31750057238,14386.151192157486,11324.264841642096,2126.8521950532695,3757.657123722749,0,3
2025-05-16,12,S6_12,172.51130462081028,10159.221889396891,12609.449010928402,10654.527097451739,2840.7104752776277,3757.657123722749,0,3
2025-05-17,0,S6_12,0.0,16649.706722262687,17580.040184377827,16838.22352934516,3751.592565107272,3751.592565107272,0,5
2025-05-17,6,S6_12,454.8868818600123,10014.858980556472,10788.674616144881,10171.924482826618,2117.6024662112263,3751.592565107272,0,0
2025-05-17,12,S6_12,196.7228353289508,10094.534754954477,11225.740803832095,10322.721081598254,3665.5900150800235,3751.592565107272,0,0
2025-05-18,0,S6_12,0.0,43174.26777323809,45792.85142945142,43701.81312235469,3751.5925651072716,3751.5925651072716,0,17
2025-05-18,6,S6_12,3475.7910065464644,28931.958301856517,29857.952176795072,29121.849059470456,10094.44089259803,3751.5925651072716,0,18
2025-05-18,12,S6_12,1564.8483246972391,26735.96548950379,31004.506360796164,27668.29207442069,7322.146183516751,3751.5925651072716,0,3
2025-05-19,0,S6_12,0.0,39784.387378551226,42751.10102936764,40381.40199225763,3606.640949336819,3606.640949336819,0,7
2025-05-19,6,S6_12,3137.3788822739934,25783.60172811004,28238.72346175911,26277.13723429409,10084.794647410827,3606.640949336819,0,0
2025-05-19,12,S6_12,1674.4137923527692,24703.176661922345,28128.586048676083,25389.87851404028,6444.549878134123,3606.640949336819,0,0
2025-05-20,0,S6_12,0.0,39225.10349476989,40739.898918106854,39531.5444798499,3606.64094933682,3606.64094933682,0,9
2025-05-20,6,S6_12,1745.7622251213734,28169.64976331423,29391.506246135043,28416.699417724223,10062.328602740003,3606.64094933682,0,2
2025-05-20,12,S6_12,1652.1477687257056,25264.648345686248,26721.05375105751,25557.476398145533,7735.432096761606,3606.64094933682,0,0
2025-05-21,0,S6_12,0.0,37846.18217143023,40898.96155984949,38459.99196508622,3606.6409493368224,3606.6409493368224,0,9
2025-05-21,6,S6_12,3537.107055657867,28563.982136612303,30100.346356671453,28873.83653316079,9524.313314017578,3606.6409493368224,0,7
2025-05-21,12,S6_12,2051.4118971341436,26003.4884682043,28679.96842117487,26540.507777414405,5860.467077390941,3606.6409493368224,0,1
2025-05-22,0,S6_12,0.0,38934.926093086026,42403.675836201626,39632.292298295855,3606.640949336828,3606.640949336828,0,10
2025-05-22,6,S6_12,1078.8966463271395,25894.694791403657,29007.412906894122,26519.670054091483,10109.922714997832,3606.640949336828,0,6
2025-05-22,12,S6_12,696.6759452941928,25091.992690886753,28656.30647674354,25873.02349453147,6495.546412910268,3606.640949336828,0,0
2025-05-23,0,S6_12,0.0,15968.11616871402,16686.210963230016,16114.1246247618,3481.477514539869,3481.477514539869,0,1
2025-05-23,6,S6_12,235.5137312608062,9578.547412127138,12386.930048411545,10148.415932550997,2338.5629312176216,3481.477514539869,0,0
2025-05-23,12,S6_12,938.6508709943034,10814.902490640796,14088.428642097628,11471.595230091347,2974.4695194517863,3481.477514539869,0,0
2025-05-24,0,S6_12,0.0,17830.68439989955,18416.969328142935,17950.330882692848,3481.477514539871,3481.477514539871,0,8
2025-05-24,6,S6_12,1617.116358118905,10417.8579881824,10694.355499669682,10475.419029351116,1971.4546548603103,3481.477514539871,0,0
2025-05-24,12,S6_12,1409.959563921867,11008.525439219968,11379.950487456763,11084.815752933124,2852.5376383918015,3481.477514539871,0,0
2025-05-25,0,S6_12,0.0,39539.2405620149,41592.32013207275,39953.428237276814,3481.477514539873,3481.477514539873,0,0
2025-05-25,6,S6_12,2997.852995888308,26169.903533716904,27980.005664493812,26534.388083628848,10121.076442311021,3481.477514539873,0,0
2025-05-25,12,S6_12,2487.755133789573,24330.11645118903,27720.384690699884,25010.13319075704,7146.884836992919,3481.477514539873,0,0
2025-05-26,0,S6_12,0.0,39035.80022154489,41191.72204635869,39470.47164612987,3480.6844244723584,3480.6844244723584,0,4
2025-05-26,6,S6_12,2761.32584879896,28081.392871873024,30615.7270348466,28590.9540236234,10044.914966539012,3480.6844244723584,0,2
2025-05-26,12,S6_12,675.4504427705336,26176.483172287953,26534.950510280712,26249.871583362426,5874.855545000635,3480.6844244723584,0,1
2025-05-27,0,S6_12,0.0,36924.117913201364,40178.332145638255,37578.194154604476,3480.68442447236,3480.68442447236,0,0
2025-05-27,6,S6_12,4228.162335109509,29350.074278827808,32595.0021108891,30001.526487218973,8918.334359249537,3480.68442447236,0,0
2025-05-27,12,S6_12,3353.346744143836,24052.425412994384,24617.15111969286,24166.899372553602,7446.906185705417,3480.68442447236,0,0
2025-05-28,0,S6_12,0.0,41203.06536124544,44941.47238446494,41954.608099222685,3480.68442447236,3480.68442447236,0,12
2025-05-28,6,S6_12,2235.5553020028983,28338.8357176821,32127.43600466795,29121.308402600436,10097.258679222148,3480.68442447236,0,1
2025-05-28,12,S6_12,1212.961890218775,24563.58897665648,24996.239183662507,24651.834070407385,5638.8403285849745,3480.68442447236,0,3
2025-05-29,0,S6_12,0.0,40842.0868686083,44459.65731878281,41569.462291976575,3480.6844244723598,3480.6844244723598,0,5
2025-05-29,6,S6_12,1236.8686984111732,29716.199268779365,33344.839884153385,30444.71997645628,10136.914159785138,3480.6844244723598,0,1
2025-05-29,12,S6_12,2884.330342343673,24496.920318689048,28225.367244676767,25266.46891815949,7148.911145123121,3480.6844244723598,0,0
2025-05-30,0,S6_12,0.0,16980.60871525815,17280.57891779601,17042.983650885355,3438.705014759919,3438.705014759919,0,10
2025-05-30,6,S6_12,1174.986163447095,12244.292616693852,13600.071680351051,12800.064781522911,2339.006321493646,3438.705014759919,0,4
2025-05-30,12,S6_12,1149.64925804114,10494.060427019162,11092.933855377676,10615.530298397329,5634.441697418455,3438.705014759919,0,0
2025-05-31,0,S6_12,0.0,18275.305316698807,20924.939730744205,18807.691715992594,3438.7050147599207,3438.7050147599207,0,2
2025-05-31,6,S6_12,1551.5916135768962,10598.202132772361,12960.519709959957,11072.88857376942,3141.6218300195324,3438.7050147599207,0,0
2025-05-31,12,S6_12,298.0352371077919,10231.510997686988,10862.579377094984,10359.689640105504,3179.5174733609924,3438.7050147599207,0,0
2025-06-01,0,S6_12,0.0,51356.82028122528,53319.92745272276,51753.674482216564,3438.705014759919,3438.705014759919,0,12
2025-06-01,6,S6_12,5013.107825398016,35971.01885132324,36888.987466794664,36157.80264180088,10132.29381641417,3438.705014759919,0,4
2025-06-01,12,S6_12,2477.2579303222205,29969.385541806147,30444.818936612846,30066.17039952785,6822.957810785993,3438.705014759919,0,0
2025-06-02,0,S6_12,0.0,56865.295074009955,62516.36742853119,57999.928670702204,3438.705014759918,3438.705014759918,0,20
2025-06-02,6,S6_12,10909.559747244828,38404.241303670715,39344.28384931011,38595.618143335785,10040.020860685503,3438.705014759918,0,5
2025-06-02,12,S6_12,1448.8336154812139,36069.52735424228,43224.46333797781,37532.52846686745,7327.387733344756,3438.705014759918,0,5
2025-06-03,0,S6_12,0.0,53285.44338295478,55875.03183544577,53807.558721946894,3382.1575087907936,3382.1575087907936,0,26
2025-06-03,6,S6_12,1999.540473270869,40677.94871795903,42337.614816776986,41013.09841643814,10033.309414351028,3382.1575087907936,0,18
2025-06-03,12,S6_12,3001.4492768085493,31522.497514255134,32078.40938367412,31635.41056151529,6829.683320605095,3382.1575087907936,0,1
2025-06-04,0,S6_12,0.0,60844.4354349381,66332.87533820799,61946.61824892546,3382.1575087907936,3382.1575087907936,0,12
2025-06-04,6,S6_12,16888.13363393681,39693.69998674851,40536.55387293269,39865.23435185247,10040.756866844946,3382.1575087907936,0,0
2025-06-04,12,S6_12,4577.473136043365,36458.56031986081,41528.862479761374,37474.51653156548,7050.000000000002,3382.1575087907936,0,4
2025-06-05,0,S6_12,0.0,52941.946500389924,56712.34929663398,53700.20708286163,3382.1575087907927,3382.1575087907927,0,5
2025-06-05,6,S6_12,3308.7677273524514,39908.78217268528,46688.49655134049,41298.403792532226,10062.155320687314,3382.1575087907927,0,1
2025-06-05,12,S6_12,1245.7115556148913,33354.4662389226,34579.85352862625,33613.500579897795,7050.0,3382.1575087907927,0,0
2025-06-06,0,S6_12,0.0,26881.73818884779,30133.450047720646,27534.67591347363,3359.370681849652,3359.370681849652,0,17
2025-06-06,6,S6_12,1031.4951892677964,15948.303765370161,17763.49180729392,16313.392747522346,7221.804628169202,3359.370681849652,0,9
2025-06-06,12,S6_12,608.507284027886,16506.641840939195,20335.93042709698,17538.73935173015,8335.87297337686,3359.370681849652,0,6
2025-06-07,0,S6_12,0.0,27630.37585326238,31684.475030606576,28444.00825715328,2861.2787422325428,2861.2787422325428,0,6
2025-06-07,6,S6_12,3841.944895238109,14732.669856614137,18145.335877670423,15429.272527193083,10022.074709039394,2861.2787422325428,0,3
2025-06-07,12,S6_12,783.0135199997637,15121.52675795348,16437.906335907963,15386.17034997707,8055.14065140813,2861.2787422325428,0,4
2025-06-08,0,S6_12,0.0,52934.2924285708,54654.76909685814,53282.40376121657,2861.278742232543,2861.278742232543,0,6
2025-06-08,6,S6_12,6041.556046656295,39201.360490856205,46578.588256977164,40714.93134934576,10063.828425008433,2861.278742232543,0,1
2025-06-08,12,S6_12,1583.9322214709698,33533.43086400869,35153.7191757072,33859.115199575266,7790.2599336417225,2861.278742232543,0,0
2025-06-09,0,S6_12,0.0,60201.261156739914,65451.49316751336,61255.584322650415,2861.278742232544,2861.278742232544,0,30
2025-06-09,6,S6_12,5441.32762608182,42924.81712936529,45690.082315485175,43481.219744025904,10051.974974904497,2861.278742232544,0,7
2025-06-09,12,S6_12,1713.3365997624521,36858.00626572259,37435.28324578456,36975.291143218026,7050.000000000001,2861.278742232544,0,11
2025-06-10,0,S6_12,0.0,53662.73771620208,55523.28193776577,54038.93405744815,2861.2787422325478,2861.2787422325478,0,6
2025-06-10,6,S6_12,3072.233033501261,39700.58729206049,47290.387236378425,41310.596814796576,10074.58780372543,2861.2787422325478,0,11
2025-06-10,12,S6_12,1008.3040063106073,35290.40590205612,36958.49685381066,35625.85090609046,7050.000000000002,2861.2787422325478,0,7
2025-06-11,0,S6_12,0.0,58879.5022663621,63751.5092677137,59858.346283074075,2861.2787422325446,2861.2787422325446,0,12
2025-06-11,6,S6_12,1440.312269888132,43442.6657895289,47257.48402315767,44209.154907001015,10053.751322189613,2861.2787422325446,0,0
2025-06-11,12,S6_12,1101.0875698986274,38105.36787688756,42496.09340635367,38985.62237901323,5733.924205336874,2861.2787422325446,0,8
2025-06-12,0,S6_12,0.0,56486.58498960376,61240.66742526988,57441.678974206385,2861.2787422325446,2861.2787422325446,0,6
2025-06-12,6,S6_12,1548.7898793781405,41607.576561309914,46394.975082238554,42574.77717155443,10067.182256276017,2861.2787422325446,0,6
2025-06-12,12,S6_12,701.2544111929465,35720.91081385612,36689.87949071029,35916.61908547864,7145.1522008575885,2861.2787422325446,0,8
2025-06-13,0,S6_12,0.0,27266.77068081816,30329.308570110676,27881.953667479826,2861.2787422325428,2861.2787422325428,0,1
2025-06-13,6,S6_12,1169.8822410007533,16437.059001676582,18133.195479291036,16778.57541107119,5188.0736169983675,2861.2787422325428,0,0
2025-06-13,12,S6_12,1523.3045986812003,17972.070873900302,22863.6925344006,19215.56053560257,5999.947095244806,2861.2787422325428,0,0
2025-06-14,0,S6_12,0.0,25650.46020127529,29315.67144473565,26385.866066779945,2365.564007023277,2365.564007023277,0,5
2025-06-14,6,S6_12,722.17980450624,15664.606214330915,19264.96660418082,16386.659277069255,5379.5848565949445,2365.564007023277,0,2
2025-06-14,12,S6_12,619.4543913336204,15278.85645790009,19206.53320545445,16085.57489417726,7592.20879039637,2365.564007023277,0,1
2025-06-15,0,S6_12,0.0,51957.84361825852,57881.76942372652,53146.83209468842,2328.28838579555,2328.28838579555,0,0
2025-06-15,6,S6_12,2453.3481408477196,40929.095980235885,45794.26866735738,41931.44144416629,10092.781188037123,2328.28838579555,0,0
2025-06-15,12,S6_12,330.6602375541841,35615.64695990907,41190.982217935736,36749.06372137843,6845.562173904164,2328.28838579555,0,0
2025-06-16,0,S6_12,0.0,55483.73389111425,58837.45511032575,56158.91260937526,2297.4578983375845,2297.4578983375845,0,3
2025-06-16,6,S6_12,1204.6786109947006,41654.42979369951,45905.92056156665,42508.04293823989,10032.223709439224,2297.4578983375845,0,2
2025-06-16,12,S6_12,753.4894429602534,37589.31471339019,42070.49035741279,38785.83442684034,6097.107533004599,2297.4578983375845,0,0
2025-06-17,0,S6_12,0.0,55765.00393243699,56679.149412630744,55952.17764342168,1736.4570341480087,1736.4570341480087,0,3
2025-06-17,6,S6_12,1429.6526121012475,43429.5950446055,46657.592693656945,44078.477172582454,10069.571182189124,1736.4570341480087,0,1
2025-06-17,12,S6_12,2209.068862175438,38004.74950061198,46514.87370630463,39761.5069711385,7050.0,1736.4570341480087,0,0
2025-06-18,0,S6_12,0.0,55283.99070697613,58348.9188126341,55901.27951590702,1637.0818904903028,1637.0818904903028,0,0
2025-06-18,6,S6_12,1529.1143889385098,43388.473398241484,50433.52279274523,44899.61100966842,10111.346396575978,1637.0818904903028,0,0
2025-06-18,12,S6_12,2556.4837432719087,36270.305048918024,44940.85659268861,38102.00828746618,7050.000000000001,1637.0818904903028,0,3
2025-06-19,0,S6_12,0.0,51927.782849063326,54432.78537918839,52432.89542431854,1456.8211570021058,1456.8211570021058,0,3
2025-06-19,6,S6_12,5845.632832531084,36903.958084634934,43464.10368319576,38226.98030175321,10056.453787404145,1456.8211570021058,0,0
2025-06-19,12,S6_12,3379.1438865815985,36432.884645510334,46050.96802626113,38494.792442034646,7011.463952253287,1456.8211570021058,0,0
2025-06-20,0,S6_12,0.0,24088.128619707033,25303.23831029497,24333.515498380475,1200.0,1200.0,0,27
2025-06-20,6,S6_12,435.598331841583,14854.333288770647,15653.82952947316,15016.330119061484,2640.865372189259,1200.0,0,4
2025-06-20,12,S6_12,167.19226252265344,15255.455830078588,19688.963052143405,16143.450479279407,7346.647230479295,1200.0,0,12
2025-06-21,0,S6_12,0.0,23941.68312381366,24798.542279564226,24115.451189071166,1199.9999999999993,1199.9999999999993,0,0
2025-06-21,6,S6_12,1634.7965114540334,14234.650725035941,14526.93551072602,14295.19746979548,2679.645223455819,1199.9999999999993,0,4
2025-06-21,12,S6_12,573.9900666251988,14372.879722578957,14579.438830337607,14415.68455066689,5417.166837551277,1199.9999999999993,0,0
2025-06-22,0,S6_12,0.0,50849.208569655675,55246.40923624974,51732.6910363078,1199.9999999999982,1199.9999999999982,0,0
2025-06-22,6,S6_12,6999.25384883651,39222.38993369598,43273.002410037974,40035.243928489646,10131.755352357666,1199.9999999999982,0,0
2025-06-22,12,S6_12,1917.3992899116529,34363.23148528648,43481.95586197733,36188.56902704534,8112.843281954737,1199.9999999999982,0,0
2025-06-23,0,S6_12,0.0,50842.89580248822,52832.42277905811,51244.973849139686,1199.999999999999,1199.999999999999,0,27
2025-06-23,6,S6_12,1304.0036413798275,36841.1992517202,41588.47774581753,37793.537921050374,10074.583449053982,1199.999999999999,0,24
2025-06-23,12,S6_12,1605.363318604972,31857.42255816727,38297.597585473886,33147.11042488357,7820.619451858191,1199.999999999999,0,7
2025-06-24,0,S6_12,0.0,58889.701992800525,61182.77902842264,59352.812233258286,1199.9999999999939,1199.9999999999939,0,29
2025-06-24,6,S6_12,3121.149041783621,42758.12312631401,47746.81566524491,43759.14209228169,10094.875583708434,1199.9999999999939,0,7
2025-06-24,12,S6_12,1469.3287572794472,35126.17053605189,36144.31660233665,35331.54583023704,7050.0,1199.9999999999939,0,29
2025-06-25,0,S6_12,0.0,52913.90747956084,59280.60467930551,54191.376259443714,1200.0000000000007,1200.0000000000007,0,50
2025-06-25,6,S6_12,2001.9035981061347,39554.277701469335,45160.37021838235,40678.40884528256,10092.286487273032,1200.0000000000007,0,15
2025-06-25,12,S6_12,892.6549913568152,32817.647318397736,39379.13510306795,34131.49142573275,7526.133818652766,1200.0000000000007,0,16
2025-06-26,0,S6_12,0.0,51081.899558761346,56082.90893478446,52086.21348835622,1200.0000000000043,1200.0000000000043,0,91
2025-06-26,6,S6_12,464.11222059290577,37193.290993374816,43890.64179002084,38535.56155731722,10058.647082226084,1200.0000000000043,0,19
2025-06-26,12,S6_12,756.880322494917,31114.001155323025,37256.84131909042,32344.00091420769,7953.848387622021,1200.0000000000043,0,26
2025-06-27,0,S6_12,0.0,24102.906134571112,27591.25438843861,24803.115221759817,1199.9999999999995,1199.9999999999995,0,71
2025-06-27,6,S6_12,1256.513538985384,14121.536178283428,16412.262106594448,14581.721523867258,3467.3607159760113,1199.9999999999995,0,54
2025-06-27,12,S6_12,687.7875296348302,14360.030033715415,18172.694666812557,15123.87897579439,6823.921825117723,1199.9999999999995,0,33
2025-06-28,0,S6_12,0.0,21707.99625138418,25594.84782642855,22487.712537984316,1200.0000000000002,1200.0000000000002,0,77
2025-06-28,6,S6_12,369.3725619218818,13931.214195251943,17619.32666461912,14670.933590625094,2473.6670677015945,1200.0000000000002,0,44
2025-06-28,12,S6_12,271.81131054125564,12645.808649811786,13073.613719231273,12732.704764996102,6865.481253886455,1200.0000000000002,0,48
2025-06-29,0,S6_12,0.0,47861.6844207108,53668.24730341232,49026.888463621865,1200.0000000000007,1200.0000000000007,0,129
2025-06-29,6,S6_12,5087.75452159799,38810.28597332774,45013.12012163356,40053.65309361072,10082.25600001342,1200.0000000000007,0,75
2025-06-29,12,S6_12,2547.577701581634,32220.483523544,33715.571645845506,32521.06358771144,7267.399534014149,1200.0000000000007,0,54
2025-06-30,0,S6_12,0.0,53956.93440791496,60195.61481247588,55208.88163131598,1200.0000000000023,1200.0000000000023,0,160
2025-06-30,6,S6_12,3001.769677874019,38337.73746044813,43154.96958833976,39304.09485195781,10058.148770073658,1200.0000000000023,0,65
2025-06-30,12,S6_12,1354.820878189883,32882.7986988084,34221.255431786114,33152.08529158901,6570.524800315468,1200.0000000000023,0,63
2025-07-01,0,S6_12,0.0,46594.96590738389,51317.31877809929,47543.39075414976,1199.9999999999934,1199.9999999999934,0,146
2025-07-01,6,S6_12,1098.5215877628434,33354.51945291651,40001.189427154466,34686.530186469754,10119.397192667544,1199.9999999999934,0,87
2025-07-01,12,S6_12,458.7367416527619,29056.14262335134,30028.208060705132,29251.930562878028,7078.873160762991,1199.9999999999934,0,90
2025-07-02,0,S6_12,0.0,57326.551495484564,69150.44785361415,59695.32256154002,1199.9999999999943,1199.9999999999943,0,234
2025-07-02,6,S6_12,1282.1803450802672,39289.24058904069,40318.99577916124,39497.86785472404,10011.416427993587,1199.9999999999943,0,107
2025-07-02,12,S6_12,759.1776090585794,36480.67583318786,42541.55054784224,37694.30689921806,7366.810962811881,1199.9999999999943,0,117
2025-07-03,0,S6_12,0.0,64554.68834688924,80923.39022041747,67832.8719744307,1199.9999999999982,1199.9999999999982,0,203
2025-07-03,6,S6_12,618.8869171480441,47089.40305443123,55770.46562124787,48828.95910870906,10015.921463027096,1199.9999999999982,0,111
2025-07-03,12,S6_12,1414.5352053862507,38916.04371154728,44324.91981435125,39999.594401121365,7289.965957662702,1199.9999999999982,0,93
2025-07-04,0,S6_12,0.0,26834.514895361765,37621.121562875946,28994.326754665788,1200.0000000000045,1200.0000000000045,0,200
2025-07-04,6,S6_12,447.1714727836942,17114.69159399774,19228.771362236854,17539.603836914823,3197.3446716365906,1200.0000000000045,0,112
2025-07-04,12,S6_12,634.1879252703686,16882.179073593627,21111.145205094654,17729.220687292913,7658.546910039991,1200.0000000000045,0,82
2025-07-05,0,S6_12,0.0,30851.29009292901,31453.805217872952,30974.516370143898,1200.0000000000055,1200.0000000000055,0,171
2025-07-05,6,S6_12,3577.2184733159775,17617.00341895812,18328.419334228238,17761.45724604763,4050.471619240295,1200.0000000000055,0,72
2025-07-05,12,S6_12,1182.9443958089857,17623.42708294302,18141.17660579435,17728.573688264365,4219.243379718659,1200.0000000000055,0,100
2025-07-06,0,S6_12,0.0,58838.027810035965,70957.59716020938,61266.313621482564,1199.9999999999982,1199.9999999999982,0,180
2025-07-06,6,S6_12,2885.267707780379,44710.75206654855,53934.78587205929,46558.685779668696,9953.442478897503,1199.9999999999982,0,111
2025-07-06,12,S6_12,2627.0411312921146,41955.397687042045,52257.16852064013,44017.58680300619,6302.1996220054825,1199.9999999999982,0,87
2025-07-07,0,S6_12,0.0,57603.36779610733,68045.82440410624,59696.05369930395,1200.0,1200.0,0,254
2025-07-07,6,S6_12,5359.745204832598,38769.97931049061,44232.11227955998,39865.188166207365,10062.496354116014,1200.0,0,88
2025-07-07,12,S6_12,1525.0155638320982,36591.80994972675,42185.15124072476,37711.98878408366,7800.0,1200.0,0,100
2025-07-08,0,S6_12,0.0,70085.7880664959,80914.01637443574,72255.87106963582,1200.0,1200.0,0,163
2025-07-08,6,S6_12,7432.542732291067,48389.127479062256,49696.21551565601,48653.66250602146,9874.074074074075,1200.0,0,92
2025-07-08,12,S6_12,3400.649851512378,43904.10266533579,53182.33305059681,45761.53554151771,6450.000000000001,1200.0,0,105
2025-07-09,0,S6_12,0.0,60179.58902056065,63325.86086873761,60813.16951239409,1200.0,1200.0,0,212
2025-07-09,6,S6_12,3109.5936451276357,41970.33016884957,44660.21375836528,42511.321805221036,9993.510505288645,1200.0,0,123
2025-07-09,12,S6_12,2344.178123551854,40348.895547117085,49548.95452280587,42190.54899438064,7050.000000000001,1200.0,0,80
2025-07-10,0,S6_12,0.0,58528.054659507834,68845.20041656349,60595.731288337665,1200.0000000000036,1200.0000000000036,0,179
2025-07-10,6,S6_12,1321.8447708598928,42131.06709200987,52887.55127610488,44285.50803007946,9988.204121589453,1200.0000000000036,0,115
2025-07-10,12,S6_12,3660.619092493499,41394.063690808616,41479.58418208339,41412.78441109983,6968.012750631091,1200.0000000000036,0,109
2025-07-11,0,S6_12,0.0,33398.0794378339,44419.914738854015,35605.23285392932,1200.0,1200.0,0,242
2025-07-11,6,S6_12,596.1037494420452,20779.008942939243,28481.683126082247,22321.59072533828,6341.401676984429,1200.0,0,87
2025-07-11,12,S6_12,2000.6784827867375,19223.17337843003,20206.713018466628,19421.09336978216,7745.582743756821,1200.0,0,90
2025-07-12,0,S6_12,0.0,28861.892536874137,36854.20299025524,30462.900070043575,1200.0000000000002,1200.0000000000002,0,194
2025-07-12,6,S6_12,608.6063342021835,19755.979729357703,30505.24179688547,21907.96244960314,3414.5785193534384,1200.0000000000002,0,99
2025-07-12,12,S6_12,686.3966226769123,19820.816599997575,30879.073895786656,22033.850861927767,6268.7656198341365,1200.0000000000002,0,93
2025-07-13,0,S6_12,0.0,64116.3141285891,76831.92502470809,66663.74360860419,1200.0000000000055,1200.0000000000055,0,174
2025-07-13,6,S6_12,8269.375260178675,43522.77465274727,48034.5584586827,44428.05161274503,9967.922312671435,1200.0000000000055,0,75
2025-07-13,12,S6_12,4032.249548708678,37876.79677672926,38199.985559696244,37942.8562695376,6796.114433238159,1200.0000000000055,0,86
2025-07-14,0,S6_12,0.0,60022.53084813796,71558.73106895569,62333.81322563486,1199.9999999999986,1199.9999999999986,0,202
2025-07-14,6,S6_12,6807.040640042415,39858.15947802175,40771.28202998298,40043.722175219904,9989.762675536875,1199.9999999999986,0,102
2025-07-14,12,S6_12,1015.4354197390282,36160.850282299034,37323.95169337467,36395.025993936615,7026.276477316825,1199.9999999999986,0,105
2025-07-15,0,S6_12,0.0,61682.91670192548,65246.20051499292,62399.79766777727,1199.999999999998,1199.999999999998,0,142
2025-07-15,6,S6_12,7705.260528804483,41583.1531403225,43772.915945525696,42023.88200150056,9986.333046082733,1199.999999999998,0,88
2025-07-15,12,S6_12,1952.9121264436276,37976.4223381456,39427.0048597026,38268.03720856722,7538.000223144476,1199.999999999998,0,69
2025-07-16,0,S6_12,0.0,59068.86726955308,70729.29954584315,61405.04917137607,1200.000000000002,1200.000000000002,0,162
2025-07-16,6,S6_12,2401.3366728123146,40558.61438376393,46386.793701289724,41727.10625465539,9984.433831184322,1200.000000000002,0,104
2025-07-16,12,S6_12,649.1383307378918,38195.04825953537,46046.50903588017,39766.88329260869,7972.578918939195,1200.000000000002,0,66
2025-07-17,0,S6_12,0.0,58411.004615216356,70738.57256932295,60880.575961467286,1200.0,1200.0,0,158
2025-07-17,6,S6_12,616.1402564614342,42076.85912718686,54133.09204003225,44490.993859498696,9967.113881482146,1200.0,0,80
2025-07-17,12,S6_12,770.1365858944273,37931.79629361087,47604.70059657097,39867.94644575054,7275.2877772298325,1200.0,0,66
2025-07-18,0,S6_12,0.0,34146.87901076074,37990.24759860244,34918.33412622049,1200.0,1200.0,0,136
2025-07-18,6,S6_12,2273.6143551707833,20999.851594613287,26730.022615494177,22147.970740654964,5430.475590231194,1200.0,0,82
2025-07-18,12,S6_12,1459.3594376428932,20982.27547695918,29181.822468443606,22623.469401010723,7076.543437709185,1200.0,0,74
2025-07-19,0,S6_12,0.0,35517.76161561998,45495.348112776286,37515.920392425214,1199.9999999999989,1199.9999999999989,0,92
2025-07-19,6,S6_12,5719.488487399047,20543.298534501788,21300.249638652847,20696.701552518705,4115.3554265002385,1199.9999999999989,0,56
2025-07-19,12,S6_12,2255.497963868537,21944.57232035631,27515.144047254216,23060.10144340886,5899.804564573356,1199.9999999999989,0,72
2025-07-20,0,S6_12,0.0,60754.78613429434,72006.4078599702,63009.38488861173,1200.000000000002,1200.000000000002,0,167
2025-07-20,6,S6_12,3216.0608702697828,42424.81645775652,48499.53844531245,43642.90453555868,9956.097975696563,1200.000000000002,0,69
2025-07-20,12,S6_12,2199.146858622897,38247.72847161438,43751.87879148844,39350.18165610437,6521.986346776583,1200.000000000002,0,23
2025-07-21,0,S6_12,0.0,61732.89268412603,75578.03676293684,64506.07452565684,1199.9999999999995,1199.9999999999995,0,146
2025-07-21,6,S6_12,4916.736816794614,42277.6004936414,46960.73951241966,43217.12013834514,9958.348347018875,1199.9999999999995,0,66
2025-07-21,12,S6_12,2088.6443626605765,38649.04534323992,39015.248915628996,38723.88183800111,7050.000000000001,1199.9999999999995,0,30
2025-07-22,0,S6_12,0.0,55304.052556639086,57600.328426119166,55767.477668032356,1199.9999999999998,1199.9999999999998,0,93
2025-07-22,6,S6_12,5174.29892440383,45642.50852977673,50788.24123938794,46674.81425108499,10031.943493112512,1199.9999999999998,0,38
2025-07-22,12,S6_12,5355.126585450114,35270.769515259344,35801.41858232825,35378.57170338873,7316.347353301957,1199.9999999999998,0,56
2025-07-23,0,S6_12,0.0,65688.94558742133,76879.12981270759,67931.49868672897,1200.0000000000066,1200.0000000000066,0,85
2025-07-23,6,S6_12,10121.254533560275,44757.20778940983,49493.85212711716,45707.676993351655,9919.80314144909,1200.0000000000066,0,35
2025-07-23,12,S6_12,1599.061432824534,39812.79157137856,45259.34812710268,40903.71454377795,6986.635177643254,1200.0000000000066,0,24
2025-07-24,0,S6_12,0.0,67053.72334809261,79029.34874389772,69453.27051504853,1200.0000000000014,1200.0000000000014,0,50
2025-07-24,6,S6_12,8061.655817352686,46089.27522117505,50489.272666512974,46972.396430175075,9949.549687234658,1200.0000000000014,0,37
2025-07-24,12,S6_12,1554.84109857606,42822.52261516677,48390.412498714926,43937.83931966497,7108.013119552274,1200.0000000000014,0,54
2025-07-25,0,S6_12,0.0,28165.81326516742,30772.608318398994,28689.614951577718,1200.0,1200.0,0,44
2025-07-25,6,S6_12,264.4390520149044,17884.393347195746,19839.079319331195,18277.465927326204,2846.6203350240216,1200.0,0,33
2025-07-25,12,S6_12,473.0335178006793,18011.662436480066,23660.71390619858,19142.66896724981,7880.725376206091,1200.0,0,25
2025-07-26,0,S6_12,0.0,29429.11907753099,39444.476070600576,31434.761230234457,1200.0000000000036,1200.0000000000036,0,67
2025-07-26,6,S6_12,999.1425617067387,18898.406656007526,27543.553651984344,20629.602851022475,3685.479657424693,1200.0000000000036,0,26
2025-07-26,12,S6_12,1036.5072480394365,17852.745657260533,24056.94240863937,19094.87765140488,7060.9757370884,1200.0000000000036,0,7
2025-07-27,0,S6_12,0.0,57877.80209872247,70013.19677320331,60309.06661239744,1199.9999999999973,1199.9999999999973,0,39
2025-07-27,6,S6_12,2310.2313702750075,40782.14409503838,48260.84066887133,42280.79078616024,9949.082741987342,1199.9999999999973,0,13
2025-07-27,12,S6_12,459.6762725661011,35786.62050023839,43258.625002296045,37282.575034555906,7156.265804320577,1199.9999999999973,0,16
2025-07-28,0,S6_12,0.0,60555.66136930287,63800.70992057603,61209.02190667568,1200.000000000001,1200.000000000001,0,36
2025-07-28,6,S6_12,1956.8875330689111,44709.52739922281,52507.84712379024,46272.273005531664,9990.42324022827,1200.000000000001,0,19
2025-07-28,12,S6_12,2715.163598807603,37403.766385180854,39674.14248158161,37859.444077949265,7029.192178877647,1200.000000000001,0,14
2025-07-29,0,S6_12,0.0,56312.6514763393,60177.860549836885,57089.75505156172,1200.000000000001,1200.000000000001,0,3
2025-07-29,6,S6_12,1509.1052136333963,42495.61139805913,44358.20822003206,42871.099155311,10001.753880809774,1200.000000000001,0,3
2025-07-29,12,S6_12,1229.5266271834353,38652.13057346984,52836.83834486127,41490.698866913895,5908.891753271233,1200.000000000001,0,14
2025-07-30,0,S6_12,0.0,54202.89810769515,65195.67654530326,56405.38459827733,1200.0000000000055,1200.0000000000055,0,17
2025-07-30,6,S6_12,4877.444672671467,43782.313565062796,52784.43130617446,45585.65385050284,9972.522485992951,1200.0000000000055,0,8
2025-07-30,12,S6_12,1533.3006302810613,38636.68652853375,52754.81797466013,41461.9361014746,6450.000000000002,1200.0000000000055,0,15
2025-07-31,0,S6_12,0.0,55794.0139692609,66075.7508659951,57854.51471020742,1200.0000000000007,1200.0000000000007,0,15
2025-07-31,6,S6_12,745.4158500591245,41023.577807794296,51129.747400759385,43047.81960549239,9997.833595775037,1200.0000000000007,0,4
2025-07-31,12,S6_12,654.471162613559,36938.87691266306,44453.58808073322,38443.48692238785,7027.029570027878,1200.0000000000007,0,3
2025-08-01,0,S6_12,0.0,27335.717489914696,28535.046264283552,27577.93263349183,1199.9999999999982,1199.9999999999982,0,7
2025-08-01,6,S6_12,1373.3929259216138,16671.19166660252,18127.661805005762,16964.546791103385,2485.901113219353,1199.9999999999982,0,1
2025-08-01,12,S6_12,392.0505877775482,16479.603858276416,17748.653318598946,16734.87887729814,5414.110166241522,1199.9999999999982,0,0
2025-08-02,0,S6_12,0.0,29775.20168516716,32714.08695332227,30365.55731170893,1200.0000000000018,1200.0000000000018,0,18
2025-08-02,6,S6_12,3079.3409723889336,17514.402673686287,18964.596310768757,17806.45986206263,3925.164659822462,1200.0000000000018,0,1
2025-08-02,12,S6_12,264.96417776927603,17586.10320476633,18303.17706781831,17731.21930106538,3664.1210005223083,1200.0000000000018,0,2
2025-08-03,0,S6_12,0.0,48709.837008548464,53325.15455926281,49636.4695351549,1200.0000000000002,1200.0000000000002,0,3
2025-08-03,6,S6_12,1885.9629459923276,32911.37615992446,34242.289946531244,33179.972455461204,9963.569831940167,1200.0000000000002,0,1
2025-08-03,12,S6_12,1980.5697835396963,31010.8854311986,32726.169153060564,31355.28184596375,7014.606677672187,1200.0000000000002,0,0
2025-08-04,0,S6_12,0.0,52948.21590105857,54369.12881031115,53236.24883802647,1200.0000000000027,1200.0000000000027,0,22
2025-08-04,6,S6_12,699.8416969348405,36516.832562979704,37607.78983618921,36737.656781793914,9990.81934412546,1200.0000000000027,0,15
2025-08-04,12,S6_12,4253.335227716601,33165.034759918766,33647.76960977283,33262.933915148584,6960.019282592445,1200.0000000000027,0,5
2025-08-05,0,S6_12,0.0,51913.96620680197,55171.34799574504,52569.44268671887,1199.999999999995,1199.999999999995,0,17
2025-08-05,6,S6_12,10.868465963511909,36291.92929834857,39215.70734651263,36879.37581176536,10009.063813713557,1199.999999999995,0,3
2025-08-05,12,S6_12,2149.4776961717107,33070.46526837935,33981.653883350176,33254.068946716216,7285.868249076254,1199.999999999995,0,3
2025-08-06,0,S6_12,0.0,55737.11885278566,57455.62818015188,56084.88025150588,1199.9999999999989,1199.9999999999989,0,33
2025-08-06,6,S6_12,5337.161844444482,37293.0910895789,38587.779819797026,37554.777835977264,10072.648630914384,1199.9999999999989,0,0
2025-08-06,12,S6_12,931.7283821165157,36191.39047724273,37493.22688502884,36453.36009455341,6781.94693712755,1199.9999999999989,0,8
2025-08-07,0,S6_12,0.0,54421.36168605404,55944.395472753036,54730.011627119406,1199.9999999999977,1199.9999999999977,0,6
2025-08-07,6,S6_12,8667.908349552245,36951.928697709045,38052.988628738334,37174.882191637465,10042.40558832819,1199.9999999999977,0,2
2025-08-07,12,S6_12,3371.8270750774445,33517.01766304547,34638.87108378142,33742.75093298024,7031.782494815245,1199.9999999999977,0,18
2025-08-08,0,S6_12,0.0,25785.704069818705,26973.846567173357,26025.878045686324,1200.000000000005,1200.000000000005,0,37
2025-08-08,6,S6_12,516.0685669823414,15634.967788272055,16516.973033224436,15813.50000334015,3328.3136873492003,1200.000000000005,0,10
2025-08-08,12,S6_12,285.1074977999964,15451.708817403798,16087.729363429275,15580.4777958879,4604.628033310391,1200.000000000005,0,5
2025-08-09,0,S6_12,0.0,25054.24948462272,25809.136976709447,25207.692810398526,1199.999999999999,1199.999999999999,0,41
2025-08-09,6,S6_12,359.05201801410277,15007.603564747074,15669.85960157357,15142.151336009325,2929.97917491164,1199.999999999999,0,9
2025-08-09,12,S6_12,261.92593077901665,15046.612937062699,16041.977286626478,15247.37360809277,3472.968581944122,1199.999999999999,0,19
2025-08-10,0,S6_12,0.0,52412.50318317465,54617.063789357104,52857.20251046339,1200.0000000000016,1200.0000000000016,0,42
2025-08-10,6,S6_12,2121.1803633450118,35197.66525026823,36229.238253276686,35406.56071610076,9960.37698442653,1200.0000000000016,0,11
2025-08-10,12,S6_12,2140.2931278777733,33708.35616452624,34691.45937314819,33906.28173307448,7375.136081984178,1200.0000000000016,0,20
2025-08-11,0,S6_12,0.0,49623.09755863913,51380.29665393829,49978.40000142903,1200.0000000000018,1200.0000000000018,0,22
2025-08-11,6,S6_12,555.7103008673274,34734.00695849443,36499.43551738989,35089.74958043297,9999.569130315573,1200.0000000000018,0,10
2025-08-11,12,S6_12,1832.9747229230056,32439.93547996718,33106.6332502774,32574.60109935651,7088.196447865229,1200.0000000000018,0,20
2025-08-12,0,S6_12,0.0,54326.96838391773,56277.36933011519,54721.01796564868,1200.000000000004,1200.000000000004,0,24
2025-08-12,6,S6_12,4695.8988547587505,38303.189100556265,39770.56206155152,38599.42357157535,10025.87231928346,1200.000000000004,0,39
2025-08-12,12,S6_12,2332.8931038938144,34331.94675401723,35516.58507904214,34570.25845106177,7559.587238481299,1200.000000000004,0,22
2025-08-13,0,S6_12,0.0,49331.3040398333,51811.2566136205,49831.07184245228,1199.999999999999,1199.999999999999,0,44
2025-08-13,6,S6_12,147.80912672181637,33388.27081936599,35256.27255991517,33764.369085544095,9998.579854958967,1199.999999999999,0,5
2025-08-13,12,S6_12,308.0359550825778,31670.842325095706,33058.420256876816,31949.68484984891,7344.771073992555,1199.999999999999,0,12
2025-08-14,0,S6_12,0.0,51819.760355543156,52781.0253764898,52015.99692881563,1199.9999999999977,1199.9999999999977,0,99
2025-08-14,6,S6_12,1779.5285288065652,37585.582881833776,39257.37547263826,37922.851239242846,9920.169957924512,1199.9999999999977,0,37
2025-08-14,12,S6_12,2093.758456537046,33077.734979596564,33936.55294042093,33250.87554745915,6583.445913818456,1199.9999999999977,0,31
2025-08-15,0,S6_12,0.0,26830.822375427826,28111.691400691863,27089.5250755952,1200.0000000000025,1200.0000000000025,0,82
2025-08-15,6,S6_12,1500.4575420258188,16506.76936074191,17054.903861248335,16618.52280070267,3143.267693246304,1200.0000000000025,0,27
2025-08-15,12,S6_12,486.0999892503566,16058.78375488088,16637.193877664493,16176.038843568762,4583.500964035104,1200.0000000000025,0,20
2025-08-16,0,S6_12,0.0,28115.141046070352,29530.422350868896,28400.60054283718,1199.9999999999998,1199.9999999999998,0,61
2025-08-16,6,S6_12,3476.0112131111987,16923.55093148123,17715.660845564733,17084.053292454122,2622.81930138196,1199.9999999999998,0,24
2025-08-16,12,S6_12,370.0715446439631,16937.996828302916,17110.03845607917,16973.99072756303,4436.627414843769,1199.9999999999998,0,38
2025-08-17,0,S6_12,0.0,52104.103018164016,55358.997352621984,52759.05390620782,1199.9999999999998,1199.9999999999998,0,66
2025-08-17,6,S6_12,2599.0414977069418,35063.63944700881,35970.289088641366,35247.74588223834,9963.75772009565,1199.9999999999998,0,15
2025-08-17,12,S6_12,3560.799885463936,32477.90119773862,33539.9862496204,32691.55834694664,7730.033818106978,1199.9999999999998,0,37
2025-08-18,0,S6_12,0.0,51521.549738327056,54589.686453079936,52139.23609017772,1200.0000000000014,1200.0000000000014,0,102
2025-08-18,6,S6_12,119.06787444105402,35601.583299852704,36760.4195468479,35836.17352644162,9972.782136128468,1200.0000000000014,0,56
2025-08-18,12,S6_12,2711.068006969616,32449.491229241212,33197.4573272563,32600.423711540225,7218.0502456846725,1200.0000000000014,0,48
2025-08-19,0,S6_12,0.0,50034.87022994883,52267.461227393986,50485.10216357187,1200.000000000001,1200.000000000001,0,59
2025-08-19,6,S6_12,1039.5765441528283,33479.02835794798,34918.700355137145,33769.434425015395,9976.73719252396,1200.000000000001,0,17
2025-08-19,12,S6_12,850.9840445477641,32841.64800250293,33679.28295842552,33010.64239435807,6406.9344255486985,1200.000000000001,0,20
2025-08-20,0,S6_12,0.0,55128.08497097982,57434.54857515865,55593.5979291105,1200.0000000000036,1200.0000000000036,0,109
2025-08-20,6,S6_12,4777.357962848724,38308.203558137706,39899.32572793057,38629.35650156089,9943.80968531221,1200.0000000000036,0,62
2025-08-20,12,S6_12,1196.3223768574849,33582.08439807426,34093.74271538226,33685.85282177255,6587.124259728532,1200.0000000000036,0,61
2025-08-21,0,S6_12,0.0,53360.55521533884,54600.38456849213,53612.60218074686,1200.000000000002,1200.000000000002,0,111
2025-08-21,6,S6_12,4927.5001299875685,35795.30843854739,36959.72241897034,36030.86497183702,9946.157588911436,1200.000000000002,0,76
2025-08-21,12,S6_12,874.7090295814062,33515.540782416254,34013.71530856328,33616.66112280879,6910.271871289304,1200.000000000002,0,46
2025-08-22,0,S6_12,0.0,26673.024129664926,27840.279720591872,26908.971086973877,1200.000000000006,1200.000000000006,0,97
2025-08-22,6,S6_12,1786.7101991657482,15955.071752902435,16887.281849870924,16143.613389989725,2937.337461849057,1200.000000000006,0,38
2025-08-22,12,S6_12,269.9498944106307,16037.122385857878,16368.241080820877,16104.993640178045,3831.319951620774,1200.000000000006,0,23
2025-08-23,0,S6_12,0.0,25904.005965731274,26605.144090376274,26046.84336292048,1200.0000000000005,1200.0000000000005,0,96
2025-08-23,6,S6_12,479.7248618321406,16273.281444352926,17259.927106998934,16472.75297532479,3538.5139896770547,1200.0000000000005,0,58
2025-08-23,12,S6_12,283.01756276604027,16305.83060146682,17454.16562676763,16537.013124762663,5026.894898391513,1200.0000000000005,0,67
2025-08-24,0,S6_12,0.0,50267.05257295187,53788.3238925602,50975.28843983263,1200.0,1200.0,0,127
2025-08-24,6,S6_12,3222.30407745971,33064.74855937178,33430.803561364475,33140.69433153361,9663.319270704345,1200.0,0,53
2025-08-24,12,S6_12,2616.778239529885,33558.37342366785,34344.57458442222,33717.157546127455,6293.636671167165,1200.0,0,80
2025-08-25,0,S6_12,0.0,64555.437141902235,66613.61937172162,64971.5427247379,1200.0000000000027,1200.0000000000027,0,145
2025-08-25,6,S6_12,12326.698049974122,43697.92279521955,45082.68558535333,43977.86161761764,9929.106429949132,1200.0000000000027,0,80
2025-08-25,12,S6_12,2657.265046243325,38144.43064461739,38582.49800024662,38233.51045311143,7752.3372348044795,1200.0000000000027,0,69
2025-08-26,0,S6_12,0.0,52086.46056011685,53416.90385113819,52356.492283956584,1200.000000000003,1200.000000000003,0,161
2025-08-26,6,S6_12,666.2508845087725,37238.20776433147,39602.28390245421,37713.925877914204,9956.80635858127,1200.000000000003,0,70
2025-08-26,12,S6_12,2743.0057944901896,33877.91692719832,34520.26045288131,34007.7031045929,7310.995988205368,1200.000000000003,0,80
2025-08-27,0,S6_12,0.0,51762.04163972253,53083.09237941175,52030.13898804762,1200.0000000000016,1200.0000000000016,0,167
2025-08-27,6,S6_12,5563.5714323151005,41631.080493715715,43248.14825594675,41957.37929218803,9956.1605140115,1200.0000000000016,0,88
2025-08-27,12,S6_12,3674.1090446159665,33971.566296786084,35860.688980143575,34350.81529357608,7717.575282479813,1200.0000000000016,0,80
2025-08-28,0,S6_12,0.0,50519.49509428398,51902.48839354047,50799.98422082251,1200.0000000000023,1200.0000000000023,0,136
2025-08-28,6,S6_12,4773.245043969036,40516.890798664164,44731.48901789932,41362.77043796534,9949.484332084927,1200.0000000000023,0,95
2025-08-28,12,S6_12,2545.3342408325584,34238.86925791592,35612.64090554265,34515.05652985772,6665.655199231807,1200.0000000000023,0,83
2025-08-29,0,S6_12,0.0,28607.67932317476,29419.71642949816,28772.822911833795,1199.9999999999982,1199.9999999999982,0,196
2025-08-29,6,S6_12,1800.516460147192,17182.68167281712,17507.713641913684,17249.899153450817,4141.666346179397,1199.9999999999982,0,73
2025-08-29,12,S6_12,444.8096769176886,17474.894340607378,17977.255026350067,17576.984329221537,4120.424848503957,1199.9999999999982,0,88
2025-08-30,0,S6_12,0.0,27697.955553313754,28631.16771651514,27887.254155782914,1199.999999999999,1199.999999999999,0,173
2025-08-30,6,S6_12,1363.11059959751,16925.847877957105,17919.570151074502,17126.74317825151,3506.7240366620827,1199.999999999999,0,93
2025-08-30,12,S6_12,299.29859827803415,16841.641571463177,17214.73490350885,16917.767041919255,5160.110272606549,1199.999999999999,0,87
2025-08-31,0,S6_12,0.0,50896.59118835849,52990.40975560751,51319.02353654908,1199.999999999998,1199.999999999998,0,184
2025-08-31,6,S6_12,619.2365691385274,35583.19025824119,37884.27829862819,36046.01591908366,9930.908256707226,1199.999999999998,0,87
2025-08-31,12,S6_12,274.7543836043068,33864.62511942505,34794.204955023655,34052.17831529496,4644.504352777899,1199.999999999998,0,93
2025-09-01,0,S6_12,0.0,56290.50065714216,58935.11983348934,56823.5000374358,1200.000000000004,1200.000000000004,0,202
2025-09-01,6,S6_12,7699.54148621154,37279.009316687254,38250.56982086474,37476.09107236725,9890.569599815408,1200.000000000004,0,88
2025-09-01,12,S6_12,932.1739842860721,33822.76519275495,34884.4548392756,34036.51788895867,6545.161568058773,1200.000000000004,0,102
2025-09-02,0,S6_12,0.0,38812.94397087886,41373.58088417899,39328.94145199967,1200.0000000000048,1200.0000000000048,0,172
2025-09-02,6,S6_12,3616.2406246351457,28576.63135529002,31147.59164034655,29093.59523655932,9919.236230445704,1200.0000000000048,0,92
2025-09-02,12,S6_12,4132.938212097457,22223.98427943045,23734.040922616325,22527.3283981701,6843.196150612017,1200.0000000000048,0,82
2025-09-03,0,S6_12,0.0,43963.59845085152,45258.77111528623,44226.27521522306,1199.9999999999995,1199.9999999999995,0,209
2025-09-03,6,S6_12,3011.223871735153,29246.441738673486,33785.90517397533,30156.819039038888,9922.550731215706,1199.9999999999995,0,120
2025-09-03,12,S6_12,814.6600716644048,27462.941736716883,31339.5980642979,28239.71785606807,6107.498815901114,1199.9999999999995,0,114
2025-09-04,0,S6_12,0.0,44121.530950527864,46653.16241622504,44631.73204833375,1200.0000000000002,1200.0000000000002,0,239
2025-09-04,6,S6_12,920.2964878343346,29106.182477282906,31803.077188792737,29648.34936579208,9180.931295197312,1200.0000000000002,0,128
2025-09-04,12,S6_12,2609.1323745041796,27597.308333956677,27997.291460477376,27678.693316580207,6486.141747219188,1200.0000000000002,0,119
2025-09-05,0,S6_12,0.0,25182.286832785398,27525.59945418005,25653.57660692091,1199.9999999999995,1199.9999999999995,0,244
2025-09-05,6,S6_12,1189.6488163318293,14886.67690084955,15718.10413677699,15055.111410419231,3545.7884929406823,1199.9999999999995,0,102
2025-09-05,12,S6_12,358.86229217447027,14404.183235622007,14705.229886764013,14466.143393732624,2861.9440154164204,1199.9999999999995,0,101
2025-09-06,0,S6_12,0.0,22034.39114740505,23419.512502416714,22313.887008535854,1200.000000000001,1200.000000000001,0,217
2025-09-06,6,S6_12,673.7591153380604,13145.774623879588,14480.770986248304,13414.875024995961,2975.1757174700742,1200.000000000001,0,112
2025-09-06,12,S6_12,250.6995222146968,12908.769740803811,13818.46635341585,13092.200908760928,5306.817427634107,1200.000000000001,0,102
2025-09-07,0,S6_12,0.0,40709.89772999249,44571.307209539395,41486.029943002235,1200.0000000000002,1200.0000000000002,0,218
2025-09-07,6,S6_12,2297.5418522103328,29978.12761608707,34222.8048316832,30829.705056731753,9874.074074074075,1200.0000000000002,0,130
2025-09-07,12,S6_12,2532.4036999853965,25351.126019372805,25707.589386589207,25423.7343527869,7177.385932152878,1200.0000000000002,0,125
2025-09-08,0,S6_12,0.0,45053.787110154946,45808.62090202565,45208.79870779278,1199.999999999996,1199.999999999996,0,219
2025-09-08,6,S6_12,3919.3794825238224,29480.660946547196,33162.968886039715,30219.998317462814,9885.028792227055,1199.999999999996,0,105
2025-09-08,12,S6_12,992.3216480338303,26704.12472301473,31402.44338808524,27645.27776155525,6985.189887578441,1199.999999999996,0,117
2025-09-09,0,S6_12,0.0,38600.68463313258,41953.539824455234,39275.123448108476,1200.0000000000023,1200.0000000000023,0,250
2025-09-09,6,S6_12,3037.40018920046,28270.632461673053,33157.06190372347,29250.663866109433,9876.774292227055,1200.0000000000023,0,129
2025-09-09,12,S6_12,3737.3125914377288,24845.143787130455,29266.29143748937,25730.672357191994,7259.916708888476,1200.0000000000023,0,123
2025-09-10,0,S6_12,0.0,47671.58769994517,50662.13809155022,48273.749201644496,1200.0000000000005,1200.0000000000005,0,264
2025-09-10,6,S6_12,5481.6895545210555,31228.818391164816,34657.17109420898,31917.328533473137,9887.23674744802,1200.0000000000005,0,133
2025-09-10,12,S6_12,2255.525750160885,29766.43183103889,33692.69459871593,30553.188302096718,6624.160429994194,1200.0000000000005,0,133
2025-09-11,0,S6_12,0.0,48687.70582570488,52666.47699282632,49487.55974197897,1200.0,1200.0,0,274
2025-09-11,6,S6_12,11460.187196973042,30762.97499805534,34685.812549921975,31550.237672179857,9876.738356139362,1200.0,0,135
2025-09-11,12,S6_12,648.7829344766026,29053.527217205654,32475.22998984775,29739.33509899192,5491.889887475394,1200.0,0,139
2025-09-12,0,S6_12,0.0,20843.27979586355,23092.231397326188,21295.768602886135,1200.0000000000005,1200.0000000000005,0,293
2025-09-12,6,S6_12,1060.523680963709,12048.543866328431,14211.655921616719,12483.354224575067,3932.527536670017,1200.0000000000005,0,139
2025-09-12,12,S6_12,1018.0249586093621,11929.16674768435,14524.145930473287,12449.676769454321,5177.158055347614,1200.0000000000005,0,145
2025-09-13,0,S6_12,0.0,21136.782252208697,24391.253266227504,21790.393015993573,1200.0,1200.0,0,288
2025-09-13,6,S6_12,409.0454156844347,12632.626293492067,13997.587053330119,12907.822507663957,4033.350190463316,1200.0,0,137
2025-09-13,12,S6_12,365.7788639319281,12353.599650124412,15389.985123256542,12962.381347730583,5285.313417265842,1200.0,0,143
2025-09-14,0,S6_12,0.0,51093.005950073006,56699.66311974879,52218.498701486904,1200.0000000000043,1200.0000000000043,0,299
2025-09-14,6,S6_12,6993.521983016741,34384.75840193964,37265.811179698176,34963.73897681608,9884.787833167082,1200.0000000000043,0,146
2025-09-14,12,S6_12,1167.6109534592078,28826.45367763168,31450.05492589243,29352.552141360997,6605.017949807862,1200.0000000000043,0,145
2025-09-15,0,S6_12,0.0,41699.27075215286,45694.811166354164,42502.290957975776,1200.0,1200.0,0,294
2025-09-15,6,S6_12,4.0252245980809676e-12,27765.063708070764,30620.79655164337,28338.998060519734,9817.074112096188,1200.0,0,156
2025-09-15,12,S6_12,444.62146713491495,26703.71168799778,29195.749120872984,27203.464952083552,6996.507448222604,1200.0,0,152
2025-09-16,0,S6_12,0.0,50254.25110415179,55297.014469976784,51267.08661725645,1199.9999999999982,1199.9999999999982,0,286
2025-09-16,6,S6_12,5093.826520240273,34291.00329369035,37182.927809426554,34872.28476778171,9877.92250171811,1199.9999999999982,0,154
2025-09-16,12,S6_12,2959.6546041040897,29087.663350460392,31576.472050491593,29586.83406361525,6912.218871957758,1199.9999999999982,0,150
2025-09-17,0,S6_12,0.0,49730.694184956,54707.434305222734,50730.24704828584,1200.0000000000016,1200.0000000000016,0,304
2025-09-17,6,S6_12,1659.0816125317515,33832.309669879876,35644.51972912412,34197.60503717069,9875.925744719341,1200.0000000000016,0,158
2025-09-17,12,S6_12,2484.113924622683,29319.210926184336,30701.9432094554,29597.161610750387,6342.935652973084,1200.0000000000016,0,153
2025-09-18,0,S6_12,0.0,45272.142970575784,48429.56052982131,45907.54342102358,1200.0000000000011,1200.0000000000011,0,306
2025-09-18,6,S6_12,6330.276264019036,36544.49795790317,40024.496841552245,37243.30466172302,9874.074074074075,1200.0000000000011,0,156
2025-09-18,12,S6_12,2650.285248926282,28589.33605642461,30436.39792696463,28960.098351249373,6933.758944280083,1200.0000000000011,0,153
2025-09-19,0,S6_12,0.0,22478.115985831257,24770.90523809449,22939.40171183881,1200.0000000000039,1200.0000000000039,0,318
2025-09-19,6,S6_12,1.9184653865522705e-12,13705.706935937638,15767.031953089718,14120.17292075962,4029.1403333889193,1200.0000000000039,0,158
2025-09-19,12,S6_12,428.0493432998418,13265.059045632235,14863.26343724295,13586.191697911543,5168.610971071858,1200.0000000000039,0,155
2025-09-20,0,S6_12,0.0,22103.138864020373,23920.210333893552,22469.273142704147,1200.000000000002,1200.000000000002,0,324
2025-09-20,6,S6_12,516.2967687743501,12960.697963341569,14234.707459188365,13217.700124263294,4043.27320040015,1200.000000000002,0,155
2025-09-20,12,S6_12,426.4676130085504,12457.179781807721,13809.79337456981,12729.230908453608,4859.110656330537,1200.000000000002,0,162
2025-09-21,0,S6_12,0.0,48321.557821308634,51231.798949163865,48907.65492106444,1200.0,1200.0,0,328
2025-09-21,6,S6_12,1300.8747278563949,34453.15741656234,37600.2474497857,35085.224428462345,9874.800917188477,1200.0,0,157
2025-09-21,12,S6_12,3390.861466970835,28607.66222251508,32406.942828731997,29368.873246738403,6681.4078540907,1200.0,0,160
2025-09-22,0,S6_12,0.0,52972.313945471054,56059.175797694865,53593.93420820818,1200.0000000000018,1200.0000000000018,0,316
2025-09-22,6,S6_12,6954.817140498544,35357.6366719922,36269.015442874464,35542.87493805992,9874.891716096921,1200.0000000000018,0,155
2025-09-22,12,S6_12,3534.8745248200757,30729.779016484867,31114.717701395057,30808.10348674313,7094.499442478908,1200.0000000000018,0,160
2025-09-23,0,S6_12,0.0,52327.41875249914,55277.04966162774,52921.493776610616,1200.0000000000002,1200.0000000000002,0,328
2025-09-23,6,S6_12,1847.5927510959016,35796.68588086653,38248.646566545736,36290.073599353644,9900.352856852083,1200.0000000000002,0,155
2025-09-23,12,S6_12,2896.7058787520946,30479.54984562326,32026.029827130507,30790.30600679106,6450.0,1200.0000000000002,0,158
2025-09-24,0,S6_12,0.0,45743.019425523955,47728.213137832434,46143.95665450963,1200.000000000004,1200.000000000004,0,323
2025-09-24,6,S6_12,1342.2234045263199,31855.36164652353,35715.28615834341,32630.002430740424,9874.074074074075,1200.000000000004,0,149
2025-09-24,12,S6_12,166.58325700242548,29177.061059109612,31437.054007499406,29630.533984761885,5549.147843268312,1200.000000000004,0,154
2025-09-25,0,S6_12,0.0,49603.300203801715,53552.06734998004,50396.9628115408,1199.9999999999995,1199.9999999999995,0,263
2025-09-25,6,S6_12,205.3125693882198,35276.651788387266,39311.40870121364,36086.299538768944,9902.223439220437,1199.9999999999995,0,131
2025-09-25,12,S6_12,1189.5093421317358,29726.347568574016,31881.669517542865,30158.789598998028,7117.0031778606535,1199.9999999999995,0,126
2025-09-26,0,S6_12,0.0,22710.204989665755,24783.406060597114,23127.68872593026,1199.9999999999989,1199.9999999999989,0,263
2025-09-26,6,S6_12,1545.775679869129,12617.197405123921,14037.412847965423,12903.482001973945,4653.795723014783,1199.9999999999989,0,138
2025-09-26,12,S6_12,200.4638281303511,12716.955212591212,15404.772481773396,13256.087684219343,4496.303041474248,1199.9999999999989,0,121
2025-09-27,0,S6_12,0.0,21999.13738952356,23219.085573285036,22245.925518410095,1199.9999999999986,1199.9999999999986,0,297
2025-09-27,6,S6_12,419.1050925806315,13688.19917303583,15594.95292488742,14071.791725307567,4409.347509422115,1199.9999999999986,0,136
2025-09-27,12,S6_12,436.0786421245169,12946.050723059123,14369.684426767704,13232.182575704857,5995.967288215422,1199.9999999999986,0,139
2025-09-28,0,S6_12,0.0,49458.62285844222,55161.824715580224,50603.21793365869,1199.9999999999975,1199.9999999999975,0,228
2025-09-28,6,S6_12,5225.258762453265,39680.89471120806,45108.991209345804,40769.52420246169,9918.291233483382,1199.9999999999975,0,143
2025-09-28,12,S6_12,3895.2394778116213,29707.865206658425,32999.77879676393,30367.669082811157,7050.000000000002,1199.9999999999975,0,126
2025-09-29,0,S6_12,0.0,52103.049193433755,55899.18062280553,52866.36122049307,1199.9999999999984,1199.9999999999984,0,281
2025-09-29,6,S6_12,7008.998076587372,34229.30074950555,35462.997095922474,34478.83969606915,9887.099423939606,1199.9999999999984,0,121
2025-09-29,12,S6_12,1311.59149697146,30049.926706753904,30963.736684431693,30234.086146781352,6656.407687328054,1199.9999999999984,0,95
2025-09-30,0,S6_12,0.0,51927.923757052886,56132.12179576918,52773.10878151246,1199.9999999999952,1199.9999999999952,0,242
2025-09-30,6,S6_12,600.401814421192,36792.55579920882,39102.515541879664,37257.562537430356,9890.658759461227,1199.9999999999952,0,121
2025-09-30,12,S6_12,784.201335806593,32444.473292886138,34099.017834174076,32777.13354590498,5380.347299384698,1199.9999999999952,0,94
2025-10-01,0,S6_12,0.0,48235.05117922141,51270.41427412928,48846.25540293101,1200.000000000001,1200.000000000001,0,218
2025-10-01,6,S6_12,2096.422309929453,32255.01056675573,35304.577843332125,32867.892067671535,9887.90605518245,1200.000000000001,0,89
2025-10-01,12,S6_12,3582.4113701755537,28508.13158561052,30053.00958865228,28818.46138330805,7186.307891999794,1200.000000000001,0,95
2025-10-02,0,S6_12,0.0,51400.73186893366,55023.345480317876,52129.53365717411,1200.0000000000025,1200.0000000000025,0,238
2025-10-02,6,S6_12,8124.629229952339,32747.46617972883,33718.46008281784,32944.50500891914,9885.521296296296,1200.0000000000025,0,102
2025-10-02,12,S6_12,4038.945391736676,27411.33811710231,28328.992231806427,27596.161362980416,7153.372576089257,1200.0000000000025,0,80
2025-10-03,0,S6_12,0.0,44091.13519084878,47021.700188678595,44681.17638368151,1199.9999999999989,1199.9999999999989,0,154
2025-10-03,6,S6_12,6994.854174820971,28938.56456498946,31442.423683124303,29442.05889665867,9874.074074074075,1199.9999999999989,0,100
2025-10-03,12,S6_12,1168.2335356216865,25792.601707236983,30441.867493120437,26723.949924053664,5532.459618234271,1199.9999999999989,0,103
2025-10-04,0,S6_12,0.0,21718.350996275443,25210.363787342238,22419.778554151682,1200.0000000000007,1200.0000000000007,11,256
2025-10-04,6,S6_12,1017.4811532858824,10373.141706555241,10733.910587262331,10447.41198359483,6427.15276481685,1200.0000000000007,0,102
2025-10-04,12,S6_12,443.31228906200903,10489.736845908375,12268.08697915846,10847.062571335811,3741.940767765408,1200.0000000000007,6,77
2025-10-05,0,S6_12,0.0,49746.427926896824,53503.30308198309,50502.01939291246,1200.0,1200.0,0,136
2025-10-05,6,S6_12,10266.61887819277,31530.852281832595,34328.07057239599,32093.06477508707,9890.797514391208,1200.0,0,98
2025-10-05,12,S6_12,620.6352751163724,26503.109170086605,28401.943941161342,26884.329111792147,5964.714793676046,1200.0,0,101
2025-10-06,0,S6_12,0.0,43423.14103614848,46044.344841975704,43951.29018579611,1199.999999999999,1199.999999999999,0,153
2025-10-06,6,S6_12,768.3234326627933,29634.373421386183,34298.59320028611,30569.927635394874,9885.535455188605,1199.999999999999,0,101
2025-10-06,12,S6_12,1121.994003225137,25973.812780789904,29290.920130669485,26638.59109989159,6590.005165168868,1199.999999999999,0,73
2025-10-07,0,S6_12,0.0,45450.485921275416,49892.82234197245,46342.86949484115,1200.0000000000023,1200.0000000000023,0,180
2025-10-07,6,S6_12,880.500211493889,30587.589445933994,34088.70116362176,31290.59023184972,9887.14914765635,1200.0000000000023,0,77
2025-10-07,12,S6_12,1075.7323429731705,26101.455858849633,27003.472603948194,26283.26768502754,6482.4736248270765,1200.0000000000023,0,74
2025-10-08,0,S6_12,0.0,45999.88206137391,48186.57217031589,46441.162259113895,1200.0000000000066,1200.0000000000066,0,177
2025-10-08,6,S6_12,2720.4329022670036,30032.389372143643,31087.096830503804,30246.06297615198,9898.901212688557,1200.0000000000066,0,80
2025-10-08,12,S6_12,841.3604312116809,26672.09137470029,27866.79964949979,26912.45078155342,5947.979321429069,1200.0000000000066,0,81
2025-10-09,0,S6_12,0.0,49669.39879475517,54126.609800304504,50565.06737427031,1200.0,1200.0,0,132
2025-10-09,6,S6_12,11826.683763831992,30740.422021135033,31463.56093914265,30887.814398379694,9884.883603336753,1200.0,0,76
2025-10-09,12,S6_12,1228.184357276535,26459.428755390345,27145.274907247887,26598.040688538575,5799.980960813518,1200.0,0,58
2025-10-10,0,S6_12,0.0,19121.753985232943,20177.26938436371,19335.85212998742,1199.999999999999,1199.999999999999,11,186
2025-10-10,6,S6_12,98.64849380275541,9778.242774623026,10769.109306406488,9978.699353433065,5382.618583475801,1199.999999999999,11,90
2025-10-10,12,S6_12,498.8554195295496,9410.985883282545,10336.445864242603,9597.650694013146,4455.893481165659,1199.999999999999,0,68
2025-10-11,0,S6_12,0.0,18768.176169592884,20171.147990210262,19051.821796437733,1199.9999999999993,1199.9999999999993,11,104
2025-10-11,6,S6_12,169.45923363122628,9676.101584952268,10875.21579663026,9918.26471636545,5633.059327426599,1199.9999999999993,22,111
2025-10-11,12,S6_12,250.92619526312166,9138.798222931247,10106.389392211166,9333.687641319964,6338.755303120011,1199.9999999999993,12,82
2025-10-12,0,S6_12,0.0,43533.87719869086,47464.63120555945,44323.90252527544,1200.0000000000005,1200.0000000000005,0,94
2025-10-12,6,S6_12,408.4024682713819,29648.175616934746,31610.30891484029,30043.151157238106,9890.89569452206,1200.0000000000005,0,70
2025-10-12,12,S6_12,3092.3818634949466,23829.571312829525,25065.135989945677,24077.946294358182,7382.646576183129,1200.0000000000005,0,66
2025-10-13,0,S6_12,0.0,46973.06597858436,51808.76373967597,47944.281639438785,1200.0000000000007,1200.0000000000007,0,66
2025-10-13,6,S6_12,7783.793030532783,30206.25730096222,32000.768795007996,30567.91298761648,9887.18988839709,1200.0000000000007,0,49
2025-10-13,12,S6_12,1536.844929068861,26665.664584529008,27182.434153045037,26770.400534161854,6363.410200091648,1200.0000000000007,0,81
2025-10-14,0,S6_12,0.0,48596.76049260658,53935.85996689199,49668.74026042134,1200.0000000000027,1200.0000000000027,0,132
2025-10-14,6,S6_12,10083.07173485122,30772.112397473804,31493.66688787519,30919.161756880356,9900.29083752075,1200.0000000000027,0,79
2025-10-14,12,S6_12,2656.484434365485,27440.28749789994,28169.458406672453,27587.66382688681,5088.591077382453,1200.0000000000027,0,58
2025-10-15,0,S6_12,0.0,50316.52761462766,53508.253129743374,50959.203565807235,1200.0000000000016,1200.0000000000016,0,99
2025-10-15,6,S6_12,9438.90928481074,32314.10159977531,33435.6526140602,32541.195166512247,9886.228047781198,1200.0000000000016,0,81
2025-10-15,12,S6_12,2048.039270055091,28201.561753331884,29295.60798112442,28421.825509697523,6614.953290035033,1200.0000000000016,0,35
2025-10-16,0,S6_12,0.0,47032.356875429854,52493.23957745017,48128.782166097095,1200.0,1200.0,0,109
2025-10-16,6,S6_12,2040.8879595177982,32647.812925459668,34172.434176128845,32955.71801212934,9913.556011843577,1200.0,0,77
2025-10-16,12,S6_12,1173.3491328737323,27024.327129597685,27880.253810165847,27197.07216224072,6426.730125753292,1200.0,0,49
2025-10-17,0,S6_12,0.0,40991.77188284127,44774.778460255984,41752.254091362265,1199.9999999999982,1199.9999999999982,0,40
2025-10-17,6,S6_12,5467.021357142328,32602.95735708797,34062.72218815013,32897.74466363872,9894.93490584982,1199.9999999999982,0,95
2025-10-17,12,S6_12,1099.2225388015017,28007.67542945739,29073.814658905998,28222.35490137621,6944.394419093405,1199.9999999999982,0,45
2025-10-18,0,S6_12,0.0,18739.976411626274,20739.30028825459,19142.765704276975,1200.0000000000002,1200.0000000000002,66,108
2025-10-18,6,S6_12,249.7957111839396,9751.583338711973,10596.75387366709,9922.90780122715,5092.482714773237,1200.0000000000002,22,81
2025-10-18,12,S6_12,609.1135518925719,9217.702363149701,9794.394600795798,9334.411433479474,6356.254211618301,1200.0000000000002,24,52
2025-10-19,0,S6_12,0.0,48830.029306879376,54097.95548507371,49887.92673080385,1200.0000000000018,1200.0000000000018,0,87
2025-10-19,6,S6_12,1261.4076707229246,33477.80735544859,34491.8703950694,33683.737714116425,9901.267002196722,1200.0000000000018,0,72
2025-10-19,12,S6_12,3061.9640296919224,27000.39005309767,27534.465825820545,27108.683447324835,7167.253318409343,1200.0000000000018,0,56
2025-10-20,0,S6_12,0.0,52740.67296832197,57005.85170516059,53598.05967069794,1200.0000000000025,1200.0000000000025,0,129
2025-10-20,6,S6_12,3212.418266039033,36440.8838081547,37530.11459512606,36661.68578955576,9898.24926437661,1200.0000000000025,0,76
2025-10-20,12,S6_12,2447.1259791471175,27835.171519097312,28794.49695835582,28028.439911050864,7367.824314310547,1200.0000000000025,0,47
2025-10-21,0,S6_12,0.0,51432.35995203649,56507.23635111963,52451.80612194137,1199.9999999999995,1199.9999999999995,0,87
2025-10-21,6,S6_12,912.1918249918979,36380.580904642055,38388.6416316883,36785.41969751089,9895.7163873313,1199.9999999999995,0,100
2025-10-21,12,S6_12,1919.5795087655733,29825.760949892414,30334.45011454018,29929.16672252527,5934.233541786224,1199.9999999999995,0,42
2025-10-22,0,S6_12,0.0,49598.49059981907,52906.62803832501,50264.32902110535,1200.0000000000018,1200.0000000000018,0,75
2025-10-22,6,S6_12,3778.890246173545,33254.07616447395,34153.53513833633,33436.87095373261,9899.12559154483,1200.0000000000018,0,66
2025-10-22,12,S6_12,1806.5306965455302,26976.95021130064,27893.30066022717,27161.68793285613,6473.344183709913,1200.0000000000018,0,58
2025-10-23,0,S6_12,0.0,57346.276545860645,59791.37983641877,57839.68930745183,1200.0000000000005,1200.0000000000005,0,99
2025-10-23,6,S6_12,15380.825820446084,36239.71321912249,37024.91193770748,36399.773007995966,10800.0,1200.0000000000005,0,102
2025-10-23,12,S6_12,664.4005942097307,28948.125623047574,29758.989717894085,29111.77536890716,7215.585220374282,1200.0000000000005,0,45
2025-10-24,0,S6_12,0.0,48870.80639806736,53809.82228402821,49862.6775862884,1199.9999999999993,1199.9999999999993,0,110
2025-10-24,6,S6_12,4413.74883293369,35164.291750633325,37196.376017845585,35573.65670494535,9904.855555555556,1199.9999999999993,0,121
2025-10-24,12,S6_12,1109.1376522660614,27259.69719540009,28777.689771167203,27564.69407698179,7575.488119858219,1199.9999999999993,0,67
2025-10-25,0,S6_12,0.0,20028.113359914718,21797.97729559352,20385.212080059315,1200.0,1200.0,43,89
2025-10-25,6,S6_12,349.76384578594127,9588.394681157697,10804.677603277001,9833.90406405583,7016.606472260261,1200.0,11,113
2025-10-25,12,S6_12,176.64657899127135,9256.94794877332,9857.449975955997,9378.414099747526,6355.540106445978,1200.0,30,63
2025-10-26,0,S6_12,0.0,49156.97103019238,56077.40214826296,50545.189356919254,1200.0000000000014,1200.0000000000014,0,104
2025-10-26,6,S6_12,5650.444553217243,33062.50018156819,35607.86748998259,33574.450375466266,9892.310291362464,1200.0000000000014,0,119
2025-10-26,12,S6_12,538.3656396299964,26070.549570303418,27625.263795723484,26382.954465227635,6836.401622073781,1200.0000000000014,0,74
2025-10-27,0,S6_12,0.0,46922.90959010341,52249.89883060092,47992.44007330385,1200.0,1200.0,0,137
2025-10-27,6,S6_12,3860.160452261607,36589.92893367024,41643.414234786185,37603.72697285274,9887.374344077494,1200.0,0,141
2025-10-27,12,S6_12,2310.8079081202827,28217.539471873206,29906.584651826088,28556.856092932576,7050.000000000001,1200.0,0,83
2025-10-28,0,S6_12,0.0,46488.2893479615,51470.908804774466,47488.863771867305,1200.0000000000011,1200.0000000000011,0,128
2025-10-28,6,S6_12,2542.002810920976,34942.8343676375,38995.17793992782,35756.10372547575,9893.024460005317,1200.0000000000011,0,143
2025-10-28,12,S6_12,838.4569004976104,26728.356321680727,28624.628286031853,27108.941974509897,8266.301694008556,1200.0000000000011,0,76
2025-10-29,0,S6_12,0.0,51842.39868611057,56448.43997780983,52767.91432115002,1199.999999999995,1199.999999999995,0,139
2025-10-29,6,S6_12,603.0221501461788,38157.53013030114,40453.87317730877,38619.95247752223,9894.118518518519,1199.999999999995,0,156
2025-10-29,12,S6_12,964.3585679832989,28346.53770972983,29314.11682309513,28541.65740772738,7000.051529530389,1199.999999999995,0,66
2025-10-30,0,S6_12,0.0,46487.11626897796,48843.589278021565,46962.58448642279,1200.0000000000007,1200.0000000000007,0,169
2025-10-30,6,S6_12,2157.7673457518913,32717.58619144105,35760.7651110326,33329.18895316697,9890.896000159802,1200.0000000000007,0,173
2025-10-30,12,S6_12,219.65167739487822,26813.812100347426,28936.085168777914,27239.706116314766,7207.64422192151,1200.0000000000007,0,84
2025-10-31,0,S6_12,0.0,21485.511175322485,23042.830078376872,21800.203824512282,1200.000000000002,1200.000000000002,38,191
2025-10-31,6,S6_12,1478.7234764314362,11205.582535409594,11544.12884768455,11275.69944736777,6472.515746779632,1200.000000000002,29,172
2025-10-31,12,S6_12,376.5391559178245,10922.195116608718,11517.089322393045,11042.502666800212,6710.5959594039605,1200.000000000002,11,88
2025-11-01,0,S6_12,0.0,19920.84985631627,20643.72688685691,20068.577604854632,1200.0000000000007,1200.0000000000007,44,145
2025-11-01,6,S6_12,268.52534416584155,9927.392553951448,10193.581779902543,9983.02503339581,6218.623141203475,1200.0000000000007,55,172
2025-11-01,12,S6_12,229.97870348854707,9848.209537254026,10476.462100228126,9975.288740945689,5831.482608731989,1200.0000000000007,24,92
2025-11-02,0,S6_12,0.0,50861.41781616273,53694.48265053691,51432.532112461224,1200.0000000000023,1200.0000000000023,0,197
2025-11-02,6,S6_12,1906.8790356135582,38564.267374396855,42237.69966265054,39302.38695166218,9890.300277061242,1200.0000000000023,0,197
2025-11-02,12,S6_12,2554.0352757680716,29230.770130400728,30292.307889557298,29444.772703863066,6592.014617983051,1200.0000000000023,0,87
2025-11-03,0,S6_12,0.0,53011.1070104813,56482.15380196287,53709.56526300409,1200.0,1200.0,0,176
2025-11-03,6,S6_12,2081.6407168903634,37833.884167950855,40895.21301480741,38449.2831399839,9889.839669587296,1200.0,0,189
2025-11-03,12,S6_12,1642.6890224910849,29121.07057195984,30417.781359570363,29381.982051953826,7049.999999999999,1200.0,0,96
2025-11-04,0,S6_12,0.0,50736.914904547906,53245.15138956461,51242.8130857847,1199.9999999999964,1199.9999999999964,0,180
2025-11-04,6,S6_12,403.4629411000248,37139.1979378491,41164.19687099327,37947.27541538243,9888.353302461412,1199.9999999999964,0,199
2025-11-04,12,S6_12,1006.6610607448982,28125.15986669357,29565.957998592537,28414.850028049786,6805.993966006545,1199.9999999999964,0,83
2025-11-05,0,S6_12,0.0,54800.69044350356,60569.750442055214,55958.919523487355,1200.0000000000005,1200.0000000000005,0,211
2025-11-05,6,S6_12,5991.403198733155,38185.17102990467,40075.08290689756,38566.20567280014,9901.176773477167,1200.0000000000005,0,188
2025-11-05,12,S6_12,666.2647768080034,29788.07156563583,31036.98156246422,30039.379252978542,6830.4307297578325,1200.0000000000005,0,102
2025-11-06,0,S6_12,0.0,51298.465175008634,55028.21690502162,52048.60889756323,1200.0000000000014,1200.0000000000014,0,197
2025-11-06,6,S6_12,1879.1975567035774,39780.88563154884,44183.94835943947,40664.58550950474,9888.353302461412,1200.0000000000014,0,221
2025-11-06,12,S6_12,1128.1687718749592,28246.085498738335,29747.61100312913,28547.971980093083,7004.574408058405,1200.0000000000014,0,117
2025-11-07,0,S6_12,0.0,19520.07510740543,20811.78437335248,19781.770201550982,1199.9999999999993,1199.9999999999993,33,221
2025-11-07,6,S6_12,559.1275265827046,10957.147883448855,12373.622596856238,11242.87861398598,7188.852336561629,1199.9999999999993,33,223
2025-11-07,12,S6_12,424.50455889737333,9886.939716831834,11347.761880973037,10180.562457796024,5482.286876440497,1199.9999999999993,18,101
2025-11-08,0,S6_12,0.0,20823.109546337004,22489.84860417351,21159.812450852904,1200.000000000001,1200.000000000001,11,223
2025-11-08,6,S6_12,407.2298469225107,10095.96631630112,11049.848705076574,10289.088822807431,7379.997298628954,1200.000000000001,42,221
2025-11-08,12,S6_12,246.53894272314423,9920.461969814447,10209.449063803873,9979.789330264488,4912.8691297199675,1200.000000000001,6,116
2025-11-09,0,S6_12,0.0,52270.609346991536,54522.32114138409,52725.28183428472,1200.0000000000018,1200.0000000000018,0,208
2025-11-09,6,S6_12,488.9803220850345,37714.5120189514,39508.85031861601,38076.529887079145,9901.637272474598,1200.0000000000018,0,193
2025-11-09,12,S6_12,454.9289377614877,29202.149011948826,30764.68533395775,29516.344757080096,6690.839131563209,1200.0000000000018,0,110
2025-11-10,0,S6_12,0.0,52364.33466364952,54345.64422667236,52764.91487033786,1200.000000000001,1200.000000000001,0,241
2025-11-10,6,S6_12,2900.000108233902,41761.24699717501,45300.22679545103,42472.26074597934,9894.461111111112,1200.000000000001,0,241
2025-11-10,12,S6_12,1224.5328202940188,30051.799180156744,31429.340327160207,30329.005973968928,6678.870216946847,1200.000000000001,0,121
2025-11-11,0,S6_12,0.0,55185.97031124357,59204.835147954,55994.12506168073,1200.0000000000034,1200.0000000000034,0,235
2025-11-11,6,S6_12,1400.9173458532468,40070.40681120221,42722.336362163085,40604.06005173991,10364.94080419883,1200.0000000000034,0,242
2025-11-11,12,S6_12,2293.9322692867545,29701.612731103793,31184.835279003502,29999.83243760818,7102.476216080828,1200.0000000000034,0,112
2025-11-12,0,S6_12,0.0,52306.901115358654,55722.06873673744,52994.23942061542,1200.0000000000032,1200.0000000000032,0,219
2025-11-12,6,S6_12,1849.2822654657198,41189.39242493859,47480.57149590279,42450.913134770126,9894.207407407408,1200.0000000000032,0,247
2025-11-12,12,S6_12,2901.501486090444,29214.86982547874,30524.588571818967,29478.43150551211,7048.535175498065,1200.0000000000032,0,120
2025-11-13,0,S6_12,0.0,51291.588550782944,53793.38907020657,51796.1534544744,1200.0,1200.0,0,212
2025-11-13,6,S6_12,1453.5079505998838,39187.97572546024,42183.802677599444,39790.11814729469,9900.121073870134,1200.0,0,214
2025-11-13,12,S6_12,1300.018952256533,28697.64978107046,30475.52236551056,29054.757605407198,7708.945865530884,1200.0,0,120
2025-11-14,0,S6_12,0.0,20318.800689084903,21981.65987696998,20654.671749626214,1199.9999999999993,1199.9999999999993,29,248
2025-11-14,6,S6_12,424.11448369744176,10068.079850196607,11007.93921128881,10258.504117167578,6913.094528728163,1199.9999999999993,44,249
2025-11-14,12,S6_12,687.0214026750597,10575.203111727173,11259.024104601842,10713.49836115326,4903.439767378297,1199.9999999999993,12,126
2025-11-15,0,S6_12,0.0,22671.301545738104,24162.771201521235,22973.14103376926,1200.0000000000025,1200.0000000000025,0,271
2025-11-15,6,S6_12,1512.445394812296,10714.651350079657,11912.848189462653,10956.525420782886,9751.364339299122,1200.0000000000025,22,251
2025-11-15,12,S6_12,308.0615550264598,10459.569257716625,11207.803291449225,10610.502142859132,7110.7981465404755,1200.0000000000025,12,115
2025-11-16,0,S6_12,0.0,53867.18719427536,55306.693851393524,54159.44129345531,1200.0000000000018,1200.0000000000018,0,217
2025-11-16,6,S6_12,367.4275973924008,40425.00737977918,43665.706985673205,41076.37338441852,9887.14214007896,1200.0000000000018,0,266
2025-11-16,12,S6_12,309.0809237722397,29390.58288786137,30387.913444153895,29591.784561036595,6840.512891197414,1200.0000000000018,0,120
2025-11-17,0,S6_12,0.0,51718.31388836607,53244.92122973898,52027.854529327895,1200.0000000000014,1200.0000000000014,0,283
2025-11-17,6,S6_12,3920.569673824656,42302.80045257719,45326.20658822032,42910.679395300824,9894.27037037037,1200.0000000000014,0,271
2025-11-17,12,S6_12,1958.2808686697028,29004.879592666333,29627.158700100972,29130.96113129263,7050.000000000001,1200.0000000000014,0,135
2025-11-18,0,S6_12,0.0,54295.249675742234,55646.47934807732,54569.99044354256,1200.0000000000005,1200.0000000000005,0,268
2025-11-18,6,S6_12,1649.488593928338,39348.958319504745,40255.6933240848,39533.56305539776,9883.980694307946,1200.0000000000005,0,268
2025-11-18,12,S6_12,715.309588491995,31221.33170884898,32119.439469391426,31402.681936376495,6219.4477769380555,1200.0000000000005,0,144
2025-11-19,0,S6_12,0.0,53718.415168845204,54954.69079352831,53970.085631961985,1199.9999999999982,1199.9999999999982,0,238
2025-11-19,6,S6_12,3619.5502217697704,43764.97097323524,45855.10840433916,44186.34012448222,9894.566666666668,1199.9999999999982,0,276
2025-11-19,12,S6_12,2061.715866372466,30077.204340702214,30694.580502311324,30202.412350733895,6450.000000000004,1199.9999999999982,0,143
2025-11-20,0,S6_12,0.0,52172.032144151715,54508.766539078264,52643.62319269307,1200.0,1200.0,0,279
2025-11-20,6,S6_12,1188.9112613407365,39645.87152938156,44090.30703356805,40537.92235813722,9882.526378439557,1200.0,0,258
2025-11-20,12,S6_12,451.58051704525485,30397.581858185476,31632.081502691097,30646.156530183296,7168.3615370273255,1200.0,0,146
2025-11-21,0,S6_12,0.0,53049.817480681144,55202.146182349636,53484.49768210465,1199.9999999999986,1199.9999999999986,0,285
2025-11-21,6,S6_12,2547.496111149167,42247.782162707954,46243.96276650821,43050.2453346128,9884.086249863502,1199.9999999999986,0,285
2025-11-21,12,S6_12,2054.2932249782043,29555.907650271078,30569.144721833385,29760.188568471403,7050.0,1199.9999999999986,0,145
2025-11-22,0,S6_12,0.0,24025.55914648628,24859.798651596855,24195.933295569575,1200.0000000000052,1200.0000000000052,9,296
2025-11-22,6,S6_12,3787.4371220092034,11115.972116424919,11645.409838885136,11224.143222882389,10269.007846732684,1200.0000000000052,20,297
2025-11-22,12,S6_12,448.2433888188412,10677.892871650874,11028.96047108303,10749.425047092021,6761.904854102813,1200.0000000000052,12,149
2025-11-23,0,S6_12,0.0,53065.14073836802,55670.01873069248,53590.42377027162,1199.9999999999989,1199.9999999999989,0,290
2025-11-23,6,S6_12,3115.483183357154,42852.781313876076,46094.09792938754,43504.41266336744,9874.074074074075,1199.9999999999989,0,299
2025-11-23,12,S6_12,1986.7462234796399,29042.48991707667,29379.854997808656,29111.64440034807,6449.999999999998,1199.9999999999989,0,149
2025-11-24,0,S6_12,0.0,53437.01073780404,55232.29053216238,53800.40726452759,1199.9999999999977,1199.9999999999977,0,289
2025-11-24,6,S6_12,649.8020912255605,40057.68676785741,42206.09985477111,40490.57142014925,9884.191805419057,1199.9999999999977,0,300
2025-11-24,12,S6_12,1222.9300040415833,29805.04725513922,30409.953748612083,29927.68277775644,7091.936038840786,1199.9999999999977,0,148
2025-11-25,0,S6_12,0.0,60983.856300918014,63832.65241218114,61558.26118983735,1200.0000000000002,1200.0000000000002,0,301
2025-11-25,6,S6_12,5544.884727309509,43500.65525500449,44768.764904501346,43757.66150256631,10800.0,1200.0000000000002,0,290
2025-11-25,12,S6_12,2391.372043259608,32228.594746744013,32863.15048104702,32357.20085084435,6714.182647169651,1200.0000000000002,0,148
2025-11-26,0,S6_12,0.0,57693.976276872716,58994.93617230489,57958.73120290471,1200.0000000000014,1200.0000000000014,0,281
2025-11-26,6,S6_12,1389.3688318075651,43534.18598019541,45492.95222586806,43929.35980705326,10006.922600429716,1200.0000000000014,0,300
2025-11-26,12,S6_12,2015.404054857097,31807.625638718288,32205.50610207807,31888.967946771078,6308.193333170231,1200.0000000000014,0,144
2025-11-27,0,S6_12,0.0,55874.62068879696,57361.40074649883,56176.45760471222,1199.9999999999998,1199.9999999999998,0,292
2025-11-27,6,S6_12,620.2984162089466,42565.63816139117,45047.674263308356,43065.46556237519,9885.041767249824,1199.9999999999998,0,282
2025-11-27,12,S6_12,1621.9436590184405,30920.74248466231,31583.68137913989,31055.1310448456,6651.691999592675,1199.9999999999998,0,150
2025-11-28,0,S6_12,0.0,22364.12262090356,23474.978235648705,22589.888876361223,1199.9999999999986,1199.9999999999986,20,301
2025-11-28,6,S6_12,613.1863300990759,11664.108244486762,12611.866202462892,11856.024899181186,9754.891812558199,1199.9999999999986,20,298
2025-11-28,12,S6_12,1378.0415585873982,10480.7022625618,11025.641440579382,10591.038434502985,6480.515800375753,1199.9999999999986,5,148
2025-11-29,0,S6_12,0.0,27121.824197091508,29363.600062504916,27573.872679046315,1200.000000000001,1200.000000000001,10,301
2025-11-29,6,S6_12,6181.392640517248,13552.579266821625,13912.57435433217,13626.94987030008,10250.896172790031,1200.000000000001,0,288
2025-11-29,12,S6_12,500.3648390712308,11973.075483632216,12436.848425003767,12067.208730831908,6300.189371087806,1200.000000000001,12,150
2025-11-30,0,S6_12,0.0,56904.81513148832,59982.994807393356,57524.85066566303,1200.0,1200.0,0,297
2025-11-30,6,S6_12,2056.0358479577008,44540.348705586235,47559.59917161323,45147.64327206223,10471.195797619186,1200.0,0,301
2025-11-30,12,S6_12,1682.6070866680902,31632.163366819765,32393.5912374024,31786.257026294585,6836.11862783665,1200.0,0,150
2025-12-01,0,S6_12,0.0,59820.98859128318,61358.80779448125,60133.16223683299,1200.0000000000061,1200.0000000000061,0,306
2025-12-01,6,S6_12,1475.906376934491,44172.21258444895,45675.11388940401,44476.32871308979,10800.0,1200.0000000000061,0,304
2025-12-01,12,S6_12,3286.0227971215727,32400.746177903457,32932.25843807887,32508.816126966936,7150.489225000001,1200.0000000000061,0,150
2025-12-02,0,S6_12,0.0,65386.0793019754,68558.92008307466,66025.29312486177,1199.9999999999995,1199.9999999999995,0,297
2025-12-02,6,S6_12,1450.4479627150604,49120.57347678626,53132.632585315965,49926.58642531625,10800.0,1199.9999999999995,0,300
2025-12-02,12,S6_12,2266.974895546336,34570.69904497087,35142.25480434847,34686.88154402395,6717.287405806879,1199.9999999999995,0,150
2025-12-03,0,S6_12,0.0,61061.34869806189,66015.64922385877,62056.70363655462,1200.000000000001,1200.000000000001,0,309
2025-12-03,6,S6_12,3212.0207145239965,48521.538997912656,51763.987985042666,49173.522631865584,10800.0,1200.000000000001,0,301
2025-12-03,12,S6_12,505.01961343582184,35093.31927226417,36290.66725812589,35334.71425966278,6450.000000000002,1200.000000000001,0,150
2025-12-04,0,S6_12,0.0,66704.5951421061,71449.45851874357,67658.2134841003,1199.9999999999973,1199.9999999999973,0,307
2025-12-04,6,S6_12,2710.170907807359,48999.452881088975,55458.6835938924,50294.79736138021,10800.0,1199.9999999999973,0,306
2025-12-04,12,S6_12,1083.526409172512,34805.31497762687,35336.06958464631,34913.40369979292,6038.070631787146,1199.9999999999973,0,150
2025-12-05,0,S6_12,0.0,26909.074170324926,30947.12432241522,27720.590266442327,1200.0000000000014,1200.0000000000014,16,307
2025-12-05,6,S6_12,224.48278156840766,14974.345142375092,20697.857687747535,16121.85833433808,10191.996243859292,1200.0000000000014,24,295
2025-12-05,12,S6_12,818.6292752088975,11991.334601184606,12414.355940463056,12077.322647778527,6423.137041337339,1200.0000000000014,0,151
2025-12-06,0,S6_12,0.0,32345.096314746228,35242.45333658738,32928.536241306254,1199.9999999999986,1199.9999999999986,12,315
2025-12-06,6,S6_12,1418.5299308190565,18598.99913281916,21678.971232805263,19217.785103262166,10121.00582267164,1199.9999999999986,0,302
2025-12-06,12,S6_12,497.7209250321899,14465.534411366778,14850.646205481322,14543.967881105733,6123.33549248137,1199.9999999999986,10,150
2025-12-07,0,S6_12,0.0,68708.83671376365,70168.40811097137,69005.44942828809,1199.9999999999998,1199.9999999999998,0,306
2025-12-07,6,S6_12,6781.80082530248,49848.33377172113,51214.15717225667,50125.07996576289,10800.0,1199.9999999999998,0,304
2025-12-07,12,S6_12,445.86837536579026,35529.17740900602,36107.584307660945,35646.84822767932,6450.0,1199.9999999999998,0,150
2025-12-08,0,S6_12,0.0,71318.38344860566,75018.50378838892,72063.05318322871,1199.999999999999,1199.999999999999,0,307
2025-12-08,6,S6_12,896.4819836047694,53755.49824796223,56279.51735219176,54263.86998952396,10800.0,1199.999999999999,0,309
2025-12-08,12,S6_12,2414.403408624389,35607.41072819128,36080.33556331379,35703.90175468415,7188.689354970952,1199.999999999999,0,155
2025-12-09,0,S6_12,0.0,66812.70991330071,69987.06928510148,67452.22745432756,1199.999999999997,1199.999999999997,0,307
2025-12-09,6,S6_12,3972.7667622739573,49289.9929871181,51998.787396645006,49835.31875857752,10800.0,1199.999999999997,0,308
2025-12-09,12,S6_12,864.4474718136738,34078.77308992715,34605.10496091673,34185.99612440743,6449.999999999997,1199.999999999997,0,157
2025-12-10,0,S6_12,0.0,63668.30655011822,66843.58987976183,64308.008882713526,1200.0,1200.0,0,312
2025-12-10,6,S6_12,1964.8794264968928,50480.74140871086,58443.35822205538,52076.88364368914,10800.0,1200.0,0,309
2025-12-10,12,S6_12,1448.562680775437,34842.67275163717,35264.01218878403,34928.91438389721,6450.0,1200.0,0,160
2025-12-11,0,S6_12,0.0,66688.80824757674,68766.64232045454,67109.02072881882,1200.0000000000034,1200.0000000000034,0,322
2025-12-11,6,S6_12,3310.392598616492,49429.524990456186,52931.243438176956,50133.40812418581,10800.0,1200.0000000000034,0,325
2025-12-11,12,S6_12,1361.0633524151424,34225.88879352153,35015.9781306495,34385.760932493395,6426.795847281943,1200.0000000000034,0,164
2025-12-12,0,S6_12,0.0,30013.31130079847,34282.022862555,30870.94091905151,1200.0000000000014,1200.0000000000014,0,313
2025-12-12,6,S6_12,575.68357968281,18352.91794482033,21295.26343065381,18944.13451710433,10151.588951583162,1200.0000000000014,5,300
2025-12-12,12,S6_12,714.7142339574923,13846.971724782414,14678.758013851984,14014.67985992975,6677.288589622229,1200.0000000000014,5,163
2025-12-13,0,S6_12,0.0,31488.70783912209,33547.30215988077,31904.358035284906,1199.9999999999998,1199.9999999999998,7,295
2025-12-13,6,S6_12,1224.4075752361277,18971.386179679423,22140.491202742127,19608.026400495666,10097.725246848304,1199.9999999999998,14,315
2025-12-13,12,S6_12,1549.8839572971099,13285.971171767711,13808.651232245757,13391.8611707436,7003.523508609812,1199.9999999999998,24,150
2025-12-14,0,S6_12,0.0,62649.27322688551,65673.50112312322,63258.69536295996,1200.0000000000016,1200.0000000000016,0,273
2025-12-14,6,S6_12,3322.8275423719974,50038.37688297539,52782.82356645208,50590.88091462613,10800.0,1200.0000000000016,0,309
2025-12-14,12,S6_12,990.1179561504097,34732.19983624819,35706.02679920121,34928.90755343259,6450.000000000004,1200.0000000000016,0,138
2025-12-15,0,S6_12,0.0,63007.40040212175,65961.09062007816,63602.715573576475,1200.0000000000082,1200.0000000000082,0,296
2025-12-15,6,S6_12,2348.0297521376365,50165.950089815444,55520.426164976656,51240.395340819916,10800.0,1200.0000000000082,0,239
2025-12-15,12,S6_12,277.8834845172363,33853.09392058025,34682.17805820015,34020.83451348626,6450.000000000001,1200.0000000000082,0,159
2025-12-16,0,S6_12,0.0,67643.3380287522,69458.3585873798,68010.98780714459,1200.0,1200.0,0,298
2025-12-16,6,S6_12,2087.9689051035034,50159.084228456835,53874.397530338065,50905.75345733587,10800.0,1200.0,0,258
2025-12-16,12,S6_12,1572.2919951218264,34579.74726675256,35143.88093201278,34694.44599508778,6435.723692500003,1200.0,0,145
2025-12-17,0,S6_12,0.0,66984.49588017046,68743.14827662501,67340.80761885134,1200.0000000000005,1200.0000000000005,0,249
2025-12-17,6,S6_12,5020.985593555155,48631.889549107225,49111.21432683708,48731.1739955778,10800.0,1200.0000000000005,0,250
2025-12-17,12,S6_12,728.4999354136578,33531.56563742141,33915.48135453295,33610.20231918963,6450.0,1200.0000000000005,0,130
2025-12-18,0,S6_12,0.0,64718.984872617606,69042.89603689211,65588.28985062861,1200.0000000000036,1200.0000000000036,0,254
2025-12-18,6,S6_12,533.8782693481635,48469.86180176014,50314.473319337994,48842.28657841608,10800.0,1200.0000000000036,0,170
2025-12-18,12,S6_12,519.8540644963891,32839.713287406455,33309.79240950077,32935.59989367475,7032.185653320816,1200.0000000000036,0,131
2025-12-19,0,S6_12,0.0,29897.252313244506,31623.727664051625,30246.515412694385,1200.000000000005,1200.000000000005,10,197
2025-12-19,6,S6_12,828.5559783411165,17939.45253932412,22021.226489150133,18758.622608714766,10029.588699742306,1200.000000000005,0,205
2025-12-19,12,S6_12,602.1435925140072,12997.659877178505,13355.715840324789,13070.664125383897,6595.971506309902,1200.000000000005,0,104
2025-12-20,0,S6_12,0.0,29751.544577002085,30944.566884512755,29994.148677197143,1200.0000000000032,1200.0000000000032,6,221
2025-12-20,6,S6_12,1269.7948428898753,16221.231354265426,18067.76972995031,16593.31250719458,10090.60224977168,1200.0000000000032,6,206
2025-12-20,12,S6_12,478.09498999665453,12660.399417057057,12970.8832415685,12723.874682632662,6478.9635634221595,1200.0000000000032,0,86
2025-12-21,0,S6_12,0.0,66265.06478443439,69568.2920353128,66930.33070872196,1200.0000000000005,1200.0000000000005,0,216
2025-12-21,6,S6_12,2561.733115321472,48687.89770776581,49102.25098050062,48774.28524319753,10800.0,1200.0000000000005,0,220
2025-12-21,12,S6_12,719.8992962843862,34077.305208926206,34817.683367195415,34227.32871965004,6523.525784886357,1200.0000000000005,0,95
2025-12-22,0,S6_12,0.0,64708.84621749624,69018.34391517717,65575.33248185147,1200.0000000000036,1200.0000000000036,0,242
2025-12-22,6,S6_12,417.77896799718064,48108.13627184163,51479.91275066663,48785.97140068522,10800.0,1200.0000000000036,0,215
2025-12-22,12,S6_12,318.11656324464434,33537.665129799134,34058.987800205156,33643.86363560552,6171.1961921849215,1200.0000000000036,0,89
2025-12-23,0,S6_12,0.0,65907.8662950961,69119.64109265915,66554.8412380061,1200.0000000000002,1200.0000000000002,0,178
2025-12-23,6,S6_12,3235.006793512317,48545.74287472048,49131.65027702969,48666.43838387933,10800.0,1200.0000000000002,0,181
2025-12-23,12,S6_12,914.548607161779,33503.82796453215,34162.09038542611,33637.38161521616,6450.000000000004,1200.0000000000002,0,129
2025-12-24,0,S6_12,0.0,66114.04444007501,71029.95698372787,67101.87261547252,1199.9999999999952,1199.9999999999952,0,150
2025-12-24,6,S6_12,196.09586024840786,49658.6116025705,53889.48075802633,50508.351476522635,10800.0,1199.9999999999952,0,201
2025-12-24,12,S6_12,623.3037555280753,34369.25243007753,34818.5827374349,34461.086284989666,6311.151660502003,1199.9999999999952,0,81
2025-12-25,0,S6_12,0.0,63125.940967996816,66510.46641790058,63807.35278607835,1200.0000000000068,1200.0000000000068,0,194
2025-12-25,6,S6_12,726.484962674102,45985.94298178171,46888.764702277156,46169.89177609822,10800.0,1200.0000000000068,0,234
2025-12-25,12,S6_12,1338.69840147096,34154.85496015653,35013.671155461656,34328.51169579046,6573.865761807878,1200.0000000000068,0,73
2025-12-26,0,S6_12,0.0,28863.31605697593,31054.746661372483,29305.510561562536,1200.0000000000027,1200.0000000000027,0,195
2025-12-26,6,S6_12,32.16986640467539,16049.265762325898,19489.96879643743,16740.158089988727,10087.194006587186,1200.0000000000027,0,128
2025-12-26,12,S6_12,58.23174806946474,12814.987560283653,13321.952170908517,12917.730129467289,6620.442328128778,1200.0000000000027,0,72
2025-12-27,0,S6_12,0.0,23369.58295747672,26600.088282438264,24019.444844364036,1200.0000000000011,1200.0000000000011,0,136
2025-12-27,6,S6_12,360.81195848145563,11650.98557335315,13822.656334124636,12088.041191801265,10144.592219804264,1200.0000000000011,0,178
2025-12-27,12,S6_12,258.35360665142224,9939.056383027779,10387.699892448174,10030.186429368277,6036.709961797571,1200.0000000000011,0,75
2025-12-28,0,S6_12,0.0,68074.42708532263,76908.20121109593,69845.82757714391,1199.9999999999982,1199.9999999999982,0,113
2025-12-28,6,S6_12,2075.0778707606933,50155.27712606184,52567.06422413911,50641.13197191139,10800.0,1199.9999999999982,0,122
2025-12-28,12,S6_12,804.6068196139327,34999.37267028745,35206.895788437825,35042.73345789666,6309.35196932403,1199.9999999999982,0,44
2025-12-29,0,S6_12,0.0,68102.47109574202,75034.40228307187,69493.50299987459,1200.0000000000014,1200.0000000000014,0,170
2025-12-29,6,S6_12,1114.8981035341362,52341.08129703848,62565.06086734317,54389.44996537873,10800.0,1200.0000000000014,0,150
2025-12-29,12,S6_12,263.92732552518,36581.64571316073,37181.80027257733,36703.67645213542,6348.394996109762,1200.0000000000014,0,47
2025-12-30,0,S6_12,0.0,63702.657762411436,68131.07156687541,64592.950418096734,1199.9999999999995,1199.9999999999995,0,126
2025-12-30,6,S6_12,4445.136681937792,52173.62745633813,53217.94957445804,52386.05856049093,10800.0,1199.9999999999995,0,82
2025-12-30,12,S6_12,5171.1888456288525,33019.96015862545,33343.11768735005,33086.39041471758,6450.0,1199.9999999999995,0,54
2025-12-31,0,S6_12,0.0,69315.3602915416,76902.6130539633,70837.91356344687,1200.0000000000023,6000.0,0,124
2025-12-31,6,S6_12,1613.1102002859138,52010.1076481837,56468.78485079961,52905.927696943356,10800.0,6000.0,0,76
2025-12-31,12,S6_12,338.81487674003495,36501.553027221074,42442.31875236196,37692.16381972847,6966.387566954387,6000.0,0,51
