date,strategy,soc_initial_kwh,soc_final_kwh,zero_plan_kwh,final_plan_kwh,used_plan_kwh,emergency_kwh,curtail_kwh,spill_kwh,charge_kwh,discharge_kwh,plan_cost_yuan,adjustment_cost_yuan,market_cost_yuan,emergency_cost_yuan,total_cost_yuan,alternative_total_cost_yuan,max_solver_eq_residual,max_solver_ub_violation,simultaneous_charge_discharge_count,soft_terminal_deviation_kwh
2025-02-01,S18,6000.0,5961.072210365566,51868.30692697806,51868.30692697807,45240.25961259715,36.857616592904776,5466.900769959796,1307.5373804883786,21892.306084629126,17767.80293922059,27631.61269087223,0.0,27631.61269087223,182.5009697423822,27814.11366061461,27814.11366061461,1.8189894035458565e-12,2.0372681319713593e-10,0,38.92778963443379
2025-02-02,S18,5961.072210365566,5961.072210365569,98867.75183414768,98867.75183414767,87344.9775788991,49.98291325742639,3592.833333342912,558.2815133795593,25724.04050228414,20836.472806850154,63449.43008436061,7.275957614183426e-12,63449.43008436062,176.99655083132697,63626.42663519194,63626.42663519194,1.8189894035458565e-12,2.0372681319713593e-10,0,2.7284841053187847e-12
2025-02-03,S18,5961.072210365569,5961.072210365572,103072.2583239474,103072.25832394739,89979.0644109567,0.0,4281.935825,553.7789838708144,25928.595274136205,21002.162172050324,66316.30878603479,0.0,66316.30878603479,0.0,66316.30878603479,66316.30878603477,2.0463630789890885e-12,1.4551915228366852e-10,0,2.7284841053187847e-12
2025-02-04,S18,5961.072210365572,5940.404474926081,98875.82472732317,98875.82472732317,88993.19010869379,155.840845446583,2564.3340955506096,529.078403229306,25680.818248715776,20820.063743355327,63487.47654643783,-7.275957614183426e-12,63487.47654643782,382.01936009779985,63869.49590653562,63869.49590653562,2.7284841053187847e-12,9.968026404294505e-12,0,20.66773543949057
2025-02-05,S18,5940.404474926081,5940.404474926082,90752.97991106953,90762.92988718316,86338.48358082086,747.6044187192978,1399.979298685187,179.55605260485254,25042.766657456858,20284.640992540055,57251.640163720374,13.417675482451159,57265.057839202826,2680.583685701442,59945.64152490427,59945.64152490427,4.547473508864641e-13,2.4556356947869062e-11,0,9.094947017729282e-13
2025-02-06,S18,5940.404474926082,5928.056686312735,97174.11445240909,97179.92361907577,87919.11235069632,130.3015411081842,2624.884187945354,287.26178078692124,25670.124821882022,20803.91411547646,61822.07626047294,6.765355500014266,61828.84161597295,514.3213904682702,62343.163006441224,62343.163006441224,9.094947017729282e-13,7.503331289626658e-12,0,12.347788613346893
2025-02-07,S18,5928.056686312735,5927.824562019859,49464.35804210533,49464.35804210531,43086.00178071938,5.913919932665351,6503.3344626111375,714.5778951525756,21413.32941097504,17345.00573475337,25971.461064545263,0.0,25971.461064545263,12.871646733446136,25984.33271127871,25984.332711278705,1.1368683772161603e-13,4.760636329592671e-13,0,0.23212429287650593
2025-02-08,S18,5927.824562019859,5831.735065311148,37315.82279097455,37342.19271818599,36104.010792140776,1133.482383426762,1722.9661827894067,422.86361142316935,18952.532693295376,15438.032028607091,19455.68378510374,33.940214040445426,19489.623999144187,4142.498258508933,23632.12225765312,23632.12225765312,9.094947017729282e-13,2.4087398742267396e-12,0,96.08949670871061
2025-02-09,S18,5831.735065311148,5831.735065311148,91364.28525901763,91365.48530068429,86569.65795338323,222.53632093669185,2314.5631145663765,201.56288411670175,24845.538468264134,20124.88615929395,57703.69475396123,1.397568524997041,57705.09232248623,869.4013477661101,58574.49367025234,58574.49367025234,9.094947017729282e-13,1.738698074404965e-11,0,0.0
2025-02-10,S18,5831.735065311148,5796.929737637626,88492.78198886733,88498.49207441213,82611.58041201264,110.88837037533779,3353.7371643827587,351.70788146099187,24851.110253247873,20160.72410003695,55698.441857496,6.649965625438199,55705.09182312144,357.87689580788054,56062.96871892932,56062.96871892932,9.094947017729282e-13,2.5011104298755527e-11,0,34.80532767352179
2025-02-11,S18,5796.929737637626,5796.929737637626,89586.85406395476,89631.91843455924,82714.92538301105,264.8817505046859,2835.9772047060437,129.80657684851906,25228.55904540982,20435.132826781974,56656.768413849466,56.92114517388109,56713.68955902335,1221.0794815570605,57934.76904058041,57934.7690405804,4.547473508864641e-13,1.6910917111090384e-11,0,0.0
2025-02-12,S18,5796.929737637626,5749.114030996664,88116.23253782176,88155.64949131319,82445.9827313766,373.3491237257192,2650.391086858015,235.7187144132131,24786.94766565587,20120.46174515813,55349.5636796871,54.26026492913661,55403.82394461623,1498.9984685162729,56902.822413132504,56902.8224131325,1.3642420526593924e-12,7.73070496506989e-12,0,47.81570664096216
2025-02-13,S18,5749.114030996664,5716.786473133027,84126.50026176737,84140.29952885576,78788.77957054357,384.08165254613766,3114.756387069315,246.41677955048044,23743.70443094992,19261.49539114671,52481.95615705391,17.681350046841544,52499.63750710075,1223.7539668743223,53723.39147397507,53723.39147397507,1.3642420526593924e-12,4.689582056016661e-12,0,32.327557863636684
2025-02-14,S18,5716.786473133027,5716.786473133026,41408.992641518606,41408.9926415186,39525.16741567665,409.9234991863974,5824.012540939792,456.2806269427762,20278.925949019987,16425.930018706185,21218.766510715806,0.0,21218.766510715806,1445.7375258509562,22664.504036566763,22664.504036566763,9.094947017729282e-13,5.059064278611913e-12,0,9.094947017729282e-13
2025-02-15,S18,5716.786473133026,5664.436860528679,41115.4075092051,41141.23937267351,38999.71786653145,590.1867964430572,6435.912803637438,428.9562195025406,18379.25890093913,14934.314361104616,21477.715727056446,36.13863670845967,21513.854363764905,2614.19865523259,24128.053018997496,24128.053018997492,1.3642420526593924e-12,3.694822225952521e-12,0,52.349612604347385
2025-02-16,S18,5664.436860528679,5664.43686052868,88817.4461252669,88819.31659667757,82689.85312376308,593.0255296985825,3094.408102892939,86.49657377501262,24866.288825230156,20141.69394843644,55742.45228739979,3.113560203113593,55745.565847602906,2089.4669313241484,57835.03277892705,57835.032778927045,1.8189894035458565e-12,8.204992241189757e-12,0,9.094947017729282e-13
2025-02-17,S18,5664.43686052868,5664.436860528679,91457.81240736807,91482.64651833939,81267.89387371333,119.80600709913979,5398.957440362498,137.57133302621753,24564.778635563536,19897.470694806467,57049.67238690043,29.84450065967394,57079.5168875601,585.868371873889,57665.38525943399,57665.385259433984,9.094947017729282e-13,2.6147972675971687e-12,0,9.094947017729282e-13
2025-02-18,S18,5664.436860528679,5664.436860528679,80903.67500563734,80903.67500563734,78293.36235649112,639.6009110640852,2210.14941906614,210.3869255024979,23268.627050806448,18847.587911153227,50332.9642430345,7.275957614183426e-12,50332.964243034505,2130.335280001493,52463.299523035996,52463.29952303599,1.0231815394945443e-12,4.945377440890297e-12,0,0.0
2025-02-19,S18,5664.436860528679,5627.894304255515,83362.145671457,83362.145671457,79913.55571004514,245.0086229360361,2543.783931201309,141.9669037585627,24349.339028072925,19755.85291338493,52122.736274483614,0.0,52122.736274483614,1027.4948407218458,53150.23111520546,53150.23111520546,9.094947017729282e-13,1.0658141036401503e-12,0,36.54255627316434
2025-02-20,S18,5627.894304255515,5619.899095125755,84427.30223784238,84427.30223784238,78221.6146238754,239.27101017411292,2806.060381640364,260.5799098782493,23201.617354812377,18800.505745614813,52277.15410253857,7.275957614183426e-12,52277.154102538574,1136.8598055421683,53414.01390808074,53414.01390808074,5.4569682106375694e-12,2.5792701308091637e-11,0,7.995209129760042
2025-02-21,S18,5619.899095125755,5604.760060213978,38411.3950495258,38411.395049525796,36785.6737018097,281.52625275239757,7039.401423073238,821.628399450126,19260.701211189516,15614.79311248411,19746.787862734018,0.0,19746.787862734018,974.117936143175,20720.905798877193,20720.905798877193,4.547473508864641e-13,3.133493464702042e-12,0,15.139034911776434
2025-02-22,S18,5604.760060213978,5604.76006021398,38448.458534750505,38448.4585347505,36600.16304116721,325.4589638065953,5111.522212177051,484.618297026114,18340.624275985767,14855.905663548467,19910.028159937825,3.637978807091713e-12,19910.02815993783,1215.6293303152188,21125.65749025305,21125.657490253045,3.637978807091713e-12,2.546585164964199e-11,0,1.8189894035458565e-12
2025-02-23,S18,5604.76006021398,5594.512839531408,83577.96018985068,83598.3580854646,78356.60427324747,305.145795151245,2443.0872596131353,122.0743391527784,24073.459394283265,19508.72460798377,51834.15035124775,33.25780890103488,51867.408160148785,1065.654909841748,52933.06306999053,52933.06306999053,9.094947017729282e-13,1.1766587704187259e-11,0,10.247220682572333
2025-02-24,S18,5594.512839531408,5594.512839531411,79428.09624238938,79428.09624238941,75263.3054869837,693.431906943812,2920.8219487861156,285.7535942745428,23932.25386421142,19385.125630011255,49383.12855284437,0.0,49383.12855284437,2478.6102390342817,51861.73879187865,51861.73879187865,9.094947017729282e-13,2.4074076065971894e-12,0,3.637978807091713e-12
2025-02-25,S18,5594.512839531411,5594.512839531411,82482.67092719377,82482.67092719377,76314.4298300485,270.1820255187369,6052.023971977225,223.83061800348446,23618.07385396409,19130.639821710916,51273.70268104374,0.0,51273.70268104374,1052.8671715117812,52326.56985255552,52326.56985255552,4.547473508864641e-13,2.2815527245256817e-11,0,0.0
2025-02-26,S18,5594.512839531411,5594.512839531411,75911.46756601662,75915.60737847498,73595.36298530712,882.0235001978468,1118.4040284814778,143.99597194388684,23158.623430243446,18758.484978497192,46305.707756003714,5.817539933144872,46311.52529593686,3223.658788266524,49535.184084203385,49535.18408420338,1.8189894035458565e-12,7.407408020299044e-12,0,0.0
2025-02-27,S18,5594.512839531411,5594.512839531413,77795.20869951161,77795.20869951163,72967.91883851975,98.74540285401292,1526.8529773417736,160.97351290595384,23275.018690136993,18852.765139010968,47899.203233584936,7.275957614183426e-12,47899.20323358494,555.4732078181991,48454.67644140314,48454.67644140314,6.0254023992456496e-12,1.3694378964146381e-11,0,1.8189894035458565e-12
2025-02-28,S18,5594.512839531413,5580.066693098886,35291.83188002385,35291.83188002384,33776.20683401236,306.0793918136233,6920.689745599649,518.6281672477786,17701.980498778044,14351.605735799487,18307.699526498294,0.0,18307.699526498294,1105.2276233706375,19412.92714986893,19412.92714986893,9.094947017729282e-13,4.774847184307873e-12,0,14.446146432526803
2025-03-01,S18,5580.066693098886,5552.419279486384,42305.10698313717,42305.106983137164,37832.72740081254,43.640927823463755,9979.589673772849,716.2814927128344,18666.38895299073,15144.65772417374,21685.121534268,0.0,21685.121534268,174.9354706192359,21860.057004887236,21860.057004887232,1.8189894035458565e-12,3.609557097661309e-12,0,27.647413612502532
2025-03-02,S18,5552.419279486384,5542.875312636252,83006.28366829404,83011.04052831666,78065.2777239809,678.1543783421401,1600.785285510964,105.25337163996574,24671.978677213403,19992.89229870797,51214.78778105203,5.539839182325522,51220.327620234355,3121.432332053725,54341.75995228808,54341.75995228807,9.094947017729282e-13,8.86757334228605e-12,0,9.543966850132165
2025-03-03,S18,5542.875312636252,5483.020769450586,85042.23737901209,85044.149914895,78769.92069544125,767.7156197989572,2661.233903178814,230.65409399031432,24644.5830189728,20015.98133423507,52813.58664219049,2.6883560638380004,52816.274998254325,3036.6518175033643,55852.92681575769,55852.92681575769,9.094947017729282e-13,2.1577406528194842e-11,0,59.854543185665534
2025-03-04,S18,5483.020769450586,5475.47107420125,75832.21453562107,75832.72068001142,73251.74026588525,1403.8409176565046,898.3147841805609,225.30208222873182,22838.426892229258,18505.920508430096,46798.456276560675,0.7114618623163551,46799.16773842299,4293.363333782047,51092.53107220504,51092.53107220504,9.094947017729282e-13,2.1827872842550278e-11,0,7.549695249335855
2025-03-05,S18,5475.47107420125,5459.383633921042,79066.74797768459,79066.7479776846,73573.08242045098,152.53950589895697,2891.844338907348,145.39965696558386,24065.182158224,19507.276244413635,48614.15365685909,0.0,48614.15365685909,709.3574954695699,49323.51115232866,49323.51115232866,9.094947017729282e-13,2.1184831666687387e-11,0,16.087440280208284
2025-03-06,S18,5459.383633921042,5459.383633921044,75109.04594536121,75109.0459453612,71896.93151728997,486.8053040333767,1660.6593272413613,364.7586971640119,23250.866650445507,18833.201986860866,46036.20501642411,7.275957614183426e-12,46036.205016424115,2012.1232327414698,48048.328249165585,48048.32824916558,1.0231815394945443e-12,1.1054446247271699e-10,0,1.8189894035458565e-12
2025-03-07,S18,5459.383633921044,5459.383633921045,36746.119366357874,36746.11936635787,33408.1264885714,63.124794774934344,8482.226720532899,776.2350626704339,17318.441930577184,14027.93796376752,19415.25659920831,0.0,19415.25659920831,133.07362178162933,19548.33022098994,19548.33022098994,1.8189894035458565e-12,2.021138811869605e-11,0,9.094947017729282e-13
2025-03-08,S18,5459.383633921045,5451.106110208747,31414.747154653174,31417.458210677487,30485.363998240344,800.8209440239946,8812.304692957241,436.65440873283063,15692.295238150875,12718.208914243281,16509.632232476015,3.810795900593803,16513.44302837661,2451.4270022842124,18964.870030660823,18964.87003066082,9.094947017729282e-13,2.6833646415980184e-11,0,8.277523712297807
2025-03-09,S18,5451.106110208747,5451.106110208747,77648.63922277998,77664.39070615055,71319.21781027061,687.9284386424767,3903.356269043713,194.37680609807217,24083.6217040595,19507.7335802882,47247.86274448159,21.967872744549823,47269.83061722614,3160.3080713696218,50430.13868859576,50430.13868859576,9.094947017729282e-13,2.8130386908742366e-11,0,0.0
2025-03-10,S18,5451.106110208747,5426.154518400862,76452.32780143649,76452.32780143648,73501.17020082164,878.4811881151016,1808.5758189012467,198.99212321156142,22907.72857605789,18577.716579233984,46498.657958049705,0.0,46498.657958049705,3877.226495859253,50375.88445390896,50375.88445390896,9.094947017729282e-13,2.4556356947869062e-11,0,24.951591807885052
2025-03-11,S18,5426.154518400862,5426.154518400865,67208.65622583398,67208.65622583398,65107.881558332665,3722.561938854227,297.8561625703388,368.78935758943067,22236.20619487953,18011.32701785242,40969.70550882921,7.275957614183426e-12,40969.70550882922,13682.795237858589,54652.50074668781,54652.50074668781,2.7284841053187847e-12,8.964917697085184e-11,0,2.7284841053187847e-12
2025-03-12,S18,5426.154518400865,5422.022686037857,75954.87402241983,75954.87402241983,70520.814942647,416.986156386734,3911.467946989034,244.23039267013314,22896.245921936475,18549.677845895254,46406.35197226601,7.275957614183426e-12,46406.35197226602,1274.2962519980472,47680.64822426407,47680.64822426407,9.094947017729282e-13,2.2145618672197998e-12,0,4.131832363007561
2025-03-13,S18,5422.022686037857,5384.229081770694,77135.09483016914,77135.09483016914,73544.93632864888,918.2067368923074,2536.5310975698085,97.05884247803158,22726.049224563754,18442.11411573709,47058.213182244115,0.0,47058.213182244115,3972.621768141493,51030.83495038561,51030.83495038561,1.8189894035458565e-12,3.001332515850663e-11,0,37.793604267162664
2025-03-14,S18,5384.229081770694,5384.229081770696,33507.89961902917,33507.89961902919,31380.005358642124,103.05657816567339,11743.552630512733,547.7945408827325,16643.62516883683,13481.336386757828,17488.99188066095,0.0,17488.99188066095,374.0714248918529,17863.0633055528,17863.0633055528,9.094947017729282e-13,3.2862601528904634e-13,0,1.8189894035458565e-12
2025-03-15,S18,5384.229081770696,5371.71112242393,32155.05359569,32155.053595690006,31122.416760347962,378.671378992476,7084.672539848264,434.2499424658846,16154.24563388621,13096.205126859923,16655.265041667877,0.0,16655.265041667877,1296.449307752274,17951.714349420152,17951.714349420152,1.8189894035458565e-12,1.5916157281026244e-12,0,12.517959346766474
2025-03-16,S18,5371.71112242393,5371.711122423931,73254.0556666837,73274.20626740849,69754.81155887315,949.934051140654,2430.5453438945356,388.41776556356365,23867.02930117014,19332.293733947812,44931.50798196248,29.843248624078115,44961.35123058656,4021.650635335137,48983.001865921695,48983.00186592169,1.8189894035458565e-12,3.922195901395753e-12,0,9.094947017729282e-13
2025-03-17,S18,5371.711122423931,5320.276868552012,70502.8507192368,70567.71187232941,65228.112029620796,709.9101417152829,3701.412623890838,310.19748653719114,21655.63924241808,17587.358614843364,42136.246515634295,100.26733118787524,42236.51384682217,3239.5773239547893,45476.09117077696,45476.09117077696,9.094947017729282e-13,2.318945035995057e-11,0,51.43425387191837
2025-03-18,S18,5320.276868552012,5320.276868552012,78800.40095278049,78800.40095278047,71635.87974985348,129.26864827572,5892.630835720353,341.70246417272415,23183.456481944624,18778.599750375146,48617.954020177174,1.4551915228366852e-11,48617.95402017719,326.2756727755843,48944.22969295277,48944.22969295277,1.0231815394945443e-12,4.3655745685100555e-11,0,0.0
2025-03-19,S18,5320.276868552012,5320.276868552012,66658.56600363902,66658.566003639,64443.39492826235,802.9904683253526,1360.3451865575578,326.72085792352755,21546.573168982126,17452.72426687553,40524.17008074151,7.275957614183426e-12,40524.17008074152,3161.3993629273823,43685.5694436689,43685.569443668894,9.094947017729282e-13,9.29389898374211e-12,0,0.0
2025-03-20,S18,5320.276868552012,5320.276868552011,73765.5459620643,73765.5459620643,68359.86518681879,1110.323229501057,2612.194310613025,203.39618381837988,23398.08476432503,18952.448659103276,45123.03191788163,7.275957614183426e-12,45123.031917881635,4591.651215100254,49714.68313298189,49714.68313298189,9.094947017729282e-13,2.000888343900442e-11,0,9.094947017729282e-13
2025-03-21,S18,5320.276868552011,5320.276868552011,31262.658994582787,31262.65899458278,29520.318764770906,366.29818507386534,14540.789530932272,401.0198168026179,15322.858344438055,12411.51525899482,16379.299642877697,1.8189894035458565e-12,16379.299642877699,1112.2902171910382,17491.589860068736,17491.589860068736,9.094947017729282e-13,3.652189661806915e-12,0,0.0
2025-03-22,S18,5320.276868552011,5320.276868552011,32888.69431679954,32888.69431679955,30553.475458369216,97.36915027140986,11096.602811943252,633.0826390376394,15999.786443823179,12959.827019496777,17258.987391204813,3.637978807091713e-12,17258.987391204817,204.1565424912627,17463.14393369608,17463.143933696076,9.094947017729282e-13,5.5138116294983774e-12,0,0.0
2025-03-23,S18,5320.276868552011,5320.276868552013,75334.66045895754,75335.10897952033,69012.00128013408,285.7524805845311,6030.976811705747,82.57038157913473,23234.139214563544,18819.652763796475,45980.85050700825,0.6278390838124324,45981.47834609206,1123.5448012945499,47105.02314738661,47105.02314738661,9.094947017729282e-13,4.001776687800884e-11,0,1.8189894035458565e-12
2025-03-24,S18,5320.276868552013,5320.276868552016,69968.85847049144,69978.11993458561,66473.3418357025,283.3160831111338,4136.006724720065,365.2011087076827,22405.015800276517,18148.06279822398,42223.114327589254,12.85514015010267,42235.969467739356,946.3248070873263,43182.29427482668,43182.29427482668,1.8189894035458565e-12,4.671818487622659e-12,0,2.7284841053187847e-12
2025-03-25,S18,5320.276868552016,5293.705698381884,77675.54629028641,77675.54629028638,71149.51928172541,439.77635321998656,6063.362529751892,111.45927935335192,23622.437696455712,19158.08858728225,47567.844995099615,0.0,47567.844995099615,1367.0042126183303,48934.84920771795,48934.84920771795,9.094947017729282e-13,2.142996891052462e-11,0,26.571170170132064
2025-03-26,S18,5293.705698381884,5254.245009477447,69992.50262329125,69992.50262329125,64461.573409131066,306.6751178055635,4649.805982319309,230.98854584517926,22791.65132694467,18496.752194839166,42424.551238624685,0.0,42424.551238624685,1167.631685291919,43592.1829239166,43592.1829239166,9.094947017729282e-13,3.660716174636036e-11,0,39.46068890443712
2025-03-27,S18,5254.245009477447,5163.383115286629,72346.3771748866,72559.78416774317,68122.6884858442,318.0129629560257,5091.86838869706,308.21162741267494,23186.35651295905,18862.724480268567,44114.2696469056,366.68932256552944,44480.95896947113,940.3068354725947,45421.26580494373,45421.265804943716,9.094947017729282e-13,2.935429677108914e-11,0,90.86189419081802
2025-03-28,S18,5163.383115286629,5101.894689061938,32284.06024748499,32284.060247485,30501.81308742923,185.33748789906724,16228.442665186123,522.380910747793,16683.083243841742,13568.637011114028,16492.05896660975,3.637978807091713e-12,16492.058966609755,626.8975605787464,17118.9565271885,17118.956527188497,1.3642420526593924e-12,3.296918293926865e-12,0,61.488426224690556
2025-03-29,S18,5101.894689061938,5101.894689061939,30827.667218264898,30831.37425301552,29456.19254161456,534.0928609707001,18875.57537195474,468.4138631696054,15468.878863829332,12529.79187970176,15573.363428357992,5.042308667787438,15578.40573702578,2362.9903261909085,17941.39606321669,17941.396063216685,1.1368683772161603e-12,3.346656285430072e-11,0,9.094947017729282e-13
2025-03-30,S18,5101.894689061939,5014.078366144172,70204.36100102108,70208.3340506415,64030.84595843531,550.4969975010706,4905.240613342098,254.6958797266201,21867.48133417707,17791.694571309406,42173.727192183636,5.584717198908038,42179.311909382544,1949.317424003577,44128.629333386125,44128.629333386125,9.094947017729282e-13,3.092281986027956e-11,0,87.81632291776714
2025-03-31,S18,5014.078366144172,5014.078366144173,64355.72069591227,64355.72069591226,62096.77035290255,982.1667250152943,1860.323678644695,175.59461357994985,21534.89106505197,17443.2617626921,38401.75210203466,0.0,38401.75210203466,3694.9122321513028,42096.66433418597,42096.66433418597,9.094947017729282e-13,3.8404834867833415e-11,0,9.094947017729282e-13
2025-04-01,S18,5014.078366144173,5014.078366144174,76687.10636867223,76687.10636867219,70396.56264163043,616.8459522047963,6266.627903830534,131.22918421560064,23193.157837486586,18786.45784836414,45826.88154119848,7.275957614183426e-12,45826.88154119849,2429.7474862002796,48256.62902739877,48256.62902739877,9.094947017729282e-13,4.1666226024972275e-11,0,9.094947017729282e-13
2025-04-02,S18,5014.078366144174,4948.984941606749,72091.46181951728,72091.46181951731,68568.38465644281,360.6530130947,4110.626183840845,207.34422949592908,22285.87335939158,18110.141503190862,43476.180425260405,0.0,43476.180425260405,1441.0173541923593,44917.19777945276,44917.19777945276,4.547473508864641e-13,5.945821612840518e-11,0,65.09342453742465
2025-04-03,S18,4948.984941606749,4948.984941606749,73404.00176098381,73404.00176098383,67227.90022412303,204.13012702584453,6898.173222968193,192.1693472254792,23569.25007520275,19091.09256091423,44747.044527319726,0.0,44747.044527319726,713.8090931961175,45460.853620515845,45460.853620515845,1.8189894035458565e-12,4.497735517361434e-12,0,0.0
2025-04-04,S18,4948.984941606749,4948.984941606751,30281.687194038965,30281.687194038972,28537.87688492976,132.85776549945354,18980.153154722222,367.8055811231804,15220.914024125315,12328.9403595415,15240.955133805905,1.8189894035458565e-12,15240.955133805906,597.2055266300019,15838.160660435908,15838.160660435908,9.094947017729282e-13,6.252776074688882e-12,0,1.8189894035458565e-12
2025-04-05,S18,4948.984941606751,4938.409150888534,29078.938488408618,29078.938488408614,28134.84601696652,1689.3921195530475,14755.39084810419,214.7542250684363,14839.454166631614,12029.476086617997,14577.384352573355,1.8189894035458565e-12,14577.384352573357,6952.772109951839,21530.156462525196,21530.156462525196,9.094947017729282e-13,7.844391802791506e-12,0,10.575790718216922
2025-04-06,S18,4938.409150888534,4938.409150888534,68187.69136794005,68193.6897477263,63894.2217893012,219.6082763880048,5355.9387386345925,118.7130345797458,22258.431714780025,18029.32968897181,40399.94822734632,6.985713099056738,40406.93394044538,855.1647501218656,41262.09869056725,41262.09869056725,9.094947017729282e-13,8.30269186735677e-12,0,0.0
2025-04-07,S18,4938.409150888534,4938.409150888535,61708.41256135228,61714.41094113849,60306.57239918015,1349.351575997153,4009.4543087110033,338.4601071724426,21396.264610318503,17330.974334357987,36514.000193538115,6.985713099056738,36520.98590663717,5170.194225145765,41691.18013178294,41691.18013178294,9.094947017729282e-13,3.5433878053936496e-11,0,9.094947017729282e-13
2025-04-08,S18,4938.409150888535,4938.409150888537,69910.84175407793,69928.3233520311,64474.45770212126,291.43628170870227,5933.2260529680925,168.40514088068483,22689.83775428694,18378.768580972424,42100.17102484028,31.4946159482206,42131.6656407885,1364.9874404480847,43496.65308123659,43496.65308123658,9.094947017729282e-13,2.12878603633726e-11,0,1.8189894035458565e-12
2025-04-09,S18,4938.409150888537,4938.409150888537,70271.6983150526,70277.69669483884,66814.02509662812,569.8036619710956,3715.707889537823,167.0635978102854,22982.875024128643,18616.128769544204,42165.02121377041,6.985713099064014,42172.00692686947,1753.084901612033,43925.091828481505,43925.0918284815,4.547473508864641e-13,1.7767121107681305e-11,0,0.0
2025-04-10,S18,4938.409150888537,4937.454427505622,67724.8001838498,67796.71576860445,62457.412004233876,280.23925921551705,3897.5203329342894,269.98107726438946,21633.53265418607,17524.020700935333,41020.85022875559,128.97429804207786,41149.82452679767,1153.4331056035855,42303.257632401255,42303.257632401255,9.094947017729282e-13,1.9916512883355608e-11,0,0.9547233829143806
2025-04-11,S18,4937.454427505622,4937.454427505623,27822.72035848136,27828.884118950496,26954.725413238528,845.2972534925441,19361.78875290316,301.83710973920154,14840.771775905434,12021.025138483395,13834.499096258238,8.628031904689124,13843.127128162927,3146.668597289276,16989.795725452204,16989.7957254522,4.547473508864641e-13,4.458655666894629e-12,0,9.094947017729282e-13
2025-04-12,S18,4937.454427505623,4936.349867335953,29550.94900055608,29550.94900055608,27449.147860019853,149.04610095508912,15448.64268246122,304.06900613305976,14849.030665965081,12028.708943584421,15113.502560902361,0.0,15113.502560902361,414.95120271576803,15528.45376361813,15528.453763618129,1.8189894035458565e-12,8.842704346534447e-12,0,1.104560169670549
2025-04-13,S18,4936.349867335953,4936.3498673359545,66001.07197499518,66001.07197499515,62080.79889394332,233.41883844126056,3685.7930517796353,288.3184913976896,21388.14582038907,17324.398114515152,39219.768123469024,-7.275957614183426e-12,39219.76812346902,936.1293128687248,40155.89743633774,40155.897436337735,9.094947017729282e-13,1.5759837879159022e-11,0,1.8189894035458565e-12
2025-04-14,S18,4936.3498673359545,4936.349867335957,67438.24173262223,67438.24173262223,62477.66083552725,706.4751004416771,6213.541395207723,201.91025798607518,22319.223593553404,18078.571110778255,40728.38748771343,0.0,40728.38748771343,2334.052972737661,43062.44046045109,43062.44046045109,1.8189894035458565e-12,6.139089236967266e-12,0,2.7284841053187847e-12
2025-04-15,S18,4936.349867335957,4936.349867335956,61246.49332595141,61246.493325951385,58690.38621391838,922.3308003848501,5223.682150107443,98.30824366631396,21848.93572208491,17697.637934888782,35902.06721099175,7.275957614183426e-12,35902.06721099176,4059.0473428641335,39961.11455385589,39961.11455385589,1.8189894035458565e-12,5.7482907322992105e-12,0,9.094947017729282e-13
2025-04-16,S18,4936.349867335956,4936.349867335955,66545.26682423192,66545.26682423193,63417.406269392864,642.7255243731856,4030.5667066420274,173.43159422413146,21455.481804736286,17378.940261836393,39037.31703741315,0.0,39037.31703741315,2535.822381101667,41573.13941851482,41573.13941851482,9.094947017729282e-13,1.7337242752546445e-12,0,9.094947017729282e-13
2025-04-17,S18,4936.349867335955,4920.289471647462,60278.08777864877,60284.23638365931,57652.67312143241,578.9529048702786,1420.1468724561798,124.16515213407479,20175.92635701098,16356.95470529854,36360.63239384208,10.199702137484564,36370.83209597957,1986.0214647327023,38356.85356071227,38356.85356071227,9.094947017729282e-13,1.2541079286165768e-11,0,16.060395688493372
2025-04-18,S18,4920.289471647462,4920.289471647461,28508.69867837325,28508.698678373246,26853.749028753205,298.96617811546395,17551.291601579225,431.1382857517608,14821.9375589703,12005.769422765941,14258.556060235547,3.637978807091713e-12,14258.55606023555,1091.118199027157,15349.674259262709,15349.674259262705,1.8189894035458565e-12,3.3875124927362776e-12,0,9.094947017729282e-13
2025-04-19,S18,4920.289471647461,4916.708072185482,27955.05883366766,27955.058833667666,26718.3550956139,354.0586835004144,17133.35170293052,332.45037698713475,14869.24057217081,12047.308122974147,13687.636442666755,1.8189894035458565e-12,13687.636442666757,991.4881001689466,14679.124542835703,14679.124542835703,1.8189894035458565e-12,5.430766947256416e-12,0,3.581399461979345
2025-04-20,S18,4916.708072185482,4916.708072185485,61301.865733611216,61301.865733611194,58335.73736623627,1066.5286574101146,3118.8869851904565,292.8009729565772,21225.437800873686,17192.604618707683,36385.32059929514,-7.275957614183426e-12,36385.32059929513,3698.880836473625,40084.20143576876,40084.20143576876,1.8189894035458565e-12,6.290079568316287e-12,0,3.637978807091713e-12
2025-04-21,S18,4916.708072185485,4916.708072185487,63650.2928038903,63650.2928038903,58785.21916216016,447.6004313458353,6628.202698563757,170.07290445858223,20619.124248159576,16701.490641009255,37596.89031062275,7.275957614183426e-12,37596.89031062276,1640.5883382405475,39237.4786488633,39237.478648863296,2.2737367544323206e-13,3.299049922134145e-11,0,1.8189894035458565e-12
2025-04-22,S18,4916.708072185487,4916.708072185487,60049.53398071134,60057.96318389667,58318.91312667165,1417.0714592471818,3281.9585528338666,199.91563452945263,21585.16358888855,17483.98250699973,35535.644444291676,9.816650029613811,35545.46109432129,4759.367379525143,40304.828473846435,40304.828473846435,9.094947017729282e-13,2.8625990466935036e-11,0,0.0
2025-04-23,S18,4916.708072185487,4915.026964749583,56595.44693160099,56627.61436595414,55650.655118107934,1715.579886551913,1782.5261671867584,230.48978874927138,20814.817519733984,16861.515187676832,33241.82181231794,52.30751086609962,33294.12932318404,5936.601151159523,39230.73047434356,39230.73047434356,1.3642420526593924e-12,3.950617610826157e-12,0,1.6811074359038685
2025-04-24,S18,4915.026964749583,4915.026964749583,58781.46738589205,58781.46738589207,56467.98233149683,418.87234784440466,5669.4301717323815,177.14488867315447,20790.383783871985,16840.210864936304,34658.24689714061,0.0,34658.24689714061,1570.2758228105254,36228.522719951136,36228.522719951136,1.8189894035458565e-12,1.1823431123048067e-11,0,0.0
2025-04-25,S18,4915.026964749583,4905.309265051491,27907.06958763372,27907.069587633716,25775.80620004122,146.2836959477362,20838.666033645804,280.2689761273793,14797.595610231934,11994.798374016149,14020.393909176018,0.0,14020.393909176018,605.6992495807019,14626.093158756721,14626.093158756721,1.1368683772161603e-12,7.389644451905042e-13,0,9.717699698092474
2025-04-26,S18,4905.309265051491,4905.309265051491,27350.918366824364,27350.91836682437,26051.77784265573,284.77998516867774,23135.10098294988,313.9921518748714,14827.742419296479,12010.471359630144,13649.20124201669,0.0,13649.20124201669,984.0499271807406,14633.25116919743,14633.25116919743,9.094947017729282e-13,2.616573624436569e-12,0,0.0
2025-04-27,S18,4905.309265051491,4905.309265051491,57667.02659158809,57706.81999709272,55198.856329019625,1179.974525258996,3833.455192565694,138.74984158103905,20174.498088413373,16341.34345161483,34157.66291266102,73.38955823891592,34231.05247089994,5349.254475909203,39580.30694680914,39580.30694680914,3.0127011996228248e-12,3.979039320256561e-12,0,0.0
2025-04-28,S18,4905.309265051491,4905.309265051492,70227.17126408478,70230.56407849999,64583.06093745133,256.1120092769558,3744.3928100278476,221.78887727567803,22373.810225042635,18122.786282284527,41245.78233345784,4.749261618424498,41250.53159507627,869.0408312720165,42119.572426348284,42119.57242634828,9.094947017729282e-13,3.7481129311345285e-13,0,9.094947017729282e-13
2025-04-29,S18,4905.309265051492,4905.309265051493,60001.73702283343,60047.84245413674,56815.263292410535,387.6224614485363,6087.246993291976,70.588741580886,19009.664749050087,15397.828446730568,35338.32312101846,86.71593816431414,35425.039059182775,1793.70994779787,37218.749006980644,37218.74900698064,9.094947017729282e-13,2.361844053666573e-11,0,9.094947017729282e-13
2025-04-30,S18,4905.309265051493,4905.3092650514955,56399.82986930672,56399.82986930671,53498.19308620086,1519.3350010133252,3124.656245347057,156.05212014300378,18315.606781004255,14835.641492613442,33727.874730664276,0.0,33727.874730664276,5662.9201015390945,39390.79483220337,39390.79483220337,6.821210263296962e-12,1.8417267710901797e-11,0,2.7284841053187847e-12
2025-05-01,S18,4905.3092650514955,4905.3092650514955,60253.145490305746,60259.978549575426,57404.68963778969,2326.255551381119,4866.168947736132,0.0,20281.039165445618,16427.64172401095,36056.336878311995,9.564916365678073,36065.90179467767,10662.477480215573,46728.37927489325,46728.37927489324,9.094947017729282e-13,4.231992534187157e-11,0,0.0
2025-05-02,S18,4905.3092650514955,4879.026150493905,30700.350343874008,30709.21165326035,29380.168188599433,488.1923527189498,12557.343635303705,234.85890600936017,14786.80378828315,12000.96587161118,16365.924780249148,12.65323505818742,16378.578015307336,1918.3315384031566,18296.90955371049,18296.90955371049,4.547473508864641e-13,7.602807272633072e-12,0,26.283114557590125
2025-05-03,S18,4879.026150493905,4879.026150493905,32048.832141254774,32048.83214125479,28995.3993002095,181.4354821726588,17262.474945622027,309.79327516464537,14407.341639976263,11669.946728380773,17486.08145385851,0.0,17486.08145385851,731.0020493749485,18217.083503233458,18217.083503233458,9.094947017729282e-13,0.0,0,0.0
2025-05-04,S18,4879.026150493905,4828.291616918882,65934.38525151939,66243.55389698183,61769.62897844251,537.9659582567228,6701.889442944865,84.12035409970679,20171.467823888717,16384.550017567373,39356.82022757645,539.31600496381,39896.13623254026,2003.6264840757647,41899.762716616024,41899.762716616024,9.094947017729282e-13,5.4569682106375694e-12,0,50.734533575023306
2025-05-05,S18,4828.291616918882,4828.291616918884,67234.46967675653,67234.46967675652,62564.43469039205,798.156729440793,3880.463508402836,335.98366736467835,21421.776021396414,17351.638577331094,41498.628293616945,0.0,41498.628293616945,2098.112198604422,43596.74049222137,43596.74049222137,3.410605131648481e-13,7.855078393292914e-11,0,1.8189894035458565e-12
2025-05-06,S18,4828.291616918884,4828.291616918885,59151.89923001136,59222.93353579065,57349.20367873213,1758.2011990983299,2135.6303872277185,351.19765159252654,19739.444591281757,15988.950118938223,36270.7363544971,118.56043898478674,36389.29679348189,7491.206160971404,43880.50295445329,43880.50295445329,9.094947017729282e-13,1.566746732351021e-11,0,9.094947017729282e-13
2025-05-07,S18,4828.291616918885,4828.291616918887,64087.73257621573,64087.73257621572,60386.05141197847,780.3651659867523,1895.6225082609512,251.53768028242007,20796.897049588777,16845.48661016691,39884.24044288015,-7.275957614183426e-12,39884.240442880146,2439.1444136040627,42323.384856484205,42323.384856484205,9.094947017729282e-13,4.4082071326556616e-11,0,1.8189894035458565e-12
2025-05-08,S18,4828.291616918887,4828.291616918887,71714.63545892548,71959.46327914075,65580.31895697377,300.28765087977985,5524.366096813023,338.84454364422834,22057.281933664723,17866.398366268433,43218.07396228363,428.5176374585426,43646.591599742176,1318.3182474562554,44964.90984719843,44964.90984719843,4.547473508864641e-13,6.835421118012164e-12,0,0.0
2025-05-09,S18,4828.291616918887,4705.148401492203,31793.060166704756,32114.3305462247,28971.78859659861,92.45596507535129,17011.864479436677,892.2388553188854,14587.28563580217,11926.53025888377,17409.12383650704,553.964844060607,17963.088680567645,232.2520820641656,18195.34076263181,18195.34076263181,9.094947017729282e-13,8.707701226740028e-12,0,123.14321542668313
2025-05-10,S18,4705.148401492203,4701.461823838756,30391.061168671346,30391.061168671342,28705.68015242798,550.8603281840119,13760.583129797684,610.3758569373198,14567.653318061852,11803.117107518203,16209.417272034185,1.8189894035458565e-12,16209.417272034187,1849.821356868196,18059.23862890238,18059.23862890238,9.094947017729282e-13,2.7284841053187847e-12,0,3.6865776534477845
2025-05-11,S18,4701.461823838756,4701.461823838756,67146.27195682656,67146.27195682655,63266.35812292925,401.84730071661784,3858.3631056395557,278.58898706873697,21300.917092653937,17253.74284504969,40320.964432441644,7.275957614183426e-12,40320.96443244165,1850.7076989046227,42171.67213134628,42171.67213134628,9.094947017729282e-13,3.069544618483633e-12,0,0.0
2025-05-12,S18,4701.461823838756,4701.461823838759,63726.37793434004,63726.37793434005,59997.36596423251,390.0373869512871,4532.643214104275,413.1483736582343,18475.876474147146,14965.459944059183,38495.67604293331,0.0,38495.67604293331,1679.8655071672663,40175.54155010058,40175.54155010058,4.547473508864641e-13,2.5544011350575602e-11,0,3.637978807091713e-12
2025-05-13,S18,4701.461823838759,4701.46182383876,68641.26482569141,68766.40167587379,63840.76952208278,381.2745959630042,6827.2731561100645,106.68624196498695,21888.799754232048,17729.92780092796,41128.86323090682,218.60051537138497,41347.463746278205,1737.0964495934652,43084.56019587167,43084.560195871665,9.094947017729282e-13,2.5153212845907547e-12,0,9.094947017729282e-13
2025-05-14,S18,4701.46182383876,4701.461823838761,67051.2591980923,67051.25919809226,61477.75619453345,554.2231546036953,4644.569341651418,378.5424774847776,21024.835508776865,17030.116762109265,41439.20980524439,0.0,41439.20980524439,1952.1140874518985,43391.32389269629,43391.32389269628,9.094947017729282e-13,2.3803181647963356e-11,0,9.094947017729282e-13
2025-05-15,S18,4701.461823838761,4700.858876725778,66699.45842858672,66738.21798659654,61847.79960947484,233.35656812805993,4617.394918252309,596.0210332244902,21595.918922076107,17493.236979283323,41399.406513569396,56.74177323294134,41456.14828680234,831.9317017311512,42288.079988533485,42288.079988533485,6.821210263296962e-13,3.19033688356285e-12,0,0.6029471129832018
2025-05-16,S18,4700.858876725778,4599.831982314906,29763.38007254727,29793.092032262033,27323.935440682126,257.0305710086126,21598.45978844866,602.4427028520475,14502.532589613058,11837.975602556362,16126.514900263355,40.81585505795192,16167.330755321307,858.8214395783542,17026.15219489966,17026.15219489966,1.8189894035458565e-12,8.72546479513403e-12,0,101.02689441087205
2025-05-17,S18,4599.831982314906,4599.831982314905,29833.991991300805,29981.39812388179,27996.841191999734,332.28835831103817,14826.18272972957,300.42144858701744,14493.29625610977,11739.569967448911,15989.18933678521,275.21461983532754,16264.403956620537,1258.1569052362129,17522.56086185675,17522.56086185675,9.094947017729282e-13,2.2737367544323206e-12,0,9.094947017729282e-13
2025-05-18,S18,4599.831982314905,4573.870823757771,68998.5872664979,69022.31446037607,63799.358387334105,292.86106480210435,5940.465349059153,483.921550775469,21131.734184226458,17140.06973192485,41365.41802743866,37.61387680074404,41403.031904239404,783.2625451038836,42186.29444934329,42186.29444934329,9.094947017729282e-13,1.6370904631912708e-11,0,25.961158557133786
2025-05-19,S18,4573.870823757771,4573.870823757772,63484.9039112605,63484.903911260495,58298.44155042167,210.1269806756165,6788.453078612148,338.79203125381684,20347.930901217398,16481.824029986088,38225.00257315211,0.0,38225.00257315211,1157.2044371689494,39382.20701032106,39382.20701032106,2.2737367544323206e-13,0.0,0,9.094947017729282e-13
2025-05-20,S18,4573.870823757772,4573.870823757773,62865.734604170284,62919.380901744116,60532.43352982045,1073.5744373416223,3242.3498666100054,170.5415734189271,19293.272160349898,15627.55044988342,37719.00929350045,89.75208281593223,37808.76137631638,4355.515613877371,42164.27699019376,42164.27699019376,4.547473508864641e-13,2.2595258997171186e-11,0,9.094947017729282e-13
2025-05-21,S18,4573.870823757773,4573.870823757773,58768.14934849857,58768.149348498555,56521.44468669474,1488.8695227496623,2786.0534577946123,432.15338207271,18049.95834865136,14620.466262407606,36226.04027137512,7.275957614183426e-12,36226.040271375125,5432.592458256819,41658.63272963194,41658.63272963194,1.8189894035458565e-12,9.299228054260311e-12,0,0.0
2025-05-22,S18,4573.870823757773,4573.870823757774,61276.236422005466,61276.236422005495,58402.07885389735,894.1647355917011,4339.499365925824,343.3112283097047,19983.169360983506,16186.367182396642,37478.782995874324,7.275957614183426e-12,37478.78299587433,2365.7535321664373,39844.53652804077,39844.536528040764,9.094947017729282e-13,2.0747847884194925e-11,0,9.094947017729282e-13
2025-05-23,S18,4573.870823757774,4573.870823757776,28992.04573923724,28997.55707569889,27348.043213191107,256.08770521353745,18036.474469658875,402.8206466614094,14441.510098689607,11697.62317993858,15222.76401662963,7.74701009733144,15230.511026726961,1046.2593160238775,16276.770342750839,16276.770342750837,9.094947017729282e-13,2.3714363805993344e-13,0,1.8189894035458565e-12
2025-05-24,S18,4573.870823757776,4573.870823757777,31065.476413396238,31065.47641339623,27931.88535573855,204.20582370353486,20552.89948548642,1081.6683776430614,14458.010173575149,11710.988240595869,17345.700020226606,3.637978807091713e-12,17345.70002022661,919.0587232088969,18264.75874343551,18264.75874343551,1.8189894035458565e-12,1.077893330148072e-11,0,9.094947017729282e-13
2025-05-25,S18,4573.870823757777,4473.351652412121,63905.09923768743,64066.11757637166,59189.617687485515,431.404415200744,7110.1613821842675,321.7894342160813,19655.412406124742,16011.351303172132,37891.21005061026,281.3939999628492,38172.60405057311,1984.4256730452425,40157.02972361835,40157.02972361834,2.2737367544323206e-13,5.3717030823463574e-11,0,100.5191713456552
2025-05-26,S18,4473.351652412121,4473.3516524121205,60732.75049575885,60732.75049575885,57711.91940735727,2277.7113599159434,1259.6943057657993,485.56908388428076,19287.02330327964,15622.48887565652,37365.93619992994,7.275957614183426e-12,37365.93619992995,6947.083907678038,44313.02010760799,44313.02010760798,2.2737367544323206e-12,1.0693668173189508e-11,0,9.094947017729282e-13
2025-05-27,S18,4473.3516524121205,4356.82254574034,57290.59911270666,57309.67008552768,54296.47443896249,973.9995650434262,2400.847248509737,208.91115607116558,17764.33944962948,14493.99115020448,35445.15288560084,36.8588510615009,35482.01173666234,3746.661757270564,39228.6734939329,39228.6734939329,4.547473508864641e-13,9.094947017729282e-13,0,116.52910667178094
2025-05-28,S18,4356.82254574034,4255.349397189222,65779.88438051353,65876.77431949606,61949.142197016714,154.42296367270455,5526.801321751363,338.11517792642394,21348.159972145477,17383.335411133834,39455.030000011786,176.55639858999348,39631.58639860178,502.1760216253273,40133.7624202271,40133.7624202271,2.2737367544323206e-13,1.007549599307822e-11,0,101.47314855111745
2025-05-29,S18,4255.349397189222,4255.349397189222,64913.47855220134,64919.168519544895,61876.09559304758,725.7797291995773,4219.73892234521,209.3663784260757,21382.35011303093,17319.703591555044,38932.193990656655,11.51279542461998,38943.706786081275,3103.343856095779,42047.050642177055,42047.050642177055,2.2737367544323206e-13,2.3874235921539366e-12,0,0.0
2025-05-30,S18,4255.349397189222,4255.349397189222,29627.138905589767,29676.464827306416,27627.811904021597,248.46064155703257,17889.168188818276,718.0753041264318,14067.346241932935,11394.550455965677,16028.480231463021,70.64943097026116,16099.129662433283,777.1485512396148,16876.278213672897,16876.278213672897,9.094947017729282e-13,6.441069899665308e-12,0,0.0
2025-05-31,S18,4255.349397189222,4255.349397189222,31722.17219887938,31722.172198879365,27963.40216450232,387.11892221990644,16679.01566478727,604.4130597473907,14094.267432566114,11416.356620378552,17375.65549766927,0.0,17375.65549766927,1133.4425404361366,18509.098038105407,18509.098038105407,9.094947017729282e-13,1.1368683772161603e-13,0,0.0
2025-06-01,S18,4255.349397189222,4255.349397189224,80897.3016196958,80919.8004106176,74769.9075595943,3921.663596058607,3005.997643575539,0.0,23477.616905670333,19016.869693592973,49505.02512459899,31.28212034310127,49536.307244942094,14842.354586112548,64378.66183105464,64378.66183105464,9.094947017729282e-13,1.4032774942052129e-11,0,1.8189894035458565e-12
2025-06-02,S18,4255.349397189224,4170.8474578698215,87025.61416238977,87190.57552686699,77846.9581902827,475.24271723949323,5129.4560757472955,0.0,24357.83751138095,19805.90012960603,54749.10499167713,268.2621078056327,55017.36709948276,1797.6592422240342,56815.0263417068,56815.02634170679,9.094947017729282e-13,0.0,0,84.50193931940248
2025-06-03,S18,4170.8474578698215,4170.847457869821,82109.14691560768,82112.47476520768,76575.16322664985,323.3063402972253,4291.581080731713,8.150305734502922,23191.428142881865,18785.05679573431,51405.47160311644,6.964523642971471,51412.436126759414,1276.1051418829593,52688.54126864237,52688.541268642366,6.821210263296962e-13,4.092726157978177e-12,0,9.094947017729282e-13
2025-06-04,S18,4170.847457869821,4170.847457869821,92829.04217208942,92838.96611270892,80503.39828225457,483.029147948076,6606.315583333336,3.4516666666667106,24902.10191334718,20170.702549811213,58554.71774842286,20.069185114836728,58574.786933537696,1556.330638372105,60131.1175719098,60131.117571909796,9.094947017729282e-13,1.8189894035458565e-11,0,0.0
2025-06-05,S18,4170.847457869821,4092.637500012072,82323.89755124197,82370.76035665264,77556.29882989106,1043.4918017050468,3128.9924902750768,0.0,23115.1004564544,18793.620331800037,50805.967292415284,68.65831714094384,50874.62560955623,4300.513237220889,55175.13884677712,55175.13884677711,4.547473508864641e-13,1.4779288903810084e-12,0,78.20995785774858
2025-06-06,S18,4092.637500012072,4092.6375000120715,43742.88653711223,43742.88653711223,41587.30704953776,349.3546760804498,7540.702418908591,806.4187326252105,14392.34302149682,11657.797847412417,25332.537484400338,0.0,25332.537484400338,872.5304302016287,26205.06791460197,26205.067914601965,1.8189894035458565e-12,1.2079226507921703e-11,0,4.547473508864641e-13
2025-06-07,S18,4092.6375000120715,4092.6375000120734,47494.262739722646,47494.26273972263,44176.6336526757,584.41473603925,10393.668083095577,272.49037685482324,15623.035589988787,12654.658827890915,25863.946041930387,3.637978807091713e-12,25863.94604193039,2366.9515791222607,28230.897621052653,28230.89762105265,9.094947017729282e-13,1.3129053400007251e-11,0,1.8189894035458565e-12
2025-06-08,S18,4092.6375000120734,3271.252821994092,81446.50219352474,82150.49192682092,73566.5268186889,495.51135311952123,5449.769785824292,3.245800000000031,21912.34489228246,18488.245572964977,50882.91932781352,1315.3478025132936,52198.267130326814,1947.4199263006649,54145.68705662748,54145.68705662748,4.547473508864641e-13,0.0,0,821.3846780179815
2025-06-09,S18,3271.252821994092,3271.252821994092,90475.52186528295,90475.52186528292,79418.22714023427,222.66544119317575,4190.718774760448,0.0,23776.110912282264,19258.649838948637,57798.42335716456,0.0,57798.42335716456,717.2390992828134,58515.662456447375,58515.662456447375,9.094947017729282e-13,3.268496584496461e-11,0,0.0
2025-06-10,S18,3271.252821994092,3207.4290127251093,82575.9336604538,82686.12623623991,77331.38033985608,558.1742303008698,2028.9914040160456,0.0,22629.265058682577,18387.14612587497,51646.29077907707,199.01268404834263,51845.30346312541,2051.725869778035,53897.02933290345,53897.02933290344,4.547473508864641e-13,1.199040866595169e-11,0,63.823809268982586
2025-06-11,S18,3207.4290127251093,3207.4290127251093,88508.48966683261,88508.48966683258,81567.07359633222,644.571954869542,1448.3134259617148,0.0,24625.714781965245,19946.828973391854,56483.055063173175,7.275957614183426e-12,56483.05506317318,2568.3830691130033,59051.43813228619,59051.43813228619,9.094947017729282e-13,2.674127586033137e-11,0,0.0
2025-06-12,S18,3207.4290127251093,3187.583045057954,85874.93188501423,85894.36861273696,79388.76285283947,352.363847239569,2789.150932689592,0.0,23776.0300260873,19276.445692031157,54232.30160780855,34.73309005709598,54267.034697865645,1319.1044955202374,55586.13919338588,55586.13919338588,5.684341886080801e-13,3.463185294094728e-11,0,19.845967667155037
2025-06-13,S18,3187.583045057954,2691.8683098486863,43541.592091856844,43647.59968467067,37697.34712306505,44.53681296190581,5830.535836676853,1222.6919166666662,14681.503917746186,12338.161435062746,25644.427819350414,183.50920790181772,25827.937027252232,134.88117933257394,25962.818206584805,25962.8182065848,9.094947017729282e-13,7.389644451905042e-13,0,495.71473520926793
2025-06-14,S18,2691.8683098486863,2691.8683098486867,41386.92479855812,41390.564464274416,37925.47337040131,241.44425911325408,8968.134426983037,503.26438579306114,13169.347719676112,10667.17165293765,23993.690199072484,2.297902949983836,23995.988102022468,678.7794390109963,24674.767541033463,24674.76754103346,1.8189894035458565e-12,1.2732925824820995e-11,0,4.547473508864641e-13
2025-06-15,S18,2691.8683098486867,2691.8683098486867,79918.91475861176,79919.84228923208,73949.47915918745,2403.9765533364903,1291.1678365141943,11.208425000000034,23284.763777244432,18860.658659567976,49935.280591085146,1.080202160468616,49936.360793245614,8475.116470333065,58411.47726357868,58411.47726357867,2.2737367544323206e-13,7.531752999057062e-12,0,0.0
2025-06-16,S18,2691.8683098486867,2691.8683098486867,84397.08607466493,84397.16829133157,77315.1618532557,1246.1943599787764,1202.3113002710663,0.0,24552.589980509136,19887.597884212402,53190.08958044587,0.16627909750968684,53190.25585954338,5195.257613751473,58385.51347329485,58385.51347329485,1.1368683772161603e-12,1.0089706847793423e-11,0,0.0
2025-06-17,S18,2691.8683098486867,2651.943551794967,85726.20936241795,85755.90317422619,80013.32665574699,729.2438264097481,1568.613202878989,0.0,24067.780762418293,19530.834699807172,53673.89507619159,55.04223622191785,53728.93731241351,3142.5354052849184,56871.47271769843,56871.47271769842,4.547473508864641e-13,2.0051516003150027e-11,0,39.92475805371987
2025-06-18,S18,2651.943551794967,2462.198257606431,84500.97292192442,84722.11103171522,77828.86615589279,405.811866893289,2967.579841675059,0.0,23734.09497831942,19395.387697208425,52817.576494583045,367.3121558370549,53184.8886504201,1542.0293765039826,54726.91802692408,54726.91802692408,9.094947017729282e-13,1.3798739928461146e-11,0,189.7452941885358
2025-06-19,S18,2462.198257606431,2251.8204504525334,80049.6106498927,80253.57543380828,75162.95435261245,1006.6849591378536,3789.341178479015,0.0,22684.9155774199,18564.121644148636,49716.510126362606,361.79033909416466,50078.30046545677,4263.7719053527935,54342.07237080956,54342.07237080956,1.8189894035458565e-12,3.808509063674137e-12,0,210.37780715389772
2025-06-20,S18,2251.8204504525334,2147.7910225956284,38079.65384973177,38171.97537493136,33453.402242149044,28.580287698520067,7999.138960578213,685.9982933935962,13104.689004984119,10708.42457910835,22452.939793961432,147.78503826927044,22600.724832230702,61.34469667228879,22662.06952890299,22662.069528902986,1.8189894035458565e-12,7.951861391575221e-12,0,104.02942785690493
2025-06-21,S18,2147.7910225956284,2147.791022595629,39524.686941145505,39524.686941145505,33656.68016222149,89.53024564360823,10661.268845291577,1234.8172929443783,13238.862471732375,10723.478602103225,23354.91328170798,0.0,23354.91328170798,193.83502514911964,23548.748306857102,23548.7483068571,4.547473508864641e-13,2.3575807972520124e-11,0,4.547473508864641e-13
2025-06-22,S18,2147.791022595629,2147.7910225956293,78425.03442608037,78425.03442608034,73292.57626382116,1349.2555637419982,2926.029960091659,0.0,22412.95140774475,18154.49064027325,48210.72845783219,0.0,48210.72845783219,5802.79299044518,54013.52144827737,54013.52144827737,4.547473508864641e-13,5.9117155615240335e-12,0,4.547473508864641e-13
2025-06-23,S18,2147.7910225956293,2062.561427077875,77550.28415198496,77650.19430949453,73810.80718630218,720.5393631555539,3149.1362177219194,21.64653333333331,23031.497022991924,18732.219224589444,48489.846043155616,185.54701075874618,48675.39305391436,2420.796454481975,51096.18950839634,51096.18950839634,2.2737367544323206e-13,2.6080471116074477e-11,0,85.2295955177542
2025-06-24,S18,2062.561427077875,2062.561427077875,89514.20565222099,89546.32621697693,82857.95012667864,586.4197720503179,2402.0888865438883,45.20288055555568,24885.715166470975,20157.429284841488,56748.63372444193,65.00759761269,56813.64132205462,1952.2332114461317,58765.87453350075,58765.87453350074,9.094947017729282e-13,4.227729277772596e-11,0,0.0
2025-06-25,S18,2062.561427077875,2062.561427077875,81254.21447138497,81254.21447138494,76022.99975988324,1525.5567335946148,2762.1129873854584,0.0,22889.59020750384,18540.568068078115,50374.491623235466,7.275957614183426e-12,50374.49162323547,6941.3801314720595,57315.871754707536,57315.871754707536,9.094947017729282e-13,1.4978240869822912e-11,0,0.0
2025-06-26,S18,2062.561427077875,1223.1619462882734,78044.74387781597,79446.93936144619,72456.79831492474,1348.2667538254368,2715.306437510596,0.0,22620.180687457236,19077.805889551004,49034.56009863858,2518.701387424706,51553.26148606329,4503.153580693793,56056.41506675708,56056.41506675708,9.094947017729282e-13,2.000888343900442e-11,0,839.3994807896017
2025-06-27,S18,1223.1619462882734,1223.1619462882725,39060.57839290233,39060.578392902324,33415.6426234433,129.7894971905279,10476.558082943407,636.4111810474575,14004.299947243673,11343.482957267372,23030.19192873144,0.0,23030.19192873144,311.81982524828857,23342.01175397973,23342.01175397973,9.094947017729282e-13,0.0,0,9.094947017729282e-13
2025-06-28,S18,1223.1619462882725,1223.161946288273,35637.02268506332,35637.022685063326,32518.54897522695,357.2243767709932,8046.397418666113,582.3101377274534,13000.735152303758,10530.59547336604,20483.39082757713,0.0,20483.39082757713,1108.4317784220134,21591.822605999143,21591.822605999143,1.8189894035458565e-12,1.0231815394945443e-11,0,4.547473508864641e-13
2025-06-29,S18,1223.161946288273,1223.1619462882738,74718.68934337728,74784.82357848615,72429.5469475709,3495.804709007084,2534.9913129016422,14.068333333333385,21623.807773735076,17515.284296725422,45818.30319932154,122.93288473770372,45941.236084059245,13615.929744541081,59557.16582860032,59557.16582860032,4.547473508864641e-13,3.1377567211166024e-11,0,9.094947017729282e-13
2025-06-30,S18,1223.1619462882738,1200.0,82560.92356637208,82664.6214154728,76707.39573926401,533.5739398925807,2938.629395760433,20.306699999999978,23290.50185116991,18886.152251107076,51772.90802526473,79.13032500553527,51852.03835027027,1934.5001461956958,53786.53849646596,53786.53849646596,4.547473508864641e-13,5.4569682106375694e-12,0,23.16194628827384
2025-07-01,S18,1200.0,1200.0000000000005,72266.49232815436,72266.49232815435,72221.01551351095,11895.951354216639,1085.8854164183729,0.0,21918.61798934677,17754.08057137089,44597.40839520806,0.0,44597.40839520806,42032.754347137125,86630.16274234519,86630.16274234519,4.547473508864641e-13,2.5011104298755527e-12,0,4.547473508864641e-13
2025-07-02,S18,1200.0000000000005,1199.9999999999995,86930.93365858789,86952.72974772418,80652.26404508468,275.0267777828336,3825.723688671178,0.0,22088.4250922613,17891.62432473166,55220.369582596635,44.179582874792686,55264.54916547143,828.7990992999105,56093.34826477134,56093.34826477134,1.7053025658242404e-12,7.077005648170598e-12,0,9.094947017729282e-13
2025-07-03,S18,1199.9999999999995,1200.0000000000018,97602.42307177576,97602.42307177577,88436.21105356046,117.97515756818356,4108.193616072044,0.0,24660.914009069656,19975.340347346428,62269.706666028265,0.0,62269.706666028265,574.0784734721097,62843.785139500374,62843.785139500374,9.094947017729282e-13,8.003553375601768e-11,0,2.2737367544323206e-12
2025-07-04,S18,1200.0000000000018,1200.0000000000005,42078.85005501009,42078.850055010094,40536.659953712115,1771.0501841727737,10413.892340823368,390.13854579238944,13804.272550539235,11181.460765936785,25613.69074475734,0.0,25613.69074475734,4663.2198555757495,30276.91060033309,30276.910600333085,1.8189894035458565e-12,8.593126210598712e-13,0,1.3642420526593924e-12
2025-07-05,S18,1200.0000000000005,1200.0000000000016,51184.63182901941,51184.6318290194,44186.09132756199,60.78954485206913,11726.786546972036,866.8390861223447,15069.343540279011,12206.168267626,30658.780626788375,-3.637978807091713e-12,30658.78062678837,214.5672270091452,30873.347853797517,30873.347853797517,1.3642420526593924e-12,0.0,0,1.1368683772161603e-12
2025-07-06,S18,1200.0000000000016,1200.0,89917.86893262097,89935.5738601739,83779.02954796489,2114.1377082766517,1501.2188818553059,0.0,24199.82539150645,19601.858567120227,56816.13494998342,36.45646306008712,56852.591413043505,9658.48568178157,66511.07709482507,66511.07709482507,2.2737367544323206e-13,1.4551915228366852e-11,0,1.5916157281026244e-12
2025-07-07,S18,1200.0,1200.0,88323.4810471314,88355.71704910908,81155.98891424367,840.2895231755737,4180.506192442592,0.0,23190.99725426305,18784.707775953077,55734.62231120879,29.751654682229855,55764.37396589102,3064.037856728329,58828.411822619346,58828.411822619346,2.2737367544323206e-13,2.9103830456733704e-11,0,0.0
2025-07-08,S18,1200.0,1200.0,105194.22448401741,105228.66415454363,87183.83288168574,0.0,6933.734652821107,0.0,24624.795853673488,19946.084641475532,67991.34325223045,63.390531829660176,68054.73378406011,0.0,68054.73378406011,68054.73378406011,9.094947017729282e-13,1.6612489162071142e-11,0,0.0
2025-07-09,S18,1200.0,1200.0000000000011,91836.9047314236,91846.59062716462,83772.88838531607,226.31043397397102,5379.489087709513,0.0,24005.18271007304,19444.197995159175,58141.937360288364,15.14356414755457,58157.08092443592,962.9656219134669,59120.04654634939,59120.04654634939,4.547473508864641e-13,4.0671466194908135e-11,0,1.1368683772161603e-12
2025-07-10,S18,1200.0000000000011,1200.0000000000032,88983.3328956106,88983.33289561064,80792.1169564141,281.9336669753924,3747.4367289759302,0.0,23542.05532147486,19069.06481039464,56447.31120096668,0.0,56447.31120096668,1083.50999374959,57530.82119471627,57530.82119471627,1.8189894035458565e-12,0.0,0,2.0463630789890885e-12
2025-07-11,S18,1200.0000000000032,1200.0,53591.54812631322,53808.42869058134,46043.22900985569,113.75455683675352,9968.131428043973,743.7263380713664,15401.83500303737,12475.486352460272,31894.458099966767,157.17244415931418,32051.63054412608,332.1315138898873,32383.762058015967,32383.762058015967,9.094947017729282e-13,3.637978807091713e-12,0,3.183231456205249e-12
2025-07-12,S18,1200.0,1200.0000000000002,45981.62254478698,45985.73349457679,42535.68776320127,382.5160936316013,8726.65713173885,424.1515737640831,14121.851673666339,11438.699855669734,27627.93548569344,2.5812653730317834,27630.516751066472,1212.4747929644693,28842.99154403094,28842.99154403094,9.094947017729282e-13,1.4551915228366852e-11,0,2.2737367544323206e-13
2025-07-13,S18,1200.0000000000002,1199.9999999999998,95662.30157380344,95662.30157380346,81163.22537059365,45.76812870590021,7406.6828019645245,0.0,23866.264722816017,19331.674425480975,62275.19796126092,1.4551915228366852e-11,62275.197961260936,243.5872127542261,62518.78517401516,62518.78517401515,4.547473508864641e-13,8.324008149429574e-12,0,4.547473508864641e-13
2025-07-14,S18,1199.9999999999998,1199.9999999999998,92212.27062816039,92212.2706281604,81163.33448983112,55.16681884636398,5151.920845323497,0.0,22415.269719406868,18156.368472719565,58071.58257956593,0.0,58071.58257956593,342.5341829587107,58414.116762524645,58414.116762524645,4.547473508864641e-13,1.8189894035458565e-12,0,0.0
2025-07-15,S18,1199.9999999999998,1199.9999999999995,94389.40750137602,94454.60467585316,82384.51580915811,29.712880573189352,5210.336508435245,0.0,23446.53472611956,18991.69312815685,59563.615416814624,118.1903434538981,59681.80576026852,134.38079505585296,59816.18655532438,59816.18655532438,1.1368683772161603e-12,1.8602008822199423e-11,0,2.2737367544323206e-13
2025-07-16,S18,1199.9999999999995,1200.0,88565.0149560307,88570.10776901025,81209.65925129168,535.9368623807052,5303.172766687935,0.0,22672.947177111055,18365.087213459952,56766.58627487928,10.292320390908571,56776.87859527019,1638.2369529167156,58415.11554818691,58415.11554818691,9.094947017729282e-13,0.0,0,4.547473508864641e-13
2025-07-17,S18,1200.0,1200.0,88808.2051762672,88808.20517626723,80494.15981883119,218.0332549566117,3715.668603557484,0.0,22505.833702966578,18229.72529940294,56384.41278047123,-7.275957614183426e-12,56384.412780471226,900.6613042871451,57285.07408475837,57285.07408475837,2.2737367544323206e-13,1.2718714970105793e-12,0,0.0
2025-07-18,S18,1200.0,1199.9999999999995,54492.22269969378,54492.22269969378,45105.3542353778,8.676217242395865,10135.347948659204,781.0008272893627,15386.492508798043,12463.058932126409,32521.26400617102,3.637978807091713e-12,32521.264006171023,27.038559849827745,32548.30256602085,32548.302566020848,9.094947017729282e-13,2.000888343900442e-11,0,4.547473508864641e-13
2025-07-19,S18,1199.9999999999995,1200.0000000000018,55927.34967194925,55927.34967194927,44475.52818839768,35.260523347930075,13737.39494334283,810.7168038528549,14630.831129210199,11850.973214660264,34091.28869313504,0.0,34091.28869313504,166.1123254920986,34257.40101862713,34257.401018627126,1.8189894035458565e-12,4.831690603168681e-13,0,2.2737367544323206e-12
2025-07-20,S18,1200.0000000000018,1200.0,93780.10515411546,93782.99508436868,80999.75387492299,226.27526422658923,4637.125436389532,0.0,23678.555189965322,19179.62970387192,58997.80248714599,5.857744126791658,59003.660231272785,1047.8210602841032,60051.48129155689,60051.481291556884,4.547473508864641e-13,1.2732925824820995e-11,0,1.8189894035458565e-12
2025-07-21,S18,1200.0,1200.0,94613.92289838321,94626.30240129774,82565.22459610853,114.11644121490514,4321.463530693052,0.0,22990.148192791414,18622.020036161055,59853.23555079724,25.907823699584696,59879.14337449682,515.970378150395,60395.113752647216,60395.11375264721,4.547473508864641e-13,0.0,0,0.0
2025-07-22,S18,1200.0,1200.0,84588.031051667,84645.40572754276,80515.40673414702,1177.5384958812901,3514.8247094425496,0.0,23068.294231152748,18685.31832723373,53634.83295892691,86.59459964171401,53721.42755856863,3934.1596264359964,57655.587185004624,57655.587185004624,2.2737367544323206e-13,3.076650045841234e-12,0,0.0
2025-07-23,S18,1200.0,1199.9999999999998,99359.16362426184,99359.16362426188,85636.94475542211,20.26260735938854,6684.231522606834,0.0,25033.835386884148,20277.406663376172,63701.165045883085,-1.4551915228366852e-11,63701.16504588307,54.20711697508122,63755.37216285815,63755.37216285814,1.5916157281026244e-12,2.4982682589325123e-11,0,2.2737367544323206e-13
2025-07-24,S18,1199.9999999999998,1200.0000000000027,100748.30548379882,100748.30548379885,84450.68007497578,0.0,6169.512534204684,0.0,24551.02916195322,19886.33362118211,64865.67347868567,1.4551915228366852e-11,64865.67347868568,0.0,64865.67347868568,64865.67347868568,1.8189894035458565e-12,3.282707439211663e-11,0,2.9558577807620168e-12
2025-07-25,S18,1200.0000000000027,1200.0000000000011,45075.89267273295,45267.659636817174,40569.02540315069,219.0448116921528,11059.023564428226,659.5923038899288,13495.446209779191,10931.311429921145,27103.10477009625,262.91524327293155,27366.020013369183,918.6879880823773,28284.70800145156,28284.70800145156,9.094947017729282e-13,4.9826809345177026e-12,0,1.5916157281026244e-12
2025-07-26,S18,1200.0000000000011,1200.0000000000016,47166.27494482608,47166.3549395265,41949.866960733634,81.73383166524115,10469.094751233275,382.4851051512544,14268.049312356121,11557.119943008454,27687.71774897344,0.11197658164019231,27687.82972555508,254.35998885953546,27942.189714414613,27942.18971441461,9.094947017729282e-13,1.3983481039758772e-11,0,4.547473508864641e-13
2025-07-27,S18,1200.0000000000016,1199.999999999999,88041.26008665448,88041.26008665447,81228.51204479573,760.3658252863803,3890.2346145959254,0.0,23228.70239729563,18815.248941809477,55662.519343368156,-7.275957614183426e-12,55662.51934336815,2690.851934805605,58353.371278173756,58353.371278173756,9.094947017729282e-13,1.3514522834157106e-11,0,2.5011104298755527e-12
2025-07-28,S18,1199.999999999999,1200.0000000000005,92277.77063115945,92419.69078169951,85499.59819472612,516.8261842995023,3494.3805576004843,0.0,24037.718884693593,19470.55229660181,58501.48005422364,238.5062819677987,58739.98633619144,2357.2704246673925,61097.25676085883,61097.25676085882,9.094947017729282e-13,1.921949888128438e-11,0,1.3642420526593924e-12
2025-07-29,S18,1200.0000000000005,1200.0,86669.65003648953,86808.58814572738,81060.76429406749,899.0517727559925,1605.9031853129952,0.0,22550.878586897277,18266.211655386793,54306.127403518156,257.2147803642001,54563.342183882356,3590.7977569255104,58154.139940807865,58154.139940807865,2.2737367544323206e-13,1.0473399925103877e-11,0,4.547473508864641e-13
2025-07-30,S18,1200.0,1200.0,82506.56896431503,82506.56896431503,78127.77152753215,1503.87399661215,1389.6550537806622,0.0,21782.82326507167,17644.086844708057,52143.73990819999,7.275957614183426e-12,52143.7399082,5137.26702942993,57281.00693762993,57281.00693762993,4.547473508864641e-13,1.4551915228366852e-11,0,0.0
2025-07-31,S18,1200.0,1199.9999999999995,85168.76984742521,85364.78953732646,80253.41844886391,825.2897822898373,2016.9969033226726,0.0,22982.710848233703,18615.995787069296,53664.598800356274,285.8275985819637,53950.42639893824,3279.434031670854,57229.86043060909,57229.860430609086,4.547473508864641e-13,1.2988721209694631e-11,0,4.547473508864641e-13
2025-08-01,S18,1199.9999999999995,1200.000000000003,43389.586861007876,43389.58686100786,39320.15278956154,354.7531034482561,15464.346804807325,465.37569199261657,13125.388050227393,10631.564320684192,26276.66030110811,-3.637978807091713e-12,26276.660301108106,987.5101081955557,27264.17040930366,27264.17040930366,1.8189894035458565e-12,1.7053025658242404e-13,0,3.410605131648481e-12
2025-08-02,S18,1200.000000000003,1200.000000000001,47660.378843158585,47660.37884315858,40982.13285002602,83.22445412675683,17060.920873881383,345.6143507928002,14377.879716554002,11646.08257040875,28400.971252326897,-7.275957614183426e-12,28400.97125232689,445.7299488876184,28846.70120121451,28846.70120121451,1.8189894035458565e-12,1.8189894035458565e-11,0,2.0463630789890885e-12
2025-08-03,S18,1200.000000000001,1200.0,74787.85378723114,74818.83572680324,70748.30249697121,438.8848901860109,4565.834492107523,0.0,19904.59427219134,16122.721360474981,47283.0978201986,42.49111836661905,47325.58893856522,1933.9131479294533,49259.50208649467,49259.502086494664,2.2737367544323206e-13,2.8528290840768022e-12,0,9.094947017729282e-13
2025-08-04,S18,1200.0,1199.999999999999,80753.18943547586,80754.84169296974,73928.61635509184,189.16318655696125,4655.700650857099,0.0,21296.967407675544,17250.543600217195,51455.268053826556,3.3467156886981684,51458.614769515254,583.3049025847228,52041.919672099975,52041.919672099975,9.094947017729282e-13,5.803713065688498e-11,0,9.094947017729282e-13
2025-08-05,S18,1199.999999999999,1200.0000000000005,79329.51565994766,79367.64812722267,74071.77596824823,328.72701091979906,5016.755331937439,0.0,22270.72586261703,18039.287948719793,50375.15279963719,77.09280364587903,50452.24560328307,1189.8217246498125,51642.06732793288,51642.06732793288,4.547473508864641e-13,6.865619184281968e-12,0,1.3642420526593924e-12
2025-08-06,S18,1200.0000000000005,1199.9999999999998,83740.37051205683,83827.88636823805,76269.71598975455,960.2903667828103,4842.2946278344525,0.0,22491.118221243632,18217.805759207346,53783.97524820226,158.87037056982808,53942.84561877209,3486.641970823686,57429.487589595774,57429.48758959577,9.094947017729282e-13,1.312372432948905e-11,0,6.821210263296962e-13
2025-08-07,S18,1199.9999999999998,1199.9999999999986,84245.90938252091,84375.93065758709,75757.41478488057,848.2316526228556,8960.991689676182,0.0,22403.52367277508,18146.85417494782,52461.841054010394,220.20568213289516,52682.04673614329,2822.6176695118834,55504.664405655174,55504.664405655174,9.094947017729282e-13,1.7337242752546445e-12,0,1.1368683772161603e-12
2025-08-08,S18,1199.9999999999986,1200.000000000001,41899.210485434276,41946.51314447262,39203.384983855365,224.85776537659416,20494.12201037463,478.32763037692087,14108.536097265302,11427.914238784899,24760.88986655817,42.29209577565052,24803.18196233382,767.9632138693121,25571.145176203132,25571.145176203132,6.821210263296962e-13,8.384404281969182e-12,0,2.2737367544323206e-12
2025-08-09,S18,1200.000000000001,1200.0000000000023,40790.12640117769,40790.126401177695,38885.13109384278,558.869088907166,17532.80372725545,386.31297695229557,13699.760413379998,11096.805934837796,23965.93768342151,0.0,23965.93768342151,1870.5396000546577,25836.477283476168,25836.477283476164,1.8189894035458565e-12,2.3021584638627246e-12,0,1.3642420526593924e-12
2025-08-10,S18,1200.0000000000023,1200.0000000000005,79363.09062246582,79423.11619899224,73825.80942431005,368.24149911742063,4900.446542959969,0.0,20994.659634039555,17005.67430357205,50645.225663232355,70.64267931821814,50715.86834255057,1599.5633688206144,52315.43171137119,52315.43171137119,1.5916157281026244e-12,1.5013768006610917e-11,0,1.8189894035458565e-12
2025-08-11,S18,1200.0000000000005,1200.0000000000014,76937.5675242843,77003.18171722375,73317.38801833702,811.1353811329278,5502.610549879551,0.0,21392.944822405545,17328.285306148497,47981.684240429386,95.89644787199359,48077.58068830138,3029.0989751702914,51106.679663471674,51106.679663471674,4.547473508864641e-13,6.0254023992456496e-12,0,9.094947017729282e-13
2025-08-12,S18,1200.0000000000014,1199.9999999999984,83840.41044904615,83947.37864382977,76812.98606673903,615.9831981577144,5492.198814627916,0.0,21980.141054046606,17803.914253777762,52479.062659733296,133.55454146699776,52612.61720120029,2311.4199831623814,54924.03718436268,54924.03718436268,1.8189894035458565e-12,2.1756818568974268e-11,0,2.9558577807620168e-12
2025-08-13,S18,1199.9999999999984,1200.0000000000002,76097.42484791635,76193.0553325235,72172.97619707327,959.5474766241545,3039.724687034238,0.0,20904.31335085892,16932.49381419573,47663.680160233445,143.91245110429736,47807.59261133774,4050.6062370676023,51858.19884840534,51858.198848405336,4.547473508864641e-13,2.7426949600339867e-11,0,1.8189894035458565e-12
2025-08-14,S18,1200.0000000000002,1200.0000000000014,78888.26300935663,78948.08479988461,73390.3884892056,534.1234942453895,3810.65522736292,0.0,22039.81985660393,17852.25408384919,50129.16886673337,62.10518531510024,50191.27405204847,2338.258100421222,52529.53215246969,52529.53215246969,1.3642420526593924e-12,3.68913788406644e-11,0,1.1368683772161603e-12
2025-08-15,S18,1200.0000000000014,1200.0000000000014,42635.98084439779,42635.98084439779,38884.58602501592,591.7503652425078,19334.637567512433,309.4877236379783,14065.706398814216,11393.22218303952,25659.216402572492,7.275957614183426e-12,25659.2164025725,1564.1338782070452,27223.350280779545,27223.35028077954,9.094947017729282e-13,1.2121859072067309e-11,0,0.0
2025-08-16,S18,1200.0000000000014,1200.0000000000007,44106.39304396372,44113.13342059066,38596.31223399897,618.4328046503947,19330.91610703192,403.0091036331436,13429.155059566498,10877.615598248867,27029.550932733648,4.287890591222094,27033.83882332487,2618.3539265262857,29652.192749851154,29652.19274985115,9.094947017729282e-13,1.2967404927621828e-12,0,6.821210263296962e-13
2025-08-17,S18,1200.0000000000007,1199.9999999999995,80609.17468983689,80648.40131684259,73780.89231508756,348.16709308382104,6781.808900071083,0.0,22009.773112808696,17827.916221375053,50260.789485198926,77.05151490755088,50337.84100010648,1739.4733324504587,52077.31433255693,52077.31433255693,4.547473508864641e-13,2.937383669632254e-11,0,1.1368683772161603e-12
2025-08-18,S18,1199.9999999999995,1199.9999999999993,77910.78300072151,77943.33901885412,72602.80067609999,495.25003292887294,4435.15219327486,0.0,22467.278416249046,18198.495517161733,49664.09073692271,66.1020986727599,49730.19283559547,1690.4165406124282,51420.6093762079,51420.609376207896,6.821210263296962e-13,2.97788460557058e-11,0,2.2737367544323206e-13
2025-08-19,S18,1199.9999999999993,1200.0000000000002,76045.40303237544,76110.18126068085,72262.87695762285,658.3744348691605,4691.631533627635,0.0,20589.262151917876,16677.30234305347,48420.23773216171,106.1591919507191,48526.39692411243,2454.6579596879264,50981.05488380035,50981.05488380035,9.094947017729282e-13,8.661515948915621e-12,0,9.094947017729282e-13
2025-08-20,S18,1200.0000000000002,1200.0000000000007,84735.82527122182,84763.49062653762,78485.1531335759,598.2588827309713,3989.8975752212264,0.0,23383.280917994653,18940.457543575667,53015.058928505234,39.00854747500125,53054.067475980235,2848.657520967569,55902.72499694781,55902.72499694781,4.547473508864641e-13,2.5570656703166605e-11,0,4.547473508864641e-13
2025-08-21,S18,1200.0000000000007,1200.0000000000005,81235.3995954691,81255.29763140266,75579.30892515476,308.93281468248784,5748.102558767865,0.0,22609.056303874055,18313.335606138,51138.848056752046,28.60056906369573,51167.44862581574,1168.5185386196226,52335.967164435366,52335.967164435366,1.8189894035458565e-12,2.950262256717906e-11,0,2.2737367544323206e-13
2025-08-22,S18,1200.0000000000005,1200.0000000000007,42756.1464046211,42813.94449388761,39596.585177333014,647.4205706006991,16117.848480025466,262.58353532404794,13857.917539916773,11224.913207332589,25607.12474698019,36.215847789477266,25643.340594769666,2507.177058943945,28150.51765371361,28150.517653713607,4.547473508864641e-13,2.7426949600339867e-12,0,2.2737367544323206e-13
2025-08-23,S18,1200.0000000000007,1200.000000000001,42418.44266178108,42418.4426617811,40395.935283753606,166.87018435134627,14813.65254637852,454.45902591955576,14550.988135825724,11786.30039001883,24969.071348095746,0.0,24969.071348095746,533.8338145174587,25502.905162613206,25502.905162613202,2.1600499167107046e-12,2.5401902803423582e-11,0,2.2737367544323206e-13
2025-08-24,S18,1200.000000000001,1199.9999999999998,75104.15412934561,75144.15056302678,71451.21752199742,380.2826297409674,3912.177866059871,0.0,22030.17264392203,17844.43984157686,48328.19134139918,57.92251582989411,48386.11385722907,1230.0209391191036,49616.134796348175,49616.134796348175,2.2737367544323206e-13,7.617018127348274e-12,0,1.1368683772161603e-12
2025-08-25,S18,1199.9999999999998,1200.0,97316.40775019386,97319.02592422761,82452.32602165706,200.76601912217228,7180.3315951453205,0.0,24735.123310354233,20035.449881386932,62153.88326829351,5.479314617841737,62159.36258291135,573.2476052269325,62732.610188138286,62732.610188138286,4.547473508864641e-13,3.893774191965349e-12,0,2.2737367544323206e-13
2025-08-26,S18,1200.0,1200.0000000000018,78361.86110905299,78465.43544738748,72256.20515248383,391.6515915293901,2969.799337795729,0.0,21838.100120442967,17688.86109755881,50346.03651199145,99.37203274823696,50445.40854473969,1173.1518473486983,51618.56039208839,51618.56039208839,2.2737367544323206e-13,2.0740742456837324e-11,0,1.8189894035458565e-12
2025-08-27,S18,1200.0000000000018,1199.9999999999995,77287.2168514564,77339.32079835987,74187.83377407139,1609.7869358467065,3788.295371976136,0.0,21553.560375133082,17458.383903857804,49508.54208756669,84.65320710803644,49593.195294674726,6288.9917411696315,55882.187035844356,55882.187035844356,1.8189894035458565e-12,2.958699951705057e-11,0,2.2737367544323206e-12
2025-08-28,S18,1199.9999999999995,1200.0000000000007,77034.51754121008,77036.20168500734,73801.51755410193,2129.8530785791418,1068.2292897500797,0.0,21554.45452419793,17459.108164600326,48414.84841472008,1.0632841864062357,48415.911698906486,8330.694116306257,56746.605815212744,56746.605815212744,2.7284841053187847e-12,4.3868908505828585e-11,0,1.1368683772161603e-12
2025-08-29,S18,1200.0000000000007,1200.0000000000005,45696.626163699955,45719.030273119344,40714.47620727583,159.48771270087417,14873.542841357874,561.6765358162128,15176.443120013804,12292.918927211185,27608.781394449536,16.089235235172964,27624.87062968471,770.1977669470303,28395.068396631737,28395.068396631737,4.774847184307873e-12,1.8900436771218665e-12,0,2.2737367544323206e-13
2025-08-30,S18,1200.0000000000005,1200.0,44082.392073304494,44107.5731097338,40589.41479995571,479.70290244219245,19353.50244366805,397.70240948004187,14764.173767981521,11958.980752065034,26463.58086057794,15.965593619272113,26479.54645419721,1531.9148588415999,28011.46131303881,28011.461313038806,1.8189894035458565e-12,1.8900436771218665e-12,0,4.547473508864641e-13
2025-08-31,S18,1200.0,1200.0,76386.46565344186,76389.8990636942,71652.97727892059,1449.4408915025633,2601.4400093290446,0.0,20286.07935663575,16431.724278874965,48971.63375623376,6.938750449473446,48978.57250668323,6176.548711201374,55155.1212178846,55155.121217884596,6.821210263296962e-13,1.2505552149377763e-11,0,0.0
2025-09-01,S18,1200.0,1200.0,85731.26161987844,85848.7053991041,68146.72718599108,0.0,9981.790350738924,302.22521305039766,22571.458362465517,18282.881273597075,54231.60025490564,98.51195882738102,54330.112213733024,0.0,54330.112213733024,54330.112213733024,9.094947017729282e-13,7.275957614183426e-12,0,0.0
2025-09-02,S18,1200.0,1200.0,62121.49850799129,62131.87741896474,59677.94292461086,2298.386885772062,3846.4488641409894,0.0,21432.23734864186,17360.112252399904,36862.1731228916,11.288333824988513,36873.46145671659,11578.191520645856,48451.65297736245,48451.65297736245,9.094947017729282e-13,1.5347723092418164e-12,0,0.0
2025-09-03,S18,1200.0,1200.000000000001,68086.18985544704,68086.18985544702,64528.78320597938,587.9383599048979,5515.985591495064,221.0499388690314,20168.256765895807,16336.287980375606,41848.43147158155,0.0,41848.43147158155,2431.1950696126296,44279.62654119418,44279.62654119418,1.8189894035458565e-12,1.8001600210482138e-11,0,9.094947017729282e-13
2025-09-04,S18,1200.000000000001,1200.0000000000007,66579.55202154563,66579.55202154565,62255.15867511389,1039.3343832207847,5029.933803678443,248.08017247963392,21531.12385356103,17440.210321384446,42271.15778767131,0.0,42271.15778767131,3767.232524176727,46038.39031184804,46038.39031184803,2.2737367544323206e-13,1.9184653865522705e-11,0,2.2737367544323206e-13
2025-09-05,S18,1200.0000000000007,1200.0000000000011,40906.938490918816,40906.93849091881,32136.280362419806,0.0,21164.900593646616,1376.9130573284797,14580.026551463316,11809.82150668529,24192.222756539835,7.275957614183426e-12,24192.222756539843,0.0,24192.222756539843,24192.222756539843,9.094947017729282e-13,1.0913936421275139e-11,0,4.547473508864641e-13
2025-09-06,S18,1200.0000000000011,1200.0000000000002,36202.808115334665,36202.80811533467,31201.860366736422,911.476231432661,20562.41258094531,1225.7991975455916,13705.47957725349,11101.438457575332,21344.303387862485,0.0,21344.303387862485,3740.7853364246926,25085.088724287176,25085.088724287172,1.8189894035458565e-12,7.425171588693047e-13,0,9.094947017729282e-13
2025-09-07,S18,1200.0000000000002,1200.000000000001,62884.07068696903,62884.07068696904,60521.475023474784,1255.7844698383938,2533.5131796024366,229.40328669596204,21333.470580779478,17280.11117043137,39203.88468162529,0.0,39203.88468162529,3398.870841896218,42602.75552352151,42602.755523521504,1.8189894035458565e-12,1.681499384176277e-11,0,6.821210263296962e-13
2025-09-08,S18,1200.000000000001,1200.0,71430.37773517054,71528.46449242633,66910.57687332836,2333.979537794634,5579.157064424537,15.334086995650182,22392.082770365756,18137.587043996264,42984.10305828258,116.36605827126186,43100.46911655384,10607.498104618231,53707.96722117207,53707.96722117207,1.8189894035458565e-12,8.384404281969182e-12,0,9.094947017729282e-13
2025-09-09,S18,1200.0,1200.0000000000016,60901.18983800001,61195.862215579255,59415.37353564929,2416.2838614434136,4596.990917443045,66.12395366231692,21398.46452274043,17332.756263419746,37055.83896845138,448.90400625913753,37504.74297471052,10731.50190705682,48236.24488176734,48236.24488176733,9.094947017729282e-13,3.2514435588382185e-11,0,1.5916157281026244e-12
2025-09-10,S18,1200.0000000000016,1200.0,73878.63394587673,74402.89333955671,68884.03382825741,643.666421649312,3642.317813743714,314.61098564185806,22393.54105537465,18138.76825485348,45463.54437618432,852.4454280970604,46315.98980428138,2487.414495551127,48803.40429983251,48803.4042998325,2.2737367544323206e-13,7.290168468898628e-12,0,1.5916157281026244e-12
2025-09-11,S18,1200.0,1200.0,74675.09958435198,75280.74696236926,65687.11773455536,515.1597310792815,7977.848831837092,416.59647947457563,22693.401952576984,18381.65558158736,46599.81496297862,1021.6401258949045,47621.455088873525,2423.706337721255,50045.16142659478,50045.16142659478,4.547473508864641e-13,2.091837814077735e-11,0,0.0
2025-09-12,S18,1200.0,1200.0000000000027,34678.353539410884,34963.97721028464,32744.376304146117,432.8720859197138,17532.404637734875,1253.259850595879,14946.987903868845,12107.060202133765,19933.31204346166,513.1140704342142,20446.426113895875,1196.5664006040113,21642.992514499885,21642.99251449988,1.8189894035458565e-12,1.4547030247058501e-11,0,2.7284841053187847e-12
2025-09-13,S18,1200.0000000000027,1200.0000000000027,35611.10041442079,35945.44895323592,33156.87623113238,176.63454241352719,21160.80196949327,1302.138054541926,15070.89087461781,12207.421608440429,20404.556036656315,503.1674609647416,20907.723497621057,792.3228124934882,21700.046310114543,21700.046310114543,1.8189894035458565e-12,3.552713678800501e-12,0,0.0
2025-09-14,S18,1200.0000000000027,1200.000000000001,77587.18711616917,77871.23670102567,71117.0609473106,487.49277668394996,6732.920974396327,401.84697371855987,23002.426451998243,18631.965426118575,48954.066426159014,456.68179747912654,49410.74822363814,1390.0450916358834,50800.79331527402,50800.79331527402,1.0231815394945443e-12,4.959588295605499e-12,0,1.8189894035458565e-12
2025-09-15,S18,1200.000000000001,1200.0000000000011,62872.74765891559,62872.747658915614,60217.55292169388,991.9566739401669,1761.3999359194522,265.82113576869426,21659.25205585557,17543.99416524301,39969.80686793613,7.275957614183426e-12,39969.80686793614,3174.714027514225,43144.52089545036,43144.52089545036,9.094947017729282e-13,7.275957614183426e-12,0,2.2737367544323206e-13
2025-09-16,S18,1200.0000000000011,1199.9999999999995,77736.34080634938,77747.26805152316,70486.56354192806,613.874603965725,6834.4324517980185,264.0539651203668,23737.798661273944,19227.61691563191,48316.60134419621,22.100375384085055,48338.7017195803,2059.1760021017626,50397.87772168206,50397.87772168205,4.547473508864641e-13,1.3017142919125035e-11,0,1.5916157281026244e-12
2025-09-17,S18,1199.9999999999995,1200.0000000000005,75143.24447699686,75143.24447699689,68679.59538149698,280.28683597390756,4256.318700964561,323.8517462746952,23261.017738061215,18841.424367829586,47570.66240212135,7.275957614183426e-12,47570.66240212136,813.7489379833742,48384.41134010473,48384.41134010472,2.2737367544323206e-13,5.186961971048731e-13,0,9.094947017729282e-13
2025-09-18,S18,1200.0000000000005,1200.0,67782.60903559192,67874.55559716068,63373.21266775045,1413.6934291453574,1476.708938824686,240.9360678051272,21648.473545259676,17535.26357166035,43183.95198777275,129.03950644710858,43312.99149421986,4581.999472211614,47894.99096643148,47894.99096643148,1.8189894035458565e-12,9.549694368615746e-12,0,4.547473508864641e-13
2025-09-19,S18,1200.0,1200.0,36685.156781043974,36685.156781043974,33352.13843407249,190.0396830812466,13206.482582774574,1362.696812240367,15113.928449853296,12242.282044381169,21465.816342588172,7.275957614183426e-12,21465.81634258818,411.21429828027755,21877.030640868456,21877.030640868452,9.094947017729282e-13,4.504840944719035e-12,0,0.0
2025-09-20,S18,1200.0,1199.9999999999998,36413.35083772382,36413.35083772382,32896.445862817614,414.9185492618804,13854.64980352639,929.8566146264247,15165.390845228187,12283.966584634827,21180.3358112913,0.0,21180.3358112913,1628.2899278689445,22808.625739160245,22808.62573916024,1.8189894035458565e-12,1.1937117960769683e-12,0,2.2737367544323206e-13
2025-09-21,S18,1199.9999999999998,1200.0000000000018,74447.17685435977,74702.60606191779,69047.70975490822,88.09097217551903,6320.2927583708915,267.8151170202502,22422.133517680413,18161.928149321135,46331.37542480344,413.06161274257465,46744.43703754601,326.43682508907665,47070.87386263509,47070.87386263508,4.547473508864641e-13,1.7919887795869727e-11,0,2.0463630789890885e-12
2025-09-22,S18,1200.0000000000018,1199.9999999999977,80199.0552830428,80351.33594418998,71134.68757345184,166.44258104328935,5847.6665690088375,371.6663678960382,23514.617548720766,19046.84021446384,50931.980225917156,256.68826667221583,51188.66849258937,458.828427164324,51647.49691975369,51647.496919753685,1.1368683772161603e-12,1.1596057447604835e-11,0,4.092726157978177e-12
2025-09-23,S18,1199.9999999999977,1200.0000000000005,78594.07758719634,78594.07758719634,71156.80734215555,73.37357507850834,4453.508584999336,280.8512739413867,23048.44986821043,18669.244393250465,49839.75177904557,7.275957614183426e-12,49839.751779045575,318.83184294458493,50158.58362199016,50158.583621990154,1.8189894035458565e-12,1.8189894035458565e-12,0,2.7284841053187847e-12
2025-09-24,S18,1200.0000000000005,1200.0,68138.08288103777,68138.08288103779,64606.95985542159,3063.8999554893376,2059.804237934652,452.61039147210124,21553.789902653396,17458.569821149264,43621.369335847456,7.275957614183426e-12,43621.36933584746,8154.056901542341,51775.4262373898,51775.4262373898,1.3784529073745944e-12,1.432454155292362e-11,0,4.547473508864641e-13
2025-09-25,S18,1200.0,1200.0000000000014,74827.62946429192,74847.72712130293,68940.54565739277,300.35276365500147,4389.295094083122,399.2672713165671,21667.827134989817,17550.939979341754,47383.8446522182,36.737312696204754,47420.5819649144,933.0921029616043,48353.67406787601,48353.67406787601,1.8189894035458565e-12,3.865352482534945e-12,0,1.3642420526593924e-12
2025-09-26,S18,1200.0000000000014,1200.000000000001,37219.60012807766,37229.56484626546,32967.911648784364,134.87334433712562,11561.006638350196,857.8351477056158,15735.261616135189,12745.561909069505,21412.101857127527,6.307666612876346,21418.409523740404,391.15845693211986,21809.567980672524,21809.56798067252,2.2737367544323206e-12,7.503331289626658e-12,0,4.547473508864641e-13
2025-09-27,S18,1200.000000000001,1199.9999999999998,36502.09892156391,36502.09892156392,34239.77712626148,607.8435252612192,13245.992245375157,860.90420650388,15470.641840229704,12531.219890586062,21121.242433521467,3.637978807091713e-12,21121.24243352147,2289.85661112133,23411.0990446428,23411.099044642797,9.094947017729282e-13,4.831690603168681e-13,0,1.1368683772161603e-12
2025-09-28,S18,1199.9999999999998,1199.9999999999995,73880.83734865811,73883.76655097675,70036.43967332767,457.1940696656001,2499.2777855394984,339.72804516909434,21931.572345357716,17764.57359973976,46602.70627244353,4.264246721861127,46606.97051916539,1420.9897503808006,48027.960269546194,48027.960269546194,4.547473508864641e-13,1.7891466086439323e-11,0,2.2737367544323206e-13
2025-09-29,S18,1199.9999999999995,1199.9999999999989,78140.81924957679,78239.37578332788,71217.75562063624,241.0339082529878,4109.005385830635,293.3530194555151,22613.365913700247,18316.82639009721,49826.500136736606,138.89322558920685,49965.39336232581,813.0078267666343,50778.401189092445,50778.40118909244,9.094947017729282e-13,6.59383658785373e-12,0,6.821210263296962e-13
2025-09-30,S18,1199.9999999999989,1200.0000000000014,77228.47641695695,77333.96769522007,71410.71430835495,1892.4759347204308,2875.591006680905,442.5441320394334,24015.15967204426,19452.27933435585,49579.79489880496,180.6350590266593,49760.42995783162,6245.418882363733,56005.84884019535,56005.84884019535,4.547473508864641e-13,4.6210146820158116e-11,0,2.5011104298755527e-12
2025-10-01,S18,1200.0000000000014,1200.0,73530.74020957094,73940.26619248027,62493.57815567845,67.35668615154285,7387.446147527652,1158.0116647686245,22915.55524315987,18561.599746959502,45760.05398577519,778.5211130286261,46538.57509880381,220.57965899768877,46759.1547578015,46759.1547578015,4.547473508864641e-13,1.7216450487467228e-11,0,1.3642420526593924e-12
2025-10-02,S18,1200.0,1200.0000000000002,78805.19563884761,78805.1956388476,66721.65292658852,22.637578379268717,9670.39046313041,827.2374578911347,23767.786669892357,19251.90720261281,49299.943602212035,7.275957614183426e-12,49299.94360221204,77.61578673814047,49377.55938895018,49377.55938895018,6.821210263296962e-13,1.0231815394945443e-11,0,2.2737367544323206e-13
2025-10-03,S18,1200.0000000000002,1200.0,69657.99244029453,70147.94101624287,39487.08840370873,0.0,22202.091262790276,5342.378918215623,21712.971172120186,17587.50664941735,42168.6022991948,723.4470226056146,42892.04932180041,0.0,42892.04932180041,42892.04932180041,4.547473508864641e-13,8.608225243733614e-12,0,2.2737367544323206e-13
2025-10-04,S18,1200.0,1200.0,37125.98322144325,37125.98322144326,33646.50899699695,105.07752062349822,16182.440947485657,1294.3155219043779,16730.776920510878,13551.929305613809,20176.163510974216,3.637978807091713e-12,20176.16351097422,399.78815828560585,20575.951669259826,20575.951669259826,9.094947017729282e-13,4.455102953215828e-12,0,0.0
2025-10-05,S18,1200.0,1200.0000000000023,77128.87081537754,77314.22528642704,68247.49575763078,240.17573786367024,8522.585286463853,791.3679890888333,23356.616596184704,18918.859442909616,47522.18365120963,235.33933101302682,47757.522982222654,618.1118121303035,48375.634794352954,48375.63479435295,4.547473508864641e-13,2.9615421226480976e-11,0,2.2737367544323206e-12
2025-10-06,S18,1200.0000000000023,1200.0000000000002,67076.42451261132,67091.52316873414,63183.4494310948,869.8512348964678,1778.9024477295327,437.4312837561225,21599.250971082172,17495.393286576567,41499.99481719608,13.351987136855314,41513.346804332934,2873.7737845676643,44387.1205889006,44387.1205889006,4.547473508864641e-13,2.873434823413845e-11,0,2.0463630789890885e-12
2025-10-07,S18,1200.0000000000002,1200.0,71356.54162689768,71376.0160069564,66298.14850801382,262.72990501355343,4057.3711453311935,611.6304337927783,21685.862283702292,17565.54844979886,43711.25116598251,12.295540095081378,43723.54670607759,933.4129616551046,44656.9596677327,44656.9596677327,9.094947017729282e-13,1.6207479802687885e-11,0,2.2737367544323206e-13
2025-10-08,S18,1200.0,1200.0,71711.88527379512,71711.88527379508,65071.04423917176,115.7924782190947,3866.4175315066864,692.6766802522925,21838.141257711697,17688.894418746477,44264.07354363449,0.0,44264.07354363449,471.8638589604761,44735.937402594966,44735.937402594966,2.2737367544323206e-13,2.1616486378661648e-11,0,0.0
2025-10-09,S18,1200.0,1200.0000000000014,77350.09407514412,77595.39976103223,68764.06503859194,51.241880809903705,8244.607403565948,374.18801494740967,23350.1569345007,18913.627116945576,47715.54330176856,328.3601290391962,48043.90343080775,141.52292290904782,48185.4263537168,48185.42635371679,1.8189894035458565e-12,1.5520029705839988e-11,0,1.3642420526593924e-12
2025-10-10,S18,1200.0000000000014,1200.0000000000007,34055.82065142955,34062.605899438815,32148.66906121576,140.12512681977753,18972.483976532796,825.9963485524845,16561.594454124177,13414.891507840573,18165.992818894796,9.537683864240535,18175.530502759037,431.13183079744783,18606.662333556484,18606.66233355648,9.094947017729282e-13,8.753886504564434e-12,0,6.821210263296962e-13
2025-10-11,S18,1200.0000000000007,1200.0000000000007,33997.76357267916,34000.23146297325,31940.013038372843,88.40639321091129,14236.291552001005,470.99435036995396,16920.104978312993,13705.285032433534,17829.47476723827,1.549588315654546,17831.024355553924,417.41567928837554,18248.4400348423,18248.440034842297,6.821210263296962e-13,1.3073986337985843e-12,0,0.0
2025-10-12,S18,1200.0000000000007,1200.0000000000002,69265.19973350123,69265.19973350121,65870.27577450534,1098.3871525160257,4222.768175113218,149.5691697494541,21480.892625396613,17399.52302657126,41704.85942720003,-7.275957614183426e-12,41704.85942720002,5037.404900525766,46742.26432772579,46742.26432772579,4.547473508864641e-13,1.0544454198679887e-11,0,4.547473508864641e-13
2025-10-13,S18,1200.0000000000002,1200.000000000001,73921.54932284071,73968.44236918051,66061.55093841825,307.1269544955741,4786.903141104693,266.88153672822375,22565.778500425633,18278.280585344764,45224.53368521774,41.17968856754305,45265.713373785286,1309.3702312584758,46575.083605043765,46575.08360504376,9.094947017729282e-13,2.6147972675971687e-11,0,6.821210263296962e-13
2025-10-14,S18,1200.000000000001,1199.9999999999989,75445.92781696215,75445.92781696217,69863.33148254856,365.69250603105326,4822.9008150674035,249.98216009280407,23064.79857940047,18682.48684931438,46636.46047337025,0.0,46636.46047337025,1387.1451480756484,48023.6056214459,48023.6056214459,1.5916157281026244e-12,1.000444171950221e-11,0,2.0463630789890885e-12
2025-10-15,S18,1199.9999999999989,1200.0,78106.87870617033,78112.55411480916,71208.74070417233,85.38863621328733,4497.0906472934175,316.4434480655085,24003.00839487735,19442.436799850664,48313.972773057525,7.951839346838824,48321.924612404364,286.14131770884524,48608.06593011321,48608.06593011321,9.094947017729282e-13,2.1586288312391844e-11,0,1.1368683772161603e-12
2025-10-16,S18,1200.0,1200.000000000001,73413.28133934725,73434.91200612213,70225.13256861643,450.1715147100102,3114.487865363964,124.77211335204731,23524.05870847601,19054.487553865572,45286.74142923924,41.55068861032487,45328.29211784957,1938.510756090335,47266.8028739399,47266.8028739399,9.094947017729282e-13,8.01492205937393e-12,0,9.094947017729282e-13
2025-10-17,S18,1200.000000000001,1199.9999999999998,64600.46695927454,64600.67764796291,41272.933334495545,0.0,15909.972569545276,5263.967544276362,21551.546863195974,17456.75295918875,39534.149367882725,0.13301830342243193,39534.28238618615,0.0,39534.28238618615,39534.28238618615,1.3642420526593924e-12,1.9099388737231493e-11,0,1.1368683772161603e-12
2025-10-18,S18,1199.9999999999998,1200.000000000001,33621.18650079918,33621.18650079918,31854.432842409693,260.1327204900121,12339.365997111883,623.7910378218023,16183.238217364991,13108.422956065642,17917.345957068457,3.637978807091713e-12,17917.34595706846,864.581788577742,18781.927745646204,18781.927745646204,9.094947017729282e-13,1.2960299500264227e-11,0,1.1368683772161603e-12
2025-10-19,S18,1200.000000000001,1200.0,75792.6455498113,75820.26060003153,71792.31671907364,464.4197807920456,3721.0250241689237,119.29887690910243,23845.737186601724,19315.047121147403,46838.20181063315,26.21656754660944,46864.41837817976,2208.809950253131,49073.228328432895,49073.22832843289,9.094947017729282e-13,1.1823431123048067e-11,0,9.094947017729282e-13
2025-10-20,S18,1200.0,1200.000000000001,80663.74558120883,80786.60239411244,74541.96850100196,99.18639755675883,5331.07559723093,291.775722679125,24092.216905168756,19514.69569318669,50806.07697333165,158.35334046058415,50964.43031379223,299.03383074192226,51263.464144534155,51263.46414453415,1.8189894035458565e-12,3.708144902248023e-12,0,9.094947017729282e-13
2025-10-21,S18,1200.000000000001,1200.0000000000016,79955.98919613018,79955.98919613016,74233.463365267,327.025639265653,3018.57129617146,378.3191364667522,24742.195904707572,20041.178682813133,49870.7314269307,7.275957614183426e-12,49870.73142693071,1204.541840294467,51075.27326722517,51075.27326722517,2.6147972675971687e-12,3.092992528763716e-11,0,6.821210263296962e-13
2025-10-22,S18,1200.0000000000016,1200.0000000000005,77052.49667109424,77052.49667109422,73310.66898687737,231.10993328267998,3241.1641917105026,314.1901049940318,23323.831176081527,18892.303252626032,47784.77738525523,7.275957614183426e-12,47784.777385255235,902.0308448416301,48686.80823009687,48686.80823009686,9.094947017729282e-13,1.5006662579253316e-11,0,1.1368683772161603e-12
2025-10-23,S18,1200.0000000000005,1200.0,88152.5250576793,88269.28519194228,76121.07732749423,106.02735708722685,7918.411380920196,307.6231750656972,24324.068922432623,19702.49582717043,55202.3728044912,123.49390685666731,55325.866711347866,331.5491563902098,55657.41586773808,55657.41586773807,4.547473508864641e-13,1.2050804798491299e-11,0,4.547473508864641e-13
2025-10-24,S18,1200.0,1200.0,75730.7645135601,75862.7817992311,45419.60149193808,0.0,18056.396971219452,4663.620380853912,22523.860122095033,18244.326698896984,47023.02793923256,242.02308953659667,47265.05102876916,0.0,47265.05102876916,47265.05102876915,9.094947017729282e-13,4.722267021861626e-11,0,0.0
2025-10-25,S18,1200.0,1199.9999999999995,36062.139712095464,36062.13971209545,34480.65412152805,246.65924674807,11364.263083491363,674.5669817177915,17316.055630177056,14026.005060443418,18969.127139519194,0.0,18969.127139519194,874.6345570488157,19843.76169656801,19843.76169656801,1.3642420526593924e-12,7.062794793455396e-12,0,4.547473508864641e-13
2025-10-26,S18,1199.9999999999995,1200.0000000000018,76467.7015398414,76504.28058248541,72753.1864550049,540.2634222632121,4184.144843956957,220.25993992621216,22867.016193254156,18522.28311653587,47457.0508643708,22.495209869877726,47479.54607424068,2302.914036175456,49782.460110416134,49782.46011041613,9.094947017729282e-13,7.226219622680219e-11,0,2.2737367544323206e-12
2025-10-27,S18,1200.0000000000018,1200.0000000000002,72807.05444766532,72807.05444766534,69427.55834081882,399.96243801343473,1631.827670190932,301.87899842538695,22848.591808154186,18507.359364604898,45525.33839006873,0.0,45525.33839006873,1506.5602898863485,47031.898679955084,47031.898679955084,9.094947017729282e-13,4.7702286565254326e-11,0,1.5916157281026244e-12
2025-10-28,S18,1200.0000000000002,1199.9999999999995,71787.99500934962,71807.40752354938,70118.5387240323,2858.145283887189,2543.5187209380992,196.6945276361471,22442.36347023828,18178.31441089301,44685.85163742697,19.624452510302945,44705.47608993727,11018.093803673268,55723.56989361054,55723.56989361054,1.8189894035458565e-12,6.8469674374682654e-12,0,6.821210263296962e-13
2025-10-29,S18,1199.9999999999995,1199.9999999999998,80354.78652544739,80363.33093205834,76436.4158748545,148.28741644934973,2453.6355821308543,285.5442451503702,23859.298231698263,19326.031567675593,50196.585572102034,5.373312963725766,50201.95888506576,381.96824139610356,50583.927126461866,50583.927126461866,1.1368683772161603e-12,7.65965069149388e-12,0,2.2737367544323206e-13
2025-10-30,S18,1199.9999999999998,1200.0000000000011,72287.26668180396,72426.7891107062,70835.78496848431,1167.514781846367,2556.7136156088204,271.3681057631977,23091.580941887714,18704.180562929054,44785.9237060045,211.46359211243544,44997.38729811693,4107.639458300831,49105.02675641776,49105.02675641776,9.094947017729282e-13,1.254818471352337e-11,0,1.3642420526593924e-12
2025-10-31,S18,1200.0000000000011,1199.9999999999998,37611.02939558799,37633.29308123305,34439.45621962113,57.30082344369271,6322.785433176418,873.1830380308811,17876.29739574137,14479.800890550521,20683.33216604906,25.970920654279325,20709.303086703338,132.0230002975996,20841.326087000936,20841.326087000933,4.547473508864641e-13,5.8690829973784275e-12,0,1.3642420526593924e-12
2025-11-01,S18,1199.9999999999998,1200.0000000000025,35661.33387383059,35661.33387383058,33938.51212960329,219.12319601598654,7350.125569982256,943.658993356067,17472.696468145325,14152.884139197717,19206.99090108503,0.0,19206.99090108503,556.4277751169442,19763.418676201974,19763.418676201974,4.547473508864641e-13,1.4779288903810084e-12,0,2.7284841053187847e-12
2025-11-02,S18,1200.0000000000025,1199.9999999999995,78481.05094732702,78502.9432483611,75000.10038959897,959.9856891998842,2291.8714379178577,139.0535147079346,24909.353646525095,20176.576453685335,49223.36204177303,39.324528653305606,49262.68657042633,3632.805676504719,52895.492246931055,52895.492246931055,9.094947017729282e-13,3.001332515850663e-11,0,2.9558577807620168e-12
2025-11-03,S18,1199.9999999999995,1200.0,82670.68030455653,82715.45844923286,77195.90000920507,131.22209188084082,2960.165339754374,392.61394983660296,23523.22383242931,19053.81130426775,51465.91520698657,80.98928388976492,51546.90449087633,385.69551006603206,51932.600000942366,51932.600000942366,9.094947017729282e-13,1.0913936421275139e-11,0,4.547473508864641e-13
2025-11-04,S18,1200.0,1200.0000000000011,78426.58861849614,78546.44819014482,74870.29604461725,263.57763661684794,2890.878090322899,193.83727246741785,23521.506763739246,19052.420478628796,49063.92662140216,226.63748634950753,49290.56410775167,892.8296188771137,50183.39372662878,50183.39372662878,1.8189894035458565e-12,1.6438406191809918e-11,0,1.1368683772161603e-12
2025-11-05,S18,1200.0000000000011,1200.0,84908.24399097482,85000.638707517,78105.0106880713,251.78391136407453,3626.344469987797,415.2427197812581,24406.24917368233,19769.061830682695,53161.79131418378,110.58990435591113,53272.38121853969,1033.990917180109,54306.3721357198,54306.372135719794,9.094947017729282e-13,5.347544629330514e-11,0,1.1368683772161603e-12
2025-11-06,S18,1200.0,1200.0000000000032,79595.39493061256,79659.58732970546,76659.6614676844,338.81382665842784,803.6270301306104,413.69323128291524,23218.792015417363,18807.221532488067,49664.92622730415,114.96132855985343,49779.88755586401,1469.3680258925763,51249.25558175658,51249.25558175658,1.8189894035458565e-12,5.5912607876962284e-11,0,3.183231456205249e-12
2025-11-07,S18,1200.0000000000032,1200.0000000000014,35727.640176150744,35881.60583001414,34782.22995190954,323.6496743870573,7673.239308894254,584.5283411400555,18577.106278573436,15047.456085644488,18868.537259729874,259.5116393338467,19128.04889906372,1180.1588816092672,20308.207780672987,20308.207780672987,4.547473508864641e-13,3.183231456205249e-12,0,1.8189894035458565e-12
2025-11-08,S18,1200.0000000000014,1200.0000000000018,37317.18325304301,37317.18325304301,35345.156153421834,126.84493209987937,7392.712224185009,755.6963444862524,18591.50219394981,15059.116777099356,19880.58035082534,0.0,19880.58035082534,376.9987817287346,20257.579132554074,20257.579132554074,2.6716406864579767e-12,7.275957614183426e-12,0,4.547473508864641e-13
2025-11-09,S18,1200.0000000000018,1200.0000000000014,81339.13420075997,81372.95146019002,78306.18567231839,273.57068346213987,2441.020160214452,233.53062673322154,23991.517818418324,19433.129432918846,50933.37843779239,49.581988785852445,50982.96042657824,1062.2701191158528,52045.230545694096,52045.230545694096,1.8189894035458565e-12,5.368150368667557e-11,0,4.547473508864641e-13
2025-11-10,S18,1200.0000000000014,1200.0000000000005,81346.18785239378,81367.95206548963,78967.2963763605,693.9126374007637,1027.897542857458,238.2465294380704,23876.957060345863,19340.33521888016,51022.636380294585,34.90057168420026,51057.536951978786,2458.529577804032,53516.066529782816,53516.06652978281,1.8189894035458565e-12,4.8050452505776775e-12,0,9.094947017729282e-13
2025-11-11,S18,1200.0000000000005,1200.0000000000045,84934.3517732882,84951.94859279986,79793.71848785075,136.146336343224,3483.2479594487518,282.7569972674013,24236.001056900743,19631.160856089606,53653.42005769264,33.55329806621012,53686.97335575885,423.91523738650534,54110.888593145355,54110.888593145355,9.094947017729282e-13,2.6009416842498467e-11,0,4.092726157978177e-12
2025-11-12,S18,1200.0000000000045,1200.0000000000018,81553.73065900529,81694.80473620602,76970.42054669067,215.1382392162941,1444.4106630263868,259.1337991474792,23821.192493332182,19295.165919599072,51133.35975798852,247.46194466921588,51380.82170265773,927.5311206490861,52308.35282330682,52308.35282330682,9.094947017729282e-13,2.957634137601417e-12,0,2.7284841053187847e-12
2025-11-13,S18,1200.0000000000018,1200.000000000001,79623.94174944758,79632.95375449117,77407.5090779099,2100.201528576379,2651.9871955399003,36.51606127356456,23280.71596318994,18857.379930183855,50070.17821161812,13.343625267792959,50083.52183688591,8225.563523086788,58309.0853599727,58309.0853599727,1.1368683772161603e-12,2.0246027077064355e-11,0,9.094947017729282e-13
2025-11-14,S18,1200.000000000001,1200.0000000000005,36399.95707153127,36404.14062074177,34953.55854813647,244.6280951159311,3616.762897928947,512.035988646976,18268.065561455067,14797.133104778606,19562.492590959766,2.641283794047922,19565.133874753814,875.2913117983976,20440.425186552213,20440.425186552213,1.8189894035458565e-12,8.622436098448816e-12,0,4.547473508864641e-13
2025-11-15,S18,1200.0000000000005,1200.0,41429.653200033215,41433.30347280135,39042.64312284174,170.91555903593178,6747.8347407643505,518.4770687191369,19659.789240671114,15924.429284943597,21832.616098946113,2.3045997121625987,21834.920698658276,630.6787801588155,22465.59947881709,22465.59947881709,9.094947017729282e-13,8.640199666842818e-12,0,4.547473508864641e-13
2025-11-16,S18,1200.0,1200.0000000000023,83325.14622193898,83330.48301071579,80407.07151973419,494.39030891222495,1660.2550318051547,233.548144560452,24069.02246814479,19495.908199197278,52486.20175237561,7.078530186015996,52493.28028256162,1929.4360475275698,54422.71633008919,54422.71633008919,1.8189894035458565e-12,1.2425971362972632e-10,0,2.2737367544323206e-12
2025-11-17,S18,1200.0000000000023,1200.0000000000005,80137.68170113035,80141.9527272738,77375.88970908427,717.6079915846709,593.1332861776948,371.9796675889726,23329.633755625884,18897.003342056985,50477.18147774445,2.7084467398308334,50479.88992448428,2381.54194074825,52861.43186523253,52861.431865232524,9.094947017729282e-13,2.375877272697835e-11,0,1.8189894035458565e-12
2025-11-18,S18,1200.0000000000005,1200.0000000000005,84255.38107072028,84265.76638065836,80383.03377951578,632.9990485605687,1130.1234239644773,269.20448698534085,24874.489914700844,20148.336830907694,53023.50806975669,17.84820416682487,53041.35627392351,2610.953624470447,55652.309898393956,55652.309898393956,9.094947017729282e-13,4.213518423057394e-12,0,0.0
2025-11-19,S18,1200.0000000000005,1199.9999999999995,83465.06072420158,83485.04763424792,80556.59674022881,866.3698003963179,1213.7627934783168,201.14287017897527,24419.73303667268,19779.983759704875,52524.43155051353,27.093606569149415,52551.52515708268,3814.8707809893626,56366.39593807204,56366.39593807203,9.094947017729282e-13,1.7501111670981118e-11,0,9.094947017729282e-13
2025-11-20,S18,1199.9999999999995,1200.0000000000005,81420.30374517322,81423.82743683989,79137.98734438438,1091.498576501859,704.1278398468294,268.7521318229427,23492.26271517438,19028.73279929125,50973.03633793701,2.0396889212497626,50975.07602685826,4452.57363334627,55427.64966020453,55427.64966020453,4.547473508864641e-13,2.6840751843337785e-11,0,9.094947017729282e-13
2025-11-21,S18,1200.0000000000005,1200.0,82695.92011838325,82726.54078310066,52755.47361423113,0.0,14494.749196742934,4963.798499891214,23329.167636475315,18896.625785545006,52004.24759086421,37.66689626266452,52041.91448712687,0.0,52041.91448712687,52041.91448712687,9.094947017729282e-13,1.5916157281026244e-11,0,4.547473508864641e-13
2025-11-22,S18,1200.0,1199.9999999999995,44063.9883031543,44065.38411264553,41243.84150046184,369.3480951216801,7309.753317196072,377.5988090479327,19505.305189506293,15799.297203500093,23066.541195923273,1.6255597334711638,23068.166755656744,1143.69357240139,24211.860328058134,24211.860328058134,9.094947017729282e-13,5.17630383001233e-12,0,4.547473508864641e-13
2025-11-23,S18,1199.9999999999995,1200.0000000000014,82367.67086135306,82385.74449441904,80325.03090665363,880.2500849020842,1233.4228731617836,210.5698694309226,23837.852450682647,19308.66048505294,51860.88696350859,20.27083209412376,51881.15779560271,3701.050587151834,55582.20838275454,55582.20838275454,9.094947017729282e-13,3.1377567211166024e-11,0,1.8189894035458565e-12
2025-11-24,S18,1200.0000000000014,1200.0000000000023,82637.96331839515,82661.04515229005,80105.49223039653,376.174081890608,1595.4500768110056,159.53210733517358,24024.949621794236,19460.20919365334,52197.29055469219,32.35995338174689,52229.65050807394,1344.867248638944,53574.51775671288,53574.51775671288,1.8189894035458565e-12,1.1173284519827575e-11,0,9.094947017729282e-13
2025-11-25,S18,1200.0000000000023,1200.000000000002,93099.84269170018,93116.0595411792,84669.81247130448,141.18528301344531,3591.2341333333325,167.47328794508815,25703.31508617299,20819.68521980012,59544.53411208606,12.348764713584387,59556.882876799646,435.3279667015302,59992.210843501176,59992.21084350117,9.094947017729282e-13,1.546140993013978e-11,0,2.2737367544323206e-13
2025-11-26,S18,1200.000000000002,1200.0000000000023,89197.71304568392,89210.41448735895,83244.64699271864,292.30411375607923,1714.4327913536788,272.4476982240176,25223.177545071994,20430.773811508327,56510.293744358016,8.759441301153856,56519.05318565917,1263.9076679911964,57782.960853650366,57782.960853650366,9.094947017729282e-13,2.97895041967422e-12,0,2.2737367544323206e-13
2025-11-27,S18,1200.0000000000023,1200.0000000000005,86273.31523234962,86297.59652026469,82255.25335436613,225.8674433315349,1781.4317639257742,204.99825664488526,24809.46338838763,20095.66534459399,54579.51377037678,45.92383626411902,54625.4376066409,952.5239732377653,55577.96157987867,55577.96157987866,1.8189894035458565e-12,8.189893208054855e-12,0,1.8189894035458565e-12
2025-11-28,S18,1200.0000000000005,1200.0000000000011,40731.51080469094,40731.51080469094,38812.27946867473,301.282174470721,4040.600790114184,373.52564453183544,19885.245571049563,16107.048912550146,21604.75541624074,3.637978807091713e-12,21604.755416240743,1019.5541336984103,22624.309549939153,22624.30954993915,9.094947017729282e-13,1.0224709967587842e-11,0,6.821210263296962e-13
2025-11-29,S18,1200.0000000000011,1200.0000000000039,50038.858813256884,50047.78304447049,44739.37751558198,331.9321386706674,5757.729722748573,498.6485499138553,20449.901482053872,16564.42020046364,26120.807621559354,5.634313376707723,26126.44193493606,870.9048042248942,26997.346739160956,26997.346739160956,9.094947017729282e-13,1.9099388737231493e-11,0,2.7284841053187847e-12
2025-11-30,S18,1200.0000000000039,1199.9999999999995,87992.42716817146,88003.69208314214,84597.40720822704,1065.2234652129425,707.4507079515322,84.68461778687299,24345.617005446973,19719.949774412067,55496.25142200313,7.112104066756729,55503.36352606989,4720.274636422944,60223.63816249283,60223.638162492825,9.094947017729282e-13,1.9948487306464813e-12,0,4.320099833421409e-12
2025-12-01,S18,1199.9999999999995,1200.0000000000027,91130.150175691,91130.15017569107,88871.28005301472,3216.665811046083,798.9548280536811,144.00700790781514,25505.559446136816,20659.503151370835,58410.32256536738,7.275957614183426e-12,58410.32256536739,10238.088320645744,68648.41088601312,68648.41088601312,9.094947017729282e-13,3.001332515850663e-11,0,3.183231456205249e-12
2025-12-02,S18,1200.0000000000027,1199.9999999999995,99435.28056365487,99451.11587792827,93997.2769073278,1014.5074567605753,1060.6366853844556,430.8393338704751,25697.359972807608,20814.861577974174,63957.06668510049,21.92510561344534,63978.99179071394,3698.660474668695,67677.65226538264,67677.65226538264,1.8189894035458565e-12,7.476685937035654e-12,0,3.183231456205249e-12
2025-12-03,S18,1199.9999999999995,1200.0000000000005,93063.14395978178,93072.30963141695,90150.32006665603,2666.264379268985,562.2904054774331,365.5571930253908,24873.622530292287,20147.634249536757,59506.50011690741,12.467146558170498,59518.96726346558,8736.679106083602,68255.64636954918,68255.64636954918,9.094947017729282e-13,3.54702933691442e-11,0,9.094947017729282e-13
2025-12-04,S18,1200.0000000000005,1200.0000000000014,100365.37627199345,100384.86033916475,92942.10077927653,500.31095396037273,1637.7330785464444,153.28610753152225,25685.177879784147,20804.994082625166,64831.81433611098,26.80893944669515,64858.62327555768,2299.728901127747,67158.35217668542,67158.35217668542,9.094947017729282e-13,7.204015162187716e-11,0,9.094947017729282e-13
2025-12-05,S18,1200.0000000000014,1199.999999999999,49262.29620978137,49262.29620978137,47240.42474516335,720.1350399829239,2160.619619735137,384.26193588737783,21600.266032581112,17496.2154863907,25802.417268332094,0.0,25802.417268332094,2371.402769267113,28173.820037599206,28173.820037599202,1.8189894035458565e-12,1.000444171950221e-11,0,2.2737367544323206e-12
2025-12-06,S18,1199.999999999999,1200.0000000000007,57121.106022969245,57124.00968541538,52574.133979925864,82.44840652707572,3766.0165345569626,1053.6910566343345,21959.17883471029,17786.934856115335,30868.906390618853,3.3816052847760147,30872.28799590363,233.99160867471383,31106.279604578343,31106.279604578343,9.094947017729282e-13,1.397104654188297e-12,0,1.5916157281026244e-12
2025-12-07,S18,1200.0000000000007,1200.0,103972.64857025545,103972.64857025548,94872.92338662263,468.5895067478532,2611.8657976723334,141.5413678455592,25975.918304487255,21040.493826634687,67227.63202507599,0.0,67227.63202507599,2228.2928116542466,69455.92483673024,69455.92483673024,2.2737367544323206e-13,1.0800249583553523e-12,0,6.821210263296962e-13
2025-12-08,S18,1200.0,1200.0000000000023,107270.7517487442,107302.22418488108,95302.21633161473,50.8837184270086,2270.0316234771126,351.9106347715076,25704.98250066581,20821.035825539315,69538.11775256897,42.393874492743635,69580.51162706171,266.6343687501145,69847.14599581184,69847.14599581184,9.094947017729282e-13,1.4087042643495806e-10,0,2.2737367544323206e-12
2025-12-09,S18,1200.0000000000023,1199.9999999999993,101148.07006168031,101148.40125000528,93746.49008013362,392.14610410771945,1735.9516080114745,133.8305297457373,25686.31463061839,20805.914850800906,65310.92598982379,0.2089827005256666,65311.13497252431,1715.7102854642942,67026.8452579886,67026.8452579886,1.7053025658242404e-12,1.5262457964126952e-11,0,2.9558577807620168e-12
2025-12-10,S18,1199.9999999999993,1200.0000000000005,96711.84818840848,96716.2566583153,93607.046757687,906.4770126083097,1037.1841166492165,205.79925147547624,25699.589134231213,20816.667198727286,61920.3331757641,2.551842805580236,61922.88501856968,3301.3789339339155,65224.26395250359,65224.263952503585,9.094947017729282e-13,3.694822225952521e-12,0,1.1368683772161603e-12
2025-12-11,S18,1200.0000000000005,1200.0000000000005,101171.02408580459,101253.83715896394,92828.6659670982,249.4207819005701,1933.3516761723722,298.8162671200861,25708.75845108598,20824.094345379657,65188.20837952166,149.68859365319076,65337.89697317485,819.4745372925273,66157.37151046738,66157.37151046738,9.094947017729282e-13,1.000444171950221e-11,0,0.0
2025-12-12,S18,1200.0000000000005,1200.0000000000002,54181.26631499763,54181.266314997614,51002.51969939815,272.1689857034705,2660.7593843267628,813.39586723188,21505.894474787645,17419.774524578002,28643.441609359896,0.0,28643.441609359896,972.936985726279,29616.378595086175,29616.378595086175,4.547473508864641e-13,1.0363265801061061e-11,0,2.2737367544323206e-13
2025-12-13,S18,1200.0000000000002,1200.0000000000023,56172.86813391169,56172.86813391168,51941.991241683885,192.41693192891196,3457.1002662487326,744.011719072312,21761.909499781323,17627.14669482286,30004.17824546918,3.637978807091713e-12,30004.178245469182,872.5386940088516,30876.716939478032,30876.716939478032,9.094947017729282e-13,6.721734280290548e-12,0,2.0463630789890885e-12
2025-12-14,S18,1200.0000000000023,1200.0,95524.85036680868,95524.85036680874,92750.8279574911,1244.0753599717902,259.3989497792887,149.84080695238663,25299.69347753272,20492.75171680152,61066.5673916488,0.0,61066.5673916488,4656.565318038073,65723.13270968688,65723.13270968686,2.0463630789890885e-12,6.409095476556104e-12,0,2.2737367544323206e-12
2025-12-15,S18,1200.0,1200.000000000001,96182.68379459981,96190.51279394972,93434.92871655557,1411.2490863742985,412.38846475332014,153.16883686868186,25321.381761269484,20510.319226628293,61454.731082720944,13.341919028236589,61468.07300174918,5024.156471303689,66492.22947305287,66492.22947305287,1.8189894035458565e-12,2.1788792992083472e-11,0,9.094947017729282e-13
2025-12-16,S18,1200.000000000001,1200.0,101804.76400116905,101824.72795241229,95802.2815114147,187.96202064718295,1520.5615873832141,169.23425292915203,25696.6124127169,20814.25605430069,65835.50309268021,27.69329359215044,65863.19638627236,650.8560918027713,66514.05247807513,66514.05247807513,2.2737367544323206e-13,2.4996893444040325e-11,0,9.094947017729282e-13
2025-12-17,S18,1200.0,1200.0000000000027,101681.48153593048,101683.74827729877,94713.86843592458,267.5027001140959,1679.352290634658,297.2681397806989,25331.071783982294,20518.168145025666,65524.08374792826,3.15123569752177,65527.234983625785,1067.8357398226776,66595.07072344846,66595.07072344846,9.094947017729282e-13,5.437570532729197e-12,0,2.7284841053187847e-12
2025-12-18,S18,1200.0000000000027,1200.0000000000002,97540.62115845343,97566.78031895698,92884.96197826297,255.9578229279898,821.0057498242098,198.74499081068404,25025.80049415511,20270.89840026565,62886.748487836245,36.4753632120337,62923.22385104828,897.70505404742,63820.9289050957,63820.9289050957,9.094947017729282e-13,1.2825296380469808e-11,0,2.5011104298755527e-12
2025-12-19,S18,1200.0000000000002,1200.000000000001,53469.577915230555,53510.25945181785,50444.22533551283,478.31376746335854,2759.472593799819,1085.3682348643615,21943.720917431598,17774.413943119587,28440.43863924931,46.805598866198125,28487.24423811551,1605.2308276964757,30092.475065811985,30092.47506581198,9.094947017729282e-13,1.4782841617488884e-11,0,6.821210263296962e-13
2025-12-20,S18,1200.000000000001,1200.000000000001,53142.48029943396,53142.48029943399,50505.210523088615,350.029236651222,3132.028482063451,660.4327567680473,22139.085636359694,17932.659365451364,28410.55487580988,0.0,28410.55487580988,1006.661435958388,29417.21631176827,29417.21631176827,2.5579538487363607e-12,5.770939282001564e-12,0,0.0
2025-12-21,S18,1200.000000000001,1199.9999999999998,100632.36431400132,100632.36431400127,95061.72781810543,284.1419125807774,1301.0214419646254,148.5758275302943,25571.003129077286,20712.512534552603,64502.741113481534,0.0,64502.741113481534,1417.0135001348872,65919.75461361642,65919.75461361642,9.094947017729282e-13,1.9383605831535533e-11,0,1.1368683772161603e-12
2025-12-22,S18,1199.9999999999998,1200.000000000001,97827.57836661529,97839.50861680503,94188.44396325923,463.83100325013595,813.3578257899328,80.63317399863308,25372.93096519724,20552.074081809777,63045.18613645047,16.715513497132633,63061.901649947606,1800.8112684316231,64862.71291837923,64862.71291837923,9.094947017729282e-13,2.4556356947869062e-11,0,1.1368683772161603e-12
2025-12-23,S18,1200.000000000001,1200.0,99974.47172653396,99974.47172653394,93524.20152204181,125.05475670139299,1354.6659004375524,182.58036901985633,25546.9340839602,20693.016608007772,64305.25550474371,0.0,64305.25550474371,549.4125235640486,64854.66802830776,64854.66802830776,9.094947017729282e-13,4.978240042419202e-12,0,9.094947017729282e-13
2025-12-24,S18,1200.0,1199.9999999999995,99597.58312742441,99616.32085995155,94188.8982610491,125.22279300922202,1465.6536205669654,109.65586992613692,25706.590773150165,20822.338526251646,64364.814184784394,32.8154279644441,64397.62961274884,526.808389144357,64924.4380018932,64924.43800189319,9.094947017729282e-13,3.092281986027956e-11,0,4.547473508864641e-13
2025-12-25,S18,1199.9999999999995,1200.0000000000002,96065.07910393729,96149.96195107234,92456.20520367248,943.9669894178361,695.0164042023138,155.60715238494777,24932.105806156556,20195.00570298681,61379.46986630725,158.69850361161662,61538.168369918865,3316.9134628630236,64855.081832781885,64855.081832781885,9.094947017729282e-13,3.704059281517402e-11,0,6.821210263296962e-13
2025-12-26,S18,1200.0000000000002,1200.0000000000005,51779.471459028755,51783.8220951809,49164.46421788168,560.8219314572332,1484.463410764136,1121.6518870611455,21639.72851673836,17528.18009855807,27481.37940870801,6.090020485771674,27487.46942919378,1535.5335561580403,29023.00298535182,29023.00298535182,9.094947017729282e-13,2.0200729977659648e-11,0,2.2737367544323206e-13
2025-12-27,S18,1200.0000000000005,1200.0,43791.118927463365,43882.21163389531,43687.49025579514,5082.011667557329,1033.8054286152328,443.58530869993115,20806.85325984542,16853.551140474778,22063.666602434743,133.59400862189068,22197.260611056634,20615.139064355575,42812.399675412205,42812.399675412205,1.8189894035458565e-12,2.183497826990788e-11,0,4.547473508864641e-13
2025-12-28,S18,1200.0,1200.0000000000005,102244.9401147543,102244.94011475425,94368.99071731007,41.27192579181349,1957.4526280869522,754.0827506604902,25734.065865023687,20844.593350669198,66498.32091885839,0.0,66498.32091885839,94.67457776664143,66592.99549662502,66592.99549662502,2.2737367544323206e-13,8.185452315956354e-12,0,4.547473508864641e-13
2025-12-29,S18,1200.0000000000005,1200.000000000001,102620.88188614302,102620.88188614302,94292.71535934378,15.6551794205634,1329.420719998912,577.732202774065,25670.796575393222,20793.345226068523,66080.9493470653,1.4551915228366852e-11,66080.94934706531,39.33363829416554,66120.28298535947,66120.28298535947,9.094947017729282e-13,3.871036824421026e-11,0,4.547473508864641e-13
2025-12-30,S18,1200.000000000001,1200.000000000001,96863.62579943359,96946.92472083519,92178.45640354535,318.6526177917036,1065.3665152128724,361.4295541675772,25504.791326087685,20658.880974131025,61931.91364903668,155.05192514399823,62086.96557418068,1315.7769352615464,63402.74250944222,63402.742509442214,9.094947017729282e-13,1.1507239605634823e-11,0,0.0
2025-12-31,S18,1200.000000000001,6000.000000000001,106882.50359330713,106882.50359330713,99744.16186702791,289.38419987732715,1081.301971286752,172.53304312853777,30596.25325871912,20462.965139562493,67385.78981979951,1.4551915228366852e-11,67385.78981979952,986.0718142041833,68371.86163400371,68371.86163400371,9.094947017729282e-13,2.5336177600365772e-11,0,0.0
