date,strategy,soc_initial_kwh,soc_final_kwh,zero_plan_kwh,final_plan_kwh,used_plan_kwh,emergency_kwh,curtail_kwh,spill_kwh,charge_kwh,discharge_kwh,plan_cost_yuan,adjustment_cost_yuan,market_cost_yuan,emergency_cost_yuan,total_cost_yuan,alternative_total_cost_yuan,max_solver_eq_residual,max_solver_ub_violation,simultaneous_charge_discharge_count,soft_terminal_deviation_kwh
2025-02-01,S0,6000.0,6000.000000000002,51973.04537142101,51973.04537142101,45366.65590572094,35.51561408291121,5497.8440063854805,1353.2065621695197,21962.86851534479,17789.923497429292,22265.771511550556,3.637978807091713e-12,22265.77151155056,150.4729839090279,22416.24449545959,22416.244495459585,6.821210263296962e-13,5.572431405198586e-12,0,1.8189894035458565e-12
2025-02-02,S0,6000.000000000002,6000.000000000002,98559.74949093309,98559.74949093306,86187.53322747136,43.53761863035298,2887.1679833333333,427.62491276836715,23999.999999999996,19439.999999999996,70199.71174861351,1.4551915228366852e-11,70199.71174861352,146.48125808453491,70346.19300669806,70346.19300669804,9.094947017729282e-13,1.1641532182693481e-10,0,0.0
2025-02-03,S0,6000.000000000002,6000.000000000003,102613.76966983217,102613.76966983212,88287.18132214987,0.0,2962.630183333333,411.3435612445346,24717.321460905343,20021.030383333335,74363.960795899,1.4551915228366852e-11,74363.96079589901,0.0,74363.96079589901,74363.960795899,4.547473508864641e-13,0.0,0,9.094947017729282e-13
2025-02-04,S0,6000.000000000003,6000.000000000003,99061.26551736028,99061.26551736025,88978.27832241022,156.36882388665867,2701.990812372706,350.36954460217373,25723.278101694686,20835.855262372697,71743.81605394621,1.4551915228366852e-11,71743.81605394623,424.53896044546,72168.35501439168,72168.35501439168,1.8189894035458565e-12,6.467359980888432e-11,0,0.0
2025-02-05,S0,6000.000000000003,6000.000000000004,90908.14000072557,90908.14000072556,86337.08546303991,737.6237583519192,1303.516040900154,177.37209355678897,25502.074229481903,20656.680125880343,64197.75886585685,0.0,64197.75886585685,3142.276838557995,67340.03570441484,67340.03570441484,9.094947017729282e-13,1.7280399333685637e-11,0,9.094947017729282e-13
2025-02-06,S0,6000.000000000004,6000.000000000004,96927.70547936614,96927.70547936615,86586.34878850721,150.48152127260744,1535.3409370899446,243.76548935658127,24666.66666666666,19979.999999999996,69372.70841441659,0.0,69372.70841441659,647.6838275929426,70020.39224200953,70020.39224200953,2.2737367544323206e-13,8.483880264975596e-12,0,0.0
2025-02-07,S0,6000.000000000004,6000.000000000007,50087.89787723667,50087.89787723666,43927.79280126708,23.514734945149655,6807.085945714964,849.3997085754465,23627.06429081663,19137.92207556147,20749.53386568226,0.0,20749.53386568226,71.5374335875965,20821.071299269857,20821.071299269857,1.8189894035458565e-12,2.1159962670935784e-11,0,3.637978807091713e-12
2025-02-08,S0,6000.000000000007,6000.000000000007,38348.136630072,38348.136630072,37194.246616299235,1018.8108768392884,2104.5104369697124,478.05100616881566,21333.333333333332,17280.0,15563.278520179432,0.0,15563.278520179432,3105.4612173842734,18668.739737563705,18668.739737563705,1.8189894035458565e-12,4.0669689838068734e-12,0,0.0
2025-02-09,S0,6000.000000000007,6000.000000000008,91145.67187938344,91145.67187938342,85980.3437690725,209.66430441274343,1936.9856744112221,200.93976574071155,23666.66666666667,19170.000000000015,64225.07979055305,0.0,64225.07979055305,903.3700044193054,65128.44979497235,65128.44979497235,4.547473508864641e-13,4.2378545117571775e-11,0,9.094947017729282e-13
2025-02-10,S0,6000.000000000008,6000.000000000009,88297.53539739022,88297.5353973903,81515.50010262405,153.07421607241062,2476.9741110238324,347.9033801896595,23773.99602184013,19256.93677769051,60104.79184914814,1.4551915228366852e-11,60104.791849148154,602.2176166994283,60707.00946584758,60707.00946584757,9.094947017729282e-13,4.4217074446351035e-11,0,9.094947017729282e-13
2025-02-11,S0,6000.000000000009,6000.000000000011,89516.65106397137,89516.65106397135,82356.09576455459,225.84706248993155,2458.3938375450402,167.96880976264163,24920.9634021239,20185.980355720363,61610.13212701812,-7.275957614183426e-12,61610.132127018114,1127.2264867187528,62737.35861373687,62737.35861373687,4.547473508864641e-13,1.3926637620897964e-11,0,1.8189894035458565e-12
2025-02-12,S0,6000.000000000011,6000.000000000013,88116.66602642348,88116.66602642351,82046.92766569216,368.12561350793,2263.4155441508688,166.56826838257382,24833.33333333333,20114.999999999996,60012.78229964606,7.275957614183426e-12,60012.78229964607,1642.493963557952,61655.27626320402,61655.27626320401,4.547473508864641e-13,2.3636204105059733e-11,0,1.8189894035458565e-12
2025-02-13,S0,6000.000000000013,6000.0000000000155,83899.72168206495,83899.72168206495,78342.15515603304,398.4138996109282,2666.7090228918187,211.47968672074705,23857.375417709027,19324.474088344316,55881.0032934778,7.275957614183426e-12,55881.00329347781,1383.9911559499994,57264.9944494278,57264.994449427795,9.094947017729282e-13,2.496847173460992e-11,0,2.7284841053187847e-12
2025-02-14,S0,6000.0000000000155,6000.0000000000155,41304.30798300468,41304.30798300469,39357.96124238143,400.743905585128,5648.224907164849,455.5925465772789,20279.399355567148,16426.313478009397,16648.996568692277,3.637978807091713e-12,16648.99656869228,1173.4414004225248,17822.437969114806,17822.437969114802,9.094947017729282e-13,2.4442670110147446e-12,0,0.0
2025-02-15,S0,6000.0000000000155,6000.000000000016,41538.48767942778,41538.48767942778,39033.23871123048,534.881790626613,5955.580692418119,445.89671341318996,20455.536821188307,16568.98482516254,17386.518559889322,7.275957614183426e-12,17386.51855988933,2032.6209948699334,19419.139554759262,19419.139554759262,9.094947017729282e-13,7.855049943827908e-12,0,9.094947017729282e-13
2025-02-16,S0,6000.000000000016,6000.000000000018,88645.90053041167,88645.90053041163,82663.6221713917,622.0042073992809,3047.023816704707,142.89012875293827,24833.333333333325,20115.0,60839.6900832533,-7.275957614183426e-12,60839.69008325329,2442.1368595316044,63281.82694278489,63281.82694278489,9.094947017729282e-13,1.4388490399142029e-11,0,1.8189894035458565e-12
2025-02-17,S0,6000.000000000018,6000.000000000019,91432.02443175152,91432.02443175155,79988.51030247651,117.3016734668608,4211.963034446553,67.05033339559873,24436.502323339733,19793.566881905186,62088.58958405256,0.0,62088.58958405256,573.1449618862758,62661.73454593884,62661.73454593884,9.094947017729282e-13,5.60262947146839e-12,0,9.094947017729282e-13
2025-02-18,S0,6000.000000000019,6000.000000000021,80657.51275524494,80657.51275524494,77419.00165360968,687.7177154822069,1316.7991255232873,228.00888136396543,23529.071467743626,19058.547888872345,53259.14166113222,0.0,53259.14166113222,2668.0398077725617,55927.18146890478,55927.18146890478,9.094947017729282e-13,3.751665644813329e-11,0,1.8189894035458565e-12
2025-02-19,S0,6000.000000000021,6000.000000000024,83544.18554281496,83544.18554281491,79673.1110829937,277.94692307774204,1967.1545704997297,169.53980473589763,25973.874986855215,21038.838739352726,55407.125842521746,0.0,55407.125842521746,1187.2966888201474,56594.422531341894,56594.422531341894,4.547473508864641e-13,3.345945742694312e-11,0,2.7284841053187847e-12
2025-02-20,S0,6000.000000000024,6000.0000000000255,84337.3022763469,84337.3022763469,77595.74385422535,244.57644265043564,2109.458855488086,177.72770805433117,23999.999999999996,19440.0,56167.799194137406,0.0,56167.799194137406,1253.586405078037,57421.38559921544,57421.385599215435,4.547473508864641e-13,1.0629719326971099e-11,0,1.8189894035458565e-12
2025-02-21,S0,6000.0000000000255,6000.000000000027,38923.41664734608,38923.41664734607,36960.51946051623,300.2018473695291,6918.1516366378555,861.3763326966559,20636.480553778532,16715.54924856062,15840.371146608119,3.637978807091713e-12,15840.371146608122,806.2122418656932,16646.583388473817,16646.583388473813,2.2737367544323206e-12,1.8616219676914625e-12,0,1.8189894035458565e-12
2025-02-22,S0,6000.000000000027,6000.000000000035,38897.20840717339,38897.2084071734,36753.1191043471,307.5923381458926,4737.904539898749,571.8938450937571,20558.68512719545,16652.534953028313,16014.04578816567,5.4569682106375694e-12,16014.045788165675,981.6217561564631,16995.66754432214,16995.66754432214,9.094947017729282e-13,7.405631663459644e-12,0,7.275957614183426e-12
2025-02-23,S0,6000.000000000035,6000.000000000034,83591.3331371767,83591.33313717673,77736.18693926468,284.48715637101714,1770.5248682385024,141.41922135055256,24088.822751122738,19511.946428409425,55474.782449619815,2.1827872842550278e-11,55474.78244961984,1050.3225158595874,56525.104965479426,56525.10496547942,1.8189894035458565e-12,2.3258839298989642e-11,0,9.094947017729282e-13
2025-02-24,S0,6000.000000000034,6000.0000000000355,79357.52464871747,79357.52464871747,74743.56839696832,670.4993846188925,2433.1850029542684,239.21254202904026,23887.561157564323,19348.924537627103,52465.23536988837,0.0,52465.23536988837,2612.925046911481,55078.160416799845,55078.160416799845,4.547473508864641e-13,1.9980461729574017e-11,0,1.8189894035458565e-12
2025-02-25,S0,6000.0000000000355,6000.0000000000355,81904.59036399954,81904.59036399957,74117.19928499669,266.05315349839753,3918.249784615994,238.8012538773728,23183.569298254653,18778.691131586274,53363.925799384975,0.0,53363.925799384975,1092.2024106854851,54456.12821007046,54456.128210070456,4.547473508864641e-13,3.183231456205249e-11,0,0.0
2025-02-26,S0,6000.0000000000355,6000.0000000000355,75922.27335136075,75922.27335136078,73550.18494891204,911.2529139029488,1053.006991462713,153.31014552281044,23369.85627629548,18929.583583799336,49001.18482395457,0.0,49001.18482395457,3768.7334374638212,52769.918261418396,52769.918261418396,1.3642420526593924e-12,1.3004708421249234e-11,0,0.0
2025-02-27,S0,6000.0000000000355,6000.000000000039,77698.15807570732,77698.15807570734,72751.61817788392,96.19781540413366,1389.6296348303338,100.46215073748829,23163.894777474903,18762.754769754672,49454.8260404413,0.0,49454.8260404413,566.4308169127984,50021.2568573541,50021.25685735409,9.094947017729282e-13,1.248423586730496e-11,0,3.637978807091713e-12
2025-02-28,S0,6000.000000000039,6000.00000000004,35746.65759417665,35746.65759417665,34290.120790804256,262.19602817614816,6952.784937040468,569.342198758084,19671.55859569395,15933.962462512096,14280.657154460097,0.0,14280.657154460097,807.4186898599133,15088.07584432001,15088.075844320008,9.094947017729282e-13,1.816147232602816e-11,0,9.094947017729282e-13
2025-03-01,S0,6000.00000000004,6000.000000000038,43160.610226813005,43160.61022681301,38458.94936676149,43.41337081010994,10067.299106070288,838.4242330367301,20725.649816480225,16787.776351348984,16971.004622391956,3.637978807091713e-12,16971.00462239196,133.7664215684403,17104.7710439604,17104.7710439604,1.8189894035458565e-12,1.4061640740692383e-11,0,1.8189894035458565e-12
2025-03-02,S0,6000.000000000038,6000.00000000004,83304.30368166513,83304.30368166514,78384.84684756718,726.7994201194098,1582.866580320483,164.1128355341574,26349.262027185687,21342.902242020416,54658.69590529661,0.0,54658.69590529661,3445.4372168925806,58104.133122189196,58104.133122189196,9.094947017729282e-13,9.137579581874888e-12,0,1.8189894035458565e-12
2025-03-03,S0,6000.00000000004,6000.000000000043,84874.99732229047,84874.99732229044,77941.45805582465,801.4391919859406,1960.9971115469211,187.40933302615292,24091.28510475875,19513.940934854592,56221.7745579858,1.4551915228366852e-11,56221.77455798582,3494.373847297753,59716.14840528357,59716.14840528356,9.094947017729282e-13,0.0,0,2.7284841053187847e-12
2025-03-04,S0,6000.000000000043,6000.000000000044,75888.02938155335,75888.02938155335,73412.4229332219,1414.8244633453023,826.9182920050906,314.5296092808147,23612.32401025243,19125.98244830448,49128.33557175768,0.0,49128.33557175768,4962.968655674118,54091.3042274318,54091.304227431785,2.2737367544323206e-13,3.269207127232221e-11,0,9.094947017729282e-13
2025-03-05,S0,6000.000000000044,6000.000000000045,79040.92208211371,79040.9220821137,73747.75286301061,154.75218256832198,2955.4608328688887,195.08570761499925,24323.613096991525,19702.12660856314,50247.88087560641,0.0,50247.88087560641,750.4580997600665,50998.338975366474,50998.33897536647,5.684341886080801e-13,6.423306331271306e-12,0,9.094947017729282e-13
2025-03-06,S0,6000.000000000045,6000.000000000046,75140.59033620401,75140.590336204,71717.73045468947,477.8071040398341,1358.681175939867,394.23755392226553,23694.551029125578,19192.586333591724,47725.56890884186,7.275957614183426e-12,47725.568908841866,2112.790398525754,49838.35930736762,49838.35930736762,4.547473508864641e-13,3.959499395023158e-12,0,1.8189894035458565e-12
2025-03-07,S0,6000.000000000046,6000.000000000049,37599.19644821371,37599.19644821372,33389.97528264795,58.27829636354727,7938.352351024569,881.4410760691264,19506.182203076103,15800.007584491641,14957.21705543131,0.0,14957.21705543131,88.29733503820535,15045.514390469516,15045.514390469514,9.094947017729282e-13,1.3642420526593924e-12,0,2.7284841053187847e-12
2025-03-08,S0,6000.000000000049,6000.000000000051,32440.337786389493,32440.337786389486,31557.463649591456,792.2852662442708,8846.967511445133,502.5317093854773,20721.632517570804,16784.52233923235,12815.633597647182,0.0,12815.633597647182,2003.2149369917893,14818.848534638972,14818.848534638972,1.3642420526593924e-12,2.6076918402395677e-12,0,1.8189894035458565e-12
2025-03-09,S0,6000.000000000051,6000.000000000055,77829.0076399703,77829.00763997031,71241.71136238136,712.9366282562208,3735.785192899191,178.85513879651432,24770.961099694043,20064.47849075218,48292.993563423304,-7.275957614183426e-12,48292.9935634233,3433.986103659819,51726.97966708311,51726.97966708311,9.094947017729282e-13,3.561861916523412e-11,0,3.637978807091713e-12
2025-03-10,S0,6000.000000000055,6000.000000000055,76476.7374676956,76476.73746769555,73245.55239159627,875.4767531623991,1534.5519300344715,183.51371724779563,22952.063407770693,18591.171360294262,49335.65669107271,0.0,49335.65669107271,4135.36834498498,53471.02503605769,53471.02503605769,3.410605131648481e-13,8.270717444247566e-12,0,0.0
2025-03-11,S0,6000.000000000055,6000.000000000056,67289.34478486708,67289.34478486709,65102.33562088557,3768.740772821503,271.41588041172395,308.5235369262407,22906.411454574234,18554.193278205134,41975.70418099155,-7.275957614183426e-12,41975.704180991546,14948.278623036107,56923.982804027655,56923.982804027655,1.8189894035458565e-12,0.0,0,1.8189894035458565e-12
2025-03-12,S0,6000.000000000056,6000.000000000056,76063.39451608589,76063.3945160859,70330.01602713365,392.07861273954734,3605.4843658500713,199.42270807737214,23587.646750591673,19105.99386797926,47445.393923673124,7.275957614183426e-12,47445.39392367313,1255.816773931072,48701.210697604205,48701.210697604205,9.094947017729282e-13,1.0249578963339445e-11,0,0.0
2025-03-13,S0,6000.000000000056,6000.000000000058,77213.61438738651,77213.6143873865,73598.5956333415,890.251537286965,2546.163924779094,81.75713248753812,22712.147877343097,18396.83978064791,49416.38101336766,0.0,49416.38101336766,4067.4053061624204,53483.78631953008,53483.78631953008,9.094947017729282e-13,4.4941828036826337e-11,0,1.8189894035458565e-12
2025-03-14,S0,6000.000000000058,6000.00000000006,34583.91382089711,34583.91382089712,32575.903772429006,96.95414499150593,11783.322228569863,711.7763721839813,21833.333333333387,17685.000000000055,13238.93713639548,0.0,13238.93713639548,295.1488780770506,13534.08601447253,13534.086014472528,9.094947017729282e-13,6.767919558114954e-12,0,1.8189894035458565e-12
2025-03-15,S0,6000.00000000006,6000.000000000063,32572.407206827997,32572.40720682801,31547.66869384451,353.1333500712526,7086.840061796392,399.7630864199009,18368.809187891926,14878.735442192457,13101.783387739986,1.8189894035458565e-12,13101.783387739988,917.330594529452,14019.11398226944,14019.113982269439,1.8189894035458565e-12,2.4993340730361524e-12,0,2.7284841053187847e-12
2025-03-16,S0,6000.000000000063,6000.0000000000655,73077.35861966596,73077.35861966597,69075.15892259148,962.2615775522574,1955.1048728594824,277.9765622166103,23438.37964070668,18985.087508972414,46067.20477003596,0.0,46067.20477003596,4201.520938892682,50268.72570892864,50268.72570892864,6.821210263296962e-13,2.319211489520967e-11,0,2.7284841053187847e-12
2025-03-17,S0,6000.0000000000655,6000.000000000065,70393.15750281938,70393.15750281939,65143.11775042192,720.2884397842697,3650.841651077429,243.07639215948848,21638.71954545224,17527.362831816314,42044.06210756196,7.275957614183426e-12,42044.062107561964,3375.8155084020555,45419.87761596402,45419.87761596402,1.8189894035458565e-12,0.0,0,9.094947017729282e-13
2025-03-18,S0,6000.000000000065,6000.000000000065,78691.73769758086,78691.73769758087,70308.98244422929,131.765126384468,4715.381512772761,217.2484635865294,23063.995934672614,18681.83670708482,49476.607103751594,7.275957614183426e-12,49476.6071037516,356.41960265012074,49833.026706401724,49833.02670640172,9.094947017729282e-13,0.0,0,0.0
2025-03-19,S0,6000.000000000065,6000.000000000065,66977.20371347113,66977.2037134711,64729.25970083003,783.6604875065055,1353.7831492182722,315.8444246293071,23041.169286783905,18663.34712229496,40636.07192832725,7.275957614183426e-12,40636.071928327256,3187.16022868215,43823.23215700941,43823.2321570094,9.094947017729282e-13,1.1368683772161603e-13,0,0.0
2025-03-20,S0,6000.000000000065,6000.0000000000655,73817.78962320389,73817.78962320392,68682.19289373417,1071.185974065263,2942.1057861929994,150.1214691853961,23432.577872391397,18980.38807663704,45956.59802233065,7.275957614183426e-12,45956.598022330654,4548.302453546661,50504.900475877315,50504.900475877315,4.547473508864641e-13,1.5258905250448151e-12,0,9.094947017729282e-13
2025-03-21,S0,6000.0000000000655,6000.000000000066,31983.940700182116,31983.94070018212,30226.932446524224,485.054130829857,14644.546348128777,484.1079071967167,18683.51476506279,15133.646959700864,12409.680095147376,1.8189894035458565e-12,12409.680095147378,1315.4272312543042,13725.107326401681,13725.10732640168,9.094947017729282e-13,2.6343371928305714e-12,0,9.094947017729282e-13
2025-03-22,S0,6000.000000000066,6000.000000000065,33819.8987271571,33819.8987271571,31569.39532881922,101.21483903795604,11127.318901627837,761.0420253353295,20531.839513477276,16630.790005916602,13262.036603943561,0.0,13262.036603943561,177.85396607995042,13439.890570023512,13439.890570023512,9.094947017729282e-13,8.690825836765725e-13,0,1.8189894035458565e-12
2025-03-23,S0,6000.000000000065,6000.000000000065,75184.82104839299,75184.82104839299,68936.12137760394,286.871070556413,5938.435979910822,71.7383871613273,23384.726128534305,18941.628164112793,46066.175789792105,7.275957614183426e-12,46066.17578979211,1116.4004791376713,47182.576268929784,47182.57626892978,9.094947017729282e-13,1.8189894035458565e-11,0,0.0
2025-03-24,S0,6000.000000000065,6000.000000000066,69977.40350438375,69977.40350438376,66354.93520569068,273.07767595024166,4104.464194777947,255.87871298045036,22469.331002890496,18200.158112341305,42322.60621857436,7.275957614183426e-12,42322.606218574365,1025.1527367145077,43347.758955288875,43347.75895528887,9.094947017729282e-13,2.645883512286673e-11,0,1.8189894035458565e-12
2025-03-25,S0,6000.000000000066,6000.000000000069,77604.90476831207,77604.90476831207,70422.78058903689,457.8014630454876,5298.333123041098,135.4575457079011,23666.666666666737,19170.00000000006,48014.05596053747,0.0,48014.05596053747,1456.6731970573765,49470.72915759485,49470.72915759484,2.2737367544323206e-13,0.0,0,2.7284841053187847e-12
2025-03-26,S0,6000.000000000069,6000.000000000071,69719.86379929159,69719.8637992916,63969.84204484729,293.3033959499763,4205.002898046083,245.45988601041256,22211.198895126956,17991.07110505284,42134.913621008665,0.0,42134.913621008665,1137.3534119233768,43272.26703293204,43272.26703293204,2.2737367544323206e-13,8.038014698286133e-12,0,1.8189894035458565e-12
2025-03-27,S0,6000.000000000071,6000.000000000072,72434.53701831173,72434.53701831176,68114.11674424139,325.74653374628224,4992.552330525746,249.8954516044986,23581.189978196948,19100.763882339525,43998.18119559684,0.0,43998.18119559684,954.5315661357952,44952.71276173263,44952.71276173263,4.547473508864641e-13,1.1191048088221578e-11,0,9.094947017729282e-13
2025-03-28,S0,6000.000000000072,6000.0000000000755,33013.72564699993,33013.72564699993,31366.379748701464,187.6466325539581,16246.287875253704,672.5892269633204,20069.834275640675,16256.565763268947,12671.283769109084,0.0,12671.283769109084,508.7245251179363,13180.00829422702,13180.00829422702,4.547473508864641e-13,0.0,0,3.637978807091713e-12
2025-03-29,S0,6000.0000000000755,6000.000000000081,31537.866171934278,31537.866171934278,30318.150922578803,530.5223641070207,18882.76915246098,630.4565797472367,19095.991427075118,15467.753055930849,12003.472927574912,0.0,12003.472927574912,1741.1596000944335,13744.632527669346,13744.632527669344,1.1368683772161603e-12,6.9251271384018764e-12,0,5.4569682106375694e-12
2025-03-30,S0,6000.000000000081,6000.000000000081,70067.53207558185,70067.53207558185,63808.89820074944,564.1204172026067,4775.622504596758,158.3085314207549,21544.567799655382,17451.099917720854,41155.123072964554,7.275957614183426e-12,41155.12307296456,2017.2699170990602,43172.39299006362,43172.392990063614,4.547473508864641e-13,3.161204631396686e-11,0,0.0
2025-03-31,S0,6000.000000000081,6000.000000000079,64365.83735047843,64365.837350478425,62048.063596973974,1009.2280423923905,1870.7608121262801,148.6114376156661,21508.052138374213,17421.52223208312,38307.438353414065,0.0,38307.438353414065,3834.106830731219,42141.54518414528,42141.545184145274,1.8189894035458565e-12,3.276845461641642e-11,0,1.8189894035458565e-12
2025-04-01,S0,6000.000000000079,6000.000000000079,76801.80052870107,76801.80052870105,70704.08696555876,617.4687371552882,6557.190196317005,88.38692710237456,23511.195066463133,19044.068003835146,47216.57297481035,0.0,47216.57297481035,2453.2547298200957,49669.82770463044,49669.82770463044,9.094947017729282e-13,1.440092489701783e-11,0,0.0
2025-04-02,S0,6000.000000000079,6000.00000000008,72212.9400576654,72212.94005766544,68686.44069439115,327.50189264383266,4215.6233968684055,131.94493512735028,22268.625552837948,18037.58669779874,43945.56345617346,7.275957614183426e-12,43945.56345617347,1381.9205885495992,45327.48404472307,45327.48404472306,9.094947017729282e-13,3.126210401660501e-11,0,9.094947017729282e-13
2025-04-03,S0,6000.00000000008,6000.00000000008,73641.02912026356,73641.02912026357,67243.8115337104,202.58399470700942,6597.51738049174,208.59693111152012,25140.7944744604,20364.04352431292,44894.89330276991,7.275957614183426e-12,44894.89330276992,695.7560432302978,45590.64934600022,45590.64934600022,2.2737367544323206e-13,3.2507330161024584e-11,0,0.0
2025-04-04,S0,6000.00000000008,6000.000000000082,30613.545264125813,30613.54526412582,28973.604531946337,82.98457190483035,18965.372142108583,439.3938505011497,16952.741374954927,13731.720513713486,11656.590484852246,1.8189894035458565e-12,11656.590484852248,299.13286173786156,11955.72334659011,11955.72334659011,4.547473508864641e-13,7.179146166436112e-12,0,1.8189894035458565e-12
2025-04-05,S0,6000.000000000082,6000.00000000008,29647.85587917859,29647.8558791786,28824.819585277713,1647.972923508363,14735.727313405392,282.04811209980426,17952.116315513435,14541.214215565882,11396.32352662714,0.0,11396.32352662714,4970.200505409925,16366.524032037065,16366.524032037065,1.5916157281026244e-12,3.33510996597397e-13,0,1.8189894035458565e-12
2025-04-06,S0,6000.00000000008,6000.000000000082,68082.94568340297,68082.94568340297,63811.37476402494,263.4246708865246,5297.18729366572,152.19358088451872,22186.012072076715,17970.66977838214,40369.43729435788,7.275957614183426e-12,40369.437294357886,1122.7477088911937,41492.18500324908,41492.18500324908,9.094947017729282e-13,1.7035373112150864e-11,0,1.8189894035458565e-12
2025-04-07,S0,6000.000000000082,6000.000000000082,61553.31250790771,61553.31250790769,59974.46110286073,1339.3794276139088,3783.2031720429823,230.9300383542036,21352.56861444269,17295.580577698576,36201.54031981955,-7.275957614183426e-12,36201.54031981954,5095.666079505139,41297.206399324685,41297.206399324685,9.094947017729282e-13,3.956301952712238e-11,0,0.0
2025-04-08,S0,6000.000000000082,6000.00000000008,69819.40483353662,69819.40483353665,64344.3757204793,242.58241064036775,5859.177668909675,95.50982909607353,22521.45798130127,18242.38096485404,41333.63466860683,7.275957614183426e-12,41333.634668606835,1184.1996827033413,42517.83435131018,42517.83435131017,9.094947017729282e-13,1.5646151041437406e-11,0,1.8189894035458565e-12
2025-04-09,S0,6000.00000000008,6000.00000000008,70264.96341847045,70264.96341847042,66688.24743734558,577.0478323091196,3602.001686137145,128.79906534764052,23158.860534227682,18758.677032724427,42202.53886706665,7.275957614183426e-12,42202.53886706666,1915.2597271343363,44117.79859420099,44117.798594200984,9.094947017729282e-13,4.339639758654812e-12,0,0.0
2025-04-10,S0,6000.00000000008,6000.00000000008,67905.6963178219,67905.6963178219,62569.52379341588,294.801738128862,3888.508287520096,105.59510573426076,23208.338096265205,18798.753857974814,40571.34844962106,0.0,40571.34844962106,1205.6959033680323,41777.04435298909,41777.04435298909,4.547473508864641e-13,0.0,0,0.0
2025-04-11,S0,6000.00000000008,6000.000000000085,28779.123137023365,28779.12313702336,28022.80898652042,740.385175149353,19250.87692047577,427.33374119400133,19833.333333333336,16064.999999999995,10620.31752829644,0.0,10620.31752829644,2024.9371083133428,12645.254636609783,12645.254636609781,9.094947017729282e-13,1.1461942506230116e-12,0,4.547473508864641e-12
2025-04-12,S0,6000.000000000085,6000.000000000086,30365.275907709765,30365.27590770976,28428.160425227812,160.65701145714542,15420.916705891705,480.04045065481176,19277.367000728584,15614.667270590151,11349.743316440537,0.0,11349.743316440537,389.8465103109127,11739.58982675145,11739.58982675145,9.663381206337363e-13,0.0,0,1.8189894035458565e-12
2025-04-13,S0,6000.000000000086,6000.000000000088,66287.97016417753,66287.97016417755,62336.24836117033,210.8056245349091,3699.047296389658,193.48365809152926,23042.971304688024,18664.8067567973,39179.639776033015,0.0,39179.639776033015,830.4316197988923,40010.07139583191,40010.0713958319,4.547473508864641e-13,2.12665440812998e-11,0,1.8189894035458565e-12
2025-04-14,S0,6000.000000000088,6000.000000000092,67468.341786216,67468.341786216,62525.09667294325,704.2202746433451,6077.203029816629,118.95200050795302,23711.211143484255,19206.08102622225,39872.722108706614,7.275957614183426e-12,39872.72210870662,2352.145262911268,42224.86737161789,42224.86737161788,2.2737367544323206e-13,5.7980287238024175e-12,0,3.637978807091713e-12
2025-04-15,S0,6000.000000000092,6000.000000000091,61381.22724765861,61381.227247658615,58721.67200966866,923.1820359092852,5185.651058948939,19.56830890919764,22632.662338876282,18332.456494489794,34936.16914147683,0.0,34936.16914147683,4001.250172848907,38937.419314325736,38937.419314325736,9.094947017729282e-13,6.764366844436154e-12,0,9.094947017729282e-13
2025-04-16,S0,6000.000000000091,6000.000000000089,66765.19091589819,66765.1909158982,63564.009491402605,661.8884519732511,4058.9098684179467,165.03475682509372,22222.954569120106,18000.593200987292,39279.07237263481,7.275957614183426e-12,39279.072372634815,2732.853561053608,42011.92593368842,42011.92593368841,9.094947017729282e-13,8.263612016889965e-12,0,1.8189894035458565e-12
2025-04-17,S0,6000.000000000089,6000.00000000009,60423.6660461402,60423.66604614018,57726.041246710345,595.6792814516741,1343.2958690244589,135.63851429931356,20918.125235990847,16943.68144115259,35669.43178887712,7.275957614183426e-12,35669.431788877126,2068.763666609868,37738.195455486995,37738.195455486995,9.094947017729282e-13,1.4303225270850817e-11,0,9.094947017729282e-13
2025-04-18,S0,6000.00000000009,6000.000000000091,29089.282916642762,29089.282916642762,27515.82779570218,259.2735191315151,17551.447075115553,477.25624941667166,17854.10951035862,14461.828703390476,10966.40605183459,-1.8189894035458565e-12,10966.406051834589,616.1072315717971,11582.513283406386,11582.513283406386,9.094947017729282e-13,0.0,0,9.094947017729282e-13
2025-04-19,S0,6000.000000000091,6000.00000000009,28440.00634745493,28440.00634745493,27253.24352030776,367.6663905889846,17119.605073087798,414.4348504979344,17379.951249005357,14077.760511694343,10592.102919805071,0.0,10592.102919805071,811.0804499239335,11403.183369729004,11403.183369729004,1.1368683772161603e-12,2.452704706001896e-12,0,9.094947017729282e-13
2025-04-20,S0,6000.00000000009,6000.000000000095,61459.63364984213,61459.633649842115,58224.554718814135,1039.3520038518416,3008.33803237399,253.20139458920357,21287.48638089183,17242.863968522382,36102.34264789868,7.275957614183426e-12,36102.34264789869,3622.566669095464,39724.90931699415,39724.90931699415,1.8189894035458565e-12,2.6112445539183682e-11,0,4.547473508864641e-12
2025-04-21,S0,6000.000000000095,6000.000000000094,63738.70606893701,63738.706068937005,58529.718484459074,452.23542168933096,6143.389820738083,167.56648539413413,21863.61692990976,17709.529713226904,36525.28774879755,0.0,36525.28774879755,1733.0604314983802,38258.34818029593,38258.34818029593,9.094947017729282e-13,4.192202140984591e-13,0,9.094947017729282e-13
2025-04-22,S0,6000.000000000094,6000.000000000094,60109.331686392245,60109.33168639226,58283.36753047891,1443.203121823864,3304.7340871827855,165.97806482706005,21594.364124348704,17491.434940722454,35350.880841531005,7.275957614183426e-12,35350.88084153101,4959.076604307429,40309.957445838445,40309.95744583843,6.821210263296962e-13,0.0,0,0.0
2025-04-23,S0,6000.000000000094,6000.000000000095,56561.34909070713,56561.349090707125,55482.36793704274,1743.4716222959794,1776.3327829146365,107.04057674037915,20750.260436931818,16807.710953914775,33012.29928849776,0.0,33012.29928849776,6068.654859503743,39080.9541480015,39080.9541480015,9.094947017729282e-13,9.549694368615746e-12,0,9.094947017729282e-13
2025-04-24,S0,6000.000000000095,6000.000000000093,58793.86859468334,58793.86859468334,56358.760684888824,432.4792247001895,5528.099846573096,118.3775339006919,21340.293837448553,17285.638008333335,34066.24781794241,0.0,34066.24781794241,1605.5559680094632,35671.80378595187,35671.803785951866,1.3642420526593924e-12,3.430500328249764e-11,0,1.8189894035458565e-12
2025-04-25,S0,6000.000000000093,6000.0000000000955,28612.87658211164,28612.876582111636,26618.602577865073,123.1843870126461,20788.026999645957,400.0987336473193,18701.59779781289,15148.29421622844,10379.130809458802,1.8189894035458565e-12,10379.130809458804,381.84896062706434,10760.979770085869,10760.979770085867,1.8189894035458565e-12,1.3855583347321954e-12,0,2.7284841053187847e-12
2025-04-26,S0,6000.0000000000955,6000.000000000095,28391.795511538858,28391.795511538858,27158.26025981173,270.9510576698443,23118.327640400785,431.3486741378271,20049.16510320864,16239.823733599007,10482.959774408202,0.0,10482.959774408202,823.3692560733577,11306.32903048156,11306.32903048156,3.183231456205249e-12,0.0,0,9.094947017729282e-13
2025-04-27,S0,6000.000000000095,6000.000000000091,57896.53410319356,57896.53410319358,55239.810259208214,1236.681951965696,3800.66876763007,124.47649672575074,20936.188228867126,16958.31246538238,33251.19018401838,0.0,33251.19018401838,5772.119803164298,39023.30998718268,39023.30998718268,1.8189894035458565e-12,1.1226575225009583e-11,0,3.637978807091713e-12
2025-04-28,S0,6000.000000000091,6000.000000000092,69919.1412064477,69919.1412064477,64673.08484804202,292.94859141728034,4109.611400977141,217.234146134973,21143.2661877923,17126.045612111764,41634.56443822113,0.0,41634.56443822113,1076.7960824772067,42711.36052069834,42711.360520698334,4.547473508864641e-13,1.0688339102671307e-10,0,9.094947017729282e-13
2025-04-29,S0,6000.000000000092,6000.000000000088,60423.84634828277,60423.84634828277,57152.36886352567,406.3893696851362,6065.5232215000615,106.93171599005643,20805.734626600046,16852.64504754604,34243.69783807919,0.0,34243.69783807919,1828.9265781595634,36072.62441623875,36072.62441623875,9.094947017729282e-13,3.630873379734112e-12,0,3.637978807091713e-12
2025-04-30,S0,6000.000000000088,6000.000000000089,56315.495658516345,56315.49565851632,53305.60144284425,1530.1221356611068,3001.9337715693246,139.37845367687407,18092.404841714873,14654.847921789038,32742.183560557984,0.0,32742.183560557984,5536.998186040914,38279.1817465989,38279.18174659889,2.2737367544323206e-13,1.475441990805848e-11,0,9.094947017729282e-13
2025-05-01,S0,6000.000000000089,6000.000000000089,60540.771651867035,60540.77165186704,57726.799358209864,2356.6120862654716,4824.456618669528,12.51230320768991,22289.809066305883,18054.745343707767,35852.623792378436,7.275957614183426e-12,35852.62379237844,11027.075090791639,46879.69888317008,46879.69888317008,4.547473508864641e-13,0.0,0,0.0
2025-05-02,S0,6000.000000000089,6000.000000000089,31364.580933803478,31364.58093380348,30174.09978569085,495.5835740234544,12575.423099521211,288.94017685973296,18500.0000000001,14985.000000000078,13127.260280773,1.8189894035458565e-12,13127.260280773002,1678.6483335739103,14805.908614346912,14805.908614346912,4.547473508864641e-13,8.668621376273222e-13,0,0.0
2025-05-03,S0,6000.000000000089,6000.000000000093,32598.192014495835,32598.192014495842,30052.268209339036,179.0509952708787,17173.51895891799,675.5404935018132,18500.46369573744,14985.375593547331,13803.758447174332,1.8189894035458565e-12,13803.758447174334,615.0573732788588,14418.815820453192,14418.81582045319,9.094947017729282e-13,0.0,0,3.637978807091713e-12
2025-05-04,S0,6000.000000000093,6000.000000000095,65783.55185010363,65783.55185010361,61216.40550261809,803.2286016697359,6435.1698889540785,48.7631965520477,20005.440449728256,16204.406764279887,39820.60255750499,0.0,39820.60255750499,3494.590195780983,43315.19275328598,43315.19275328598,2.2737367544323206e-13,2.1856294551980682e-11,0,1.8189894035458565e-12
2025-05-05,S0,6000.000000000095,6000.0000000000955,67394.33830589875,67394.33830589874,62516.83228983184,774.4918677189322,3861.2304575351136,142.7597535878715,22164.879718040927,17953.552571613156,41683.24314115755,7.275957614183426e-12,41683.24314115756,1948.9401870768813,43632.18332823444,43632.18332823444,4.547473508864641e-13,4.3655745685100555e-11,0,9.094947017729282e-13
2025-05-06,S0,6000.0000000000955,6000.000000000099,59532.118130017356,59532.11813001735,57364.72174646763,1668.7534326517884,1974.688737074149,283.81636566021007,20552.04057746514,16647.15286774676,37021.814419422604,0.0,37021.814419422604,7224.760561495082,44246.574980917685,44246.57498091768,1.8189894035458565e-12,1.1553424883459229e-11,0,3.637978807091713e-12
2025-05-07,S0,6000.000000000099,6000.000000000101,64112.368032793136,64112.36803279313,60429.41914192169,839.5876390532393,1882.1232018556946,265.4877609052461,21334.472990599963,17280.923122385968,40339.13521502666,7.275957614183426e-12,40339.13521502667,2659.21042215512,42998.34563718179,42998.34563718179,4.547473508864641e-13,2.071942617476452e-11,0,1.8189894035458565e-12
2025-05-08,S0,6000.000000000101,6000.0000000001055,71572.33344125233,71572.33344125233,65601.06329851063,329.72952769069974,5767.876606648561,251.3268824093891,21500.40493233363,17415.32799519024,43655.45116339649,0.0,43655.45116339649,1579.4699346088664,45234.921098005354,45234.92109800535,4.547473508864641e-13,0.0,0,4.547473508864641e-12
2025-05-09,S0,6000.0000000001055,6000.0000000001055,32348.803154013818,32348.803154013825,29556.81153379776,98.46008511367279,17016.873344793934,782.3457574508185,17666.666666666784,14310.000000000098,13813.056971750279,0.0,13813.056971750279,208.80651389869323,14021.863485648972,14021.863485648972,9.094947017729282e-13,5.943689984633238e-12,0,0.0
2025-05-10,S0,6000.0000000001055,6000.000000000104,30904.086759533107,30904.086759533096,29275.435085633922,562.8094388635914,13710.867680448437,649.6648940490479,17666.666666666784,14310.000000000091,13198.369293512647,1.8189894035458565e-12,13198.36929351265,1506.3759561853233,14704.745249697973,14704.745249697973,9.094947017729282e-13,5.229594535194337e-12,0,1.8189894035458565e-12
2025-05-11,S0,6000.000000000104,6000.000000000104,67186.32284638564,67186.32284638562,63024.512562263,373.46133970984687,3720.195393449546,206.35436851221516,20986.026614093436,16998.68155741569,40791.9747821286,7.275957614183426e-12,40791.97478212861,1685.3157973409213,42477.290579469525,42477.29057946952,2.7284841053187847e-12,2.333422344236169e-11,0,0.0
2025-05-12,S0,6000.000000000104,6000.0000000001055,63428.65311573931,63428.65311573933,59405.55643983037,379.9003636134521,4104.634892296275,302.3892463012103,18143.3549026999,14696.117471186917,38880.862792135595,7.275957614183426e-12,38880.8627921356,1651.1075110405136,40531.97030317612,40531.97030317612,9.094947017729282e-13,9.123368727159686e-12,0,1.8189894035458565e-12
2025-05-13,S0,6000.0000000001055,6000.000000000104,69004.86232354914,69004.86232354914,64012.65740516192,471.2528110155247,6620.9081638127545,239.2951490478107,23655.23229815913,19160.738161508903,41163.11939074443,0.0,41163.11939074443,2287.4229044012,43450.542295145635,43450.542295145635,1.8189894035458565e-12,1.432454155292362e-11,0,1.8189894035458565e-12
2025-05-14,S0,6000.000000000104,6000.000000000104,67146.51951604409,67146.51951604406,61566.551025012326,590.9981136684618,4652.025077933047,358.33426144350403,21752.84745247834,17619.806436507457,41031.17911285531,0.0,41031.17911285531,2050.87179878485,43082.05091164016,43082.05091164015,2.2737367544323206e-13,2.4511948026884056e-11,0,0.0
2025-05-15,S0,6000.000000000104,6000.000000000106,67035.64396358031,67035.64396358034,62139.2542133731,227.51108107012382,4628.534539955716,575.790532801417,23144.11546501451,18746.733526661752,41640.978537879164,7.275957614183426e-12,41640.97853787917,800.4811176838318,42441.459655563005,42441.459655563,1.8189894035458565e-12,3.4789948699653905e-11,0,2.7284841053187847e-12
2025-05-16,S0,6000.000000000106,6000.000000000107,30375.52942384821,30375.529423848213,28155.25976831212,264.032554936262,21664.137686553993,694.9534499998596,17603.6560703221,14258.961416960896,12830.014360134533,0.0,12830.014360134533,630.8512645942803,13460.865624728815,13460.865624728815,9.094947017729282e-13,2.9984903449076228e-12,0,9.094947017729282e-13
2025-05-17,S0,6000.000000000107,6000.000000000108,30625.09471400714,30625.09471400714,28679.905048055414,339.6139341640005,14747.266704266824,315.6164970795538,18462.298408103703,14954.461710563999,12911.461204788075,0.0,12911.461204788075,1285.267806254687,14196.729011042762,14196.729011042762,9.094947017729282e-13,0.0,0,9.094947017729282e-13
2025-05-18,S0,6000.000000000108,6000.00000000011,68732.8314479666,68732.83144796659,63447.921724697706,294.6733309264597,5655.337273213475,487.25704070162453,20651.75074583718,16727.91810412812,41566.72309961583,-7.275957614183426e-12,41566.723099615825,746.5760412043803,42313.29914082021,42313.29914082021,9.094947017729282e-13,7.73070496506989e-12,0,1.8189894035458565e-12
2025-05-19,S0,6000.00000000011,6000.000000000112,63334.21185728471,63334.211857284696,57922.19470344823,247.73808224212277,6458.8553232850645,235.87939600455456,20842.00798105647,16882.02646465574,37644.9446682377,0.0,37644.9446682377,1315.773361813373,38960.71803005107,38960.71803005107,1.8189894035458565e-12,0.0,0,1.8189894035458565e-12
2025-05-20,S0,6000.000000000112,6000.000000000118,62932.29597450711,62932.29597450713,60360.49833093138,1071.5231171848618,3007.41138515781,170.29724957767974,19615.357877442482,15888.43988072841,37538.92635447391,0.0,37538.92635447391,4399.116544152913,41938.04289862682,41938.04289862682,9.094947017729282e-13,1.8744117369351443e-11,0,6.366462912410498e-12
2025-05-21,S0,6000.000000000118,6000.000000000116,58704.816026263594,58704.8160262636,56322.465027982376,1481.468325159048,2759.249602435206,269.0942286372958,17963.022309134612,14550.048070399043,36408.813309099925,0.0,36408.813309099925,5350.1988928581095,41759.01220195804,41759.01220195804,6.0822458181064576e-12,0.0,0,1.8189894035458565e-12
2025-05-22,S0,6000.000000000116,6000.000000000117,61229.02606500945,61229.026065009464,58314.10581613606,919.679954711125,4329.053261870139,295.6759759987292,19960.135349008695,16167.709632697048,37210.42410316348,0.0,37210.42410316348,2456.1670765024255,39666.591179665906,39666.591179665906,9.094947017729282e-13,6.0964566728216596e-12,0,9.094947017729282e-13
2025-05-23,S0,6000.000000000117,6000.000000000117,29833.057286507854,29833.05728650785,28259.362669560396,236.21463570555048,18018.551060244696,472.1760837034986,18862.638305181157,15278.737027196736,11920.720935935771,0.0,11920.720935935771,790.6671704014383,12711.38810633721,12711.38810633721,2.2737367544323206e-13,8.103739901343943e-12,0,0.0
2025-05-24,S0,6000.000000000117,6000.000000000121,31688.22400466211,31688.22400466211,28585.62976938226,199.76753966097,20413.988958038215,1183.0507543183035,18072.927438701983,14639.071225348607,14003.858561861682,3.637978807091713e-12,14003.858561861685,635.5628896438075,14639.421451505492,14639.421451505492,1.8189894035458565e-12,1.1311840353300795e-11,0,3.637978807091713e-12
2025-05-25,S0,6000.000000000121,6000.000000000122,64199.92212767563,64199.92212767562,59172.690446472916,416.47060439379874,6857.080179719763,203.64546623383706,20965.39590305153,16981.970681471743,37634.898939014885,0.0,37634.898939014885,1933.2112318857116,39568.110170900596,39568.110170900596,4.547473508864641e-13,3.0745184176339535e-11,0,9.094947017729282e-13
2025-05-26,S0,6000.000000000122,6000.000000000118,60785.29899452209,60785.298994522105,57642.966336849866,2244.8558901507895,1218.617850249551,355.13763177116994,19653.862078841747,15919.628283861819,37023.29430742796,7.275957614183426e-12,37023.29430742797,7108.632099630099,44131.92640705807,44131.92640705807,9.094947017729282e-13,1.752198386384407e-11,0,3.637978807091713e-12
2025-05-27,S0,6000.000000000118,6000.000000000122,58009.966146925784,58009.96614692581,55040.66550023558,936.6242211730655,2528.4086296940204,231.65077819168823,20141.384281699513,16314.521268176608,35374.4469255028,0.0,35374.4469255028,3493.4230653547515,38867.86999085755,38867.86999085755,1.8189894035458565e-12,6.366462912410498e-12,0,3.637978807091713e-12
2025-05-28,S0,6000.000000000122,6000.000000000124,66072.01664939284,66072.01664939287,62284.313251412445,187.04050682199727,5602.555849733202,248.86163194940593,22874.27461343063,18528.162436878814,39703.36824130787,7.275957614183426e-12,39703.36824130788,634.6028574888675,40337.97109879675,40337.97109879675,9.094947017729282e-13,0.0,0,1.8189894035458565e-12
2025-05-29,S0,6000.000000000124,6000.0000000001255,64756.12351018707,64756.123510187055,61515.45897773531,774.3108556244412,4049.3569338492425,76.95606617716908,21333.333333333336,17279.999999999996,38922.83047510426,0.0,38922.83047510426,3266.422343206796,42189.252818311055,42189.252818311055,4.547473508864641e-13,2.7494451160237077e-11,0,1.8189894035458565e-12
2025-05-30,S0,6000.0000000001255,6000.000000000129,30316.587524300212,30316.58752430021,28273.04428077793,239.0844384930374,17804.992902341088,754.235883596525,17666.666666666806,14310.000000000111,12978.373179485388,-1.8189894035458565e-12,12978.373179485387,628.2463236370547,13606.619503122442,13606.61950312244,2.4442670110147446e-12,6.4641625385775114e-12,0,3.637978807091713e-12
2025-05-31,S0,6000.000000000129,6000.000000000127,33071.45630806663,33071.45630806661,29435.296578942995,406.95342005745357,16676.009220815842,689.4853374396375,21513.546793394526,17425.97290264957,13065.564584113261,0.0,13065.564584113261,1172.3985479594844,14237.963132072746,14237.963132072744,1.3642420526593924e-12,8.643752380521619e-12,0,1.8189894035458565e-12
2025-06-01,S0,6000.000000000127,2700.0000000000027,76686.93726210715,76686.93726210717,69953.93797883364,3921.009557169944,2398.892030964481,0.0,16953.837921259004,16702.608716219904,52994.47883708488,0.0,52994.47883708488,16132.331870814094,69126.81070789897,69126.81070789897,1.8189894035458565e-12,9.019629487738712e-11,0,3300.0000000001246
2025-06-02,S0,2700.0000000000027,2700.0000000000027,86711.79398895413,86711.79398895417,76620.4436104857,540.8861279460393,4277.188955098391,0.0,22333.333333333325,18089.999999999993,58993.08737210354,0.0,58993.08737210354,2027.8771225554106,61020.96449465895,61020.96449465895,9.094947017729282e-13,1.8189894035458565e-11,0,0.0
2025-06-03,S0,2700.0000000000027,2700.000000000001,81994.48107903509,81994.48107903503,76832.89221127906,341.3410827677666,4659.825248827458,0.0,22747.585325716118,18425.544113830056,54925.52280489041,0.0,54925.52280489041,1504.640488025505,56430.16329291592,56430.16329291591,9.094947017729282e-13,0.0,0,1.8189894035458565e-12
2025-06-04,S0,2700.000000000001,2700.0000000000045,92928.17315724227,92928.17315724229,80853.47562420066,526.6080589862528,6903.2882148124645,2.615640568917456,25415.36321652021,20586.444205381373,63499.627477819915,0.0,63499.627477819915,1894.9665434298518,65394.594021249766,65394.59402124976,2.2737367544323206e-13,1.2732925824820995e-11,0,3.637978807091713e-12
2025-06-05,S0,2700.0000000000045,2700.0000000000064,82096.06927651737,82096.06927651737,77136.5063661826,1017.8961416287174,2900.454472726268,0.0,21603.315886412438,17498.68586799408,55461.022035784896,0.0,55461.022035784896,4637.735468767223,60098.75750455212,60098.75750455211,9.094947017729282e-13,1.546140993013978e-11,0,1.8189894035458565e-12
2025-06-06,S0,2700.0000000000064,2700.000000000007,44124.576990713256,44124.576990713256,41381.175652466445,387.48726558367133,7214.092672721393,651.7648639546549,16041.10516512659,12993.295183752534,21905.59304595098,0.0,21905.59304595098,1323.6648472386873,23229.257893189668,23229.257893189668,9.094947017729282e-13,1.1155520951433573e-11,0,4.547473508864641e-13
2025-06-07,S0,2700.000000000007,2700.0000000000073,47841.87340227493,47841.873402274905,44257.36414923854,561.9684792110602,10333.764639971605,326.94048068516474,15958.496532243018,12926.382191116854,22459.540744667873,7.275957614183426e-12,22459.54074466788,1803.5927304572992,24263.133475125178,24263.133475125174,9.094947017729282e-13,1.1354472917446401e-11,0,4.547473508864641e-13
2025-06-08,S0,2700.0000000000073,1950.0,80304.36692019843,80304.36692019847,73321.5242481763,534.8879968766761,5473.649816823472,3.245800000000031,20366.280850330826,17171.687488767977,54014.30336894891,0.0,54014.30336894891,2194.724973849413,56209.02834279832,56209.028342798316,2.2737367544323206e-13,6.691180942652863e-11,0,750.0000000000073
2025-06-09,S0,1950.0,1950.0000000000018,90473.56941411455,90473.5694141145,79231.18136764964,227.88907238734214,3969.594649192981,0.0,23982.963460582585,19426.2004030719,63087.57553452872,-7.275957614183426e-12,63087.57553452871,832.8161296076947,63920.391664136405,63920.391664136405,9.094947017729282e-13,1.737276988933445e-11,0,1.8189894035458565e-12
2025-06-10,S0,1950.0000000000018,1950.0000000000018,82563.7477385928,82563.74773859282,77297.87407434077,525.9623552157456,1981.4454458436549,0.0,22231.298686208265,18007.351935828705,56188.10584965289,7.275957614183426e-12,56188.1058496529,2067.2351967446966,58255.341046397596,58255.341046397596,9.094947017729282e-13,1.7550405573274475e-11,0,0.0
2025-06-11,S0,1950.0000000000018,1950.0000000000036,88083.05437315439,88083.05437315436,80832.76656395152,644.571954869542,1145.082156587092,0.0,22356.89497667005,18109.084931102745,61409.5654542348,0.0,61409.5654542348,2934.9704470353436,64344.535901270145,64344.53590127014,9.094947017729282e-13,2.872369009310205e-11,0,1.8189894035458565e-12
2025-06-12,S0,1950.0000000000036,1950.0000000000036,86108.73465441843,86108.73465441847,79498.33336793663,321.74421910740153,2737.146934683947,16.9299166666666,24282.154222947604,19668.544920587563,59032.00849777272,7.275957614183426e-12,59032.008497772724,1418.932673970844,60450.941171743565,60450.94117174356,9.094947017729282e-13,3.2798652682686225e-11,0,0.0
2025-06-13,S0,1950.0000000000036,1950.0000000000045,43588.07076529402,43588.070765294004,37992.285112270445,36.620331449022444,5521.763859700143,1114.4353963647136,16038.907829761141,12991.515342106517,21954.135244400648,3.637978807091713e-12,21954.13524440065,71.81696644385721,22025.95221084451,22025.95221084451,9.094947017729282e-13,3.154809746774845e-12,0,9.094947017729282e-13
2025-06-14,S0,1950.0000000000045,1950.0000000000032,41924.256649904215,41924.256649904215,38315.27066398262,268.3436607104006,8644.981932184624,631.3394015686296,16389.211794419833,13275.261553480059,20964.99172789572,0.0,20964.99172789572,694.5188350413415,21659.51056293706,21659.51056293706,3.637978807091713e-12,2.6432189770275727e-12,0,1.3642420526593924e-12
2025-06-15,S0,1950.0000000000032,1950.0,79538.05864065053,79538.05864065052,73278.36009273039,2399.1612836395334,977.3080040825421,9.417383333333305,21388.535029582832,17324.713373962106,53972.40009364489,0.0,53972.40009364489,9862.908727840906,63835.30882148579,63835.308821485785,2.2737367544323206e-13,2.078337502098293e-11,0,3.183231456205249e-12
2025-06-16,S0,1950.0,1950.0,83967.52417183036,83967.5241718303,76555.62904217873,1312.8960274760454,906.2067961666143,0.0,22464.555035902504,18196.28957908103,58236.49315965382,-7.275957614183426e-12,58236.493159653815,5742.313902292389,63978.8070619462,63978.8070619462,2.2737367544323206e-13,6.59383658785373e-11,0,0.0
2025-06-17,S0,1950.0,1950.0,85577.52180522578,85577.52180522574,79927.54517980403,768.820739305555,1569.1958871339061,0.0,23632.41481741599,19142.256002106955,59001.08867337722,0.0,59001.08867337722,3472.042088337844,62473.13076171507,62473.13076171507,9.094947017729282e-13,1.814726147131296e-11,0,0.0
2025-06-18,S0,1950.0,1950.0,84303.00897826215,84303.00897826221,77769.06795551303,433.2925540736424,3030.636276253352,0.0,22333.33333333333,18090.000000000004,58124.00974049464,7.275957614183426e-12,58124.00974049465,1667.7392740308358,59791.749014525485,59791.74901452548,2.2737367544323206e-13,0.0,0,0.0
2025-06-19,S0,1950.0,1950.0,79878.26030593505,79878.26030593507,75180.70443754249,1146.7369140681085,3935.7113370256725,0.0,21748.556918868075,17616.331104283145,53270.11664305415,1.4551915228366852e-11,53270.11664305416,5245.016602784774,58515.13324583894,58515.13324583893,2.2737367544323206e-13,1.716671249596402e-11,0,0.0
2025-06-20,S0,1950.0,1949.9999999999993,38846.21492702656,38846.21492702657,34351.686864501964,31.680811129908932,8216.473160290896,683.6844952569638,16224.36405307376,13141.734882989742,19400.45302210749,3.637978807091713e-12,19400.453022107493,62.20815453808659,19462.66117664558,19462.66117664558,6.821210263296962e-13,1.396927018504357e-11,0,6.821210263296962e-13
2025-06-21,S0,1949.9999999999993,1950.0000000000032,40304.01360924257,40304.013609242575,34698.481323246604,44.81338384098348,10716.415428624909,1556.2996010650293,16504.41724946132,13368.57797206367,20308.4408474625,0.0,20308.4408474625,86.52177311051241,20394.962620573013,20394.962620573013,4.547473508864641e-13,1.028865881380625e-11,0,3.865352482534945e-12
2025-06-22,S0,1950.0000000000032,1950.0000000000032,78616.95915650294,78616.95915650293,73339.81772085982,1398.1403668046498,2772.751681897693,0.0,23725.60687245688,19217.741566690078,52036.303341771985,0.0,52036.303341771985,6667.076218054293,58703.37955982628,58703.37955982627,2.2737367544323206e-13,1.9554136088117957e-11,0,0.0
2025-06-23,S0,1950.0000000000032,1950.0,77832.73927744388,77832.73927744386,74042.28845412805,666.0215371080109,3295.295986151886,0.0,22903.83160570613,18552.103600621973,51996.83035339597,-7.275957614183426e-12,51996.83035339596,2325.466544672436,54322.2968980684,54322.2968980684,4.547473508864641e-13,9.237055564881302e-13,0,3.183231456205249e-12
2025-06-24,S0,1950.0,1950.0,89587.4388163453,89587.4388163453,83224.2100886222,641.7019940261468,2783.386470379596,33.4666666666667,25159.298397905626,20379.031702303564,62956.86537654912,7.275957614183426e-12,62956.865376549125,2242.2109359000856,65199.07631244921,65199.0763124492,3.637978807091713e-12,5.232303479374423e-11,0,0.0
2025-06-25,S0,1950.0,1950.0,81155.74115947806,81155.74115947806,76079.86228147653,1417.9945163149027,2980.8405889245328,0.0,21471.5518010539,17391.95695885366,54268.169044393195,0.0,54268.169044393195,7147.7439953954035,61415.9130397886,61415.91303978859,2.2737367544323206e-13,0.0,0,0.0
2025-06-26,S0,1950.0,1950.0,78155.9819792342,78155.98197923419,73471.31030720427,1431.477379674865,2947.887169703635,0.0,23197.456230748256,18789.939546906087,51761.10512480134,0.0,51761.10512480134,5399.673930195673,57160.77905499701,57160.77905499701,2.2737367544323206e-13,9.549694368615746e-12,0,0.0
2025-06-27,S0,1950.0,1950.000000000001,39012.335231201905,39012.335231201905,33672.4731836927,133.88101378592205,10468.531118968003,675.6970245432477,15213.053617372168,12322.573430071454,19107.39349923664,0.0,19107.39349923664,270.37100697871966,19377.76450621536,19377.76450621536,9.094947017729282e-13,7.531752999057062e-12,0,9.094947017729282e-13
2025-06-28,S0,1950.000000000001,1949.999999999999,36074.186595365485,36074.18659536549,32989.063200124816,378.19678781042205,8014.369100158531,714.8587579299938,15058.452700947673,12197.346687767615,17688.76218252142,0.0,17688.76218252142,1140.4346517777408,18829.19683429916,18829.19683429916,1.8189894035458565e-12,3.339550858072471e-12,0,1.8189894035458565e-12
2025-06-29,S0,1949.999999999999,1949.999999999999,74619.79805035159,74619.79805035159,72147.22275465378,3605.505476308965,2477.5165383604262,26.692778889416104,20951.317791471214,16970.567411091695,49497.53250430112,7.275957614183426e-12,49497.532504301125,15531.362968571837,65028.89547287296,65028.89547287296,2.2737367544323206e-13,2.864908310584724e-11,0,0.0
2025-06-30,S0,1949.999999999999,1949.999999999999,82580.92267078682,82580.92267078682,76014.49340757604,593.9392239861787,2318.1411565421704,2.5850333333332856,23210.644517649558,18800.62205929615,55288.28203823971,7.275957614183426e-12,55288.28203823972,2277.0763858450214,57565.35842408474,57565.358424084734,2.2737367544323206e-13,0.0,0,0.0
2025-07-01,S0,1949.999999999999,1200.0,71749.86828589192,71749.86828589193,71712.48709398693,11791.646977559842,1245.1837901696986,0.0,21407.401305493342,18014.99505744961,51931.944353739884,7.275957614183426e-12,51931.94435373989,48779.56762480352,100711.51197854342,100711.51197854342,2.2737367544323206e-13,4.001776687800884e-11,0,749.9999999999991
2025-07-02,S0,1200.0,1200.0,87174.99302883515,87174.99302883519,81004.76292342717,247.9738938170201,4119.813761422276,0.0,22253.456258711896,18025.299569556646,64608.55461096679,7.275957614183426e-12,64608.5546109668,801.1215635444447,65409.676174511245,65409.67617451124,4.547473508864641e-13,1.4551915228366852e-11,0,0.0
2025-07-03,S0,1200.0,1200.0,97800.67783872205,97800.67783872207,88479.32750069654,212.88665154323334,4370.854873658495,0.0,24004.949185515357,19444.00884026744,73771.45485716264,1.4551915228366852e-11,73771.45485716265,1348.8131717865808,75120.26802894923,75120.26802894921,9.094947017729282e-13,2.546585164964199e-11,0,0.0
2025-07-04,S0,1200.0,1200.0000000000018,42488.613781424334,42488.61378142434,40999.504535040774,1787.9344096043415,10370.77162569662,695.9998442455226,14946.315831769965,12106.51582373367,25369.180121856865,0.0,25369.180121856865,4736.840567629212,30106.02068948608,30106.02068948608,9.094947017729282e-13,5.4569682106375694e-12,0,1.8189894035458565e-12
2025-07-05,S0,1200.0000000000018,1200.0,51606.574887787865,51606.57488778786,44661.27959310642,73.29032234369373,11573.773288005099,1124.8667499999992,17083.420583043902,13837.570672265563,29350.18114952882,3.637978807091713e-12,29350.181149528824,261.13577026331353,29611.316919792138,29611.316919792138,4.547473508864641e-13,2.5792701308091637e-12,0,1.8189894035458565e-12
2025-07-06,S0,1200.0,1200.0,89829.37980578607,89829.3798057861,83712.72202508379,2046.868843523982,1492.477213191616,0.0,23542.80055482185,19069.6684494057,67225.00525107625,0.0,67225.00525107625,11059.833399172685,78284.83865024893,78284.83865024893,4.547473508864641e-13,1.1027623258996755e-11,0,0.0
2025-07-07,S0,1200.0,1200.0,88259.0299584483,88259.0299584483,81187.68558983368,817.9644141144728,4260.526168549164,0.0,22819.16351964366,18483.522450911365,64985.832709211194,1.4551915228366852e-11,64985.83270921121,3431.867641225579,68417.70035043679,68417.70035043677,2.2737367544323206e-13,0.0,0,0.0
2025-07-08,S0,1200.0,1200.0000000000018,105392.44139494811,105392.4413949481,87031.2191010346,0.0,6867.181960495242,0.0,24171.842757224735,19579.19263335204,78744.72674455776,1.4551915228366852e-11,78744.72674455777,0.0,78744.72674455777,78744.72674455776,9.094947017729282e-13,7.275957614183426e-11,0,1.8189894035458565e-12
2025-07-09,S0,1200.0000000000018,1200.0,91917.74255506817,91917.74255506815,83990.13589279521,283.51973519851424,5653.7278394854375,0.0,24006.330378113522,19445.127606271963,67432.92726294174,1.4551915228366852e-11,67432.92726294175,1543.1231342304532,68976.0503971722,68976.05039717219,9.094947017729282e-13,4.985167834092863e-11,0,1.8189894035458565e-12
2025-07-10,S0,1200.0,1200.0,88807.93540218865,88807.9354021887,80781.63845323598,248.08441534707094,3867.196161129985,0.0,22678.43854799871,18369.535223878956,65796.88133342183,0.0,65796.88133342183,947.9440140285064,66744.82534745033,66744.82534745033,4.547473508864641e-13,2.546585164964199e-11,0,0.0
2025-07-11,S0,1200.0,1199.9999999999995,53505.925998590275,53505.92599859028,45194.111170679236,113.75455683675352,9050.575494165683,893.7477267170246,14972.4492454383,12127.68388880502,30698.01353069656,-3.637978807091713e-12,30698.013530696557,334.01148550533424,31032.02501620189,31032.02501620189,9.094947017729282e-13,8.352429858859978e-12,0,4.547473508864641e-13
2025-07-12,S0,1199.9999999999995,1199.9999999999998,46087.24587010354,46087.24587010352,42761.0287015474,374.88546416616185,8671.815263716106,542.1348011212351,14935.372460752063,12097.65169320917,26494.851233903315,3.637978807091713e-12,26494.85123390332,1061.8991075485228,27556.750341451843,27556.750341451836,9.094947017729282e-13,7.4487083168151e-12,0,2.2737367544323206e-13
2025-07-13,S0,1199.9999999999998,1200.0,95734.2912271307,95734.2912271307,81104.37772464017,22.22936274864651,7376.103537688048,0.0,23593.59552474085,19110.812375040096,70275.41428202591,0.0,70275.41428202591,62.0866101569697,70337.50089218288,70337.50089218288,4.547473508864641e-13,0.0,0,2.2737367544323206e-13
2025-07-14,S0,1200.0,1200.0000000000018,92902.61443450952,92902.61443450955,82073.65700499603,72.31930496947177,5533.77785893671,49.04598333333331,25028.806584362133,20273.333333333332,66679.38076913756,1.4551915228366852e-11,66679.38076913757,480.46319895415934,67159.84396809172,67159.84396809172,9.094947017729282e-13,9.379164112033322e-12,0,1.8189894035458565e-12
2025-07-15,S0,1200.0000000000018,1200.0,94769.53562700236,94769.53562700235,82867.86842302298,26.05708665654339,5270.949531185269,54.05289395323109,25367.750006356313,20547.877505148623,68909.56250168945,-1.4551915228366852e-11,68909.56250168943,123.40759085576822,69032.9700925452,69032.9700925452,9.094947017729282e-13,1.5369039374490967e-11,0,1.8189894035458565e-12
2025-07-16,S0,1200.0,1200.0000000000018,88568.92951133125,88568.92951133127,81144.28492714535,462.9126842519325,5289.054925894977,0.0,22018.83843246823,17835.25913029927,66118.65257806289,1.4551915228366852e-11,66118.6525780629,1682.1344677523227,67800.78704581522,67800.7870458152,9.094947017729282e-13,0.0,0,1.8189894035458565e-12
2025-07-17,S0,1200.0000000000018,1200.0,88962.6939899422,88962.69398994224,80544.89709801017,180.7318196104501,3684.876867875838,0.0,22738.610437253228,18418.274454175124,65098.53415580513,-7.275957614183426e-12,65098.53415580512,849.1605349270254,65947.69469073215,65947.69469073214,2.2737367544323206e-13,1.8189894035458565e-11,0,1.8189894035458565e-12
2025-07-18,S0,1200.0,1199.9999999999968,54513.09140822177,54513.09140822177,44425.67221948001,13.240421547406388,9429.81884371398,817.0689066615219,15356.719950799512,12438.943160147603,30235.720101769184,7.275957614183426e-12,30235.72010176919,53.36194815274257,30289.082049921934,30289.082049921934,4.547473508864641e-13,5.343281372915953e-12,0,3.183231456205249e-12
2025-07-19,S0,1199.9999999999968,1200.000000000001,56692.03095254166,56692.030952541674,44288.528140585484,11.470591240358317,12488.999864050287,1142.7809719948348,18344.20445147752,14858.80560569679,31639.61381103597,0.0,31639.61381103597,86.41943440485956,31726.03324544083,31726.033245440827,4.547473508864641e-13,1.2008172234345693e-11,0,4.092726157978177e-12
2025-07-20,S0,1200.000000000001,1200.0000000000018,93619.15735731822,93619.15735731821,80564.01858088489,223.42685764628516,4426.187997550442,0.0,22480.416970073984,18209.137745759934,67685.52562975844,1.4551915228366852e-11,67685.52562975846,1075.1718560044087,68760.69748576287,68760.69748576287,4.547473508864641e-13,9.606537787476555e-12,0,9.094947017729282e-13
2025-07-21,S0,1200.0000000000018,1200.0,94677.62995534559,94677.62995534556,82702.3691098062,114.11561494177607,4585.252703792826,0.0,22323.593005027138,18082.110334071986,70040.74434647376,0.0,70040.74434647376,545.4176727296334,70586.16201920339,70586.16201920339,4.547473508864641e-13,3.2741809263825417e-11,0,1.8189894035458565e-12
2025-07-22,S0,1200.0,1200.0,84829.00155090506,84829.0015509051,80976.16926654661,1198.175249654806,3822.334748930394,0.0,23983.500792654268,19426.63564204996,61889.58973527083,0.0,61889.58973527083,4448.006930818292,66337.59666608911,66337.59666608911,4.547473508864641e-13,2.6851409984374186e-11,0,0.0
2025-07-23,S0,1200.0,1200.0,99644.95787500031,99644.95787500033,86269.49941925707,20.262607359388426,7198.181661231456,0.0,25658.069730096737,20783.036481378356,73121.45360981702,0.0,73121.45360981702,60.706262432315356,73182.15987224934,73182.15987224932,2.2737367544323206e-13,0.0,0,0.0
2025-07-24,S0,1200.0,1200.0,101161.48337411546,101161.48337411549,85206.12542283523,0.0,6849.851601996529,0.0,24946.325372835214,20206.523551996528,75325.00203445196,0.0,75325.00203445196,0.0,75325.00203445196,75325.00203445196,2.2737367544323206e-13,0.0,0,0.0
2025-07-25,S0,1200.0,1199.9999999999993,45266.89280099678,45266.892800996764,40846.74517602624,235.02933248688913,10982.461283137596,775.6603253755617,14833.333333333332,12015.0,25676.32833250735,3.637978807091713e-12,25676.328332507353,923.6882770136228,26600.016609520975,26600.01660952097,9.094947017729282e-13,7.275957614183426e-12,0,6.821210263296962e-13
2025-07-26,S0,1199.9999999999993,1200.0000000000014,48571.00746100462,48571.00746100463,43121.82959363735,96.23708629065118,10360.427049785898,641.0241912929934,19723.80985359187,15976.285981409417,26330.52341580238,3.637978807091713e-12,26330.523415802385,314.9120009077112,26645.435416710097,26645.435416710097,4.888534022029489e-12,0.0,0,2.0463630789890885e-12
2025-07-27,S0,1200.0000000000014,1200.0000000000018,87864.87869643143,87864.87869643142,80870.71148891999,736.7826039683716,3696.546636547293,0.0,22240.82977021613,18015.07211387507,63913.19064466119,-7.275957614183426e-12,63913.19064466118,3093.996058652076,67007.18670331326,67007.18670331326,9.094947017729282e-13,0.0,0,4.547473508864641e-13
2025-07-28,S0,1200.0000000000018,1200.0,92640.55105337262,92640.5510533726,85277.09221401895,515.5793909670492,3218.1519334257846,0.0,24313.90756961507,19694.265131388212,68012.2686432417,-1.4551915228366852e-11,68012.26864324168,2803.156868692693,70815.42551193437,70815.42551193436,4.547473508864641e-13,1.0800249583553523e-12,0,1.8189894035458565e-12
2025-07-29,S0,1200.0,1200.0,86834.40966601366,86834.40966601371,81286.13926273053,871.5258003381201,1813.289056390055,0.0,22500.68450883468,18225.5544521561,63090.181536268006,7.275957614183426e-12,63090.18153626801,3970.0517870027875,67060.2333232708,67060.2333232708,4.547473508864641e-13,2.5849544726952445e-11,0,0.0
2025-07-30,S0,1200.0,1200.0,82531.81210576565,82531.81210576567,78057.07788822468,1552.743859812891,1440.9492992163644,0.0,21397.99157274303,17332.373173921857,61277.14297642345,-7.275957614183426e-12,61277.14297642344,6072.728815188189,67349.87179161163,67349.87179161163,2.2737367544323206e-13,3.2741809263825417e-11,0,0.0
2025-07-31,S0,1200.0,1200.0,85402.57750664555,85402.57750664557,80485.65097563107,742.3194022133487,2148.612272694161,0.0,23075.58862359783,18691.226785114242,62133.29101777006,0.0,62133.29101777006,3375.0577464360617,65508.34876420612,65508.34876420612,2.2737367544323206e-13,1.880451350189105e-11,0,0.0
2025-08-01,S0,1200.0,1200.0000000000018,43951.010445056316,43951.01044505631,39815.17456295433,354.2989646679567,15415.792031315703,523.780975670022,15676.530810367896,12697.989956397998,24901.8380907817,3.637978807091713e-12,24901.838090781705,902.9166471886932,25804.754737970397,25804.754737970394,9.094947017729282e-13,1.1386447340555605e-11,0,1.8189894035458565e-12
2025-08-02,S0,1200.0000000000018,1200.0000000000005,48261.17954198895,48261.17954198893,40567.220947389156,107.25833485942928,16198.601891753988,389.3133965491953,16629.152950589807,13469.613889977742,25939.110441190664,3.637978807091713e-12,25939.110441190667,573.7291259406012,26512.83956713127,26512.83956713127,9.094947017729282e-13,1.1823431123048067e-11,0,1.3642420526593924e-12
2025-08-03,S0,1200.0000000000005,1200.0,75254.65697561637,75254.65697561635,70992.91881844235,444.4171237207404,4635.541956751772,0.0,20854.284221462927,16891.970219384977,53610.70081361951,7.275957614183426e-12,53610.700813619515,2329.767071796459,55940.46788541597,55940.467885415965,2.2737367544323206e-13,7.275957614183426e-12,0,4.547473508864641e-13
2025-08-04,S0,1200.0,1200.0,80707.93003535786,80707.93003535786,73644.60207770744,176.76172940073957,4412.615009041736,0.0,21016.28270912154,17023.188994388453,58319.57299886405,0.0,58319.57299886405,711.3707946165322,59030.94379348058,59030.943793480576,1.0743406164692715e-11,1.057287590811029e-11,0,0.0
2025-08-05,S0,1200.0,1200.0000000000018,79325.12946826806,79325.12946826807,73793.29325881405,336.12550975684246,4827.207683686939,0.0,21841.586060792786,17691.684709242163,57104.799725146724,0.0,57104.799725146724,1416.350132746406,58521.14985789313,58521.14985789312,9.094947017729282e-13,2.864908310584724e-11,0,1.8189894035458565e-12
2025-08-06,S0,1200.0000000000018,1200.0000000000018,83838.93107642302,83838.93107642302,76247.22152943052,1008.0083487117597,4767.952045097354,0.0,23015.150349359275,18642.271782981017,62024.10114352188,0.0,62024.10114352188,4110.122909643964,66134.22405316585,66134.22405316585,1.8189894035458565e-12,1.269739868803299e-11,0,0.0
2025-08-07,S0,1200.0000000000018,1200.0,84253.91580631025,84253.91580631028,76076.65190455652,847.7165255374032,9190.311813576871,0.0,22874.059823773965,18527.988457256914,58459.70426793827,0.0,58459.70426793827,3500.3169585625797,61960.02122650085,61960.02122650085,2.2737367544323206e-13,3.178968199790688e-11,0,1.8189894035458565e-12
2025-08-08,S0,1200.0,1200.0000000000007,42091.221238377504,42091.2212383775,39405.60062999676,225.49195204361513,20506.45574755119,516.1921060512708,14911.965675989111,12078.692197551183,22987.198521651546,3.637978807091713e-12,22987.19852165155,785.1364663362482,23772.334987987797,23772.334987987793,6.252776074688882e-12,2.4414248400717042e-11,0,6.821210263296962e-13
2025-08-09,S0,1200.0000000000007,1200.000000000001,41356.55783389686,41356.55783389688,39542.73312376533,492.9778977513219,17527.25279098933,437.75838842385826,16572.47811633392,13423.707274230474,22551.606829679426,0.0,22551.606829679426,1598.3635734540424,24149.97040313347,24149.97040313347,1.8189894035458565e-12,2.0673240896940115e-11,0,2.2737367544323206e-13
2025-08-10,S0,1200.000000000001,1200.0,79372.96011514685,79372.96011514684,73377.92759709618,374.6892099290492,4505.731782747674,0.0,20748.768285671355,16806.502311393797,58080.062718469955,7.275957614183426e-12,58080.06271846996,1830.7063028327082,59910.76902130267,59910.76902130267,2.2737367544323206e-13,7.227640708151739e-11,0,9.094947017729282e-13
2025-08-11,S0,1200.0,1200.0000000000018,77004.58100789896,77004.581007899,73319.36373696428,866.2015232722384,5422.730724518013,0.0,22113.585275711383,17912.004073326225,53385.087906340385,7.275957614183426e-12,53385.08790634039,3815.15558978845,57200.24349612884,57200.24349612884,2.2737367544323206e-13,1.3983481039758772e-11,0,1.8189894035458565e-12
2025-08-12,S0,1200.0000000000018,1200.0000000000036,83942.4748798535,83942.4748798535,76842.85888466176,614.7475800159501,5530.297215947061,0.0,21930.345256477023,17763.57965774639,59862.31934217359,7.275957614183426e-12,59862.3193421736,2734.4317260024204,62596.75106817602,62596.75106817601,3.183231456205249e-12,7.787548383930698e-12,0,1.8189894035458565e-12
2025-08-13,S0,1200.0000000000036,1199.9999999999982,75822.80765864417,75822.80765864416,71772.22423660966,922.1324715300975,2680.9471816483833,0.0,20486.474086796807,16594.044010305424,54194.924066323336,1.4551915228366852e-11,54194.92406632335,4589.900963318747,58784.825029642096,58784.82502964209,1.8189894035458565e-12,0.0,0,5.4569682106375694e-12
2025-08-14,S0,1199.9999999999982,1199.9999999999982,78967.94382691932,78967.94382691935,73516.74712677824,518.4602469901829,3888.7649666643497,0.0,22211.32328300412,17991.171859233342,56813.09231084498,0.0,56813.09231084498,2698.7490796922893,59511.841390537265,59511.841390537265,1.8189894035458565e-12,8.121503469737945e-12,0,0.0
2025-08-15,S0,1199.9999999999982,1200.0000000000005,42609.61757227741,42609.61757227742,38751.13730360018,620.4215911509713,19298.001898333772,242.6301795807966,14058.947018438193,11387.747084934936,23839.137270680985,0.0,23839.137270680985,1904.2977770713378,25743.435047752322,25743.43504775232,4.547473508864641e-13,6.835421118012164e-12,0,2.2737367544323206e-12
2025-08-16,S0,1200.0000000000005,1200.0000000000127,44898.72922833965,44898.72922833964,39208.01498429857,634.5731918368343,19310.046985835226,398.8122242356078,16865.518944199404,13661.070344801514,24986.566547659455,0.0,24986.566547659455,2569.732882492409,27556.299430151863,27556.299430151863,9.094947017729282e-12,1.0836664898761228e-11,0,1.2278178473934531e-11
2025-08-17,S0,1200.0000000000127,1200.0,80745.61654040113,80745.61654040114,73774.56823870346,410.7919678623972,6772.033666022527,0.0,22357.541704614083,18109.60878073742,56271.41341131591,-7.275957614183426e-12,56271.4134113159,2450.9966767827973,58722.410088098695,58722.410088098695,2.2737367544323206e-13,1.5287326959878555e-11,0,1.2732925824820995e-11
2025-08-18,S0,1200.0,1200.0000000000036,78077.6114978939,78077.61149789389,72713.62599823253,519.2856064245038,4562.338631706236,0.0,22507.670296232187,18231.21293994808,56490.82164712444,2.1827872842550278e-11,56490.82164712446,2278.7647635362864,58769.58641066075,58769.58641066074,9.094947017729282e-13,0.0,0,3.637978807091713e-12
2025-08-19,S0,1200.0000000000036,1200.0,76090.69693168164,76090.69693168167,72141.62663358093,660.3657086523106,4621.150099360679,0.0,20332.537857223935,16469.355664351395,55225.06812029319,7.275957614183426e-12,55225.068120293196,2842.948516363093,58068.01663665629,58068.016636656284,2.2737367544323206e-13,1.6044054973463062e-11,0,3.637978807091713e-12
2025-08-20,S0,1200.0,1200.0,84951.57742579925,84951.5774257992,78626.1400113609,615.7885840544137,4104.159507761657,0.0,23616.200110457863,19129.122089470868,60597.379667694666,1.4551915228366852e-11,60597.37966769468,3323.198021538297,63920.577689232974,63920.57768923297,4.547473508864641e-13,2.3874235921539366e-12,0,0.0
2025-08-21,S0,1200.0,1200.0,81211.61560047875,81211.61560047876,75675.66144177299,281.7051876701465,5874.4119786017745,0.0,22308.085092147783,18069.548924639705,57747.7937495513,7.275957614183426e-12,57747.79374955131,1207.5709926960717,58955.36474224738,58955.36474224737,2.2737367544323206e-13,3.5782932172878645e-11,0,0.0
2025-08-22,S0,1200.0,1200.000000000002,42611.372343728675,42611.37234372868,39557.83996422157,662.2174337206177,16082.987416734833,225.42219458327054,14110.938876968868,11429.860490344787,23912.984861686156,0.0,23912.984861686156,2489.7982758012886,26402.783137487444,26402.783137487444,1.1368683772161603e-13,5.542233338928781e-13,0,2.0463630789890885e-12
2025-08-23,S0,1200.000000000002,1199.999999999999,42524.60050428144,42524.60050428145,40496.606881579726,216.1111414318737,14802.503929689143,465.33413260093914,15341.441109060657,12426.56729833913,23211.475167355387,3.637978807091713e-12,23211.47516735539,591.7890573014278,23803.264224656818,23803.264224656818,4.547473508864641e-13,3.559819106158102e-12,0,2.9558577807620168e-12
2025-08-24,S0,1199.999999999999,1200.0,75064.29649926574,75064.29649926574,71250.63156701582,393.47500146935374,3781.0264367758496,0.0,21734.16130724206,17604.670658866078,55147.5674734656,0.0,55147.5674734656,1470.6101555497332,56618.17762901533,56618.17762901532,9.094947017729282e-13,4.001776687800884e-11,0,9.094947017729282e-13
2025-08-25,S0,1200.0,1199.9999999999982,97732.10608797445,97732.10608797442,82949.00970637631,185.39718266939923,7622.171087490791,0.0,24942.888341517166,20203.73955662891,70269.07533039374,1.4551915228366852e-11,70269.07533039375,556.3740588212237,70825.44938921498,70825.44938921498,1.8189894035458565e-12,2.7351454434665357e-11,0,1.8189894035458565e-12
2025-08-26,S0,1199.9999999999982,1200.0,78318.6824681189,78318.6824681189,72229.59801630827,450.4554352303621,3006.082283207934,0.0,21816.593605249465,17671.440820252068,56525.990394008615,7.275957614183426e-12,56525.99039400862,1414.740507656784,57940.7309016654,57940.7309016654,2.5011104298755527e-12,4.803268893738277e-12,0,1.8189894035458565e-12
2025-08-27,S0,1200.0,1200.0,77849.8663915232,77849.86639152322,74668.56191674869,1439.6463631347424,3787.871655566399,0.0,23190.461882370186,18784.274124719857,55693.60301929203,0.0,55693.60301929203,6326.619915202681,62020.22293449471,62020.222934494705,1.4736656339664478e-11,2.390265763096977e-11,0,0.0
2025-08-28,S0,1200.0,1200.0000000000018,76912.62952415599,76912.62952415596,73709.58012849868,2062.193160785333,1195.5459374324407,0.0,20044.380886938154,16235.948518419911,54999.45993488362,0.0,54999.45993488362,8791.442058194085,63790.90199307771,63790.90199307771,1.3642420526593924e-12,1.6207479802687885e-11,0,1.8189894035458565e-12
2025-08-29,S0,1200.0000000000018,1200.0000000000043,45735.57748336397,45735.57748336396,40797.01765586702,167.83315742390818,14861.143629994167,566.2208554488145,15696.136725515527,12713.870747667579,25445.885515071852,0.0,25445.885515071852,816.3092945321381,26262.19480960399,26262.19480960399,4.547473508864641e-13,1.0031087072093214e-11,0,2.5011104298755527e-12
2025-08-30,S0,1200.0000000000043,1200.0000000000023,44528.54522924129,44528.54522924128,41047.83147466075,458.07759472340666,19344.12533981713,274.1847919942177,17762.521601260378,14387.642497020908,24544.429039414335,3.637978807091713e-12,24544.42903941434,1401.1719655768304,25945.60100499117,25945.601004991167,9.094947017729282e-13,9.947598300641403e-14,0,2.0463630789890885e-12
2025-08-31,S0,1200.0000000000023,1200.0,76600.0694069746,76600.06940697461,71654.67409140468,1485.3300385778407,2475.121440648365,0.0,21148.73476842542,17130.4751624246,54693.18201909694,0.0,54693.18201909694,6580.596951772053,61273.77897086899,61273.77897086898,2.2737367544323206e-13,2.061562032196207e-11,0,2.2737367544323206e-12
2025-09-01,S0,1200.0,1200.0000000000018,85820.62086190967,85820.62086190969,68099.30824984702,0.0,9829.656010372459,293.63179349946597,23167.820592851436,18765.934680209666,54293.555987023574,0.0,54293.555987023574,0.0,54293.555987023574,54293.555987023574,1.8189894035458565e-12,1.6575185668443737e-11,0,1.8189894035458565e-12
2025-09-02,S0,1200.0000000000018,1200.0000000000018,62198.61359551709,62198.61359551708,59657.993274373846,2283.4791486546487,3828.8597609951094,0.0,21341.35164228101,17286.49483024762,37163.727427051796,0.0,37163.727427051796,11702.165854046329,48865.89328109812,48865.89328109812,9.094947017729282e-13,1.5006662579253316e-11,0,0.0
2025-09-03,S0,1200.0000000000018,1200.0000000000018,67710.50332611323,67710.50332611325,64338.56851444525,638.923223284204,5470.618286160156,200.60115088113605,19781.86868783257,16023.313637144387,42852.417919043495,0.0,42852.417919043495,2822.641992696404,45675.059911739896,45675.05991173989,1.8189894035458565e-12,3.0105695714155445e-11,0,0.0
2025-09-04,S0,1200.0000000000018,1200.0000000000002,66662.2743263836,66662.27432638362,62357.98133704391,1037.8724989544057,4970.113190353305,297.46302799452076,22119.537198160364,17916.82513050991,42822.87428324049,7.275957614183426e-12,42822.8742832405,3705.792077526357,46528.66636076685,46528.66636076685,9.094947017729282e-13,1.354294454358751e-11,0,1.5916157281026244e-12
2025-09-05,S0,1200.0000000000002,1200.000000000004,41209.238700564274,41209.23870056428,32717.27517138597,0.0,21164.900593646616,1645.1353388599882,16226.197748487852,13143.220176275161,19523.282423282995,3.637978807091713e-12,19523.282423283,0.0,19523.282423283,19523.282423283,9.094947017729282e-13,3.780087354243733e-12,0,3.865352482534945e-12
2025-09-06,S0,1200.000000000004,1200.0000000000018,36296.606180839546,36296.60618083956,31589.517367774788,906.988377398812,20563.04409761198,1149.7375257785209,16119.16011464786,13056.519692864773,16986.809871328624,0.0,16986.809871328624,2852.1485157963975,19838.95838712502,19838.95838712502,1.8189894035458565e-12,5.4569682106375694e-12,0,2.2737367544323206e-12
2025-09-07,S0,1200.0000000000018,1199.9999999999986,63059.24968868994,63059.24968868995,60933.6202441666,1219.2438270282128,2399.724071855022,429.11493334946636,22963.37604907182,18600.334599748174,39404.80698620854,7.275957614183426e-12,39404.80698620855,3369.008689267994,42773.815675476544,42773.815675476544,1.8189894035458565e-12,2.000888343900442e-11,0,3.183231456205249e-12
2025-09-08,S0,1199.9999999999986,1199.9999999999995,71591.34938304155,71591.34938304158,66949.78314090885,2277.6266382639615,5209.063364353669,15.334086995650182,24249.698918369166,19642.256123879026,43568.94306523499,0.0,43568.94306523499,10981.674985578356,54550.61805081335,54550.61805081335,9.094947017729282e-13,3.417000016270322e-11,0,9.094947017729282e-13
2025-09-09,S0,1199.9999999999995,1200.0000000000005,61047.79629318623,61047.79629318621,59351.461391042976,2616.643762771402,4580.82487212886,66.01558134146637,22202.265440407333,17983.835006729933,37709.609418550215,0.0,37709.609418550215,12165.968288677803,49875.57770722802,49875.57770722802,4.547473508864641e-13,0.0,0,9.094947017729282e-13
2025-09-10,S0,1200.0000000000005,1200.0,74120.18853036512,74120.1885303651,69198.03148602569,758.2805560256859,3811.601459892982,285.77764322224436,23910.180468085015,19367.246179148868,46799.19822908748,-7.275957614183426e-12,46799.19822908747,3366.2665359909147,50165.46476507839,50165.46476507839,2.2737367544323206e-13,1.5191403690550942e-11,0,4.547473508864641e-13
2025-09-11,S0,1200.0,1199.999999999999,74713.01721073597,74713.01721073594,64667.824175764836,492.554153162883,6732.3664584394055,441.7764475850464,23632.36652405224,19142.216884482317,46701.8525056602,0.0,46701.8525056602,2339.4034577586067,49041.25596341881,49041.25596341881,9.094947017729282e-13,3.637978807091713e-12,0,9.094947017729282e-13
2025-09-12,S0,1199.999999999999,1199.999999999999,35033.90418051659,35033.90418051658,32713.744569088944,452.75055303230124,17566.281511887144,796.5900894834356,17115.6174776351,13863.65015688443,15978.503677594746,3.637978807091713e-12,15978.50367759475,1090.5433607852608,17069.04703838001,17069.04703838001,1.8189894035458565e-12,1.3642420526593924e-11,0,0.0
2025-09-13,S0,1199.999999999999,1200.0000000000018,35878.64392144349,35878.64392144348,33386.964849529955,191.07413032949069,21184.6120028266,1122.7150621971723,17176.897007906962,13913.286576404642,16354.010135007267,1.8189894035458565e-12,16354.01013500727,618.5075680165211,16972.51770302379,16972.51770302379,1.8189894035458565e-12,2.7284841053187847e-12,0,2.7284841053187847e-12
2025-09-14,S0,1200.0000000000018,1199.9999999999995,77542.81830699554,77542.81830699557,70735.55350478624,592.4461223034488,6671.089344944603,194.49667859021156,22963.625545025632,18600.536691470763,49926.892345528526,7.275957614183426e-12,49926.89234552853,1920.8561628513714,51847.748508379904,51847.7485083799,2.2737367544323206e-12,3.183231456205249e-12,0,2.2737367544323206e-12
2025-09-15,S0,1199.9999999999995,1200.000000000002,63010.638684477846,63010.63868447785,60276.816086565545,918.5561058475663,1637.3634138480124,238.56408300275598,22381.12664331052,18128.712581081523,41398.9994566735,-7.275957614183426e-12,41398.99945667349,2883.3838037468763,44282.38326042036,44282.38326042036,1.0658141036401503e-12,2.609112925711088e-11,0,2.5011104298755527e-12
2025-09-16,S0,1200.000000000002,1200.0,77620.3566105637,77620.35661056369,70087.29811039515,600.7399395071537,6436.421546174205,311.5408676581477,23412.135014403142,18963.829361666554,49917.55828220956,7.275957614183426e-12,49917.55828220957,2112.514468418799,52030.072750628366,52030.07275062836,4.547473508864641e-13,2.3646862246096134e-11,0,2.0463630789890885e-12
2025-09-17,S0,1200.0,1200.0,75282.0597429163,75282.05974291632,68566.19600222139,233.85741359626917,4144.543282484356,325.3917333333336,22999.999999999996,18630.000000000004,48874.980918799825,7.275957614183426e-12,48874.98091879983,606.090929689903,49481.07184848974,49481.07184848974,4.547473508864641e-13,0.0,0,0.0
2025-09-18,S0,1200.0,1200.0000000000014,68058.52990619681,68058.5299061968,63598.46672817482,1430.5169435652447,1557.888232829971,245.00748737708454,22473.878078243953,18203.84124337761,43911.33117005377,7.275957614183426e-12,43911.331170053774,4435.356759504462,48346.68792955823,48346.68792955823,4.547473508864641e-13,1.829647544582258e-11,0,1.3642420526593924e-12
2025-09-19,S0,1200.0000000000014,1200.0000000000014,37195.47681966789,37195.476819667885,33838.14515037385,193.62987267818608,13246.873126904033,1328.0876361990017,17660.326017275413,14304.864073993082,17421.866379613613,3.637978807091713e-12,17421.866379613617,356.7489117234271,17778.615291337042,17778.61529133704,4.547473508864641e-13,1.8189894035458565e-12,0,0.0
2025-09-20,S0,1200.0000000000014,1200.0000000000032,36837.28342219308,36837.28342219309,33351.77758220743,419.2234269116206,13858.984166323271,1033.5678164224555,17015.86996336833,13782.854670328345,16872.279206483116,0.0,16872.279206483116,1325.902136106968,18198.181342590084,18198.181342590084,1.8189894035458565e-12,0.0,0,1.8189894035458565e-12
2025-09-21,S0,1200.0000000000032,1200.0,74591.76710097765,74591.76710097767,68983.1616589066,188.16771584221732,6110.906519310743,230.95313898440065,23905.169648001898,19363.187414881544,47813.42489483539,7.275957614183426e-12,47813.4248948354,999.707308354064,48813.13220318947,48813.13220318946,4.547473508864641e-13,1.5575096767861396e-11,0,3.183231456205249e-12
2025-09-22,S0,1200.0,1200.0,79839.7777211115,79839.77772111146,70348.96814155878,144.57994685213663,5032.916905246252,491.51459969505754,22921.561579664634,18566.46487952836,52851.76934634954,7.275957614183426e-12,52851.769346349545,419.44003611365497,53271.2093824632,53271.2093824632,9.094947017729282e-13,1.546140993013978e-11,0,0.0
2025-09-23,S0,1200.0,1200.0000000000018,78552.79603972337,78552.79603972338,70977.59032533552,70.47719567050319,4345.227269797687,252.5270807537944,22808.93466905886,18475.23708193769,51423.128874447255,1.4551915228366852e-11,51423.12887444727,262.0611703218889,51685.19004476916,51685.19004476915,1.8189894035458565e-12,2.7718272122001508e-11,0,1.8189894035458565e-12
2025-09-24,S0,1200.0000000000018,1200.0000000000018,67908.23043927128,67908.23043927127,64311.6982128422,3105.2770665400258,1903.7362972512844,357.67996184166714,21538.599580469727,17446.26566018049,44721.81774622479,0.0,44721.81774622479,8315.892449985711,53037.7101962105,53037.7101962105,1.8189894035458565e-12,3.637978807091713e-11,0,0.0
2025-09-25,S0,1200.0000000000018,1199.9999999999984,75037.50249474135,75037.5024947413,69055.92614287176,263.64586284930743,4287.788672472006,283.95926376591194,23223.02720780596,18810.65203832283,48641.890753851796,7.275957614183426e-12,48641.8907538518,841.9614039919902,49483.852157843794,49483.852157843794,1.8189894035458565e-12,0.0,0,3.410605131648481e-12
2025-09-26,S0,1199.9999999999984,1199.9999999999964,38383.05039794049,38383.0503979405,33630.25421328443,122.33995489193234,11775.346506643966,958.9847719426575,17494.838892577613,14170.81950298787,17051.189150902228,0.0,17051.189150902228,240.81785963684112,17292.00701053907,17292.00701053907,1.8189894035458565e-12,3.8333780594257405e-12,0,2.0463630789890885e-12
2025-09-27,S0,1199.9999999999964,1200.0,36832.13107517342,36832.13107517343,34627.50241211113,639.550788150829,13263.24479799486,944.2425688769184,17148.755702053448,13890.49211866329,17364.229552232435,0.0,17364.229552232435,1858.2769759853045,19222.50652821774,19222.50652821774,9.094947017729282e-13,3.595346242946107e-12,0,3.637978807091713e-12
2025-09-28,S0,1200.0,1200.0000000000018,73764.23725736984,73764.23725736985,69938.69775235525,464.1819229750327,2354.838087395671,415.99327615668733,21812.732342690746,17668.31319757951,48545.45308751981,0.0,48545.45308751981,1542.2935242166905,50087.746611736504,50087.746611736504,9.094947017729282e-13,1.071498445526231e-11,0,1.8189894035458565e-12
2025-09-29,S0,1200.0000000000018,1200.000000000002,78409.41674237895,78409.41674237893,71304.06121887929,234.3251894017648,3925.538805964418,283.1991608770736,24051.351797050254,19481.59495561072,51744.60518695586,0.0,51744.60518695586,781.9816360294201,52526.58682298528,52526.58682298528,2.2737367544323206e-13,3.5782932172878645e-11,0,2.2737367544323206e-13
2025-09-30,S0,1200.000000000002,1200.0,77480.09461665411,77480.0946166541,71114.46015502069,2040.3779343417375,2301.463401273351,460.04868760415934,26163.9538622014,21192.80262838315,51280.76827162836,-7.275957614183426e-12,51280.76827162835,7443.813736805568,58724.58200843392,58724.58200843392,4.547473508864641e-13,3.043965079996269e-11,0,2.0463630789890885e-12
2025-10-01,S0,1200.0,1200.0,73991.59494504274,73991.59494504276,63182.05190461717,55.35067049533327,7363.353162672603,1418.7435597036733,25230.44378633103,20436.659466928148,45145.778798183586,0.0,45145.778798183586,183.77848535036156,45329.55728353395,45329.55728353395,2.2737367544323206e-13,1.4082957022765186e-11,0,0.0
2025-10-02,S0,1200.0,1200.0000000000027,78750.03485067716,78750.03485067716,65527.84650784272,22.06886372851494,8447.037385297332,897.7332590709295,23549.271634401503,19074.91002386522,48544.76897093504,0.0,48544.76897093504,79.7663625240623,48624.5353334591,48624.5353334591,9.094947017729282e-13,0.0,0,2.7284841053187847e-12
2025-10-03,S0,1200.0000000000027,1200.000000000004,69191.94892540772,69191.94892540769,39484.708324125655,0.0,21939.8523985098,5418.912365179931,22677.8413707154,18369.05151027947,30555.001577083734,3.637978807091713e-12,30555.001577083738,0.0,30555.001577083738,30555.001577083738,4.547473508864641e-13,1.2192913345643319e-11,0,1.3642420526593924e-12
2025-10-04,S0,1200.000000000004,1199.9999999999995,38300.27580225431,38300.2758022543,33345.26337189856,88.78787302019322,15281.566343519084,1471.357446702402,18869.184322968016,15284.039301604096,15801.643301614227,0.0,15801.643301614227,287.7901518068646,16089.433453421092,16089.433453421092,4.547473508864641e-13,9.947598300641403e-13,0,4.547473508864641e-12
2025-10-05,S0,1199.9999999999995,1200.000000000001,77315.59137299146,77315.59137299145,67578.07278457946,211.291730261326,7700.873692224009,775.4332886331568,24089.981406931478,19512.884939614505,47367.11324187074,0.0,47367.11324187074,569.5460626192319,47936.65930448997,47936.65930448997,9.094947017729282e-13,3.6408209780347534e-11,0,1.3642420526593924e-12
2025-10-06,S0,1200.000000000001,1200.0000000000032,67420.29309605816,67420.29309605813,63586.64007355407,803.4792877703078,1730.1654373834888,538.3010377360604,23097.598085288668,18709.05444908382,42443.93207117477,7.275957614183426e-12,42443.93207117478,2768.798596272886,45212.730667447664,45212.73066744766,4.547473508864641e-13,6.139089236967266e-12,0,2.2737367544323206e-12
2025-10-07,S0,1200.0000000000032,1200.0000000000027,71526.55970347507,71526.55970347507,66554.34381774373,262.7299050135533,4069.927888575255,706.2274511051036,22470.291489878713,18200.93610680176,43933.02811610852,7.275957614183426e-12,43933.02811610853,994.3809687414259,44927.409084849955,44927.409084849955,1.8189894035458565e-12,2.7284841053187847e-12,0,4.547473508864641e-13
2025-10-08,S0,1200.0000000000027,1200.0000000000005,71829.7291772581,71829.72917725806,65396.27595224536,103.08321729236386,3816.771392021229,795.7633788257508,23201.730168547838,18793.401436523745,44759.21217248382,0.0,44759.21217248382,451.7145091667028,45210.926681650526,45210.92668165052,4.547473508864641e-13,1.2562395568238571e-11,0,2.2737367544323206e-12
2025-10-09,S0,1200.0000000000005,1200.0000000000002,77218.72480323007,77218.72480323007,67858.60097831665,52.20245228935664,7339.427986785642,347.2275576140554,23495.611594068207,19031.44539119526,47981.06425586714,7.275957614183426e-12,47981.064255867146,162.1213311329966,48143.185587000145,48143.185587000145,4.547473508864641e-13,1.6356693777197506e-11,0,2.2737367544323206e-13
2025-10-10,S0,1200.0000000000002,1200.000000000001,34534.37540426827,34534.375404268256,32638.87486535136,146.91037482904989,18999.289411064772,866.7279835892108,18821.87857294611,15245.721644086343,14047.462681957342,0.0,14047.462681957342,389.0499285475404,14436.512610504882,14436.512610504882,9.094947017729282e-13,1.3073986337985843e-12,0,6.821210263296962e-13
2025-10-11,S0,1200.000000000001,1200.0000000000014,34680.360127125445,34680.36012712544,32717.362473052286,139.54750975425486,14238.315819595047,659.7507882533071,20276.472587499233,16423.942795874384,13852.7586577517,1.8189894035458565e-12,13852.758657751701,643.5791865802723,14496.337844331974,14496.337844331973,2.2737367544323206e-13,2.8137492336099967e-12,0,4.547473508864641e-13
2025-10-12,S0,1200.0000000000014,1200.000000000002,69353.64239791568,69353.64239791568,66051.17803092353,1113.0034667411028,4134.728484772023,212.38842825211657,22642.67684898503,18340.568247677875,41719.93927868722,0.0,41719.93927868722,5309.7780809162805,47029.7173596035,47029.71735960349,4.547473508864641e-13,2.9338309559534537e-11,0,6.821210263296962e-13
2025-10-13,S0,1200.000000000002,1200.0000000000005,73805.96717263163,73805.96717263164,65945.32874822573,292.9699238202773,4649.777260624636,311.96142377120805,22364.02467184296,18114.8599841928,45604.97958373959,7.275957614183426e-12,45604.979583739594,1313.161152605739,46918.14073634533,46918.14073634533,1.1368683772161603e-12,3.1377567211166024e-11,0,1.5916157281026244e-12
2025-10-14,S0,1200.0000000000005,1200.0000000000005,75419.80858049516,75419.80858049514,69577.37840994255,364.7844387714861,4413.752966675386,337.2115132831718,23249.310975906094,18831.941890483944,47318.06025773958,0.0,47318.06025773958,1474.7773785179083,48792.837636257485,48792.83763625748,4.547473508864641e-13,1.7280399333685637e-11,0,0.0
2025-10-15,S0,1200.0000000000005,1200.000000000004,78643.94647869855,78643.94647869855,71613.256994034,73.89454552697634,4241.377613318649,431.2440446701223,26813.190692485266,21718.684460913064,49246.420421361385,0.0,49246.420421361385,251.82793496446303,49498.24835632585,49498.24835632585,4.547473508864641e-13,1.007194327939942e-11,0,3.637978807091713e-12
2025-10-16,S0,1200.000000000004,1200.000000000002,73185.26353854168,73185.26353854164,69461.80299529045,462.05063198542365,2285.435237135486,103.98590254881412,24041.892303113633,19473.932765522048,46353.26662654603,-7.275957614183426e-12,46353.26662654602,2071.2620109445807,48424.5286374906,48424.5286374906,4.547473508864641e-13,1.0913936421275139e-11,0,2.0463630789890885e-12
2025-10-17,S0,1200.000000000002,1199.9999999999998,65753.80183998054,65753.80183998053,42064.29467332412,0.0,16054.323367373245,5625.104291941428,23056.145775488218,18675.47807814546,31108.362181825105,3.637978807091713e-12,31108.36218182511,0.0,31108.36218182511,31108.36218182511,9.094947017729282e-13,1.0903278280238737e-11,0,2.2737367544323206e-12
2025-10-18,S0,1199.9999999999998,1200.0000000000045,34300.90662269527,34300.90662269526,32643.721593634407,239.79822267942023,12340.626611000773,717.9066078532401,19728.385951542874,15979.992620749732,13805.831107508919,1.8189894035458565e-12,13805.83110750892,623.3547742722292,14429.18588178115,14429.18588178115,4.547473508864641e-13,6.59383658785373e-12,0,4.774847184307873e-12
2025-10-19,S0,1200.0000000000045,1200.0000000000005,76093.33563164293,76093.3356316429,71753.56673140099,451.9442176245316,3406.5394572344826,61.580036234846375,25535.099590646598,20683.430668423753,48618.0666392168,7.275957614183426e-12,48618.066639216806,2167.929734071489,50785.9963732883,50785.99637328829,2.2737367544323206e-13,1.9381829474696133e-11,0,4.092726157978177e-12
2025-10-20,S0,1200.0000000000005,1199.9999999999995,80754.25177185616,80754.25177185614,73535.45319226595,105.54120096381378,4280.327836331809,314.023000925774,24241.374680555546,19635.513491249996,52553.31875717768,0.0,52553.31875717768,375.87526711513806,52929.19402429282,52929.19402429282,9.094947017729282e-13,1.7415402453480056e-11,0,9.094947017729282e-13
2025-10-21,S0,1199.9999999999995,1200.0,79494.45779808152,79494.4577980815,73408.6741008724,321.6320875068693,2414.8168883825665,490.73182235942033,22958.821724406786,18596.645596769496,51896.952181622015,7.275957614183426e-12,51896.95218162202,1343.4611234977292,53240.41330511975,53240.41330511975,2.2737367544323206e-13,6.085798531785258e-12,0,4.547473508864641e-13
2025-10-22,S0,1200.0,1200.0000000000018,76927.05617954134,76927.05617954132,73038.85073485564,288.1603996524876,3118.7347226552583,243.16091417867256,23211.677882495605,18801.459084821454,49671.56790078923,7.275957614183426e-12,49671.56790078924,1296.226814934281,50967.79471572352,50967.79471572351,2.2737367544323206e-13,1.3841372492606752e-11,0,1.8189894035458565e-12
2025-10-23,S0,1200.0000000000018,1200.0,88439.29038335924,88439.29038335923,73752.8452452161,95.86139311016302,5272.0954596020065,503.57657440326614,24702.829320987643,20009.291749999997,56670.856216537795,7.275957614183426e-12,56670.8562165378,290.81387861869536,56961.6700951565,56961.6700951565,9.094947017729282e-13,1.5347723092418164e-11,0,1.8189894035458565e-12
2025-10-24,S0,1200.0,1200.0000000000027,75594.09911425703,75594.09911425706,44141.13118563711,0.0,16643.955232726497,4938.438528639583,21782.561618970463,17643.874911366074,36753.87831405143,0.0,36753.87831405143,0.0,36753.87831405143,36753.87831405143,9.094947017729282e-13,1.3361756145968684e-11,0,2.7284841053187847e-12
2025-10-25,S0,1200.0000000000027,1199.9999999999995,36339.55142954225,36339.55142954225,33870.11237034044,243.82697689201143,10396.060524464761,734.3446763298944,18868.95480581294,15283.853392708492,14797.61805112366,1.8189894035458565e-12,14797.618051123662,722.0335213911319,15519.651572514793,15519.651572514791,9.094947017729282e-13,5.383915535617234e-12,0,3.183231456205249e-12
2025-10-26,S0,1199.9999999999995,1200.0000000000018,76575.05198730936,76575.0519873094,71918.2095124229,587.1594333883937,3115.0235298787698,242.78973316353176,24227.598242643857,19624.354576541526,49100.78102864696,0.0,49100.78102864696,2672.0225630078407,51772.8035916548,51772.8035916548,1.8189894035458565e-12,3.682210092392779e-11,0,2.2737367544323206e-12
2025-10-27,S0,1200.0000000000018,1200.0000000000005,72686.99582484903,72686.99582484906,69011.6777554418,448.74691545367796,1257.1280967642392,280.7149074645914,22999.999999999993,18630.000000000004,46567.868076814375,-7.275957614183426e-12,46567.86807681437,1919.2540871007045,48487.122163915075,48487.122163915075,4.547473508864641e-13,1.3852030633643153e-11,0,1.3642420526593924e-12
2025-10-28,S0,1200.0000000000005,1200.0000000000025,71796.70634274847,71796.70634274845,69601.39057197228,2792.738198838837,1963.7143658695927,206.05246627051588,22378.632835110613,18126.692596439596,46316.673751305774,0.0,46316.673751305774,11740.532353342684,58057.20610464846,58057.20610464845,4.547473508864641e-13,5.229594535194337e-12,0,2.0463630789890885e-12
2025-10-29,S0,1200.0000000000025,1200.000000000002,80184.96469974433,80184.96469974436,76006.8424415568,150.20736713903045,2048.6225473520117,241.93738327592166,23969.647779304956,19415.414701237023,52762.09299216441,7.275957614183426e-12,52762.09299216442,456.4436468856779,53218.5366390501,53218.53663905009,9.094947017729282e-13,2.191313797084149e-11,0,4.547473508864641e-13
2025-10-30,S0,1200.000000000002,1200.0000000000027,72284.76552544863,72284.76552544863,70423.05696608259,1253.5109059372444,2271.000773789996,152.1916841214546,23502.935600570392,19037.377836462027,46924.10132239445,7.275957614183426e-12,46924.101322394454,4859.821970280275,51783.92329267473,51783.92329267472,9.094947017729282e-13,5.256683976995191e-11,0,6.821210263296962e-13
2025-10-31,S0,1200.0000000000027,1200.000000000001,37925.86223744326,37925.86223744326,34725.33889180116,41.41868422599242,6336.5915002914035,961.3114781346491,18760.85542597072,15196.29289503629,16336.485929889748,1.8189894035458565e-12,16336.48592988975,70.7986604650607,16407.28459035481,16407.28459035481,1.1368683772161603e-13,1.5063505998114124e-12,0,1.8189894035458565e-12
2025-11-01,S0,1200.000000000001,1200.0000000000018,36123.08032640809,36123.08032640808,34474.10467449792,198.74051344963067,7362.36996383523,1009.9531075822562,19770.96675366695,16014.483070470236,14904.519582567726,1.8189894035458565e-12,14904.519582567727,441.36911325765874,15345.888695825386,15345.888695825384,9.094947017729282e-13,7.285061442985352e-12,0,9.094947017729282e-13
2025-11-02,S0,1200.0000000000018,1200.0000000000005,78110.72965934977,78110.72965934976,74105.01262261426,956.8364184297121,1651.006321183981,163.88049909820268,23424.09624962356,18973.51796219509,51866.17590538827,7.275957614183426e-12,51866.17590538828,3836.746001251298,55702.921906639574,55702.921906639574,4.547473508864641e-13,1.8900436771218665e-11,0,1.3642420526593924e-12
2025-11-03,S0,1200.0000000000005,1200.0000000000023,82643.31182110033,82643.31182110033,76763.3764571431,136.92128108605493,2491.491738960373,343.8757159354303,23999.999999999993,19440.0,54524.27067405433,0.0,54524.27067405433,428.0464062303477,54952.31708028468,54952.31708028468,2.2737367544323206e-13,1.6001422409317456e-11,0,1.8189894035458565e-12
2025-11-04,S0,1200.0000000000023,1200.0000000000011,78342.61767821401,78342.61767821404,74411.31950254935,254.17247722287743,2557.3238016752307,176.47735324624205,22903.25679745999,18551.638005942605,51505.44893744537,0.0,51505.44893744537,908.2478066267249,52413.69674407209,52413.69674407209,4.547473508864641e-13,5.343281372915953e-12,0,1.1368683772161603e-12
2025-11-05,S0,1200.0000000000011,1200.0000000000005,84384.21726028694,84384.21726028691,76850.46451873788,271.71556523556524,2577.292848817495,338.5338351559419,23833.333333333325,19305.0,56395.04773909957,7.275957614183426e-12,56395.04773909958,1196.8593222139193,57591.9070613135,57591.90706131349,9.094947017729282e-13,2.7284841053187847e-11,0,6.821210263296962e-13
2025-11-06,S0,1200.0000000000005,1200.0000000000005,79574.32411810051,79574.32411810053,76488.95362147369,366.33925318332416,824.273430858274,259.54790561006405,23167.826253624575,18765.939265435914,52979.56294256336,7.275957614183426e-12,52979.56294256337,1766.5359872541078,54746.098929817475,54746.09892981747,1.3642420526593924e-12,1.4779288903810084e-11,0,0.0
2025-11-07,S0,1200.0000000000005,1200.0000000000032,36105.41972071819,36105.419720718186,35057.36251320866,303.12292725598456,7704.5060450004985,507.9896164119173,20155.410503783634,16325.882508064746,14784.989941581229,-1.8189894035458565e-12,14784.989941581227,962.6180457064751,15747.607987287702,15747.6079872877,9.094947017729282e-13,4.82458517581108e-12,0,2.7284841053187847e-12
2025-11-08,S0,1200.0000000000032,1200.0,38373.60821216318,38373.60821216317,35991.28568884213,139.8213439392668,7668.170029598227,822.6339020635537,20258.400005892843,16409.304004773217,15779.059805111714,0.0,15779.059805111714,367.9238224993853,16146.9836276111,16146.9836276111,9.094947017729282e-13,3.495870259939693e-12,0,3.183231456205249e-12
2025-11-09,S0,1200.0,1199.9999999999998,81088.42821759451,81088.42821759456,77361.64963490509,333.2536041190524,1643.480671132146,233.90782583688053,23529.987151167206,19059.28959244544,54077.71576042347,0.0,54077.71576042347,1381.6541578970284,55459.369918320495,55459.36991832049,9.094947017729282e-13,2.6325608359911712e-11,0,2.2737367544323206e-13
2025-11-10,S0,1199.9999999999998,1200.0,81513.73385301622,81513.73385301622,78776.07066710007,736.8542421616604,742.8712350163075,190.81185983826117,24846.30902319542,20125.5103087883,55072.28010234436,0.0,55072.28010234436,3007.4051344557975,58079.68523680016,58079.68523680015,9.094947017729282e-13,0.0,0,2.2737367544323206e-13
2025-11-11,S0,1200.0,1200.0000000000005,84666.942121243,84666.94212124302,78747.74654049535,157.89767203124939,2631.818349713116,175.40404364470464,23891.590276326828,19352.18812382474,57067.37685909871,0.0,57067.37685909871,552.764380173764,57620.141239272474,57620.14123927247,4.547473508864641e-13,1.2732925824820995e-11,0,4.547473508864641e-13
2025-11-12,S0,1200.0000000000005,1200.0000000000018,81327.93353061793,81327.93353061794,76329.7704351203,212.63373705033075,1014.7646387551566,186.22316823551796,23081.203237789137,18695.7746226092,54487.450270730464,7.275957614183426e-12,54487.45027073047,1068.3649811028497,55555.81525183332,55555.815251833315,1.8189894035458565e-12,1.340394462090444e-11,0,1.3642420526593924e-12
2025-11-13,S0,1200.0000000000018,1199.9999999999995,79587.42921042696,79587.42921042696,77175.94210764616,2094.387157602298,2314.001122252354,174.7300590272697,23082.772459484997,18697.045692182845,54182.43188080577,0.0,54182.43188080577,9158.802767283218,63341.23464808899,63341.23464808898,1.8189894035458565e-12,1.9318768806897424e-11,0,2.2737367544323206e-12
2025-11-14,S0,1199.9999999999995,1200.0000000000002,36588.794213520894,36588.79421352089,35198.643439748805,250.24811800003528,3620.66298965704,570.8469983082421,19257.5066830713,15598.580413287755,15409.6757549941,3.637978807091713e-12,15409.675754994103,766.2550477027189,16175.930802696821,16175.930802696821,4.547473508864641e-13,0.0,0,6.821210263296962e-13
2025-11-15,S0,1200.0000000000002,1200.0000000000018,41835.98369401747,41835.98369401746,38456.747368637,176.8539568971076,5777.36813265918,590.9068751039141,21333.891584759767,17280.4521836554,17315.268483068365,3.637978807091713e-12,17315.26848306837,569.7489419335907,17885.01742500196,17885.01742500196,9.094947017729282e-13,1.6839862837514374e-12,0,1.5916157281026244e-12
2025-11-16,S0,1200.0000000000018,1200.0000000000018,83416.28118052633,83416.28118052633,80126.95801802579,515.4276287415971,1438.6161750700462,202.94453397112306,24033.0555494365,19466.77499504357,56736.2111476733,0.0,56736.2111476733,2183.033648291349,58919.244795964645,58919.244795964645,4.547473508864641e-13,1.5206680359369784e-10,0,0.0
2025-11-17,S0,1200.0000000000018,1200.0,79917.62380978686,79917.62380978688,77159.03169447773,859.2923779295463,569.2904826163511,366.9363428999708,23086.015334513744,18699.672420956136,53847.10024858553,0.0,53847.10024858553,3371.3311008067612,57218.43134939229,57218.43134939229,9.094947017729282e-13,2.2396307031158358e-11,0,1.8189894035458565e-12
2025-11-18,S0,1200.0,1200.0000000000027,84057.1594910179,84057.15949101791,79729.17103223252,592.7986455171038,761.2941416666657,268.4570360829316,23166.66666666666,18765.0,57596.48984049274,7.275957614183426e-12,57596.489840492744,2785.8504523294596,60382.340292822206,60382.3402928222,9.094947017729282e-13,2.7711166694643907e-11,0,2.7284841053187847e-12
2025-11-19,S0,1200.0000000000027,1200.0000000000036,83169.54644714348,83169.54644714348,79628.04636635767,887.2518626179373,652.719465976628,147.01310848121352,22880.28449746177,18533.030442944033,57612.74313765917,7.275957614183426e-12,57612.74313765918,4334.453856792791,61947.196994451966,61947.19699445196,9.094947017729282e-13,2.6047608514545573e-11,0,9.094947017729282e-13
2025-11-20,S0,1200.0000000000036,1200.0000000000005,81386.40668737756,81386.40668737754,78939.37223216947,1082.1723469554036,617.8080103543131,196.7011792468461,23231.365032580914,18817.405676390546,54886.37696809761,7.275957614183426e-12,54886.37696809762,5029.947855223061,59916.32482332068,59916.32482332067,9.094947017729282e-13,5.5422333389287814e-12,0,3.183231456205249e-12
2025-11-21,S0,1200.0000000000005,1200.000000000001,82775.93072988323,82775.93072988318,52571.309162686135,0.0,13969.4900357106,5169.970273532039,24039.28835145703,19471.823564680202,42391.77518334678,0.0,42391.77518334678,0.0,42391.77518334678,42391.77518334678,4.547473508864641e-13,3.171685136749147e-11,0,4.547473508864641e-13
2025-11-22,S0,1200.000000000001,1200.000000000003,44594.27475652041,44594.274756520404,41352.08005420464,342.1819123796158,6990.486469555514,421.276017114363,21382.473666216007,17319.803669634966,18188.77012942449,3.637978807091713e-12,18188.770129424494,881.5567367983374,19070.326866222833,19070.32686622283,9.094947017729282e-13,6.300737709352688e-12,0,2.0463630789890885e-12
2025-11-23,S0,1200.000000000003,1200.0000000000018,81997.13982741354,81997.13982741354,79770.70025968621,862.0850494597357,901.45057318407,183.75723807348288,22713.05902397403,18397.57780941897,56202.247521530815,7.275957614183426e-12,56202.24752153082,4033.75773052827,60236.00525205909,60236.00525205908,9.094947017729282e-13,3.582556473702425e-11,0,1.1368683772161603e-12
2025-11-24,S0,1200.0000000000018,1200.0000000000016,82732.95604249089,82732.9560424909,79490.58478395898,325.62634174191237,823.5695238849539,163.83212719678727,24562.451445363833,19895.58567074471,56401.62618145503,1.4551915228366852e-11,56401.626181455045,1171.9118688342103,57573.53805028926,57573.53805028925,4.547473508864641e-13,2.4837021328494302e-11,0,2.2737367544323206e-13
2025-11-25,S0,1200.0000000000016,1200.0000000000036,92968.63970868167,92968.63970868173,83812.4611502635,129.8848443854414,2841.7314968993096,206.31649244905566,24871.77651912621,20146.138980492244,64816.69585774209,1.4551915228366852e-11,64816.6958577421,368.6157970661986,65185.3116548083,65185.31165480829,9.094947017729282e-13,2.573763424607023e-11,0,2.0463630789890885e-12
2025-11-26,S0,1200.0000000000036,1200.0000000000014,89319.63052446154,89319.63052446152,82929.32127190256,299.93472543570573,1218.3741609148046,284.85117282018723,26149.28305405243,21180.91927378247,62055.72379477299,0.0,62055.72379477299,1481.4626823730657,63537.18647714605,63537.186477146046,9.094947017729282e-13,9.316281079918554e-11,0,2.2737367544323206e-12
2025-11-27,S0,1200.0000000000014,1199.9999999999995,86008.9748778952,86008.97487789523,81100.72279827301,254.5656631351718,913.4991314093458,148.25753112753569,23750.731923883923,19238.092858345986,59807.983243594776,7.275957614183426e-12,59807.98324359478,1202.2334004166507,61010.21664401143,61010.21664401142,9.094947017729282e-13,1.1933565247090883e-11,0,1.8189894035458565e-12
2025-11-28,S0,1199.9999999999995,1200.0000000000043,40983.3624165066,40983.36241650659,38982.35076767692,301.13414094889436,3882.927042542328,498.7059534078486,20950.59664566118,16969.98328298555,16780.88216356215,0.0,16780.88216356215,824.2812557233776,17605.163419285527,17605.163419285527,2.7284841053187847e-12,8.251177519014163e-12,0,4.774847184307873e-12
2025-11-29,S0,1200.0000000000043,1200.0000000000023,50412.864449067754,50412.864449067725,45214.565345477735,329.6258718396001,5794.711321846674,500.9196820119657,22732.158491888033,18413.04837842931,20902.008605676572,-3.637978807091713e-12,20902.00860567657,712.4335081149642,21614.442113791534,21614.442113791534,9.094947017729282e-13,1.4551915228366852e-11,0,2.0463630789890885e-12
2025-11-30,S0,1200.0000000000023,1200.0000000000018,87844.55032646898,87844.55032646895,84304.06945391445,1087.7381675805232,418.8291439919751,159.72355073158064,24044.351632130125,19475.92482202541,61189.26785105252,7.275957614183426e-12,61189.26785105253,5382.776890093057,66572.04474114558,66572.04474114558,9.094947017729282e-13,1.000444171950221e-11,0,4.547473508864641e-13
2025-12-01,S0,1200.0000000000018,1199.9999999999995,91292.10293869805,91292.10293869812,88951.53488359218,3180.229321711177,788.7621161896344,150.36009388323873,25756.3908520903,20862.676590193158,68030.22032630212,1.4551915228366852e-11,68030.22032630214,12287.699724379012,80317.92005068115,80317.92005068113,9.094947017729282e-13,4.5631054490513634e-11,0,2.2737367544323206e-12
2025-12-02,S0,1199.9999999999995,1199.9999999999989,99672.43415161982,99672.43415161979,94359.39050174809,1037.1788123135689,1184.2101224433964,500.95167720161953,26703.14507587704,21629.547511460423,75670.72797953254,1.4551915228366852e-11,75670.72797953256,4577.871115989429,80248.59909552199,80248.59909552197,9.094947017729282e-13,1.0832224006662727e-10,0,6.821210263296962e-13
2025-12-03,S0,1199.9999999999989,1200.0,93111.81845213364,93111.81845213367,90185.42127253358,2638.703432105015,565.2214185007259,377.82138613787924,24833.333333333325,20115.000000000007,69384.89110382361,1.4551915228366852e-11,69384.89110382363,11861.971127274186,81246.86223109781,81246.8622310978,9.094947017729282e-13,0.0,0,1.1368683772161603e-12
2025-12-04,S0,1200.0,1200.0000000000002,100587.69058583632,100587.69058583626,93271.90205290834,495.82475063645205,1823.4143622157028,169.77035799584996,26333.333333333325,21330.0,75738.77071487534,0.0,75738.77071487534,2773.0944139766407,78511.86512885198,78511.86512885196,9.094947017729282e-13,4.658851082695037e-11,0,2.2737367544323206e-13
2025-12-05,S0,1200.0000000000002,1200.0000000000045,49960.45227049956,49960.45227049955,47786.28406270761,738.724053001723,2322.5541888382,436.81218379171315,23442.179261821464,18988.165202075383,21952.242941401644,0.0,21952.242941401644,2325.528803081905,24277.77174448355,24277.771744483547,1.8189894035458565e-12,1.000444171950221e-11,0,4.320099833421409e-12
2025-12-06,S0,1200.0000000000045,1199.9999999999995,57716.48109870394,57716.48109870392,53174.09946126102,70.13454482271382,3887.382406501288,1090.7005076035791,24218.52776480105,19617.007489488853,27334.639860276508,3.637978807091713e-12,27334.63986027651,201.2521298197664,27535.89199009628,27535.89199009628,9.094947017729282e-13,7.224443265840819e-12,0,5.002220859751105e-12
2025-12-07,S0,1199.9999999999995,1200.0000000000018,103987.6096744163,103987.60967441628,95187.18071885634,468.79892333442024,3056.298685729869,158.2026750296925,25204.194902269366,20415.397870838195,79523.91821316295,0.0,79523.91821316295,2471.077884893719,81994.99609805667,81994.99609805667,2.2737367544323206e-13,1.4722445484949276e-11,0,2.2737367544323206e-12
2025-12-08,S0,1200.0000000000018,1200.0000000000005,107341.935537769,107341.93553776898,96390.56461127548,77.71605175549666,3091.1680248301627,462.31417888524334,26671.512329731406,21603.92498708245,82257.43605318807,1.4551915228366852e-11,82257.43605318808,489.59868501341384,82747.03473820149,82747.03473820147,2.2737367544323206e-13,2.2509105690460274e-11,0,1.3642420526593924e-12
2025-12-09,S0,1200.0000000000005,1200.0000000000023,101632.84115524811,101632.84115524814,94778.68155825997,393.41048423192296,2413.045770948658,184.1293982550693,27297.171613797473,22110.709007175967,76425.60204927853,-2.9103830456733704e-11,76425.6020492785,1972.5649480336922,78398.16699731219,78398.16699731219,9.094947017729282e-13,9.094947017729282e-13,0,1.8189894035458565e-12
2025-12-10,S0,1200.0000000000023,1200.000000000001,96617.04514338895,96617.04514338892,93506.56298824678,897.3619375452986,1097.5521521741634,207.16961626796888,24797.814161491006,20086.229470807724,73058.5439444902,-1.4551915228366852e-11,73058.54394449019,4233.845753458398,77292.38969794859,77292.38969794859,2.2737367544323206e-13,1.0459189070388675e-11,0,1.3642420526593924e-12
2025-12-11,S0,1200.000000000001,1200.0000000000014,101421.89541235982,101421.89541235984,93154.20660385709,258.82776601757723,2192.338898756998,309.30995239771505,26053.320098526292,21103.189279806305,75536.4522182716,1.4551915228366852e-11,75536.45221827162,955.1909868615112,76491.64320513312,76491.64320513312,9.094947017729282e-13,5.680345083192151e-12,0,4.547473508864641e-13
2025-12-12,S0,1200.0000000000014,1200.0000000000027,54286.09482675461,54286.09482675459,51166.93298009113,271.4700897781536,2752.9827080240852,726.685424012357,22338.533971050096,18094.212516550582,24924.561073554272,3.637978807091713e-12,24924.561073554276,884.5944484380875,25809.155521992365,25809.15552199236,9.094947017729282e-13,1.7426060594516457e-12,0,1.3642420526593924e-12
2025-12-13,S0,1200.0000000000027,1200.0000000000018,56525.29326706575,56525.29326706575,52497.21515427893,265.8085076871796,3891.533474793612,751.607327442744,22743.944612612868,18422.595136216427,26747.615523241948,3.637978807091713e-12,26747.61552324195,1023.5727325009407,27771.18825574289,27771.188255742887,1.8189894035458565e-12,7.80910625053366e-12,0,9.094947017729282e-13
2025-12-14,S0,1200.0000000000018,1200.0000000000005,95831.54910044651,95831.54910044657,93048.85273979009,1169.7771138963078,289.2982116744623,186.10693476064318,26128.9626697435,21164.45976249225,71901.00584828312,0.0,71901.00584828312,5932.898957168289,77833.90480545141,77833.90480545141,2.2737367544323206e-13,5.232436706137378e-11,0,1.3642420526593924e-12
2025-12-15,S0,1200.0000000000005,1200.0000000000005,96366.9398320641,96366.93983206418,93667.54573824821,1356.2303342657274,416.30884622582573,211.63112055929162,25927.779679274503,21001.501540212357,72326.96038070542,0.0,72326.96038070542,6691.090843392016,79018.05122409743,79018.05122409743,9.094947017729282e-13,4.18367562815547e-11,0,0.0
2025-12-16,S0,1200.0000000000005,1200.0000000000036,101980.54293638915,101980.54293638915,96654.61615915145,202.9766283302281,2155.005091183554,184.5352058055148,26841.90082715426,21741.939669994954,77657.0475438672,1.4551915228366852e-11,77657.04754386721,713.4652024411484,78370.51274630836,78370.51274630835,9.094947017729282e-13,6.03037619839597e-11,0,3.183231456205249e-12
2025-12-17,S0,1200.0000000000036,1200.0000000000027,101752.17187971497,101752.17187971492,95053.98625737091,268.9988229758603,2029.149037320342,292.9321581862025,25310.825358808208,20501.76854063466,77646.72140783023,-1.4551915228366852e-11,77646.72140783022,1181.7830835305108,78828.50449136073,78828.50449136073,4.547473508864641e-13,3.8127723200886976e-11,0,9.094947017729282e-13
2025-12-18,S0,1200.0000000000027,1200.0000000000048,97435.7770891281,97435.7770891281,92931.41863798552,218.0216006430669,939.6504300566066,248.52258568675472,24184.211874834593,19589.21161861603,73190.32341799205,0.0,73190.32341799205,886.0898505394857,74076.41326853154,74076.41326853154,9.094947017729282e-13,2.8744118196755153e-11,0,2.0463630789890885e-12
2025-12-19,S0,1200.0000000000048,1200.000000000001,53968.24954574698,53968.249545746985,51032.08356432356,487.6278158703293,3035.1907947247137,1049.3819152269054,23824.986159169806,19298.23878892754,24770.33320844837,0.0,24770.33320844837,1566.528333924384,26336.861542372753,26336.86154237275,9.094947017729282e-13,4.736477876576828e-11,0,3.865352482534945e-12
2025-12-20,S0,1200.000000000001,1200.000000000001,53614.08344566339,53614.083445663426,50884.7649866894,320.5333782446398,3245.792296914141,549.2328867952583,23968.004901182318,19414.083969957683,24696.741886071755,0.0,24696.741886071755,782.7426443994324,25479.48453047119,25479.48453047119,9.094947017729282e-13,1.3497260253902965e-10,0,0.0
2025-12-21,S0,1200.000000000001,1200.0000000000005,100360.1188611403,100360.11886114026,95175.83568760079,277.34349018444254,1564.0939944052197,156.2320237078867,24710.90154213444,20015.830249128907,75754.4584868071,-1.4551915228366852e-11,75754.45848680708,1513.3286906375145,77267.7871774446,77267.7871774446,2.2737367544323206e-13,3.54702933691442e-11,0,4.547473508864641e-13
2025-12-22,S0,1200.0000000000005,1200.0,97644.29359675478,97644.29359675475,94141.67786650175,460.6378196574874,905.8996911985389,102.52823598856173,24507.687766520154,19851.227090881333,74616.80508743563,0.0,74616.80508743563,1961.8493862983182,76578.65447373394,76578.65447373393,9.094947017729282e-13,7.548806024715304e-11,0,4.547473508864641e-13
2025-12-23,S0,1200.0,1200.0000000000018,100005.90926948938,100005.90926948936,93824.51158758257,140.04324339895004,1594.1062688748907,217.9924487124547,25759.808316109582,20865.444736048772,75624.23761396305,2.9103830456733704e-11,75624.23761396308,696.7987296395447,76321.03634360262,76321.03634360261,2.2737367544323206e-13,6.366462912410498e-11,0,1.8189894035458565e-12
2025-12-24,S0,1200.0000000000018,1200.0000000000007,99499.98457803717,99499.98457803718,94363.69900045371,126.65323839035875,1650.2673368558812,122.25340817545396,25596.16935340027,20732.897176254224,75085.63207317519,1.4551915228366852e-11,75085.6320731752,598.2628299035661,75683.89490307878,75683.89490307878,4.547473508864641e-13,3.212097254845503e-11,0,1.1368683772161603e-12
2025-12-25,S0,1200.0000000000007,1200.0,95940.02788371261,95940.02788371258,92436.2557768924,901.1439026224081,810.2789219508079,140.49278507680617,24074.628627125636,19500.44918797177,71942.6198790857,1.4551915228366852e-11,71942.61987908572,3961.606791212731,75904.22667029845,75904.22667029843,2.2737367544323206e-13,2.751576744230988e-11,0,6.821210263296962e-13
2025-12-26,S0,1200.0,1199.9999999999986,52126.68722445243,52126.68722445244,49504.670842301166,450.494359982148,1624.567737974241,1075.942236867702,22352.804179516046,18105.771385408007,23930.244421716714,0.0,23930.244421716714,1144.4381866922902,25074.682608409003,25074.682608409,9.094947017729282e-13,1.872280108727864e-12,0,1.3642420526593924e-12
2025-12-27,S0,1199.9999999999986,1200.0,44397.72668768838,44397.72668768838,44209.69469388141,5015.580425918377,1100.204198110161,350.861830884255,23344.210653361515,18908.810629222826,18542.988389656653,3.637978807091713e-12,18542.988389656657,19024.439353524318,37567.427743180975,37567.427743180975,9.094947017729282e-13,3.817390847871138e-12,0,1.3642420526593924e-12
2025-12-28,S0,1200.0,1200.0,102369.65773725945,102369.65773725942,94503.4713713755,41.27192579181349,1870.5243456488274,946.6900753286029,25885.653295736498,20967.37916954657,77507.98696791669,0.0,77507.98696791669,131.55352511835287,77639.54049303503,77639.54049303502,4.547473508864641e-13,0.0,0,0.0
2025-12-29,S0,1200.0,1200.0,102873.42757696362,102873.42757696362,94591.77808764885,15.655179420564764,1556.693783548056,635.6096427832524,25744.01881090229,20852.65523683086,77153.56180310757,0.0,77153.56180310757,59.36444036278158,77212.92624347036,77212.92624347036,9.094947017729282e-13,2.751932015598868e-11,0,0.0
2025-12-30,S0,1200.0,1200.0000000000034,96963.35904870977,96963.35904870977,92206.46576698548,282.8113829616585,1066.1985865897652,345.7625621610946,25541.64947998076,20688.73607878442,71454.99116527513,1.4551915228366852e-11,71454.99116527515,1527.8763899405405,72982.8675552157,72982.8675552157,9.094947017729282e-13,3.183231456205249e-11,0,3.410605131648481e-12
2025-12-31,S0,1200.0000000000034,6000.0,106830.5036230129,106830.5036230129,99801.77145077735,301.19685528940084,1236.1905433636714,220.52791131756442,29893.82588448516,19893.99896643299,78820.80373175241,1.4551915228366852e-11,78820.80373175243,1184.0133965077923,80004.81712826023,80004.81712826023,4.547473508864641e-13,3.0258462402343866e-11,0,0.0
