date,strategy,soc_initial_kwh,soc_final_kwh,zero_plan_kwh,final_plan_kwh,used_plan_kwh,emergency_kwh,curtail_kwh,spill_kwh,charge_kwh,discharge_kwh,plan_cost_yuan,adjustment_cost_yuan,market_cost_yuan,emergency_cost_yuan,total_cost_yuan,alternative_total_cost_yuan,max_solver_eq_residual,max_solver_ub_violation,simultaneous_charge_discharge_count,soft_terminal_deviation_kwh
2025-02-01,S6,6000.0,5881.876034635278,53989.05400358685,58252.938117255864,48978.50434420029,22.719626364548787,8264.18266974654,1931.1860328258972,23863.110018354186,19435.430683695144,23389.068776211054,3311.955680753399,26701.024456964453,92.34392135870854,26793.36837832316,26793.368378323157,9.094947017729282e-13,2.9103830456733704e-11,0,118.1239653647217
2025-02-02,S6,5881.876034635278,5881.876034635278,133229.74792658852,130473.79118160777,89959.7043531079,3.545119884901851,5244.455834640132,1224.1631000000002,27043.960991329735,21905.60840297709,103563.04865008913,-1169.69002298321,102393.35862710592,7.857758224884953,102401.2163853308,104740.59643129725,2.2737367544323206e-13,6.730260793119669e-11,0,0.0
2025-02-03,S6,5881.876034635278,5881.87603463528,136091.9189685234,97941.21773606188,87083.23345426391,86.99326483434504,1828.839916964102,412.92816749579185,24797.590182307293,20086.048047668908,107422.5633843677,-19182.7731301335,88239.7902542342,503.3875891451042,88743.17784337931,127108.72410364635,9.094947017729282e-13,3.0182967236669356e-11,0,1.8189894035458565e-12
2025-02-04,S6,5881.87603463528,5667.149756295269,99653.2409804777,99679.31212396256,87452.97030233721,114.63722758679864,1394.1548491264339,448.5606012092044,24859.377789970484,20329.3496603821,73188.52479483304,26.577533385236165,73215.10232821827,281.90492345575495,73497.00725167403,73497.00725167402,4.547473508864641e-13,2.9103830456733704e-10,0,214.72627834001105
2025-02-05,S6,5667.149756295269,5667.149756295267,91046.3886283325,90748.40132448771,86455.80652857671,525.5966239236276,1150.8401509881169,188.37059868718666,25756.66010258779,20862.894683096107,64826.54470308169,-107.28939666738006,64719.25530641431,2235.5507668446567,66954.80607325897,67209.16572790312,9.094947017729282e-13,3.637978807091713e-11,0,1.8189894035458565e-12
2025-02-06,S6,5667.149756295267,5662.738682794439,96998.59414463039,91783.53302601082,86319.86324345302,165.154998356406,1064.3011609240225,420.57585152915954,24910.810414949094,20181.72640225952,70167.84604281082,-2391.5579870777583,67776.28805573306,810.097737039019,68586.38579277208,73369.50176692755,2.2737367544323206e-12,5.9586113820842e-11,0,4.411073500828024
2025-02-07,S6,5662.738682794439,5662.738682794441,49426.90356635809,47028.60043197712,42023.25842041012,22.01629909622835,5501.343051433975,721.1230576314688,21142.783914601256,17125.654970827032,20899.39930038534,-515.0777385967012,20384.321561788638,93.36056700527577,20477.682128793913,21511.208811095425,1.8189894035458565e-12,1.821831574488897e-11,0,1.8189894035458565e-12
2025-02-08,S6,5662.738682794441,5662.738682794439,37660.47914068853,38164.481597929764,36860.95617052477,803.4899322904498,1641.3286051309863,427.97002005760925,21147.288215578734,17129.303454618774,15583.604953662512,519.7282883044554,16103.333241966968,2894.14107977154,18997.474321738508,19005.72076197796,1.8189894035458565e-12,5.002220859751105e-12,0,1.8189894035458565e-12
2025-02-09,S6,5662.738682794439,5617.4717432588095,91315.13010064435,89986.4152291473,85255.43455439573,215.45452449171464,1322.6810242219071,130.25610280280011,23701.453846200853,19238.917861004753,64883.9685047055,-685.2799593690434,64198.68854533646,992.6813228168205,65191.36986815328,66561.92978689137,4.547473508864641e-13,1.546140993013978e-11,0,45.26693953562972
2025-02-10,S6,5617.4717432588095,5617.471743258811,87809.268200455,81388.39182414963,78753.76196696426,1074.2469102112236,765.7766355825471,329.413774060434,23190.425706311504,18784.244822112312,60401.37890553032,-2739.00176975708,57662.37713577324,4297.396032158236,61959.773167931475,67437.77670744566,3.637978807091713e-12,1.6911361200300234e-11,0,1.8189894035458565e-12
2025-02-11,S6,5617.471743258811,5617.471743258816,88616.83072298617,83939.16004377065,80128.75300483627,347.8561903865454,669.4276517752721,176.51246309253486,23210.904984324716,18800.833037303015,61601.170344987666,-2124.964621690415,59476.20572329725,1750.1670736809488,61226.3727969782,65476.302040359034,1.8189894035458565e-12,5.4569682106375694e-11,0,4.547473508864641e-12
2025-02-12,S6,5617.471743258816,5610.666495620135,87943.3248971889,83329.6756625114,79969.05893220512,452.1081304013312,509.06755369568515,250.20484584095266,23164.648697954235,18769.490168217762,60767.089986553794,-2020.5425576619673,58746.54742889183,2042.6557530271418,60789.203181918965,64830.2882972429,1.8189894035458565e-12,3.375433266228356e-11,0,6.805247638681067
2025-02-13,S6,5610.666495620135,5604.215048966746,84538.94247220052,79421.90332096275,76531.17828349222,379.21113533853895,970.7135677352629,294.96657760384653,22742.297677963117,18427.06742113818,56886.23478324349,-2038.1584538152092,54848.07632942828,1316.5136642781247,56164.5899937064,60240.90690133684,2.0463630789890885e-12,3.3516300845803926e-11,0,6.451446653389212
2025-02-14,S6,5604.215048966746,5577.715074562147,41443.976145173554,40126.26719613784,38323.439189276825,320.4608700498923,4845.61279030802,364.64386233780385,19240.481931464983,15608.640341450771,16858.284680775636,71.80036705800012,16930.085047833636,995.009156011579,17925.094203845216,18461.50550104991,1.8189894035458565e-12,1.0487277712911691e-11,0,26.499974404599016
2025-02-15,S6,5577.715074562147,5577.715074562144,42026.03223063719,37681.3565571407,36843.323497965226,454.232534535186,3149.5649043618405,555.4088136295519,22697.322181626318,18384.830967117334,18034.516484728352,-898.9150743829887,17135.601410345364,1616.371613189239,18751.973023534603,20552.932449708536,2.7284841053187847e-12,5.787370582766016e-12,0,2.7284841053187847e-12
2025-02-16,S6,5577.715074562144,5577.7150745621475,89585.34809285063,82247.3371323316,80018.93825345387,973.0792503794453,635.4486491563868,199.3766065769422,25156.911305789534,20377.098157689532,61927.60746804507,-3080.54465393642,58847.06281410865,3999.0960712213,62846.15888532995,69014.94360948954,1.8189894035458565e-12,3.526068326209497e-11,0,3.637978807091713e-12
2025-02-17,S6,5577.7150745621475,5577.715074562151,90925.89040433361,83489.87125736472,78083.41317846898,103.73969709406875,2428.098919707629,187.98213268359893,23090.571876343005,18703.363219837833,62303.05526001958,-2855.911566712217,59447.143693307364,460.5902214320044,59907.733914739365,65769.15116487781,3.751665644813329e-12,5.9401372709544376e-12,0,3.637978807091713e-12
2025-02-18,S6,5577.715074562151,5571.283975932463,80129.42001249295,80133.73437028841,76616.82580380743,783.2219179166648,913.4973387418976,168.8836154019374,22274.036700071814,18047.757715824897,53405.084376956955,6.473480123015179,53411.55785707997,3709.5259813371335,57121.0838384171,57121.32313441293,1.8189894035458565e-12,1.8882229113614812e-11,0,6.431098629687767
2025-02-19,S6,5571.283975932463,5571.28397593246,81260.05307067482,81052.09167724953,78340.06434039054,330.6902040941603,1231.2208290781987,137.06937732384085,23279.6681828911,18856.5312281418,54227.733457411545,-37.50458853897726,54190.22886887257,1510.4222329503336,55700.6511018229,55863.04282506873,3.637978807091713e-12,3.319655661471188e-11,0,3.637978807091713e-12
2025-02-20,S6,5571.28397593246,5571.2839759324615,84063.53570945395,83036.52037719257,77402.29417193239,210.55818872607654,1998.5541561952346,207.68851292003671,23228.82083268352,18815.344874473645,56514.13354253145,232.00069551017077,56746.13423804162,1047.6193012611805,57793.7535393028,58915.84526195013,3.410605131648481e-12,4.899902705801651e-11,0,1.8189894035458565e-12
2025-02-21,S6,5571.2839759324615,5538.697303644489,38730.03653233581,38715.59590116987,37179.87249610414,161.47071661265545,7212.021045033759,890.9037044400221,19513.075973520317,15834.919543610631,16271.181109434892,-4.667211992824377,16266.513897442068,480.80894874088216,16747.32284618295,16756.657270168605,1.8189894035458565e-12,6.689759857181343e-12,0,32.58667228797276
2025-02-22,S6,5538.697303644489,5538.697303644487,38963.56743384016,38832.42076352387,36554.472037442356,266.13221601561634,4596.199490159701,508.87828732491505,20372.43996126327,16501.676368623248,16430.169482583013,229.55476151447147,16659.724244097484,798.0971389254852,17457.82138302297,17582.938142787836,1.8189894035458565e-12,1.4551915228366852e-11,0,1.8189894035458565e-12
2025-02-23,S6,5538.697303644487,5538.697303644488,83081.90698105605,82660.16648040013,77755.34634714582,366.68691416921155,2022.9017439149052,178.2227287696537,23100.29002787976,18711.234922582604,55754.71333472462,-92.63265588514332,55662.08067883948,1439.8853690992037,57101.96604793868,57388.186540172486,1.8189894035458565e-12,5.4569682106375694e-12,0,9.094947017729282e-13
2025-02-24,S6,5538.697303644488,5538.697303644499,78768.2477283485,78834.83504456752,74544.35278163258,326.66706655305916,2133.9806907117777,289.03637611741726,22341.942972051456,18096.973807361668,52666.9033631215,112.44834641486523,52779.351709536364,1675.7193447568493,54455.071054293214,54559.45539230924,7.275957614183426e-12,1.8189894035458565e-11,0,1.0913936421275139e-11
2025-02-25,S6,5538.697303644499,5538.6973036445015,81230.03662321626,78973.86928400834,73923.0295456103,298.8537571133403,3635.076858006319,175.82504309177023,24156.095622590703,19566.437454298462,53102.90075327401,-993.6262596578817,52109.274493616125,1196.689423774233,53305.963917390356,55293.21643670611,1.8189894035458565e-12,7.275957614183426e-12,0,2.7284841053187847e-12
2025-02-26,S6,5538.6973036445015,5512.910749931721,75920.58381126169,76307.58789485987,73845.73092433813,589.0802075184407,1214.3822118138348,182.0030600121022,22351.503815993667,18127.92598929636,49477.136813496865,381.22083830177144,49858.35765179864,2717.6592268035165,52576.01687860215,52585.52016193988,4.547473508864641e-13,3.1037394876420876e-11,0,25.786553712780915
2025-02-27,S6,5512.910749931721,5512.910749931724,76503.9151465795,76833.36969895313,72694.91718936205,196.44887914857605,1359.900290963264,128.5408881816653,23401.793101924806,18955.45241255909,48858.89297767521,630.1448729453623,49489.037850620574,1044.1261615118879,50533.16401213246,50654.33765415215,9.094947017729282e-13,1.2533973858808167e-11,0,3.637978807091713e-12
2025-02-28,S6,5512.910749931724,5512.910749931723,35544.56865691207,35431.996812735044,33855.53693061293,233.5512460868535,6906.7253105922655,504.86953945696166,17815.261982371336,14430.362205720781,14659.862298262282,31.637218774112625,14691.499517036395,652.6184810967168,15344.117998133112,15485.827605194112,1.8189894035458565e-12,1.4510614931850796e-12,0,9.094947017729282e-13
2025-03-01,S6,5512.910749931723,5512.91074993172,42843.817276776164,37513.91435605673,35229.73095829445,282.21219040750657,7481.598682421219,827.1339597102101,18654.97143809054,15110.526864853335,17260.220912778233,-930.7529116786209,16329.468001099613,612.4410182508548,16941.909019350467,18803.414842707713,2.7284841053187847e-12,2.632560835991171e-12,0,3.637978807091713e-12
2025-03-02,S6,5512.91074993172,5512.91074993172,82609.89758490903,82108.24653847986,77422.57441710174,726.601161013106,1005.786474811223,135.80166445626867,24469.89669568789,19820.616323507187,54897.81521341011,576.5551534164551,55474.370366826566,3583.4888737703386,59057.8592405969,60165.62921613052,1.1709744285326451e-11,1.8690382574959585e-11,0,0.0
2025-03-03,S6,5512.91074993172,5445.878562373507,84899.69021032954,79592.93533974705,76793.28622884488,653.027687601617,817.701153096543,214.55132735625534,23459.177744540724,19062.262941880384,56793.068603527645,-1017.9366182943704,55775.131985233274,2696.172129979702,58471.30411521297,63487.927239291814,9.094947017729282e-13,2.1827872842550278e-11,0,67.03218755821308
2025-03-04,S6,5445.878562373507,5433.721997483116,75061.43876244785,75904.47210417951,73644.52418477043,1225.9148981086948,1036.001478936788,268.84009448648806,23037.265708020434,18671.126131897905,49003.97987443427,934.6573941741663,49938.637268608436,4166.687977793122,54105.32524640156,54105.32524640156,1.8189894035458565e-12,2.000888343900442e-11,0,12.156564890390655
2025-03-05,S6,5433.721997483116,5433.721997483129,77811.80346162916,76703.35287326461,72483.00172385818,157.11423038525982,1871.2739097190586,237.8355814276614,23160.7076127898,18760.173166359735,49899.95681054973,-311.078606673218,49588.87820387651,661.2455204276556,50250.12372430417,51070.27084440128,5.4569682106375694e-12,1.0459189070388675e-11,0,1.2732925824820995e-11
2025-03-06,S6,5433.721997483129,5433.721997483128,74018.37436981649,73992.74102353159,71986.81505394539,319.1516198633349,1461.723934154746,368.9332320751523,23866.607232871116,19331.95185862561,47254.97429801055,470.933392458428,47725.90769046898,1165.7683953166331,48891.67608578561,49201.8169012279,9.094947017729282e-13,1.113420466936077e-11,0,9.094947017729282e-13
2025-03-07,S6,5433.721997483128,5405.758406067928,37206.43629705264,35927.48399273866,33861.97273439688,181.79462246051907,9006.206718369349,807.3858966308508,17542.402319987064,14234.513111463204,15467.840706354571,-356.7302942333099,15111.110412121261,421.94216369437703,15533.052575815638,16261.166804182705,9.094947017729282e-13,2.2737367544323206e-12,0,27.963591415199517
2025-03-08,S6,5405.758406067928,5405.758406067926,31553.38122179618,31551.63140329266,30723.48759445976,729.9539260210051,8828.694467551766,455.17591487781624,16349.6401125501,13243.208491165584,13089.526168855336,28.134233036358637,13117.660401891695,1757.579250073958,14875.239651965654,14900.094284967672,8.753886504564434e-12,1.8189894035458565e-12,0,1.8189894035458565e-12
2025-03-09,S6,5405.758406067926,5405.75840606793,77656.95046686668,70619.86062136274,68450.7934294322,1004.54232421207,1041.2314915192114,355.2484376376053,24870.161970986548,20144.831196499104,48880.078434085575,-2420.7361727580355,46459.34226132754,4316.041253191478,50775.38351451902,55616.85586003507,1.8189894035458565e-12,2.2875923377796425e-11,0,3.637978807091713e-12
2025-03-10,S6,5405.75840606793,5405.7584060679355,74351.10057418727,75038.2893352634,73107.63467845443,812.2593900253926,1311.4668231690562,271.3222048338697,22605.439949878266,18310.40635940139,48277.600817149665,749.1149325283477,49026.71574967801,3570.3139186163285,52597.029668294344,52682.77950076098,3.637978807091713e-12,1.766409241099609e-11,0,5.4569682106375694e-12
2025-03-11,S6,5405.7584060679355,5400.725775085205,67007.45654090926,74644.48986681472,70265.84237919319,377.3484128487444,1979.168203911093,402.5353067780658,22774.19920651159,18451.63072515885,42329.08461807803,7772.950659846814,50102.03527792484,1846.448472509282,51948.48375043413,51953.60824574008,9.094947017729282e-13,1.8243184740640572e-11,0,5.032630982730552
2025-03-12,S6,5400.725775085205,5400.725775085208,74726.29839672783,69397.31717887729,67164.13720377655,753.9694072315268,1117.5368397141203,180.2551134113138,22025.157760785936,17840.3777862366,47025.74195221637,-1889.8984050837244,45135.843547132645,3008.1827778361044,48144.02632496875,51923.82313513621,2.7284841053187847e-12,1.7760015680323704e-11,0,2.7284841053187847e-12
2025-03-13,S6,5400.725775085208,5326.3692772584645,77300.43782359415,76024.37054447079,72759.91876523827,524.5522038627288,1302.6767340054926,201.99967939004728,22637.354668857377,18403.17812981855,50107.04695618041,131.29792792080116,50238.344884101214,2280.408543010509,52518.753427111726,54133.128163976246,4.547473508864641e-13,1.9814372365090094e-11,0,74.35649782674318
2025-03-14,S6,5326.3692772584645,5322.269088277819,33475.028685841855,33895.558131947655,31332.713507712095,206.26463799994798,11765.725093077037,600.7866118069695,16561.740145143624,13418.699687648912,13631.27389080889,407.0494732821844,14038.323364091075,465.89893042474,14504.222294515816,14504.222294515814,9.094947017729282e-13,4.718003765447065e-12,0,4.100188980645726
2025-03-15,S6,5322.269088277819,5322.269088277819,32322.254988840737,33208.223219855245,31375.26788731338,421.03690555853126,7366.413226711905,349.36497583063743,16612.639159628256,13456.237719298888,13357.064710645793,622.640919173502,13979.705629819295,1216.7293287431417,15196.434958562437,15314.79622442259,1.8189894035458565e-12,3.410605131648481e-13,0,0.0
2025-03-16,S6,5322.269088277819,5322.2690882778215,72974.11103412387,73905.63605872737,69569.28007466164,646.4605688251564,1901.493682226824,401.06785219022095,24011.221977559817,19449.08980182345,46313.14629912512,803.9825820885671,47117.128881213685,2820.770103662084,49937.89898487577,49945.7388446788,2.2737367544323206e-13,1.0749445777946676e-10,0,2.7284841053187847e-12
2025-03-17,S6,5322.2690882778215,5300.092129196691,70252.8263547883,65336.88124909604,62471.40369530658,925.364497225414,1118.4951453764274,341.99524153279856,21568.977028749647,17490.83065646024,42390.9434416375,-1314.3142173425003,41076.629224295,4005.1693889356134,45081.79861323061,47710.42704791562,2.7284841053187847e-12,1.7278622976846236e-11,0,22.176959081130917
2025-03-18,S6,5300.092129196691,5300.092129196692,78711.61800946105,74488.83823976132,69712.80620211916,185.74907112055803,3995.734144499868,283.64975508960003,23648.48951044007,19155.276503456447,49783.89661541157,-1304.6615463854396,48479.23506902613,772.2563670450845,49251.491436071214,52505.43368193394,2.7284841053187847e-12,4.547473508864641e-12,0,1.8189894035458565e-12
2025-03-19,S6,5300.092129196692,5300.092129196694,66683.18174154681,68728.71207690738,65074.815417541686,949.4262298002502,1869.458348140796,349.5994871491529,22840.59664237884,18500.88328032685,41159.521503896074,2334.3024659530347,43493.82396984911,3515.9588496519286,47009.78281950104,47087.24286018094,9.094947017729282e-13,5.170797123810189e-11,0,1.8189894035458565e-12
2025-03-20,S6,5300.092129196694,5300.092129196696,73322.95642707219,66675.7230461716,64750.1183493904,2266.723740686206,326.99384028428136,369.4767855321743,21638.99814522895,17527.588497635454,46223.30397728585,-2300.8172329900117,43922.486744295835,9191.502954407351,53113.98969870318,57715.62416468322,9.094947017729282e-13,2.3646862246096134e-11,0,1.8189894035458565e-12
2025-03-21,S6,5300.092129196696,5300.0921291967,30837.54828963086,30574.056240613103,29322.865717899527,522.9570928226256,14496.976859074242,423.13976326194563,15222.324587996334,12330.082916277024,12412.294944970083,-81.20086205010739,12331.094082919975,1288.7524328747893,13619.846515794765,13789.287490095578,1.8189894035458565e-12,3.183231456205249e-12,0,3.637978807091713e-12
2025-03-22,S6,5300.0921291967,5300.092129196697,33336.361065920355,33226.36241874122,31239.567202320166,111.6282051288411,10985.652745262527,811.7944009483496,19329.202778446295,15656.654250541504,13736.232064046588,-34.73837211420687,13701.49369193238,222.6861310678019,13924.179823000182,13993.656567228598,3.296918293926865e-12,2.7284841053187847e-12,0,2.7284841053187847e-12
2025-03-23,S6,5300.092129196697,5300.092129196697,74783.17272289927,73145.37788756187,68332.43442820427,293.7535518264133,4864.017620485202,222.79715531110298,25103.437302987928,20333.784215420226,46257.431375635104,-653.7612544810909,45603.67012115401,1095.8235327275775,46699.49365388159,48040.76322221619,2.0463630789890885e-12,5.115907697472721e-12,0,0.0
2025-03-24,S6,5300.092129196697,5271.359901040339,69523.86437589789,69868.19242695671,66093.05558945476,143.64598846587444,3616.4205718036847,370.298432497686,22512.339450666543,18260.853960380613,42633.5549320813,1459.184158980359,44092.73909106166,497.611685752759,44590.35077681442,45245.69952545365,4.547473508864641e-13,6.682654429823742e-11,0,28.73222815635836
2025-03-25,S6,5271.359901040339,5220.999381926328,76903.9208398194,68745.43030551016,66405.42566440784,793.489210133588,1916.1591857735446,134.460993520143,22334.18129359829,18136.011315017215,47736.82281453951,-2854.6240770947916,44882.19873744472,2866.4206432175065,47748.619380662225,53457.867534851815,1.8189894035458565e-12,1.6370904631912708e-11,0,50.36051911401046
2025-03-26,S6,5220.999381926328,5151.39821259381,67980.24805573444,67568.94208698372,63336.365634011054,163.3792440024178,3461.350825817848,318.1693804822245,22054.267670768426,17926.597865721695,41493.29976630935,207.8258982638872,41701.125664573236,441.6388215791713,42142.76448615241,42698.258560136055,4.547473508864641e-13,1.0686562745831907e-11,0,69.60116933251811
2025-03-27,S6,5151.39821259381,5103.228539295888,72419.56295909612,70109.14390501837,65476.26547101398,548.2341244216815,2684.7839972802226,326.12634625647274,22841.855567721497,18545.255715822543,44469.67295739963,556.6879601449691,45026.360917544596,1920.6986877464076,46947.059605291004,49627.476815123904,1.8189894035458565e-12,2.298961021551804e-11,0,48.16967329792169
2025-03-28,S6,5103.228539295888,5103.228539295892,32313.198743457207,32301.001226465996,30541.107946295604,183.48960797475138,16235.742907236086,593.5115575365904,16176.117488584334,13102.655165753302,12868.047885377488,-3.761309736290059,12864.286575641197,535.5102875078442,13399.796863149042,13414.389420654043,9.094947017729282e-13,9.181988502859895e-12,0,3.637978807091713e-12
2025-03-29,S6,5103.228539295892,5103.228539295892,31484.794427365225,31926.857660516955,30496.9687638473,205.1302857916185,18821.664032207074,596.3634330352811,18825.591584543326,15248.729183480096,12455.877698725053,424.01655906399174,12879.894257789045,753.4528776579921,13633.347135447037,13633.347135447035,9.094947017729282e-13,2.568611989772762e-12,0,0.0
2025-03-30,S6,5103.228539295892,5103.228539295891,68028.58100142416,65224.61741520445,62240.037412935046,634.9996531256589,2746.0727103947424,334.2985619169657,23416.032072363312,18966.98597861429,40457.51527691833,-490.0539816853707,39967.46129523296,2314.7208512020975,42282.18214643506,43953.82177906496,5.9117155615240335e-12,9.068301665138279e-12,0,9.094947017729282e-13
2025-03-31,S6,5103.228539295891,5103.228539295893,63250.21037273087,70240.86178103105,65431.39982110296,27.681840759469765,3817.996598121387,248.86765942315958,23372.778531497723,18931.950610513155,38161.1760593466,6914.897121816692,45076.073181163294,87.32693278826997,45163.40011395157,45163.40011395156,4.547473508864641e-13,1.1477041539365018e-11,0,1.8189894035458565e-12
2025-04-01,S6,5103.228539295893,5103.228539295895,76087.28730668139,72665.60816403017,69001.78930963945,413.74041576835623,4660.93382152426,156.22295706965303,23102.744369195905,18713.22293904868,47418.72051581228,-923.8720866823278,46494.848429129954,1618.5928130844268,48113.44124221438,50643.96435255394,9.094947017729282e-13,9.07363073565648e-12,0,1.8189894035458565e-12
2025-04-02,S6,5103.228539295895,5103.2285392958975,72293.75772271854,73984.44047479489,68687.364841802,308.15953528883955,4139.191365387777,149.85889797312097,22479.677440684012,18208.538726954048,44348.78660577281,1966.5368713992211,46315.32347717203,1415.7421870122598,47731.065664184294,47874.53608648767,2.7284841053187847e-12,2.247979580261017e-11,0,2.7284841053187847e-12
2025-04-03,S6,5103.2285392958975,5103.228539295901,72033.12014582509,69065.8081306415,64628.79161825404,184.1299236006813,4438.163283128351,130.15774987517398,23058.26443255018,18677.194190365644,44440.0605041463,-1141.5696518236073,43298.49085232269,595.8622184129902,43894.353070735684,46177.492374382884,9.094947017729282e-13,8.640199666842818e-12,0,3.637978807091713e-12
2025-04-04,S6,5103.228539295901,5103.228539295903,30047.67744065877,29847.952413877727,28353.56036267816,123.8556928681229,18820.146513554108,369.084125302088,15038.85877205312,12181.47560536303,11638.99833246314,-62.590732040849616,11576.40760042229,406.6522876089647,11983.059888031254,12108.241352112957,9.094947017729282e-13,4.263256414560601e-12,0,1.8189894035458565e-12
2025-04-05,S6,5103.228539295903,5103.2285392959075,29318.98326755746,29428.83252929078,28435.8586312404,475.8994065793957,13621.26433434991,246.61612783599713,15788.224170002932,12788.461577702366,11508.713586819173,91.94397616716014,11600.657562986333,1576.2650677942986,13176.922630780631,13176.922630780631,4.547473508864641e-12,1.8189894035458565e-12,0,4.547473508864641e-12
2025-04-06,S6,5103.2285392959075,5088.592213428342,66892.76541003681,64111.7659761308,61896.297176701526,244.8443388654707,3435.055014412845,181.54397501769654,21724.415540792783,17609.94928132297,40136.009468667224,-529.6292872825215,39606.3801813847,1023.2707503311615,40629.65093171586,42154.10661771303,1.8189894035458565e-12,2.191313797084149e-11,0,14.636325867565574
2025-04-07,S6,5088.592213428342,5087.160493205904,60778.75708847455,63734.88459491451,60365.24945584261,217.0560109433273,3225.936627650916,189.3864798881673,20660.798021651215,16736.534945737683,36225.31904519662,3308.0748219380184,39533.39386713464,828.2844574015653,40361.6783245362,40361.6783245362,1.8189894035458565e-12,1.9028334463655483e-11,0,1.4317202224383436
2025-04-08,S6,5087.160493205904,5087.1604932059045,68586.9336565801,65902.23700952785,61563.93140857295,316.56879366994474,3315.802248272656,113.05952329679587,21570.762178982946,17472.317364976177,40959.11568171864,-416.3919974187593,40542.72368429988,1456.474295381461,41999.19797968135,43747.66008292824,4.547473508864641e-13,1.1368683772161603e-11,0,9.094947017729282e-13
2025-04-09,S6,5087.1604932059045,5087.1604932059045,67487.3900787514,69208.35244410278,66390.11626385637,242.86167646716655,3012.986052610167,190.37026395905957,22606.897932040203,18311.58732495257,40987.786965393236,1388.3652254497792,42376.152190843015,908.883031714547,43285.03522255756,43302.27748867533,9.094947017729282e-13,2.2381356180941005e-11,0,0.0
2025-04-10,S6,5087.1604932059045,5087.1604932059,65649.66473227988,66953.24068709288,61923.34060836567,344.1076592945854,3651.1317740416944,170.18166595668185,20976.299619272962,16990.8026916111,39798.28744626379,795.4685752811347,40593.75602154493,1459.3838583885004,42053.13987993343,42053.13987993343,3.637978807091713e-12,2.5536905923218e-11,0,4.547473508864641e-12
2025-04-11,S6,5087.1604932059,5087.1604932059,27905.79488255518,28374.145677763,27166.171479439134,491.50604832061987,19160.45573247316,331.9220031420515,14992.892765673,12144.243140195127,10893.726708814655,435.82496814106526,11329.55167695572,1427.7894762217607,12757.34115317748,12770.488724712852,9.094947017729282e-13,4.39470682067622e-12,0,0.0
2025-04-12,S6,5087.1604932059,5087.1604932059,30059.436912357458,29303.938631294033,27956.44111732746,250.33320373152196,15385.959553747227,495.45194531414705,17369.48564209269,14069.28337009508,11814.087942363672,-219.77373438797986,11594.314207975693,741.7561429114184,12336.07035088711,12775.61781966307,6.139089236967266e-12,1.6537882174816332e-12,0,0.0
2025-04-13,S6,5087.1604932059,5087.1604932059,64993.33683828644,62985.16676145179,60579.551203282936,398.55293387466753,2332.5413570429896,307.3219545804136,21378.32811684669,17316.445774645817,38953.70827511326,-625.0046608946432,38328.70361421862,1748.0239216754737,40076.72753589409,41326.73685768338,9.094947017729282e-13,1.4551915228366852e-11,0,0.0
2025-04-14,S6,5087.1604932059,5068.251231873065,66034.12099956906,60444.381857420834,58481.30806547181,782.3290952297724,2597.011481729914,137.10460654210954,21150.040040153217,17148.550767723656,39667.211868935876,-1993.3308232497948,37673.88104568608,2857.8565513578396,40531.73759704392,44518.39924354352,1.1368683772161603e-12,1.5869972003201838e-11,0,18.90926133283483
2025-04-15,S6,5068.251231873065,5068.251231873064,60980.7711185154,63475.044163661725,58691.58063250462,307.9811055478308,4707.256782399334,68.15627554555124,21498.52550933796,17413.805662563755,35310.87716619138,2742.346015090101,38053.22318128148,1674.135484292821,39727.3586655743,39738.46619331631,9.094947017729282e-13,5.4441784413938876e-11,0,9.094947017729282e-13
2025-04-16,S6,5068.251231873064,5068.251231873064,64296.073400493406,68468.13641044615,64472.725240037675,354.8531996860676,4783.528442349255,114.61955623568474,21841.255216520054,17691.416725381252,38088.05660702202,4598.840079119618,42686.89668614164,1300.3144979137298,43987.21118405537,43994.027308132325,1.8189894035458565e-12,1.3987033753437572e-11,0,0.0
2025-04-17,S6,5068.251231873064,5044.798412650461,59852.11429461601,63527.48177623728,59849.050761812185,190.57704494666197,2965.464506537302,118.5962046117694,21622.80148900073,17535.57674339094,35764.95727878137,2472.958606665983,38237.91588544735,722.8092570373649,38960.72514248471,38980.83130784428,1.8189894035458565e-12,8.65441052155802e-12,0,23.452819222603466
2025-04-18,S6,5044.798412650461,5044.798412650463,28410.144998620122,28404.892581126504,26850.58242857872,150.60489958166127,17500.52283711947,294.4858871061986,15010.84958211255,12158.788161511171,10992.35872995208,5.8104379944561515,10998.169167946537,543.4037470077366,11541.572914954273,11547.752132768752,9.094947017729282e-13,6.179945444273471e-12,0,2.7284841053187847e-12
2025-04-19,S6,5044.798412650463,5044.798412650463,27878.727265659494,27864.532756409906,26733.30859931057,439.1625890510746,16956.120021592906,461.2950152012118,15633.562639829068,12663.185738261544,10753.631743784372,-4.437203591422076,10749.19454019295,1146.2786208577238,11895.473161050673,11904.347568233516,3.979039320256561e-12,8.540723683836404e-12,0,0.0
2025-04-20,S6,5044.798412650463,5030.372449384049,59640.88622820589,59910.9660387853,57683.706321718055,612.8145971143476,2203.886025726988,243.7856516148796,20547.830132089326,16656.725773932114,35507.257755599225,320.3185072223423,35827.57626282157,2362.2003995813734,38189.77666240294,38288.57259096154,2.2737367544323206e-12,1.304734098539484e-11,0,14.425963266414328
2025-04-21,S6,5030.372449384049,5023.37294355874,62008.22923292309,56164.49100492421,54602.013507998905,903.4546349378485,3051.9142224929783,191.50447218017337,19744.413790384544,15999.274725454257,35991.91935521672,-1488.643861562472,34503.27549365425,3172.73570725456,37676.011200908804,40653.298924033734,9.094947017729282e-13,1.2120082715227909e-11,0,6.9995058253089155
2025-04-22,S6,5023.37294355874,5004.544047110073,59221.1977980831,60669.34402763717,58269.29588708623,370.1213807809521,2624.773667926725,129.1563788660975,19734.2311116394,16001.673207231714,35042.61192591107,1532.4224945157766,36575.03442042685,1704.2573771683349,38279.291797595186,38279.80896332282,1.8189894035458565e-12,1.3283596445035073e-11,0,18.828896448667365
2025-04-23,S6,5004.544047110073,4979.016356804695,56613.747682527115,59426.73883544923,57725.06908316299,484.6602610628552,2618.5242003297176,255.8201934667328,20833.911342302978,16898.44310854025,33549.48312694547,2570.3218993228365,36119.80502626831,1927.9770937225546,38047.782119990865,38047.782119990865,1.8189894035458565e-12,1.5432988220709376e-11,0,25.5276903053782
2025-04-24,S6,4979.016356804695,4979.0163568046955,58887.46468820044,55906.249141244385,53748.969012247784,570.2632528850537,3292.047334331841,136.425630465675,20003.43473860698,16202.782138271654,34415.20585123194,-618.3450131323116,33796.86083809963,2074.391154811471,35871.2519929111,37235.7427215935,1.8189894035458565e-12,2.5288215965701966e-11,0,9.094947017729282e-13
2025-04-25,S6,4979.0163568046955,4979.016356804697,27834.472158362645,27615.4697131633,25737.320669593788,136.92269498237033,20803.061708427107,245.73406766705938,14868.894413063117,12043.804474581126,10618.516872006352,-56.55334213174501,10561.963529874607,474.8943979222151,11036.857927796822,11176.962650567488,1.3642420526593924e-12,7.482015007553855e-12,0,1.8189894035458565e-12
2025-04-26,S6,4979.016356804697,4979.016356804698,27633.930237606568,27633.930237606568,26333.000753111824,336.4028856096123,23241.065033503783,385.844403044586,15643.687204419644,12671.386635579905,10787.113252005802,0.0,10787.113252005802,1101.599875500807,11888.71312750661,11888.71312750661,9.094947017729282e-13,3.8049563499953365e-12,0,9.094947017729282e-13
2025-04-27,S6,4979.016356804698,4942.979018742457,56800.053138737116,58404.540354335164,55632.25433373534,631.5730420864897,3600.2759046926503,166.72795616564383,20819.925978348365,16896.573646718192,33211.976151792216,1242.0466480599207,34454.02279985214,2571.655493904561,37025.6782937567,37025.6782937567,1.8189894035458565e-12,8.281375585283968e-12,0,36.03733806224136
2025-04-28,S6,4942.979018742457,4942.979018742459,67344.35209513674,68927.13792663878,64319.60784696749,228.0424986475589,3556.691232238208,130.96660878569344,22305.395725918344,18067.37053799386,40261.82691810298,1422.2387428780348,41684.06566098102,834.8962768497327,42518.96193783075,42518.96193783075,3.637978807091713e-12,8.29913915367797e-12,0,1.8189894035458565e-12
2025-04-29,S6,4942.979018742459,4942.979018742459,60015.22587787663,58088.420403027136,55766.80726907931,187.31019383612596,4742.672387061159,57.681895827386256,19581.839280843167,15861.289817482966,34700.50510416301,64.8468869776334,34765.35199114064,908.4089666096237,35673.760957750266,36812.708510921846,1.8189894035458565e-12,2.3014479211269645e-11,0,0.0
2025-04-30,S6,4942.979018742459,4942.9790187424605,56667.14096996323,56219.79040548883,53878.27612804161,1218.6764777956837,2984.133592657303,174.99872454246224,19373.504501601103,15692.538646296898,33346.80096230755,-181.79654966975068,33165.0044126378,4378.92641923079,37543.93083186859,37907.5239312081,9.094947017729282e-13,1.2370549029583344e-11,0,1.8189894035458565e-12
2025-05-01,S6,4942.9790187424605,4942.979018742464,60163.69907080798,58133.96786624701,56420.18768279912,2326.5752420136023,3667.342018377274,0.0,21410.747928607565,17342.705822172135,36414.34521835869,-467.505888914151,35946.83932944454,10873.699929654766,46820.53925909931,47987.09849160602,3.637978807091713e-12,1.9873880319210002e-11,0,3.637978807091713e-12
2025-05-02,S6,4942.979018742464,4942.979018742462,30894.732708222065,30888.63244058934,29662.88050212815,449.58628651407446,12634.525423346875,261.87374616828646,15398.671241019587,12472.923705225863,13263.631982969498,19.46244413414206,13283.09442710364,1551.5542668354585,14834.6486939391,14856.723592766897,1.9326762412674725e-12,2.9700686354772188e-12,0,1.8189894035458565e-12
2025-05-03,S6,4942.979018742462,4942.979018742462,32851.531571260886,32618.10516049481,29778.944515787352,186.130537653088,17347.83259776718,832.1918802042183,15357.257502468674,12439.378576999623,14585.403906102641,-77.38727745568394,14508.016628646958,696.5833540565113,15204.599982703468,15359.374537614836,2.2737367544323206e-13,2.0463630789890885e-12,0,0.0
2025-05-04,S6,4942.979018742462,4942.979018742465,65725.66122710041,60212.6477019334,57643.215151088734,1462.1474684059285,3738.3270147209646,19.766960104087616,19013.69111229602,15401.089800959782,40319.54598567287,-1400.5338082675662,38919.012177405304,5234.449918513916,44153.46209591922,46954.52971245435,1.8189894035458565e-12,3.611511090184649e-11,0,2.7284841053187847e-12
2025-05-05,S6,4942.979018742465,4919.541768199128,67616.98693681174,66309.74496356424,62513.20183424955,406.8017802602402,3617.4635435977075,314.9535788536823,20698.280092354675,16786.70040029629,42476.76545875125,-617.1556962274117,41859.60976252384,1632.0308387137607,43491.6406012376,44742.63928842299,4.547473508864641e-13,9.521272659185342e-12,0,23.43725054333754
2025-05-06,S6,4919.541768199128,4904.982996381551,58826.39634182831,61215.991166502725,59119.08491797802,1050.8691000291433,3167.699349891978,280.4003686177807,20341.446460350362,16489.674527519608,37057.60263687813,1653.8936991549854,38711.49633603312,4283.363177013789,42994.859513046904,43002.26238858776,9.094947017729282e-13,6.213696224222076e-12,0,14.558771817576599
2025-05-07,S6,4904.982996381551,4904.982996381551,64944.802536296294,66236.04437191856,61944.23988185195,87.95731835967223,2507.696770123798,363.56837244041435,21542.55846130217,17449.47235365475,41241.541594030845,894.3838619074377,42135.92545593828,338.34405469108384,42474.26951062937,42475.835912618946,9.094947017729282e-13,2.3305801732931286e-12,0,0.0
2025-05-08,S6,4904.982996381551,4773.0414379771555,71521.8600736607,67731.28469844269,62629.50503908074,375.6186403577072,3099.110408394355,398.0146549633223,20001.22957181439,16319.743355733613,44295.87581906408,-525.5484456777194,43770.32737338636,1797.7868160654639,45568.11418945182,48103.37163323048,1.8189894035458565e-12,1.48929757415317e-11,0,131.94155840439544
2025-05-09,S6,4773.0414379771555,4773.041437977156,31812.81748051403,32416.642571827393,29119.95381185333,102.90610280254333,16938.349918518896,845.8153981195741,15470.046042196842,12530.737294179438,13930.592609681655,850.880498329012,14781.473108010667,228.91211835110906,15010.385226361775,15066.604460185907,1.9326762412674725e-12,5.4569682106375694e-12,0,9.094947017729282e-13
2025-05-10,S6,4773.041437977156,4773.041437977161,30513.38888055876,31130.778145353517,29043.487847997025,288.88819878397015,13890.396014441723,619.1555276678988,14219.890638621267,11518.111417283231,13452.181782573916,543.1141022484917,13995.295884822408,703.419933632432,14698.71581845484,14698.71581845484,2.5011104298755527e-12,1.8189894035458565e-12,0,4.547473508864641e-12
2025-05-11,S6,4773.041437977161,4773.041437977161,67138.83522647247,67647.49998688918,62981.570323663116,259.5145276126459,3710.43791280461,178.29444269503506,20359.333749698744,16491.06033725599,41358.952200862695,572.2661983835569,41931.21839924625,1201.4711939069355,43132.68959315319,43170.47709282432,3.637978807091713e-12,6.439826449877728e-11,0,0.0
2025-05-12,S6,4773.041437977161,4773.041437977161,64196.319903736614,67740.5041325972,61574.906969276315,29.59553702593712,5600.6055612936425,427.6198227484806,19184.641520667363,15539.559631740565,39847.51201998714,3639.7129472490924,43487.22496723623,113.77599217623494,43601.000959412464,43601.000959412464,9.094947017729282e-13,3.2798652682686225e-11,0,0.0
2025-05-13,S6,4773.041437977161,4773.041437977163,69171.23861591725,62299.92946518381,59053.12993453389,433.0194534887433,2507.228847737385,203.77141701106325,19189.138718987066,15543.202362379523,41791.22786920465,-1114.8372122712972,40676.390656933356,2086.659839960704,42763.05049689406,47461.246088105436,1.8189894035458565e-12,1.9255708139098715e-11,0,1.8189894035458565e-12
2025-05-14,S6,4773.041437977163,4773.041437977165,67561.3134723319,67625.64443683458,62028.76833963916,160.32173939839623,4980.838929892872,409.3599867924006,19919.69673167863,16134.954352659686,41742.0647284476,82.2011227086623,41824.26585115626,534.0935128297933,42358.359363986056,42402.277821205585,9.094947017729282e-13,6.118439088709238e-11,0,1.8189894035458565e-12
2025-05-15,S6,4773.041437977165,4773.041437977163,66729.59023952406,67033.80652495744,61467.209448376976,108.15329052446944,4403.289714020114,482.6654513689815,20654.469948310587,16730.12065813157,42033.64535932099,347.50719303619553,42381.15255235718,351.35804478468793,42732.510597141874,42735.0627748908,1.8189894035458565e-12,1.3812950783176348e-11,0,1.8189894035458565e-12
2025-05-16,S6,4773.041437977163,4773.041437977166,30253.543551866875,29959.768838838347,27876.007968105187,219.97988456989484,21631.908210883576,650.1784664612319,16307.340221036458,13208.945579039528,12980.284798524593,-42.61002011722849,12937.674778407365,509.1456211881764,13446.820399595541,13663.79207908463,1.8189894035458565e-12,2.390976305832737e-12,0,3.637978807091713e-12
2025-05-17,S6,4773.041437977166,4773.04143797717,30132.288483479813,29826.980454724995,28193.579213887126,316.39871791177256,14772.81398001664,305.91007781369694,15697.130477027535,12714.675686392302,12924.422307015218,-90.78315844616009,12833.639148569058,1171.8026848442325,14005.441833413292,14187.00815030561,4.547473508864641e-12,4.651390383969556e-12,0,3.637978807091713e-12
2025-05-18,S6,4773.04143797717,4752.990398061658,68854.84834530819,65602.23034657205,61773.495824081794,394.42311813861807,4382.2104748665015,387.4422844828483,19684.96851997384,15962.870437102782,41952.17252327992,-862.8250077849152,41089.34751549501,1186.385601725187,42275.733117220196,44162.80036249314,1.8189894035458565e-12,2.3354651546014793e-11,0,20.051039915511865
2025-05-19,S6,4752.990398061658,4752.990398061661,63552.97843385933,60582.06744886121,56915.31307261083,230.49141306724223,5752.159595351795,337.8655454742053,18634.541025537295,15093.978230685203,38360.4840319708,-570.700562256774,37789.78346971403,1405.9674620606693,39195.750931774695,40441.08989693638,9.094947017729282e-13,8.952838470577262e-12,0,2.7284841053187847e-12
2025-05-20,S6,4752.990398061661,4752.990398061661,62840.74324942102,64342.90309215405,61184.434686731904,319.8040886687947,3223.44085177703,80.97162636888652,19328.58673993737,15656.155259349269,38154.74856757447,1612.4640687092106,39767.21263628368,1412.7786060334693,41179.99124231715,41191.6321806886,1.8189894035458565e-12,2.6915358830592595e-11,0,0.0
2025-05-21,S6,4752.990398061661,4752.990398061664,58888.53688157829,61573.802102846195,58626.938201471676,261.1929866912917,3732.4632943249258,208.20383476519532,18867.625135471197,15282.776359731668,36951.598905543324,2245.838866270249,39197.43777181357,862.7743840215815,40060.21215583516,40304.39274664241,1.8189894035458565e-12,2.5210056264768355e-11,0,2.7284841053187847e-12
2025-05-22,S6,4752.990398061664,4748.004630696146,61299.80554908267,60475.432509562124,57420.25419241247,333.8946566566667,3174.718399202721,305.9758212808963,18217.426329198996,14760.60251728015,37762.735687038155,-177.62750617815618,37585.10818086,1149.5537405376672,38734.66192139767,39144.81376532827,1.8189894035458565e-12,5.4569682106375694e-12,0,4.985767365517859
2025-05-23,S6,4748.004630696146,4725.767947265436,29315.726559715382,29323.746548538296,27534.070923784107,259.1613810530053,18102.22159557401,369.48379990010005,15371.531795354238,12470.95376932457,12212.261723752992,132.14645087207646,12344.408174625069,810.2029976645056,13154.611172289575,13234.099799159596,1.8189894035458565e-12,7.936762358440319e-12,0,22.23668343070949
2025-05-24,S6,4725.767947265436,4725.7679472654345,31287.475879963757,29756.285593204317,27793.390567982067,166.14602365039892,20438.871803946968,827.5211228053288,15466.538323930761,12527.89604238392,14200.193678894146,-611.4754924092595,13588.718186484886,659.7900815258474,14248.508268010733,15471.459252829252,2.6147972675971687e-12,6.117772954894463e-12,0,1.8189894035458565e-12
2025-05-25,S6,4725.7679472654345,4725.767947265436,64163.793199921274,61868.69517483125,58096.1560909119,250.33905536582182,6104.826864243957,226.99149571429086,18261.403173611372,14791.7365706252,38492.9050904109,-267.82091722223413,38225.08417318867,1349.03339394285,39574.11756713152,40644.242410679486,1.8189894035458565e-12,3.403144432923e-11,0,1.8189894035458565e-12
2025-05-26,S6,4725.767947265436,4725.76794726544,60986.80367846098,63820.31004396265,60511.98080685895,753.6488349071564,2580.6604037119837,358.7481469105345,19717.83232180831,15971.444180664726,37743.87441508926,2203.513503150083,39947.38791823934,2353.816778450212,42301.20469668956,42301.20469668956,1.8189894035458565e-12,1.4068746168049984e-11,0,3.637978807091713e-12
2025-05-27,S6,4725.76794726544,4725.767947265441,57798.84897443505,61639.737700231504,56777.637611043654,536.4216102086496,4294.922084530344,132.71683466748323,18400.278958181294,14904.225956126838,35974.325823056795,3043.3524499153937,39017.67827297219,1861.4004448940257,40879.078717866214,40879.078717866214,1.8189894035458565e-12,5.983480377835804e-11,0,9.094947017729282e-13
2025-05-28,S6,4725.767947265441,4571.723081999271,65957.91418585044,64496.16996776762,60997.88803779919,193.28814822393292,4835.504749251017,287.17735178368434,20701.633493305122,16906.9635083167,40328.5049868402,-36.615995797503274,40291.888991042695,512.4118482020468,40804.300839244745,41981.77001661076,1.8189894035458565e-12,3.2741809263825417e-11,0,154.04486526616984
2025-05-29,S6,4571.723081999271,4571.723081999275,65181.68841876865,66263.98542489957,62420.150520337294,206.64842386949297,4503.531793180403,197.04259117268668,20084.74242028251,16268.641360428828,39756.081005016385,1108.759320890349,40864.840325906735,885.0156075732436,41749.85593347998,41797.5534611986,1.8189894035458565e-12,1.3244516594568267e-11,0,3.637978807091713e-12
2025-05-30,S6,4571.723081999275,4374.295450381378,29829.984925688048,31048.845672123243,28079.864138295954,113.18337817816362,17813.32574306804,1105.6354217075213,15029.147123621024,12351.294038589134,13082.586078827586,1483.8477852294363,14566.433864057022,248.26708382641363,14814.700947883435,14818.258772644922,6.821210263296962e-13,2.7569058147491887e-12,0,197.42763161789662
2025-05-31,S6,4374.295450381378,4374.295450381377,32172.85079071067,30866.112283442435,28378.815156927016,388.1271577294305,16900.473622553676,611.6010397116014,15082.558433637741,12216.872331246575,13670.123909662383,-349.65532379421165,13320.468585868171,1055.9316603777145,14376.400246245887,15101.255258617026,1.9326762412674725e-12,9.094947017729282e-12,0,9.094947017729282e-13
2025-06-01,S6,4374.295450381377,4374.295450381377,81490.24984894355,76522.38901149314,74319.27491312187,4237.772936589389,2783.5750508348838,0.0,23940.244730928276,19391.598232051903,55654.987595722494,-1918.591624452638,53736.395971269856,17515.00279381601,71251.39876508586,75088.58201399114,2.7284841053187847e-12,1.5198509117908543e-11,0,0.0
2025-06-02,S6,4374.295450381377,4374.295450381378,87659.75264092992,76213.16890217703,73663.6277820559,1272.3858970782098,1839.4100917871165,0.0,23451.558617615756,18995.76248026876,60041.66714616554,-4024.5682729379478,56017.098873227595,5348.993621604631,61366.09249483223,69421.84477670901,9.094947017729282e-13,4.618527782440651e-11,0,9.094947017729282e-13
2025-06-03,S6,4374.295450381378,3379.606144476548,80953.29802287284,81080.98600220747,74535.19499476129,259.4202120413976,3611.582767593019,12.145150000000058,20388.109637845697,17409.589181969368,55110.08641698827,1285.5605377727989,56395.64695476107,1139.1342305099645,57534.78118527104,58431.551478748064,1.8189894035458565e-12,6.821210263296962e-12,0,994.6893059048302
2025-06-04,S6,3379.606144476548,3379.6061444765514,92704.40930457103,75982.49247575398,73343.89987141,1834.5010731046395,1623.5537493315442,0.0,20576.77041324424,16667.18403472783,64174.35322540367,-6398.630408354766,57775.7228170489,8076.56509777342,65852.28791482233,78649.54873153185,9.094947017729282e-13,2.4300561562995426e-11,0,3.637978807091713e-12
2025-06-05,S6,3379.6061444765514,3259.667368899318,82490.8455931689,81016.21968755359,77375.55991240143,600.5565113273498,2813.429948208114,0.0,21691.12293091306,17677.754472059092,56349.917473120935,564.0299820420842,56913.94745516302,2700.198101832495,59614.145556995514,61187.1728022647,9.094947017729282e-13,4.8203219193965197e-11,0,119.93877557723363
2025-06-06,S6,3259.667368899318,2621.639178856674,43654.14256984375,43181.85004358243,41153.13770290883,328.92119578279693,8029.128005564751,624.6124433871831,13408.14958304248,11434.82653330279,22245.859985396786,-192.32791200909924,22053.532073387687,1068.2376395465178,23121.769712934205,23506.4255369524,9.094947017729282e-13,7.410960733977845e-12,0,638.0281900426439
2025-06-07,S6,2621.639178856674,2621.6391788566766,47837.33168448147,41982.15114484022,40139.60717955693,782.4655762933269,6833.681429663611,394.4575837966986,13512.739872227694,10945.319296504436,23262.26869862713,-1312.228580301824,21950.040118325305,2483.331610207697,24433.371728533002,27057.82888913666,4.547473508864641e-13,7.275957614183426e-12,0,2.7284841053187847e-12
2025-06-08,S6,2621.6391788566766,2555.2914484376906,81301.90032123544,78691.02795728615,72789.56024595871,80.62510651089337,3473.7054576617365,25.254249761341498,22347.44913556293,18161.146757183058,54928.41854841,1193.7343131708622,56122.152861580864,237.2559656303789,56359.40882721124,59644.999432184595,9.094947017729282e-13,1.4551915228366852e-11,0,66.34773041898598
2025-06-09,S6,2555.2914484376906,2428.022827153945,90014.43926689462,84261.50902219107,76480.24883860274,385.1035388911084,1915.1936092544734,0.0,21747.30417927066,17729.85814436461,63509.541147809185,-2282.8946708388175,61226.64647697037,1501.3012961464012,62727.94777311677,67293.73711479438,2.7284841053187847e-12,1.2732925824820995e-11,0,127.26862128374569
2025-06-10,S6,2428.022827153945,2012.7468704480752,82345.4436115113,80255.42995402185,75665.5580094565,915.2498983699636,1303.5517434821168,0.0,21224.001537085536,17565.189606074568,56500.970178577205,93.7050469528549,56594.67522553006,3395.0577158189544,59989.732941349015,61740.21218178182,9.094947017729282e-13,2.497557716196752e-11,0,415.2759567058697
2025-06-11,S6,2012.7468704480752,2012.7468704480752,87838.52733321593,87409.36429010145,80759.43690613961,917.5368112085057,1256.4826140217397,0.0,22821.28835084043,18485.24356418075,61717.37804663147,-206.06872314654174,61511.30932348493,4474.739671932713,65986.04899541764,66398.18644171073,9.094947017729282e-13,2.637534635141492e-11,0,0.0
2025-06-12,S6,2012.7468704480752,1935.1971292313929,85279.31775398551,84303.79010030937,77910.21699230309,172.93407284985415,1575.5951062696927,0.0,21710.312066552226,17655.147541002327,59162.36053751531,-224.01105024489516,58938.34948727042,531.4046753854952,59469.75416265591,60196.49200715283,1.8189894035458565e-12,3.637978807091713e-12,0,77.54974121668238
2025-06-13,S6,1935.1971292313929,1935.1971292313908,43891.9421072316,42618.9249561762,37528.3347106097,217.02132530742415,5665.174983414133,990.8756464044537,14442.061611044914,11698.069904946378,22325.47865766591,-409.23685222816493,21916.241805437745,677.8185700821866,22594.06037551993,23412.53407997625,1.8189894035458565e-12,4.632738637155853e-12,0,2.0463630789890885e-12
2025-06-14,S6,1935.1971292313908,1935.1971292313929,41522.317528879124,41440.11770402404,38458.157210517755,223.5888244263259,9211.435257128132,534.3040385929776,14435.073627489423,11692.409638266428,21314.273963482676,-23.298198567583313,21290.975764915092,573.0377356429499,21864.01350055804,21910.6098976932,1.8189894035458565e-12,1.9834800468743197e-11,0,2.0463630789890885e-12
2025-06-15,S6,1935.1971292313929,1461.39250947179,79140.60013163104,81984.06331029594,75260.55339540807,349.12938918709165,1161.6227977967542,11.38530000000003,22295.39216446698,18485.69181100191,54254.5819637137,3009.287816962831,57263.869780676534,1486.6997382856239,58750.569518962155,58892.25093428731,1.8189894035458565e-12,2.1614710021822248e-11,0,473.80461975960293
2025-06-16,S6,1461.39250947179,1461.3925094717827,85146.90273695672,85704.29344029906,77698.13513864875,258.2947165029485,907.6596989585205,0.0,22919.564944876332,18564.847605349838,59403.81862278408,546.8191347799584,59950.637757564036,1054.1794067792166,61004.81716434325,61172.02237943398,6.821210263296962e-12,2.7199575924896635e-11,0,7.275957614183426e-12
2025-06-17,S6,1461.3925094717827,1461.3925094717822,84872.11030066737,86174.68761979922,79580.65217243008,550.0748099100792,1232.6266679772325,0.0,22426.784724717178,18165.695627020916,59119.00254134601,1916.9730217118995,61035.97556305791,2230.4509376879846,63266.426500745896,63415.71568591323,1.3642420526593924e-12,5.1056048278042e-11,0,4.547473508864641e-13
2025-06-18,S6,1461.3925094717822,1200.0000000000018,84076.76946486357,86027.56474685115,77461.50820230928,425.2236428693485,2929.985136266556,0.0,22440.047723350897,18411.69191443883,58305.90806442933,2515.672042034399,60821.58010646373,1594.381946444299,62415.96205290803,62415.96205290802,9.094947017729282e-13,2.637534635141492e-11,0,261.3925094717804
2025-06-19,S6,1200.0000000000018,1199.9999999999995,79417.29742104815,75871.47610838352,72600.69296948053,1149.4657100190643,1424.265104856889,0.0,21402.04934022471,17335.65996558202,53491.96373657439,-348.05555470995023,53143.90818186444,5028.982440122045,58172.89062198649,61562.3138222756,1.8189894035458565e-12,1.6370904631912708e-11,0,2.2737367544323206e-12
2025-06-20,S6,1199.9999999999995,1200.000000000004,38246.59250107706,38111.685239463884,34052.14464572796,22.1295342003188,8497.461793621023,643.8018606598217,13328.57724024966,10796.14756460222,19480.203521819458,-54.65741193486974,19425.546109884588,42.643705198048984,19468.18981508264,19586.596427888355,9.094947017729282e-13,3.318234575999668e-12,0,4.547473508864641e-12
2025-06-21,S6,1200.000000000004,1200.0000000000016,39614.22836830451,38019.93850764834,33197.93180419017,96.41560561468606,10651.720950321209,723.8225001994118,13600.334522548626,11016.270963264391,20137.75389749644,-526.8274266941698,19610.92647080227,329.3455084192979,19940.27197922157,20993.92683260991,9.902123565552756e-11,1.5305090528272558e-11,0,2.5011104298755527e-12
2025-06-22,S6,1200.0000000000016,1200.0000000000039,79698.14284639677,79643.1276830968,71998.03315191218,488.67678868777034,1230.258608060669,0.0,19995.31701336476,16196.20678082546,53776.16999648223,3315.764466319255,57091.93446280149,2029.0165655358246,59120.95102833731,61453.115973896674,1.8189894035458565e-12,3.637978807091713e-11,0,2.2737367544323206e-12
2025-06-23,S6,1200.0000000000039,1200.000000000001,77463.18634360144,77682.4822296341,73122.39923730036,473.07850530966664,2301.1495753596814,12.351958981451958,22214.158990888962,17993.468782620068,52157.97079431274,331.6236733173355,52489.59446763008,1734.8612545464107,54224.45572217649,54259.48572536838,1.8189894035458565e-12,1.1368683772161603e-13,0,2.9558577807620168e-12
2025-06-24,S6,1200.000000000001,1199.9999999999968,89321.55110874283,85249.36295017057,80730.96424134499,902.748788737476,970.3610793095621,45.227716666666765,22891.22096898016,18541.888984873938,63181.28301552815,-1666.928479014241,61514.35453651391,3739.7329756721624,65254.087512186066,68618.44007655463,2.7284841053187847e-12,7.275957614183426e-12,0,4.092726157978177e-12
2025-06-25,S6,1199.9999999999968,1200.000000000005,81034.12195110059,82057.86239146574,75883.14961866397,426.5876556037682,1917.0539898162156,0.0,20817.16798834117,16861.906070556342,54809.46620548413,1731.9009977532696,56541.3672032374,2215.204849367632,58756.572052605035,59349.21094059196,4.320099833421409e-12,4.837374945054762e-11,0,8.185452315956354e-12
2025-06-26,S6,1200.000000000005,1200.0000000000011,77520.67951808337,77785.02203181724,72552.75701405964,663.9318098863266,1826.468197788343,0.0,20225.45680433839,16382.620011514107,51817.63122005217,447.68579768201744,52265.31701773419,2975.152480294689,55240.46949802888,55305.7861678518,1.8189894035458565e-12,5.4569682106375694e-12,0,3.865352482534945e-12
2025-06-27,S6,1200.0000000000011,1200.0000000000016,39625.07764006805,38632.295099992385,33456.74905076206,62.224531641326735,10462.812610286333,802.652117601806,13062.436778150444,10580.57379030186,19761.53543604284,-291.2154526407721,19470.319983402067,164.6276354004632,19634.94761880253,20217.37852408408,9.094947017729282e-13,7.617018127348274e-12,0,4.547473508864641e-13
2025-06-28,S6,1200.0000000000016,1199.9999999999936,35581.4158030406,35985.2272468452,32698.537847625703,417.2599515221284,8167.168919233876,533.8368384635608,13883.504867282816,11245.638942499088,17703.947484587887,349.69772072555133,18053.645205313438,1167.1506828888553,19220.795888202294,19220.795888202294,3.637978807091713e-12,7.275957614183426e-12,0,7.958078640513122e-12
2025-06-29,S6,1199.9999999999936,1200.0000000000025,74744.80613991403,78310.7993361393,73887.89682452555,880.7092670688166,1645.6105709131039,14.068333333333385,20216.624494813525,16375.46584079896,50223.968357701386,5572.65528040567,55796.623638107056,3349.763076881919,59146.38671498898,59835.655439707414,1.8189894035458565e-12,1.6528889368316868e-11,0,8.86757334228605e-12
2025-06-30,S6,1200.0000000000025,1200.0000000000005,82422.41231121145,80352.40285575467,75237.37723376113,949.1791240614042,2073.9827873590025,20.306699999999978,22182.015195422242,17967.43230829202,55610.59582678449,-447.9278670062413,55162.66795977825,3783.7678258731466,58946.435785651396,60909.46736280433,9.094947017729282e-13,1.1368683772161603e-13,0,2.0463630789890885e-12
2025-07-01,S6,1200.0000000000005,1199.9999999999964,72521.80001594807,73435.39097372121,73426.05911754278,9704.593244709302,417.02980526453734,0.0,20247.781703443197,16400.703179788994,52830.29240479936,1337.6296610957288,54167.92206589509,41143.62542834985,95311.54749424494,95375.96651779367,1.1368683772161603e-12,1.6370904631912708e-11,0,4.092726157978177e-12
2025-07-02,S6,1199.9999999999964,1199.9999999999993,86952.80564330518,85493.7641476845,79500.71273378562,227.55286332367552,2935.2550149623376,0.0,20464.443239370175,16576.199023889836,64948.575614524336,-656.6265611567942,64291.94905336754,780.5877315279997,65072.53678489554,66385.78990720911,1.3642420526593924e-12,5.093170329928398e-11,0,2.9558577807620168e-12
2025-07-03,S6,1199.9999999999993,1200.0,101766.32773555855,100813.53327644418,89189.2585303666,141.8868690051454,4678.345104127626,0.0,25749.375589003987,20856.99422709324,77342.3351752187,-349.3804093422368,76992.95476587646,934.3251981573158,77927.27996403378,78626.04078271826,4.547473508864641e-13,2.9103830456733704e-11,0,6.821210263296962e-13
2025-07-04,S6,1200.0,1200.000000000004,44042.52650616631,43140.5534693463,40608.63917421473,1643.9362367638264,10556.870587783456,293.0553055014701,13272.537110668238,10750.755059641271,26736.524338684518,-311.43501707979885,26425.08932160472,4534.734154297636,30959.823475902354,31582.69351006195,1.8189894035458565e-12,1.8189894035458565e-12,0,4.092726157978177e-12
2025-07-05,S6,1200.000000000004,1200.000000000002,51326.02952595099,46938.201017013394,42383.001046968544,1039.0750198395785,11625.533571907354,216.85101059303588,14682.165882321497,11892.554364680418,29501.390317161342,-1866.592749111449,27634.797568049893,4824.079889896502,32458.877457946393,36192.0629561693,1.8189894035458565e-12,8.185452315956354e-12,0,2.0463630789890885e-12
2025-07-06,S6,1200.000000000002,1200.000000000001,95330.28510343807,96333.37719221188,86547.68507460775,145.3858402749535,2103.0379282624513,34.628333333333444,25060.12159624665,20298.698492959797,72242.51728250147,1608.4561187142826,73850.97340121576,688.9935449605146,74539.96694617627,75017.36424794256,2.0463630789890885e-12,2.6272317654729704e-12,0,1.1368683772161603e-12
2025-07-07,S6,1200.000000000001,1200.0000000000005,88470.36337800702,83145.81305722095,78580.15364643617,1202.8133035902047,2387.79774197544,0.0,20977.29705991713,16991.610618532886,65610.08366932537,-2093.421153045623,63516.66251627974,5448.226853985357,68964.8893702651,73151.73167635634,9.094947017729282e-13,2.1827872842550278e-11,0,4.547473508864641e-13
2025-07-08,S6,1200.0000000000005,1200.0,104406.00560616246,96323.72604997999,83723.58141789837,51.82500301194341,3784.0926785200695,0.0,23262.772240650564,18842.845514926958,78452.74358606956,-3062.9967673797073,75389.74681868985,282.05177607358456,75671.79859476343,81797.79212952287,2.2737367544323206e-13,1.693933882052079e-11,0,4.547473508864641e-13
2025-07-09,S6,1200.0,1200.0000000000027,92009.13934494811,89545.17842727518,82207.7249030049,269.9647293517902,4118.301803437176,0.0,22635.067432909604,18334.404620656784,67914.41778243409,-985.7335698224342,66928.68421261165,1382.7703834844067,68311.45459609605,70288.65372157162,5.343281372915953e-12,3.240074875066057e-11,0,2.7284841053187847e-12
2025-07-10,S6,1200.0000000000027,1200.0,88567.45345305567,87813.33683957766,80730.21545854032,212.94058684008422,3705.3726136439154,0.0,23074.52657054307,18690.36652213989,66251.28414232319,164.34154626635427,66415.62568858954,634.2854440029207,67049.91113259246,67573.36689459617,4.547473508864641e-13,3.637978807091713e-11,0,2.7284841053187847e-12
2025-07-11,S6,1200.0,1200.0000000000023,54050.19585003872,52246.21507566996,44494.25713753125,238.09657936012138,8484.41104984889,896.9442499999982,14906.427721276184,12074.206454233716,31276.63949956219,-289.03915883723676,30987.600340724952,977.1794639897566,31964.779804714708,32619.343119965633,4.547473508864641e-13,1.6003198766156856e-11,0,2.2737367544323206e-12
2025-07-12,S6,1200.0000000000023,1200.0000000000002,46251.77036017105,47039.35534573935,42807.33171501015,255.65967831963724,8597.8898615607,537.9298088105928,14962.780998027183,12119.852608402014,26884.413606908383,847.2637207884545,27731.677327696838,627.7950679990868,28359.472395695924,28359.47239569592,2.2737367544323206e-12,1.4551915228366852e-11,0,2.0463630789890885e-12
2025-07-13,S6,1200.0000000000002,1200.0000000000018,99553.05317031288,90587.4194752374,78189.33918849533,0.0,4775.0206651235,0.0,21824.2006493255,17677.602525953662,73582.14242935328,-3601.1645610631676,69980.97786829011,0.0,69980.97786829011,77183.30699041647,6.821210263296962e-13,7.008793545537628e-11,0,1.5916157281026244e-12
2025-07-14,S6,1200.0000000000018,1200.000000000004,95214.8328167952,85768.08703484766,78585.5669595211,319.10407632440297,2931.0103049304053,0.0,21926.218496044297,17760.236981795886,69378.91853981338,-3485.4630134498584,65893.45552636353,1733.7230459468128,67627.17857231034,74598.10459921006,1.8189894035458565e-12,1.7280399333685637e-11,0,2.2737367544323206e-12
2025-07-15,S6,1200.000000000004,1200.0,94090.85930073739,86283.77983185557,78805.24081984026,389.2254539973493,2381.8557904698473,0.0,21387.157368602257,17323.59746856783,69109.50519300633,-2796.50011509638,66313.00507790995,1665.9161961662755,67978.92127407623,73734.47929097555,1.5688783605583012e-11,2.3781865365890553e-11,0,4.092726157978177e-12
2025-07-16,S6,1200.0,1200.0,89203.14932994613,86363.54642476863,79381.55377477563,229.45232430027514,3340.2416882152124,0.0,21769.479092249116,17633.27806472178,67187.3499027405,-1092.6976073478581,66094.65229539265,889.4920364205337,66984.14433181318,69248.60597002166,2.2737367544323206e-13,7.275957614183426e-12,0,0.0
2025-07-17,S6,1200.0,1200.0,91405.71372232774,90667.42574520981,79997.29488558343,192.7203119149102,3267.3445058537322,0.0,22117.129605146783,17914.87498016889,67513.12725788736,270.9669366880553,67784.09419457542,1022.0520244627596,68806.14621903817,69721.64020789712,2.2737367544323206e-13,1.0913936421275139e-11,0,0.0
2025-07-18,S6,1200.0,1200.000000000001,54299.475116514484,51676.20833711534,43485.734955934495,12.402946317889018,8496.332854939876,983.6787000000004,14441.464459539431,11697.586212226943,30719.28138819319,-689.1404510669454,30030.140937126245,19.193559426933255,30049.33449655318,31435.805188612543,5.6274984672199935e-11,2.3646862246096134e-11,0,9.094947017729282e-13
2025-07-19,S6,1200.000000000001,1200.0000000000016,59910.60114802109,50503.75191407287,43082.690010041624,386.64859751259655,12534.05702477274,892.7428211977931,15051.156376756286,12191.436665172589,34539.15739346649,-2828.515271571192,31710.6421218953,1768.8262244356276,33479.46834633093,39136.4988894733,1.8189894035458565e-12,3.296918293926865e-12,0,6.821210263296962e-13
2025-07-20,S6,1200.0000000000016,1200.0000000000018,97104.94588512117,93465.56329627427,80758.53047949835,146.97609229265578,4386.903286989784,0.0,23308.552990181735,18879.927922047216,70753.11584340096,-1266.5820635980053,69486.53377980295,686.1380910070849,70172.67187081004,72705.83599800603,9.094947017729282e-13,1.4551915228366852e-11,0,2.2737367544323206e-13
2025-07-21,S6,1200.0000000000018,1200.0,98519.16380013835,91102.60408505761,80978.54588438557,153.18876863096676,3010.4461803698773,0.0,21744.94275077203,17613.403628125357,73513.16104395293,-2940.724026811644,70572.43701714129,872.9437462010218,71445.38076334231,77326.8288169656,4.547473508864641e-13,2.7398527890909463e-11,0,1.8189894035458565e-12
2025-07-22,S6,1200.0,1200.0000000000014,84791.7618393279,90246.8722315212,81626.76513913485,703.5428585128226,4021.0117683793032,0.0,23758.69269790377,19244.541085302062,62559.64745440763,6193.0140634305135,68752.66151783815,2609.6498863885568,71362.3114042267,71375.69484362799,9.094947017729282e-13,6.693312570860144e-12,0,1.3642420526593924e-12
2025-07-23,S6,1200.0000000000014,1200.000000000001,99141.48041530087,89537.49869648558,81628.61598477328,224.79895562963088,3269.7240126657575,0.0,22984.967426686733,18617.82361561626,72974.99002011755,-3482.644765971956,69492.34525414559,999.2435381353756,70491.58879228096,77610.38312354643,2.2737367544323206e-13,8.003553375601768e-11,0,4.547473508864641e-13
2025-07-24,S6,1200.000000000001,1199.9999999999993,103753.82513887348,95026.60229415481,81803.61154269807,0.0,3743.2528018061375,0.0,23388.877583641937,18944.99084274997,77812.1623614074,-3254.1563459971367,74558.00601541027,0.0,74558.00601541027,81066.31870740456,1.8189894035458565e-12,2.100364326906856e-11,0,1.5916157281026244e-12
2025-07-25,S6,1199.9999999999993,1200.0000000000002,44844.98491819318,44652.50114303158,40498.46176743364,194.7665529920087,10895.382369762023,700.8032825316067,13640.647902449382,11048.924800984,25963.86945173362,-50.306754870580335,25913.56269686304,546.9158947568991,26460.478591619936,26590.184376951587,3.069544618483633e-12,1.5511147921642987e-11,0,9.094947017729282e-13
2025-07-26,S6,1200.0000000000002,1200.0000000000018,47668.65901585983,46274.56883180171,41447.57985722088,131.45453794784964,9703.856386747573,632.6622542385599,14596.969407978584,11823.545220462654,26747.425697253246,388.9586698774874,27136.384367130733,386.9937695905972,27523.37813672133,28120.002681942853,1.8189894035458565e-12,1.1368683772161603e-13,0,1.5916157281026244e-12
2025-07-27,S6,1200.0000000000018,1200.0000000000032,88698.3637537703,85279.37438589611,79804.0796180107,706.0907209977389,2582.9425778412724,0.0,22326.51558509031,18084.477623923147,64893.698414666505,-1013.3599467440436,63880.33846792246,2947.4511398323248,66827.78960775479,69612.36344481401,1.8189894035458565e-12,3.637978807091713e-11,0,1.3642420526593924e-12
2025-07-28,S6,1200.0000000000032,1200.0000000000032,91411.6366445919,91744.62506946134,84672.01452634526,345.14920781378737,2642.872359744503,0.0,23260.074426743184,18840.660285661983,67750.09141366289,936.2244961860415,68686.31590984893,1609.687600884207,70296.00351073314,70595.86200989348,3.979039320256561e-12,2.9103830456733704e-11,0,0.0
2025-07-29,S6,1200.0000000000032,1200.0000000000032,85938.85481097485,87987.32195729739,82495.40812424707,462.949076964308,2544.0507429563395,0.0,22868.739517131802,18523.679008876763,62810.691299964914,2035.9405597676378,64846.63185973255,2613.462270083739,67460.0941298163,67474.30820677965,3.637978807091713e-12,2.660094367001875e-11,0,0.0
2025-07-30,S6,1200.0000000000032,1199.9999999999986,82792.28381199381,86516.0315704613,81303.16689555888,228.37718621071804,3152.300931031073,0.0,22505.20579336055,18229.216692622056,62004.23203397141,4073.001304624304,66077.23333859572,923.3101925432759,67000.54353113899,67000.54353113899,9.094947017729282e-13,1.4551915228366852e-11,0,4.547473508864641e-12
2025-07-31,S6,1199.9999999999986,1200.000000000001,85305.88443770242,85605.8741575409,80260.18548843563,533.9186956151452,1846.1333377633143,0.0,22384.076734846403,18131.102155225584,62347.83379731709,464.2854467502475,62812.11924406734,2494.4990552214826,65306.61829928882,65306.61829928882,2.2737367544323206e-13,2.1827872842550278e-11,0,2.2737367544323206e-12
2025-08-01,S6,1200.000000000001,1200.0000000000011,43413.35921498324,42315.45170400169,39205.28220015313,601.6074412852555,15667.279439535687,492.42699279223154,12609.59759180957,10213.774049365746,25210.639504227678,-371.3888779504632,24839.250626277215,1913.2131354761157,26752.46376175333,27495.241517654253,1.7053025658242404e-12,6.934897101018578e-12,0,2.2737367544323206e-13
2025-08-02,S6,1200.0000000000011,1200.0000000000007,48663.65014412609,44308.601508028536,41016.22647433799,164.65316993697752,15716.766328888903,874.0661744464295,19279.064250559528,15616.042042953224,26435.119588495632,-915.5468756620685,25519.572712833564,718.9349015131679,26238.50761434673,28069.601365670864,2.3874235921539366e-12,8.633094239485217e-12,0,4.547473508864641e-13
2025-08-03,S6,1200.0000000000007,1199.9999999999993,74803.33498992652,73495.25171224869,69609.25412937444,567.8740315719612,3621.130886289011,0.0,19560.617322758186,15844.100031434133,53698.10253617259,475.4176399913995,54173.52017616399,2829.380093200516,57002.90026936451,57940.422450375314,4.547473508864641e-13,2.637534635141492e-11,0,1.3642420526593924e-12
2025-08-04,S6,1199.9999999999993,1200.0000000000025,80957.65642280497,80514.76381619812,73748.46795006518,179.88019432959155,4592.279680286007,0.0,20633.75463566021,16713.34125488477,58969.81884180616,-169.86038390088652,58799.958457905275,801.3879811972342,59601.34643910251,59982.199904810885,2.9558577807620168e-12,4.2582826154102804e-11,0,3.183231456205249e-12
2025-08-05,S6,1200.0000000000025,1200.0,79781.81710669221,79270.87501730051,73405.85985914804,256.8331030591844,4556.366333038731,0.0,20810.61524123779,16856.598345402614,58005.41854737742,-260.4047740220776,57745.01377335534,1166.319624314765,58911.33339767011,59432.14294571425,4.547473508864641e-13,7.275957614183426e-12,0,2.5011104298755527e-12
2025-08-06,S6,1200.0,1200.0000000000016,83948.77860398144,78521.68203425972,74265.17750197809,722.3539955432121,2907.357308866404,0.0,20872.499589411815,16906.724667423576,62603.50980646657,-2273.8756935845886,60329.634112881984,2832.39908497145,63162.03319785344,68110.84920204687,6.821210263296962e-13,7.337064289458795e-11,0,1.5916157281026244e-12
2025-08-07,S6,1200.0000000000016,1200.0000000000034,84490.86571754827,76788.22664932178,72085.99707622774,693.1540032630121,5421.625079721247,0.0,20892.319735628895,16922.778985859404,58830.431629424726,-1099.8993775838462,57730.53225184088,2898.6592998006304,60629.19155164151,64956.37328997468,1.8189894035458565e-12,2.8542501695483224e-11,0,1.8189894035458565e-12
2025-08-08,S6,1200.0000000000034,1200.0000000000025,41872.137357962674,41578.23513683881,38999.809572255945,225.82414779265144,20431.035067650475,444.2547047619528,13553.540513874606,10978.367816238433,23176.915867309064,-21.297414057771675,23155.618453251293,760.8645388139204,23916.482992065212,24152.194357307555,4.547473508864641e-13,1.1851852832478471e-11,0,9.094947017729282e-13
2025-08-09,S6,1200.0000000000025,1200.0000000000077,41504.968076004574,41068.4052181815,39563.28942782914,665.5599989716522,17661.58737581551,535.6417415002945,16366.796365710486,13257.105056225488,23050.7287127187,-140.12054523056213,22910.60816748814,2276.476086857103,25187.08425434524,25467.325344806373,1.9667822925839573e-11,1.8047785488306545e-12,0,5.229594535194337e-12
2025-08-10,S6,1200.0000000000077,1199.9999999999995,80086.96343739079,78224.69500915958,73494.62368238525,145.55401459194144,3815.931352808516,24.3857793028144,23659.165867715175,19163.924352849295,58989.27210674963,-690.9047462663657,58298.367360483266,775.9137426476284,59074.281103130896,60506.91656683941,1.8189894035458565e-12,2.3646862246096134e-11,0,8.185452315956354e-12
2025-08-11,S6,1199.9999999999995,1200.0000000000014,77341.12320157015,77623.86999657945,72852.52180370972,634.4624781316284,4928.88339945667,0.0,21036.039731849152,17039.192182797815,54078.64915244766,601.9932978712968,54680.642450318956,2930.712544262531,57611.35499458149,57732.6787280097,2.2737367544323206e-12,1.3493206552084303e-11,0,1.8189894035458565e-12
2025-08-12,S6,1200.0000000000014,1199.9999999999982,84361.28264549664,80526.53704532645,75829.80035193729,476.91964109217895,4501.092522243493,0.0,21289.914846241914,17244.831025455955,60563.77521592055,-289.7048147797177,60274.07040114083,2105.451377754015,62379.52177889484,65183.648188484236,9.094947017729282e-13,3.6524339108723325e-11,0,3.183231456205249e-12
2025-08-13,S6,1199.9999999999982,1199.9999999999998,76273.14053120138,76167.72831192729,72443.76701742342,549.3420362590053,3063.9806429359724,0.0,20042.889267086495,16234.740306340067,54578.59030152575,-15.162302557560906,54563.42799896819,2574.4725808911576,57137.90057985935,57186.63655259911,1.8189894035458565e-12,3.5367264672458987e-11,0,1.5916157281026244e-12
2025-08-14,S6,1199.9999999999998,1200.0000000000075,79073.5353823218,80720.29927056424,74821.63854152837,386.9549299551008,5024.5597801455515,0.0,22409.17214739253,18151.429439387957,57408.47459222454,1256.0612163790138,58664.535808603556,2004.1556775670251,60668.69148617058,60738.73980055843,3.637978807091713e-12,2.262368070660159e-11,0,7.73070496506989e-12
2025-08-15,S6,1200.0000000000075,1199.9999999999995,42634.960363660015,41194.41096821278,38832.53120298324,543.5414493123194,19343.58276785185,331.819796117579,13373.385289435822,10832.44208444302,23981.375938550675,-231.23920764549985,23750.136730905175,1501.8839427092387,25252.020673614414,26195.228520958983,4.547473508864641e-13,4.544897791447511e-11,0,7.958078640513122e-12
2025-08-16,S6,1199.9999999999995,1200.0,44728.126506125845,40934.453437326425,38827.92291600255,546.9371513315836,19319.392636461132,409.2882500912689,14299.467442710838,11582.56862859577,25360.99935230893,-1124.326482470853,24236.672869838076,2395.382675693539,26632.055545531613,28880.70851047332,6.821210263296962e-13,1.2448708730516955e-11,0,4.547473508864641e-13
2025-08-17,S6,1200.0,1200.0000000000016,80814.77280304616,77713.87374978725,72804.69933162651,545.6733375473142,6158.979702175133,0.0,21189.470264905507,17163.470914573467,56804.694146518996,-801.4006021332825,56003.29354438571,3013.670745846461,59016.96429023217,60834.41321259252,1.8189894035458565e-12,1.1944223388127284e-11,0,1.5916157281026244e-12
2025-08-18,S6,1200.0000000000016,1200.0000000000018,78301.04155282927,78081.15090139864,72794.4685209476,536.9447955075633,4775.133971731977,0.0,21906.12488450794,17743.96115645142,56911.44880878883,-48.93449652480194,56862.51431226403,2428.630706517948,59291.14501878198,59537.78027943025,3.637978807091713e-12,3.126121583818531e-11,0,2.2737367544323206e-13
2025-08-19,S6,1200.0000000000018,1200.000000000004,76280.71095067947,75194.65243305072,71739.0645624968,725.3271909615236,4342.930052687716,0.0,20020.00868826632,16216.207037495722,55469.13241481503,-500.6277091006341,54968.5047057144,3784.049669405462,58752.55437511986,59777.41097781409,1.3642420526593924e-12,2.5778490453376435e-11,0,2.2737367544323206e-12
2025-08-20,S6,1200.000000000004,1199.9999999999993,85055.43931266226,80794.91874267478,76707.83331458864,620.7594182733593,2435.5561844620142,0.0,22328.134114386157,18085.788632652788,61126.6563874437,-886.1692605314238,60240.487126912274,2635.016743397346,62875.50387030962,65850.27979513515,2.2737367544323206e-12,2.7196378482585715e-10,0,4.774847184307873e-12
2025-08-21,S6,1199.9999999999993,1200.0000000000011,81654.12700996932,76656.62739038665,72828.91591105518,428.2315016400143,3445.3009490616264,0.0,20881.19989631724,16913.77191601696,58407.064938108684,-1103.1017596038728,57303.96317850481,1633.3381315422328,58937.30131004704,62107.73080460255,1.8189894035458565e-12,4.7547743520226504e-11,0,1.8189894035458565e-12
2025-08-22,S6,1200.0000000000011,1200.0000000000027,42736.40046317136,40927.75550707161,39282.53622130634,972.8240645716486,16319.342524885027,206.95402660260936,13149.970181001905,10651.475846611542,24164.973693169093,-534.4479644649655,23630.525728704128,3782.6591753105804,27413.184904014706,28490.55029756688,9.094947017729282e-13,1.332978172285948e-11,0,1.5916157281026244e-12
2025-08-23,S6,1200.0000000000027,1199.999999999999,42511.113787558774,42791.54878818841,40418.59372192449,129.22007397855998,14771.802052775693,400.69902978514995,14975.297701801077,12129.991138458874,23478.82850642608,299.98348056011673,23778.8119869862,400.5159583297386,24179.327945315938,24182.916100093495,3.979039320256561e-12,7.197797913249815e-12,0,3.637978807091713e-12
2025-08-24,S6,1199.999999999999,1200.000000000005,75059.56942999955,71544.53489901304,69187.11973009609,1494.4188039301634,3060.430668385302,0.0,20460.62306477695,16573.104682469326,55415.782062189865,-1219.3118490049528,54196.47021318491,6600.513086099414,60796.98329928433,63701.39043154946,1.8189894035458565e-12,4.169464773440268e-11,0,5.9117155615240335e-12
2025-08-25,S6,1200.000000000005,1200.0000000000052,97677.59547855673,84832.41004739415,77992.93094750367,185.9322628556055,3079.884101835898,0.0,22767.853115035432,18441.96102317871,70299.24494055152,-4432.760864264346,65866.48407628718,636.6917487916106,66503.17582507878,75403.39968641846,3.637978807091713e-12,4.7350567911053076e-11,0,2.2737367544323206e-13
2025-08-26,S6,1200.0000000000052,1200.0000000000018,78366.55542035018,79011.52795751067,73344.0319999507,221.65743604874268,3841.5429497400696,0.0,22080.67422592666,17885.3461230006,57042.075226078116,534.2088435426558,57576.28406962077,805.6688129348776,58381.95288255565,58397.872912443134,1.8189894035458565e-12,1.815614325550996e-11,0,3.410605131648481e-12
2025-08-27,S6,1200.0000000000018,1200.0000000000011,77997.13830029636,83088.38316311424,77224.69389253933,207.5009312507857,5147.20501801582,0.0,23004.42599530339,18633.585056195752,56218.02844260435,4867.701142901926,61085.72958550628,895.4903464981711,61981.219932004446,61992.01055802356,1.8189894035458565e-12,4.788525131971255e-11,0,6.821210263296962e-13
2025-08-28,S6,1200.0000000000011,1200.0000000000005,77258.46427245688,82141.1684086856,76712.59763650183,761.5068729229363,2408.3105029989047,0.0,22621.047489960692,18323.04846686816,55509.01775873205,5715.060189471798,61224.07794820385,3445.50993922956,64669.58788743341,64737.85121055917,9.094947017729282e-13,1.802291649255494e-11,0,6.821210263296962e-13
2025-08-29,S6,1200.0000000000005,1199.9999999999982,45468.448820734884,43903.93817804912,40731.949305341324,159.23365656319004,14812.87970849179,616.9062803723162,15295.666437054817,12389.4898140144,25482.049660584846,-508.3509171798032,24973.698743405042,812.3342185444611,25786.032961949502,26802.73479630911,1.7053025658242404e-12,1.3102408047416247e-11,0,2.2737367544323206e-12
2025-08-30,S6,1199.9999999999982,1200.0000000000014,44230.09169208651,42970.7617411051,40656.22911589245,437.44869662280155,19304.15548909978,358.67056463291703,15358.589081311653,12440.457155862432,24858.915197909122,-361.94830813933004,24496.966889769792,1388.9072368525756,25885.874126622366,26609.770742901026,3.89945853385143e-11,8.348877145181177e-11,0,3.183231456205249e-12
2025-08-31,S6,1200.0000000000014,1200.000000000001,77001.37029666809,77247.42732211981,73166.26480698407,784.2170287417185,3318.611795988534,0.0,20974.983981073223,16989.73702466931,55245.37689219108,650.9739483335943,55896.350840524676,3376.189874230023,59272.5407147547,59792.33626100344,1.1368683772161603e-12,2.6403768060845323e-11,0,4.547473508864641e-13
2025-09-01,S6,1200.000000000001,1199.9999999999989,85845.44376497096,77809.1579831314,64198.97635160459,0.0,6219.0429445245645,293.6108803111622,21643.094702292383,17530.90670885684,54636.304877212555,-2422.2212323550775,52214.08364485748,0.0,52214.08364485748,57092.83866140039,1.8189894035458565e-12,3.815614491031738e-11,0,2.0463630789890885e-12
2025-09-02,S6,1199.9999999999989,1200.000000000002,62385.410044959666,65897.77551486719,61704.89328553294,1784.109518590701,5314.473283430691,0.0,21667.22984575252,17550.456175059546,37576.396056500285,3449.5906163523323,41025.98667285262,9695.091408415747,50721.078081268366,50721.078081268366,9.094947017729282e-13,2.637534635141492e-11,0,3.183231456205249e-12
2025-09-03,S6,1200.000000000002,1200.000000000005,68231.8010558474,66589.9141441752,63063.40699471092,455.60491136298964,3902.1679527068027,127.87246779800012,20743.44334510073,16802.18910953159,43593.36845781391,111.75245634480962,43705.12091415872,2162.0282634282366,45867.14917758695,46826.13378020397,1.8189894035458565e-12,6.366462912410498e-12,0,2.9558577807620168e-12
2025-09-04,S6,1200.000000000005,1200.0000000000025,66170.26666528158,64896.87972032656,60895.25328775795,750.7171837933149,3305.322866735849,292.68162949284203,21696.844343803143,17574.443918480556,43291.5322784938,-318.6183046514998,42972.913973842304,2062.8728515365383,45035.78682537884,45819.2034879166,1.8189894035458565e-12,3.292655037512304e-11,0,2.5011104298755527e-12
2025-09-05,S6,1200.0000000000025,1199.9999999999986,41422.41916074544,40472.75405927181,33211.49441448605,24.83326544296733,21247.867842422915,1866.8277719630123,17354.581046717984,14057.21064784157,20097.920917001706,-276.48556987056145,19821.435347131144,25.094014730118488,19846.529361861263,20505.1348545543,1.1368683772161603e-12,1.6370904631912708e-11,0,3.865352482534945e-12
2025-09-06,S6,1199.9999999999986,1199.9999999999984,36117.64657610524,35532.358950460555,31495.624837615265,500.36797976319076,20177.05366256264,1343.1506636537458,14498.446269274085,11743.741478112013,17378.501909856623,-193.5447136666735,17184.95719618995,1417.9382766948002,18602.89547288475,18989.984900218096,1.8189894035458565e-12,1.0260237104375847e-11,0,2.2737367544323206e-13
2025-09-07,S6,1199.9999999999984,1200.000000000001,63350.785065268676,65586.8662724525,62570.47874174006,1096.5664367225486,3693.5113608240267,474.0478379118366,23886.854542421537,19348.352179361456,40267.44999115214,1718.5119648915497,41985.96195604369,3062.2471389226243,45048.20909496632,45055.963985678805,9.322320693172514e-12,6.6275873678023345e-12,0,2.5011104298755527e-12
2025-09-08,S6,1200.000000000001,1199.999999999995,70874.10978120848,68061.24868983154,65132.80959621632,1739.2598213115211,3095.6226372262754,15.334086995650182,22976.542947224243,18610.999787251632,43706.15715661575,-726.463264248785,42979.693892366966,8583.39671006376,51563.090602430726,53040.6154953822,1.8189894035458565e-12,2.9338309559534537e-11,0,5.9117155615240335e-12
2025-09-09,S6,1199.999999999995,1200.0000000000018,60718.11851729142,63234.24893789066,60405.47758336068,1335.1662981819,4531.169080802979,53.42313699565011,21332.72314251206,17279.505745434763,38039.40378744445,2916.369799138629,40955.77358658308,7553.014120772494,48508.78770735557,48523.755882138554,9.094947017729282e-13,2.0463630789890885e-11,0,6.821210263296962e-12
2025-09-10,S6,1200.0000000000018,1200.0000000000018,73882.3869046954,68630.42289958506,65533.43938484151,1422.9748108163094,1115.9077237945598,276.01018107860864,22360.51389886673,18112.01625808205,47304.2093925652,-1554.6806484365734,45749.52874412863,5989.285635157852,51738.81437928648,54955.45605061621,2.2737367544323206e-13,2.8194335754960775e-11,0,0.0
2025-09-11,S6,1200.0000000000018,1200.0000000000061,75030.31584392604,63033.963632182575,59584.24584683948,485.94612024503397,1946.695825884641,404.20999588631355,22227.370326211683,18004.16996423146,47357.08155515553,-3094.026774324513,44263.054780831015,1990.7147097207787,46253.76949055179,52633.98110871703,2.0463630789890885e-12,2.0463630789890885e-11,0,4.320099833421409e-12
2025-09-12,S6,1200.0000000000061,1200.0,34624.153730205326,34247.04348741662,32379.073360799364,642.2664533165085,17723.671413064676,910.8941871660833,14921.673757290104,12086.555743404992,16112.613731819285,214.7691293099433,16327.382861129228,1728.998681743898,18056.381542873125,18479.104988831994,1.8189894035458565e-12,2.091837814077735e-11,0,6.139089236967266e-12
2025-09-13,S6,1200.0,1200.0000000000023,36368.136091667024,36543.18491171524,33818.32845873852,150.3209917231315,21106.268308590228,1387.157124059548,18253.27649725545,14785.153962776913,17006.584225620332,450.8172284255925,17457.401454045925,496.8784268111307,17954.279880857055,18083.689764345505,3.865352482534945e-12,1.2647660696529783e-12,0,2.2737367544323206e-12
2025-09-14,S6,1200.0000000000023,1200.0000000000005,76561.79272650201,70668.84638581716,67144.94472911213,811.4470653288247,2951.345734829487,340.5698397734559,24027.112999147525,19461.961529309494,49734.72098786151,-1775.1805903673812,47959.54039749413,2480.892928849687,50440.43332634382,54786.39498521477,3.637978807091713e-12,6.821210263296962e-12,0,1.8189894035458565e-12
2025-09-15,S6,1200.0000000000005,1200.0000000000036,62278.34816935664,62407.64742568541,60027.89457712093,1091.5493668498857,1388.8192291394314,259.6926843716561,23178.42840592849,18774.527008802077,41228.778974129775,148.35386774130893,41377.132841871084,4143.17245169796,45520.30529356904,45520.305293569036,1.8189894035458565e-12,1.4411627446975216e-11,0,3.183231456205249e-12
2025-09-16,S6,1200.0000000000036,1199.9999999999993,77071.41430372412,71921.83578316928,68212.81674690112,540.153251384855,4718.758646865098,273.0543319391677,22470.458084991315,18201.07104884297,50093.9869775889,-1828.9876828559136,48264.99929473299,1806.3478703665141,50071.347165099505,53729.32253081135,2.2737367544323206e-12,2.502531515347073e-11,0,4.320099833421409e-12
2025-09-17,S6,1199.9999999999993,1200.0000000000025,73804.31219529081,72587.52018513421,66716.31897743391,251.12702405946476,2423.016617381612,362.74925298828725,22218.745953281657,17997.18422215815,48288.099646971445,-402.88856121153367,47885.21108575991,835.7295409693339,48720.94062672924,49552.752777733476,4.547473508864641e-13,9.890754881780595e-12,0,3.183231456205249e-12
2025-09-18,S6,1200.0000000000025,1200.0000000000036,66762.96972788053,72892.6427250873,66640.72918890938,190.3309731714975,3408.154916506745,266.0486025603524,22109.502770248055,17908.697243900926,43691.09777641903,4243.571348424237,47934.66912484327,1006.2961259707175,48940.965250813984,48945.26731271549,1.8189894035458565e-12,5.659472890329198e-11,0,1.1368683772161603e-12
2025-09-19,S6,1200.0000000000036,1200.0000000000016,36377.15063864244,36533.486348084756,33162.531799543285,187.7032774913584,13234.190219800576,1131.967024615501,15172.23955764158,12289.514041689687,17458.43669327895,148.55432939402817,17606.991022672977,345.3601235225317,17952.35114619551,17952.351146195506,9.094947017729282e-13,5.4285465012071654e-12,0,2.0463630789890885e-12
2025-09-20,S6,1200.0000000000016,1200.0,37081.64607796735,36539.38536705813,33732.73729465324,357.35024578252415,13831.761390397138,1129.6604942616432,18332.79959180873,14849.567669365071,17265.254424110717,-147.50209151956733,17117.75233259115,1216.0397176519205,18333.79205024307,18741.89591977269,3.240074875066057e-12,4.547473508864641e-12,0,1.5916157281026244e-12
2025-09-21,S6,1200.0,1200.0000000000023,73379.46791928064,73134.76513739841,67110.6738700846,109.40064945143095,4473.026487397869,248.30834398472416,22164.485288526856,17953.23308370675,47574.472926207985,5.776663373952033,47580.24958958194,578.0648277259897,48158.31441730793,48459.25110955065,9.094947017729282e-13,1.0516032489249483e-12,0,2.2737367544323206e-12
2025-09-22,S6,1200.0000000000023,1200.0000000000034,77979.11788493238,71934.06531465625,67418.80412121247,490.8815538249835,2653.8162867476235,396.9854503911006,22341.389760870406,18096.52570630503,51667.85490199128,-1759.6141609622064,49908.240741029076,1715.5375108658736,51623.77825189495,55556.14476607165,4.547473508864641e-13,2.091837814077735e-11,0,1.1368683772161603e-12
2025-09-23,S6,1200.0000000000034,1199.9999999999986,77160.34193384156,75577.86237611042,69515.6358434203,71.01936598084478,2813.7282209534333,301.36376997740797,22920.77702703662,18565.829391899664,50670.264708765535,-466.3912346323632,50203.87347413317,395.8891360976465,50599.76261023082,51532.54507949557,3.865352482534945e-12,2.538769194870838e-11,0,4.774847184307873e-12
2025-09-24,S6,1199.9999999999986,1200.0000000000073,66592.41943794058,68466.84080718136,65460.789513514464,885.4163675375316,1056.425564750945,277.9941754745836,20781.900214876077,16833.339174049608,44337.12197140466,1326.247101074383,45663.36907247904,3027.2293689124917,48690.598441391536,48693.726828895706,7.275957614183426e-12,2.525268882891396e-11,0,8.640199666842818e-12
2025-09-25,S6,1200.0000000000073,1199.999999999999,73043.75195102967,73459.96731735484,68435.57381044408,456.2536480608426,4157.2162524928,340.1997620666567,21362.96075760772,17303.998213662264,47865.041399993126,297.97175768920715,48163.01315768233,1916.1690360228138,50079.18219370515,50091.95243627649,1.3642420526593924e-12,1.5916157281026244e-11,0,8.185452315956354e-12
2025-09-26,S6,1199.999999999999,1200.0000000000002,37306.64787667217,36010.87591532015,32996.2366295823,53.58817380663231,11529.9808412033,843.5470155326113,15695.018140279119,12712.964693626085,17117.756895651582,-317.346049324824,16800.41084632676,247.9460605527914,17048.35690687955,17858.60995700082,1.8189894035458565e-12,3.9754866065777605e-12,0,1.1368683772161603e-12
2025-09-27,S6,1200.0000000000002,1199.9999999999923,36347.43959010927,37086.966934831726,34282.01350308384,307.4934575674044,12925.17527872292,766.8481290312687,16295.69106787926,13199.509764982206,17152.18260868228,674.0456457468972,17826.228254429177,1093.7855879320023,18920.01384236118,18920.01384236118,4.774847184307873e-12,3.6123992686043493e-11,0,7.958078640513122e-12
2025-09-28,S6,1199.9999999999923,1200.000000000005,75631.48434499388,78180.0380057942,71590.80962591957,369.76457897596146,3690.7763386639567,240.75821443447012,23902.160448054878,19360.74996292444,50106.68712736311,2285.8932096164135,52392.580336979525,1815.7958880544352,54208.37622503396,54208.37622503396,9.094947017729282e-13,1.0544454198679887e-11,0,1.2732925824820995e-11
2025-09-29,S6,1200.000000000005,1200.0000000000018,76933.27334053679,70164.07890575335,66578.0895935142,1286.614728553466,824.5518194649418,184.56612586218807,21556.288298634507,17460.593521893963,51075.98369510854,-2270.6803651873997,48805.30332992114,4629.788146025688,53435.09147594683,57976.452206321635,2.0463630789890885e-12,3.731770448212046e-11,0,3.183231456205249e-12
2025-09-30,S6,1200.0000000000018,1200.0,75852.82428960291,75372.47360175333,70449.14250227803,503.66871560819146,613.355726698776,460.28866557724257,23457.852941808225,19000.860882864654,50878.30778313291,-189.33453204637044,50688.973251086536,2335.539818050627,53024.51306913716,53531.132571644615,4.547473508864641e-13,5.326761254309531e-11,0,1.8189894035458565e-12
2025-10-01,S6,1200.0,1200.0000000000032,71649.04108221654,69830.1293730476,60945.48561619768,43.21713369370868,6149.012110684704,951.5549010643722,22245.337920047317,18018.72371523833,44457.05559480701,-415.5020397263652,44041.553555080645,150.04155133686731,44191.59510641751,45022.59918587024,4.547473508864641e-13,2.9084068486895376e-11,0,3.183231456205249e-12
2025-10-02,S6,1200.0000000000032,1200.0000000000025,76856.77140390011,69490.33768947251,62284.85311457847,22.588446216032196,5611.535668079733,812.8808452831873,21853.9048987627,17701.662967997785,47619.2257525703,-2535.8358484629716,45083.38990410733,81.97883126046513,45165.368735367796,50237.040432293725,9.094947017729282e-13,3.5456082514429e-11,0,6.821210263296962e-13
2025-10-03,S6,1200.0000000000025,1200.0000000000002,67653.22111280164,63747.37081171833,38972.12323957874,0.0,22093.659567203867,4999.526852170917,21377.805895810307,17316.022775606343,30589.388804563543,215.12223893760893,30804.511043501152,0.0,30804.511043501152,31536.222513170687,1.8189894035458565e-12,1.4878764886816498e-11,0,2.2737367544323206e-12
2025-10-04,S6,1200.0000000000002,1199.9999999999995,36191.51988521234,35377.877475777765,32506.279484725415,112.1108420653332,15168.258643633993,1146.7708077978784,16880.939168555407,13673.560726529877,15501.35757344321,-221.12969781236097,15280.22787563085,431.4315002356586,15711.659375866508,16153.91877149123,2.6147972675971687e-12,7.389644451905042e-12,0,6.821210263296962e-13
2025-10-05,S6,1199.9999999999995,1200.0000000000061,75824.23116377054,66321.27846673595,62895.47800917531,189.0259941174018,3548.21840000156,675.7440098763058,21708.31856183254,17583.73803508435,46822.89382745291,-2552.74282421884,44270.15100323407,533.9431727928117,44804.094176026876,50098.770313502246,1.8189894035458565e-12,6.940581442904659e-11,0,6.59383658785373e-12
2025-10-06,S6,1200.0000000000061,1199.9999999999995,65782.99116830887,67703.84981555105,63907.75675581197,456.0614937192674,1925.846470456343,450.2222485713339,22392.843581597772,18138.203301094203,41798.45568006059,1376.9825035224858,43175.43818358308,1598.689547629776,44774.12773121285,44774.12773121285,1.8189894035458565e-12,4.716582679975545e-11,0,6.59383658785373e-12
2025-10-07,S6,1199.9999999999995,1199.999999999998,69419.31206795177,69363.35935456272,65169.35837794254,267.30522955863756,2897.251052630367,646.5324164434267,21691.14283382852,17569.825695401098,43120.819086924384,307.23506311767414,43428.05415004206,1038.9927890094161,44467.04693905148,44617.62677277879,2.7284841053187847e-12,3.1164404390437994e-11,0,1.5916157281026244e-12
2025-10-08,S6,1199.999999999998,1200.0000000000016,70603.0226267978,67735.15355886018,63560.751723032874,132.35416738526882,2458.9063619607514,681.7743734585536,21441.734149116604,17367.804660784448,44328.44701187579,-709.4855207120345,43618.961491163755,546.5425795262211,44165.504070689974,45673.13578512156,1.8189894035458565e-12,2.6913582473753195e-11,0,3.637978807091713e-12
2025-10-09,S6,1200.0000000000016,1200.0,76016.08233827332,65231.96271241182,62071.96603544295,294.6954884405883,2125.771894653451,397.9379929882492,21489.3155416238,17406.345588715274,47488.22261545081,-3227.272985103751,44260.94963034706,1225.6023504288598,45486.55198077592,51941.097950983414,1.8189894035458565e-12,4.320099833421409e-12,0,1.5916157281026244e-12
2025-10-10,S6,1200.0,1199.9999999999984,34157.02102800146,34049.18355866111,32243.6144627941,159.83747615331586,19018.999671252262,915.2383907119956,16450.54189640254,13324.938936086055,14286.811259348508,-31.754992514426704,14255.05626683408,458.26700224102547,14713.323269075107,14776.833254103958,1.8189894035458565e-12,8.526512829121202e-12,0,1.5916157281026244e-12
2025-10-11,S6,1199.9999999999984,1200.0000000000036,34616.54402009914,34763.27253267317,32533.38487539532,104.47149475264041,14255.504024449758,639.2123093533115,19141.191857955553,15504.365404943996,14419.56012979208,138.43752026375296,14557.997650055833,400.00455627596546,14958.0022063318,14961.003333102026,1.8189894035458565e-12,5.115907697472721e-12,0,5.229594535194337e-12
2025-10-12,S6,1200.0000000000036,1200.0000000000073,68357.44095855398,68310.70511682128,64451.14098052121,851.5125630172378,2714.362826297878,79.04567188744909,21022.574010630444,17028.284948610653,41676.86898290299,363.6682082553525,42040.53719115834,4082.6134240567208,46123.15061521506,46484.350607431574,5.4569682106375694e-12,1.8758328224066645e-12,0,3.637978807091713e-12
2025-10-13,S6,1200.0000000000073,1200.0,72278.20804607854,65467.548386944494,62742.596753404454,602.1779600886867,1605.877781777813,486.2328983252256,22238.256491526972,18012.987758136853,45230.53343798754,-1877.0325572439178,43353.500880743624,2407.1713095999007,45760.672190343525,49751.74338772391,1.8189894035458565e-12,1.7411849739801255e-11,0,7.275957614183426e-12
2025-10-14,S6,1200.0,1200.0000000000007,73771.15360647911,64836.20213767765,63063.873880309984,2569.1937864082493,344.984688693577,371.8247966916663,21802.25735789283,17659.82845989319,46799.30641515752,-2509.3200062718315,44289.98640888569,9637.32063056898,53927.307039454674,58960.878487112954,9.094947017729282e-13,1.3415046851150692e-11,0,6.821210263296962e-13
2025-10-15,S6,1200.0000000000007,1200.000000000001,78439.67105696182,69053.07201930546,66474.79006423074,950.3841073023351,945.7935885017223,377.27697026369367,22010.947172461492,17828.867209693803,49855.67958128374,-3027.7801983138124,46827.899382969925,2987.012209395738,49814.911592365665,55870.47198899328,9.094947017729282e-13,3.001332515850663e-11,0,2.2737367544323206e-13
2025-10-16,S6,1200.000000000001,1200.000000000004,72405.52421698265,72201.44529508418,69898.85541920511,420.85877213443814,2588.566624859606,224.82901577963185,23893.924214211984,19354.078613511712,46130.039318275594,590.0311197286574,46720.07043800425,1757.4731095442537,48477.54354754851,49177.91203576578,9.094947017729282e-13,7.275957614183426e-12,0,3.183231456205249e-12
2025-10-17,S6,1200.000000000004,1200.0000000000011,64406.56256702897,69620.94149727192,42767.29469369337,0.0,16878.185651370095,5466.0229306576775,23257.298921046975,18838.412126048053,31146.671521927914,3360.0290236505753,34506.70054557849,0.0,34506.70054557849,34513.8999727409,1.8189894035458565e-12,8.185452315956354e-12,0,2.9558577807620168e-12
2025-10-18,S6,1200.0000000000011,1199.9999999999995,33744.37077613123,33554.76951476489,32001.779760686317,283.71996637466657,12259.05324384348,634.7114548177636,17448.11453543722,14132.97277370415,13955.470970164264,-32.68625754862842,13922.784712615636,705.9705341167198,14628.755246732355,14773.521364630247,5.343281372915953e-12,1.8189894035458565e-12,0,1.5916157281026244e-12
2025-10-19,S6,1199.9999999999995,1199.9999999999995,75161.21761386516,73853.6888951953,70588.85278707916,442.8979854767664,2676.6835777135307,118.92559501494793,22896.94245523211,18546.523388738013,48665.05076632577,-500.8738228444563,48164.17694348131,2117.076535888596,50281.25347936991,51284.37249345486,2.2737367544323206e-12,2.2282620193436742e-11,0,0.0
2025-10-20,S6,1199.9999999999995,1200.0000000000014,81255.22029857153,77708.76348892994,71836.15364317155,114.10546523775254,2654.8942986070274,316.1422868330902,23886.527138434463,19348.086982131914,53224.77352195508,-1492.2197363684027,51732.55378558668,420.83062924430124,52153.38441483098,55252.24949967706,1.8189894035458565e-12,3.2514435588382185e-11,0,1.8189894035458565e-12
2025-10-21,S6,1200.0000000000014,1199.9999999999995,78724.41167313859,78424.45299577578,72956.59667018616,156.73901865389118,1667.7275086871848,529.1506190902055,23441.453742434933,18987.577531372306,51544.693743243784,-105.01088089330005,51439.682862350484,507.01216089560785,51946.695023246095,52156.71678503271,3.637978807091713e-12,2.1333157462777308e-11,0,1.8189894035458565e-12
2025-10-22,S6,1199.9999999999995,1200.0000000000018,77123.74182878964,73196.92951788237,70592.4311080558,953.0574749150884,1513.9966959945164,243.9244464859138,22277.21442363386,18044.543683143434,50052.44647498798,-1437.6599556225483,48614.78651936543,4138.0320015359575,52752.81852090139,55628.13843214649,1.8189894035458565e-12,2.4300561562995426e-11,0,2.2737367544323206e-12
2025-10-23,S6,1200.0000000000018,1200.0000000000005,88545.98212610194,72499.07447052244,70015.79843303503,349.08293324530473,1832.904627743611,630.4610734021584,23800.098062111716,19278.079430310492,57331.597780542725,-5531.69302330647,51799.904757236254,1273.3576302802571,53073.26238751651,64191.29488192645,1.8189894035458565e-12,8.809841745005542e-12,0,1.3642420526593924e-12
2025-10-24,S6,1200.0000000000005,1200.0000000000007,76715.59961779874,74037.66266855356,44961.88097375567,0.0,16849.334791020734,5353.4349165379335,22837.160787001852,18498.100237471506,37194.55251343311,27.698356924469408,37222.25087035758,0.0,37222.25087035758,38950.87215950086,1.8189894035458565e-12,2.9103830456733704e-11,0,2.2737367544323206e-13
2025-10-25,S6,1200.0000000000007,1200.000000000001,37271.94459221769,35116.470723280945,33765.52894627585,204.31777307469017,10254.92257654081,742.8119055311975,18808.839494448443,15235.159990503247,15263.59538066529,-210.918275256965,15052.677105408326,624.6239940543012,15677.301099462627,16099.137649976557,2.7284841053187847e-12,5.554223747594733e-12,0,2.2737367544323206e-13
2025-10-26,S6,1200.000000000001,1200.0000000000018,76689.89499722944,71343.0877568091,69561.62487826668,792.784818285707,1174.3235564202294,286.98537490516765,22888.361834528012,18539.573085967695,49631.16280642109,-1564.1242863452353,48067.038520075854,2938.970897852949,51006.0094179288,55242.320886381116,9.094947017729282e-13,2.567190904301242e-11,0,9.094947017729282e-13
2025-10-27,S6,1200.0000000000018,1200.000000000005,72916.26832241041,76934.11297892235,71659.90320833448,150.48181602800202,3338.945511798701,401.4397031153426,23775.88496200924,19258.466819227495,47130.85816261657,3584.4634955536094,50715.32165817018,805.2350237051147,51520.55668187529,51521.6233883625,9.094947017729282e-13,3.0595970201829914e-11,0,3.183231456205249e-12
2025-10-28,S6,1200.000000000005,1200.000000000001,72788.70778383932,74828.78818003781,72032.06324857667,249.77104552777263,1660.9190080527433,237.46788570257002,23215.924738679663,18804.899038330543,46954.21186098081,2855.726547527898,49809.93840850871,884.6768990967876,50694.6153076055,51030.10138859601,1.8189894035458565e-12,3.966427186696819e-11,0,4.092726157978177e-12
2025-10-29,S6,1200.000000000001,1200.0000000000073,81595.14848714412,81041.5686704012,75931.38809030692,102.3104710066508,2088.3257942187456,210.9828586330184,23274.384781378023,18852.2516729162,54194.59675449315,10.399364178229007,54204.99611867138,230.72332525306658,54435.71944392444,54902.682243126714,3.637978807091713e-12,1.645616976020392e-11,0,6.366462912410498e-12
2025-10-30,S6,1200.0000000000073,1200.0000000000002,73593.83357904418,72117.60699643068,70225.99655300844,629.407812066048,1320.5574146080144,358.8966874617164,23095.434805288343,18707.302192283558,48330.640431633794,295.76246676703886,48626.40289840083,2505.125019246221,51131.52791764705,52588.51452341488,9.094947017729282e-13,2.828670631060959e-11,0,7.048583938740194e-12
2025-10-31,S6,1200.0000000000002,1200.0000000000018,37968.40721644245,36620.873883439606,34549.11069832575,90.44668232998072,6345.4210763039155,991.372755339277,17886.692012346623,14488.220530000766,16593.83271517051,-288.4531301762581,16305.37958499425,259.2671854701812,16564.64677046443,17467.561003201095,1.8189894035458565e-12,1.8536283619141614e-11,0,1.5916157281026244e-12
2025-11-01,S6,1200.0000000000018,1200.0000000000005,36254.51130802374,35833.849833201384,34434.58808241742,249.7649485843017,7412.552907421977,971.3859039928673,19770.39887501857,16014.023088765041,15266.594034893147,-129.51158927485085,15137.082445618296,532.8636840491363,15669.946129667433,15928.96930821714,1.3983481039758772e-11,1.042899100411887e-11,0,1.3642420526593924e-12
2025-11-02,S6,1200.0000000000005,1200.0,78822.25881603488,80302.8117074564,74819.3006937511,573.4333695348757,1731.309495144851,104.94521983092136,25053.13376303602,20293.038348059177,52558.55931696226,1274.9244701908538,53833.48378715311,2427.402871703864,56260.88665885698,56361.00418083015,4.547473508864641e-13,1.000444171950221e-11,0,4.547473508864641e-13
2025-11-03,S6,1200.0,1199.9999999999993,82876.91159816993,80908.33765903547,75844.87120853756,163.87896536157857,1664.4571418200399,414.0307115748535,23291.22124826797,18865.88921109706,55558.42734262996,-736.2029680024934,54822.22437462747,569.1398282648822,55391.36420289235,56879.585973997695,1.8189894035458565e-12,8.185452315956354e-12,0,6.821210263296962e-13
2025-11-04,S6,1199.9999999999993,1199.999999999995,78835.9445829511,78896.1809809503,74803.2794461652,239.20148844543357,2766.7602649213936,113.76566773360207,24115.173519064676,19533.29055044239,52221.197746064165,137.514456152785,52358.71220221695,854.6567027722856,53213.368904989235,53280.466598663865,3.637978807091713e-12,5.1656456889759284e-11,0,4.320099833421409e-12
2025-11-05,S6,1199.999999999995,1199.9999999999975,84910.79552152244,78719.35956491684,75539.20123803176,216.8111747273114,1481.7317263835525,314.0109076372065,22538.156379324435,18255.9066672528,57272.14694060304,-2358.478415071855,54913.66852553118,966.9149045465863,55880.58343007777,60723.47569217585,1.8189894035458565e-12,1.7138290786533616e-11,0,2.5011104298755527e-12
2025-11-06,S6,1199.9999999999975,1200.0000000000011,79566.80352607706,81605.52446030521,77134.24804570759,222.49326952445531,1259.2075316473984,322.7502559848898,23185.25777684078,18780.058799241026,53730.45545918576,2446.1952658501104,56176.65072503587,1068.701987608168,57245.35271264404,57253.376588890256,9.094947017729282e-13,1.2995826637052232e-11,0,3.637978807091713e-12
2025-11-07,S6,1200.0000000000011,1200.0000000000014,36044.41972764772,36625.37422240836,35248.82540364026,299.7282644566002,7980.885670906888,553.3992617266917,19451.615537526002,15755.808585396057,14974.535284232374,373.7096911791832,15348.244975411557,997.7105455307997,16345.955520942356,16345.955520942354,1.8189894035458565e-12,7.918998790046317e-12,0,2.2737367544323206e-13
2025-11-08,S6,1200.0000000000014,1199.9999999999995,38891.28868562475,37332.92325610615,35677.80824998552,111.02892454601067,7171.973074301636,872.8452537257689,20804.272350021747,16851.460603517622,16226.93910127436,-219.33854013893688,16007.600561135423,279.6634365370866,16287.26399767251,16725.94107795039,1.9326762412674725e-12,1.7905676941154525e-12,0,1.8189894035458565e-12
2025-11-09,S6,1199.9999999999995,1200.0000000000055,81899.47751799205,81000.57523737341,77974.13522192519,250.27400060136551,1959.688156140747,248.37375539289894,24576.474356102925,19906.94422844336,55275.225235763966,-283.5576877016647,54991.6675480623,1000.223953901805,55991.891501964106,56713.53401702843,1.8189894035458565e-12,2.1373125491663814e-11,0,5.9117155615240335e-12
2025-11-10,S6,1200.0000000000055,1200.0000000000023,81051.72091388091,83520.33904341809,79251.77045255146,235.2345018199381,1158.9568525868067,158.51270831739032,22689.95943930088,18378.867145833723,55703.57116792984,2665.3917224245597,58368.9628903544,952.792920112014,59321.75581046641,59401.417210529056,9.094947017729282e-13,2.3646862246096134e-11,0,3.183231456205249e-12
2025-11-11,S6,1200.0000000000023,1199.9999999999923,84678.69582148289,83445.38478089013,78215.35654643226,104.74942526031916,1672.2661753381678,370.3399008809481,24834.106467404297,20115.62623859748,57555.81338089893,-237.678447852486,57318.13493304644,362.60877739538864,57680.743710441835,59017.87501711188,3.637978807091713e-12,2.1827872842550278e-11,0,1.000444171950221e-11
2025-11-12,S6,1199.9999999999923,1200.000000000002,80004.71874433415,83176.06714915163,77021.67741998512,202.73884703804495,1677.4534564909682,150.8840690117321,23368.899955370605,18928.80896385018,53907.14485913429,3885.622056795255,57792.76691592955,977.3440562403603,58770.11097216991,58777.562861003666,1.8189894035458565e-12,5.5063509307728964e-11,0,9.777068044058979e-12
2025-11-13,S6,1200.000000000002,1200.0000000000005,79628.04772411805,80880.79974955074,77928.01573980779,335.28699788287236,1551.2183115939413,190.52615799285775,21714.141849669522,17588.454898232303,54648.16331203724,1734.8272145223236,56382.990526559566,1565.1624863576744,57948.15301291724,57948.15301291723,9.094947017729282e-13,2.2202018001848955e-11,0,1.5916157281026244e-12
2025-11-14,S6,1200.0000000000005,1200.000000000001,36431.39344436847,36007.94263221245,34833.56067237592,442.16767729461895,3727.5508910089807,483.74594630883496,18241.98006501434,14776.003852661623,15612.697258179543,-128.888370722143,15483.8088874574,1383.036894845584,16866.845782302986,17124.62252374727,9.094947017729282e-13,7.617018127348274e-12,0,4.547473508864641e-13
2025-11-15,S6,1200.000000000001,1200.000000000001,42044.03062744577,38396.43393962829,36815.973272936644,211.25020558720126,4362.538204404888,651.9485576790291,20004.47263038565,16203.622830612376,17716.40705191518,-607.3363368825812,17109.070715032598,735.9502540439262,17845.020969076526,19059.718542166032,9.094947017729282e-13,3.524291969370097e-12,0,0.0
2025-11-16,S6,1200.000000000001,1199.9999999999995,81474.13117459872,83234.76587105493,79718.73211528646,426.6166380581872,998.1720694824484,175.65610290930363,23878.82209273439,19341.845895114857,56034.260521672615,2320.1973019110155,58354.45782358363,1924.764868150325,60279.22269173396,60285.23938224813,3.637978807091713e-12,1.4489298649777993e-11,0,1.3642420526593924e-12
2025-11-17,S6,1199.9999999999995,1199.9999999999934,77877.26382073195,83959.51407775083,78648.1397893288,175.36434876142818,1319.8426522738541,389.17065927241083,23256.507859003086,18837.77136579251,52954.1050496275,6933.232971889636,59887.338021517135,603.0772729145277,60490.41529443166,60491.10437175409,3.637978807091713e-12,1.340083599643549e-11,0,6.139089236967266e-12
2025-11-18,S6,1199.9999999999934,1200.0000000000057,83688.5598860457,81655.99364882056,79182.14153867448,622.5755673117507,353.2164496551144,317.6940251469928,22332.91998868835,18089.665190837553,57978.103973141486,-952.7908250958644,57025.31314804562,3062.4587801110533,60087.771928156675,62006.46514783668,3.637978807091713e-12,2.0966339775441156e-11,0,1.2278178473934531e-11
2025-11-19,S6,1200.0000000000057,1200.000000000003,83281.22563302597,86283.28859810976,81080.60095427722,266.08593567949623,1345.8587029061698,167.75419782286644,23498.74941698801,19033.98702776029,58182.08765276171,3686.3509398865863,61868.438592648294,1056.8757520231172,62925.31434467141,63030.97416222698,2.2737367544323206e-12,1.738698074404965e-11,0,2.7284841053187847e-12
2025-11-20,S6,1200.000000000003,1199.999999999999,80504.14648733777,81509.96964218504,79287.64822667422,547.2877640584873,594.2819744762287,228.51576854005566,22205.59060201633,17986.528387633247,54866.401352380824,1415.141977191226,56281.54332957205,2657.386745702931,58938.930075274984,58939.758134516065,9.094947017729282e-13,2.864908310584724e-11,0,3.865352482534945e-12
2025-11-21,S6,1199.999999999999,1200.000000000009,83029.19561232284,85274.1658707199,53731.413367180816,0.0,14652.414663467676,5418.783040389749,25241.21892977232,20445.387333115585,43037.188023994946,1664.4595922162625,44701.64761621121,0.0,44701.64761621121,44701.64761621121,5.4569682106375694e-12,2.9618973940159776e-11,0,1.000444171950221e-11
2025-11-22,S6,1200.000000000009,1200.0000000000023,45112.08459155838,40584.809160951416,38978.194629100675,363.51456732146085,4682.5951470793125,436.4970860797503,21067.302525945965,17064.51504601624,18727.42694931417,-783.6449890116273,17943.781960302542,894.3475526458507,18838.12951294839,20405.419490971653,1.0459189070388675e-11,1.050182163453428e-11,0,6.821210263296962e-12
2025-11-23,S6,1200.0000000000023,1199.9999999999982,81771.6207293848,84336.74819702211,81085.1172226177,404.4330350428746,1811.8015877388493,142.24589777851702,22649.50783584135,18346.1013470315,56555.40988764254,3560.3882577314143,60115.798145373956,1730.6272130307336,61846.42535840469,61879.113536689685,9.094947017729282e-13,2.4101609596982598e-11,0,4.092726157978177e-12
2025-11-24,S6,1199.9999999999982,1199.999999999999,80285.72102197257,81357.22190294888,78860.25494977832,623.3310062030602,889.4620746054387,237.95075035869854,22074.891742196,17880.66231117876,55320.57100771982,1492.1902494739988,56812.761257193815,2494.1589732905472,59306.920230484364,59306.920230484364,9.094947017729282e-13,1.000444171950221e-11,0,9.094947017729282e-13
2025-11-25,S6,1199.999999999999,1199.9999999999984,91602.71296021494,87225.41020405751,82391.27282304277,166.44881010288736,1724.1226578118756,256.9484279377905,23199.947793312364,18791.957712583022,64298.09849911902,-1933.3839350727067,62364.71456404631,506.5380059842026,62871.25257003051,66738.02044017591,9.094947017729282e-13,4.687095156441501e-11,0,6.821210263296962e-13
2025-11-26,S6,1199.9999999999984,1200.000000000001,89028.43945872926,87478.74146752672,82322.79852810974,239.85923457658424,1145.5191119397123,266.02638697990335,23123.396739122614,18729.951358689337,62752.10089165004,-484.8025824337674,62267.298309216276,1159.6731596934778,63426.97146890975,64728.01002271704,4.547473508864641e-13,1.1752376849472057e-11,0,2.5011104298755527e-12
2025-11-27,S6,1200.000000000001,1199.999999999999,85809.8746525587,85849.98239236357,81657.79247787896,306.7899381174867,1439.2193395909908,251.6261567772292,23646.548348920547,19153.704162625643,60469.77914572051,112.02176804592455,60581.800913766434,1412.3895088276777,61994.19042259411,62080.79078730005,9.094947017729282e-13,5.093170329928398e-11,0,1.8189894035458565e-12
2025-11-28,S6,1199.999999999999,1200.0000000000032,40510.18156822269,40510.181568222695,38798.252384953084,303.44378144223646,4239.646790973389,334.99805519542156,18977.961948560616,15372.149178334104,16952.65227817357,0.0,16952.65227817357,1110.56017449746,18063.21245267103,18063.21245267103,2.7284841053187847e-12,1.601918597771146e-11,0,4.092726157978177e-12
2025-11-29,S6,1200.0000000000032,1199.9999999999932,50183.25314811961,44350.72128579296,42065.73690328928,329.9232699458171,3067.6939917997433,578.5147880127172,20105.269965382475,16285.268671959811,21151.351534908295,-1258.2773110260132,19893.074223882282,729.6669715226303,20622.741195404913,23139.295817456936,8.185452315956354e-12,3.806732706834737e-12,0,1.000444171950221e-11
2025-11-30,S6,1199.9999999999932,1200.0000000000023,88236.03458830317,89033.22706659758,85670.67662866674,537.5240189913476,822.7161334799366,178.6983156328954,26115.568851992597,21153.61077011401,61879.18172523432,1727.869185120624,63607.05091035494,2639.534153685359,66246.5850640403,66562.12397666955,2.7284841053187847e-12,1.2676082405960187e-11,0,9.094947017729282e-12
2025-12-01,S6,1200.0000000000023,1200.0000000000005,90402.86202859739,88892.87533915142,86639.01732514515,4836.230869130979,670.1002462942394,117.57991906014297,23098.10681888641,18709.466523298,68897.33512802536,-351.4098196734558,68545.9253083519,22613.733146444945,91159.65845479685,93346.57373405705,9.094947017729282e-13,6.419753617592505e-12,0,1.8189894035458565e-12
2025-12-02,S6,1200.0000000000005,1200.0000000000016,99659.65855003454,97905.10769647302,94406.10980315736,1110.8921090870715,1205.1533111232468,492.6385696233002,27270.526744725794,22089.1266632279,76078.68382542659,-771.5134249203838,75307.1704005062,5204.914431235653,80512.08483174186,82060.89758248259,9.094947017729282e-13,5.5649707064731047e-11,0,1.1368683772161603e-12
2025-12-03,S6,1200.0000000000016,1200.0000000000032,92455.8438548409,96213.36889725822,92693.9173513665,349.1366466761582,790.395910436805,312.1126030266413,25146.29956796082,20368.50265004827,69116.12699521013,4827.368113362652,73943.49510857278,1598.9535551560691,75542.44866372885,75545.06386656818,3.637978807091713e-12,1.3172041235520737e-10,0,1.5916157281026244e-12
2025-12-04,S6,1200.0000000000032,1200.000000000001,100151.42803316013,96946.5176720695,92650.3762430907,398.503461782747,1250.5909693297879,179.991726219646,25510.990838547714,20663.902579223653,76039.49874511958,-1521.805874919315,74517.69287020026,2062.2195793275337,76579.9124495278,79623.52419936641,9.094947017729282e-13,1.3642420526593924e-11,0,2.2737367544323206e-12
2025-12-05,S6,1200.000000000001,1200.0,49426.51882712676,49531.57082707747,47485.92595024612,818.0077875028642,2484.3923328111578,409.66876204325416,21569.710313480173,17471.46535391894,22376.027479250537,91.08651694021319,22467.11399619075,2704.808241773205,25171.922237963954,25191.29775791962,1.8189894035458565e-12,5.211830966800335e-12,0,9.094947017729282e-13
2025-12-06,S6,1200.0,1199.9999999999995,56512.71608577564,54808.135942424444,50948.803530508965,266.4762293291596,2244.967527942898,1055.9568422421216,22366.97143677064,18117.24686378422,27251.046040882567,-477.528765732739,26773.51727514983,1034.4217514822906,27807.93902663212,28763.76612811089,4.547473508864641e-13,1.2802203741557605e-11,0,4.547473508864641e-13
2025-12-07,S6,1199.9999999999995,1200.000000000006,104576.86791597254,97569.25135948253,94471.64784485771,541.7873989872961,1779.8630223488892,217.52207029923716,28228.257374720244,22864.888473523413,80251.54717585158,-3228.499618441201,77023.04755741038,2792.0072090023527,79815.05476641272,86272.0540032951,2.7284841053187847e-12,1.9667822925839573e-11,0,6.366462912410498e-12
2025-12-08,S6,1200.000000000006,1199.9999999999975,106048.01373668863,105247.27593465707,95349.59563182699,40.97892243695685,2233.6150655367114,392.5744414471792,25879.862792702064,20962.688862088682,81679.68289307889,-414.99803630860697,81264.68485677028,282.25098207645595,81546.93583884674,82385.16807500206,7.275957614183426e-12,5.6985527407960035e-12,0,8.412825991399586e-12
2025-12-09,S6,1199.9999999999975,1200.0000000000048,99519.1407767316,97205.86117546723,92916.31866565332,763.1647592156314,1421.9527340225482,150.2084566309602,24836.147197625327,20117.279230076514,75131.6135715885,-924.8786786017008,74206.7348929868,4084.2347029398384,78290.96959592664,80193.95064365817,1.8189894035458565e-12,8.739675649849232e-12,0,7.275957614183426e-12
2025-12-10,S6,1200.0000000000048,1200.000000000002,95892.11428573035,97849.96634906933,94644.49796484361,392.1972454604505,1528.5317678557933,238.37624412965295,25695.624903431337,20813.456171779384,72679.32533206961,2643.28334222587,75322.60867429548,1586.263368482515,76908.87204277799,76919.88384078466,9.094947017729282e-13,9.72022462519817e-12,0,2.7284841053187847e-12
2025-12-11,S6,1200.000000000002,1200.0000000000007,99351.3953367082,97392.77506894521,92105.81644688161,362.248803347445,1448.351046818385,328.14246201982655,24896.405481004385,20166.08843961356,74155.54848144989,-679.6280724011303,73475.92040904876,1402.7784915430111,74878.69890059177,76896.50061638205,4.547473508864641e-13,3.461941844307148e-11,0,1.3642420526593924e-12
2025-12-12,S6,1200.0000000000007,1200.0000000000048,54110.26487760728,54667.74703100964,50959.7831781944,173.77886319555108,2688.9823101511784,704.6659040868658,21186.843914834644,17161.343571016063,25276.678449135023,428.502130105182,25705.180579240205,575.9246344694617,26281.105213709667,26305.52010800584,5.4569682106375694e-12,2.325739600905763e-11,0,4.092726157978177e-12
2025-12-13,S6,1200.0000000000048,1199.999999999996,55052.91350436091,55757.16784914795,51978.2678648203,149.56541630931162,3223.069849576653,724.2919889601352,23062.831890839632,18680.893831580106,26259.26645081056,1128.645469241801,27387.91192005236,577.2410145569731,27965.152934609334,28407.92400017625,1.8189894035458565e-12,3.8482994568767026e-11,0,8.86757334228605e-12
2025-12-14,S6,1199.999999999996,1200.0000000000025,95186.38727385883,97163.6047680243,93434.45529993641,524.1744360709852,275.00409629592315,120.56246238398523,25180.744091196935,20396.40271386951,72035.24297310138,2409.8832490141795,74445.12622211556,3158.146742092422,77603.27296420798,77630.3524741082,9.094947017729282e-13,2.091837814077735e-11,0,6.59383658785373e-12
2025-12-15,S6,1200.0000000000025,1200.0,96240.86619173171,98485.21635034494,94757.48606086464,411.42225269339644,737.6697681060991,178.8540047038332,25172.771442533627,20389.944868452247,72801.19166670041,3255.5781178425095,76056.76978454292,1960.1458673605116,78016.91565190343,78096.4871280065,9.094947017729282e-13,2.864908310584724e-11,0,2.5011104298755527e-12
2025-12-16,S6,1200.0,1200.0000000000014,99911.76804949957,99398.15447054723,95650.67435748721,198.44116255766755,1467.591012784082,198.42490990086128,25078.990863298197,20313.98259927155,76208.42887600814,-266.1278058529133,75942.30107015523,748.7109462418831,76691.01201639712,77223.26762810293,4.547473508864641e-13,4.001776687800884e-11,0,1.3642420526593924e-12
2025-12-17,S6,1200.0000000000014,1199.9999999999961,100976.3146163346,96110.20017049916,93122.73646202582,796.7885018402192,852.9062623603414,331.6426945034341,23911.20494913505,19368.0760087994,77521.91603449776,-2279.514894732609,75242.40113976515,3884.493472470717,79126.89461223586,83765.36344174267,5.4569682106375694e-12,5.4846793773322133e-11,0,5.229594535194337e-12
2025-12-18,S6,1199.9999999999961,1200.0000000000043,97594.14682090332,97670.20171914433,92879.1873755402,181.09251185068274,890.9472371654443,216.96804139898654,24137.356011367403,19551.258369207597,73597.96706738867,250.7811942880653,73848.74826167674,684.6544166667109,74533.40267834345,74634.54493092366,9.094947017729282e-13,5.848654893725325e-11,0,8.185452315956354e-12
2025-12-19,S6,1200.0000000000043,1200.0000000000032,54211.745930364865,55073.4163167185,51033.77021543095,279.35069996091187,3458.707578826381,786.8903970274016,21890.166523884596,17731.03488434652,25532.4033615907,638.2507333508183,26170.654094941518,1113.9532416716706,27284.60733661319,27294.56688103739,1.8189894035458565e-12,1.3073986337985843e-11,0,1.1368683772161603e-12
2025-12-20,S6,1200.0000000000032,1200.0000000000146,52706.052348961806,51830.00033477205,50116.280534127545,397.1657900747946,2719.391160545521,707.0708672691178,22266.48445467205,18035.852408284365,25027.50159351559,-268.85415362981803,24758.64743988577,1017.3946776353296,25776.0421175211,26319.319224493163,3.637978807091713e-12,1.2384759884298546e-11,0,1.1368683772161603e-11
2025-12-21,S6,1200.0000000000146,1200.0000000000023,100765.47744050756,98066.1159068814,94836.22310791022,805.0160395570916,1108.7565527265854,226.07042475927017,27729.63317534134,22461.0028720265,76268.31293681679,-1246.649413136969,75021.66352367982,3681.8617740229333,78703.52529770276,81375.97446566359,1.8189894035458565e-12,2.0257573396520456e-11,0,1.2278178473934531e-11
2025-12-22,S6,1200.0000000000023,1199.999999999998,96311.36535915433,96291.42743246783,93317.47356029805,875.7345862795413,568.9817992902927,96.75931463745474,24158.10499640266,19568.06504708616,73679.13684272268,-1.4399728935823077,73677.6968698291,4355.053227205371,78032.75009703447,78062.87645558143,1.8189894035458565e-12,1.2603251775544777e-12,0,4.320099833421409e-12
2025-12-23,S6,1199.999999999998,1200.0000000000043,99874.39301828883,96964.55124801204,92587.03400759597,272.65830602485346,732.7057138598299,199.4262742614552,24576.14627455878,19906.67848239261,75990.22263188112,-1295.8375984618324,74694.38503341928,1291.7510877505595,75986.13612116984,78903.7644984167,1.8189894035458565e-12,3.008970850260084e-11,0,6.366462912410498e-12
2025-12-24,S6,1200.0000000000043,1200.0000000000039,98339.30044658933,98381.87264499639,93837.0290184248,130.2700959373151,1282.5562175605808,131.4935003329415,24729.947788431156,20031.25770862924,74474.12697846981,67.35481293057092,74541.48179140038,505.944773728497,75047.42656512887,75048.28838356052,9.094947017729282e-12,3.40261152587118e-11,0,4.547473508864641e-13
2025-12-25,S6,1200.0000000000039,1200.0000000000066,96553.49250500169,95928.06540827108,92049.05065635042,691.9846667824349,298.84606015574485,162.61546430889757,23511.18560702592,19044.06034169099,72506.74208649334,-168.09634139732225,72338.64574509602,3384.207459066344,75722.85320416235,76495.06461515142,5.4569682106375694e-12,3.0606628342866316e-12,0,2.7284841053187847e-12
2025-12-26,S6,1200.0000000000066,1200.0000000000043,51322.950540287624,51332.12095683059,48978.273759599404,567.083434285456,1618.5325146671926,853.0622462479597,21400.736840191537,17334.59684055516,23827.87235829499,6.760891887915932,23834.633250182906,2497.7263598262257,26332.35961000913,26332.359610009127,9.094947017729282e-13,1.240962888005015e-11,0,2.2737367544323206e-12
2025-12-27,S6,1200.0000000000043,1200.0000000000039,44181.64683627937,44116.95350303904,43929.4217136634,4592.511774736521,822.8320769183673,177.14330796031766,22016.573878181935,17833.424841327367,19135.765247162824,124.77416542046194,19260.539412583286,15847.541044452257,35108.08045703554,35208.679919582384,9.094947017729282e-13,3.133493464702042e-12,0,4.547473508864641e-13
2025-12-28,S6,1200.0000000000039,1200.0,101246.46962647422,99783.52113173882,93653.44779717567,99.52554014071575,1472.908020499176,688.6692781039241,25169.164677438574,20387.023388725254,76669.16097194645,-716.5057218801812,75952.65525006627,457.3115104711129,76409.96676053738,77842.97820429775,9.094947017729282e-13,5.2379434123395185e-11,0,3.865352482534945e-12
2025-12-29,S6,1200.0,1199.9999999999975,101675.81826169799,102585.22585610797,94227.70560761746,42.22277948966621,1424.5778949187265,573.3456908550735,24990.72912982446,20242.49059515783,76552.33408438435,1266.8660782664083,77819.20016265076,246.6925203987198,78065.89268304947,78180.15372431482,2.7284841053187847e-12,2.05702122002549e-11,0,2.5011104298755527e-12
2025-12-30,S6,1199.9999999999975,1199.9999999999984,95990.49680048884,97514.94487354934,92594.43228430192,263.5021203174749,1408.5371763611652,497.86981624292275,24879.604273765184,20152.4794617498,71072.7093129913,2898.2999453605444,73971.00925835184,1086.6463231093235,75057.65558146116,75195.99185820372,1.8189894035458565e-12,4.126832209294662e-11,0,9.094947017729282e-13
2025-12-31,S6,1199.9999999999984,6000.000000000002,106634.3974014135,105384.56609786359,99563.30499962566,259.7882367704432,880.5361234473248,255.14146671961203,30110.487962609397,20069.495249713622,78929.67209071008,-504.3357875776419,78425.33630313244,979.6442339758504,79404.98053710829,80418.02094049215,9.094947017729282e-13,3.456079866737127e-11,0,0.0
