date,strategy,soc_initial_kwh,soc_final_kwh,zero_plan_kwh,final_plan_kwh,used_plan_kwh,emergency_kwh,curtail_kwh,spill_kwh,charge_kwh,discharge_kwh,plan_cost_yuan,adjustment_cost_yuan,market_cost_yuan,emergency_cost_yuan,total_cost_yuan,alternative_total_cost_yuan,max_solver_eq_residual,max_solver_ub_violation,simultaneous_charge_discharge_count,soft_terminal_deviation_kwh
2025-02-01,S12,6000.0,6000.000000000001,53989.05400358685,49844.9435012765,44657.34971334694,9.802292784443637,4731.591848863416,1348.6693280681848,22151.13103087599,17942.416135009567,23389.068776211054,-1068.3133672278527,22320.7554089832,39.84141902237116,22360.59682800557,24497.22356246127,9.094947017729282e-13,4.575895218295045e-12,0,9.094947017729282e-13
2025-02-02,S12,6000.000000000001,6000.000000000001,133229.7479265885,132873.41256012756,90587.45858718324,3.545119884901851,5823.139973529021,1224.1631000000002,27302.22465020576,22114.801966666662,103564.93863353497,-117.48054137159488,103447.45809216338,7.857758224884953,103455.31585038826,103690.27693313146,2.2737367544323206e-13,1.546140993013978e-11,0,0.0
2025-02-03,S12,6000.000000000001,6000.000000000001,136091.9189685234,134361.5076420789,92325.04102222224,0.0,5933.861315333333,1136.8737500000007,26512.576088888884,21475.186631999994,107419.79403362416,-777.2253837572498,106642.56864986691,0.0,106642.56864986691,108197.01941738145,2.2737367544323206e-13,2.9103830456733704e-11,0,0.0
2025-02-04,S12,6000.000000000001,6000.000000000003,99679.90295022118,93822.26418238474,87707.37550448235,200.96165578839555,1436.0307231057054,461.24032865759034,25348.432413197024,20532.230254689606,73199.54457949402,-2762.2259728609206,70437.3186066331,665.5079714547032,71102.8265780878,76627.27852380965,1.8189894035458565e-12,2.9103830456733704e-10,0,1.8189894035458565e-12
2025-02-05,S12,6000.000000000003,5969.944076334776,91046.3886283325,89072.94652018232,85828.44302000821,778.40714011866,917.6834054213031,185.47963994108545,25170.055066999204,20414.794935568072,64809.7729369701,-858.6208638105018,63951.152073159596,3359.0901573630827,67310.24223052268,69027.48395814368,9.094947017729282e-13,4.001776687800884e-11,0,30.055923665227056
2025-02-06,S12,5969.944076334776,5969.944076334775,97006.39342678584,91060.03469345078,86368.54555631644,162.27579334800174,1135.4164016063687,416.67357164284465,24777.232419729247,20069.558259980702,70150.44205583629,-2717.617934953232,67432.82412088306,674.7114979918885,68107.53561887494,73542.7714887814,2.2737367544323206e-12,3.593925157474587e-11,0,9.094947017729282e-13
2025-02-07,S12,5969.944076334775,5968.548375323615,49421.11504009334,45471.16918321307,41647.098117706584,37.05208613242041,5193.414960674213,719.7682559019559,20876.544481611647,16911.257161015485,20889.135014887463,-849.9143209281028,20039.22069395936,136.08055800097924,20175.30125196034,21877.38429209155,6.821210263296962e-13,3.603162213039468e-11,0,1.395701011159872
2025-02-08,S12,5968.548375323615,5968.548375323616,37669.05137699044,38162.291748066484,36866.672172735794,856.8493283296974,1627.2051090850373,458.203920081773,21373.419764379058,17312.47000914705,15590.071576227238,498.5989993428757,16088.670575570113,2947.6815197343835,19036.352095304497,19036.352095304494,9.094947017729282e-13,9.030998171510873e-12,0,9.094947017729282e-13
2025-02-09,S12,5968.548375323616,5968.548375323616,91308.9306563047,91169.41297725365,86170.69748979519,183.20492865248548,2105.998189514952,119.77376162430778,24066.91842443038,19494.203923788613,64855.92025770317,-42.4675740071616,64813.45268369601,799.118043724734,65612.57072742074,65697.50587543508,2.2737367544323206e-13,3.1675995160185266e-11,0,0.0
2025-02-10,S12,5968.548375323616,5955.47163735333,87809.26820045499,86156.55488910213,81784.34724563497,145.1537684311077,2770.254063702314,330.92545459540463,23755.015666359446,19253.3317539244,60408.38758457737,-712.4045156285501,59695.98306894882,551.994300581646,60247.97736953047,61674.21510857685,9.094947017729282e-13,1.717292974490192e-11,0,13.076737970285649
2025-02-11,S12,5955.47163735333,5955.471637353331,88689.63393136488,83388.89402695565,80499.14997873732,368.968773020984,994.099274735152,162.58008714673906,23636.01187654241,19145.169619999353,61591.46184519484,-2350.256659430459,59241.20518576438,1816.8743466967426,61058.079532461124,65969.04482478095,1.8189894035458565e-12,5.4569682106375694e-11,0,9.094947017729282e-13
2025-02-12,S12,5955.471637353331,5955.471637353332,87938.35836949137,85157.91504889193,80755.93776990395,546.0434322804861,1414.2035647216087,241.8224544132903,23048.521314295827,18669.30226457961,60757.991065327435,-1198.2436864964257,59559.74737883101,2571.3744745610697,62131.12185339208,64550.72652552068,9.094947017729282e-13,2.5430324512853986e-11,0,9.094947017729282e-13
2025-02-13,S12,5955.471637353332,5939.473895824003,84540.6873738099,82674.34519629565,78367.9982894574,417.80194226798335,2758.75670512853,291.3758910300112,23266.24519092924,18860.056572029076,56868.3258905245,-697.7266156109035,56170.5992749136,1513.9386767456438,57684.537951659244,59079.99118288107,1.8189894035458565e-12,1.4551915228366852e-11,0,15.997741529328778
2025-02-14,S12,5939.473895824003,5939.473895824003,41439.66302885905,41471.264187993234,39558.6128997076,297.0850503546842,5872.2060908365365,332.2387663439354,20260.26987481653,16410.818598601396,16861.108168627932,172.82457084561975,17033.932739473552,888.2023739589836,17922.135113432534,17975.886567435526,9.094947017729282e-13,1.1439738045737613e-11,0,0.0
2025-02-15,S12,5939.473895824003,5939.473895824001,42026.367216814535,39991.84866675992,38199.878894764086,505.072783441614,4555.807225787086,558.7304780813961,22685.90986493266,18375.586990595453,18030.081935000795,-422.88382292339156,17607.198112077403,1964.7724212831936,19571.970533360596,20427.436008485012,5.6843418860808015e-12,7.366551812992839e-12,0,1.8189894035458565e-12
2025-02-16,S12,5939.473895824001,5939.473895824001,89550.19472471472,83933.74780453862,80287.8750437582,920.1527078125561,1010.670166881749,160.59766433814696,24523.056949215148,19863.67612886427,61925.88527259468,-2316.1439624757477,59609.74131011893,3884.7019033268753,63494.443213445804,68126.7311383973,1.8189894035458565e-12,9.094947017729282e-13,0,0.0
2025-02-17,S12,5939.473895824001,5939.4738958240005,90932.3749621218,86287.77072641776,78562.38927258548,183.16031801482342,3108.0328687193555,181.6469806842025,22484.245129105682,18212.238554575608,62279.13152854137,-1727.283625665761,60551.84790287561,699.6363431101809,61251.48424598579,64706.051497317305,5.343281372915953e-12,1.3216094885137863e-11,0,9.094947017729282e-13
2025-02-18,S12,5939.4738958240005,5885.36197893943,80130.25839642549,80419.97230704912,77060.26403180961,547.1193161188847,1083.8075504988292,182.91011042077764,22620.940151956056,18371.662248280525,53391.69147938121,290.60445115176844,53682.29593053298,2248.2937009048896,55930.58963143787,55931.51688917166,9.094947017729282e-13,1.8882229113614812e-11,0,54.111916884570746
2025-02-19,S12,5885.36197893943,5885.361978939432,81260.05307067482,81526.26629694413,78355.83900953349,405.35266609552156,1354.5784982482478,94.14756004327194,23332.306494758595,18899.168260754468,54239.60376778547,325.6955996437464,54565.299367429216,1751.0890315480042,56316.38839897722,56356.8647930783,1.8189894035458565e-12,1.864464138634503e-11,0,2.7284841053187847e-12
2025-02-20,S12,5885.361978939432,5873.404842733743,84061.40680442157,82463.84045596476,77497.81555472394,181.07461443630768,2050.78147380405,236.04973617369683,23208.877097022585,18809.95187117342,56488.38175579153,-609.0190143855289,55879.362741406,900.3105295493776,56779.67327095538,58124.76571599481,1.8189894035458565e-12,6.80593359447812e-11,0,11.957136205689494
2025-02-21,S12,5873.404842733743,5807.337718071821,38736.30315394326,38730.60822670318,37116.711927800796,127.82541617286347,7258.021678930149,780.3742264734038,19501.788512802705,15855.909107565918,16249.786723479385,44.77215001790864,16294.558873497293,360.29534990034875,16654.85422339764,16702.344479626,9.094947017729282e-13,1.588773557159584e-11,0,66.06712466192221
2025-02-22,S12,5807.337718071821,5807.337718071822,39021.607943640105,38349.43725113334,36168.649295872645,273.2896797177689,4113.4772179009615,552.1131176223079,20692.556614388377,16760.970857654585,16445.827244994514,97.45057858483051,16543.277823579345,829.6719769724822,17372.949800551825,17715.34010791049,3.069544618483633e-12,5.002220859751105e-12,0,9.094947017729282e-13
2025-02-23,S12,5807.337718071822,5739.285601134023,83084.4100177033,79204.1582986413,76308.98443419443,586.9443731057665,1127.341905366944,184.0718751069537,21652.148677563142,17599.48733407017,55752.21321983298,-1527.4418117171372,54224.77140811584,2325.150065525939,56549.92147364178,59703.24412150025,9.094947017729282e-13,1.8383516930953192e-11,0,68.05211693779893
2025-02-24,S12,5739.285601134023,5739.285601134026,78768.2477283485,77862.0679905305,74457.34371238408,635.656192042746,2266.0135610066695,288.9068342814005,22816.031013010903,18480.98512053883,52643.56281702843,-401.20981917304744,52242.352997855385,2450.150432570278,54692.50343042566,55494.923068771786,3.637978807091713e-12,2.1451285192597425e-11,0,3.637978807091713e-12
2025-02-25,S12,5739.285601134026,5739.285601134028,81230.03662321626,78179.96852194757,73503.24315640834,255.38273311065666,3392.6303881870326,185.92969242642323,22940.75039774841,18582.0078221762,53101.39286087617,-1107.5629182896664,51993.829942586504,920.7506945650806,52914.58063715159,55129.706473730934,4.547473508864641e-13,4.092726157978177e-12,0,1.8189894035458565e-12
2025-02-26,S12,5739.285601134028,5739.28560113403,75921.6593533759,77174.82200110311,74345.03019969082,334.2547888490772,1400.2641296126587,165.06428076334396,22626.88707805556,18327.77853322501,49474.93202427411,1449.9051255748564,50924.837149848965,1688.079475487701,52612.916625336664,52612.916625336664,9.094947017729282e-13,3.944222726204316e-11,0,1.8189894035458565e-12
2025-02-27,S12,5739.28560113403,5739.285601134029,76508.56205692398,76904.76680579949,72528.05117317587,179.3398098470877,1216.1452841165315,127.32124549212222,23196.52764954898,18789.187396134672,48856.79806159012,600.9219096080051,49457.71997119812,941.1776051698546,50398.89757636798,50453.24552096231,1.8189894035458565e-12,1.0913936421275139e-11,0,9.094947017729282e-13
2025-02-28,S12,5739.285601134029,5739.285601134029,35544.56865691207,35518.251808860805,33832.40340605974,283.5671469956457,6903.042341712233,517.2734938921167,17910.848249742383,14507.787082291328,14670.89665711634,-3.6685686183427606,14667.228088497997,864.966197032873,15532.19428553087,15539.531422767559,9.094947017729282e-13,3.637978807091713e-12,0,0.0
2025-03-01,S12,5739.285601134029,5735.329244918446,42861.39933197205,40305.17984765088,36852.79224370069,92.07232886411066,8984.868188056449,709.589367223048,18922.11476076837,15330.473676816402,17262.4525318137,-395.13659735956753,16867.31593445413,364.44873544184287,17231.764669895972,18197.556742195586,1.8189894035458565e-12,4.888534022029489e-12,0,3.956356215582673
2025-03-02,S12,5735.329244918446,5735.329244918446,82614.26868614947,80172.26006252163,77019.90886192664,1010.2987265951439,824.412765615826,157.18382557745997,24685.810161378125,19995.50623071628,54895.27612071492,-1081.4585836257465,53813.81753708918,5039.437825307881,58853.25536239706,61016.17252964855,1.1368683772161603e-11,7.44648787076585e-12,0,0.0
2025-03-03,S12,5735.329244918446,5679.645038246571,84899.69021032954,82798.77223954188,77955.7666575977,314.86096571375094,1716.402018119184,190.6757915457663,23139.573506936085,18793.17032662291,56787.81493547967,-50.61343503074022,56737.20150044893,1188.5028347543741,57925.70433520331,60272.30090268978,9.094947017729282e-13,1.977795704988239e-11,0,55.68420667187547
2025-03-04,S12,5679.645038246571,5647.140374237055,75071.16811795758,76117.6049312863,73732.52483188322,1067.550661848468,993.2772831417267,304.53486560478905,22800.31373294938,18497.508321297562,49001.744533184465,1201.3012675354767,50203.04580071994,3646.0122261370293,53849.05802685697,53849.05802685697,5.4569682106375694e-12,1.546140993013978e-11,0,32.50466400951609
2025-03-05,S12,5647.140374237055,5647.140374237051,77811.80346162916,75540.83571226931,72202.57263644443,438.1047609223929,1883.5375073133075,233.1826423505231,23123.606479138693,18730.12124810234,49904.7017576401,-872.9936012719336,49031.708156368164,1558.5323083603105,50590.24046472847,52336.227667272346,2.7284841053187847e-12,2.2017943024366105e-11,0,3.637978807091713e-12
2025-03-06,S12,5647.140374237051,5635.798692422185,74018.37436981649,73826.61083683782,71413.13360234081,664.3515527902787,1259.2809038410162,323.8759065211174,24020.430131942103,19466.75592050649,47265.67014571611,-62.47011414395092,47203.20003157216,2924.1426144845277,50127.342646056684,50283.494178949746,9.094947017729282e-13,5.684341886080801e-13,0,11.341681814866206
2025-03-07,S12,5635.798692422185,5635.798692422186,37208.725928824744,35770.98311030305,33917.65539834706,222.60084876132572,9110.422154114054,814.8622330246342,17329.928034928238,14037.241708291876,15459.403506807903,-419.9395165913611,15039.463990216542,560.2429504301273,15599.706940646669,16439.58597382939,1.8189894035458565e-12,8.107292615022743e-12,0,9.094947017729282e-13
2025-03-08,S12,5635.798692422186,5635.798692422186,31548.42545862317,31816.335955753046,30731.84467664118,1281.3331088131483,9412.705007485725,408.1705391111379,16469.277485214723,13340.11476302393,13073.211180069195,258.9657760577975,13332.176956126992,3947.1630503720858,17279.34000649908,17283.97415087073,1.5347723092418164e-12,3.467004461299439e-12,0,0.0
2025-03-09,S12,5635.798692422186,5635.798692422191,77660.03908569185,73503.6148212877,69530.925425472,880.8775990542254,2107.771844454563,338.8825544900236,24376.966187271628,19745.34261169001,48890.11728272161,-1200.9012346315067,47689.2160480901,4250.110752599978,51939.326800690076,54341.12926995308,1.8189894035458565e-12,1.0671463712697005e-11,0,5.4569682106375694e-12
2025-03-10,S12,5635.798692422191,5635.7986924221905,74355.4436521484,74364.36384332234,72328.8831477674,1351.234373294251,1232.8007767025965,232.79175000899738,21960.28181236872,17787.82826801866,48286.021848454184,42.78567678711261,48328.8075252413,6251.85444608656,54580.661971327856,54662.75582686845,1.3642420526593924e-12,2.3443913477194656e-11,0,9.094947017729282e-13
2025-03-11,S12,5635.7986924221905,5625.787899732538,67008.16405585421,68522.39885860312,66020.9996880817,3002.511294715099,505.22695957043993,391.9851722863525,22086.261917687916,17898.8818667479,42307.209861672374,1245.8319477292243,43553.0418094016,12464.02654325361,56017.06835265521,56022.11674346555,1.8189894035458565e-12,2.994848813386852e-11,0,10.01079268965259
2025-03-12,S12,5625.787899732538,5625.78789973254,74726.29839672783,72852.03592261462,68765.59239651069,348.6579331584883,2255.829488801393,218.1408852893577,22130.23827497416,17925.49300272908,47034.47650349737,-662.2633253170134,46372.213178180355,1193.3583111803675,47565.57148936072,48890.09813999474,9.094947017729282e-13,5.4569682106375694e-12,0,1.8189894035458565e-12
2025-03-13,S12,5625.78789973254,5622.597988515137,77296.87765721037,78345.69493063694,74591.08194033525,448.6137132497139,2899.5701963313227,156.40334060288296,23373.552737261976,18935.448637277867,50097.125200647366,1274.4703696453362,51371.5955702927,1910.0539635357834,53281.64953382849,53386.71080185381,1.8189894035458565e-12,7.275957614183426e-12,0,3.1899112174023685
2025-03-14,S12,5622.597988515137,5622.597988515138,33479.39552023445,33468.78151402734,31230.228000953077,91.07610758811171,11701.549605616035,431.1753434438,16627.12197972637,13467.968803578355,13649.166314267895,42.23893695923107,13691.405251227126,252.90117056325056,13944.306421790377,14028.161752409864,1.0800249583553523e-12,2.8279600883251987e-12,0,9.094947017729282e-13
2025-03-15,S12,5622.597988515138,5622.597988515139,32322.254988840734,32404.617125969133,31071.10350137448,426.47929155834333,7063.476669711135,309.35156779445424,16845.417923301226,13644.788517874,13337.982316865755,142.06641746302557,13480.04873432878,1223.9977311361506,14704.046465464931,14797.129266336413,2.1032064978498966e-12,8.745004720367433e-12,0,9.094947017729282e-13
2025-03-16,S12,5622.597988515139,5598.660231072879,72973.038694185,71636.67964043979,68461.12763086527,1042.69268960117,1349.1589185990242,350.2304051740946,23552.25286872626,19098.868805366306,46297.60493126992,-520.8193005584326,45776.785630711485,4618.872296556092,50395.65792726757,51474.914523735686,2.2737367544323206e-13,8.185452315956354e-12,0,23.93775744226059
2025-03-17,S12,5598.660231072879,5598.660231072872,70254.83314663092,68782.68710255588,64096.52175033568,496.21408446471094,2456.016962123814,280.8793058098579,21040.56912386002,17042.860990326626,42382.62983326043,30.637547094396723,42413.267380354824,2479.303200787583,44892.570581142405,46000.874468089794,4.547473508864641e-12,1.1521450460350025e-11,0,6.366462912410498e-12
2025-03-18,S12,5598.660231072872,5598.660231072872,78712.77433319733,75856.02342940423,69801.05122323014,144.73213548329318,4235.594328122482,231.94105453707084,22906.787417827505,18554.49780844027,49794.9517620298,-945.4195606368885,48849.53220139291,423.3077632792054,49272.839964672115,51163.67908594589,2.1600499167107046e-12,2.0111912135689636e-11,0,0.0
2025-03-19,S12,5598.660231072872,5598.6602310728695,66685.8939194729,68508.536115691,65413.05861812275,482.75758251042464,1845.362686785774,317.7855121318229,22458.934482713546,18191.736930997966,41153.696831300185,1626.3540580526533,42780.05088935284,1672.837641352098,44452.888530704935,44454.74532218584,3.637978807091713e-12,2.1678125960988837e-10,0,2.7284841053187847e-12
2025-03-20,S12,5598.6602310728695,5598.6602310728695,73322.95642707217,68164.54497931557,65835.04933438162,1443.3033627883126,557.7417640553546,347.24599557345755,21917.91116249713,17753.50804162267,46201.86280684088,-1838.4304847720705,44363.43232206881,5933.40724247863,50296.83956454744,53973.70053409159,4.547473508864641e-13,1.1823431123048067e-11,0,0.0
2025-03-21,S12,5598.6602310728695,5598.660231072873,30900.579333360278,30795.74711021666,29459.422975513527,479.09394782877865,14527.458601822966,414.8547452345443,15593.36347167438,12630.624412056242,12413.661391649668,-30.237621687387218,12383.42376996228,1143.5439077579165,13526.967677720197,13587.442921094971,1.8189894035458565e-12,2.6924034158389623e-12,0,3.637978807091713e-12
2025-03-22,S12,5598.660231072873,5598.660231072875,33381.98437866295,33095.058327445106,31308.188716266173,87.07511070669773,11008.08713180044,803.3265061529496,19487.63397729548,15784.983521609336,13754.692027407911,-62.23260635548104,13692.45942105243,148.81600159156156,13841.275422643992,14047.332236883325,1.0345502232667059e-11,5.4569682106375694e-12,0,1.8189894035458565e-12
2025-03-23,S12,5598.660231072875,5598.660231072879,74743.49740474904,70819.30781706552,67032.22319373068,259.4277084908389,3737.617160297783,227.24470953710522,23984.573240631395,19427.50432491144,46248.28707594762,-1345.4745427467715,44902.81253320085,926.8035775752057,45829.616110776056,48520.5651962696,1.8189894035458565e-12,6.366462912410498e-12,0,3.637978807091713e-12
2025-03-24,S12,5598.660231072879,5598.6602310728795,69537.67403025215,68709.9010448908,65259.9041648174,231.1285701319042,2956.5943335362654,349.23967505626376,22035.271805386557,17848.570162363114,42655.98847656421,284.1863621695011,42940.174838733714,753.9064242895807,43694.0812630233,44392.86277518166,4.547473508864641e-13,1.8395063250409294e-11,0,9.094947017729282e-13
2025-03-25,S12,5598.6602310728795,5547.550885641789,76903.92083981942,71039.38606485263,67312.06990338763,478.3564918281676,2488.090881944253,139.4799604037928,22414.364458363452,18201.633622162364,47739.93838688894,-1969.6812086278296,45770.25717826111,1570.5664406531255,47340.82361891424,51280.186036169915,1.8189894035458565e-12,1.432809426660242e-11,0,51.10934543109033
2025-03-26,S12,5547.550885641789,5509.26083722612,67990.55011664965,64028.762950246564,61408.67121565091,488.0594163228227,1903.9283524822984,329.6337301112203,21605.656454145537,17535.042771431985,41472.95282140693,-1177.7897162885201,40295.16310511841,1978.331694866402,42273.49479998481,44629.074232561834,9.094947017729282e-13,2.7000623958883807e-12,0,38.290048415668934
2025-03-27,S12,5509.26083722612,5509.260837226122,72422.48114146563,69904.75568901649,66351.27408784689,382.09592779624154,3545.674379467649,269.16152502464786,22113.393216583263,17911.848505432445,44473.472645125745,-797.4818882400868,43675.99075688566,1234.0809618967808,44910.07171878244,46552.16517004071,3.637978807091713e-12,1.6679990721968352e-11,0,1.8189894035458565e-12
2025-03-28,S12,5509.260837226122,5509.260837226125,32308.640620608712,32267.13436997701,30581.67588764852,138.76751751359177,16173.79390057089,542.1440453904938,16750.65627649508,13568.031583961018,12829.078464156679,-10.044622869385421,12819.033841287293,369.42735994156334,13188.461201228856,13217.34821480677,3.637978807091713e-12,2.5021762439791928e-11,0,2.7284841053187847e-12
2025-03-29,S12,5509.260837226125,5509.2608372261275,31478.204907099036,31785.809151743117,30510.30288436175,177.5691074928099,18813.50107967111,576.4502752756403,18898.48133460254,15307.769881028065,12432.176196774613,305.2937740044654,12737.469970779079,684.3464190205179,13421.816389799596,13435.516448554366,3.296918293926865e-12,2.3305801732931286e-12,0,2.7284841053187847e-12
2025-03-30,S12,5509.2608372261275,5509.260837226128,68028.58100142414,65935.60939020812,61870.06917963162,1044.618710541863,2881.5666774507076,326.0611459680391,22954.949298709107,18593.50893195438,40442.60448229272,-559.9468040616412,39882.65767823108,4171.75014965822,44054.4078278893,45223.84585702326,9.094947017729282e-13,3.3706371027619753e-12,0,9.094947017729282e-13
2025-03-31,S12,5509.260837226128,5509.2608372261275,63252.21230340131,64854.11852383662,62577.36631115645,847.2508054131592,2036.1887205076189,289.2753181134407,21830.334708501196,17682.571113885962,38171.25496005557,1431.6640339798541,39602.918994035426,2909.826496341294,42512.74549037672,42512.74549037672,1.8189894035458565e-12,1.511502034645673e-11,0,9.094947017729282e-13
2025-04-01,S12,5509.2608372261275,5509.2608372261275,76106.07537350564,74266.66807922976,69715.82928597195,426.09062936641476,5391.880977913612,171.35986269016803,22999.09241088389,18629.26485281595,47396.238983324154,-465.51524257150595,46930.72374075265,1621.0366467096073,48551.76038746226,49758.67220301605,9.094947017729282e-13,1.2732925824820995e-11,0,0.0
2025-04-02,S12,5509.2608372261275,5509.2608372261275,72298.5022648038,72442.87619661789,69008.66102189392,378.4115529679911,4394.629087841068,105.24948953204068,23430.83472362521,18978.97612613642,44375.542957491176,296.38184567800636,44671.92480316918,1714.141497570462,46386.06630073964,46489.27714469506,4.547473508864641e-13,2.0885515539248445e-11,0,0.0
2025-04-03,S12,5509.2608372261275,5509.260837226128,72033.12014582509,68775.51440285658,64844.027188493776,196.60313633693312,4696.689897096524,151.3428125908822,22784.5649919823,18455.497643505667,44369.18531080759,-1053.3508572273931,43315.834453580195,691.4154844136228,44007.249937993816,46113.95165244859,9.094947017729282e-13,2.7284841053187847e-12,0,9.094947017729282e-13
2025-04-04,S12,5509.260837226128,5509.260837226129,30138.709477399178,30138.70947739918,28384.786172200133,139.57237052629125,18835.12016923806,314.95057196724446,15492.029218532238,12548.543667011108,11641.645305747526,0.0,11641.645305747526,517.5209550961107,12159.166260843636,12159.166260843636,9.094947017729282e-13,3.964828465541359e-12,0,9.094947017729282e-13
2025-04-05,S12,5509.260837226129,5509.260837226131,29400.851465997905,29434.246947173953,28534.62794706809,738.8320663543539,13926.628647135249,229.02133891320227,16177.342337056149,13103.647293015478,11535.880840961236,28.68406577967835,11564.564906740914,2301.0623203893415,13865.627227130255,13865.627227130255,1.8189894035458565e-12,1.907363156306019e-12,0,1.8189894035458565e-12
2025-04-06,S12,5509.260837226131,5509.260837226134,66892.76541003682,65742.66601665376,62366.61988874984,251.10927044057217,3853.4600725074406,161.96438646329625,22064.360176594804,17872.13174304179,40136.50573036469,325.32556306626793,40461.83129343096,1013.3285519275775,41475.15984535853,42263.47064416421,1.3642420526593924e-12,1.3147927191425879e-11,0,2.7284841053187847e-12
2025-04-07,S12,5509.260837226134,5509.260837226134,60780.14327060412,63156.80018274709,61120.686605940085,434.7516480217043,3998.7679896392615,211.56518808205328,21591.504173195568,17489.11838028842,36236.68122718091,2336.01762415305,38572.69885133396,1490.4688341965143,40063.167685530476,40063.167685530476,4.547473508864641e-13,1.1752376849472057e-11,0,0.0
2025-04-08,S12,5509.260837226134,5500.005454851821,68586.9336565801,64662.63168288913,61634.98376729182,365.65028742354053,3425.87516672664,101.01063649738103,21730.970941902982,17610.416307078303,40948.563173118135,-973.1200761951914,39975.44309692294,1642.3383284752838,41617.78142539823,43797.19543039311,1.8189894035458565e-12,7.73070496506989e-12,0,9.25538237431283
2025-04-09,S12,5500.005454851821,5500.005454851825,67489.37477801653,66174.10436933958,63872.789520352344,1526.1430691121614,1941.6665813574336,140.09954295608156,22015.028676233444,17832.17322774909,40994.87160289928,-486.92909815745224,40507.942504741826,4893.637392570437,45401.579897312266,46406.03324671459,2.2737367544323206e-12,6.185274514791672e-11,0,3.637978807091713e-12
2025-04-10,S12,5500.005454851825,5500.005454851821,65652.82061938298,64181.28039811374,61192.04591434049,368.99454640633195,2839.758061196466,152.3298280463864,21622.708797389303,17514.394125885334,39787.640379782606,-640.9009285460997,39146.739451236506,1616.6175940238893,40763.357045260396,42059.28309771592,3.637978807091713e-12,2.190958525716269e-11,0,3.637978807091713e-12
2025-04-11,S12,5500.005454851821,5500.00545485182,27993.126723174,27989.917595485258,27085.694000827272,736.9662308679541,19226.188487266652,337.7740340933762,15484.460756150092,12542.413212481573,10882.540748129813,-1.0185771284068323,10881.522171001407,2218.603708174927,13100.125879176334,13102.163033433146,1.8189894035458565e-12,3.746336574295128e-12,0,9.094947017729282e-13
2025-04-12,S12,5500.00545485182,5500.00545485182,30087.574037318413,29468.361116915352,28025.5050871734,172.73107688078278,15361.56894369057,474.4953754381387,17563.217341713033,14226.20604678756,11796.724024600717,-177.03221932586712,11619.69180527485,447.7662381215774,12067.458043396427,12421.522482048165,3.751665644813329e-12,3.637978807091713e-12,0,0.0
2025-04-13,S12,5500.00545485182,5469.369554467582,64993.33683828644,64392.5300392981,61199.299882761996,276.70972831494936,2846.9209183444204,298.61195796173183,21482.581904122377,17428.463652684943,38929.258679051345,-123.4502260581794,38805.808452993166,1127.830376598933,39933.6388295921,40190.784928497356,3.637978807091713e-12,1.4551915228366852e-11,0,30.635900384238084
2025-04-14,S12,5469.369554467582,5469.369554467583,66034.12099956906,61174.96001225651,59719.14515872564,767.2828164514965,3736.5966039065156,159.15098248361915,21382.36099361571,17319.712404828726,39671.5011039567,-1671.3439211973528,38000.15718275935,2820.6088964703004,40820.76607922965,44163.453921624365,1.8189894035458565e-12,3.587885544220626e-11,0,9.094947017729282e-13
2025-04-15,S12,5469.369554467583,5469.369554467585,60978.07359206135,61163.783967450465,58499.273059128405,513.6882178441106,4681.9181103981755,58.12264301178743,21755.219422259073,17621.727732029853,35270.37521497698,528.7828362676446,35799.15805124462,2480.6992274141962,38279.85727865882,38405.14618906615,1.8189894035458565e-12,1.0231815394945443e-11,0,1.8189894035458565e-12
2025-04-16,S12,5469.369554467585,5469.369554467587,64310.47868144728,65551.43501703288,63156.33307802486,365.49221879628305,3452.7897443281886,124.77653325802044,21919.300364394294,17754.633295159383,38108.55794352087,1606.2283312265936,39714.786274747465,1377.061256353954,41091.84753110142,41166.34463786218,1.8189894035458565e-12,3.672440129776078e-11,0,1.8189894035458565e-12
2025-04-17,S12,5469.369554467587,5441.409520578316,59848.50668820125,59570.27103571758,57181.86603107469,719.183571459427,1051.3106069134337,107.55091344391963,20521.104014090153,16647.258281913375,35745.321635915505,-116.76688020699657,35628.55475570851,2916.9966464848762,38545.551402193385,38780.01099148555,2.7284841053187847e-12,1.7838175381257315e-11,0,27.960033889270562
2025-04-18,S12,5441.409520578316,5441.409520578314,28490.77046305437,28456.03072715883,26978.79237248095,221.78148217261955,17570.829743011443,348.01850883509763,15408.46536565099,12480.856946177308,10995.008259096016,-9.177167923618981,10985.831091172397,651.2025381571506,11637.033629329548,11655.387965176787,1.8189894035458565e-12,7.002398660915787e-12,0,1.8189894035458565e-12
2025-04-19,S12,5441.409520578314,5441.409520578315,27875.070771548177,28220.40155654092,26834.81153245902,273.13993071557763,16986.864741444468,364.7903127341255,15640.090310505284,12668.473151509272,10753.674333338633,314.98972047171446,11068.664053810347,675.3285271351411,11743.992580945489,11754.80918156082,1.2505552149377763e-12,2.4655832930875476e-12,0,9.094947017729282e-13
2025-04-20,S12,5441.409520578315,5414.026828569185,59640.04939938577,61103.82518796192,58561.50502472017,696.1789091417799,3128.152690014149,240.30982517803704,20821.689253392975,16890.212718056526,35480.62058084474,1346.2476517424293,36826.86823258717,2298.1093621743457,39124.97759476151,39133.07894328257,9.094947017729282e-13,9.094947017729282e-12,0,27.38269200912964
2025-04-21,S12,5414.026828569185,5414.026828569187,62003.685524990986,58125.912676405904,56178.17988123043,530.2137049427279,4187.818728522147,222.39326159649465,19901.4274353747,16120.156222653506,35963.362756703165,-984.1001759919309,34979.262580711234,1976.872349495314,36956.13493020655,38924.335282190405,9.094947017729282e-13,7.275957614183426e-12,0,1.8189894035458565e-12
2025-04-22,S12,5414.026828569187,5413.353734273613,59198.61744845783,60214.9663551173,58570.878348377286,995.8423711002932,3184.5296431590637,117.8716179077503,21642.083824263722,17530.69368251964,35049.090665616764,1013.9867354920643,36063.07740110883,3859.8591379010813,39922.93653900991,39922.93653900991,2.0463630789890885e-12,3.40598660386604e-11,0,0.6730942955746286
2025-04-23,S12,5413.353734273613,5413.3537342736145,56597.61386200452,58372.50807753762,57062.67244273195,815.7326769178393,2282.5110458071063,226.93044514923758,20889.720589614604,16920.673677587834,33535.60937340211,1666.0986498711209,35201.70802327323,2713.0693868200146,37914.77741009325,37916.52070459566,1.8189894035458565e-12,5.5848659030743875e-12,0,1.8189894035458565e-12
2025-04-24,S12,5413.3537342736145,5413.353734273616,58854.08522913615,59456.887858390444,56197.12471902128,260.7438899421615,5171.91243184236,135.5553820646602,21369.96892134956,17309.67482629315,34325.555234581756,755.8534274235135,35081.40866200527,1145.773416825202,36227.18207883047,36227.18207883047,1.3642420526593924e-12,1.3578471680375515e-11,0,1.8189894035458565e-12
2025-04-25,S12,5413.353734273616,5413.353734273617,27918.566937998366,27388.522487547707,25846.981392050966,162.76906238956394,20749.078532886197,343.1034829921098,15353.740992432775,12436.530203870541,10608.502246180486,-157.11256714620868,10451.389679034277,576.9488979776276,11028.338577011904,11342.56371130432,9.094947017729282e-13,5.4569682106375694e-12,0,9.094947017729282e-13
2025-04-26,S12,5413.353734273617,5413.35373427361,27735.027579194895,27787.62226228967,26474.657568381328,276.59090979432216,23234.553256969906,386.4264813440226,16105.658455412611,13045.583348884216,10815.025182770469,48.947427355964464,10863.972610126433,858.1101381695677,11722.082748296001,11722.959125779194,3.240074875066057e-12,3.865352482534945e-12,0,7.275957614183426e-12
2025-04-27,S12,5413.35373427361,5399.319208299669,56800.05313873712,55215.181181895736,53860.081023950464,1667.351299640307,3095.9938848858774,144.0210256376829,19613.56475321265,15899.61852347879,33241.99369054618,137.0433882471625,33379.03707879334,7819.4727726624105,41198.509851455754,41919.04746909718,3.069544618483633e-12,1.4647838497694465e-11,0,14.034525973940617
2025-04-28,S12,5399.319208299669,5399.319208299669,67344.35209513674,65318.306922258926,62359.31522625242,468.35623695307294,2168.044369327385,115.02281619379676,20645.457689566578,16722.820728548922,40257.82048521895,-556.0708864194603,39701.74959879949,2087.845365585082,41789.594964384574,43067.01362261838,9.094947017729282e-13,7.73070496506989e-12,0,0.0
2025-04-29,S12,5399.319208299669,5399.3192082996675,60010.50356825373,58048.691389202315,55789.60851098505,169.08093933345737,4859.381818302713,70.40967157990406,18924.653914574857,15328.96967080563,34696.87176919445,224.2542339401407,34921.12600313459,879.1730267413924,35800.29902987598,36848.58878629193,3.637978807091713e-12,2.34123831432953e-11,0,1.8189894035458565e-12
2025-04-30,S12,5399.3192082996675,5399.319208299672,56647.61198655929,54824.98690657417,52898.26262380949,1538.2955178676943,2511.1105384461234,174.5525501604343,18389.68747230155,14895.646852564252,33288.46241788143,-607.1012139635823,32681.361203917844,5516.861832704174,38198.22303662202,39412.4254645492,2.7284841053187847e-12,1.3926637620897964e-11,0,4.547473508864641e-12
2025-05-01,S12,5399.319208299672,5399.319208299674,60154.977502760536,57434.82124878712,55601.54065134784,2503.197941107579,3207.4735609793042,0.0,20452.03279724269,16566.146565766587,36437.3622912878,-676.6505026031082,35760.71178868469,11882.986910304864,47643.69869898955,48996.999704195776,1.8189894035458565e-12,1.2732925824820995e-11,0,1.8189894035458565e-12
2025-05-02,S12,5399.319208299674,5399.319208299674,30996.468179251748,30713.23329541026,29634.175239006785,577.4245855143536,12563.4803654355,282.49009468790035,16185.838321391571,13110.529040327168,13253.762308041703,-83.10513912112583,13170.657168920578,1974.3744560069908,15145.031624927567,15323.5829395469,6.30961949354969e-11,1.1901590823981678e-12,0,0.0
2025-05-03,S12,5399.319208299674,5399.319208299674,32851.531571260886,32813.82997272183,29783.421979528946,184.16574480286974,17319.759481308898,834.0219343374663,15508.60346676556,12561.9688080801,14602.061491874345,-11.337813771315268,14590.72367810303,722.3664754032706,15313.0901535063,15335.76578104893,2.2737367544323206e-13,8.242295734817162e-13,0,0.0
2025-05-04,S12,5399.319208299674,5365.04996659483,65738.7999213296,61016.893925117605,58738.96349402747,1045.706744499845,4270.445346620831,38.845981878717566,19850.28365383569,16109.572077141258,40301.71525692658,-1290.5253726299416,39011.18988429664,4282.4995851767935,43293.68946947344,46033.917870063655,1.8189894035458565e-12,2.1586288312391844e-11,0,34.26924170484381
2025-05-05,S12,5365.04996659483,5365.049966594828,67625.76395932272,65412.52777337718,62351.74626609984,708.1711210997472,3603.212718732723,325.685245029553,21342.17170230174,17287.15907886442,42442.155848018985,-932.7913142360121,41509.36453378297,2541.2955609558308,44050.66009473881,45916.242723210846,1.8189894035458565e-12,1.944044925039634e-11,0,1.8189894035458565e-12
2025-05-06,S12,5365.049966594828,4755.780654670913,58831.830499689946,59465.843150558656,56692.189582837695,1507.6806808094898,1868.6871325114334,345.3834457304421,19284.52473405358,16168.807415314932,37095.023325791684,1216.0760219008225,38311.09934769251,6991.598918983009,45302.698266675514,45384.29525449641,9.094947017729282e-13,2.5799806735449238e-11,0,609.2693119239157
2025-05-07,S12,4755.780654670913,4755.780654670913,64944.90492560669,64777.65857602955,61264.19785880454,657.4673358706606,2381.897029855349,397.8654112084906,21442.40422953358,17368.347425922188,41242.09285118301,-73.43694900781702,41168.6559021752,2166.6848611651926,43335.34076334039,43482.214661356025,4.547473508864641e-13,1.0913936421275139e-11,0,0.0
2025-05-08,S12,4755.780654670913,4755.780654670911,71522.4088491141,69329.29344867782,63918.80334047995,355.11161047402663,4014.027528013706,418.79150384598995,21129.386942601446,17114.803423507165,44301.17256508333,-10.038269498385489,44291.13429558495,1555.3728184430013,45846.50711402795,47408.46553496166,1.8189894035458565e-12,2.545341715176619e-11,0,1.8189894035458565e-12
2025-05-09,S12,4755.780654670911,4755.780654670914,31808.50704931726,31819.720935510068,28917.67026967924,139.4841687313953,16975.305808184206,643.2907383424216,15469.32653623159,12530.154494347582,13930.41816404553,147.044067454608,14077.462231500138,336.6648988653327,14414.12713036547,14470.908249942151,4.888534022029489e-12,3.772981926886132e-12,0,3.637978807091713e-12
2025-05-10,S12,4755.780654670914,4755.780654670914,30510.971336352624,30729.301482594765,28927.722475132494,344.85031989085013,13774.222277698065,581.1956352691535,14716.366309067369,11920.25671034457,13451.96704636328,216.37576239034206,13668.342808753621,916.5641683513553,14584.906977104976,14605.985795276732,1.8189894035458565e-12,8.331113576787175e-13,0,0.0
2025-05-11,S12,4755.780654670914,4755.780654670916,67139.29965260801,65720.1913481948,62261.3128805925,457.9395773206062,3070.934465401308,171.37958314373714,21015.04908439321,17022.1897583585,41358.67933023609,-342.9588846159022,41015.72044562019,1861.4376957346221,42877.15814135481,43563.07591058661,1.8189894035458565e-12,3.4505731605349865e-11,0,1.8189894035458565e-12
2025-05-12,S12,4755.780654670916,4755.78065467092,64196.50464058742,65706.6264567525,60654.13332824785,33.21853232653234,4656.754728771431,482.07025202875,19038.58761284667,15421.255966405799,39847.19957114777,1960.3901569850204,41807.58972813279,138.82357018689999,41946.41329831969,42004.57893186259,1.8189894035458565e-12,2.55226950685028e-11,0,3.637978807091713e-12
2025-05-13,S12,4755.78065467092,4642.614433768906,69169.98289175547,69643.64068084481,64038.88160724129,104.34765992929421,6730.254814310518,218.54902091961128,21931.906653082162,17866.693987808365,41790.591252657454,1077.9708352688613,42868.562087926315,548.073225926685,43416.635313853,43614.43649458653,1.8189894035458565e-12,4.1433689812464536e-11,0,113.16622090201417
2025-05-14,S12,4642.614433768906,4490.024310651902,67562.85704461856,61878.88254770339,58264.45370089788,680.7346215324662,1898.4796121416327,507.70018005998156,19274.688724740594,15749.828977845187,41742.32149558379,-1603.8463724050744,40138.475123178716,2476.7788061453566,42615.25392932407,45964.79354819228,9.094947017729282e-13,1.5368595285281117e-11,0,152.5901231170037
2025-05-15,S12,4490.024310651902,4490.024310651905,66729.00553887282,63498.56153454258,60016.39116949159,297.431704817728,3203.7726993034134,476.4677968934649,20360.653130416376,16492.129035637266,42001.429803966326,-1168.4428271822471,40832.98697678408,1003.6370812702352,41836.624058054316,44173.50971241881,4.547473508864641e-13,2.432898327242583e-11,0,2.7284841053187847e-12
2025-05-16,S12,4490.024310651905,4490.024310651906,30193.795491653764,29798.90977671782,27792.50344082467,242.71471897182812,21609.061156650438,669.0775303052646,16008.278628986702,12966.705689479235,12958.911659532463,-115.7553232250666,12843.156336307396,532.5089307439011,13375.665267051298,13607.175913501436,1.8189894035458565e-12,2.390976305832737e-12,0,9.094947017729282e-13
2025-05-17,S12,4490.024310651906,4490.024310651906,30132.474178747892,29834.920565107597,28119.41826961283,393.5265035489863,14768.86604468651,315.0099842658888,15685.629794084629,12705.360133208545,12901.747316050234,-72.97523629631178,12828.772079753922,1466.4924129024773,14295.264492656399,14478.77758460525,9.094947017729282e-13,3.391065206415078e-12,0,0.0
2025-05-18,S12,4490.024310651906,4338.124356450624,68860.29610952598,65996.73946475289,61335.04707968086,298.24089623334226,3906.371496796135,385.73495540935653,20009.07043415724,16344.057010448512,41965.040977325305,-333.39088180720864,41631.650095518096,732.8329128157684,42364.48300833387,44330.32019962027,1.8189894035458565e-12,9.777068044058979e-12,0,151.89995420128162
2025-05-19,S12,4338.124356450624,4338.124356450625,63549.05616183211,62142.363221518775,57760.46026417784,211.59988893523357,6236.899542734841,380.841451318851,20205.803205575718,16366.700596516333,38348.71569798374,-47.48138789391669,38301.23431008982,1171.1615443884393,39472.39585447826,39952.056909586194,9.094947017729282e-13,8.270717444247566e-12,0,9.094947017729282e-13
2025-05-20,S12,4338.124356450625,4338.124356450623,62844.16580236754,63556.870325422286,61053.34321904264,469.9369579200865,3252.1808223479184,84.17019934832001,19260.70704526205,15601.17270666226,38166.703611708384,740.2975006536362,38907.00111236202,1948.5329898506006,40855.53410221262,40859.67025112721,1.8189894035458565e-12,1.8214763031210168e-11,0,1.8189894035458565e-12
2025-05-21,S12,4338.124356450623,4338.124356450624,58890.82441115229,59393.08256465378,56840.472181631725,666.2437007941309,2412.7092156555545,288.12592792888154,18122.44976583208,14679.184310323984,36955.87436687351,950.0364021302667,37905.91076900378,2560.8575936607604,40466.76836266454,40622.2311118076,9.094947017729282e-13,1.0629719326971099e-11,0,9.094947017729282e-13
2025-05-22,S12,4338.124356450624,4185.053061997192,61304.94173754466,61070.63784178349,58161.14315233861,579.298733794612,3929.0693185837567,351.2716005390537,19901.23323869391,16257.763088350162,37750.56552527522,-64.26040344745707,37686.30512182776,1694.0401297997846,39380.34525162754,39640.008374842386,9.094947017729282e-13,1.0615508472255897e-11,0,153.07129445343162
2025-05-23,S12,4185.053061997192,4185.053061997193,29190.142840163833,30017.811738440163,27568.16945826509,142.61404253029826,18094.157600567563,379.7595611268771,14820.618188250568,12004.700732482956,12205.0314933784,820.8390827853709,13025.87057616377,415.531274301137,13441.401850464907,13441.401850464907,9.094947017729282e-13,8.597567102697212e-12,0,9.094947017729282e-13
2025-05-24,S12,4185.053061997193,4119.197372900455,31175.45174733179,30883.974837576596,28011.552071768798,34.32290372092177,20397.498000963824,1151.8389752578141,14743.719663799047,12001.683047864304,14166.645518102941,-98.72526951742293,14067.920248585518,62.31303967879315,14130.233288264311,14360.869856015755,1.8189894035458565e-12,2.4797941478027496e-12,0,65.85568909673839
2025-05-25,S12,4119.197372900455,4119.197372900456,64164.18105294338,62008.37422203048,57799.13604835587,432.87846609832707,5704.6982208378995,233.72067999435114,19729.397001519206,15980.811571230546,38549.24970656712,-80.78176623964828,38468.46794032747,1584.7187120872627,40053.18665241473,41100.22468890495,1.8189894035458565e-12,2.880184979403566e-11,0,9.094947017729282e-13
2025-05-26,S12,4119.197372900456,4119.197372900458,61006.77218080766,62188.12360340019,59321.89116967369,1084.9298946065637,1915.2970590556683,268.71745871090457,19173.54524480883,15530.571648295154,37766.75129776682,1199.1006577611697,38965.85195552799,3408.990961062798,42374.84291659079,42517.94944038743,1.8189894035458565e-12,2.0307311388023663e-11,0,1.8189894035458565e-12
2025-05-27,S12,4119.197372900458,4119.197372900462,57752.225664571204,57663.48421444902,54800.54774726312,930.3861458451843,2687.5626717098526,207.13228881848045,18136.1664872629,14690.294854682948,35977.34577692924,-16.046714061070816,35961.29906286817,3534.5934370556047,39495.89249992378,39527.98592804591,1.8189894035458565e-12,1.7621459846850485e-11,0,4.547473508864641e-12
2025-05-28,S12,4119.197372900462,4119.197372900464,65949.8295793034,65383.155720095456,61678.608085284235,201.5684894158021,5300.864739610465,225.6051996377795,21473.065976062146,17393.183440610326,40309.89961172467,-123.44192845344514,40186.45768327123,518.447466647591,40704.90514991882,40981.42740241393,1.8189894035458565e-12,1.5006662579253316e-11,0,1.8189894035458565e-12
2025-05-29,S12,4119.197372900464,4053.541098962639,65181.68841876865,65104.1220878331,62203.53959029966,459.44803492868374,4304.323360651922,229.85674241401307,21461.971940560135,17443.287918397746,39754.91723709306,133.72496200495516,39888.642199098016,1882.1795366392366,41770.821735737256,41843.756979659076,9.094947017729282e-13,6.366462912410498e-12,0,65.65627393782506
2025-05-30,S12,4053.541098962639,4053.5410989626357,29750.242759120312,29822.109778983686,27732.98854187649,237.07155846976664,17859.55077904454,716.8197731359083,14723.45411315343,11925.997831654282,13028.070885887992,77.89391990909826,13105.96480579709,629.7536944853358,13735.718500282426,13735.718500282424,1.0345502232667059e-11,3.694822225952521e-12,0,3.183231456205249e-12
2025-05-31,S12,4053.5410989626357,4053.5410989626366,32140.24466411215,30662.461536543266,28343.98469530857,367.2387825542457,16735.40249383923,609.8315097999904,15667.410127492567,12690.602203268974,13626.920099126379,-403.7902939575488,13223.12980516883,980.5570444112716,14203.6868495801,15011.267437495198,9.094947017729282e-13,1.0913936421275139e-11,0,9.094947017729282e-13
2025-06-01,S12,4053.5410989626366,4053.5410989626366,81499.71786894446,74461.2942944137,72085.43115638761,5457.414756919477,2072.529453031633,0.0,22344.685054081277,18099.194893805834,55647.650274480984,-2687.4919040858003,52960.158370395184,23281.166953891254,76241.32532428644,81794.00821787173,9.094947017729282e-13,5.0967230436071986e-11,0,0.0
2025-06-02,S12,4053.5410989626366,3674.5512810409728,87665.871516306,83396.66908546102,76764.22233185338,559.5720389993829,4560.894411937421,0.0,23490.43865813063,19368.34614921532,60027.84137005514,-1261.888445235818,58765.95292481932,2262.23074462349,61028.18366944281,64656.89262412089,1.8189894035458565e-12,1.3415046851150692e-11,0,378.98981792166387
2025-06-03,S12,3674.5512810409728,3480.162407419295,81738.47405976345,79266.34819345693,74859.60924326377,418.0183034124469,3223.5341986797016,0.0,21245.665794330096,17383.939279666884,55437.708088596424,-775.4084961954577,54662.29959240097,1756.0894135054962,56418.389005906465,58180.76992853071,1.3642420526593924e-12,1.2951417716067226e-11,0,194.3888736216777
2025-06-04,S12,3480.162407419295,3446.7445201928504,92705.60093727987,88072.11085999027,79707.66540242247,481.51040420212985,5999.598775115115,3.4516666666667106,24057.582350946992,19516.71780277087,64183.26627102806,-1923.313529526109,62259.95274150195,1826.879701048594,64086.83244255054,68035.46438948726,9.094947017729282e-13,7.275957614183426e-12,0,33.41788722644469
2025-06-05,S12,3446.7445201928504,3342.6946498883267,82504.04684464753,82108.70228855268,77767.61149895049,559.4551914380139,3165.590444700505,0.0,21609.490064712507,17597.3318356912,56357.43696874283,738.1647676514185,57095.60173639425,2576.0427088789943,59671.64444527325,60442.22948814952,9.094947017729282e-13,2.6219026949547697e-11,0,104.04987030452367
2025-06-06,S12,3342.6946498883267,1949.9999999999982,43560.86674869171,44013.42025144493,40474.2260166219,182.98398066282186,7939.8899393209895,740.708044078967,12500.219993601333,11378.60337971657,22213.390672053756,554.250647339064,22767.64131939282,654.5994843007024,23422.240803693523,23422.240803693523,1.8189894035458565e-12,1.1048939541069558e-11,0,1392.6946498883285
2025-06-07,S12,1949.9999999999982,1949.9999999999993,47783.6760378687,44573.90512506097,41132.69383240927,485.94455365170097,7391.7360274596385,244.74687887082678,15029.696384546422,12174.054071482606,23280.688110867493,-640.6699151255743,22640.01819574192,1588.4357853425913,24228.45398108451,25764.184336963495,9.094947017729282e-13,9.732659123073972e-12,0,1.1368683772161603e-12
2025-06-08,S12,1949.9999999999993,1949.9999999999973,81292.52580596026,81391.40608389053,74663.04678279301,266.4785302584221,5531.812786815644,30.38944341710328,22012.630611326385,17830.23079517438,54900.78048112277,713.2147184592832,55613.99519958205,967.1906624695713,56581.18586205162,56959.91701066478,2.7284841053187847e-12,1.6360246490876307e-11,0,2.0463630789890885e-12
2025-06-09,S12,1949.9999999999973,1949.999999999997,90688.11049846244,88067.69414409774,79078.64987450646,225.53662608308298,4278.549872329981,0.0,21541.70471013825,17448.780815211983,63831.270486569076,-1113.9425659500048,62717.32792061907,850.5478513876893,63567.87577200676,65795.76090390676,2.7284841053187847e-12,1.176925223944636e-11,0,2.2737367544323206e-13
2025-06-10,S12,1949.999999999997,1949.9999999999984,82323.49054115046,82291.72062879331,77416.04754214904,596.6140754582414,2270.640770200484,0.0,21703.034810912974,17579.45819683951,56487.56777505783,138.1416182576868,56625.70939331552,2530.3482233083837,59156.057616623904,59307.3669725559,9.094947017729282e-13,4.2795988974830834e-11,0,1.3642420526593924e-12
2025-06-11,S12,1949.9999999999984,1949.9999999999977,87838.75075357937,86782.23347880748,79907.99963564175,1103.647134983414,817.2713643834575,0.0,21631.20573460561,17521.27664503055,61710.99733303245,-509.4954876377087,61201.50184539474,4886.865928840836,66088.36777423558,67107.358749511,4.547473508864641e-13,3.728928277269006e-11,0,6.821210263296962e-13
2025-06-12,S12,1949.9999999999977,1949.9999999999964,85349.03649892782,84300.53504637413,78894.0900688115,349.9755230978168,2512.988979893006,0.0,22519.395677278662,18240.710498595727,59198.01470367881,-406.3005016062307,58791.71420207258,1498.6823375375927,60290.39653961017,61320.029891505175,3.637978807091713e-12,9.094947017729282e-12,0,1.3642420526593924e-12
2025-06-13,S12,1949.9999999999964,1950.000000000001,43900.95124807455,44758.04418462694,37818.69628826536,84.39042063953525,5739.19363166096,1115.7201015001076,14225.575135493878,11522.715859750044,22331.239893640977,1048.7292170176042,23379.96911065858,157.85832541307553,23537.827436071657,23537.827436071657,1.8189894035458565e-12,4.320099833421409e-12,0,4.547473508864641e-12
2025-06-14,S12,1950.000000000001,1937.5186389103465,41522.78194171687,41149.97263079518,38440.70163589723,257.1300443910653,9332.840601019543,525.200223322761,13987.796478561486,11341.348372615494,21316.8291275277,-106.70007783203255,21210.129049695668,686.7211750002675,21896.850224695936,22149.566440065835,4.547473508864641e-13,1.6900258970053983e-11,0,12.481361089654456
2025-06-15,S12,1937.5186389103465,1861.478041109876,79140.60013163104,79515.13800478812,73622.97594531975,2054.5015304431686,896.7566095584234,11.313844444444385,22162.4696128797,18020.036924452983,54254.50251649358,413.6360240924114,54668.13854058599,8787.970406906843,63456.10894749283,63592.51524580404,1.8189894035458565e-12,2.2524204723595176e-11,0,76.04059780047055
2025-06-16,S12,1861.478041109876,1796.7065320037243,85146.53386949393,84425.01596983983,75969.19810446042,1455.6369413616726,530.5884696169734,0.0,22413.095356494436,18212.90159695603,59415.231684467624,338.7473282387291,59753.97901270635,6269.723671995373,66023.70268470173,67158.98497471614,3.183231456205249e-12,1.4175327578413999e-11,0,64.7715091061516
2025-06-17,S12,1796.7065320037243,1543.8302086985286,84875.86874153424,84344.60211028569,78762.0471240584,968.2511138848862,1101.2988360492782,0.0,22208.29934843168,18216.311163204344,59116.21051530643,324.62333699128794,59440.83385229772,4814.704535839439,64255.53838813716,65373.95170713473,4.547473508864641e-13,3.617428578905901e-11,0,252.87632330519568
2025-06-18,S12,1543.8302086985286,1199.999999999999,84074.93075969347,82193.87975586682,76030.0549558355,520.9268526160255,1813.4126441380145,0.0,21676.97606390612,17867.79779959263,58303.38950834872,-642.7766271023356,57660.61288124639,2077.7239192929487,59738.336800539335,61524.07598992254,9.094947017729282e-13,3.3651303965598345e-11,0,343.83020869852953
2025-06-19,S12,1199.999999999999,1200.0,79417.29742104816,85137.33532644776,77481.92269283993,346.7682970101765,5263.558218806268,0.0,22661.203005493946,18355.574434450104,53491.96373657439,7350.522256924654,60842.485993499045,1443.361864710786,62285.84785820983,62305.30734632486,1.8189894035458565e-12,3.136335635645082e-11,0,9.094947017729282e-13
2025-06-20,S12,1200.0,1200.0000000000018,38246.59250107706,38247.52003169742,34093.98222405865,29.602235085471364,8539.364666389061,654.6500337026945,13310.46794238093,10781.479033328556,19480.203521819458,1.0992629147185653,19481.302784734176,92.29984815698998,19573.602632891165,19573.602632891165,9.094947017729282e-13,4.092726157978177e-12,0,1.8189894035458565e-12
2025-06-21,S12,1200.0000000000018,1199.9999999999986,39614.22836830451,37972.00257400233,33199.595523443044,69.23770870291082,10692.197406774014,648.993839960986,13646.850449531257,11053.948864120319,20137.753897496445,-553.6877537735127,19584.066143722932,223.7539551950297,19807.82009891796,20915.195606464982,9.822542779147625e-11,1.5077716852829326e-11,0,3.183231456205249e-12
2025-06-22,S12,1199.9999999999986,1200.000000000006,79698.14284639677,81610.98260481616,74459.40802984819,497.91879947499535,3470.0205823549977,0.0,21210.342878780055,17180.377731811845,53776.16999648223,2515.5106473389824,56291.680643821215,2187.5875037559135,58479.26814757713,58502.414181139175,5.4569682106375694e-12,1.7053025658242404e-11,0,7.275957614183426e-12
2025-06-23,S12,1200.000000000006,1200.0000000000016,77463.18634360142,77697.06531349667,73913.42336278998,648.3491868688592,3039.6554098094057,21.64653333333331,23364.12950797965,18924.944901463517,52157.970794312736,329.7626215993878,52487.733415912124,2477.043888459352,54964.77730437148,54971.01573269501,1.8189894035458565e-12,1.0913936421275139e-11,0,4.320099833421409e-12
2025-06-24,S12,1200.0000000000016,1199.9999999999995,89321.55110874283,86392.47920322054,81688.91866626887,652.0637686412653,1593.7726934531834,20.941835997842077,23460.398186626786,19002.9225311677,63181.28301552815,-1292.377626630805,61888.90538889734,2464.895963333155,64353.8013522305,66938.55660549212,2.2737367544323206e-12,1.616839995222108e-11,0,2.0463630789890885e-12
2025-06-25,S12,1199.9999999999995,1200.0000000000011,81034.12195110059,82941.33488227714,77167.7850607275,573.0314501007019,3158.845163017355,0.0,21813.42095339034,17668.870972246186,54809.46620548413,2120.650069574738,56930.11627505887,2968.8734873263234,59898.989762385194,59927.39586218863,9.094947017729282e-13,7.275957614183426e-12,0,1.5916157281026244e-12
2025-06-26,S12,1200.0000000000011,1200.0,77520.67951808337,79403.0425135376,74218.93594938089,459.00253100892326,2972.222706679095,0.0,21885.957580933587,17727.625640556213,51817.63122005218,1958.0821243504033,53775.71334440258,1793.3266074970852,55569.03995189967,55569.03995189966,9.094947017729282e-13,4.085620730620576e-12,0,1.1368683772161603e-12
2025-06-27,S12,1200.0,1200.0,39625.07764006805,38522.84813259102,33335.26565638889,59.49717941123265,10335.82814422202,701.4314909117195,13609.775442103784,11023.918108104064,19761.53543604284,-310.68777515248803,19450.84766089035,144.1006889064747,19594.948349796825,20216.32390010181,9.094947017729282e-13,8.526512829121202e-12,0,0.0
2025-06-28,S12,1200.0,1199.999999999999,35581.4158030406,35353.129089205984,32554.29894788334,400.34144664144804,8042.045277606751,492.45352447514745,13911.66039882228,11268.444923046045,17703.947484587887,-71.16700835538359,17632.780476232503,1031.5045597023056,18664.28503593481,18806.619052645576,1.8189894035458565e-12,7.275957614183426e-12,0,9.094947017729282e-13
2025-06-29,S12,1199.999999999999,1199.9999999999977,74744.80613991403,78651.15744978914,76018.60232927518,1035.3988482140478,3552.5623990605045,0.0,22282.4749741862,18048.804729090825,50223.96835770139,4637.994000336126,54861.96235803752,4188.03711805481,59049.99947609233,59117.49558290888,1.8189894035458565e-12,1.6854073692229576e-11,0,1.3642420526593924e-12
2025-06-30,S12,1199.9999999999977,1199.9999999999977,82422.41231121145,80565.11620013435,75604.49379751371,764.466031095793,2201.5925866390526,20.306699999999978,22470.402940195418,18201.026381558284,55610.5958267845,-708.2698647239813,54902.32596206052,3077.3730013153145,57979.698963375835,59622.769754997295,1.8189894035458565e-12,4.092726157978177e-12,0,0.0
2025-07-01,S12,1199.9999999999977,1199.9999999999968,72521.80001594807,73578.42834610735,73543.91257072789,10721.954569283567,1334.5939218692909,0.0,21393.311498993862,17328.58231418502,52830.29240479936,1145.2326740518474,53975.525078851206,46173.39473093866,100148.91980978986,100169.99052610499,1.8189894035458565e-12,2.3389010890044717e-11,0,9.094947017729282e-13
2025-07-02,S12,1199.9999999999968,1199.9999999999968,86952.80564330518,86825.21581527118,80758.77533315842,230.40574896524913,3988.2530836358856,0.0,21558.74543063762,17462.583798816475,64948.575614524336,-72.66027667860908,64875.91533784573,734.4418325860834,65610.35717043182,65755.67772378902,1.8189894035458565e-12,5.4569682106375694e-11,0,0.0
2025-07-03,S12,1199.9999999999968,1200.0,101766.32773555855,100009.89743275296,88334.42663782566,107.26008918022728,3936.4771980500313,0.0,24972.582082223613,20227.791486601123,77342.3351752187,-741.8094234444288,76600.52575177427,639.635869919111,77240.16162169338,78723.78046858225,4.547473508864641e-13,2.1827872842550278e-11,0,3.183231456205249e-12
2025-07-04,S12,1200.0,1200.0000000000014,44042.52650616631,43936.29051425353,41316.74951680199,1243.194727426338,10292.824082392948,837.1574949349958,13416.290527545894,10867.195327312174,26736.524338684518,-42.07220062553097,26694.452138058987,3047.3340243606544,29741.78616241964,29825.9305636707,9.094947017729282e-13,4.858335955759685e-12,0,1.3642420526593924e-12
2025-07-05,S12,1200.0000000000014,1200.0,51326.02952595099,47476.24832495468,42841.00591547412,904.6735974813259,11824.403722417523,301.07985307148385,14895.347214735584,12065.231243935828,29501.390317161346,-1605.9158454254393,27895.474471735906,4050.2049459288855,31945.679417664793,35157.511108515675,1.3642420526593924e-12,8.185452315956354e-12,0,1.3642420526593924e-12
2025-07-06,S12,1200.0,1200.0,95330.28510343807,94291.65749348252,84348.24921471409,1374.4592438910581,1165.0780691824543,34.628333333333444,24889.58161099668,20160.56110490731,72242.51728250147,-364.0403817903134,71878.47690071116,7380.849624957162,79259.32652566832,80242.36363821107,2.2737367544323206e-13,2.6272317654729704e-12,0,0.0
2025-07-07,S12,1200.0,1199.9999999999995,88470.36337800702,86544.38569161994,80240.75798758212,776.4574284847853,3523.773544013967,0.0,21494.521607296065,17410.562501909815,65610.08366932537,-789.7782832558296,64820.305386069536,3302.7747729549606,68123.0801590245,69702.63672553615,4.547473508864641e-13,1.2668976978602586e-11,0,4.547473508864641e-13
2025-07-08,S12,1199.9999999999995,1200.0000000000005,104406.00560616246,103357.10973825416,86912.45117267435,0.0,6753.465723715216,0.0,24145.254906802536,19557.656474510048,78452.74358606956,21.002292762321304,78473.74587883188,0.0,78473.74587883188,79331.36772789853,4.547473508864641e-13,1.4551915228366852e-11,0,9.094947017729282e-13
2025-07-09,S12,1200.0000000000005,1200.0,92009.13934494811,91604.6278388985,82883.13389403172,121.65599340990067,4661.499979833271,0.0,22550.341531271886,18265.77664033023,67914.41778243409,1984.9987759388605,69899.41655837295,492.9283493429516,70392.3449077159,71900.51620965586,1.8189894035458565e-12,3.240074875066057e-11,0,4.547473508864641e-13
2025-07-10,S12,1200.0,1200.0000000000018,88567.45345305567,90516.13669922779,80504.97353426393,316.0224116111534,3773.333072036292,0.0,22073.892055292086,17879.852564786594,66251.28414232319,4447.735985066596,70699.02012738978,1115.3897180396918,71814.40984542947,72459.58150013686,1.8189894035458565e-12,2.9103830456733704e-11,0,1.8189894035458565e-12
2025-07-11,S12,1200.0000000000018,1200.0000000000027,54050.19585003872,50721.47950316549,44957.90892319011,113.75455683675352,8824.18160474623,888.0600149260955,14950.761633444874,12110.116923090347,31276.63949956219,-972.6047626233012,30304.034736938887,334.01148550533424,30638.04622244422,32583.25574769081,1.8189894035458565e-12,1.736744081881625e-11,0,9.094947017729282e-13
2025-07-12,S12,1200.0000000000027,1200.000000000001,46251.77036017105,46937.18670774184,42837.02679580284,306.71102231843184,8695.612176398208,525.1565749492553,14940.661754949915,12101.936021509433,26884.413606908383,726.0530545117181,27610.4666614201,943.0799205929701,28553.54658201307,28553.54658201307,4.547473508864641e-13,1.0913936421275139e-11,0,1.8189894035458565e-12
2025-07-13,S12,1200.000000000001,1200.0,99553.05317031288,86516.99792299,77584.20466851616,220.93501492546864,4454.088928352684,0.0,21491.21239520496,17407.882040116023,73582.14242935328,-5438.786156276517,68143.35627307676,1156.2604398574213,69299.61671293418,80177.18902548724,6.821210263296962e-13,7.008793545537628e-11,0,9.094947017729282e-13
2025-07-14,S12,1200.0,1200.0000000000018,95214.8328167952,91245.91222592021,81254.45927349795,116.59861300609305,5347.322701220048,0.0,22189.76825588077,17973.71228726343,69378.91853981338,-1711.6573746996437,67667.26116511374,795.5813126820574,68462.8424777958,71886.15722719509,2.319211489520967e-11,3.766587042264291e-11,0,1.8189894035458565e-12
2025-07-15,S12,1200.0000000000018,1200.0,94090.85930073739,89225.32099920412,81072.13630206916,226.21181155942344,4382.586502586509,0.0,21930.058040572214,17763.3470128635,69109.50519300633,-1983.9214446988626,67125.58374830747,975.4362921008122,68101.02004040829,72089.69264156422,2.0463630789890885e-12,3.6060043839825084e-11,0,1.8189894035458565e-12
2025-07-16,S12,1200.0,1200.0,89203.14932994613,89342.85902691715,82196.75786463224,325.00190201683165,6102.857631660291,0.0,22549.151324502425,18264.81257284697,67187.3499027405,130.0258725923195,67317.37577533282,1111.696936699367,68429.0727120322,68429.07271203218,2.2737367544323206e-13,1.1368683772161603e-13,0,0.0
2025-07-17,S12,1200.0,1200.0,91405.71372232774,91268.00472773382,80821.7623285659,94.83454859925587,3940.7095035538364,0.0,22397.21740497174,18141.746098027113,67513.12725788736,202.08802391702193,67715.21528180438,484.2083929598831,68199.42367476427,68398.71684579187,2.2737367544323206e-13,1.0913936421275139e-11,0,0.0
2025-07-18,S12,1200.0,1199.9999999999995,54299.475116514484,51043.13299008402,43313.76657130062,121.1172374552724,8568.495435044526,956.0842371996433,13873.979139535344,11237.923103023628,30719.28138819319,-569.0877714665658,30150.193616726625,432.5885828871378,30582.782199613765,32488.2881865816,5.6274984672199935e-11,1.1503686891956022e-11,0,4.547473508864641e-13
2025-07-19,S12,1199.9999999999995,1199.9999999999995,59910.60114802109,54195.09397707336,43338.61897150335,36.216147094415646,12183.624574354553,1148.646068735825,15051.29171319681,12191.546287689414,34539.15739346649,-1323.2258089733223,33215.93158449317,140.74489963055663,33356.676484123724,36003.12810207036,4.547473508864641e-13,3.296918293926865e-12,0,0.0
2025-07-20,S12,1199.9999999999995,1200.0,97104.94588512117,92214.09769581101,79816.44871447033,131.03666296228647,3596.7253572986806,0.0,22425.16738666982,18164.38558320256,70753.11584340096,-1766.1558973267238,68986.95994607423,571.5551719115003,69558.51511798573,73090.82691263918,4.547473508864641e-13,1.4551915228366852e-11,0,4.547473508864641e-13
2025-07-21,S12,1200.0,1200.0000000000057,98519.16380013835,93282.70209131217,81982.20121539061,135.97156466127507,3878.8739586727224,0.0,22366.04984936399,18116.500377984834,73513.16104395293,-2391.731885782574,71121.42915817036,656.3594550911878,71777.78861326155,76561.25238482672,2.7284841053187847e-12,1.3510970120478305e-11,0,5.6843418860808015e-12
2025-07-22,S12,1200.0000000000057,1199.9999999999939,84791.7618393279,84373.43070138767,80453.40976811109,1174.7153656656733,3420.4081737222086,0.0,23224.06496519917,18811.492621811336,62559.64745440763,-238.83099263856275,62320.81646176907,4485.486376514998,66806.30283828407,67443.81686351585,5.4569682106375694e-12,1.5347723092418164e-11,0,1.1823431123048067e-11
2025-07-23,S12,1199.9999999999939,1200.0000000000007,99141.48041530087,93622.49541831174,83773.85702909512,77.6382327241887,5183.033301875418,0.0,23431.130754090573,18979.215910813356,72974.99002011755,-2018.445632079689,70956.54438803786,325.05701286814826,71281.601400906,75433.67819347049,4.547473508864641e-13,9.458744898438454e-11,0,6.821210263296962e-12
2025-07-24,S12,1200.0000000000007,1200.0,103753.82513887348,98886.54815863512,84381.0856969145,1.1279171630376368,6159.801978159544,0.0,24241.787557463285,19635.847921545264,77812.1623614074,-2005.4355774956348,75806.72678391177,7.509672471504585,75814.23645638328,79831.35602282369,1.8189894035458565e-12,2.3561597117804922e-11,0,6.821210263296962e-13
2025-07-25,S12,1200.0,1200.0000000000007,44844.98491819318,44345.417943370085,40457.919142370934,240.2573943116102,10905.218500962827,749.5090211177187,13358.576041765025,10820.446593829667,25963.86945173362,-135.67793288205212,25828.191518851567,817.0035693051295,26645.195088156695,26961.00414489276,3.069544618483633e-12,1.0913936421275139e-11,0,6.821210263296962e-13
2025-07-26,S12,1200.0000000000007,1200.0000000000005,47668.65901585983,46682.2619115752,42013.38233065526,127.37589412172838,10368.538287840074,520.5511229318313,14645.143407044268,11862.566159705855,26747.425697253246,63.957657682421996,26811.383354935668,397.7634812063884,27209.146836142056,27678.086000357154,1.8189894035458565e-12,3.637978807091713e-12,0,2.2737367544323206e-13
2025-07-27,S12,1200.0000000000005,1200.0,88698.3637537703,89097.28939954466,82484.62857681222,478.37367143082696,4972.292653160141,0.0,22660.630500436426,18355.1107053535,64893.698414666505,760.7075145067793,65654.40592917328,1820.2366033750534,67474.64253254834,67618.89593114065,2.2737367544323206e-13,4.001776687800884e-11,0,4.547473508864641e-13
2025-07-28,S12,1200.0,1200.0,91411.6366445919,89423.75534038177,84059.07993764775,651.2361657616592,2479.3381057645383,0.0,22505.793496376504,18229.69273206497,67750.09141366289,-814.5111287817708,66935.58028488111,2911.429287966835,69847.00957284795,71476.03183041149,9.094947017729282e-13,1.4551915228366852e-11,0,0.0
2025-07-29,S12,1200.0,1199.9999999999998,85938.85481097485,87449.95587311937,81645.01127408871,547.3530402776411,1881.1228079870498,0.0,22326.292401996292,18084.296845617,62810.691299964914,2021.3257987294928,64832.01709869441,2500.5581400385263,67332.57523873293,67332.57523873293,2.2737367544323206e-13,2.62332378042629e-11,0,2.2737367544323206e-13
2025-07-30,S12,1199.9999999999998,1199.9999999999995,82792.28381199381,86727.22501321413,81564.14893005337,198.84022856225118,3305.4940355728463,0.0,22917.058279172445,18562.817206129686,62004.23203397141,4294.445322253821,66298.67735622523,831.7689173257943,67130.44627355103,67130.44627355102,4.547473508864641e-13,1.4551915228366852e-11,0,2.2737367544323206e-13
2025-07-31,S12,1199.9999999999995,1199.9999999999993,85305.88443770242,85764.81448312946,80335.87692920142,476.9822367144326,1866.0641813231991,0.0,22377.8879890841,18126.089271158125,62347.83379731709,719.665554242878,63067.49935155997,2284.78323014479,65352.28258170476,65355.59594205143,4.547473508864641e-13,1.4694023775518872e-11,0,2.2737367544323206e-13
2025-08-01,S12,1199.9999999999993,1200.000000000001,43413.35921498324,41888.5967056524,39245.79373668969,417.8180163002125,15408.999038979062,625.1759616849392,12516.195187680129,10138.118102020902,25210.639504227678,-513.7922952459339,24696.847208981744,1151.78629639711,25848.633505378853,26876.218095870718,9.094947017729282e-13,4.462208380573429e-12,0,1.5916157281026244e-12
2025-08-02,S12,1200.000000000001,1200.0000000000007,48663.65014412609,44937.30962373194,41121.84704088048,230.92874580929498,15851.767945464659,887.8403797971062,19400.750147866685,15714.60761977202,26435.119588495632,-782.338385533043,25652.78120296259,1118.1999309000707,26770.98113386266,28395.19569132522,2.3874235921539366e-12,8.633094239485217e-12,0,2.2737367544323206e-13
2025-08-03,S12,1200.0000000000007,1199.9999999999995,74803.33498992652,73493.06437679335,70240.81917831923,606.0743807155028,4234.802175373159,0.0,19855.849475411767,16083.238075083535,53698.10253617259,-311.75554504963657,53386.346991122955,3067.471782989617,56453.81877411257,57095.33944849737,4.547473508864641e-13,1.4367174117069226e-11,0,1.1368683772161603e-12
2025-08-04,S12,1199.9999999999995,1199.9999999999982,80957.65642280497,76669.7882631624,72568.2183390408,579.7571488104741,3823.8778130722008,0.0,20570.750481293257,16662.307889847543,58969.81884180616,-1837.851827227707,57131.967014578455,2710.6776053729936,59842.64461995145,63518.348274406846,9.094947017729282e-13,2.5764279598661233e-11,0,1.3642420526593924e-12
2025-08-05,S12,1199.9999999999982,1199.999999999992,79781.81710669221,78423.2653062356,73352.82236025651,224.9240363168967,4278.40658934191,0.0,21826.474073148227,17679.443999250074,58005.41854737742,-615.0314245535992,57390.38712282382,1004.6078211850255,58394.994944008846,59659.55901341269,4.774847184307873e-12,3.596767328417627e-11,0,6.139089236967266e-12
2025-08-06,S12,1199.999999999992,1199.999999999999,83948.77860398144,77576.24913365094,73515.49564981028,1009.6865661673877,2565.7197664030728,0.0,20237.17464688384,16392.111463975918,62603.50980646657,-2699.9632895484538,59903.54651691812,4269.149549249153,64172.69606616727,69686.76213985337,1.3642420526593924e-12,1.177085096060182e-10,0,7.048583938740194e-12
2025-08-07,S12,1199.999999999999,1200.0000000000034,84490.86571754825,79790.89077651703,73554.39872686169,739.298637368378,6800.969251619368,0.0,21603.909803214294,17499.16694060357,58830.43162942472,-411.2683322619123,58419.163297162806,2930.0558481093135,61349.219145272116,64033.67780441765,1.8189894035458565e-12,2.389155540072352e-11,0,4.320099833421409e-12
2025-08-08,S12,1200.0000000000034,1200.0,41872.137357962674,41631.9555590101,39046.77844416486,230.77194375024897,20420.75935779796,500.7746046643912,13583.39566027776,11002.550484824991,23176.915867309064,-73.67571726264578,23103.24015004642,868.0433695850991,23971.283519631517,24118.634954156805,2.2737367544323206e-13,1.1851852832478471e-11,0,3.410605131648481e-12
2025-08-09,S12,1200.0,1199.999999999999,41504.968076004574,41326.44624007259,39550.76317746138,508.5180814228538,17545.309122714873,493.1371845698209,16310.031324208074,13211.125372608538,23050.7287127187,-48.99190045409341,23001.736812264608,1693.014744527496,24694.751556792104,24825.908989166168,1.2505552149377763e-12,1.8047785488306545e-12,0,9.094947017729282e-13
2025-08-10,S12,1199.999999999999,1199.9999999999984,80086.9634373908,75817.45895207768,71864.18229384758,375.8389363256608,2702.16912911091,26.835978675429146,22138.931959931208,17932.534887544287,58989.27210674963,-1587.1893884078454,57402.082718341786,1897.3924121846296,59299.475130526414,62477.58541341564,1.8189894035458565e-12,2.3646862246096134e-11,0,6.821210263296962e-13
2025-08-11,S12,1199.9999999999984,1200.0000000000018,77341.12320157015,77350.26597050438,73498.19741788637,526.3611966210179,5358.799774989865,0.0,21602.66055886423,17498.15505268003,54078.64915244766,1032.9392505055366,55111.588402953195,2469.848984851125,57581.43738780432,58075.547820941436,1.8189894035458565e-12,1.3670842236024328e-11,0,3.410605131648481e-12
2025-08-12,S12,1200.0000000000018,1199.9999999999989,84361.28264549664,79901.868389766,75146.20449604472,505.2103677459562,3911.0550132532344,0.0,20946.40105546026,16966.58485492282,60563.77521592055,-1296.2215670873557,59267.55364883319,2254.337812282958,61521.89146111615,64580.10542805966,2.7284841053187847e-12,2.070521532004932e-11,0,2.9558577807620168e-12
2025-08-13,S12,1199.9999999999989,1199.9999999999973,76273.14053120138,76866.98283894514,72979.20464054105,528.3852694209115,3399.3313728842413,0.0,20985.679405672206,16998.400318594493,54578.59030152575,607.6163389777357,55186.206640503486,2582.0752223607146,57768.2818628642,57811.697822736845,1.8189894035458565e-12,1.9269918993813917e-11,0,1.5916157281026244e-12
2025-08-14,S12,1199.9999999999973,1200.000000000001,79073.5353823218,76574.58111126584,72063.9535446808,489.40998411929877,2574.315339593247,0.0,21330.301083544895,17277.54387767136,57408.47459222455,-870.2664283907798,56538.20816383377,2595.8687161793005,59134.07688001307,60960.7105381872,1.8189894035458565e-12,4.318323476582009e-12,0,3.637978807091713e-12
2025-08-15,S12,1200.000000000001,1200.000000000001,42634.96036366002,40795.712276443315,38800.36955731662,619.5414481549617,19407.193248246134,321.9920209837951,13321.046594254381,10790.047741346054,23981.37593855068,-389.6483371500399,23591.72760140064,1665.010811143532,25256.73841254417,26446.585234507893,9.094947017729282e-13,2.4075852422811295e-11,0,0.0
2025-08-16,S12,1200.000000000001,1200.0000000000018,44728.126506125845,41144.814323780105,38809.21657596053,537.5436958881578,19345.908768691483,363.4712300618629,14253.157402256176,11545.057495827503,25360.99935230893,-1048.89563656268,24312.10371574625,2246.7101309410614,26558.81384668731,28656.60511981267,1.8189894035458565e-12,1.2448708730516955e-11,0,9.094947017729282e-13
2025-08-17,S12,1200.0000000000018,1200.0000000000002,80814.77280304616,77272.44751667154,72279.1029019026,312.1811350704664,5430.40888254308,0.0,21028.85019875433,17033.36866099102,56804.69414651899,-513.6811069980176,56291.01303952097,1703.8440615812424,57994.857101102214,59991.963161309875,9.094947017729282e-13,9.308109838457312e-12,0,1.5916157281026244e-12
2025-08-18,S12,1200.0000000000002,1200.000000000003,78301.04155282927,75704.2349009221,71619.10547451006,525.4854310892549,3619.796115370326,0.0,21740.416702959577,17609.737529397255,56911.44880878883,-981.4299573248572,55930.018851463974,2375.8157383698654,58305.83458983384,60424.765227442025,1.8189894035458565e-12,3.126121583818531e-11,0,2.7284841053187847e-12
2025-08-19,S12,1200.000000000003,1200.000000000002,76280.71095067947,75655.82470092921,71866.2132225124,597.1855889232886,4316.665212048227,0.0,20153.018680986585,16323.945131599132,55469.132414815045,-240.43505672911851,55228.69735808593,2887.3899751422464,58116.08733322817,58596.95744668641,9.094947017729282e-13,2.5005775228237326e-11,0,9.094947017729282e-13
2025-08-20,S12,1200.000000000002,1200.0000000000011,85055.43931266238,81379.90636095779,76404.3582449244,609.0677132897761,2256.5166766009584,0.0,21611.67481550825,17505.456600561687,61126.65638744377,-983.5212033177813,60143.13518412599,3268.262867253099,63411.39805137909,65998.4881761417,1.8189894035458565e-12,2.660272002685815e-11,0,9.094947017729282e-13
2025-08-21,S12,1200.0000000000011,1199.999999999996,81654.12700996929,79108.67246250751,74202.26839820019,335.8421403384426,4604.005292103078,0.0,21524.667174222166,17434.98041111995,58407.06493810866,-761.3515638503304,57645.71337425833,1517.7985394242517,59163.51191368258,60839.365595496805,6.366462912410498e-12,4.019540256194887e-11,0,5.229594535194337e-12
2025-08-22,S12,1199.999999999996,1199.9999999999998,42736.40046317136,40994.29384288436,39285.802703035515,813.433272977862,16112.664416564427,261.0190979018024,13131.4897976166,10636.506736069443,24164.973693169093,-513.6205447895154,23651.353148379578,3371.8909524205337,27023.24410080011,28058.99442309756,4.547473508864641e-13,1.4527046232615248e-11,0,3.865352482534945e-12
2025-08-23,S12,1199.9999999999998,1199.9999999999995,42511.11378755878,42792.81342087697,40452.60951278669,136.9022186439346,14756.237154017084,454.72442498988505,14992.336854861296,12143.792852437657,23478.828506426085,295.701798144677,23774.530304570762,353.0414306294476,24127.57173520021,24127.57173520021,6.59383658785373e-12,6.73949784868455e-12,0,2.2737367544323206e-13
2025-08-24,S12,1199.9999999999995,1200.0000000000002,75059.56942999955,73475.50497557016,70223.01746601646,497.11923562350694,2975.16237260971,0.0,21112.55181945757,17101.16697376063,55415.782062189865,-396.6570326440633,55019.1250295458,2112.998333345169,57132.12336289097,58046.064813616445,2.2737367544323206e-13,2.000888343900442e-11,0,6.821210263296962e-13
2025-08-25,S12,1200.0000000000002,1200.0000000000014,97677.5954785567,88567.98247152948,80228.48350600169,183.77906153290886,5293.035170710198,0.0,22874.423053461986,18528.28267330421,70299.24494055149,-3583.2219927155966,66716.0229478359,625.429923580165,67341.45287141606,74549.87964197135,3.637978807091713e-12,6.458567014533401e-11,0,1.1368683772161603e-12
2025-08-26,S12,1200.0000000000014,1199.9999999999984,78366.5554203502,77019.1670994443,72025.50683145493,161.18714223182982,2601.1154069126833,0.0,21351.369386530263,17294.60920308952,57042.075226078116,-511.7489138936726,56530.32631218444,441.6839346415894,56972.01024682603,58054.73191824166,1.8189894035458565e-12,6.24389429049188e-12,0,2.9558577807620168e-12
2025-08-27,S12,1199.9999999999984,1200.000000000001,77997.13830029636,80643.28474820076,76721.9427244226,388.2163879844446,4754.777107776683,0.0,23374.911252440117,18933.6781144765,56218.02844260435,2544.7793851984898,58762.80782780284,1145.1179049334198,59907.92573273626,59907.92573273626,1.8189894035458565e-12,1.6768808563938364e-11,0,2.5011104298755527e-12
2025-08-28,S12,1200.000000000001,1199.9999999999989,77258.46427245688,79835.48347501675,75927.14573018394,700.6493368341787,1688.9384645383616,0.0,21952.955890244364,17781.894271097943,55509.01775873205,2990.3630050245265,58499.38076375658,3055.1074200754033,61554.48818383198,61554.48818383198,1.8189894035458565e-12,5.617550868919352e-11,0,2.0463630789890885e-12
2025-08-29,S12,1199.9999999999989,1200.000000000002,45468.44882073489,44244.936052833684,40745.58969211811,160.87047907559005,14822.185576654898,629.8274254209533,15259.08852167287,12359.861702555025,25482.049660584846,-389.0818878303471,25092.9677727545,884.3022698669159,25977.270042621414,26763.66777974032,1.8189894035458565e-12,1.3102408047416247e-11,0,3.183231456205249e-12
2025-08-30,S12,1200.000000000002,1199.9999999999998,44230.09169208651,42828.2437146696,40650.313186640175,444.1880757091264,19304.155489099787,357.97686431642524,15366.574082103996,12446.925006504232,24858.915197909122,-404.7802430093543,24454.134954899768,1415.2061530499054,25869.341107949673,26678.901593968385,3.89945853385143e-11,8.348877145181177e-11,0,2.2737367544323206e-12
2025-08-31,S12,1199.9999999999998,1200.0000000000002,77001.37029666809,74519.1526568358,70685.73704545561,1548.9520278281598,1693.6354902402827,0.0,20497.002630053616,16602.572130343426,55245.37689219108,-936.6291437821346,54308.74774840895,6774.184945483534,61082.93269389248,62987.30466143308,1.1368683772161603e-12,1.1340972605466959e-10,0,4.547473508864641e-13
2025-09-01,S12,1200.0000000000002,1200.0000000000014,85845.44376497096,81609.73596263616,65907.84190335311,0.0,7883.963479412464,299.7374390382272,21842.13921878478,17692.13276721567,54636.30487721256,-1027.1830507367195,53609.12182647584,0.0,53609.12182647584,55997.75219010353,1.8189894035458565e-12,1.814726147131296e-11,0,1.1368683772161603e-12
2025-09-02,S12,1200.0000000000014,1200.0000000000005,62385.41004495966,62198.427605229925,59726.46795177297,2004.9776708591935,3589.8142747732013,0.0,21494.081567678844,17410.20606981987,37576.39605650028,358.2168242120606,37934.61288071234,10605.21861315563,48539.83149386797,48763.551905555345,1.8189894035458565e-12,2.4556356947869062e-11,0,9.094947017729282e-13
2025-09-03,S12,1200.0000000000005,1200.0000000000007,68231.8010558474,66630.03865595792,62954.404946990086,539.6220828951515,3942.8644323106773,134.9840734893769,20360.322495185195,16491.8612211,43593.36845781391,-172.97754912439996,43420.39090868951,2446.1958571583505,45866.58676584786,46709.7406003502,9.094947017729282e-13,2.1884716261411086e-11,0,2.2737367544323206e-13
2025-09-04,S12,1200.0000000000007,1200.0000000000002,66170.2666652816,62459.78792059024,59534.22793585307,1032.4911879223696,2516.867190847733,287.9913686839086,20191.026390756884,16354.731376513082,43291.5322784938,-1227.1604502561167,42064.37182823769,4142.0055249582065,46206.377353195894,48660.69825370812,9.094947017729282e-13,3.292655037512304e-11,0,4.547473508864641e-13
2025-09-05,S12,1200.0000000000002,1199.9999999999989,41422.41916074544,40075.172661358316,33168.262551872176,0.0,21223.034576979942,1831.2711237343563,17314.18518153266,14024.489997041454,20097.920917001706,-429.1277378051127,19668.793179196593,0.0,19668.793179196593,20527.04865480682,1.3642420526593924e-12,1.7280399333685637e-11,0,1.3642420526593924e-12
2025-09-06,S12,1199.9999999999989,1200.0,36117.64657610524,35444.10204422888,31465.612538896617,967.8645001273885,20644.550182926832,1315.861657409489,14484.11315098779,11732.131652300108,17378.501909856623,-216.58173348459968,17161.920176372023,3187.2390546908673,20349.15923106289,20782.32269803209,1.8189894035458565e-12,1.0260237104375847e-11,0,1.1368683772161603e-12
2025-09-07,S12,1200.0,1200.000000000001,63350.785065268676,62427.35369961243,60381.07102611093,1269.368780885022,1764.0243032763299,429.4981447704437,23662.809169907858,19166.87542762536,40267.44999115214,-270.76056849677116,39996.68942265537,3481.563045162792,43478.252467818165,44019.773604811715,2.9558577807620168e-12,3.746336574295128e-12,0,9.094947017729282e-13
2025-09-08,S12,1200.000000000001,1199.9999999999968,70874.10978120848,70753.22058314268,66916.50399497143,1566.4979145002412,4526.900637895922,15.334086995650182,23922.092901298707,19376.895250051948,43706.15715661575,247.5715038328999,43953.72866044865,7865.798205088941,51819.52686553759,52012.45029519176,3.637978807091713e-12,8.185452315956354e-12,0,4.092726157978177e-12
2025-09-09,S12,1199.9999999999968,1199.9999999999998,60718.11851729142,61761.80559966745,59836.46796525037,1695.3651893293186,4297.682010488344,53.42313699565011,21462.598633836933,17384.704893407914,38039.40378744445,1401.4110855804247,39440.81487302487,8000.126538813331,47440.941411838205,47440.9414118382,9.094947017729282e-13,2.2869373061951137e-11,0,2.9558577807620168e-12
2025-09-10,S12,1199.9999999999998,1200.0000000000025,73882.38690469542,73464.38201169281,68329.51153144201,507.65937765995324,2889.262906368628,351.88567678356753,22526.44039973564,18246.41672378586,47304.2093925652,1483.5527521278636,48787.762144693064,2009.073920122755,50796.83606481582,51727.67218427233,1.8189894035458565e-12,2.8194335754960775e-11,0,2.7284841053187847e-12
2025-09-11,S12,1200.0000000000025,1200.0,75030.31584392604,67720.58378824517,61784.01511142585,507.3557305676455,4171.799219490342,418.12882208686676,22133.45798464707,17928.100967564133,47357.08155515553,-1982.4516877518472,45374.62986740368,2469.5188735789143,47844.14874098259,51984.98140131398,2.2737367544323206e-13,1.5916157281026244e-11,0,2.5011104298755527e-12
2025-09-12,S12,1200.0,1200.0,34624.15373020533,34577.67297212272,32445.96677030708,506.9532833616247,17660.755013457187,883.6356398170202,15036.174738918435,12179.301538523932,16112.613731819289,-6.8406062641624885,16105.773125555126,1333.1734016412527,17438.946527196378,17452.627739724707,1.8189894035458565e-12,1.7280399333685637e-11,0,0.0
2025-09-13,S12,1200.0,1200.0,36368.136091667024,36415.48642318013,33753.361560069316,174.0167625057448,21189.91187333318,1252.5066524297429,18304.51743936207,14826.659125883285,17006.584225620332,72.74744681748416,17079.331672437816,577.9082102878888,17657.239882725706,17664.747456556655,1.8189894035458565e-12,5.684341886080802e-14,0,0.0
2025-09-14,S12,1200.0,1200.0,76561.79272650201,76085.21743827034,69030.95672858719,424.1306454631683,4398.179275683983,380.9619824327475,24087.480873335036,19510.859507401365,49734.72098786151,627.5862062102533,50362.307194071764,1276.9188381147007,51639.22603218647,52257.038854777835,3.637978807091713e-12,7.73070496506989e-12,0,0.0
2025-09-15,S12,1200.0,1200.0000000000036,62278.34816935664,62565.02444671125,60328.44891170712,974.4050566060388,1550.43226651628,284.9020262561852,23160.46864319668,18759.979600989318,41228.778974129775,136.65858141493663,41365.43755554471,3917.3685913296144,45282.806146874325,45282.806146874325,1.5916157281026244e-12,2.8123281481384765e-11,0,3.637978807091713e-12
2025-09-16,S12,1200.0000000000036,1200.000000000001,77071.41430372412,70608.23957610675,67213.4548862306,666.9797200986275,4034.190340659955,238.53236639779414,21662.852189148034,17546.91027320991,50093.9869775889,-2252.1867592061317,47841.80021838277,2448.026949182347,50289.82716756512,54794.2006859774,4.547473508864641e-13,1.6129320101754274e-11,0,2.7284841053187847e-12
2025-09-17,S12,1200.000000000001,1200.0000000000005,73804.31219529078,69944.36686915738,65789.74680427529,365.1170598768055,1672.704435671478,415.2341144955426,21614.773231500665,17507.966317515537,48288.09964697143,-1336.6872807863983,46951.41236618503,1028.4118493001718,47979.824215485205,50653.198777057994,4.547473508864641e-13,1.4921397450962104e-11,0,4.547473508864641e-13
2025-09-18,S12,1200.0000000000005,1199.9999999999961,66762.96972788053,67597.33752025766,63423.84877269929,1773.4713472739647,1708.5512383545183,412.91096453479736,21683.193686406805,17563.38688598951,43691.09777641903,563.2739235464978,44254.37169996553,6123.312095683879,50377.68379564941,50412.495681191795,1.8189894035458565e-12,3.0105695714155445e-11,0,4.320099833421409e-12
2025-09-19,S12,1199.9999999999961,1200.0,36377.150638642444,36165.27584255919,33129.04813669926,205.06375010311308,13211.102448653715,1151.316832926816,15107.054150290382,12236.713861735208,17458.43669327895,-39.65435351898486,17418.782339759964,394.82218826101075,17813.604528020976,17969.84684530782,9.094947017729282e-13,5.4285465012071654e-12,0,3.865352482534945e-12
2025-09-20,S12,1200.0,1200.000000000001,37081.64607796736,36311.43497120239,33704.92465821896,773.6993899669906,14168.373540936507,1182.6943350016863,18326.96020481275,14844.83776589832,17265.254424110717,-253.61107064891985,17011.643353461797,2408.7857470142276,19420.429100476023,19927.651241773874,3.240074875066057e-12,1.9326762412674725e-12,0,9.094947017729282e-13
2025-09-21,S12,1200.000000000001,1199.9999999999995,73379.46791928064,71730.82013612865,66954.89543837387,123.44815811098695,4125.560071731884,256.7871519197523,23202.678365788797,18794.16947628892,47574.472926207985,-221.71843694599374,47352.75448926199,608.2066386023453,47960.961127864335,48984.61979385744,4.547473508864641e-13,1.496403001510771e-11,0,1.3642420526593924e-12
2025-09-22,S12,1199.9999999999995,1200.0,77979.11788493238,71406.5369848556,67484.47234782066,220.74687597929585,2610.8914259279118,364.19296398494373,21663.762897651304,17547.647947097554,51667.85490199128,-2299.5731356210817,49368.2817663702,981.9699839312001,50350.2517503014,54956.35709517189,2.2737367544323206e-13,2.091837814077735e-11,0,4.547473508864641e-13
2025-09-23,S12,1200.0,1200.000000000001,77160.34193384156,74368.78691647036,68913.99432408928,86.23416571515259,2474.592070345881,272.61726146538706,21770.54512978846,17634.14155512865,50670.264708765535,-951.6565365321076,49718.60817223343,472.51386147733336,50191.12203371076,52094.43510677501,1.8189894035458565e-12,7.815970093361102e-12,0,9.094947017729282e-13
2025-09-24,S12,1200.000000000001,1200.0000000000007,66592.41943794057,68176.7678601948,64529.60944408057,2587.9168221477626,1584.6469380803621,385.7533392940037,21494.21520449456,17410.314315640604,44337.12197140467,1462.794652789802,45799.91662419447,7681.199907751118,53481.11653194559,53481.11653194559,6.821210263296962e-13,2.5517365997984598e-11,0,2.2737367544323206e-13
2025-09-25,S12,1200.0000000000007,1199.9999999999945,73043.7519510297,73107.22603519053,68723.85175044718,377.2989726000684,4143.279517753098,425.87276801191933,22087.102827801307,17890.553290519067,47865.04139999313,228.16587801350397,48093.20727800664,1415.8552323555957,49509.06251036223,49630.03320978722,5.4569682106375694e-12,2.1827872842550278e-11,0,6.139089236967266e-12
2025-09-26,S12,1199.9999999999945,1200.0000000000011,37306.64787667217,36183.95648308668,33090.13003868977,42.32529409491411,11532.945516203297,921.3624507418319,15704.757188629248,12720.85332278969,17117.756895651575,-155.63877216253968,16962.118123489035,207.42144363724643,17169.53956712628,17908.130106328324,1.8189894035458565e-12,7.855049943827908e-12,0,6.59383658785373e-12
2025-09-27,S12,1200.0000000000011,1200.0000000000014,36347.439590109265,36655.40206776925,34296.7353774608,189.58757980586034,12862.111404692298,733.6775646347972,16259.114410208187,13169.88267226863,17152.182608682277,343.9455736320997,17496.128182314376,565.3347475673456,18061.462929881724,18061.462929881724,3.240074875066057e-12,3.2940761229838245e-11,0,2.2737367544323206e-13
2025-09-28,S12,1200.0000000000014,1200.0000000000016,75631.48434499386,74525.06263916552,70180.45365374611,278.82130066534506,2325.5053980543466,316.37248232449656,22788.252144031314,18458.48423666538,50106.68712736311,-402.85968982382474,49703.82743753929,1186.1216495581657,50889.949087097455,51696.24381642868,1.8189894035458565e-12,1.0544454198679887e-11,0,2.2737367544323206e-13
2025-09-29,S12,1200.0000000000016,1200.000000000003,76933.2733405368,73417.87939844068,69393.08933686916,306.5109162833148,2445.0433418043863,225.97743564023563,22466.778293199175,18198.090417491334,51075.98369510854,-1391.9063990649374,49684.0772960436,1216.7988505840622,50900.87614662766,53684.688944757545,1.8189894035458565e-12,9.72022462519817e-12,0,1.3642420526593924e-12
2025-09-30,S12,1200.000000000003,1199.9999999999995,75852.82428960293,74148.84400579207,69548.4009801835,2107.79573758146,1316.7988719949763,484.3325763750305,23331.002645938548,18898.11214321022,50878.307783132914,-744.2787136891129,50134.0290694438,8156.021165463907,58290.05023490771,59784.36770093323,4.547473508864641e-13,1.1970868740718288e-11,0,3.410605131648481e-12
2025-10-01,S12,1199.9999999999995,1199.9999999999995,71649.04108221656,67834.64406749478,60175.8362537484,61.70486495015168,5477.8050812824,969.2179988889112,21731.560553652253,17602.564048458335,44457.05559480701,-832.1284073479765,43624.927187459034,237.47874578077273,43862.40593323981,45526.66274793576,4.547473508864641e-13,3.4541036697532945e-11,0,0.0
2025-10-02,S12,1199.9999999999995,1200.0,76856.77140390011,69544.07037942704,62522.01512921364,31.860137306589422,5728.0180791091025,860.3293145143989,22288.130295947685,18053.385539717623,47619.2257525703,-1780.9429291032357,45838.28282346707,135.12873836968998,45973.41156183676,50493.77678037899,9.094947017729282e-13,2.0904167286062147e-11,0,4.547473508864641e-13
2025-10-03,S12,1200.0,1199.999999999997,67653.2211128016,65910.7255026299,39080.475671936314,0.0,22007.81262727587,5165.083995306714,21528.554470282827,17438.129120929094,30589.38880456354,297.01205053066224,30886.4008550942,0.0,30886.4008550942,31276.340367374985,1.8189894035458565e-12,2.291100642537458e-11,0,2.9558577807620168e-12
2025-10-04,S12,1199.999999999997,1200.0,36191.51988521234,35590.18124725644,32523.081233320783,154.46048270756648,15096.655338154686,1189.4241486487067,17344.630504692705,14049.15070880109,15501.35757344321,-141.50179644488708,15359.855776998324,598.5737714008848,15958.429548399208,16241.433141288984,4.547473508864641e-13,5.4569682106375694e-12,0,2.9558577807620168e-12
2025-10-05,S12,1200.0,1200.000000000001,75824.23116377054,71915.54863525742,65213.647467553164,255.86215852206323,5858.345606689325,606.0341565419106,22469.309453564816,18200.140657387514,46822.89382745291,-877.0868981893582,45945.80692926355,868.3683948759332,46814.17532413948,48754.22467138405,1.8189894035458565e-12,2.984279490192421e-11,0,9.094947017729282e-13
2025-10-06,S12,1200.000000000001,1199.9999999999998,65782.99116830887,66171.92299416459,62481.881961739324,1237.6055874555786,1303.3223022596371,430.9682172079838,22379.409366985714,18127.321587258437,41798.4556800606,347.5222862621158,42145.97796632272,4095.1562340846876,46241.1342004074,46241.134200407396,1.8189894035458565e-12,1.646149883072212e-11,0,1.1368683772161603e-12
2025-10-07,S12,1199.9999999999998,1200.000000000001,69419.31206795177,69389.9657800634,64897.29388866119,53.82996315206229,2527.1908962126854,555.283301363743,21563.613969667596,17466.527315430754,43120.819086924384,493.5799200972615,43614.399007021646,172.4753453037838,43786.87435232543,43992.47966820186,4.547473508864641e-13,3.6770586575585185e-12,0,1.1368683772161603e-12
2025-10-08,S12,1200.000000000001,1200.0000000000005,70603.0226267978,67978.20569860075,63046.094821602295,157.79911772859518,1959.9531810923017,692.5188430885136,21436.45393938636,17363.52769090295,44328.44701187579,-666.0018460035353,43662.445165872254,680.4391259178673,44342.88429179012,45674.88798379719,4.547473508864641e-13,3.4996343199097305e-11,0,4.547473508864641e-13
2025-10-09,S12,1200.0000000000005,1200.0000000000016,76016.08233827332,69975.5374945974,64615.83899369604,40.60922698895956,4250.149830388865,409.21110178262586,22300.555816737735,18063.450211557552,47488.22261545081,-1647.7905976519032,45840.43201779891,128.62147830929732,45969.0534961082,49264.634691412,2.2737367544323206e-12,2.0762058738910127e-11,0,1.1368683772161603e-12
2025-10-10,S12,1200.0000000000016,1200.0000000000014,34157.02102800145,33481.738244277476,32180.129835399184,182.4977046378485,19005.528414751203,853.2286988973744,16632.944788009463,13472.685278287665,14286.811259348502,-211.46890599312064,14075.342353355381,511.6633644754945,14587.005717830876,15009.94352981712,9.094947017729282e-13,1.000444171950221e-11,0,2.2737367544323206e-13
2025-10-11,S12,1200.0000000000014,1199.9999999999964,34616.54402009914,34554.7616628353,32560.24699667746,89.21194694272744,14246.358782341546,647.5317806220277,19206.604196438337,15557.349399115064,14419.56012979208,21.621246000873725,14441.181375792954,344.700702436554,14785.882078229508,14849.108480797662,1.5916157281026244e-11,4.654054919228656e-12,0,5.002220859751105e-12
2025-10-12,S12,1199.9999999999964,1200.0000000000014,68357.44095855398,67471.45243764267,64649.03359155387,1058.3026924474602,2897.567364909011,79.04567188744909,22188.248757218702,17972.481493347146,41676.86898290299,-6.9632219131235615,41669.90576098987,4974.944116740249,46644.849877730114,47180.27242204216,9.094947017729282e-13,4.547473508864641e-12,0,5.002220859751105e-12
2025-10-13,S12,1200.0000000000014,1199.9999999999995,72278.20804607854,66802.18312072523,62618.57559009856,791.9944503301517,1623.8054693620743,547.1045557723427,22169.814291022547,17957.549575728273,45230.53343798754,-1537.8217815336466,43692.711656453896,3190.2370743577944,46882.94873081169,49969.74817003531,1.8189894035458565e-12,2.2737367544323206e-11,0,1.8189894035458565e-12
2025-10-14,S12,1199.9999999999995,1200.000000000006,73771.15360647911,69410.06553105268,66552.05038829216,523.535511796207,1845.5578352554783,376.495412339264,21472.122995580547,17392.419626420226,46799.30641515752,-1386.728166172703,45412.57824898482,2284.459545683304,47697.037794668126,50484.747619948095,1.8189894035458565e-12,1.1993961379630491e-11,0,6.366462912410498e-12
2025-10-15,S12,1200.000000000006,1200.0000000000014,78439.67105696182,73517.00635006557,68957.95083669023,96.15766138429815,2443.0316047620477,357.0948036036352,22810.307577415115,18476.349137706253,49855.67958128374,-1822.8256618004089,48032.85391948333,364.5146083510579,48397.368527834384,52043.019851435194,1.8189894035458565e-12,1.4551915228366852e-11,0,4.547473508864641e-12
2025-10-16,S12,1200.0000000000014,1199.9999999999995,72405.52421698264,70039.02183765678,68496.17451514547,663.8207316363572,1472.6111558904684,190.26022899274005,23845.53111525588,19314.880203357265,46130.039318275594,-859.1039811520386,45270.935337123556,2734.4561514476454,48005.3914885712,49723.59945087526,2.2737367544323206e-12,6.139799779703026e-11,0,1.8189894035458565e-12
2025-10-17,S12,1199.9999999999995,1200.0000000000007,64406.56256702897,68560.81683963859,42892.41584262352,0.0,16948.78222331583,5500.192381813783,23364.43116224855,18925.18924142133,31146.67152192792,2882.553294875157,34029.22481680308,0.0,34029.22481680308,34050.960067738524,4.547473508864641e-13,8.58335624798201e-12,0,1.1368683772161603e-12
2025-10-18,S12,1200.0000000000007,1200.000000000001,33744.37077613123,32895.209579404676,31887.301417780633,420.085093311867,12261.846939870768,650.9814478121436,17462.97293022589,14145.008073482966,13955.470970164264,-252.1820721036238,13703.28889806064,1161.7950564238008,14865.083954484442,15369.44809869169,3.581135388230905e-12,4.89563944938709e-12,0,2.2737367544323206e-13
2025-10-19,S12,1200.000000000001,1200.0,75161.21761386516,71967.3889478459,69414.13445920579,641.3980548141899,1754.4068827063834,105.46001710414362,22683.910951979415,18373.96787110333,48665.05076632577,-1227.9098190171717,47437.140947308595,3027.1633408866696,50464.304288195264,52920.123926229615,4.547473508864641e-13,2.2282620193436742e-11,0,9.094947017729282e-13
2025-10-20,S12,1200.0,1199.999999999998,81255.22029857153,78143.73971341466,72124.1031640582,115.43533725521854,2965.709334633133,284.25400538065,23941.014708594696,19392.2219139617,53224.77352195508,-1213.0610866707502,52011.71243528433,427.9407905593812,52439.653225843715,54944.33625150588,2.2737367544323206e-12,2.2751578399038408e-11,0,2.0463630789890885e-12
2025-10-21,S12,1199.999999999998,1200.0,78724.41167313859,75860.24284824054,72429.10785689273,323.66634565010463,1417.7564666262283,506.0563591647716,22980.947509220096,18614.567482468272,51544.6937432438,-1147.3433808280242,50397.350362415775,1369.0028092933844,51766.35317170916,54072.26708121012,4.547473508864641e-13,6.726708079440868e-11,0,2.0463630789890885e-12
2025-10-22,S12,1200.0,1200.0000000000052,77123.74182878964,75063.86554741008,72050.85820517495,236.5133508803926,2233.0509617129396,186.6989515856285,22698.55233029868,18385.827387541936,50052.44647498798,-678.4370860532872,49374.00938893469,1047.11719630881,50421.1265852435,51778.000757350084,2.7284841053187847e-12,3.9758418779456406e-11,0,5.229594535194337e-12
2025-10-23,S12,1200.0000000000052,1199.9999999999982,88545.98212610192,83059.77296380063,73995.2627747303,165.1832291891875,5701.1812495003205,560.1103001384347,23787.67063656505,19268.0132156177,57331.597780542725,-1611.2512536487993,55720.346526893925,518.2974364225454,56238.64396331647,59991.56706261565,1.8189894035458565e-12,4.456365966598364e-11,0,7.048583938740194e-12
2025-10-24,S12,1199.9999999999982,1200.0,76715.59961779874,77550.27528000258,46001.04773463827,0.0,17587.6148644476,5437.5058897830695,23978.296124952376,19422.419861211427,37194.55251343311,754.5057667258661,37949.05828015898,0.0,37949.05828015898,37998.24675055499,1.1368683772161603e-12,2.9103830456733704e-11,0,1.8189894035458565e-12
2025-10-25,S12,1200.0,1200.0000000000005,37271.94459221769,35972.86831967673,33935.229064639956,253.41107058904868,10506.969106286735,665.749706324764,19039.413627811402,15421.925038527248,15263.59538066529,-162.48997192480238,15101.105408740488,755.5449249778807,15856.65033371837,16181.630277567976,3.637978807091713e-12,5.554223747594733e-12,0,4.547473508864641e-13
2025-10-26,S12,1200.0000000000005,1199.9999999999995,76689.89499722944,76694.43653707257,71625.34161062591,645.7052586174192,2976.972446233422,236.54348277549366,23753.78380825135,19240.564884683597,49631.16280642109,347.4024406882236,49978.56524710931,2584.802369497003,52563.367616606316,52757.214063111336,1.8189894035458565e-12,7.332801033044234e-12,0,9.094947017729282e-13
2025-10-27,S12,1199.9999999999995,1199.999999999999,72916.26832241043,74032.73224897457,70313.2584886924,65.13775287091994,2006.251146296346,385.95318171203894,23334.790773095996,18901.180526207758,47130.85816261657,1259.4541198099614,48390.31228242653,283.26913726984395,48673.58141969638,48697.491199993725,1.8189894035458565e-12,2.1827872842550278e-11,0,4.547473508864641e-13
2025-10-28,S12,1199.999999999999,1200.0000000000032,72788.70778383932,76041.80307499049,72863.80347673425,343.57878483714563,2477.169928820078,199.0796981562578,23993.215445237285,19434.504510642204,46954.21186098081,3575.0777612517995,50529.28962223261,1306.6881682335156,51835.977790466124,51837.49793506193,1.8189894035458565e-12,8.530953721219703e-12,0,4.092726157978177e-12
2025-10-29,S12,1200.0000000000032,1200.0000000000032,81595.1484871441,80952.00458689162,75773.17567127134,135.34671136841553,1969.9713450882793,235.2779577751063,23110.611998822955,18719.595719046592,54194.59675449314,-252.4727654364542,53942.12398905669,408.8665709360833,54350.99055999277,54855.93609086568,1.8189894035458565e-12,6.821210263296962e-13,0,0.0
2025-10-30,S12,1200.0000000000032,1199.9999999999984,73593.83357904418,73788.8865259448,70922.91382664903,512.5138693644766,1941.5505874822334,282.24263896586797,23283.246418765433,18859.42959920001,48330.640431633794,618.4788750961889,48949.11930672998,2076.808603195093,51025.92790992508,51219.42854082535,1.8189894035458565e-12,8.618883384770015e-12,0,4.774847184307873e-12
2025-10-31,S12,1199.9999999999984,1200.0,37968.40721644245,36599.755087410966,34474.43441080938,82.27789058717985,6368.912998526138,874.6629284144026,17941.285830470188,14532.441522680849,16593.83271517051,-408.7809232910713,16185.051791879438,182.5875808832196,16367.639372762656,17185.978127644612,9.094947017729282e-13,1.48983048120499e-11,0,1.5916157281026244e-12
2025-11-01,S12,1200.0,1200.0000000000018,36254.51130802374,35801.22622158471,34419.402594402614,242.8549607126356,7355.990266256978,1008.4308671231872,19756.831517903916,16003.033529502183,15266.594034893147,-131.20519395727388,15135.388840935873,526.2890304495284,15661.677871385402,15924.088259299957,3.0127011996228248e-12,1.042899100411887e-11,0,1.8189894035458565e-12
2025-11-02,S12,1200.0000000000018,1199.999999999999,78822.25881603487,76529.9558619998,73766.8136525285,818.0948407064179,956.2194757591432,153.905969185593,24623.153236615006,19944.75412165816,52558.55931696226,-950.5616893394326,51607.997627622826,3422.8472682516103,55030.844895874434,57183.97310619595,1.8189894035458565e-12,1.8189894035458565e-11,0,2.7284841053187847e-12
2025-11-03,S12,1199.999999999999,1200.0,82876.91159816993,80516.75014622006,75873.51565954319,167.60140268405814,1822.9598246658234,379.16491169929554,22810.852855414778,18476.79081288599,55558.42734262996,-855.0489701475817,54703.37837248238,549.550686371716,55252.9290588541,56992.81912449282,1.8189894035458565e-12,1.7060131085600005e-11,0,9.094947017729282e-13
2025-11-04,S12,1200.0,1199.9999999999986,78835.94458295108,78290.09799998061,74684.52128446633,217.24114060474037,2564.0005748222734,164.4551184996808,24174.91946534638,19581.68476693057,52221.197746064165,-73.11944635231339,52148.07829971185,749.6441547873842,52897.722454499235,53418.20448458526,1.8189894035458565e-12,4.89279727844405e-11,0,1.3642420526593924e-12
2025-11-05,S12,1199.9999999999986,1200.000000000003,84910.79552152242,80447.61948309523,75649.0406521528,303.4588932446895,1659.3129228052333,322.98514863860294,22590.428459405168,18298.247052118182,57272.14694060304,-1798.9356551358578,55473.21128546718,1398.0032374326356,56871.21452289981,60485.020511122486,4.206412995699793e-12,1.589306464211404e-11,0,4.320099833421409e-12
2025-11-06,S12,1200.000000000003,1200.0000000000036,79566.80352607704,79412.14997403842,76252.98530532933,333.24665679871305,591.4993889191734,306.1038401618214,22731.811489721113,18412.767306674108,53730.45545918576,-30.128927505655156,53700.326531680104,1631.9470548984361,55332.27358657854,55428.41406854433,1.8189894035458565e-12,5.9117155615240335e-12,0,6.821210263296962e-13
2025-11-07,S12,1200.0000000000036,1200.0000000000011,36044.41972764772,36354.13608499598,35212.18015988333,232.94267172961048,7704.3154631878515,674.0236701510953,19728.010078635074,15979.68816369441,14974.535284232374,386.96528453021347,15361.500568762587,759.5858714163251,16121.086440178911,16121.086440178911,1.8189894035458565e-12,1.4779288903810084e-12,0,2.5011104298755527e-12
2025-11-08,S12,1200.0000000000011,1199.999999999999,38891.28868562475,38656.76345179025,36528.43454193134,115.2993525467449,7941.926269372928,822.8540401479386,21514.455183985436,17426.708699028208,16226.93910127436,-77.49918082981821,16149.439920444542,285.14389218377687,16434.58381262832,16589.58217428796,3.0127011996228248e-12,5.4285465012071654e-12,0,2.0463630789890885e-12
2025-11-09,S12,1199.999999999999,1200.0000000000014,81899.47751799205,81206.7245523908,78175.36213854313,209.6706575989054,2092.635906088819,264.17910502115285,24638.950535256456,19957.549933557733,55275.225235763966,-108.7311155570278,55166.49412020694,838.1675291210224,56004.66164932796,56634.69333381382,9.094947017729282e-13,2.1373125491663814e-11,0,2.2737367544323206e-12
2025-11-10,S12,1200.0000000000014,1199.9999999999961,81051.72091388091,80895.51721914955,78332.05250609147,607.4549808107747,643.7133088942587,191.38749342097833,22347.176760984148,18101.213176397167,55703.57116792984,86.22233016202517,55789.793498091865,2374.851094803359,58164.64459289522,58450.13296735236,1.8189894035458565e-12,1.9099388737231493e-11,0,5.229594535194337e-12
2025-11-11,S12,1199.9999999999961,1200.0000000000036,84678.69582148289,83349.76268299362,78892.25892872243,140.6514326821657,2447.1509464883875,344.3181388392595,24644.324260053814,19961.902650643584,57555.81338089893,-511.7397227720794,57044.07365812685,483.62658483036205,57527.70024295721,58599.468897585815,9.094947017729282e-13,1.4551915228366852e-11,0,7.503331289626658e-12
2025-11-12,S12,1200.0000000000036,1199.999999999997,80004.71874433412,78658.96995562574,75393.4715004966,540.1900685622645,547.0219130858003,169.2942826480229,22428.198017500286,18166.840394175237,53907.14485913429,-445.53916569453577,53461.60569343976,2690.3286605541116,56151.93435399387,57261.071933008054,1.8189894035458565e-12,1.5575096767861396e-11,0,6.59383658785373e-12
2025-11-13,S12,1199.999999999997,1199.9999999999995,79628.04772411805,80949.73251588322,78645.90234463221,789.7676926909801,2613.638500947734,155.9764240864257,22474.651555907334,18204.467760284944,54648.16331203724,1750.9120191519469,56399.07533118919,3191.340096811133,59590.41542800032,59590.41542800031,9.094947017729282e-13,9.947598300641403e-12,0,2.5011104298755527e-12
2025-11-14,S12,1199.9999999999995,1200.0000000000045,36431.39344436847,36285.51432843821,35035.6330271088,227.65865134969368,3626.4523445044556,559.4977445789116,18309.92783881651,14831.041549441377,15612.697258179543,23.6321846674291,15636.329442846973,711.8464704909438,16348.175913337916,16483.08512794983,1.8189894035458565e-12,7.617018127348274e-12,0,5.002220859751105e-12
2025-11-15,S12,1200.0000000000045,1200.000000000001,42044.03062744577,40596.68293293844,38048.59650537059,263.3689904481701,5563.937794316894,553.5837558832711,20960.82646816814,16978.2694392162,17716.407051915176,-366.32610111189206,17350.080950803283,873.7647595978501,18223.845710401132,18956.49791262492,9.094947017729282e-13,3.524291969370097e-12,0,3.637978807091713e-12
2025-11-16,S12,1200.000000000001,1200.0000000000016,81474.13117459872,81569.59042579556,78979.13462447729,711.7081184280944,582.8761055704223,211.86992732573253,23481.854350925812,19020.30202424991,56034.260521672615,239.38863411228522,56273.6491557849,3343.835825174381,59617.484980959285,59668.93457917802,9.094947017729282e-13,1.0459189070388675e-11,0,6.821210263296962e-13
2025-11-17,S12,1200.0000000000016,1199.9999999999995,77877.26382073195,79742.91534469574,77007.24338076776,1049.45414716674,631.9933007408041,316.1584679534785,23225.21803108887,18812.426605181983,52954.1050496275,2077.5523977408448,55031.65744736834,3994.2208215066435,59025.878268874985,59077.42465728361,4.547473508864641e-13,2.2737367544323206e-12,0,2.0463630789890885e-12
2025-11-18,S12,1199.9999999999995,1200.0000000000002,83688.55988604567,81301.83029094414,78898.72450084699,718.7262782172077,160.1343122432791,327.13306420360345,22313.850364652386,18074.218795368433,57978.10397314147,-1144.458945814411,56833.64502732706,3668.5508436644777,60502.195870991534,62839.97689936105,4.547473508864641e-13,2.0966339775441156e-11,0,6.821210263296962e-13
2025-11-19,S12,1200.0000000000002,1200.0000000000005,83281.22563302597,81943.32975093831,79567.83376299388,857.2904108141075,438.7725001117667,219.97816420619483,23147.694260473818,18749.632350983786,58182.08765276172,-585.2320129115615,57596.85563985016,4171.281537448033,61768.137177298195,63007.22463105991,2.2737367544323206e-12,2.9459101824613754e-11,0,2.2737367544323206e-13
2025-11-20,S12,1200.0000000000005,1200.0000000000016,80504.1464873378,81994.47211436124,79623.59025488496,366.81208612689755,697.8408710882165,233.86015504330055,22450.659376562995,18185.034095016017,54866.401352380824,1999.8565935803927,56866.25794596122,1567.3724938614757,58433.63043982269,58433.93222609748,9.094947017729282e-13,1.354649725726631e-11,0,1.1368683772161603e-12
2025-11-21,S12,1200.0000000000016,1200.0000000000005,83029.19561232284,83101.58335147634,53267.87236679778,0.0,14163.890947147243,5504.1962161583915,24923.16387802894,20187.762741203453,43037.188023994946,88.25347989035072,43125.4415038853,0.0,43125.4415038853,43142.1466777103,1.8189894035458565e-12,1.6825651982799172e-11,0,1.1368683772161603e-12
2025-11-22,S12,1200.0000000000005,1199.999999999998,45112.08459155841,42208.12503489472,39967.33053882415,403.18479800036283,5597.225226561176,398.2543430796145,21869.50675710724,17714.300473256866,18727.42694931418,-540.4015016828344,18187.025447631346,1075.0623444644282,19262.087792095776,20342.890795461448,3.979039320256561e-12,1.2256862191861728e-11,0,2.5011104298755527e-12
2025-11-23,S12,1199.999999999998,1200.0000000000002,81771.6207293848,81477.34988577044,79429.6869429886,1020.0577945841836,758.8918819397262,206.88886195698137,22378.251107067026,18126.383396724294,56555.40988764254,-83.87170461719506,56471.53818302535,4942.761864317393,61414.30004734274,61639.88810208077,1.8189894035458565e-12,2.0518697851912293e-11,0,2.2737367544323206e-12
2025-11-24,S12,1200.0000000000002,1200.0000000000023,80285.72102197257,80659.52300992052,78914.64748721346,606.6291216972174,834.4701118547355,224.0165911100272,22636.032662873105,18335.18645692721,55320.57100771982,377.7242605289284,55698.295268248745,2472.8683394326076,58171.16360768135,58174.446966536336,2.2737367544323206e-12,1.943956107197664e-11,0,2.0463630789890885e-12
2025-11-25,S12,1200.0000000000023,1200.0000000000007,91602.71296021494,86664.70997257937,82312.04450014977,254.68606399119653,1743.6374166666674,238.368087147422,23242.445229790883,18826.38063613062,64298.098499119005,-2178.618541444019,62119.47995767499,919.129905047828,63038.60986272281,67450.5857984838,4.547473508864641e-13,4.687095156441501e-11,0,1.5916157281026244e-12
2025-11-26,S12,1200.0000000000007,1200.0000000000011,89028.43945872926,85244.13963806289,81420.0584987551,253.04777716137744,389.28351592353806,268.6616178460466,22407.864520071136,18150.370261257627,62752.10089165004,-1602.0864078224695,61150.014483827574,1190.2377139682724,62340.252197795846,65544.42501344079,4.547473508864641e-13,1.1752376849472057e-11,0,4.547473508864641e-13
2025-11-27,S12,1200.0000000000011,1199.9999999999984,85809.87465255869,84582.15950738848,81164.99729184163,277.99592960138364,960.5881820719931,289.1776008612785,23222.814237770544,18810.47953259414,60469.7791457205,-591.627124540435,59878.15202118007,1278.829756129718,61156.98177730978,62358.235277314816,1.3642420526593924e-12,4.3655745685100555e-11,0,2.7284841053187847e-12
2025-11-28,S12,1199.9999999999984,1200.0000000000018,40510.18156822269,40069.09427343212,38663.73265922801,305.4664003984644,4002.1030193040688,355.71178994448445,19421.819475673252,15731.673775295334,16952.65227817357,-136.5810747890173,16816.071203384552,885.559630884305,17701.630834268857,17974.7929838469,3.637978807091713e-12,1.1016965117960353e-11,0,3.410605131648481e-12
2025-11-29,S12,1200.0000000000018,1199.9999999999998,50183.25314811962,47435.40459163252,43817.90227697801,314.5550813989613,4625.618926698224,526.1349234086115,21322.386359316584,17271.13295104644,21151.351534908295,-617.7463919017791,20533.605143006516,707.7221192544533,21241.32726226097,22476.820046064524,4.547473508864641e-13,5.4569682106375694e-12,0,2.0463630789890885e-12
2025-11-30,S12,1199.9999999999998,1200.000000000001,88236.03458830317,88319.40312008333,85350.98649790433,662.1695867231492,612.8740845464388,210.188329102505,26027.71344374689,21082.44788943499,61879.18172523432,581.9879101947226,62461.16963542904,3292.3282426091905,65753.49787803824,66015.6281047773,9.094947017729282e-13,3.637978807091713e-12,0,1.1368683772161603e-12
2025-12-01,S12,1200.000000000001,1200.000000000003,90402.86202859739,88293.9373614741,87259.92494190548,3936.091606529418,432.0943036308995,167.62100002338582,22617.755323406906,18320.3818119596,68897.33512802536,-951.4849190888199,67945.85020893654,16010.526837989417,83956.37704692595,85872.89920763623,9.094947017729282e-13,1.892885848064907e-11,0,2.0463630789890885e-12
2025-12-02,S12,1200.000000000003,1199.9999999999977,99659.65855003454,96765.66305256708,93749.4237603479,1055.9013545321686,622.6024840416912,457.9416585369354,26773.531696323484,21686.56067402204,76078.68382542659,-1393.7821695918683,74684.90165583472,4631.736225703432,79316.63788153815,82104.20222072185,1.8189894035458565e-12,1.6709691408323126e-11,0,5.229594535194337e-12
2025-12-03,S12,1199.9999999999977,1200.000000000001,92455.8438548409,95495.07084444219,92184.98390199675,1026.0180819085808,915.1942938802572,314.8316744839095,25359.091836181808,20540.86438730727,69116.12699521013,4225.226013580032,73341.35300879016,3687.2275548404477,77028.5805636306,77037.43184817638,9.094947017729282e-13,1.8530954548623413e-11,0,3.183231456205249e-12
2025-12-04,S12,1200.000000000001,1200.0000000000016,100151.42803316013,95329.94295249843,91855.0341730093,611.8986717491464,746.5336571326068,202.26775639166055,24983.803585443347,20236.88090420912,76039.49874511958,-2304.5383742377016,73734.96037088188,3074.050054443691,76809.01042532557,81437.59762588258,4.547473508864641e-13,1.0821565865626326e-11,0,6.821210263296962e-13
2025-12-05,S12,1200.0000000000016,1200.0000000000023,49426.518827126754,48123.73244942926,46322.38126077196,902.5940043813495,1564.3870884408745,357.3181732980936,21008.64378990014,17017.00146981912,22376.027479250537,-291.96460917005606,22084.06287008048,2828.1734530543104,24912.23632313479,25511.099667489052,1.8189894035458565e-12,6.970424237806583e-12,0,6.821210263296962e-13
2025-12-06,S12,1200.0000000000023,1200.0000000000014,56512.71608577564,54682.535071964376,51178.81269973018,157.00437006354335,2369.502713235029,1066.795723074059,22288.883246410325,18053.995429592367,27251.046040882567,-494.4188524780802,26756.627188404487,470.5927394513801,27227.21992785587,28234.477554275763,9.094947017729282e-13,1.2802203741557605e-11,0,9.094947017729282e-13
2025-12-07,S12,1200.0000000000014,1200.0000000000005,104576.86791597254,100411.82113804412,95271.5268597207,503.19717501290427,2696.3864805875464,225.6310105913127,27368.55417660388,22168.528883049144,80251.54717585158,-1985.4968272649567,78266.05034858662,2554.771903435435,80820.82225202206,84802.77215468556,2.7284841053187847e-12,1.8268053736392176e-11,0,9.094947017729282e-13
2025-12-08,S12,1200.0000000000005,1199.999999999999,106048.01373668865,104875.42548491523,95621.06157641528,54.1100384776106,2562.4912223457277,374.90228557378384,25739.826264772688,20849.259274465883,81679.68289307889,-499.85314939322416,81179.82974368567,373.3099148888472,81553.13965857451,82554.91915543811,9.094947017729282e-13,5.6843418860808015e-12,0,1.3642420526593924e-12
2025-12-09,S12,1199.999999999999,1200.0000000000036,99519.1407767316,98604.81252594068,93398.69948295195,620.1970273374773,1749.168812954632,178.8403597007284,24749.647741934008,20047.214670966543,75131.6135715885,-347.6846680990566,74783.92890348945,3158.700915839988,77942.62981932944,78692.2165311917,9.094947017729282e-13,3.637978807091713e-11,0,4.547473508864641e-12
2025-12-10,S12,1200.0000000000036,1200.0000000000011,95892.11428573035,95361.66477765511,93005.53522375705,963.0619542029034,568.5555665755212,280.0110149474855,24907.43226194895,20175.020132178655,72679.32533206961,-273.0252268155309,72406.30010525408,4605.87869392259,77012.17879917668,77581.31823323015,1.8189894035458565e-12,3.8198777474462986e-11,0,2.5011104298755527e-12
2025-12-11,S12,1200.0000000000011,1200.0000000000007,99351.3953367082,96687.30640906192,91781.20283451048,395.54898415056175,1260.9790865631521,282.0702051073662,24591.83066837108,19919.38284138057,74155.54848144989,-1219.5038338142185,72936.04464763567,1599.8187021076878,74535.86334974336,76989.84946941277,1.8189894035458565e-12,2.546585164964199e-11,0,4.547473508864641e-13
2025-12-12,S12,1200.0000000000007,1200.0000000000027,54110.26487760728,54007.82117623121,51070.40944468471,176.03380549202936,2644.0391735792755,800.15222596431,21514.938775262253,17427.100407962418,25276.678449135023,103.02314846712761,25379.70159760215,632.7133796285201,26012.41497723067,26140.01316833255,4.547473508864641e-13,1.2164491636212915e-11,0,2.0463630789890885e-12
2025-12-13,S12,1200.0000000000027,1199.999999999999,55052.91350436092,55040.50366322856,51886.605398021646,215.97835639146015,3182.3669773858273,752.0743549501567,22997.94230917786,18628.333270434072,26259.26645081056,68.79826364604742,26328.064714456606,875.3148868115094,27203.379601268116,27250.2533344298,1.8189894035458565e-12,1.865529952738143e-11,0,3.637978807091713e-12
2025-12-14,S12,1199.999999999999,1200.0000000000014,95186.38727385881,96328.42189674507,92895.14721621238,1068.2458260084077,271.7980235338349,126.51875303219902,25191.3392929198,20404.984827265052,72035.24297310138,1521.2510011982085,73556.49397429959,5393.141014803759,78949.63498910335,78968.74727787334,9.094947017729282e-13,2.091837814077735e-11,0,2.2737367544323206e-12
2025-12-15,S12,1200.0000000000014,1200.0,96240.86619173171,96191.83599916597,93287.21301348507,1429.7265271762092,357.4910235727251,184.9214117082347,24762.995466913944,20058.0263282003,72801.19166670041,-18.92122003743134,72782.27044666298,7063.845170139293,79846.11561680227,79902.19870693072,2.2737367544323206e-13,2.864908310584724e-11,0,1.3642420526593924e-12
2025-12-16,S12,1200.0,1200.0000000000002,99911.76804949957,98628.92366825446,94895.03667296238,217.4264873180971,852.0947198580242,219.82507925602283,24328.694883332126,19706.242855499015,76208.42887600814,-602.4173651155725,75606.01151089257,822.8022203269618,76428.81373121953,77710.2126423281,3.637978807091713e-12,8.414952066218793e-12,0,2.2737367544323206e-13
2025-12-17,S12,1200.0000000000002,1199.9999999999964,100976.3146163346,99614.86445629079,94584.72096895745,384.9065454069631,1832.854631887098,333.9217791345891,24268.442298294944,19657.43826161891,77521.91603449776,-626.3901312147354,76895.52590328302,1682.040594980608,78577.56649826362,79878.02329853011,1.8189894035458565e-12,2.4574120516263065e-11,0,3.865352482534945e-12
2025-12-18,S12,1199.9999999999964,1200.0000000000039,97594.14682090332,97510.31480615599,93137.27947399879,228.24862217013037,1119.1533761630317,251.31197043248494,24362.08306793036,19733.28728502359,73597.96706738867,197.36834474171337,73795.33541213039,907.0932931981289,74702.42870532851,74835.34492538056,1.8189894035458565e-12,5.848654893725325e-11,0,7.503331289626658e-12
2025-12-19,S12,1200.0000000000039,1200.0000000000011,54211.745930364865,53989.57849999555,50373.48914592789,362.56843355935683,2620.817407480268,1089.5239078274271,21670.1313904187,17552.806426239153,25532.403361590696,-3.326714382870705,25529.076647207825,1252.1837957424782,26781.260442950304,26986.68279084416,9.094947017729282e-13,5.9117155615240335e-12,0,2.7284841053187847e-12
2025-12-20,S12,1200.0000000000011,1200.0000000000036,52706.052348961806,50666.30450673894,49215.50069584443,492.9019022015008,2036.3738534900924,612.2435235044138,22123.33142658635,17919.898455534934,25027.50159351559,-609.7054964282106,24417.79609708738,1291.2801214241138,25709.076218511495,26928.487211367905,2.0463630789890885e-12,3.817746119239018e-11,0,2.5011104298755527e-12
2025-12-21,S12,1200.0000000000036,1200.0000000000036,100765.47744050756,100635.06947962103,96311.6867673278,279.6300904123828,1979.7676676748338,215.373444765096,28202.073045440127,22843.679166806513,76268.3129368168,-52.21277708779962,76216.100159729,1377.1525096170642,77593.25266934607,77700.41691410054,3.637978807091713e-12,6.792788553866558e-12,0,0.0
2025-12-22,S12,1200.0000000000036,1200.0000000000018,96311.36535915433,96416.06992679836,93635.61014400847,777.7457315063232,722.9844293100023,118.2311151630895,24393.227619517827,19758.514371809448,73679.13684272267,121.22115949293948,73800.35800221561,3283.6675710657787,77084.02557328138,77110.76985178958,4.547473508864641e-12,1.6370904631912708e-11,0,1.8189894035458565e-12
2025-12-23,S12,1200.0000000000018,1200.0000000000018,99874.39301828883,98652.72572521471,93255.7355224727,250.82839465296826,1401.7581856910106,206.15840993024733,24423.97256932145,19783.417781150376,75990.22263188112,-334.2659907708876,75655.95664111023,1260.8698797354787,76916.8265208457,78051.62040120098,9.094947017729282e-13,1.935696047894453e-11,0,0.0
2025-12-24,S12,1200.0000000000018,1199.9999999999977,98339.30044658933,98161.41160730793,93860.36399217982,142.7632964836548,1291.575862307533,136.4606789416723,24844.902267092628,20124.37083634504,74474.1269784698,-89.21045346588653,74384.91652500391,512.7170598144194,74897.63358481832,75076.0544917501,3.637978807091713e-12,7.332801033044234e-11,0,4.092726157978177e-12
2025-12-25,S12,1199.9999999999977,1200.0000000000018,96553.49250500169,97781.42841323132,93097.07697507797,556.7845928555648,1037.3185918955448,164.94218944323086,24416.59080663907,19777.438553377644,72506.74208649334,1742.7439675605856,74249.48605405392,2433.9556270828434,76683.44168113677,76683.44168113677,2.2737367544323206e-13,1.1368683772161603e-13,0,4.092726157978177e-12
2025-12-26,S12,1200.0000000000018,1200.0000000000034,51322.950540287646,51257.36091366179,48982.573734481666,509.25651302845023,1358.2590371484896,1048.7391665655666,21458.997949803823,17381.788339341092,23827.872358294997,-23.23221052415829,23804.64014777084,1644.6609567637838,25449.30110453462,25500.552327453963,9.094947017729282e-13,1.821831574488897e-11,0,1.5916157281026244e-12
2025-12-27,S12,1200.0000000000034,1199.999999999999,44181.64683627937,43134.71655431902,42964.52195122845,5048.606484545887,384.1692996598863,250.30981657334883,21262.31712039178,17222.47686751734,19135.765247162824,-255.18718241314855,18880.578064749676,18778.79983636453,37659.3779011142,38249.32162725246,1.8189894035458565e-12,4.686029342337861e-12,0,4.320099833421409e-12
2025-12-28,S12,1199.999999999999,1200.0000000000005,101246.46962647422,98953.677998273,93396.3475981513,78.20075008008962,1267.8858591081653,699.9101408104685,24723.67157006741,20026.173971754608,76669.16097194643,-1078.2957837236172,75590.86518822282,283.8669675752312,75874.73215579805,78031.32372324527,9.094947017729282e-13,6.403411134670023e-11,0,1.3642420526593924e-12
2025-12-29,S12,1200.0000000000005,1200.0000000000005,101675.81826169799,101532.98544107283,94245.78194795441,34.92455671237997,1456.6049715738448,519.5227263789974,25162.17126340681,20381.35872335952,76552.33408438435,-60.30216952288174,76492.03191486147,153.47850043906004,76645.51041530052,76766.11475434627,9.094947017729282e-13,7.503331289626658e-12,0,0.0
2025-12-30,S12,1200.0000000000005,1200.0000000000002,95990.49680048884,93394.91264779482,90826.5429813835,681.1717705576762,366.43546312628314,351.73807995989273,24027.045309763453,19461.906700908406,71072.7093129913,-1163.9959262811026,69908.7133867102,3328.256805736035,73236.97019244623,75564.96204500843,9.094947017729282e-13,4.1382008930668235e-11,0,2.2737367544323206e-13
2025-12-31,S12,1200.0000000000002,6000.0,106634.39740141347,106617.07730688121,99855.90722367215,287.80497562620525,1160.5602046868078,287.794080358604,30152.28937326106,20103.354392341473,78929.67209071005,245.5949583558977,79175.26704906595,1181.325679782316,80356.59272884826,80516.52004016565,2.2737367544323206e-13,1.3642420526593924e-11,0,0.0
