date,strategy,soc_initial_kwh,soc_final_kwh,zero_plan_kwh,final_plan_kwh,used_plan_kwh,emergency_kwh,curtail_kwh,spill_kwh,charge_kwh,discharge_kwh,plan_cost_yuan,adjustment_cost_yuan,market_cost_yuan,emergency_cost_yuan,total_cost_yuan,alternative_total_cost_yuan,max_solver_eq_residual,max_solver_ub_violation,simultaneous_charge_discharge_count,soft_terminal_deviation_kwh
2025-02-01,S12,6000.0,6000.000000000001,51868.30692697806,47958.06634335888,43154.78913650185,35.51561408291121,3479.504157116007,1300.5202826033662,21221.601987010814,17189.497609478763,27631.61269087223,-1153.0505203828216,26478.562170489407,173.4538598212606,26652.016030310668,28958.11707107631,1.8189894035458565e-12,2.0372681319713593e-10,0,9.094947017729282e-13
2025-02-02,S12,6000.000000000001,6000.000000000001,98867.75183414768,98867.75183414767,87416.7480702503,43.53761863035277,3645.981231828719,566.913483594471,25742.700123459956,20851.587100002565,63449.261397272196,7.275957614183426e-12,63449.2613972722,136.73773580612252,63585.99913307832,63585.99913307832,9.094947017729282e-13,1.4551915228366852e-10,0,0.0
2025-02-03,S12,6000.000000000001,6000.000000000002,103072.2583239474,103072.25832394739,90097.37240825308,0.0,4351.215867262677,582.6958840776565,26034.442931119716,21087.898774206973,66316.14009894637,0.0,66316.14009894637,0.0,66316.14009894637,66316.14009894637,9.094947017729282e-13,1.1641532182693481e-10,0,9.094947017729282e-13
2025-02-04,S12,6000.000000000002,6000.000000000004,98875.82472732317,93176.24571858274,87734.26465762868,174.37104703294858,1494.492633896983,497.0161873721257,24854.015438907787,20131.75250551532,63487.307859349414,-2161.633307733631,61325.67455161578,490.02256756306133,61815.69711917885,66138.9637346461,1.8189894035458565e-12,4.931166586175095e-12,0,1.8189894035458565e-12
2025-02-05,S12,6000.000000000004,5966.1333129723635,90752.97991106953,88834.76061835403,85547.85669268909,737.8781204898161,781.9866112409611,176.13023288344084,24261.426337084617,19682.235351363423,57251.381916445054,-708.0205383094944,56543.36137813556,2611.8884837939568,59155.249861929515,60616.526523486486,1.8189894035458565e-12,2.4101609596982598e-11,0,33.86668702764018
2025-02-06,S12,5966.1333129723635,5920.034164277949,97174.60809534663,90780.59371678131,86324.49907980811,173.3029552589071,1322.4124549428484,290.2157020860385,24503.188922086767,19889.072260715264,61822.175998654384,-2366.3445342338237,59455.83146442056,717.2374348762343,60173.06889929679,64919.28867876445,9.094947017729282e-13,1.2505552149377763e-11,0,46.09914869441491
2025-02-07,S12,5920.034164277949,5906.933341679899,49464.35804210532,45515.59015914891,41675.98661624273,28.103877098109308,5182.079332822933,727.249368705794,21057.22560780898,17068.14348266352,25971.495828807405,-1125.0324622163025,24846.463366591102,142.57618205264225,24989.039548643745,27241.89961012636,1.8189894035458565e-12,2.8421709430404007e-12,0,13.10082259804949
2025-02-08,S12,5906.933341679899,5840.233350148179,37315.82279097455,37489.15148659546,36223.31249441363,855.7286524204126,1525.7649399155023,426.20317392839075,18999.68583527379,15449.775518950317,19455.751101258167,205.73976022329225,19661.49086148146,3211.7637984424164,22873.254659923878,22873.254659923878,1.8189894035458565e-12,9.322320693172514e-12,0,66.69999153172012
2025-02-09,S12,5840.233350148179,5840.233350148179,91364.28525901762,91254.59030476806,86435.37347995584,201.42531986636837,2169.056658593295,199.77775081347534,24802.886440783026,20090.338017034253,57703.65792806026,-23.38917478625808,57680.268753274,772.868352382354,58453.13710565636,58502.710592278876,9.094947017729282e-13,1.738698074404965e-11,0,0.0
2025-02-10,S12,5840.233350148179,5818.27691462025,88498.77030081348,86637.4318701907,82077.8140956155,113.97678644142894,2891.9529747548727,377.4718309369713,24292.04886845733,19696.320375425563,55700.98659287502,-652.9551235565596,55048.03146931846,435.52142117794256,55483.55289049641,56806.81555983841,1.8189894035458565e-12,2.3646862246096134e-11,0,21.95643552792899
2025-02-11,S12,5818.27691462025,5818.2769146202545,89586.85406395477,83787.17389765372,80580.66119402347,299.47049114152776,1126.8043956698502,126.55076172522467,23190.41786545588,18784.238471019256,56656.67590941588,-2167.6381293106097,54489.03778010527,1377.4359132372913,55866.47369334256,60388.84195499284,3.637978807091713e-12,2.4996893444040325e-11,0,4.547473508864641e-12
2025-02-12,S12,5818.2769146202545,5818.276914620256,88116.23253782176,85414.5617209417,81501.67618318932,469.4828629425532,1919.4730211969138,220.78394611709143,24021.92602886604,19457.7600833815,55349.47117525351,-964.7576613394776,54384.71351391403,1852.7748090030677,56237.488322917096,58189.54381091642,1.8189894035458565e-12,1.4567433481715854e-11,0,1.8189894035458565e-12
2025-02-13,S12,5818.276914620256,5780.2294182203495,84126.50026176737,82656.02525893856,78290.64237596889,411.2889982183086,2748.4918506566237,230.25051345104373,23305.014421961805,18911.304428548978,52481.65645122487,-471.6324650132665,52010.02398621161,1365.1779732996056,53375.201959511214,54334.56119469131,2.9558577807620168e-12,2.8251179173821583e-11,0,38.04749639990678
2025-02-14,S12,5780.2294182203495,5780.2294182203495,41415.06768919979,41559.506933512734,39597.9901191394,347.2029190439525,5896.23456448513,395.0187821695584,20274.40986769473,16422.271992832735,21221.010385310252,225.60669269111168,21446.617078001364,1191.2710707532863,22637.88814875465,22658.322596655325,1.8189894035458565e-12,6.341593916658894e-12,0,0.0
2025-02-15,S12,5780.2294182203495,5717.884494413042,41115.40750920509,40084.48755422393,38719.93578347072,533.1052666764629,6120.337908446142,415.7456675397733,18384.088450462274,14947.222076301021,21477.440807627732,-285.3434751159002,21192.097332511832,2393.9870794646263,23586.08441197646,24223.94862747068,1.8189894035458565e-12,7.717382288774388e-12,0,62.34492380730717
2025-02-16,S12,5717.884494413042,5717.8844944130415,88817.57733632426,83497.30966665281,80668.92634571542,859.9732582795914,1660.3918986041645,88.58890676626788,23171.261571708306,18768.721873083723,55742.20882660645,-1945.5871089236825,53796.62171768277,3280.952936368383,57077.57465405115,60968.74887189853,1.8189894035458565e-12,2.7540636438061483e-11,0,9.094947017729282e-13
2025-02-17,S12,5717.8844944130415,5713.2955756078945,91458.63808252086,86134.81374347873,79809.79678748829,202.79144667264785,4281.977467535473,131.82523498674334,23258.170483666538,18843.24811869453,57049.78669115081,-1780.6663498035123,55269.1203413473,757.3046835774488,56026.42502492475,59587.75772453178,9.094947017729282e-13,7.617018127348274e-12,0,4.588918805146932
2025-02-18,S12,5713.2955756078945,5695.30905146542,80896.35876833278,80954.97192941562,78595.60889812096,428.85919095358736,2302.099744046015,195.04504697284813,23432.228349739882,18996.292835017524,50329.66931113554,57.50660761730251,50387.175918752844,1481.5565862926173,51868.73250504546,51868.73250504546,1.8189894035458565e-12,5.7411853049416095e-12,0,17.98652414247408
2025-02-19,S12,5695.30905146542,5675.655885265122,83362.145671457,83270.16603826017,79899.23337632549,248.3986901593912,2504.5562965689505,151.89457594421594,24366.00873799308,19754.15492735467,52122.59220425924,-31.602145398072025,52090.99005886117,1014.0498000328452,53105.039858894015,53168.24414969017,9.094947017729282e-13,8.711253940418828e-12,0,19.653166200298074
2025-02-20,S12,5675.655885265122,5670.089705966631,84427.30223784238,82498.74344228081,77656.96003789433,169.0681371135339,2292.4443294087337,249.6485993853605,22609.53196973201,18318.730456851576,52276.93121516054,-558.1282655528994,51718.80294960764,810.7533341540387,52529.55628376168,53901.54039850796,1.8189894035458565e-12,2.497202444828872e-11,0,5.566179298491079
2025-02-21,S12,5670.089705966631,5613.716974584661,38411.3950495258,38348.23550161879,36740.96870997436,170.8631396679068,6943.958647509625,801.0922315280523,19248.707344815983,15642.18840754472,19746.59267702519,24.52728508358632,19771.119962108776,624.1776715205064,20395.29763362928,20470.8910636638,1.8189894035458565e-12,6.288303211476887e-12,0,56.37273138196997
2025-02-22,S12,5613.716974584661,5585.328857592065,38446.31780129902,37907.94169144725,36296.90292887964,299.33711505448923,4825.139661607938,471.0875765368893,18319.995935522653,14864.746013066688,19909.04769037351,-14.814893915230641,19894.23279645828,1084.7632938892896,20978.99609034757,21330.354297700997,3.637978807091713e-12,2.3646862246096134e-11,0,28.388116992596224
2025-02-23,S12,5585.328857592065,5550.115234425947,83577.96018985065,79512.3406401897,76735.74383219665,551.778675687941,1308.6437778097315,145.48425906088198,22806.48972910608,18504.94894142543,51834.24103019331,-1408.3135059088963,50425.927524284416,1814.1014790589688,52240.029003343385,55126.45522407879,9.094947017729282e-13,2.8421709430404007e-11,0,35.21362316611794
2025-02-24,S12,5550.115234425947,5550.115234425947,79426.88799091055,77614.62603996464,74794.74881381789,603.5973760018643,2501.1882202658444,279.8022658974771,23233.274142051305,18818.95205506156,49383.33574166818,-699.3108906349371,48684.024851033246,2159.7391742804775,50843.76402531372,52242.38580658362,9.094947017729282e-13,8.743228363528033e-12,0,0.0
2025-02-25,S12,5550.115234425947,5550.115234425949,82482.67092719377,78911.10506470536,74559.0913914324,229.83104864501865,4481.460539751166,240.1352258179578,22347.38653249981,18101.38309132484,51273.909869867566,-1073.226294051834,50200.68357581573,821.1533910331874,51021.83696684892,53348.0745269778,1.8189894035458565e-12,1.7358559034619248e-11,0,1.8189894035458565e-12
2025-02-26,S12,5550.115234425949,5538.172902835099,75911.46756601662,77350.3627956917,74673.51476685748,298.79976810019446,1587.0778957109128,127.67410475766815,23439.276839934337,18996.56233877858,46305.91494482754,1396.8580029822624,47702.772947809804,1377.8582238418976,49080.6311716517,49080.6311716517,9.094947017729282e-13,1.7109869077103212e-11,0,11.94233159084979
2025-02-27,S12,5538.172902835099,5526.88520609445,77793.30159519395,77564.37791407923,72954.83761165512,131.70742866314595,1552.5758347772205,153.2939594490341,23338.157753466254,18914.06670737424,47898.64768972013,-31.088301132956985,47867.55938858717,635.6185439849299,48503.1779325721,48617.79710681729,1.8189894035458565e-12,2.5146107418549946e-11,0,11.287696740649153
2025-02-28,S12,5526.88520609445,5526.885206094451,35291.83188002385,35277.96343197259,33827.14535801784,268.16413544663413,6889.158548023446,522.2862065523868,17848.795730992835,14457.52454210419,18307.782182494717,-2.6759170514887956,18305.106265443228,966.2711346726256,19271.377400115853,19276.729234218834,1.1368683772161603e-12,1.0061285138363019e-11,0,9.094947017729282e-13
2025-03-01,S12,5526.885206094451,5503.491079883136,42305.10698313717,39781.20143002974,37105.23392911319,66.71700048493668,9275.65437881708,710.1572213327577,18675.937419500657,15148.564023385712,21685.38512440329,-643.9460677807401,21041.43905662255,316.01329579250284,21357.45235241505,22668.10435115639,1.8189894035458565e-12,1.4303225270850817e-11,0,23.39412621131487
2025-03-02,S12,5503.491079883136,5503.491079883134,83006.28366829403,80475.60585201759,77250.10233684296,942.1439499704137,1171.1595982169033,118.77107234270977,23915.83447151094,19371.825921923868,51215.04711859692,-920.4846941884316,50294.56242440849,4461.891955181624,54756.45437959011,56597.42376796699,1.1368683772161603e-12,1.0931699989669141e-11,0,1.8189894035458565e-12
2025-03-03,S12,5503.491079883134,5460.880966858255,85041.68819177266,82818.49930283212,78437.54546794611,322.3258303876977,2009.4852387869212,238.55787138906362,23858.056087088655,19363.3745322642,52813.79669143184,23.10951199430565,52836.906203426144,1145.6625002520755,53982.56870367822,56025.53550095873,1.8189894035458565e-12,1.2816414596272807e-11,0,42.610113024878956
2025-03-04,S12,5460.880966858255,5398.726770695198,75832.21453562107,76030.82594977503,73761.70917856769,1041.3520838574595,1049.828534086109,203.20495713802416,23192.150602181322,18841.580764313625,46798.57435550783,162.00484884073376,46960.57920434856,2879.463258178405,49840.042462526966,49840.042462526966,9.094947017729282e-13,2.1827872842550278e-11,0,62.15419616305735
2025-03-05,S12,5398.726770695198,5398.7267706952,79065.50177395562,75413.10757791516,72216.10655478276,412.17937800891,1965.255014042882,146.59679741793457,23084.01107718009,18698.04897251587,48614.56295981111,-1238.6072615055746,47375.95569830554,1418.737405506919,48794.69310381245,51308.539209981645,1.8189894035458565e-12,4.320810376157169e-11,0,1.8189894035458565e-12
2025-03-06,S12,5398.7267706952,5398.726770695202,75103.72538837785,74096.55102445549,71530.79154969275,501.536557282201,1356.7241240128146,373.6223166164324,22954.355436907237,18593.02790389487,46036.528519694664,-345.3348973361426,45691.19362235852,2073.846107289302,47765.039729647826,48471.6186074315,9.094947017729282e-13,8.72191208145523e-12,0,1.8189894035458565e-12
2025-03-07,S12,5398.726770695202,5398.726770695204,36746.11936635787,34844.7909411957,33030.1631945237,226.83255523564236,8285.640468875568,784.2178171183114,17183.431212800653,13918.579282368528,19415.47226805533,-660.39069770075,18755.08157035458,733.6022539043929,19488.683824258973,20809.465219660477,9.094947017729282e-13,1.2708056829069392e-11,0,2.7284841053187847e-12
2025-03-08,S12,5398.726770695204,5373.247012791323,31415.167086754547,31430.28859977113,30523.626837490407,765.221640108741,8825.284789114892,433.3340727194166,15736.95726953511,12769.867170436939,16506.100655105984,45.652730738642276,16551.753385844626,2302.2982011326308,18854.051586977257,18873.707840438627,1.8189894035458565e-12,1.4225065569917206e-11,0,25.479757903881364
2025-03-09,S12,5373.247012791323,5373.247012791321,77650.69939944337,73175.03016911852,69095.67312104205,759.3999950713446,2010.0469385976003,206.3559850016012,22658.658644811385,18353.51350229722,47248.277993001146,-1354.693090391469,45893.58490260968,3509.887382315626,49403.4722849253,52112.858465708225,9.094947017729282e-13,3.12212478092988e-11,0,1.8189894035458565e-12
2025-03-10,S12,5373.247012791321,5369.885166637807,76458.54013105373,75563.17869411256,73251.5015420521,937.9911379878624,1622.7774209704417,210.3587352038843,22722.68808107269,18408.403007207035,46499.07320656926,-330.707049214805,46168.36615735445,4076.3547540960285,50244.72091145048,50906.13500988011,9.094947017729282e-13,2.3646862246096134e-11,0,3.361846153514307
2025-03-11,S12,5369.885166637807,5363.359682435378,67208.65622583398,68606.2873416481,66051.46723618911,2980.2402716882125,541.6737034616181,357.94037304869425,22100.25035341681,17907.075722049798,40970.00561203863,1046.5231604126675,42016.5287724513,11417.292276085998,53433.8210485373,53438.240717144974,3.637978807091713e-12,1.1574741165532032e-11,0,6.525484202428743
2025-03-12,S12,5363.359682435378,5348.036787964882,75954.87402241983,72615.30206354849,68739.86191793827,425.8596922397405,2359.433292842802,255.84252197856176,21730.00903708808,17615.097925064794,46406.68687805784,-1072.3805517578294,45334.30632630001,1358.9529927307963,46693.2593190308,48848.38578408698,1.8189894035458565e-12,1.4068746168049984e-11,0,15.322894470496067
2025-03-13,S12,5348.036787964882,5326.614430416553,77135.09483016911,78144.94391665458,74502.28579468143,466.61587257236897,2926.849006047149,104.09895385482571,23219.030591993083,18826.694901307903,47058.60777370051,1191.9168419240377,48250.52461562455,1978.0872350336435,50228.61185065819,50288.72537117938,1.8189894035458565e-12,1.9099388737231493e-11,0,21.422357548329273
2025-03-14,S12,5326.614430416553,5326.614430416555,33507.89961902917,33575.06677719699,31278.315979284172,84.53213458756852,11742.54352656903,424.82596773941015,16663.434927526177,13497.382291296204,17489.043093684377,88.42091595780585,17577.464009642183,270.4038455869882,17847.86785522917,17854.704147822093,9.094947017729282e-13,8.473222123939195e-13,0,1.8189894035458565e-12
2025-03-15,S12,5326.614430416555,5326.614430416554,32140.550589722585,32331.415124416908,30979.60208391439,383.9494632706045,7065.095780419164,304.6115376238467,16156.416206010439,13086.69712686846,16648.347705101343,267.72674514097525,16916.07445024232,1303.4752062207435,18219.549656463063,18243.899982801966,1.8189894035458565e-12,4.316547119742609e-12,0,9.094947017729282e-13
2025-03-16,S12,5326.614430416554,5289.456202080237,73254.0556666837,71636.05372729084,68699.20956455418,912.2178905293754,1564.2461474630632,393.059030389144,22823.77762842456,18520.70228452658,44931.748497653185,-518.9411936654215,44412.80730398776,3931.1471522542975,48343.95445624206,49598.545071270724,1.8189894035458565e-12,1.4067857989630284e-11,0,37.158228336316824
2025-03-17,S12,5289.456202080237,5289.45620208024,70502.84186458366,68968.68481567397,64234.994256262224,386.8931742119293,2487.7265526075344,285.8113058642656,21001.148098258134,17010.92995958909,42136.685208542796,-48.36335371253517,42088.32185483026,1982.1610309437715,44070.482885774036,45161.384763813556,1.8189894035458565e-12,2.318945035995057e-11,0,2.7284841053187847e-12
2025-03-18,S12,5289.45620208024,5289.456202080241,78800.40095278049,75774.06116293401,70385.52397674552,144.95239178812324,4765.636605956949,342.3601593726413,22613.269665986358,18316.748429448944,48618.11839706503,-949.2125955950978,47668.90580146993,373.1844096473219,48042.090211117255,49940.515402307465,1.8189894035458565e-12,3.8198777474462986e-11,0,1.8189894035458565e-12
2025-03-19,S12,5289.456202080241,5289.456202080237,66658.56600363902,68484.27051416617,65541.72215116156,471.35372585624157,2028.0148385132215,323.1681547104605,22086.43386207424,17890.011428280126,40524.33445762936,1682.4401959087627,42206.77465353812,1552.5640010906407,43759.338654628766,43759.338654628766,3.637978807091713e-12,4.231281991451397e-12,0,4.547473508864641e-12
2025-03-20,S12,5289.456202080237,5289.456202080236,73765.5459620643,68048.80660698499,65833.69177949143,1342.9698877871758,612.0412628390151,195.66224228121507,21894.717607851144,17734.72126235942,45123.196294769485,-1924.2268082661394,43198.969486503345,5364.647067202549,48563.61655370589,52412.07017023817,9.094947017729282e-13,2.4705570922378683e-11,0,9.094947017729282e-13
2025-03-21,S12,5289.456202080236,5289.456202080237,31262.658994582787,30849.106005585545,29504.538734516842,404.8125583394754,14547.020063149454,411.1515652464033,15356.395514704214,12438.680366910405,16377.505195185342,-173.409716407652,16204.09547877769,1296.3682207418271,17500.463699519518,17847.283132334822,1.8189894035458565e-12,5.4711790653527714e-12,0,9.094947017729282e-13
2025-03-22,S12,5289.456202080237,5240.554849316613,32888.69431679954,32424.753462739947,30525.777498520096,80.97059219415388,11096.602811943245,644.0423675785253,15941.654712349498,12956.751534490353,17257.192943512455,-197.21935687414953,17059.973586638305,169.68907433912364,17229.66266097743,17624.101374725728,1.8189894035458565e-12,2.5637270084644115e-12,0,48.901352763623436
2025-03-23,S12,5240.554849316613,5223.336969705994,75334.66045895754,71182.25107642736,67012.97966493774,291.99915167153847,4230.092472636298,95.44638005280194,22237.978625805565,18028.258778552077,45981.27569111084,-1412.4718740532917,44568.803817057546,1169.1590052028605,45737.96282226041,48569.4763876165,1.8189894035458565e-12,2.9103830456733704e-11,0,17.217879610619093
2025-03-24,S12,5223.336969705994,5223.336969705997,69968.85847049144,69552.0363423733,65732.60528807154,219.97409208032118,3376.015019472468,389.1996502703197,22046.67172145131,17857.80409437555,42223.6313403831,539.3151621667494,42762.94650254985,672.4044292037141,43435.350931753565,44058.9065498696,1.8189894035458565e-12,1.922373371598951e-11,0,2.7284841053187847e-12
2025-03-25,S12,5223.336969705997,5192.417976553459,77675.54629028642,71462.89148140393,67807.5974626042,474.992803969009,3120.5940781371896,109.77373733565855,21736.446464584053,17634.348730150363,47568.36200789347,-1946.7916983706527,45621.57030952282,1591.9726954174323,47213.54300494025,51107.126401681555,1.5916157281026244e-12,2.3248958314070478e-11,0,30.91899315253795
2025-03-26,S12,5192.417976553459,5143.904743202127,69992.42771219563,65330.00102259312,62223.09539211947,383.69579075511416,2666.11197817385,273.51997357675066,21675.085655123854,17600.481290666517,42425.09143980777,-1434.609659370326,40990.48178043745,1535.3310849974653,42525.81286543491,45395.03218417557,2.2737367544323206e-13,1.5061729641274724e-11,0,48.51323335133202
2025-03-27,S12,5143.904743202127,5138.15566326183,72346.38736234728,69839.06779187843,66338.1482222758,384.71742977610154,3556.932610430241,271.89461222168893,22011.70105971699,17834.652030317033,44114.85812832574,-791.9242478962697,43322.93388042947,1181.6450146819686,44504.57889511144,46128.78338028106,9.094947017729282e-13,1.2442491481579054e-11,0,5.749079940296724
2025-03-28,S12,5138.15566326183,5138.155663261829,32284.060247484995,32261.812625295835,30557.128577285013,145.45329194749638,16190.742580940016,511.477479918306,16728.847587934324,13550.366546226804,16492.081391011554,-10.549087287148723,16481.532303724405,447.56301052243197,16929.09531424684,16950.193488821136,1.8189894035458565e-12,6.984635092521785e-12,0,9.094947017729282e-13
2025-03-29,S12,5138.155663261829,5138.155663261835,30827.667218264898,31091.365104192286,29680.193277745493,187.5924324874956,18841.772628200022,379.67896557185935,15469.078595409335,12529.953662281563,15575.474622855854,396.8884997910809,15972.363122646935,912.8734449133483,16885.236567560285,16923.74806615807,1.8189894035458565e-12,9.438672066153231e-12,0,5.4569682106375694e-12
2025-03-30,S12,5138.155663261835,5060.177875840991,70204.36100102108,66671.69392731677,62743.389031413244,935.1717345251565,4012.3666948670134,262.09141882085385,21729.805057522553,17671.322105272036,42173.53380032124,-1029.1121011830692,41144.42169913817,3780.8566813268176,44925.27838046499,46983.50258283113,9.094947017729282e-13,3.8198777474462986e-11,0,77.97778742084392
2025-03-31,S12,5060.177875840991,5057.786088544104,64355.720695912256,65261.861826896224,62882.37734855876,678.3535132223867,2268.5249996922416,161.6441321134838,22006.972922154284,17827.800675512168,38401.50623798293,761.9175057789107,39163.42374376184,2470.582203899554,41634.0059476614,41634.00594766139,9.094947017729282e-13,4.695976940638502e-11,0,2.3917872968868323
2025-04-01,S12,5057.786088544104,5036.348291500541,76683.61417530576,74703.48275947449,69876.77395852316,437.3833433841699,5626.791497463401,138.26877433768755,22944.944898835754,18604.699385396176,45826.648433345676,-472.9716481242067,45353.67678522147,1675.3540559130117,47029.03084113448,48155.494047809225,1.1368683772161603e-12,3.445421725700726e-11,0,21.437797043563478
2025-04-02,S12,5036.348291500541,5021.275534784474,72091.46181951728,72047.92600537889,68758.5360066064,400.1232647088699,4257.032775035094,211.37333778898085,22465.70126071401,18210.783502222803,43476.06165232517,64.89451176081639,43540.95616408598,1657.083555798752,45198.039719884735,45259.00407290134,1.8189894035458565e-12,5.218225851422176e-11,0,15.072756716066579
2025-04-03,S12,5021.275534784474,5017.583674544618,73404.00176098381,69333.0103767942,65387.716342203355,195.93553164304146,5258.377973662949,188.35200434028764,22509.02264943348,18235.631020256988,44746.65706015692,-1296.1262357012383,43450.53082445568,698.8277005568723,44149.358525012554,46744.36859403851,1.8189894035458565e-12,1.9049650745728286e-11,0,3.691860239856396
2025-04-04,S12,5017.583674544618,5017.583674544616,30281.68719403896,30246.992219550422,28491.098632441808,136.56109344979694,18983.225573152427,322.252661395131,15217.785480758106,12326.406239414064,15244.947187146654,-13.143772789351715,15231.803414357302,629.791497178348,15861.59491153565,15892.470875643332,3.637978807091713e-12,1.573496888340742e-11,0,1.8189894035458565e-12
2025-04-05,S12,5017.583674544616,4998.675793299657,29093.42044313994,29082.32575284732,28178.78472125557,765.5269359553722,13904.335767201297,176.37241874566064,14928.976742374307,12109.488254443651,14582.271314495689,-4.588209170513437,14577.683105325175,3085.1795210840523,17662.862626409227,17672.039044750254,3.637978807091713e-12,8.430589559793589e-12,0,18.907881244958844
2025-04-06,S12,4998.675793299657,4998.675793299659,68191.71486869198,66649.36006139281,62928.2884618693,195.33261791434313,4407.715024179952,113.52640625007109,22064.75464572072,17872.45126303378,40399.60491142736,177.37894278443855,40576.9838542118,748.9319838279323,41325.915838039735,42375.87938719639,9.094947017729282e-13,9.57811607804615e-12,0,1.8189894035458565e-12
2025-04-07,S12,4998.675793299659,4998.675793299662,61708.41256135228,63908.52841686168,61865.67064423187,264.0994700839086,4440.73913908988,331.70138505951127,21655.843720174045,17541.233413340964,36513.656877619156,2154.61431781423,38668.271195433386,912.242547374731,39580.513742808114,39580.513742808114,1.8189894035458565e-12,2.0654589150126412e-11,0,2.7284841053187847e-12
2025-04-08,S12,4998.675793299662,4998.675793299662,69910.84175407793,64996.38071919868,62002.71574979873,317.4117404658732,3717.9533380094595,173.47328132643338,21450.03818032657,17374.53092606453,42099.82770892132,-1439.624401937719,40660.2033069836,1509.9031647363984,42170.10647172,45183.9058290495,1.8189894035458565e-12,2.12878603633726e-11,0,0.0
2025-04-09,S12,4998.675793299662,4998.675793299662,70265.17430201871,67617.3631495394,65329.29868485293,606.8437579995124,2494.1879502943043,164.6978924709391,21804.976754844996,17662.031171424464,42164.67789785145,-941.0559777575108,41223.62192009394,1905.243049455481,43128.86496954942,45027.37189046092,9.094947017729282e-13,6.778932970519236e-11,0,0.0
2025-04-10,S12,4998.675793299662,4998.675793299665,67727.13195228332,65099.83979126573,61809.678213209205,415.8066838226004,3433.355038059073,214.48675963932908,21668.448417544234,17551.443218210818,41020.50691283663,-910.7358658592639,40109.77104697737,1706.7361031978264,41816.507150175195,43792.8701545573,1.3642420526593924e-12,1.8623325104272226e-11,0,3.637978807091713e-12
2025-04-11,S12,4998.675793299665,4998.675793299669,27835.644869037882,27816.392984531307,26954.489872135317,773.9452701522353,19244.6011794118,332.80081509571556,14917.805163754545,12083.422182641181,13838.932178448074,-8.613936110356008,13830.318242337718,3014.9906892850267,16845.308931622745,16862.53680384346,1.8189894035458565e-12,2.639666263348772e-12,0,3.637978807091713e-12
2025-04-12,S12,4998.675793299669,4994.491843174888,29563.759327976113,28898.098972539152,27486.50475447412,158.68189220130344,15450.927229531879,341.81780398672674,14900.245359311135,12072.964296154321,15117.935643092198,-255.66995279070943,14862.265690301489,449.6029440532155,15311.868634354703,15914.005947997324,1.1368683772161603e-12,2.4940050025179517e-12,0,4.183950124780495
2025-04-13,S12,4994.491843174888,4994.485702702536,66001.07197499517,65161.30726346987,61663.52594204888,253.51021352520178,3268.415371184298,297.2148014262327,21447.647505554407,17372.600005924192,39219.43224934729,-209.8910825128769,39009.54116683441,1040.8388849781543,40050.380051812564,40470.16221683832,9.094947017729282e-13,1.5759837879159022e-11,0,0.0061404723519444815
2025-04-14,S12,4994.485702702536,4994.485702702536,67438.24173262223,61861.94029481006,60307.354173920314,758.4749020394672,4278.951572426894,187.8717520660324,21426.178691930916,17355.204740464033,40728.051646340886,-1972.2447827771466,38755.80686356374,2733.8531545379656,41489.660018101706,45434.149583656,1.8189894035458565e-12,7.535305712735862e-12,0,0.0
2025-04-15,S12,4994.485702702536,4989.431198147645,61246.49332595141,61481.652169049165,58785.07016520011,428.13966125719696,4897.4404584970325,43.27807621513432,21776.902697427347,17643.840239015546,35901.731369619214,445.521623904875,36347.25299352409,2078.631175934502,38425.88416945859,38513.007225335394,1.8189894035458565e-12,9.471534667682135e-12,0,5.054504554891537
2025-04-16,S12,4989.431198147645,4989.431198147649,66556.30207092248,66678.27543096864,63549.41519392404,352.9741881477899,3881.396635414165,136.97597811014555,21602.23588709225,17497.811068544732,39041.627507662895,745.3030268804578,39786.93053454335,1216.820116596159,41003.75065113951,41299.044274795204,1.8189894035458565e-12,7.077005648170598e-12,0,4.547473508864641e-12
2025-04-17,S12,4989.431198147649,4959.278212031123,60278.08777864871,59909.17720163377,57533.58878024498,523.6301333280956,1258.5043548162412,130.49703945981992,20142.17293053624,16342.297761239231,36360.32350982715,-153.76328281112364,36206.56022701602,1983.1007372277047,38189.660964243725,38503.30811958356,1.8189894035458565e-12,6.180655987009231e-11,0,30.152986116526336
2025-04-18,S12,4959.278212031123,4959.278212031126,28516.929634676468,28403.07895890362,26822.337650581718,228.00945402994105,17488.698728336658,384.57517209521046,14857.66326761286,12034.707246766415,14261.338234006947,-48.37487058846273,14212.963363418485,739.3285847703094,14952.291948188795,15049.041689365718,2.2737367544323206e-12,7.709388682997087e-12,0,2.7284841053187847e-12
2025-04-19,S12,4959.278212031126,4959.278212031124,27963.289789970877,28284.343296966053,26773.70629629129,284.7026447180659,17177.402176984535,264.81703062884753,14902.686754715682,12071.176271319699,13690.418616438154,467.4170026640804,14157.835619102234,697.7984733163972,14855.634092418632,14865.429520996273,1.8189894035458565e-12,5.6346038945775945e-12,0,1.8189894035458565e-12
2025-04-20,S12,4959.278212031124,4959.278212031124,61301.86573361121,62430.78254723744,59401.481834493185,496.045174212926,3606.2493086723143,288.2439069048005,21290.994262082415,17245.705352286746,36385.030673796755,1033.607937057539,37418.638610854294,1565.715564974325,38984.354175828616,38984.961481591235,1.8189894035458565e-12,1.4097167877480388e-11,0,0.0
2025-04-21,S12,4959.278212031124,4959.278212031124,63650.29280389029,58963.7850806359,56716.64480435182,492.31416820716436,4796.764854805415,177.2102527598272,19568.807798212674,15850.734316552258,37596.60038512437,-1380.8448478653736,36215.755537259,1881.9101310985964,38097.66566835759,40859.35536408834,4.547473508864641e-13,3.299049922134145e-11,0,0.0
2025-04-22,S12,4959.278212031124,4943.656406600402,60049.53398071134,60826.690952554694,58938.48116655516,814.3689724376948,3381.4547412832444,158.60367556931328,21441.694896638266,17381.832491164656,35535.3545187933,741.0453704127503,36276.39988920605,3252.1176012728274,39528.51749047887,39532.088060832466,3.637978807091713e-12,3.590194808111846e-11,0,15.621805430721906
2025-04-23,S12,4943.656406600402,4943.656406600402,56595.446931600985,58399.00875570716,57161.01058607976,732.2866869262645,2287.6237235419703,252.77615462229403,20805.16146407956,16852.18078590444,33241.627185458274,1702.6040037076746,34944.23118916595,2327.4675796145243,37271.69876878047,37281.54453131297,9.094947017729282e-13,1.0857093002414331e-11,0,0.0
2025-04-24,S12,4943.656406600402,4943.656406600404,58781.46738589206,59339.86014777381,56158.2235317751,279.59491087954143,5246.166940142579,158.35651548808403,20753.622563284094,16810.43427626012,34658.04012894946,737.1498157476162,35395.18994469708,1245.016616706198,36640.206561403276,36640.206561403276,9.094947017729282e-13,1.426059270670521e-11,0,1.8189894035458565e-12
2025-04-25,S12,4943.656406600404,4943.656406600404,27913.113580913338,27354.469886159346,25801.03591387198,130.56939649619835,20797.990149123314,315.45592365560316,14830.534671522431,12012.73308393317,14022.478100732267,-260.6279822779434,13761.850118454324,521.5875690967151,14283.437687551039,14804.693652106926,9.094947017729282e-13,6.821210263296962e-13,0,0.0
2025-04-26,S12,4943.656406600404,4943.656406600403,27359.01387448469,27382.163603646517,26096.648634644924,267.15737579210617,23124.49471595141,338.00056558521584,14900.616292458266,12069.499196891189,13652.013578769951,30.442498724907637,13682.456077494859,960.705584725377,14643.161662220236,14643.161662220236,1.3642420526593924e-12,1.3091749906379846e-12,0,9.094947017729282e-13
2025-04-27,S12,4943.656406600403,4923.269865930328,57667.026591588074,55609.2651432811,54108.126539567544,1087.5054676712323,2727.1834663483282,148.89317229812002,19812.800378221345,16066.71619296236,34157.38596108316,-154.42433128708944,34002.96162979607,4808.67980842823,38811.641438224295,40006.94296610316,1.8189894035458565e-12,3.101252588066927e-11,0,20.386540670075192
2025-04-28,S12,4923.269865930328,4923.269865930328,70227.17126408478,66768.92738136988,63191.34666454522,260.0261431152017,2510.4030180306177,238.26030492129303,21477.590358115056,17396.84819007319,41245.65261800705,-1093.600179387351,40152.0524386197,884.8730267700139,41036.925465389715,43258.06615419958,9.094947017729282e-13,1.2398970739013748e-11,0,0.0
2025-04-29,S12,4923.269865930328,4923.269865930329,60001.73702283343,57244.70091165634,55224.51424868965,149.8488728980329,4339.001055758601,72.66321991835605,18576.237522337193,15046.75239309312,35338.19340556767,-11.906541906806524,35326.28686366086,834.7630206020935,36161.04988426295,37759.4953851921,1.8189894035458565e-12,3.54418716597138e-11,0,9.094947017729282e-13
2025-04-30,S12,4923.269865930329,4923.269865930329,56399.829869306704,54962.65370886452,53038.46939833109,1529.9150112660773,2676.427425401697,160.17341447116894,18289.100717847297,14814.171581456314,33727.745015213484,-516.3251258456294,33211.419889367855,5675.6454813034725,38887.06537067133,39919.715622362586,1.8189894035458565e-12,8.85347617440857e-12,0,0.0
2025-05-01,S12,4923.269865930329,4923.269865930327,60253.145490305746,57499.821982603265,55676.07883517753,2370.7951022864363,3248.8877111226184,0.0,19929.512770217607,16142.905343876268,36056.20716286122,-697.5092951128609,35358.69786774836,10937.240404887343,46295.9382726357,47690.956862861414,1.8189894035458565e-12,1.0666667549230624e-10,0,1.8189894035458565e-12
2025-05-02,S12,4923.269865930327,4919.660018493881,30704.14202628177,30394.40744822834,29269.757503874273,607.262432773714,12551.979716714792,217.03342731741287,14847.029326185502,12029.342616903059,16367.198346501247,-132.67337803903683,16234.52496846221,2452.862158810126,18687.387127272337,18952.73388335041,1.8189894035458565e-12,6.0680349633912556e-12,0,3.6098474364462163
2025-05-03,S12,4919.660018493881,4919.6600184938825,32057.41040227699,32054.001008317206,29459.36189690208,172.21969698320507,17275.19536398618,670.7038586300666,14834.266954047573,12015.756232778533,17488.962756289646,-1.4522313571760606,17487.51052493247,633.257392352007,18120.767917284476,18123.67237999883,9.094947017729282e-13,1.2789769243681803e-13,0,1.8189894035458565e-12
2025-05-04,S12,4919.6600184938825,4893.933819441028,65934.38525151937,61146.64728500057,59079.11142648032,1043.989230342349,4674.964708804706,39.35357991214562,19459.308494315996,15785.193459543529,39356.526760752,-1318.8829273482115,38037.64383340379,4353.5513541054215,42391.19518750921,45360.64363927061,1.8189894035458565e-12,5.081588483335508e-12,0,25.7261990528541
2025-05-05,S12,4893.933819441028,4893.933819441024,67234.46967675655,65416.952734691215,62455.56657119158,707.6128987385468,3677.7532911449653,348.35100605821856,21374.04406698398,17312.975694257027,41498.154211043184,-808.7165374952892,40689.437673547895,2361.8204189843827,43051.258092532276,44668.691167522855,1.8189894035458565e-12,2.489059652832637e-11,0,4.547473508864641e-12
2025-05-06,S12,4893.933819441024,4211.648430435412,59151.89923001136,59666.73314284193,57085.20039924708,1358.8654063706285,2077.0714302371516,436.75769785423654,19337.95347876165,16277.799167901985,36270.26227192333,1187.9772696043365,37458.23954152767,5964.205890100548,43422.44543162822,43607.69911719342,9.094947017729282e-13,1.1368683772161603e-13,0,682.2853890056122
2025-05-07,S12,4211.648430435412,4211.648430435414,64087.73257621573,63867.235580963745,60584.19482285743,775.1899132228729,2072.208616204796,273.85411437066955,20765.6634500256,16820.187394520737,39889.2169561777,-118.90545085993654,39770.31150531776,2657.5765500814405,42427.8880553992,42665.69895711908,3.637978807091713e-12,4.905587047687732e-11,0,2.7284841053187847e-12
2025-05-08,S12,4211.648430435414,4211.648430435416,71714.63545892546,69463.26347309999,63957.0330063326,303.7283890248471,4061.02134615881,348.251210310895,21184.086520461748,17159.11008157402,43223.050475581185,-32.154921717105026,43190.89555386408,1280.3073436927714,44471.202897556854,45982.59588221502,1.8189894035458565e-12,5.9117155615240335e-12,0,1.8189894035458565e-12
2025-05-09,S12,4211.648430435416,4211.648430435421,31662.879938447135,31644.475424995257,28706.93312555582,133.89851786788648,17029.46247519621,642.2312477164355,14051.326686900295,11381.574616389238,17365.58654885451,138.7802458957267,17504.366794750236,431.4811276278874,17935.847922378125,18046.816566635138,9.094947017729282e-13,8.261835660050565e-12,0,4.547473508864641e-12
2025-05-10,S12,4211.648430435421,4211.648430435421,30286.87784144825,30379.26636320578,28642.858772344603,393.8843654455488,13728.060652376183,512.6972197389335,14078.631486008993,11403.691503667285,16174.803468219905,162.3534554550224,16337.156923674927,1267.7535914994717,17604.9105151744,17621.685751996836,1.8189894035458565e-12,4.547473508864641e-12,0,0.0
2025-05-11,S12,4211.648430435421,4211.648430435423,67146.27195682656,66308.76476103881,62847.45651780417,409.2525983849209,3478.960913583736,237.600151281742,21347.731410475062,17291.662442484794,40324.93736329926,-172.5537694789382,40152.38359382032,1835.0598126308332,41987.44340645115,42425.41364503502,1.8189894035458565e-12,1.807620719773695e-11,0,1.8189894035458565e-12
2025-05-12,S12,4211.648430435423,4211.648430435421,63726.37793434003,65200.311507855855,60185.398919180596,34.23931250371925,4365.818102576386,420.7116703000228,18431.122239339937,14929.209013865355,38499.648973790914,1951.7527896212123,40451.40176341213,131.47105923751081,40582.87282264964,40620.762750478185,1.8189894035458565e-12,3.281996896475903e-11,0,1.8189894035458565e-12
2025-05-13,S12,4211.648430435421,4136.561600342054,68641.26482569141,69136.41664672142,63816.12923242408,179.07318141192388,6651.869295453809,131.54031809979938,21842.93779315676,17760.357759541,41132.836161764426,893.5928399909753,42026.4290017554,926.3830498960017,42952.8120516514,43061.08267079437,9.094947017729282e-13,1.0619893853203166e-11,0,75.0868300933671
2025-05-14,S12,4136.561600342054,3724.456437675016,67048.45551688832,61525.34567696692,57873.732306541235,661.5829326085147,1807.1034565160278,454.0041537319779,19110.281536677554,15850.22269110916,41443.86930954567,-1658.9736183400528,39784.89569120562,2469.239630319471,42254.135321525086,45643.071060390736,2.2737367544323206e-13,1.0160761121369433e-11,0,412.1051626670378
2025-05-15,S12,3724.456437675016,3724.4564376750163,66699.45842858672,63484.131136081625,59961.663673727875,271.37054183191344,3020.341636073296,589.7269188025507,20304.775670266372,16446.868292915762,41408.20170477763,-1147.4358632542499,40260.76584152338,960.4278356822605,41221.19367720564,43589.5549338548,4.547473508864641e-13,3.808509063674137e-12,0,4.547473508864641e-13
2025-05-16,S12,3724.4564376750163,3718.3918790595394,29557.250668747663,29126.08640368852,27170.752737607607,267.8251790504499,21606.341075212946,560.0987147935634,13484.68261090602,10928.051017587808,16056.048610296693,-199.11157217581604,15856.937038120877,764.6156578566697,16621.552695977545,17019.775840329185,9.094947017729282e-13,3.268496584496461e-12,0,6.064558615476926
2025-05-17,S12,3718.3918790595394,3718.391879059539,29639.55196141253,29331.979983353853,27605.62846724913,434.5538115648303,14773.484545247595,254.433746955476,13491.92054356614,10928.455640288577,15921.70465587691,-114.71514104725247,15806.989514829658,1861.9657726942658,17668.955287523924,17951.233990726338,9.094947017729282e-13,1.3642420526593924e-12,0,4.547473508864641e-13
2025-05-18,S12,3718.391879059539,3573.440263289087,68998.5872664979,66217.45106790659,61752.562840251536,299.06235656258684,4148.448404900794,527.0227147255086,20160.2233230592,16460.237345871363,41373.45088097594,-270.4077791875243,41103.04310178842,724.1436859588551,41827.186787747276,43584.78529190167,1.8189894035458565e-12,1.000444171950221e-11,0,144.951615770452
2025-05-19,S12,3573.440263289087,3573.440263289088,63484.903911260495,62016.854260410226,57581.02607431803,221.52855925430248,6071.20795607877,356.80513846724557,20312.236784349097,16452.911795322765,38234.30658047563,-178.6096527117188,38055.696927763915,1189.836558196709,39245.53348596062,39966.67853438854,4.547473508864641e-13,1.587530107372004e-11,0,9.094947017729282e-13
2025-05-20,S12,3573.440263289088,3573.4402632890883,62865.71137945774,63594.46009435202,61317.8821168045,455.18773212616793,3380.229287846019,167.57769705824523,19462.46340715635,15764.595359796649,37728.31330082396,720.3095427198859,38448.622843543846,1840.8470324233576,40289.4698759672,40289.46987596721,1.8189894035458565e-12,1.1468159755168017e-11,0,4.547473508864641e-13
2025-05-21,S12,3573.4402632890883,3573.4402632890888,58768.14934849857,59191.59174784212,56750.21206165078,806.9019013330742,2365.1010740956176,369.1518339101119,18211.81985076215,14751.574079117343,36235.34427869864,888.3101567389313,37123.65443543757,2954.8629867908276,40078.5174222284,40279.220391494004,1.8189894035458565e-12,1.6575185668443737e-11,0,4.547473508864641e-13
2025-05-22,S12,3573.4402632890888,3448.276828492128,61276.89030589165,61036.55583590343,58183.52873682652,564.0634096835603,3900.7630972577263,357.45549989172434,19923.104336901113,16250.361604207163,37488.37163885351,-84.69763868815062,37403.67400016536,1693.8597331767314,39097.53373334209,39344.22071976005,9.094947017729282e-13,1.34718902700115e-11,0,125.1634347969607
2025-05-23,S12,3448.276828492128,3448.2768284921294,28754.420340236713,29521.472371946595,27177.16439513882,168.83044810678092,18054.719991274837,368.4895386479699,13167.560157839242,10665.72372784978,15143.06739184953,1103.6997412959863,16246.767133145517,585.2436154204667,16832.010748565983,16832.010748565983,2.2737367544323206e-13,2.965627743378718e-12,0,1.3642420526593924e-12
2025-05-24,S12,3448.2768284921294,3448.276828492133,30798.970840916358,30559.43374451866,27613.26098748554,43.726124347260566,20392.61720650953,1003.5739993492066,13191.023803372278,10684.729280731548,17264.905917806776,-120.97419491155233,17143.931722895224,95.05576755906964,17238.987490454292,17480.935880277397,1.8189894035458565e-12,4.888534022029489e-12,0,3.637978807091713e-12
2025-05-25,S12,3448.276828492133,3448.276828492134,63899.71837644291,61758.80834135391,57831.759379928175,465.920385457112,5707.531012245785,275.52380732546567,19840.07769726692,16070.462934786201,37901.79561247688,-29.842918451904552,37871.95269402498,1682.1086169882906,39554.06131101327,40680.93370639376,2.2737367544323206e-13,6.581046818610048e-11,0,9.094947017729282e-13
2025-05-26,S12,3448.276828492134,3448.276828492129,60732.75049575885,62073.31471068729,59302.565283353964,1010.6505690142882,1733.861350037955,354.01822357889796,19186.85962500746,15541.356296256046,37375.70643962899,1224.2976686016045,38600.0041082306,2863.2631411393877,41463.26724936999,41553.98138369247,3.637978807091713e-12,6.87805368215777e-12,0,5.002220859751105e-12
2025-05-27,S12,3448.276828492129,3448.2768284921317,57290.59911270666,57289.85565188079,54509.40635885202,1000.3662494076096,2441.2854866685598,245.7429005772874,18065.141689546293,14632.764768532494,35454.148712272996,-0.3669350906202453,35453.781777182376,3848.6141387115003,39302.395915893874,39303.129786075115,1.8189894035458565e-12,5.229594535194337e-12,0,2.7284841053187847e-12
2025-05-28,S12,3448.2768284921317,3448.276828492133,65775.16156007795,65308.50351456866,61712.51529167372,141.5497725669463,5228.055676788774,273.4356599160948,21467.10330282,17388.353675284205,39461.8129116226,-105.08501691914717,39356.72789470345,443.37185027399147,39800.099744977444,40010.269778815746,9.094947017729282e-13,2.390265763096977e-11,0,1.3642420526593924e-12
2025-05-29,S12,3448.276828492133,3425.742915445626,64913.47855220134,64944.55113503963,61987.35045204631,441.9354233667642,4027.856099831758,240.18973245290988,21428.405604580235,17377.28906145184,38940.195989841115,237.1092734162521,39177.30526325737,1825.673521089699,41002.97878434707,41074.34333426089,2.2737367544323206e-13,4.867217739956686e-12,0,22.533913046507223
2025-05-30,S12,3425.742915445626,3425.742915445625,29450.805639782928,29475.213398700977,27413.919962779364,254.01411180104031,17882.91044343834,683.3327116957024,13186.619225156324,10681.161572376623,15970.29554653738,35.11256352875171,16005.408110066131,820.8608318968725,16826.268941963004,16826.268941963004,1.8189894035458565e-12,6.9189098894639756e-12,0,9.094947017729282e-13
2025-05-31,S12,3425.742915445625,3425.742915445623,31611.91025810814,30147.3569380222,27845.99619189205,379.72037143117694,16688.155278708244,560.7920525507765,13618.882537180025,11031.294855115815,17312.02240497863,-653.5630510355913,16658.45935394304,1106.3561015197515,17764.81545546279,19071.94155753397,1.1368683772161603e-12,6.014744258209248e-12,0,1.8189894035458565e-12
2025-06-01,S12,3425.742915445623,3425.7429154456204,80897.30161969582,74142.7961908212,71674.01087366014,5537.532641234027,1894.820207391433,0.0,21536.300039488062,17444.40303198533,49513.285011899425,-2368.048451138631,47145.23656076079,21952.9767412364,69098.2133019972,74095.33646788842,1.8189894035458565e-12,2.5856206065100196e-11,0,2.7284841053187847e-12
2025-06-02,S12,3425.7429154456204,3369.1954094764956,87025.61416238979,83069.1972145125,76873.3656589572,574.8601006040384,4384.803850427536,0.0,23544.77481318916,19122.16035405544,54757.364878977576,-974.6394963306666,53782.72538264691,2096.7811711406434,55879.506553787556,58728.97330532436,9.094947017729282e-13,4.433786671143025e-12,0,56.54750596912481
2025-06-03,S12,3369.1954094764956,3369.1954094764956,82107.55427436058,79521.56327953472,75247.32023189033,411.0018288575527,3186.341464331525,0.0,22524.282963594815,18244.669200511787,51412.96563914091,-754.6445021954787,50658.32113694543,1585.6113924288384,52243.932529374266,53851.281185917534,4.547473508864641e-13,8.611777957412414e-12,0,0.0
2025-06-04,S12,3369.1954094764956,3369.1954094764947,92834.93271747741,87489.72783377225,79117.44198454177,506.9866004553039,5499.535375875212,3.4516666666667106,23558.84592520253,19082.665199414056,58565.47287087062,-1844.174723464821,56721.298147405796,1636.5841442484634,58357.882291654256,62054.61938235542,9.094947017729282e-13,2.3646862246096134e-11,0,9.094947017729282e-13
2025-06-05,S12,3369.1954094764947,3346.4085825353513,82323.89755124196,81971.7563917684,77855.20046526461,573.5264963502143,2940.7590008190464,0.0,22942.9373072429,18604.28736311378,50814.15329900251,662.0498633140378,51476.203162316546,2406.4038217989305,53882.606984115475,54494.905074767856,2.7284841053187847e-12,4.768925532250279e-11,0,22.786826941143318
2025-06-06,S12,3346.4085825353513,2848.316642918242,43742.88653711222,43496.53690084628,40858.99104481659,372.345255711046,7204.078053894335,897.8614025098473,14329.916788309638,12055.5153441862,25338.000229742705,38.94044475781993,25376.940674500525,1199.1654589967975,26576.106133497324,26706.403668910643,1.8189894035458565e-12,2.5579538487363607e-13,0,498.09193961710935
2025-06-07,S12,2848.316642918242,2848.3166429182425,47494.262739722646,45098.67412589995,42787.49217873408,493.0854112475689,8971.917854819518,215.47272578520892,15614.07285636977,12647.399013659524,25877.41344405678,-285.5570212331222,25591.856422823657,1880.0418983949164,27471.898321218574,28790.884766961397,1.8189894035458565e-12,1.27649002479302e-11,0,4.547473508864641e-13
2025-06-08,S12,2848.3166429182425,2848.3166429182456,81446.50219352474,81539.64070061962,74611.8955832771,342.76507735630446,5477.184070560337,3.245800000000031,22575.302754770677,18285.995231364246,50896.3867299399,507.67454512278346,51404.06127506268,1183.7854805625757,52587.84675562526,52823.75272341974,3.183231456205249e-12,4.263212005639616e-11,0,3.183231456205249e-12
2025-06-09,S12,2848.3166429182456,2848.3166429182484,90475.52186528296,88259.37674390846,79163.19452081213,248.72015522999652,4011.8628543412165,0.0,23512.31099140834,19044.971903040758,57803.310619678334,-882.8959967425762,56920.41462293576,820.5185038605322,57740.93312679629,59506.72512028143,3.637978807091713e-12,3.268496584496461e-11,0,2.7284841053187847e-12
2025-06-10,S12,2848.3166429182484,2848.3166429182515,82579.96153956448,82756.58664177262,77394.55531217993,512.1204403019892,1982.0262167502196,0.0,22664.23843367547,18358.033131277127,51651.17804159082,297.0720150355628,51948.250056626384,1807.5403832596623,53755.79043988605,53795.00548661774,2.7284841053187847e-12,3.257127900724299e-11,0,3.183231456205249e-12
2025-06-11,S12,2848.3166429182515,2848.3166429182543,88508.48966683261,86912.93576111455,81326.0587183391,671.1149390292585,1281.4674632137617,0.0,24375.051986778697,19743.792109290745,56487.20480611317,-641.0594056633927,55846.14540044978,2700.214858804713,58546.36025925449,59828.47907058128,9.094947017729282e-13,3.4017233474514796e-11,0,2.7284841053187847e-12
2025-06-12,S12,2848.3166429182543,2848.316642918253,85874.93188501423,85269.74906555537,79351.37023561857,319.61957431716206,2709.3944327194804,0.0,23732.65233622582,19223.44839234293,54236.45135074855,-238.64036060358194,53997.81099014497,1285.2844551204332,55283.095445265404,55766.141828460895,9.094947017729282e-13,3.397104819669039e-11,0,1.3642420526593924e-12
2025-06-13,S12,2848.316642918253,2352.6019077089873,43541.59209185685,43669.756650464915,37353.74460520561,55.911414102242645,5496.370922190826,1222.6919166666644,14691.698642835348,12346.419162384975,25647.11554670178,704.341992115842,26351.457538817624,183.9227721491362,26535.38031096676,26693.335762890187,9.094947017729282e-13,3.0127011996228248e-12,0,495.71473520926565
2025-06-14,S12,2352.6019077089873,2315.3262864812605,41386.92479855811,40058.010807191386,37541.39472928079,265.65416053915976,8661.001777309546,498.0862512661022,13095.61142289085,10640.993311646542,23996.89438175936,-408.38431553868213,23588.51006622068,798.6480901415142,24387.15815636219,25211.957688533654,9.094947017729282e-13,1.6370904631912708e-11,0,37.27562122772679
2025-06-15,S12,2315.3262864812605,2284.8794329962097,79918.91475861175,80412.46657897704,74689.58772531984,1590.6758846472371,1162.6820897804923,11.313844444444385,23719.45005550187,19240.15671309307,49940.368473099836,510.26969053730863,50450.638163637144,5752.7068804112805,56203.34504404842,56379.16530508027,2.2737367544323206e-13,7.531752999057062e-12,0,30.446853485050724
2025-06-16,S12,2284.8794329962097,1723.878568806634,84386.3163061444,83441.69798690722,76017.41052926773,1307.599202711694,628.9643673998308,0.0,23720.49118780803,19718.498639895126,53195.60033542563,32.02738514535304,53227.627720570985,5363.14403536196,58590.77175593295,59474.97620790506,4.547473508864641e-13,1.1112888387287967e-11,0,561.0008641895759
2025-06-17,S12,1723.878568806634,1624.503425148928,85724.83333770969,84914.53326116048,79527.20411129376,907.511805511591,1383.5724808034443,0.0,23702.99920330104,19288.866983965785,53695.41325517402,346.5663761245014,54041.97963129852,3952.0483087615694,57994.02794006009,59023.755699957204,4.547473508864641e-13,1.2537526572486968e-11,0,99.37514365770585
2025-06-18,S12,1624.503425148928,1444.242691660731,84511.80521578962,83151.39030387434,76990.533059762,426.3056379939803,2294.8344462314953,0.0,22925.515850862488,18731.90249933801,52851.08591483702,-62.65146380174701,52788.434451035275,1644.560694826314,54432.99514586159,55696.1468237268,4.547473508864641e-13,9.322320693172514e-12,0,180.26073348819705
2025-06-19,S12,1444.242691660731,1200.0,80049.31720644532,84637.95842416449,77306.94365307328,341.02977496759524,4964.897038898647,0.0,24438.897955983495,20015.3257668413,49749.02424698152,5664.909357921468,55413.93360490299,1317.3267507353364,56731.260355638326,56763.09419541637,4.547473508864641e-13,2.26947349801776e-11,0,244.242691660731
2025-06-20,S12,1200.0,1200.0000000000039,38084.35622021645,37793.065255383044,33410.85668518333,36.05298858367263,7895.81778388876,620.2154527195902,13317.345195571897,10787.049608413237,22489.130516557685,64.90492463926785,22554.035441196953,116.43355017275826,22670.46899136971,22870.801630698355,1.8189894035458565e-12,7.951861391575221e-12,0,3.865352482534945e-12
2025-06-21,S12,1200.0000000000039,1199.9999999999973,39483.05413241325,38335.66153458925,33304.25281818193,107.12170258949749,10893.78356534274,635.015564846526,13409.657845169268,10861.822854587112,23388.758903087466,-515.8925816104093,22872.866321477057,312.7796612887499,23185.645982765807,24217.43114598663,2.7284841053187847e-12,5.968558980384842e-13,0,6.59383658785373e-12
2025-06-22,S12,1199.9999999999973,1200.0000000000036,78509.82927141785,80698.46742845068,74386.5771056654,557.7832198545755,3109.3162830290244,0.0,23040.541802584077,18662.838860093107,48251.142222034905,2592.789797893929,50843.932019928834,2299.9745825026957,53143.90660243153,53143.906602431525,1.8189894035458565e-12,9.15179043659009e-12,0,6.366462912410498e-12
2025-06-23,S12,1200.0000000000036,1199.9999999999989,77550.07637243348,77726.26891794232,73779.85993185313,792.5427785705257,3099.4249372791646,21.64653333333331,23105.50126216402,18715.456022352864,48530.25980735831,275.7597846816134,48806.01959203992,2842.510522718955,51648.530114758876,51741.754707856824,2.2737367544323206e-12,4.496492067573854e-11,0,4.774847184307873e-12
2025-06-24,S12,1199.9999999999989,1200.0,89513.89587952782,86722.58200508016,81963.0447241688,674.8156869885173,1757.171939402581,38.366176853721754,24071.210762636674,19497.680717735708,56787.86374426243,-1007.3668082197764,55780.496936042655,2306.1209569207494,58086.617892963404,60181.907515918494,9.094947017729282e-13,2.5590196628400008e-11,0,1.1368683772161603e-12
2025-06-25,S12,1200.0,1200.0000000000043,81254.21447138497,83412.72828943444,77312.2018455256,519.145187658813,2902.149461089256,0.0,23640.927396991847,19149.151191563404,50413.72164305599,2406.6098394916335,52820.33148254763,2397.8651064218725,55218.1965889695,55274.548715548604,2.7284841053187847e-12,7.247535904753022e-12,0,4.320099833421409e-12
2025-06-26,S12,1200.0000000000043,1199.999999999996,78056.93573622814,79815.74955011107,74795.79542087254,403.5684230184621,3187.469345715186,0.0,23497.424551802585,19032.913886960105,49079.63880644704,1587.9386534238147,50667.57745987085,1487.4188359389398,52154.99629580979,52154.99629580979,1.8189894035458565e-12,1.4551915228366852e-11,0,8.412825991399586e-12
2025-06-27,S12,1199.999999999996,1200.0000000000002,39060.57839290233,37940.650265003766,33581.510855689485,83.03967622563641,10423.349280861072,793.1110304301038,14086.54923135409,11410.10487739681,23031.252190700427,-454.6132010095389,22576.638989690888,220.7172250153372,22797.356214706226,23706.5826167253,4.547473508864641e-13,1.0160761121369433e-12,0,4.320099833421409e-12
2025-06-28,S12,1200.0000000000002,1200.0000000000023,35635.174299574326,35518.935007084816,32547.48335429805,369.42808556028956,8114.969654342256,526.773751708069,13148.641669165021,10650.399752023668,20483.538849022058,-46.01996853048331,20437.518880491574,1190.6969793706594,21628.215859862234,21720.2557969232,1.8189894035458565e-12,1.5916157281026244e-11,0,2.0463630789890885e-12
2025-06-29,S12,1200.0000000000023,1200.0000000000005,74707.923284963,78771.87254619181,75648.52213997387,860.2148312064863,2984.229778205408,0.0,22403.88768232416,18147.149022682584,45814.835962011144,4310.860419424513,50125.69638143566,3009.558270369762,53135.254651805415,53174.56655525863,4.547473508864641e-13,4.205791270806003e-11,0,1.8189894035458565e-12
2025-06-30,S12,1200.0000000000005,1199.999999999997,82566.33202875155,80838.9557197953,75838.11364017184,613.6681905422502,2263.916935605257,20.306699999999978,22578.28532513438,18288.411113358845,51776.43783466237,-603.6341579243817,51172.80367673799,2195.366417770327,53368.170094508314,54673.05441452583,1.3642420526593924e-12,2.972555535052379e-11,0,3.410605131648481e-12
2025-07-01,S12,1199.999999999997,1199.9999999999964,72266.5688599328,73184.41790519506,73135.99164172976,10954.297339089599,1080.3709322437692,0.0,21807.23165916974,17663.857643927502,44597.40839520807,861.2238683374744,45458.63226354554,39729.65405172891,85188.28631527445,85204.84925069597,5.002220859751105e-12,9.64561763794336e-12,0,6.821210263296962e-13
2025-07-02,S12,1199.9999999999964,1200.0000000000002,86930.93365858789,86376.4636764137,80766.30899543058,303.5808434139787,3987.721613965685,0.0,21986.325569538072,17808.923711325824,55220.36958259664,-235.21807392864866,54985.151508667994,917.6148809591042,55902.7663896271,56400.51446690529,1.7053025658242404e-12,7.077005648170598e-12,0,3.865352482534945e-12
2025-07-03,S12,1200.0000000000002,1200.0000000000027,97602.42307177576,96090.49025122047,88090.73880599863,163.38765681435163,3861.313088274187,0.0,24381.023374765227,19748.628933559838,62269.706666028265,-541.3440477749828,61728.36261825328,859.0736719562285,62587.43629020951,63670.124385759475,3.637978807091713e-12,8.003553375601768e-11,0,2.5011104298755527e-12
2025-07-04,S12,1200.0000000000027,1200.000000000002,42078.85005501009,41853.13004562921,40469.54479319766,1758.4074627499322,10264.929356517008,429.21125679438774,13962.864084050096,11309.91990808058,25613.690744757336,-110.9083103520461,25502.78243440529,4503.3522850265,30006.13471943179,30227.951340135885,9.094947017729282e-13,7.275957614183426e-12,0,6.821210263296962e-13
2025-07-05,S12,1200.000000000002,1199.9999999999982,51184.63182901941,47585.389917342174,43209.00425627982,808.9055393470449,12035.831839801458,331.7549976457367,15053.910481647374,12193.667490134376,30658.780626788375,-1597.316714204895,29061.46391258348,3787.400802983269,32848.86471556675,36043.49814397653,9.094947017729282e-13,7.503331289626658e-12,0,3.865352482534945e-12
2025-07-06,S12,1199.9999999999982,1200.0,89917.86893262097,91172.28928587574,83681.28593851096,1931.719269043827,1264.208101165007,0.0,23972.71345468302,19417.89789829325,56816.13494998342,1709.491746575557,58525.626696558975,8767.223218093433,67292.84991465241,67298.55209590343,2.2737367544323206e-13,2.1827872842550278e-11,0,1.8189894035458565e-12
2025-07-07,S12,1200.0,1200.0,88323.4810471314,85826.6907762083,80325.68435767978,808.9174386671398,3469.6339289226,0.0,22397.290003987608,18141.80490322996,55734.62231120879,-875.0829800041174,54859.53933120467,2908.7138327043835,57768.25316390906,59518.41912391729,2.2737367544323206e-13,2.9103830456733704e-11,0,0.0
2025-07-08,S12,1200.0,1200.0,105194.22448401741,103751.63684827338,86441.2997427486,0.0,6323.595039297647,0.0,23927.987825180568,19381.670138396257,67991.34325223045,-279.61020249409194,67711.73304973636,0.0,67711.73304973636,68794.0225471158,9.094947017729282e-13,1.6612489162071142e-11,0,0.0
2025-07-09,S12,1200.0,1200.0000000000036,91836.9047314236,91243.32812170318,82607.90413272742,131.37707253221538,4374.954509580117,0.0,22661.0614684886,18355.459789475768,58141.937360288364,1443.7908180326485,59585.72817832101,435.6494196766625,60021.37759799768,61430.41174319504,3.637978807091713e-12,4.0671466194908135e-11,0,3.637978807091713e-12
2025-07-10,S12,1200.0000000000036,1200.0,88981.68780512431,90468.84517086657,80098.87294665589,232.10811581431446,3145.6242062328765,0.0,22798.597225810492,18466.86375290651,56447.31120096668,3618.2195231870064,60065.53072415369,874.1035724909032,60939.63429664459,61800.629920221734,1.8189894035458565e-12,3.979039320256561e-13,0,3.637978807091713e-12
2025-07-11,S12,1200.0,1200.0000000000007,53591.548126313224,51116.3493120193,45698.06551109654,113.75455683675352,9637.391711377306,721.6317987517268,15442.20740949606,12508.188001691806,31894.458099966767,-962.46437942388,30931.993720542887,332.1315138898873,31264.125234432773,33189.05399328054,9.094947017729282e-13,3.637978807091713e-12,0,6.821210263296962e-13
2025-07-12,S12,1200.0000000000007,1200.0000000000018,45981.62254478698,47089.59221081847,42820.73452021641,283.2499629237462,8927.678238627605,405.8903541280217,14137.750300269388,11451.577743218211,27627.93548569344,1128.273363515309,28756.20884920875,853.5700596087144,29609.778908817465,29609.778908817465,9.094947017729282e-13,1.6150636383827077e-11,0,1.1368683772161603e-12
2025-07-13,S12,1200.0000000000018,1199.9999999999993,95662.30157380344,84929.55597209207,77771.17332340126,165.13067766680842,4602.500855026528,0.0,21400.4355054818,17334.35275944026,62275.19796126092,-4000.429623873977,58274.768337386944,720.4728406398635,58995.24117802681,66996.10042577478,1.8189894035458565e-12,2.0193624550302047e-11,0,2.5011104298755527e-12
2025-07-14,S12,1199.9999999999993,1199.9999999999961,92212.27062816039,89221.70671036064,80628.751081758,86.03950351050685,4694.786725852723,0.0,22170.129698679786,17957.805055930636,58071.58257956593,-937.7190693824741,57133.86351018346,532.1012314602975,57665.96474164376,59541.40288040871,3.637978807091713e-12,1.8189894035458565e-12,0,3.183231456205249e-12
2025-07-15,S12,1199.9999999999961,1200.0000000000027,94380.31402963518,89608.38427707022,80992.75052174224,171.97000536910417,4203.5606185025235,0.0,22168.996448818405,17956.887123542907,59563.61541681462,-1728.3611290516055,57835.25428776301,614.7559118041922,58450.0101995672,61949.34147525101,1.8189894035458565e-12,5.17665910138021e-11,0,6.59383658785373e-12
2025-07-16,S12,1200.0000000000027,1200.0,88565.0149560307,88720.75543863566,81926.87723752225,318.6515920282561,5764.602982724497,0.0,22875.591913119442,18529.229449626753,56766.58627487928,125.45567252743786,56892.04194740672,948.8516627903244,57840.89361019704,57840.89361019704,9.094947017729282e-13,2.2737367544323206e-13,0,2.7284841053187847e-12
2025-07-17,S12,1200.0,1200.0,88808.2051762672,88685.50742618271,80582.86471281212,133.86581948327762,3681.6864716278683,0.0,22708.568389478056,18393.94039547723,56384.41278047123,156.07543794724188,56540.488218418475,502.93209148932533,57043.4203099078,57177.52168523472,2.2737367544323206e-13,7.275957614183426e-12,0,0.0
2025-07-18,S12,1200.0,1199.9999999999989,54492.22269969378,51577.683334556095,44082.55792532323,103.86572347958088,9379.780924048024,767.7647184466541,14550.683717411097,11786.05381110299,32521.26400617102,-786.994116509457,31734.269889661562,432.8656363650915,32167.135526026654,34433.81942055422,9.094947017729282e-13,2.000888343900442e-11,0,1.1368683772161603e-12
2025-07-19,S12,1199.9999999999989,1200.0000000000011,55927.34967194925,52463.35914841875,43842.55839181968,41.60019624538188,13248.339328975164,787.7005548207619,14027.892917205943,11362.593262936807,34091.28869313504,-1188.0369654160531,32903.25172771898,208.87341918541102,33112.12514690439,35488.19907773649,1.8189894035458565e-12,2.8421709430404007e-13,0,2.2737367544323206e-12
2025-07-20,S12,1200.0000000000011,1200.0000000000005,93780.10515411546,88983.13864443937,79744.76771619027,161.25082661907902,3541.1806925227506,0.0,22499.26122957858,18224.401595958658,58997.80248714599,-1599.3847248815946,57398.4177622644,697.0560589938343,58095.47382125823,61294.24327102144,9.094947017729282e-13,9.386269539390923e-12,0,6.821210263296962e-13
2025-07-21,S12,1200.0000000000005,1200.000000000002,94613.92289838321,91772.87709137955,82073.10994980176,138.06312013469264,3937.778513693125,0.0,22545.50108549113,18261.855879247814,59853.23555079724,-993.281280957548,58859.95426983969,633.7454894285668,59493.69975926826,61480.26232118337,2.2737367544323206e-12,1.0487610779819079e-11,0,1.5916157281026244e-12
2025-07-22,S12,1200.000000000002,1200.0000000000011,84588.031051667,84288.99140503224,80312.79934988974,1092.8155062637693,3230.760628810548,0.0,23051.10321408575,18671.39360340945,53634.83295892692,-89.7149018443597,53545.11805708256,3881.6180110131163,57426.73606809568,57683.34311159929,3.637978807091713e-12,1.8193446749137365e-11,0,9.094947017729282e-13
2025-07-23,S12,1200.0000000000011,1200.0000000000014,99359.16362426184,92922.19612141105,83621.85996486162,51.56393760690381,5031.814521199244,0.0,23289.801392645528,18864.73912804289,63701.16504588307,-2276.8899577134216,61424.27508816965,223.28846536796374,61647.56355353761,66201.34346896445,2.2737367544323206e-13,2.4982682589325123e-11,0,2.2737367544323206e-13
2025-07-24,S12,1200.0000000000014,1200.0,100748.30548379882,96120.06016655707,83028.4920235149,1.1279171630376368,4998.877215618053,0.0,23233.00381610476,18818.733091044865,64865.67347868567,-1465.9354214647901,63399.73805722088,7.0838837424578776,63406.82194096334,66897.12272329573,4.547473508864641e-13,3.282707439211663e-11,0,1.3642420526593924e-12
2025-07-25,S12,1200.0,1200.0000000000036,45075.89267273296,44526.44614133207,40529.78604104397,219.8045977494707,11059.023564428226,612.8482747843905,13538.943331127246,10966.544098213062,27103.10477009625,-211.3123971609457,26891.792372935306,912.029408353219,27803.821781288527,28265.86783901519,9.094947017729282e-13,4.9826809345177026e-12,0,3.637978807091713e-12
2025-07-26,S12,1200.0000000000036,1199.9999999999955,47166.27494482608,45915.4379198112,41635.55435891675,86.59605877044532,10206.558593568312,353.7701896919259,14172.263514527824,11479.533446767538,27687.71774897344,-268.1309593523074,27419.58678962113,284.8583083769286,27704.44509799806,28492.707739946414,3.637978807091713e-12,1.454480980100925e-11,0,8.185452315956354e-12
2025-07-27,S12,1199.9999999999955,1199.9999999999995,88041.26008665448,87964.48483436432,81419.97971741375,385.1056150253171,3709.9923200897647,0.0,23210.016907101584,18800.113694752294,55662.519343368156,238.487490259904,55901.00683362806,1220.3531125989134,57121.35994622697,57285.302664672,9.094947017729282e-13,1.5059953284435323e-11,0,4.092726157978177e-12
2025-07-28,S12,1199.9999999999995,1200.000000000001,92277.77063115948,89173.70553948724,83870.24141499745,717.5679854465251,2322.3711377227282,0.0,22687.16331256799,18376.60228318007,58501.48005422365,-1092.3273611311597,57409.15269309249,3015.427278463354,60424.57997155584,62609.23469381816,1.8189894035458565e-12,2.1083579326841573e-11,0,1.3642420526593924e-12
2025-07-29,S12,1200.000000000001,1200.0,86669.65003648953,87631.59879469055,81434.81970825624,675.0371018096322,1749.5946392477122,0.0,22584.295899042918,18293.279678224764,54306.12740351815,1167.8067263216362,55473.934129839785,2815.09603517992,58289.03016501971,58289.03016501971,2.2737367544323206e-13,1.082810285879532e-11,0,9.094947017729282e-13
2025-07-30,S12,1200.0,1199.999999999999,82506.56896431503,86623.08991934598,81314.18845054816,190.18011288493062,3062.5773941660636,0.0,22834.405890878872,18495.868771611884,52143.73990819999,4028.7983306394235,56172.538238839414,689.4154069093009,56861.95364574871,56861.95364574872,9.094947017729282e-13,1.4551915228366852e-11,0,9.094947017729282e-13
2025-07-31,S12,1199.999999999999,1199.9999999999989,85168.76984742521,85778.30536020557,80590.54357130472,375.7897263151606,1904.409314733382,0.0,22983.830085367557,18616.90236914772,53664.598800356274,667.1597225196456,54331.75852287592,1534.5519718026096,55866.31049467853,55869.257934658526,9.094947017729282e-13,2.83648660115432e-11,0,2.2737367544323206e-13
2025-08-01,S12,1199.9999999999989,1200.0000000000018,43389.586861007876,41875.3284643742,39306.22223200961,364.9056515719827,15464.346804807323,486.38352935170064,12994.936225031037,10525.89834227514,26276.66030110811,-662.9839338931306,25613.67636721498,1005.3229567444961,26618.999323959477,27964.821037516656,9.094947017729282e-13,2.2737367544323206e-13,0,2.9558577807620168e-12
2025-08-02,S12,1200.0000000000018,1200.0000000000023,47660.378843158585,44743.397041159136,40496.73261773607,163.157099494298,16750.86214198178,343.6139337995312,13886.256358503806,11247.867650388085,28400.971252326897,-981.6819850305765,27419.28926729632,839.3016373843426,28258.590904680663,30222.96292151502,1.8189894035458565e-12,1.4551915228366852e-11,0,4.547473508864641e-13
2025-08-03,S12,1200.0000000000023,1200.0000000000025,74787.85378723114,73208.63480183716,69674.59015106694,593.0200564271199,3680.012914631009,0.0,19726.933208050992,15978.81589852131,47283.0978201986,-447.1316495679639,46835.966170630636,2762.9684688812463,49598.934639511885,50504.46078359494,2.5011104298755527e-12,6.66489086142974e-12,0,2.2737367544323206e-13
2025-08-04,S12,1200.0000000000025,1199.9999999999964,80753.18943547586,76410.07666856857,72752.66808078904,616.6955867272902,3987.3974595640316,0.0,20875.321708520798,16909.010583901854,51455.268053826556,-1573.7886654922113,49881.479388334345,2512.504396545082,52393.98378487943,55652.18180116795,4.774847184307873e-12,5.803713065688498e-11,0,6.139089236967266e-12
2025-08-05,S12,1199.9999999999964,1199.9999999999986,79329.51565994768,77938.82745930833,73452.98912569115,272.9924330232195,4395.7876165670505,0.0,21988.864256915527,17810.980048101563,50375.152799637195,-508.1583554417448,49866.99444419545,1028.2099730405341,50895.20441723598,52030.28124362524,9.094947017729282e-13,2.644640062499093e-11,0,2.2737367544323206e-12
2025-08-06,S12,1199.9999999999986,1199.9999999999977,83740.37051205683,77668.26990237934,73904.86389936313,1029.3043388195765,2921.7689035654207,0.0,20515.78983131918,16617.789763368542,53783.97524820226,-2164.664140438028,51619.31110776423,3746.43257894877,55365.743686713,59912.23253279672,2.2737367544323206e-12,1.312372432948905e-11,0,9.094947017729282e-13
2025-08-07,S12,1199.9999999999977,1200.0000000000045,84245.90938252091,79507.33284586616,73196.25511772302,763.99028538772,6558.953561983586,0.0,21122.666269090325,17109.359677963148,52461.841054010394,-686.8530642877886,51774.987989722606,2557.111289573939,54332.09927929654,57130.88076847661,1.8189894035458565e-12,1.1340262062731199e-11,0,6.821210263296962e-12
2025-08-08,S12,1200.0000000000045,1199.9999999999973,41899.21048543427,41630.46551426175,39165.28312835599,262.26642340063876,20494.122010374627,473.09334983510155,14132.436534457443,11447.273592910538,24760.88986655816,-115.83542041640612,24645.054446141752,914.0244054474181,25559.07885158917,25790.749692421985,1.8189894035458565e-12,8.633094239485217e-12,0,7.275957614183426e-12
2025-08-09,S12,1199.9999999999973,1200.0000000000016,40790.31102792865,40651.35813216349,38879.32992936544,520.757832128013,17532.803727255454,346.74931033635585,13676.872231061287,11078.266507159638,23965.937683421507,-49.56317187060995,23916.374511550897,1815.2812803597383,25731.655791910634,25908.83327715412,1.8189894035458565e-12,1.4026113603904378e-11,0,4.320099833421409e-12
2025-08-10,S12,1200.0000000000016,1200.0000000000018,79363.09062246582,75164.71974494663,71443.70366600998,361.60994291029505,2873.2844777294067,0.0,19091.632006267773,15464.221925076909,50645.225663232355,-1392.481369765912,49252.74429346644,1670.7859587074022,50923.53025217385,53869.06519262931,1.8189894035458565e-12,1.5013768006610917e-11,0,2.2737367544323206e-13
2025-08-11,S12,1200.0000000000018,1200.000000000003,76937.56752428428,77019.05744427451,73342.66570840789,535.8863070100521,5227.417796706715,0.0,21525.688870409693,17435.807985031857,47981.68424042938,850.6896851718047,48832.37392560118,2095.027322405741,50927.40124800692,51321.01271497614,1.8189894035458565e-12,1.028865881380625e-11,0,1.1368683772161603e-12
2025-08-12,S12,1200.000000000003,1199.999999999999,83840.41044904615,79520.22173530998,74987.05902798728,542.9260745750558,3818.716422195217,0.0,20793.289633511362,16842.564603144205,52479.062659733296,-1076.1302189756752,51402.93244075762,1949.5689654631692,53352.50140622079,56022.503065796984,9.094947017729282e-13,2.1756818568974268e-11,0,3.865352482534945e-12
2025-08-13,S12,1199.999999999999,1199.9999999999995,76097.42484791635,76652.01992398048,72825.56158221325,654.4816299868439,3371.382003706348,0.0,20987.798728914368,17000.116970420648,47663.680160233445,565.2441082049481,48228.92426843839,2586.7962983966504,50815.72056683504,50875.83236291501,4.547473508864641e-13,2.6972202249453403e-11,0,4.547473508864641e-13
2025-08-14,S12,1199.9999999999995,1200.000000000001,78888.26300935663,76225.68434024006,72174.15616017404,548.6055224957279,2734.178149745254,0.0,21380.487103111547,17318.19455352034,50129.16886673337,-919.8091452039589,49209.359721529414,2428.4023786903235,51637.76210021974,53506.2727307164,1.8189894035458565e-12,3.68913788406644e-11,0,1.3642420526593924e-12
2025-08-15,S12,1200.000000000001,1200.0000000000002,42635.98084439779,40788.16330818469,38931.9128381217,615.9001418946306,19410.71966104862,331.7269766280963,13924.418205296299,11278.778746290003,25659.216402572492,-760.0487453711794,24899.167657201313,1613.2365000090622,26512.404157210374,28040.68648224095,1.8189894035458565e-12,1.2121859072067309e-11,0,6.821210263296962e-13
2025-08-16,S12,1200.0000000000002,1200.0000000000023,44106.39304396372,40781.58391294835,38511.045968389524,605.6715808816897,19345.908768691486,318.53244801153494,13278.926136323817,10755.930170422294,27029.550932733648,-1366.8478521440156,25662.703080589632,2488.798213686902,28151.501294276535,30888.02257066397,1.8189894035458565e-12,1.6200374375330284e-12,0,2.0463630789890885e-12
2025-08-17,S12,1200.0000000000023,1200.0000000000014,80609.17468983689,77144.97598391428,72071.75029394946,324.37142853914236,5144.932042782414,0.0,21504.189805471124,17418.393742431614,50260.78948519892,-667.2018682797643,49593.587616919154,1504.3053668437988,51097.892983762955,53092.19862196518,9.094947017729282e-13,2.9828584047209006e-11,0,9.094947017729282e-13
2025-08-18,S12,1200.0000000000014,1200.000000000001,77910.78300072151,75569.13658449886,71474.2697707997,579.4799132507519,3525.1903861036885,0.0,21760.22990147413,17625.786220194055,49664.09073692271,-850.1365775486338,48813.95415937408,2165.270363977192,50979.22452335127,52808.415594239574,1.8189894035458565e-12,3.7054803669889225e-11,0,4.547473508864641e-13
2025-08-19,S12,1200.000000000001,1200.0000000000016,76045.60827045124,75629.12640881975,72064.8055230549,649.4266059530055,4501.635967301585,0.0,20499.66374582284,16604.727634116498,48420.23773216171,-173.54167734080693,48246.6960548209,2430.278926740898,50676.9749815618,51024.05833624341,1.8189894035458565e-12,2.3213431177282473e-11,0,6.821210263296962e-13
2025-08-20,S12,1200.0000000000016,1200.0000000000018,84735.82527122181,80928.08018788205,76092.79055469041,682.3769007577018,2018.3831343548236,0.0,21611.017128561187,17504.923874134558,53015.05892850523,-1074.1505319300632,51940.90839657516,3153.004053222769,55093.912449797936,57545.8206405411,4.547473508864641e-12,6.695266563383484e-11,0,2.2737367544323206e-13
2025-08-21,S12,1200.0000000000018,1200.000000000006,81235.39959546918,78939.06592244544,74216.0704142848,351.34252270203376,4597.519192409898,0.0,21713.027690755844,17587.552429512234,51138.84805675208,-677.8957458707082,50460.952310881374,1313.6066375371486,51774.558948418526,53205.76111217288,5.9117155615240335e-12,3.873878995364066e-11,0,4.092726157978177e-12
2025-08-22,S12,1200.000000000006,1200.0000000000014,42764.1379618153,41101.19318247803,39422.55019233215,847.3155090822722,16139.853733316213,290.9034579713838,13729.153211193829,11120.614101067002,25607.124746980186,-653.2577567328808,24953.866990247305,3312.0513666478564,28265.918356895163,29579.46180156801,9.094947017729282e-13,4.661160346586257e-12,0,4.547473508864641e-12
2025-08-23,S12,1200.0000000000014,1200.0000000000002,42418.44266178108,42729.433470068936,40373.21598850219,130.8675725594702,14813.652546378515,410.3224836210096,14474.223058221705,11724.12067715958,24969.071348095746,410.51377043299,25379.585118528736,336.6273224540376,25716.212440982774,25716.21244098277,9.094947017729282e-13,2.312816604899126e-11,0,1.1368683772161603e-12
2025-08-24,S12,1200.0000000000002,1200.0000000000014,75104.15412934561,73623.51216644098,70433.91086001953,368.83660708897696,2981.6296147921953,0.0,21513.30720517365,17425.77883619066,48328.19134139918,-330.23940917479194,47997.95193222439,1168.6017062768287,49166.55363850122,50059.00025706148,9.094947017729282e-13,4.838796030526282e-11,0,1.1368683772161603e-12
2025-08-25,S12,1200.0000000000014,1200.000000000003,97316.40775019386,87973.36423936512,79746.92523527153,204.44033409398997,4974.791152982441,0.0,22123.617893244234,17920.130493527824,62153.8832682935,-3349.352428008111,58804.53084028539,602.9259056996904,59407.45674598508,66153.97279789229,1.8189894035458565e-12,2.9558577807620168e-12,0,1.5916157281026244e-12
2025-08-26,S12,1200.000000000003,1200.000000000001,78361.86110905299,76658.47938022458,71957.24627857616,184.74453666500392,2567.2995839646137,0.0,21294.06762075368,17248.194772810493,50346.03651199145,-614.1508828892474,49731.8856291022,519.5065604633144,50251.392189565515,51517.002895275706,9.094947017729282e-13,2.3565149831483723e-11,0,2.0463630789890885e-12
2025-08-27,S12,1200.000000000001,1200.0000000000002,77287.2168514564,80091.47431899702,76524.88022026862,413.7359591766292,4738.92962668746,0.0,22555.461505742576,18269.923819651478,49508.54208756669,2678.1043717404827,52186.64645930717,1175.1285311131044,53361.77499042028,53361.77499042028,1.8189894035458565e-12,2.958699951705057e-11,0,6.821210263296962e-13
2025-08-28,S12,1200.0000000000002,1200.0000000000002,77034.51754121008,79486.63825746728,75608.97412085002,845.6159223646123,1518.10437839624,0.0,21940.477270973985,17771.786589488926,48414.84841472008,2653.567004133911,51068.41541885399,3172.772753135093,54241.18817198908,54241.18817198908,1.5916157281026244e-12,4.3868908505828585e-11,0,0.0
2025-08-29,S12,1200.0000000000002,1199.999999999999,45696.626163699955,44317.55722442629,40717.93249325724,208.3724954089068,14875.599812169856,613.0648349135469,15170.631534646,12288.211543063268,27608.781394449536,-553.734129633769,27055.047264815767,1021.0280371337822,28076.07530194955,29190.13728593235,1.8189894035458565e-12,1.8900436771218665e-12,0,1.1368683772161603e-12
2025-08-30,S12,1199.999999999999,1199.9999999999989,44082.392073304494,42501.85205991022,40436.79014933426,469.1100011417652,19288.527716329212,355.9070836516812,14467.081669272688,11718.33615211087,26463.58086057794,-584.0708390571162,25879.510021520822,1488.3532742036734,27367.863295724495,28547.918949370072,1.8189894035458565e-12,8.057554623519536e-12,0,2.2737367544323206e-13
2025-08-31,S12,1199.9999999999989,1199.9999999999973,76386.46565344188,74255.77118933207,70899.81943920604,1573.2323062669197,2078.9154974803223,0.0,19723.753498207017,15976.240333547683,48971.63375623376,-756.6056341596704,48215.02812207409,6684.974209544618,54900.00233161871,56458.888801450084,3.183231456205249e-12,2.994227088493062e-11,0,1.5916157281026244e-12
2025-09-01,S12,1199.9999999999973,1200.000000000005,85731.26161987844,81668.37950744948,65856.59210307077,0.0,7971.200125264303,268.0610442740616,21279.981053679236,17236.784653480165,54231.60025490564,-1038.9943843950387,53192.605870510604,0.0,53192.605870510604,55625.220805336576,1.8189894035458565e-12,6.821210263296962e-12,0,7.73070496506989e-12
2025-09-02,S12,1200.000000000005,1199.9999999999995,62121.49850799129,61894.778541031315,59559.838317780675,2076.482772055143,3494.6374658285304,0.0,21494.35670530158,17410.428931294286,36862.1731228916,309.8471866215259,37172.02030951313,10739.917034618285,47911.93734413142,48201.77026953647,9.094947017729282e-13,5.002220859751105e-12,0,5.4569682106375694e-12
2025-09-03,S12,1199.9999999999995,1200.0,68086.18985544704,66331.18804928144,63137.119903033905,564.1051471176448,4185.5634677502585,229.04343827351306,19678.425758567268,15939.524864439489,41848.43147158155,-233.96550037041015,41614.46597121114,2332.26995475178,43946.735925962916,44987.91795205993,9.094947017729282e-13,1.8001600210482138e-11,0,4.547473508864641e-13
2025-09-04,S12,1200.0,1199.9999999999995,66579.55202154563,62631.538400020654,59473.01088580151,1019.475296695386,2479.4182831084254,243.34231043952673,20232.42125762594,16388.26121867702,42271.15778767131,-1323.3694100910288,40947.788377580284,4173.300542674747,45121.08892025503,47767.82774043708,2.2737367544323206e-13,1.9184653865522705e-11,0,4.547473508864641e-13
2025-09-05,S12,1199.9999999999995,1200.000000000001,40906.93849091882,39447.80439055722,32158.947269163607,0.0,21164.900593646616,1406.837006263962,14541.831592559769,11778.883589973411,24192.222756539843,-680.9687273483869,23511.254029191456,0.0,23511.254029191456,24873.191483888233,1.3642420526593924e-12,9.094947017729282e-12,0,1.3642420526593924e-12
2025-09-06,S12,1200.000000000001,1200.0000000000002,36202.808115334665,35410.15997510839,31455.65438129065,906.988377398812,20562.412580945325,1466.2980282672502,13751.833944615191,11138.985495138306,21344.303387862485,-367.1127742109602,20977.190613651524,3710.5529077256683,24687.743521377193,25421.96906979911,1.8189894035458565e-12,3.780087354243733e-12,0,6.821210263296962e-13
2025-09-07,S12,1200.0000000000002,1199.9999999999957,62884.07068696903,62705.11346647227,60400.017949451656,1169.0541480616598,2239.8574853900705,275.1960770474593,21542.289044258705,17449.254125849562,39203.88468162529,-43.79765677302203,39160.08702485227,3013.235525797244,42173.322550649515,42260.91786419556,1.8189894035458565e-12,1.681499384176277e-11,0,4.547473508864641e-12
2025-09-08,S12,1199.9999999999957,1200.0000000000002,71410.0273525663,71762.41241507491,67484.39725900037,1409.5737479176532,5218.793505162216,19.66478934632164,22420.753574084978,18160.810395008823,42984.10305828258,1002.515272024677,43986.618330307254,6585.295083842815,50571.91341415007,50822.5660112352,1.8189894035458565e-12,2.2936319510336034e-11,0,4.547473508864641e-12
2025-09-09,S12,1200.0000000000002,1200.0000000000005,60901.18983800001,62034.25578606248,60165.00826851149,1618.3176311981663,4508.158135471984,75.2294109137066,21563.705719248894,17466.601632591603,37055.83896845138,1414.5676669212553,38470.40663537264,7377.1007948157085,45847.50743018834,45847.50743018834,9.094947017729282e-13,3.2514435588382185e-11,0,2.2737367544323206e-13
2025-09-10,S12,1200.0000000000005,1200.0,73878.63394587675,73085.76272721565,68130.43380981481,619.8569417058004,2934.6346828799947,318.49327678356747,22006.127062405754,17824.96292054866,45463.54437618432,1217.3804152339872,46680.92479141831,2235.753399195218,48916.67819061352,49996.516107853604,2.2737367544323206e-13,6.366462912410498e-12,0,4.547473508864641e-13
2025-09-11,S12,1200.0,1199.9999999999993,74675.09958435198,67940.39197174725,62327.37164282522,560.653614064648,5104.526606485259,414.08217473518584,20385.951012295194,16512.62031995912,46599.81496297862,-1980.1123145991296,44619.70264837949,2605.444900886798,47225.14754926629,51442.343387808316,4.547473508864641e-13,2.091837814077735e-11,0,6.821210263296962e-13
2025-09-12,S12,1199.9999999999993,1200.0,34678.353539410884,34601.20445946721,32563.85764749383,463.4661394997217,17589.48779738444,1026.8249389946536,15049.23605586558,12189.88120525112,19933.31204346166,-25.025582777474483,19908.286460684187,1300.242712039295,21208.52917272348,21266.88986635006,1.8189894035458565e-12,1.4547030247058501e-11,0,6.821210263296962e-13
2025-09-13,S12,1200.0,1200.0000000000043,35611.10041442079,35628.594313131936,32994.34091193207,184.14965034428155,21160.801969493274,1129.7031792034386,15162.547001296358,12281.663071050052,20404.556036656315,37.510816113652254,20442.066852769967,798.5567100124993,21240.623562782468,21250.704536019603,1.8189894035458565e-12,5.684341886080802e-14,0,4.320099833421409e-12
2025-09-14,S12,1200.0000000000043,1200.0,77587.18711616917,75774.08823979068,70299.85866308564,536.6189216979462,6075.673108372591,399.3161399272291,22432.439928861866,18170.27634237812,48954.066426159014,-310.6065581093644,48643.45986804965,1580.052764767848,50223.512632817496,51615.93603096541,9.094947017729282e-13,4.959588295605499e-12,0,4.320099833421409e-12
2025-09-15,S12,1200.0,1199.9999999999982,62872.7476589156,62838.09741222182,60244.543961622425,835.2794699076103,1682.2670021143683,216.81307229487732,21651.11959888138,17537.406875093933,39969.80686793613,-8.80885790168395,39960.99801003445,2991.7525837493613,42952.75059378381,42984.65635655449,9.094947017729282e-13,7.275957614183426e-12,0,1.8189894035458565e-12
2025-09-16,S12,1199.9999999999982,1200.0000000000016,77736.34080634938,70907.35866843378,67426.5458010465,667.5811261988548,4246.401015716597,226.5165686348497,21733.891366108168,17604.452006547617,48316.60134419621,-2224.820288237366,46091.78105595885,2283.251443650349,48375.032499609195,52824.67307608391,4.547473508864641e-13,6.366462912410498e-12,0,3.410605131648481e-12
2025-09-17,S12,1200.0000000000016,1200.0000000000011,75143.24447699686,70595.56752354227,66168.76001254791,244.94709041575544,2015.5120490946456,337.50728411267346,21581.94405134921,17481.374681592868,47570.66240212135,-1584.9303971940462,45985.732004927304,786.1264146506862,46771.85841957799,49964.370206808955,1.8189894035458565e-12,2.7284841053187847e-12,0,4.547473508864641e-13
2025-09-18,S12,1200.0000000000011,1200.0000000000039,67782.60903559193,68023.63678014462,63932.20662029734,1136.757800773841,1764.2659580144357,237.44243399883385,21637.92059153283,17526.715679141587,43183.95198777275,160.61355795931013,43344.56554573206,3966.178006742511,47310.743552474574,47310.743552474574,5.4569682106375694e-12,5.4427573559223674e-12,0,2.7284841053187847e-12
2025-09-19,S12,1200.0000000000039,1200.0000000000011,36685.15678104397,36257.107437744125,33341.02185610592,224.27562704818718,13206.482582774574,1391.7801096929697,15082.539336946844,12216.856862926947,21465.816342588172,-185.74857601101394,21280.06776657716,545.7506335684996,21825.818400145658,22197.31555216769,1.8189894035458565e-12,6.103562100179261e-12,0,2.7284841053187847e-12
2025-09-20,S12,1200.0000000000011,1200.0,36413.35083772382,35521.19566096386,32907.358873948986,489.8361585129001,13910.181695176983,981.8234853615463,15051.347992579127,12191.59187398909,21180.3358112913,-390.0811780842341,20790.254633207067,1899.139014213438,22689.393647420504,23469.55600358897,1.8189894035458565e-12,8.242295734817162e-13,0,1.1368683772161603e-12
2025-09-21,S12,1200.0,1200.0000000000016,74447.17685435977,71912.92597995696,67067.88633719581,123.52939194087048,4524.669236333562,290.9891580593627,21517.209744265514,17428.939892855054,46331.37542480344,-387.8227053556402,45943.5527194478,512.2448092705769,46455.79752871837,48088.71407209318,1.8189894035458565e-12,2.1657342585967854e-11,0,1.5916157281026244e-12
2025-09-22,S12,1200.0000000000016,1200.0000000000005,80199.0552830428,72065.72897105211,68001.13487451797,167.0020017576128,3162.0615255289754,335.4652402144653,21350.47487999369,17293.884652794895,50931.980225917156,-2947.0104340988473,47984.96979181831,599.6603879194369,48584.630179737745,54478.65104793544,1.1368683772161603e-12,1.1596057447604835e-11,0,1.1368683772161603e-12
2025-09-23,S12,1200.0000000000005,1200.0000000000032,78594.07758719634,74617.41886473433,69242.36178892499,83.07831465961488,2806.6997199369293,269.11842184865804,21752.665149819306,17619.658771353643,49839.75177904557,-1339.974064601105,48499.77771444446,319.2796177602367,48819.0573322047,51499.005461406916,1.8189894035458565e-12,5.4569682106375694e-12,0,2.7284841053187847e-12
2025-09-24,S12,1200.0000000000032,1199.9999999999995,68138.08288103777,68795.80493199448,65279.506939266364,2000.2314581899807,1769.1121290874614,364.59610932539886,21488.447679176315,17405.64262013283,43621.369335847456,460.96802946031676,44082.33736530777,5526.206524848391,49608.543890156165,49608.543890156165,1.3784529073745944e-12,1.432454155292362e-11,0,3.637978807091713e-12
2025-09-25,S12,1199.9999999999995,1199.9999999999986,74827.62946429192,74544.68414444564,69198.78201132937,284.1287969728743,4524.94581430205,461.9784109838238,21897.566752717787,17737.029069701417,47383.8446522182,143.2229027903013,47527.0675550085,816.3383098976378,48343.40586490614,48522.55833596563,1.8189894035458565e-12,1.1667111721180845e-11,0,9.094947017729282e-13
2025-09-26,S12,1199.9999999999986,1199.9999999999986,37219.60012807767,36012.347475564566,33099.75590031905,109.83387406665662,11562.697828471655,964.5908604096239,15726.618871075976,12738.561285571548,21412.10185712753,-278.56104449181294,21133.540812635718,251.7027067194487,21385.24351935517,22490.38716591941,1.8189894035458565e-12,7.503331289626658e-12,0,0.0
2025-09-27,S12,1199.9999999999986,1199.9999999999977,36502.09892156391,36519.0724711078,34308.99877845076,261.3196673224778,12912.224645773482,911.45288200866,15501.782463110963,12556.443795119885,21121.242433521467,10.795177509913628,21132.03761103138,729.8734653779937,21861.911076409375,21861.911076409375,1.8189894035458565e-12,1.538325022920617e-12,0,9.094947017729282e-13
2025-09-28,S12,1199.9999999999977,1199.9999999999984,73880.8373486581,74054.82607554267,69871.94665677095,386.70615358975897,2261.478157891063,326.99585560529215,22013.419106303652,17830.86947610596,46602.70627244352,251.99920957114227,46854.705482014666,1277.4883206332568,48132.193802647926,48158.377135446775,9.094947017729282e-13,1.0615508472255897e-11,0,6.821210263296962e-13
2025-09-29,S12,1199.9999999999984,1199.999999999997,78140.81924957677,74318.21187446456,69672.80547336106,251.09618559182016,2771.5892851011804,230.79791071232523,21903.278227049203,17741.655363909853,49826.500136736606,-1365.4413014030215,48461.058835333584,864.4978900682706,49325.55672540185,52056.439328207896,2.2737367544323206e-12,4.845901457883883e-11,0,1.3642420526593924e-12
2025-09-30,S12,1199.999999999997,1200.0,77243.94089254417,74396.65910158947,69953.31253926789,1731.1054878965049,1450.2483544738643,448.78421438324017,22964.266798108798,18601.056106468128,49579.794898804976,-1102.7183805953973,48477.07651820958,5933.277733134971,54410.35425134455,56621.622523979146,4.547473508864641e-13,3.845457285933662e-11,0,2.9558577807620168e-12
2025-10-01,S12,1200.0,1200.0000000000005,73532.68113220281,68727.3619645713,60549.89927883071,67.35668615154285,5661.641626875818,1147.6744364719957,21823.254570005796,17676.836201704693,45760.05398577519,-1292.0398624338413,44468.014123341345,220.57965899768877,44688.593782339034,47272.673507206724,2.9558577807620168e-12,3.410605131648481e-13,0,4.547473508864641e-13
2025-10-02,S12,1200.0000000000005,1199.9999999999995,78810.99960089465,70528.200801509,63349.04445925594,38.12643753442924,6681.807581256165,853.6889812931523,21688.901145128435,17568.009927554027,49302.40274093137,-2621.6090037380636,46680.79373719331,153.15571856753849,46833.94945576085,52107.09038753578,4.547473508864641e-13,2.114575181622058e-11,0,9.094947017729282e-13
2025-10-03,S12,1199.9999999999995,1200.0000000000005,69637.31212795975,67049.53553549915,39331.1191160981,0.0,22171.91827843438,5235.932272440963,21611.13086959351,17505.01600437074,42168.6022991948,-86.35830503369652,42082.2439941611,0.0,42082.2439941611,43568.55687765734,1.8189894035458565e-12,1.0913936421275139e-11,0,9.094947017729282e-13
2025-10-04,S12,1200.0000000000005,1200.0,37125.98322144325,36291.12279520592,33592.18982318201,142.54185900778361,16182.966093912744,1272.5277351182674,16753.975893818162,13570.720473992717,20176.163510974216,-277.0575102683215,19899.106000705895,572.2892660826171,20471.395266788513,21025.510287325164,9.094947017729282e-13,4.455102953215828e-12,0,4.547473508864641e-13
2025-10-05,S12,1200.0,1199.999999999999,77128.87081537754,72424.47913340008,65676.00990692298,261.23111601396164,6182.464340058994,752.842982885595,22452.487543819374,18186.514910493697,47522.18365120963,-1278.9057457343806,46243.27790547525,759.8126805622318,47003.09058603748,49571.12117412203,1.3642420526593924e-12,2.9615421226480976e-11,0,9.094947017729282e-13
2025-10-06,S12,1199.999999999999,1200.0000000000005,67104.51380485052,66423.6821120713,63115.56229541127,639.5833302351067,1504.4158537026615,437.96859654150956,21471.852238959134,17392.200313556907,41534.33678588771,-224.92775975054246,41309.40902613717,1941.5541279821837,43250.96315411935,43754.221518583414,4.547473508864641e-13,1.963940121640917e-11,0,1.3642420526593924e-12
2025-10-07,S12,1200.0000000000005,1200.0000000000061,71356.54162689768,70263.02743143088,65663.71632202136,60.27796725627114,3299.827237959921,531.2989995937058,21691.079219600084,17569.774167876058,43711.25116598251,-54.5491197649244,43656.702046217586,166.7691777404032,43823.47122395799,44531.684567562224,1.8189894035458565e-12,1.6207479802687885e-11,0,5.6843418860808015e-12
2025-10-08,S12,1200.0000000000061,1200.0,71711.88527379511,68662.36954081552,63310.36820812999,133.34578116095147,2195.1192569383747,701.3993673807612,21414.208938448213,17345.50924014306,44264.073543634484,-804.7259923950041,43459.34755123948,502.7004590275375,43962.04801026702,45578.29162730702,2.2737367544323206e-13,1.615951816802408e-11,0,6.139089236967266e-12
2025-10-09,S12,1200.0,1200.0000000000011,77350.09407514412,71167.96882435831,65507.7057858485,53.91212961103247,5305.43606006602,308.2240727078995,22041.97947027526,17854.003370922965,47715.54330176856,-1782.0123360185098,45933.53096575005,149.89586372800105,46083.42682947805,49714.28151763695,1.8189894035458565e-12,1.5520029705839988e-11,0,1.1368683772161603e-12
2025-10-10,S12,1200.0000000000011,1200.0,34055.82065142955,33458.31673809724,32103.23796311474,178.63787367009442,18982.42742870106,807.7382588543558,16568.943329277747,13420.844096714978,18165.992818894796,-250.09303700106102,17915.899781893735,607.6415073284566,18523.54128922219,19023.727363224323,9.094947017729282e-13,8.753886504564434e-12,0,1.1368683772161603e-12
2025-10-11,S12,1200.0,1200.0000000000039,33997.76357267916,33934.33097067353,31905.374587198665,76.55447619631987,14236.676609566855,425.05354654458415,16915.185915527505,13701.30059157728,17829.474767238273,-17.292911676522635,17812.18185556175,332.7552355606681,18144.937091122418,18204.653897130574,1.8189894035458565e-12,1.0764722446765518e-11,0,3.865352482534945e-12
2025-10-12,S12,1200.0000000000039,1200.0000000000007,69265.19973350123,67699.26181264095,64997.21168762885,1109.4758549432227,3387.2412706585874,128.63313311121806,21451.87976562606,17376.02261015711,41704.85942720003,-267.6252258703098,41437.23420132972,5053.342453731073,46490.57665506079,47440.91396025287,1.8189894035458565e-12,1.1937117960769683e-11,0,3.183231456205249e-12
2025-10-13,S12,1200.0000000000007,1200.0000000000027,73921.54932284071,67045.06805066654,62433.045764325514,736.7942239643695,1824.6218891099836,287.94129702936937,21209.902642897312,17180.021140746816,45224.53368521774,-1976.9051560365115,43247.62852918123,3014.5468557765203,46262.17538495775,50223.33833426564,1.8189894035458565e-12,2.6147972675971687e-11,0,2.0463630789890885e-12
2025-10-14,S12,1200.0000000000027,1200.0000000000016,75445.92781696215,70205.7487306064,67058.4864006931,379.13668184838116,2413.8449839997547,231.17844370135037,21151.423007931848,17132.652636424802,46636.46047337025,-1666.5375836591556,44969.922889711095,1484.223120582509,46454.1460102936,49822.27655105538,9.094947017729282e-13,2.4556356947869062e-11,0,1.1368683772161603e-12
2025-10-15,S12,1200.0000000000016,1200.0000000000018,78101.57162384538,73262.13527579482,68871.62525142774,85.3886362132871,2535.1318667413902,310.36215702363586,22060.506388821264,17869.01017494523,48314.113493340694,-1649.9475555031895,46664.165937837504,286.141317708844,46950.30725554635,50290.73530256116,4.547473508864641e-13,2.1586288312391844e-11,0,2.2737367544323206e-13
2025-10-16,S12,1200.0000000000018,1199.9999999999982,73413.28133934725,70186.1960506098,68477.23948346701,534.427262070919,1677.0011076353007,109.7743138114821,22412.728284690213,18154.30991059908,45286.74142923924,-1093.8030473126637,44192.93838192658,2332.5845308005937,46525.522912727174,48713.12900735252,1.8189894035458565e-12,8.01492205937393e-12,0,3.637978807091713e-12
2025-10-17,S12,1199.9999999999982,1200.0,64600.40680637161,68993.92227463676,42462.55586832688,0.0,16928.84443237304,5312.593155589114,22194.31033525284,17977.391371554815,39534.14936788274,4586.725177994573,44120.87454587731,0.0,44120.87454587731,44133.3321323899,4.547473508864641e-13,1.2253309478182928e-11,0,1.8189894035458565e-12
2025-10-18,S12,1200.0,1200.0000000000018,33621.18650079918,32812.64346182835,31787.601200404682,324.2129603309379,12340.021603470004,612.4062076113698,16225.226752566217,13142.433669578637,17917.345957068457,-300.8239104712884,17616.52204659717,1108.989848444049,18725.511895041218,19385.816220577286,9.094947017729282e-13,1.2960299500264227e-11,0,1.8189894035458565e-12
2025-10-19,S12,1200.0000000000018,1200.0000000000002,75792.6455498113,72460.74116478847,69944.53466737454,615.3014778778103,2198.3179641306024,124.91764633774983,22899.357902371754,18548.479900921135,46838.20181063315,-1046.8083793471233,45791.39343128603,2885.7391105788133,48677.13254186484,50770.74930055908,9.094947017729282e-13,1.0913936421275139e-11,0,1.5916157281026244e-12
2025-10-20,S12,1200.0000000000002,1200.0000000000011,80663.74558120883,77692.56653194106,72716.46225666985,118.03754526048215,3871.644574262946,225.40649435453008,22614.033508664495,18317.367142018236,50806.07697333165,-1047.8039694930558,49758.27300383859,401.2671691033891,50159.54017294198,52264.28306579693,1.8189894035458565e-12,8.164136033883551e-12,0,9.094947017729282e-13
2025-10-21,S12,1200.0000000000011,1200.0000000000007,79955.98919613018,76106.27655641436,72543.74497866242,321.01404714146156,1575.1934691767492,428.462166471949,23150.116000816553,18751.593960661405,49870.7314269307,-1331.7216477365073,48539.009779194195,1191.797264991181,49730.80704418538,52480.7437932368,1.8189894035458565e-12,3.092992528763716e-11,0,4.547473508864641e-13
2025-10-22,S12,1200.0000000000007,1200.0000000000005,77052.49667109424,75147.85733692195,72181.33526621947,247.43303088642548,2198.8073848341223,334.3946470047838,22845.62929087884,18504.959725611865,47784.77738525522,-573.9854365688298,47210.79194868639,1011.9744630891386,48222.76641177553,49411.41734616341,1.8189894035458565e-12,2.0893509145025746e-11,0,2.2737367544323206e-13
2025-10-23,S12,1200.0000000000005,1200.0000000000005,88152.5250576793,82845.70566539714,74486.67792603755,191.22705255949404,6598.431168774273,262.97789727962106,23352.625680051606,18915.626800841805,55202.3728044912,-1611.6229408834624,53590.749863607736,542.1298378515643,54132.8797014593,57485.2320785828,6.821210263296962e-13,1.2050804798491299e-11,0,0.0
2025-10-24,S12,1200.0000000000005,1200.000000000003,75730.7645135601,77092.60485557758,46050.544760731886,0.0,18614.030435654706,4618.516005124915,23147.0926488716,18749.145045585996,47023.02793923256,1474.8804371466613,48497.90837637922,0.0,48497.90837637922,48593.967479128245,1.8189894035458565e-12,4.722267021861626e-11,0,2.5011104298755527e-12
2025-10-25,S12,1200.000000000003,1200.0000000000014,36062.139712095464,35535.72928731824,34284.313323419316,296.43138040735494,11302.718407285132,589.9171146368807,17314.08657142798,14024.410122856674,18969.12713951919,-148.54616249189712,18820.580977027294,1114.6221756447683,19935.20315267206,20232.295477655858,1.8189894035458565e-12,5.336175945558352e-12,0,1.5916157281026244e-12
2025-10-26,S12,1200.0000000000014,1200.0,76467.7015398414,76318.23845870368,72825.41565382252,639.425279145798,4313.120502054828,234.9339160461061,23013.02367474045,18640.549176539775,47457.0508643708,79.5119643678845,47536.562828738686,2454.672366446819,49991.23519518551,50119.304213453535,1.8189894035458565e-12,6.498623861261876e-11,0,1.3642420526593924e-12
2025-10-27,S12,1200.0,1200.0000000000002,72793.01730465918,73753.59654378562,70230.54065664586,74.19614730387377,2036.9695425495318,311.94510703684966,23174.949935245557,18771.709447548903,45519.29612627564,974.1669950167707,46493.463121292414,276.69566524637,46770.158786538785,46797.949574652506,9.094947017729282e-13,4.04263289510709e-11,0,2.2737367544323206e-13
2025-10-28,S12,1200.0000000000002,1200.0,71787.99500934962,75231.15444080906,73160.05356964939,436.40995123660196,3015.707124359716,204.00012558389233,23180.708268117894,18776.37369717549,44685.85163742697,3280.7854313620774,47966.637068789045,1441.9089645434842,49408.54603333253,49412.16897221176,9.094947017729282e-13,5.057643193140393e-11,0,2.2737367544323206e-13
2025-10-29,S12,1200.0,1200.0000000000007,80354.78652544739,79874.58919058078,76049.62136083534,155.99163000860847,2142.0952511569326,300.927518181181,23422.80748160989,18972.474060104018,50196.585572102034,-123.3111095632994,50073.274462538735,426.60748692705545,50499.88194946579,50845.83765054313,2.7284841053187847e-12,1.5376144801848568e-11,0,6.821210263296962e-13
2025-10-30,S12,1200.0000000000007,1200.000000000002,72287.26668180394,72943.3055367278,71011.6675618724,631.1724661812981,2185.9805263323224,272.3596521312496,23140.432629421797,18743.750429831653,44785.92370600448,799.6752617279562,45585.59896773244,2273.3745282366285,47858.97349596907,47889.86456680817,9.094947017729282e-13,4.9254822442890145e-11,0,1.3642420526593924e-12
2025-10-31,S12,1200.000000000002,1200.000000000001,37611.02939558799,36427.48648888639,34388.38804947171,88.19245304549932,6334.954466093572,849.2609362966725,17831.96333400154,14443.890300541249,20683.332166049055,-448.90002642493346,20234.43213962412,257.6448756853916,20492.077015309515,21390.88574977139,4.547473508864641e-13,8.526512829121202e-12,0,1.1368683772161603e-12
2025-11-01,S12,1200.000000000001,1200.0000000000023,35661.33387383059,35229.42508245849,33953.34564455689,216.83619225117815,7350.125569982258,953.6672951953165,17486.055464721903,14163.70492642475,19206.99090108503,-165.85628207266927,19041.134619012362,564.3823031373055,19605.51692214967,19937.229486295004,1.8189894035458565e-12,5.329070518200751e-12,0,1.3642420526593924e-12
2025-11-02,S12,1200.0000000000023,1200.0,78481.05094732702,76399.80051571128,73902.8281136772,877.8880568253078,1343.62295461514,117.19149670764511,23807.988346560025,19284.47056071361,49223.36204177303,-768.4109965683456,48454.95104520468,3429.783133100785,51884.734178305465,53493.27473728054,9.094947017729282e-13,2.773958840407431e-11,0,2.2737367544323206e-12
2025-11-03,S12,1200.0,1199.9999999999964,82670.68030455653,80651.5685499476,76598.75789183663,121.97326555606548,2449.8962762241595,377.8957415591261,23094.78345408448,18706.774597808446,51465.91520698657,-610.2175110731841,50855.69769591338,355.7457552170706,51211.44345113045,52489.611172780176,1.8189894035458565e-12,1.0913936421275139e-11,0,3.637978807091713e-12
2025-11-04,S12,1199.9999999999964,1200.0000000000005,78424.33148533938,77895.82171836185,74446.856609419,222.74429566438266,2552.843326374306,138.8840162941351,23146.323837271568,18748.52230818997,49062.86193074667,-103.26773565714393,48959.59419508953,739.0545146505691,49698.6487097401,50097.56024847931,9.094947017729282e-13,2.098587970067456e-11,0,4.092726157978177e-12
2025-11-05,S12,1200.0000000000005,1200.0000000000032,84908.24399097484,80304.00174856283,76229.66506774012,300.02093668632614,2135.454812862669,395.7728679701604,22739.14872066813,18418.710463741183,53161.79131418378,-1580.6010519904157,51581.19026219336,1212.2421874571382,52793.4324496505,55966.4688293933,1.8189894035458565e-12,2.8919089345436078e-11,0,2.7284841053187847e-12
2025-11-06,S12,1200.0000000000032,1200.0000000000039,79595.39493061256,79528.73496345036,76606.04028083013,350.7061209431831,722.6528957926084,420.5238768750819,23389.395153187488,18945.41007408187,49664.926227304146,-12.142359284101985,49652.783868020044,1518.7229205987064,51171.50678861875,51212.276257171856,1.8189894035458565e-12,3.8198777474462986e-11,0,6.821210263296962e-13
2025-11-07,S12,1200.0000000000039,1200.000000000001,35727.640176150744,35984.45273539805,34855.868249217085,244.16825546332348,7682.592386696475,575.3829153494137,18545.260101585136,15021.660682283968,18868.537259729874,340.4798077026171,19209.01706743249,941.1658016147891,20150.18286904728,20150.18286904728,9.094947017729282e-13,3.183231456205249e-12,0,2.9558577807620168e-12
2025-11-08,S12,1200.000000000001,1200.0000000000011,37317.18325304301,36700.11051776028,35175.88869005135,120.25530430491511,7222.799390851677,747.8131929242077,18601.706897791493,15067.38258721112,19880.58035082534,-174.34423590946972,19706.23611491587,341.44704846944,20047.68316338531,20396.371635204254,2.3305801732931286e-12,7.275957614183426e-12,0,2.2737367544323206e-13
2025-11-09,S12,1200.0000000000011,1200.000000000001,81339.13420075999,80712.92791652986,77907.03427891666,230.5039464984642,2069.4241452964893,238.68348010678062,23592.702193044814,19110.0887763663,50933.3784377924,-65.9314458163135,50867.44699197609,827.3279917683146,51694.774983744406,52180.44719889406,1.8189894035458565e-12,2.0939694422850152e-11,0,2.2737367544323206e-13
2025-11-10,S12,1200.000000000001,1200.0000000000055,81346.18785239378,81107.0658024828,78875.40344348286,635.5740899695832,879.1031258598657,270.1607017985218,23701.424241021326,19198.153635227274,51022.636380294585,100.1936475956245,51122.83002789021,2221.3067275715775,53344.13675546179,53649.17496121449,1.8189894035458565e-12,7.759126674500294e-12,0,4.547473508864641e-12
2025-11-11,S12,1200.0000000000055,1200.0000000000014,84934.35177328819,83398.39011341691,79281.19709913092,146.81656747502336,3088.7320146862817,265.6260266769092,23761.241887242435,19246.60592866638,53653.42005769264,-506.96192691477336,53146.458130777864,432.66498522004014,53579.12311599791,54654.228055086394,9.094947017729282e-13,1.509548042122333e-11,0,4.092726157978177e-12
2025-11-12,S12,1200.0000000000014,1200.0,81553.73065900529,79811.71155878674,76403.825470762,212.92216074559337,981.6829396297893,237.22867293098238,23378.148783930526,18936.300514983726,51133.35975798852,-428.8530757934568,50704.50668219506,913.6025156119076,51618.10919780697,52853.09438255209,9.094947017729282e-13,2.006572685786523e-11,0,1.3642420526593924e-12
2025-11-13,S12,1200.0,1199.9999999999993,79623.94174944761,81115.72823375284,78916.7827530709,858.9996101950957,2771.48044039686,75.9466030957658,23855.178963719492,19322.6949606128,50070.17821161814,1581.2881004165101,51651.46631203465,2975.194950847498,54626.66126288215,54626.66126288215,9.094947017729282e-13,3.502531598087444e-11,0,6.821210263296962e-13
2025-11-14,S12,1199.9999999999993,1200.0000000000039,36399.95707153127,36196.518340985895,34976.87764511119,256.2319905288119,3620.6629896570425,541.6531128879703,18275.464384710467,14803.126151615486,19562.492590959766,-30.40785584515106,19532.084735114615,918.3183742128343,20450.40310932745,20614.11822202016,1.8189894035458565e-12,8.622436098448816e-12,0,4.547473508864641e-12
2025-11-15,S12,1200.0000000000039,1200.0000000000018,41429.65320003321,40090.27412154132,38448.981178301285,198.39332488610881,6184.115652035313,520.6952206524975,19635.140599120623,15904.463885287705,21832.61609894611,-355.2352108028681,21477.38088814324,768.1055286452621,22245.486416788503,22964.71638106546,9.094947017729282e-13,1.0459189070388675e-11,0,2.0463630789890885e-12
2025-11-16,S12,1200.0000000000018,1200.0000000000014,83325.14622193895,82979.1673045346,80189.08300318084,484.84978490077714,1471.521587102067,215.573421146236,23959.438928947362,19407.145532447365,52486.20175237561,-107.65925485992193,52378.542497515686,1911.8020027021262,54290.34450021781,54505.66300993768,1.8189894035458565e-12,4.558842192636803e-11,0,4.547473508864641e-13
2025-11-17,S12,1200.0000000000014,1200.000000000003,80137.68170113035,80272.22976249321,77716.27287148751,679.0270933111717,877.1879118371293,353.5741827317946,23519.913352086383,19051.12981518998,50477.18147774445,111.14751907391474,50588.32899681837,2260.5095205896364,52848.838517408,52862.2848401679,1.8189894035458565e-12,2.375877272697835e-11,0,1.5916157281026244e-12
2025-11-18,S12,1200.000000000003,1199.9999999999964,84255.38107072026,81603.72606221431,79175.94132702479,676.998396356219,210.5132525799661,262.91880650358087,23626.083320863654,19137.12748989956,53023.50806975669,-994.4710598508536,52029.037009905835,2998.606049988737,55027.64305989457,57024.33044474797,1.8189894035458565e-12,4.551026222543442e-12,0,6.59383658785373e-12
2025-11-19,S12,1199.9999999999964,1200.0,83465.06072420158,82009.93006727431,79699.30904637369,861.9647860178428,511.74392272432294,191.60819065854616,23629.52694215064,19139.916823142008,52524.43155051353,-474.2979189648613,52050.13363154867,3786.2839106354727,55836.41754218414,56889.44330013289,1.8189894035458565e-12,1.7501111670981118e-11,0,3.637978807091713e-12
2025-11-20,S12,1200.0,1200.0000000000005,81420.30374517322,82642.3145043376,80025.38498673063,313.0653222470554,736.8907299246457,283.71425255313534,23814.575227192363,19289.805934025822,50973.03633793701,1323.442941692978,52296.47927962999,1299.5438775243647,53596.023157154355,53596.023157154355,9.094947017729282e-13,2.7284841053187847e-11,0,4.547473508864641e-13
2025-11-21,S12,1200.0000000000005,1200.0000000000052,82695.92011838325,82670.81749319388,52815.18220194967,0.0,14497.937861760336,4996.844344065371,23452.715418196287,18996.699488739,52004.24759086421,9.780452045757556,52014.028042909966,0.0,52014.028042909966,52036.800059160865,1.8189894035458565e-12,1.5916157281026244e-11,0,4.774847184307873e-12
2025-11-22,S12,1200.0000000000052,1199.9999999999989,44063.9883031543,41316.548659206186,39840.08941673311,427.0401983583348,6006.118594304934,338.3957349920159,19488.346328742966,15785.560526281806,23066.541195923273,-690.6061612843732,22375.9350346389,1350.7670188925624,23726.702053531462,25107.91437610021,6.821210263296962e-12,6.767919558114954e-12,0,6.366462912410498e-12
2025-11-23,S12,1199.9999999999989,1199.9999999999995,82367.67086135306,81936.45806738603,79916.82885864022,910.1604900718555,867.4516185738082,226.2432224866618,23690.51697009614,19189.318745777877,51860.88696350859,-128.4892219303074,51732.39774157828,3876.2260435531825,55608.623785131465,55946.76398673118,1.8189894035458565e-12,3.183231456205249e-11,0,6.821210263296962e-13
2025-11-24,S12,1199.9999999999995,1199.999999999998,82637.96331839515,82019.75303605759,79658.30799983174,319.2487465367045,1187.212198906328,146.37767063046567,23589.59566753493,19107.57249070331,52197.2905546922,-231.28073859196593,51966.00981610023,1216.8736810942223,53182.88349719445,53656.71360113179,1.8189894035458565e-12,1.1173284519827575e-11,0,1.5916157281026244e-12
2025-11-25,S12,1199.999999999998,1200.0000000000014,93099.83224039615,87013.5713592534,82964.42416335166,248.46464306718087,2267.2450922123053,197.87432678658377,24100.57326712287,19521.46434636953,59544.53411208607,-2157.2340099953944,57387.300102090674,863.9072690929014,58251.20737118358,62681.68133069822,9.094947017729282e-13,6.3646865555710974e-12,0,3.410605131648481e-12
2025-11-26,S12,1200.0000000000014,1200.0000000000014,89197.71304568392,85377.64110460177,81816.07237595916,337.0340240155964,550.6320152714909,297.03283429088003,23935.656142521268,19387.88147544224,56510.29374435802,-1368.1790159558295,55142.11472840219,1431.1806605327995,56573.295388934996,59309.65342084666,2.7284841053187847e-12,1.3770318219030742e-11,0,0.0
2025-11-27,S12,1200.0000000000014,1199.999999999996,86273.31523234962,84867.12933318975,81557.71167990573,266.07351299965046,1233.4434542627155,222.21909316242954,24143.315327088796,19556.085414941925,54579.51377037678,-440.9081095939182,54138.605660782865,1088.1843757783886,55226.79003656125,56314.046856305176,1.8189894035458565e-12,1.546585082223828e-11,0,5.4569682106375694e-12
2025-11-28,S12,1199.999999999996,1200.000000000001,40731.510804690944,39782.45872862602,38340.51306282393,320.9625100767103,3579.974417227586,383.80469923776224,19876.094244396154,16099.636337960883,21604.75541624074,-268.20254987466615,21336.552866366073,1064.9657161548423,22401.518582520916,22937.923682270255,9.094947017729282e-13,1.0224709967587842e-11,0,5.002220859751105e-12
2025-11-29,S12,1200.000000000001,1200.0,50038.858813256884,47245.782321783605,43518.947860350854,339.88088088022664,4535.465668038574,515.3593949779322,20413.439885339925,16534.886307125336,26120.807621559354,-696.682993305476,25424.124628253878,894.5721221863986,26318.696750440275,27712.06273705123,9.094947017729282e-13,1.9099388737231493e-11,0,9.094947017729282e-13
2025-11-30,S12,1200.0,1200.000000000007,87992.42716817147,88332.65252369105,85355.02782392042,566.0599051958937,861.3398132310414,74.55546403268659,24949.28597466257,20208.921639476674,55496.25142200313,673.2368754667477,56169.48829746988,2441.339004806226,58610.827302276106,58771.87310403468,3.637978807091713e-12,1.6370904631912708e-11,0,7.048583938740194e-12
2025-12-01,S12,1200.000000000007,1200.000000000001,91130.150175691,88729.5383775771,87651.26839207152,3847.531700329778,319.1801729495853,146.26746462184803,24918.02484998193,20183.600128485385,58410.32256536737,-851.7436848200159,57558.57888054736,12559.887631130432,70118.46651167779,71821.95388131784,9.094947017729282e-13,3.001332515850663e-11,0,6.139089236967266e-12
2025-12-02,S12,1200.000000000001,1200.000000000001,99435.28056365487,96683.77460562011,93359.6250866028,1076.753935812314,584.6393343699137,421.0179634973306,25225.85144498885,20432.93967044097,63957.0666851005,-940.7012604022602,63016.36542469824,3935.064205482162,66951.4296301804,68832.8321509849,1.8189894035458565e-12,7.815970093361102e-12,0,0.0
2025-12-03,S12,1200.000000000001,1199.999999999999,93063.14395978178,95614.68687755983,92210.5128245336,926.4881096633773,825.0287118466716,330.75693571533884,25360.35115772769,20541.884437759436,59506.50011690741,2770.3894133288195,62276.88953023623,2276.700437894692,64553.589968130924,64560.09658711173,1.8189894035458565e-12,3.54702933691442e-11,0,1.8189894035458565e-12
2025-12-04,S12,1199.999999999999,1200.0000000000039,100333.07466760023,96004.77931641701,91675.76053156801,510.62434996821816,526.4657274139001,161.17935145582226,24881.74238245576,20154.21132978917,64817.55464175707,-1649.9166592239344,63167.63798253314,2307.8805696036525,65475.51855213679,68870.27315627476,1.8189894035458565e-12,8.659206685024401e-11,0,4.774847184307873e-12
2025-12-05,S12,1200.0000000000039,1199.9999999999995,49283.543046725696,48150.70569530092,46410.081605606545,868.2825016057334,1497.9716384811627,380.30703204143504,21518.198701875488,17429.740948519142,25811.789248108238,-268.63358198178685,25543.15566612645,2872.60546666364,28415.761132790092,28960.456600600137,1.8189894035458565e-12,4.46931380793103e-12,0,4.320099833421409e-12
2025-12-06,S12,1199.9999999999995,1200.0000000000005,57121.10602296924,54852.311823261305,51222.75064526205,98.26598799698607,2529.3418784882647,1050.6333036301205,21454.792813020904,17378.382178546923,30868.906390618846,-663.151142996925,30205.75524762192,297.01490428586885,30502.77015190779,31864.553354334017,3.637978807091713e-12,4.387174651343528e-12,0,9.094947017729282e-13
2025-12-07,S12,1200.0000000000005,1200.0000000000027,103972.64857025545,99952.25911783696,94003.12413141868,514.1350733100926,1825.2771272278558,154.3341166557251,25710.351109711803,20825.38439886657,67227.63202507599,-1482.2155851114949,65745.4164399645,2426.35863112967,68171.77507109416,71136.20624131717,4.547473508864641e-13,3.4781066915456904e-12,0,2.2737367544323206e-12
2025-12-08,S12,1200.0000000000027,1199.9999999999957,107273.09678145991,105817.58882697065,95113.92070331024,31.680887128096742,2066.6785324017046,350.25428324236907,25691.882411198298,20810.42475307062,69538.11775256899,-444.95676084118895,69093.1609917278,205.66928910534648,69298.83028083315,70357.75367824468,1.8189894035458565e-12,1.0085265955694922e-10,0,7.048583938740194e-12
2025-12-09,S12,1199.9999999999957,1200.000000000001,101148.07006168032,99009.77206419015,93231.74357419768,530.5559946502513,1391.782766947168,130.7708944461507,25533.113898883847,20681.822258095923,65310.92598982379,-717.1038658673133,64593.822123956474,2334.3266534589998,66928.14877741547,68377.16285473295,9.094947017729282e-13,2.6860291768571187e-11,0,5.229594535194337e-12
2025-12-10,S12,1200.000000000001,1200.0000000000034,96711.84818840848,95598.84785954554,93193.25765697872,903.5972402427997,602.8946580072036,237.1160754976289,25627.503668684338,20758.27797163431,61920.3331757641,-332.72668642187637,61587.60648934222,3347.8633622362086,64935.46985157843,65967.06576806367,1.8189894035458565e-12,3.694822225952521e-12,0,2.5011104298755527e-12
2025-12-11,S12,1200.0000000000034,1200.0000000000014,101171.02408580459,97150.16736555805,91796.66961084174,321.618006344014,1132.5199667919917,283.4076372932834,24953.185858423527,20212.080545323064,65188.20837952166,-1467.2717802538755,63720.936599267785,1139.5275742417366,64860.46417350952,67795.00773401729,1.4779288903810084e-12,3.1533886613033246e-11,0,2.0463630789890885e-12
2025-12-12,S12,1200.0000000000014,1200.0000000000002,54181.26631499763,54194.201325624024,51126.550225758525,173.1260102778151,2691.4779394053307,809.6455944033187,21495.469573128223,17411.330354233858,28643.441609359896,289.54304698750275,28932.9846563474,601.1874109836286,29534.172067331026,29672.181650222185,6.821210263296962e-13,1.0363265801061061e-11,0,1.1368683772161603e-12
2025-12-13,S12,1200.0000000000002,1199.9999999999995,56172.86813391169,55840.19696147987,51833.23287976369,201.50621505328525,3361.370984098996,746.7136121215545,21726.95323822697,17598.832122963846,30004.17824546918,-47.094448077099514,29957.08379739208,933.9765998622657,30891.060397254343,31079.767366755994,1.8189894035458565e-12,1.801225835151854e-11,0,6.821210263296962e-13
2025-12-14,S12,1199.9999999999995,1200.0000000000027,95520.22929544622,96491.989310728,93121.0632142803,965.4014132370236,346.8153268692014,124.68437268659568,25453.911199797425,20617.668071835924,61066.5673916488,1038.363711637896,62104.9311032867,3668.7012441096686,65773.63234739637,65775.23168583159,3.637978807091713e-12,3.717559593496844e-11,0,3.183231456205249e-12
2025-12-15,S12,1200.0000000000027,1200.0,96182.68379459981,96410.70619277452,93417.1913600881,1360.0574664987885,332.2460893718844,158.68368807996433,25351.37411825437,20534.613035786046,61454.731082720944,163.87796606239135,61618.609048783335,4887.704751544647,66506.31380032797,66511.70845789413,9.094947017729282e-13,2.1788792992083472e-11,0,2.7284841053187847e-12
2025-12-16,S12,1200.0,1199.9999999999968,101804.76400116905,99491.78637259484,94827.53751478967,199.23538308313482,680.7196641071229,167.21025153448795,25056.587625778462,20295.835976880553,65835.50309268021,-893.6911292844161,64941.8119633958,766.9019887037589,65708.71395209956,67561.51022863915,1.8189894035458565e-12,2.5224267119483557e-11,0,3.183231456205249e-12
2025-12-17,S12,1199.9999999999968,1200.0000000000036,101681.48153593049,100066.97694695894,94254.96261069976,379.10836192896284,1394.8159984122813,304.3658133221703,24963.37944330329,20220.337349075675,65524.08374792826,-548.7489467139676,64975.334801214296,1540.4494394893732,66515.78424070367,67647.12346510266,9.094947017729282e-13,5.437570532729197e-12,0,6.821210263296962e-12
2025-12-18,S12,1200.0000000000036,1199.9999999999968,97540.62115845343,97420.0753032418,92976.26211797626,208.02701882372136,869.5081885131713,175.9414963332456,25118.802554142057,20346.230068855082,62886.748487836245,25.14035666374548,62911.88884449999,659.9881162457118,63571.8769607457,63653.97106986105,1.8189894035458565e-12,1.9378276761017332e-11,0,6.821210263296962e-12
2025-12-19,S12,1199.9999999999968,1200.000000000003,53469.577915230555,53153.871157153786,50320.37702837719,370.679372809585,2536.201053017431,1127.5037026269595,21678.738660749383,17559.778315206997,28440.43863924931,-8.221783367142052,28432.21685588217,1358.3979598696424,29790.61481575181,30088.94889202059,1.8189894035458565e-12,1.1599610161283636e-11,0,6.139089236967266e-12
2025-12-20,S12,1200.000000000003,1199.999999999999,53142.48029943397,51386.25743188202,49454.13572110124,384.4320582276851,2249.5979249232423,643.1889804291749,21523.308547244866,17433.879923268338,28410.55487580988,-562.588453419783,27847.966422390098,1140.5938461370401,28988.560268527137,30113.73717536671,1.8189894035458565e-12,1.0773160141752669e-11,0,3.865352482534945e-12
2025-12-21,S12,1199.999999999999,1200.0,100632.36431400132,100457.13564903765,94959.73255737482,248.52186118384066,1196.4450757939762,128.09593101014832,25504.902868883848,20658.97132379592,64502.74111348154,-31.43933683459909,64471.30177664694,1235.731682737134,65707.03345938408,65793.5975145487,4.547473508864641e-13,1.9383605831535533e-11,0,9.094947017729282e-13
2025-12-22,S12,1200.0,1199.9999999999986,97827.57836661529,97693.51988327867,94137.74037806095,485.09437488752434,788.4768124893435,85.52254767526836,25323.201628687093,20511.793319236545,63045.18613645047,-55.20332807335217,62989.98280837712,1919.1188426397316,64909.101651016856,65019.508307163575,2.7284841053187847e-12,2.4556356947869062e-11,0,1.3642420526593924e-12
2025-12-23,S12,1199.9999999999986,1199.9999999999939,99975.03621095512,98997.94368239203,93199.7760889379,116.48505437245751,1070.6760459461211,194.45405948190717,25226.51844499471,20433.479940445708,64305.25550474371,-268.92089797951485,64036.3346067642,514.6586707203542,64550.99327748455,65206.19730280026,3.637978807091713e-12,2.7715607586742408e-11,0,4.774847184307873e-12
2025-12-24,S12,1199.9999999999939,1200.000000000004,99597.58312742443,98907.28208484448,93893.50917419822,114.84191829097469,1195.296974915408,100.89806495337473,25566.298610282676,20708.701874328963,64364.8141847844,-267.2979872422293,64097.51619754217,402.29772754913853,64499.81392509131,65077.567359265224,1.8189894035458565e-12,2.9103830456733704e-11,0,1.0231815394945443e-11
2025-12-25,S12,1200.000000000004,1200.000000000001,96065.08096846026,97371.41536227847,93088.88773877984,611.7713658832942,943.7126525604526,145.0635207066539,25260.181042435168,20460.74664437249,61379.46986630724,1401.8211011089807,62781.29096741622,2159.503193568361,64940.79416098458,64940.79416098458,4.547473508864641e-13,2.885514049921767e-11,0,3.183231456205249e-12
2025-12-26,S12,1200.000000000001,1199.9999999999998,51779.471459028755,51746.42992333962,49186.2187137404,372.91876314284735,1337.8733204137143,1127.4515241717381,21506.26420507628,17420.074006111783,27481.37940870801,-13.845836188873363,27467.533572519136,1301.4296194747146,28768.96319199385,28796.654864371594,1.8189894035458565e-12,1.9745982626773184e-11,0,1.1368683772161603e-12
2025-12-27,S12,1199.9999999999998,1200.0000000000011,43791.118927463365,42919.290841411894,42761.01337952659,5320.533536279733,382.0906842765621,443.58530869993115,20616.115032437596,16699.053176274443,22063.666602434743,-157.39405573119438,21906.27254670355,21586.46001939786,43492.732566101404,43959.457023695184,1.8189894035458565e-12,2.183497826990788e-11,0,1.3642420526593924e-12
2025-12-28,S12,1200.0000000000011,1200.0000000000016,102244.9401147543,99910.14115044277,93503.19875177988,54.34085690086897,1308.8927771977146,709.9984175648377,24891.545599569752,20162.15193565151,66498.32091885839,-944.535375588297,65553.78554327009,164.86780675337843,65718.65335002347,67607.72410120006,9.094947017729282e-13,8.185452315956354e-12,0,4.547473508864641e-13
2025-12-29,S12,1200.0000000000016,1200.0,102620.881886143,102368.05146824733,94250.18086884786,22.148044635384394,1265.2578969067758,581.5603188661855,25798.65490022954,20896.910469185943,66080.94934706531,-72.57012206451327,66008.3792250008,67.87302734590693,66076.2522523467,66221.39249647575,2.2737367544323206e-13,2.523847797419876e-11,0,1.5916157281026244e-12
2025-12-30,S12,1200.0,1200.0000000000016,96863.62579943356,94226.13336962239,91155.27855621498,471.9975252258521,399.92165704308786,317.421993968978,24660.683318046526,19975.15348761769,61931.913649036665,-914.8204226833404,61017.093226353325,1897.2588579693843,62914.35208432271,64809.036621955274,2.9558577807620168e-12,2.3959501049830578e-11,0,1.5916157281026244e-12
2025-12-31,S12,1200.0000000000016,6000.0,106882.50359330713,106615.18004104364,99837.07187442911,296.66444331859776,1104.4067748983882,245.18846005206785,30619.569207704764,20481.851058240874,67385.78981979951,93.40402151063608,67479.19384131015,1030.7285784297405,68509.92241973989,68681.14475327966,9.094947017729282e-13,2.5336177600365772e-11,0,0.0
