date,scenario,interval,L_scen_kwh,G_scen_kwh
2025-07-15,1,1,815.6969987088428,0.0
2025-07-15,1,2,822.0633208796396,0.0
2025-07-15,1,3,850.9646865415676,0.0
2025-07-15,1,4,866.6358411661381,0.0
2025-07-15,1,5,930.0186612891334,0.0
2025-07-15,1,6,918.6780160723524,0.0
2025-07-15,1,7,912.090352321173,0.0
2025-07-15,1,8,854.8602573708624,0.0
2025-07-15,1,9,867.4457238819774,0.0
2025-07-15,1,10,903.7430408374739,0.0
2025-07-15,1,11,893.7587688321255,0.0
2025-07-15,1,12,875.5769515790221,0.0
2025-07-15,1,13,896.883950350368,0.0
2025-07-15,1,14,871.8977630425618,0.0
2025-07-15,1,15,847.4510455835104,0.0
2025-07-15,1,16,874.882612517587,0.0
2025-07-15,1,17,907.1486149729681,0.0
2025-07-15,1,18,891.4560173568748,0.0
2025-07-15,1,19,859.3044068417364,0.0002833333333333333
2025-07-15,1,20,853.9289616191627,0.0
2025-07-15,1,21,816.8241319608044,0.0
2025-07-15,1,22,829.0522211542759,0.004
2025-07-15,1,23,841.2642554881863,0.0
2025-07-15,1,24,829.7626018662463,0.0
2025-07-15,1,25,789.6393606788032,0.055716666666666664
2025-07-15,1,26,783.9568779151142,0.0
2025-07-15,1,27,816.2838241725665,0.0
2025-07-15,1,28,813.4429878645415,1.0953816445477687
2025-07-15,1,29,806.8835928513402,0.0
2025-07-15,1,30,810.5790176845228,0.0
2025-07-15,1,31,756.963010732099,17.705331726226486
2025-07-15,1,32,770.7576723742986,46.56557886078996
2025-07-15,1,33,823.9879162792079,81.11908017732978
2025-07-15,1,34,795.5138474016926,117.94098541554304
2025-07-15,1,35,817.3673902933909,166.1247515886643
2025-07-15,1,36,969.4419093064973,215.1527750592827
2025-07-15,1,37,984.7803152408414,244.8921688698029
2025-07-15,1,38,936.0174439224318,286.3521296695452
2025-07-15,1,39,920.4685624947142,339.21343513847495
2025-07-15,1,40,958.3389316950704,373.3775162229901
2025-07-15,1,41,969.9864036329034,418.2739237845003
2025-07-15,1,42,943.2916605352539,486.48060628691127
2025-07-15,1,43,966.580355165468,557.3386939621424
2025-07-15,1,44,921.5451746699597,605.0793020541557
2025-07-15,1,45,847.0563696969482,637.7226461392262
2025-07-15,1,46,875.5686186393239,684.8833702567093
2025-07-15,1,47,998.2272997764173,734.7636843221586
2025-07-15,1,48,1202.265711980016,776.1613042685183
2025-07-15,1,49,1222.3803737548935,808.5230814742209
2025-07-15,1,50,1213.3781584107792,835.0418220192997
2025-07-15,1,51,1239.0917880385598,871.7936605830444
2025-07-15,1,52,1223.9158626591504,939.2925423938532
2025-07-15,1,53,1237.111047523524,979.4203293811606
2025-07-15,1,54,1203.1095718037564,998.8663482146395
2025-07-15,1,55,1207.784258781729,1057.7326591453493
2025-07-15,1,56,1204.8358024860092,1129.9413760631414
2025-07-15,1,57,1205.1994602730917,1186.2307695864704
2025-07-15,1,58,1196.8652639648171,1220.4880669098181
2025-07-15,1,59,1151.9336856911868,1261.6177246889754
2025-07-15,1,60,1113.8936941262805,1314.9076193313256
2025-07-15,1,61,1179.5501582774389,1346.0986977095417
2025-07-15,1,62,1217.8601508453992,1339.1148130784668
2025-07-15,1,63,1195.2737055160555,1328.806031554203
2025-07-15,1,64,1199.9804263724902,1371.2253769622146
2025-07-15,1,65,1181.3993779149598,1413.2703469391383
2025-07-15,1,66,1168.0864535731628,1454.3586530017399
2025-07-15,1,67,1197.481228032938,1545.8181401272816
2025-07-15,1,68,1215.6303840296564,1643.0739758576651
2025-07-15,1,69,1198.0898615679325,1709.6124484587176
2025-07-15,1,70,1181.3206439169633,1734.1780246059905
2025-07-15,1,71,1166.143835632617,1671.8162338351265
2025-07-15,1,72,1136.40319523386,1613.2827909216658
2025-07-15,1,73,1141.9015930756934,1696.3158397877066
2025-07-15,1,74,1134.667682799116,1714.2339083852464
2025-07-15,1,75,1135.5282088389965,1637.7471343148784
2025-07-15,1,76,1107.8882987527154,1633.0317570071381
2025-07-15,1,77,1191.9714275433357,1588.3374682139847
2025-07-15,1,78,1285.248516600699,1487.7716823903993
2025-07-15,1,79,1203.2204469666867,1443.037587053747
2025-07-15,1,80,1147.831750641834,1398.1921841879275
2025-07-15,1,81,1200.579062454038,1334.170632308331
2025-07-15,1,82,1257.3950375945976,1295.346798407104
2025-07-15,1,83,1219.8245262717699,1252.3975136278352
2025-07-15,1,84,1191.4638216232188,1214.65972941816
2025-07-15,1,85,1212.7709248503907,1220.3364998183627
2025-07-15,1,86,1244.2541317497048,1196.3390386182482
2025-07-15,1,87,1288.161901117639,1131.3435551051753
2025-07-15,1,88,1314.6385627167379,1088.3944855346294
2025-07-15,1,89,1314.940324413567,1055.3799058144928
2025-07-15,1,90,1294.3826967415725,1031.9860548109637
2025-07-15,1,91,1263.4468135446245,1028.8303136991472
2025-07-15,1,92,1265.2829949426891,976.120141804694
2025-07-15,1,93,1279.1347580498941,885.5018414719563
2025-07-15,1,94,1280.5347221486056,842.2708839905669
2025-07-15,1,95,1287.2499711379558,804.1634845751287
2025-07-15,1,96,1293.6987042308515,749.4961918753893
2025-07-15,1,97,1274.2744735000356,709.6086481563269
2025-07-15,1,98,1254.3655531419208,700.7177407026783
2025-07-15,1,99,1250.028030282374,682.2842697033966
2025-07-15,1,100,1312.191290721884,594.3774765773132
2025-07-15,1,101,1292.4575942488623,513.5308156964109
2025-07-15,1,102,1235.5097886412036,479.4336301296428
2025-07-15,1,103,1287.4788123586573,461.28936447176505
2025-07-15,1,104,1365.63044272445,421.39282599943954
2025-07-15,1,105,1381.3060878268207,361.1691313502297
2025-07-15,1,106,1341.0023451387597,314.39332865591444
2025-07-15,1,107,1232.8444363544404,269.6771903031722
2025-07-15,1,108,1020.1595280538799,215.35156962375424
2025-07-15,1,109,1010.9056178243623,157.7278209906349
2025-07-15,1,110,974.9546811427233,113.9790733931504
2025-07-15,1,111,1007.789596918745,81.82910407468675
2025-07-15,1,112,1085.7429094231306,44.86412592466315
2025-07-15,1,113,1111.8834404338656,15.059461571927613
2025-07-15,1,114,1071.3833362990526,0.0
2025-07-15,1,115,982.3344950081151,0.0
2025-07-15,1,116,983.0137828472223,1.0540252831766264
2025-07-15,1,117,958.8177414607513,0.0
2025-07-15,1,118,1018.8772489691922,0.0
2025-07-15,1,119,1052.2433135801664,0.051366666666666665
2025-07-15,1,120,1058.3202360420996,0.0
2025-07-15,1,121,1031.9338737678036,0.0
2025-07-15,1,122,1052.3503543897934,0.0036833333333333336
2025-07-15,1,123,1084.9609723526282,0.0
2025-07-15,1,124,1038.847687068308,0.0
2025-07-15,1,125,993.4231753165234,0.0002666666666666667
2025-07-15,1,126,1017.2974818425121,0.0
2025-07-15,1,127,1105.5904859340983,0.0
2025-07-15,1,128,1029.5188061226913,0.0
2025-07-15,1,129,957.1820287996702,0.0
2025-07-15,1,130,1027.590146334136,0.0
2025-07-15,1,131,981.9320790309017,0.0
2025-07-15,1,132,853.6504992427157,0.0
2025-07-15,1,133,826.4312771333982,0.0
2025-07-15,1,134,889.6516825907104,0.0
2025-07-15,1,135,937.0297990429057,0.0
2025-07-15,1,136,878.510094435115,0.0
2025-07-15,1,137,863.2498251258012,0.0
2025-07-15,1,138,860.6785056581328,0.0
2025-07-15,1,139,857.4068564988054,0.0
2025-07-15,1,140,846.1786976955136,0.0
2025-07-15,1,141,873.5838272804237,0.0
2025-07-15,1,142,826.6828062918295,0.0
2025-07-15,1,143,836.7545041791475,0.0
2025-07-15,1,144,887.3549005570273,0.0
2025-07-15,2,1,783.618368617714,0.0
2025-07-15,2,2,811.474297101225,0.0
2025-07-15,2,3,841.2926959284032,0.0
2025-07-15,2,4,767.3338263243567,0.0
2025-07-15,2,5,734.0802414136109,0.0
2025-07-15,2,6,712.1654772471354,0.0
2025-07-15,2,7,724.5037730760198,0.0
2025-07-15,2,8,727.4035833347498,0.0
2025-07-15,2,9,772.14509087836,0.0
2025-07-15,2,10,814.513041345006,0.0
2025-07-15,2,11,794.5411706454412,0.0
2025-07-15,2,12,756.5946358327807,0.0
2025-07-15,2,13,703.9886417935282,0.0
2025-07-15,2,14,720.5640596379951,0.0
2025-07-15,2,15,793.0997366382353,0.0
2025-07-15,2,16,731.625670448487,0.0
2025-07-15,2,17,730.4046555646011,0.0
2025-07-15,2,18,799.5465086676886,0.0
2025-07-15,2,19,777.2659352041253,0.00025
2025-07-15,2,20,798.327731368937,0.0
2025-07-15,2,21,794.3427092945988,0.0
2025-07-15,2,22,736.1070094303192,0.003533333333333333
2025-07-15,2,23,734.4192797903893,0.0
2025-07-15,2,24,769.890148491,0.0
2025-07-15,2,25,724.4565943896554,0.04918333333333333
2025-07-15,2,26,724.0344342727319,0.0
2025-07-15,2,27,765.0796645922693,0.0
2025-07-15,2,28,711.3568518127632,1.004414977881102
2025-07-15,2,29,709.4179017243953,0.0
2025-07-15,2,30,774.6938945072483,1.4625000000000001
2025-07-15,2,31,697.4702216492573,21.34710258346167
2025-07-15,2,32,689.7676551041767,52.322100436995
2025-07-15,2,33,747.1729821599998,87.47721104780325
2025-07-15,2,34,693.8020886262157,123.13693174121025
2025-07-15,2,35,718.0672465983529,163.4142847513183
2025-07-15,2,36,885.4822962104413,204.24920598542832
2025-07-15,2,37,928.3920988148815,238.23390811232554
2025-07-15,2,38,858.5257531989192,286.53800815553507
2025-07-15,2,39,829.657555269532,345.96807657759695
2025-07-15,2,40,883.0158843839575,387.87740846444177
2025-07-15,2,41,911.524444078173,413.6227593536109
2025-07-15,2,42,904.5871010595545,448.51933121299913
2025-07-15,2,43,860.9024413810275,520.4937642641607
2025-07-15,2,44,872.9770581828626,596.8767514516031
2025-07-15,2,45,931.5591314162587,641.5476920188455
2025-07-15,2,46,922.3429882600514,653.1437093557466
2025-07-15,2,47,974.5198870531162,691.6227343711419
2025-07-15,2,48,1175.5393108918122,756.9895097050241
2025-07-15,2,49,1178.218852526325,788.7739988404185
2025-07-15,2,50,1144.7383383838321,798.5758037858542
2025-07-15,2,51,1135.5264932271289,822.3661860070641
2025-07-15,2,52,1133.7028039219285,882.7872839867414
2025-07-15,2,53,1156.617884972968,917.1879942847012
2025-07-15,2,54,1197.241809364534,942.474351346547
2025-07-15,2,55,1215.344246783139,1027.2402415522315
2025-07-15,2,56,1228.146737487485,1097.271616838731
2025-07-15,2,57,1211.6409897498495,1127.7351374672025
2025-07-15,2,58,1197.5010357370636,1153.9130650099446
2025-07-15,2,59,1188.3655745026792,1206.5524893639742
2025-07-15,2,60,1187.046438539834,1265.9137342469269
2025-07-15,2,61,1214.2978663598049,1266.6317292358474
2025-07-15,2,62,1203.5453402017522,1301.7270639308151
2025-07-15,2,63,1164.2703161683864,1369.1999637220445
2025-07-15,2,64,1141.442326950693,1358.3522004287804
2025-07-15,2,65,1172.9661625672077,1338.5255079796332
2025-07-15,2,66,1208.294933396603,1354.9955011949871
2025-07-15,2,67,1180.2799797253203,1387.358502888212
2025-07-15,2,68,1160.7937119329868,1444.2201720528897
2025-07-15,2,69,1206.4000148951882,1505.6025972067698
2025-07-15,2,70,1176.8353887135672,1527.424832828068
2025-07-15,2,71,1143.7099121285362,1537.8829852850881
2025-07-15,2,72,1152.7539909292695,1551.0537660786956
2025-07-15,2,73,1105.487715321204,1542.2484017003617
2025-07-15,2,74,1097.7720860277122,1506.0006945141135
2025-07-15,2,75,1111.8131292826606,1442.983901662671
2025-07-15,2,76,1098.7686817478666,1368.8054258561315
2025-07-15,2,77,1126.8451350999433,1369.2557452101962
2025-07-15,2,78,1227.151432335935,1420.1491310777521
2025-07-15,2,79,1215.193520398528,1411.809440228961
2025-07-15,2,80,1219.0895835778774,1376.5399781097524
2025-07-15,2,81,1292.1270932923344,1340.470579232933
2025-07-15,2,82,1273.2517283813766,1286.6250306791565
2025-07-15,2,83,1245.6242088200856,1200.6745547275345
2025-07-15,2,84,1257.8187215810526,1116.0045015374235
2025-07-15,2,85,1265.7326542499864,1101.5428693661072
2025-07-15,2,86,1297.3660420862923,1134.764661549456
2025-07-15,2,87,1322.6590997899536,1130.797346453431
2025-07-15,2,88,1275.2389538947386,1036.4161944459524
2025-07-15,2,89,1257.4662598299478,1033.992317375013
2025-07-15,2,90,1271.1447888617267,1086.6615811256625
2025-07-15,2,91,1266.5421257774444,981.9257779324547
2025-07-15,2,92,1267.0106789907757,904.5323916634413
2025-07-15,2,93,1242.357171816342,902.2985399152154
2025-07-15,2,94,1203.645595945548,842.6454727696048
2025-07-15,2,95,1209.2072309641828,811.9219595027107
2025-07-15,2,96,1252.3794413954856,811.4188852983435
2025-07-15,2,97,1284.458822534079,743.0897750518222
2025-07-15,2,98,1301.7477831539163,661.3626095374459
2025-07-15,2,99,1312.8247705098433,594.919693601181
2025-07-15,2,100,1290.5403589574034,515.6181881589671
2025-07-15,2,101,1264.7300215608668,457.7968668475854
2025-07-15,2,102,1224.3721256248812,429.7957441396692
2025-07-15,2,103,1217.8752028658644,396.8836976406567
2025-07-15,2,104,1243.8473546125033,347.66580024015616
2025-07-15,2,105,1272.4921276044056,292.3008012806599
2025-07-15,2,106,1283.2269358398273,248.4202729249796
2025-07-15,2,107,1190.818471561776,210.28649412622607
2025-07-15,2,108,986.9341345973966,171.3908299476379
2025-07-15,2,109,983.826067964684,131.54589332879058
2025-07-15,2,110,1020.2794366873591,98.4057487310602
2025-07-15,2,111,1044.5472971722547,71.04156648831592
2025-07-15,2,112,1042.0529772448958,40.88696170607631
2025-07-15,2,113,985.8986157633694,15.617947899597297
2025-07-15,2,114,953.8668292581125,1.1937499999999999
2025-07-15,2,115,955.8397040150043,0.0
2025-07-15,2,116,1003.1932822542874,0.854991949843293
2025-07-15,2,117,992.7672847713561,0.0
2025-07-15,2,118,1012.1183812102994,0.0
2025-07-15,2,119,1025.79301305343,0.037083333333333336
2025-07-15,2,120,1055.1265590655562,0.0
2025-07-15,2,121,991.0312930991809,0.0
2025-07-15,2,122,1010.3000752418694,0.0026666666666666666
2025-07-15,2,123,1053.348504294865,0.0
2025-07-15,2,124,1060.0615849324122,0.0
2025-07-15,2,125,1023.6652858256057,0.00018333333333333334
2025-07-15,2,126,1016.6643777639808,0.0
2025-07-15,2,127,1022.7191030932972,0.0
2025-07-15,2,128,1017.7198492099324,0.0
2025-07-15,2,129,1052.157799254127,0.0
2025-07-15,2,130,1103.101557195704,0.0
2025-07-15,2,131,957.88261689188,0.0
2025-07-15,2,132,809.661980868331,0.0
2025-07-15,2,133,850.5144044798898,0.0
2025-07-15,2,134,890.7397620522678,0.0
2025-07-15,2,135,842.8332442462463,0.0
2025-07-15,2,136,839.2906793528783,0.0
2025-07-15,2,137,815.0117784891723,0.0
2025-07-15,2,138,754.119919830851,0.0
2025-07-15,2,139,825.5630827041397,0.0
2025-07-15,2,140,851.3002091115961,0.0
2025-07-15,2,141,810.1093855995854,0.0
2025-07-15,2,142,747.7741973340599,0.0
2025-07-15,2,143,778.3661605551798,0.0
2025-07-15,2,144,813.6168322323457,0.0
2025-07-15,3,1,846.2283498866993,0.0
2025-07-15,3,2,869.3992794294692,0.0
2025-07-15,3,3,871.6060250362414,0.0
2025-07-15,3,4,811.2784594102151,0.0
2025-07-15,3,5,798.1843487535016,0.0
2025-07-15,3,6,769.1115490664696,0.0
2025-07-15,3,7,791.1615024169521,0.0
2025-07-15,3,8,797.2321367392167,0.0
2025-07-15,3,9,825.8781177945951,0.0
2025-07-15,3,10,788.2993671788969,0.0
2025-07-15,3,11,742.1375660272023,0.0
2025-07-15,3,12,759.8407893102622,0.0
2025-07-15,3,13,788.3978304346748,0.0
2025-07-15,3,14,780.198060053095,0.0
2025-07-15,3,15,765.7751605847941,0.0
2025-07-15,3,16,726.092406743059,0.0
2025-07-15,3,17,769.5313222649679,0.0
2025-07-15,3,18,852.059429103851,0.0
2025-07-15,3,19,809.2161608123705,0.0
2025-07-15,3,20,755.414029242348,0.0
2025-07-15,3,21,694.5911863727658,0.0
2025-07-15,3,22,691.0551653170176,0.0
2025-07-15,3,23,706.3625150111272,0.0
2025-07-15,3,24,724.0057838613179,0.0
2025-07-15,3,25,744.9140199051926,0.0
2025-07-15,3,26,775.7883681718264,0.0
2025-07-15,3,27,779.6354133854757,0.0
2025-07-15,3,28,729.4378923452285,0.0
2025-07-15,3,29,692.7349232014253,0.0
2025-07-15,3,30,729.5019906018435,0.0
2025-07-15,3,31,759.7134768527765,14.032918832174794
2025-07-15,3,32,760.0084984763234,46.919909574616376
2025-07-15,3,33,718.8382614493031,67.51740238875236
2025-07-15,3,34,698.6226048968751,101.00282310240331
2025-07-15,3,35,717.8538960142495,123.05596929055017
2025-07-15,3,36,838.7051932927873,155.46532570473653
2025-07-15,3,37,871.452689994293,214.3257562263987
2025-07-15,3,38,875.9331132138946,241.28282487263954
2025-07-15,3,39,880.812869148669,266.8934801614368
2025-07-15,3,40,874.0340793219293,321.92580764478754
2025-07-15,3,41,827.1912101360208,388.85126177721975
2025-07-15,3,42,811.2767717131137,433.95947275813364
2025-07-15,3,43,840.0353780474052,492.3665139170699
2025-07-15,3,44,887.7057701875643,548.5798272140132
2025-07-15,3,45,898.8798678972697,580.9865600333777
2025-07-15,3,46,832.3277744246502,639.3427738734694
2025-07-15,3,47,886.7113318476158,705.330502050947
2025-07-15,3,48,1126.6427844550924,773.7666860582444
2025-07-15,3,49,1143.6892708819573,817.3960795338169
2025-07-15,3,50,1104.5471735083943,846.7156559535001
2025-07-15,3,51,1086.3398867505182,887.506223302247
2025-07-15,3,52,1111.1378809820844,955.8830760551667
2025-07-15,3,53,1174.5965771230472,1023.3820437952135
2025-07-15,3,54,1213.8646685711926,1058.9301165529741
2025-07-15,3,55,1182.0745205667135,1086.6266710894345
2025-07-15,3,56,1159.5304648084714,1072.2057882986974
2025-07-15,3,57,1167.2719167788625,1086.5624571029457
2025-07-15,3,58,1178.2985772907796,1119.812127656266
2025-07-15,3,59,1159.0677374340867,1212.7371818860108
2025-07-15,3,60,1138.1267574542342,1300.636740624996
2025-07-15,3,61,1210.7122847265332,1257.984215631833
2025-07-15,3,62,1205.8829072076578,1302.1161572789242
2025-07-15,3,63,1147.857377822474,1351.8269459731991
2025-07-15,3,64,1190.4236322483107,1337.5168142787877
2025-07-15,3,65,1206.404924708946,1368.6004709647943
2025-07-15,3,66,1182.9595487763493,1360.5768469508885
2025-07-15,3,67,1223.8721159303457,1475.1719720029519
2025-07-15,3,68,1216.2126946723934,1501.212846678723
2025-07-15,3,69,1201.0325160623072,1405.3503127755855
2025-07-15,3,70,1241.5541544396153,1439.0528555920537
2025-07-15,3,71,1202.6189416022066,1472.29561598705
2025-07-15,3,72,1147.0296455707207,1500.440576527535
2025-07-15,3,73,1237.863555003144,1480.3367115750345
2025-07-15,3,74,1239.7592716121735,1441.964564762592
2025-07-15,3,75,1136.7374980300417,1430.199957768741
2025-07-15,3,76,1145.3912248537056,1459.5233166498094
2025-07-15,3,77,1226.6551846159848,1470.1438735468032
2025-07-15,3,78,1281.9010655858424,1465.0448559412505
2025-07-15,3,79,1244.107212688834,1391.1165748824603
2025-07-15,3,80,1217.321596887971,1316.1125288519067
2025-07-15,3,81,1261.7605062099458,1283.3330206361086
2025-07-15,3,82,1291.8671099068854,1319.5927319083892
2025-07-15,3,83,1285.207574332628,1317.870747162987
2025-07-15,3,84,1251.504492559024,1217.3047139236912
2025-07-15,3,85,1265.062366546314,1176.169004540116
2025-07-15,3,86,1280.4919097957918,1106.2125200306295
2025-07-15,3,87,1271.1059860210053,1042.2101483673478
2025-07-15,3,88,1236.7303790305061,1064.5198476141368
2025-07-15,3,89,1249.7998784761298,1016.7907418826039
2025-07-15,3,90,1302.8336251067144,978.3612687990409
2025-07-15,3,91,1316.892849412241,920.413834698794
2025-07-15,3,92,1312.2245095371427,893.761329170834
2025-07-15,3,93,1277.263833293645,851.0602503086382
2025-07-15,3,94,1242.7617428510662,806.9744743641378
2025-07-15,3,95,1270.5210053974183,739.7893690409314
2025-07-15,3,96,1304.249711062812,731.9487444277036
2025-07-15,3,97,1272.8968590340442,685.6279531244337
2025-07-15,3,98,1261.4097840395775,622.8081720131311
2025-07-15,3,99,1311.4734365497238,572.7057055792001
2025-07-15,3,100,1341.3623784211645,555.5769995296298
2025-07-15,3,101,1332.0956885922478,507.0082572497928
2025-07-15,3,102,1294.5274871722809,432.21603247635835
2025-07-15,3,103,1347.0631970394074,351.44386488227997
2025-07-15,3,104,1356.2371366547563,300.17281705020156
2025-07-15,3,105,1307.2855502571217,268.7463263238423
2025-07-15,3,106,1293.4377769198754,240.27595413559675
2025-07-15,3,107,1261.9819887838116,218.6030616111739
2025-07-15,3,108,1080.0702612723862,172.43936952654454
2025-07-15,3,109,1040.8619305691577,137.5784525466378
2025-07-15,3,110,1034.8799482534562,100.85871212024682
2025-07-15,3,111,1046.9456344957885,66.38382021067538
2025-07-15,3,112,1061.8944515903675,36.4878494721943
2025-07-15,3,113,1018.3884395573407,13.316164588778246
2025-07-15,3,114,990.264123829846,0.0
2025-07-15,3,115,969.2617989408667,0.0
2025-07-15,3,116,1003.2614539190071,0.0
2025-07-15,3,117,1004.1867558822994,0.0
2025-07-15,3,118,1070.0437234081833,0.0
2025-07-15,3,119,1077.001827103809,0.0
2025-07-15,3,120,1066.6616236127666,0.0
2025-07-15,3,121,1033.7103992228815,0.0
2025-07-15,3,122,1053.2401261534205,0.0
2025-07-15,3,123,1081.3890723730121,0.0
2025-07-15,3,124,1083.7375751776174,0.0
2025-07-15,3,125,1038.0447059687513,0.0
2025-07-15,3,126,1004.4377378217698,0.0
2025-07-15,3,127,1030.600701875401,0.0
2025-07-15,3,128,1043.6629716112152,0.0
2025-07-15,3,129,1060.7383549704027,0.0
2025-07-15,3,130,1141.140361765789,0.0
2025-07-15,3,131,991.2312716472538,0.0
2025-07-15,3,132,762.5067539338286,0.0
2025-07-15,3,133,768.292039540774,0.0
2025-07-15,3,134,834.0964387067957,0.0
2025-07-15,3,135,823.9938172312447,0.0
2025-07-15,3,136,813.483283562318,0.0
2025-07-15,3,137,807.8020153359598,0.0
2025-07-15,3,138,785.4488295202095,0.0
2025-07-15,3,139,861.3094306347961,0.0
2025-07-15,3,140,856.9437627813892,0.0
2025-07-15,3,141,821.0157207045789,0.0
2025-07-15,3,142,818.411321804465,0.0
2025-07-15,3,143,845.6106349311432,0.0
2025-07-15,3,144,817.8543430718248,0.0
2025-07-15,4,1,810.2624165128028,0.0
2025-07-15,4,2,797.4345937635184,0.0
2025-07-15,4,3,800.2616485455019,0.0
2025-07-15,4,4,777.258915007804,0.0
2025-07-15,4,5,810.9555020764473,0.0
2025-07-15,4,6,783.2273411875284,0.0
2025-07-15,4,7,782.9926013330647,0.0
2025-07-15,4,8,738.8216990504679,0.0
2025-07-15,4,9,751.3325300763905,0.0
2025-07-15,4,10,826.7711376875745,0.0
2025-07-15,4,11,802.5624314308403,0.0
2025-07-15,4,12,738.9258476355669,0.0
2025-07-15,4,13,752.4279939567754,0.0
2025-07-15,4,14,752.4802861195225,0.0
2025-07-15,4,15,733.9057233776961,0.0
2025-07-15,4,16,762.576199864832,0.0
2025-07-15,4,17,803.2436976678889,0.0
2025-07-15,4,18,815.690005576682,0.0
2025-07-15,4,19,781.747375562875,0.0003
2025-07-15,4,20,783.7186162939463,0.0
2025-07-15,4,21,752.3763286433209,0.0
2025-07-15,4,22,731.5861152609452,0.004116666666666667
2025-07-15,4,23,726.24885610703,0.0
2025-07-15,4,24,740.8516424771111,0.0
2025-07-15,4,25,746.0797081110794,0.05728333333333333
2025-07-15,4,26,760.685916144555,0.0
2025-07-15,4,27,755.9151443917207,0.0
2025-07-15,4,28,704.3338366720913,1.117214977881102
2025-07-15,4,29,684.3221821530404,0.0
2025-07-15,4,30,731.1194078995537,1.2125000000000001
2025-07-15,4,31,719.4878649791796,23.229590338241128
2025-07-15,4,32,705.3810242432893,52.063673808701324
2025-07-15,4,33,699.3756016581709,87.80168269618837
2025-07-15,4,34,704.5254251714151,136.18377004419705
2025-07-15,4,35,769.9151850814814,178.43355305104959
2025-07-15,4,36,885.465391070339,212.7368375323002
2025-07-15,4,37,888.2415488223977,251.91217373320984
2025-07-15,4,38,843.6162331672372,278.3992706191808
2025-07-15,4,39,852.9832807312516,285.13534248153627
2025-07-15,4,40,886.9810382228458,288.1997331855729
2025-07-15,4,41,884.5747935683629,335.4476955724814
2025-07-15,4,42,880.1275513484375,415.7134508523036
2025-07-15,4,43,852.0570157174652,468.9251977569369
2025-07-15,4,44,851.5980913837213,504.41066864324637
2025-07-15,4,45,868.9131894401363,537.115615276262
2025-07-15,4,46,853.0331765089979,581.8794205406829
2025-07-15,4,47,941.9515061789298,661.0329829888254
2025-07-15,4,48,1143.2392654054047,740.5778965148259
2025-07-15,4,49,1169.0683859441403,762.3093198420557
2025-07-15,4,50,1147.5473930306168,793.2419485214983
2025-07-15,4,51,1136.931981810779,854.2462311598312
2025-07-15,4,52,1141.6357906059027,900.9271265712805
2025-07-15,4,53,1170.4236825528476,940.4264850508846
2025-07-15,4,54,1190.3964164160805,995.0679906597652
2025-07-15,4,55,1188.9339951584502,1064.9538979305712
2025-07-15,4,56,1186.5003905144713,1102.9931798649297
2025-07-15,4,57,1180.050069925375,1108.6801002895677
2025-07-15,4,58,1165.7172282357521,1113.0176927657012
2025-07-15,4,59,1165.5646850039839,1111.2112207020978
2025-07-15,4,60,1156.518929344094,1103.7197661384503
2025-07-15,4,61,1186.1793464043124,1099.6550227249395
2025-07-15,4,62,1170.9405919935396,1124.4790801086356
2025-07-15,4,63,1148.9039053402498,1140.4820912149453
2025-07-15,4,64,1167.4661033770171,1079.8157062159994
2025-07-15,4,65,1166.474759830853,1031.8400879853698
2025-07-15,4,66,1145.2906195287478,1049.3526219343112
2025-07-15,4,67,1171.0530768166552,1102.6547709004913
2025-07-15,4,68,1178.9033857037798,1149.3453850423437
2025-07-15,4,69,1187.7382929810535,1200.4972871972905
2025-07-15,4,70,1160.1187077738896,1283.531179772637
2025-07-15,4,71,1110.3192263355477,1329.829740373779
2025-07-15,4,72,1115.156058418865,1351.865668703063
2025-07-15,4,73,1119.2976680910456,1418.2108508065178
2025-07-15,4,74,1078.2550042454177,1425.7199230251517
2025-07-15,4,75,1054.6386389481395,1352.326913175978
2025-07-15,4,76,1090.7176553870104,1291.449013407389
2025-07-15,4,77,1199.4626590184291,1285.1300593915505
2025-07-15,4,78,1275.1825710849098,1310.5461423969004
2025-07-15,4,79,1233.033177888543,1312.8821679775926
2025-07-15,4,80,1197.376840903821,1308.272578740727
2025-07-15,4,81,1228.6661158777588,1333.0530240544847
2025-07-15,4,82,1209.5341626581255,1397.3302505105278
2025-07-15,4,83,1227.3751456882587,1379.607823824111
2025-07-15,4,84,1268.9495031255663,1277.3354960892862
2025-07-15,4,85,1218.405897866841,1205.7311785128445
2025-07-15,4,86,1179.771338205807,1127.2880100416069
2025-07-15,4,87,1221.8587729758708,1038.2412413328884
2025-07-15,4,88,1309.2986975844096,994.3742087341789
2025-07-15,4,89,1306.3830117480313,990.2316282075241
2025-07-15,4,90,1231.7334992459932,1015.5127515073636
2025-07-15,4,91,1199.1665428478934,1041.0910285676282
2025-07-15,4,92,1213.9044758555237,1003.9478134268699
2025-07-15,4,93,1216.1251692125875,911.4050993022103
2025-07-15,4,94,1205.276052595025,847.456533563104
2025-07-15,4,95,1229.9793957695167,820.94226560813
2025-07-15,4,96,1266.9072673171388,793.8421971791403
2025-07-15,4,97,1234.5058617910543,729.3831352742146
2025-07-15,4,98,1220.1133143553486,697.4133906349324
2025-07-15,4,99,1265.8387340183397,690.1593560172253
2025-07-15,4,100,1293.8972378335761,622.1326562646352
2025-07-15,4,101,1299.2454488624235,539.5225581390303
2025-07-15,4,102,1240.8486380790407,479.5642542238694
2025-07-15,4,103,1232.9859353385373,432.26540141414273
2025-07-15,4,104,1254.698097870669,378.6912099153759
2025-07-15,4,105,1281.1192420973514,323.96820288522736
2025-07-15,4,106,1259.6889713455284,287.5239327552798
2025-07-15,4,107,1169.5671017617078,250.7644922555793
2025-07-15,4,108,959.283824583998,204.55320734805542
2025-07-15,4,109,946.0202289355096,160.59956395916404
2025-07-15,4,110,998.2193273383252,122.71441836348188
2025-07-15,4,111,1018.4233286376729,87.52655548980512
2025-07-15,4,112,1048.6125681039068,50.975847212304586
2025-07-15,4,113,1027.1474324126557,20.306689800837493
2025-07-15,4,114,1018.7607488098212,1.0687499999999999
2025-07-15,4,115,971.1682687644268,0.0
2025-07-15,4,116,982.5197539113464,0.9490919498432929
2025-07-15,4,117,954.6471446986052,0.0
2025-07-15,4,118,975.105449714685,0.0
2025-07-15,4,119,997.8405288107156,0.043833333333333335
2025-07-15,4,120,1043.2214670327444,0.0
2025-07-15,4,121,1029.758059967597,0.0
2025-07-15,4,122,1031.0544844113074,0.00315
2025-07-15,4,123,1025.0510506371202,0.0
2025-07-15,4,124,1009.3725290737393,0.0
2025-07-15,4,125,1006.3640972787815,0.00023333333333333333
2025-07-15,4,126,1007.5607061681228,0.0
2025-07-15,4,127,1024.886333604781,0.0
2025-07-15,4,128,1005.5381202988588,0.0
2025-07-15,4,129,974.4217321117129,0.0
2025-07-15,4,130,1071.85415105653,0.0
2025-07-15,4,131,1014.5747060834894,0.0
2025-07-15,4,132,859.8474924020555,0.0
2025-07-15,4,133,820.8242607071033,0.0
2025-07-15,4,134,806.0609158978054,0.0
2025-07-15,4,135,785.5201307302417,0.0
2025-07-15,4,136,804.2190102690595,0.0
2025-07-15,4,137,833.1081393268275,0.0
2025-07-15,4,138,806.6730618295231,0.0
2025-07-15,4,139,811.7008850830733,0.0
2025-07-15,4,140,774.3799397868497,0.0
2025-07-15,4,141,760.1893343625305,0.0
2025-07-15,4,142,790.6277996573682,0.0
2025-07-15,4,143,821.7537297493957,0.0
2025-07-15,4,144,789.8177161239731,0.0
2025-07-15,5,1,857.3272513378125,0.0
2025-07-15,5,2,831.0510233261078,0.0
2025-07-15,5,3,849.0072660839298,0.0
2025-07-15,5,4,829.419191221288,0.0
2025-07-15,5,5,819.5200929879754,0.0
2025-07-15,5,6,771.5477355223298,0.0
2025-07-15,5,7,788.872493376691,0.0
2025-07-15,5,8,806.1673539371768,0.0
2025-07-15,5,9,828.3954291399793,0.0
2025-07-15,5,10,795.571240770457,0.0
2025-07-15,5,11,829.7118739288939,0.0
2025-07-15,5,12,891.4877167764367,0.0
2025-07-15,5,13,811.009106568177,0.0
2025-07-15,5,14,745.5105847385668,0.0
2025-07-15,5,15,795.1290774567487,0.0
2025-07-15,5,16,808.1681935594127,0.0
2025-07-15,5,17,788.2124036903879,0.0
2025-07-15,5,18,787.7954695232634,0.0
2025-07-15,5,19,749.5819066498746,0.0002666666666666667
2025-07-15,5,20,758.6340911295214,0.0
2025-07-15,5,21,734.3521338139834,0.0
2025-07-15,5,22,721.5637179143009,0.0037333333333333333
2025-07-15,5,23,725.2470362060932,0.0
2025-07-15,5,24,745.4838872991683,0.0
2025-07-15,5,25,762.5716724677243,0.052050000000000006
2025-07-15,5,26,771.2017042491963,0.0
2025-07-15,5,27,775.8005123482877,0.0
2025-07-15,5,28,773.0088597862945,1.0443483112144354
2025-07-15,5,29,755.3365077034151,0.0
2025-07-15,5,30,738.0566283424524,0.46875
2025-07-15,5,31,711.8719918121831,19.02586097021615
2025-07-15,5,32,715.342108112256,50.01705728803618
2025-07-15,5,33,716.6477093798956,85.78100344442795
2025-07-15,5,34,715.0925023484009,117.19785283815128
2025-07-15,5,35,780.7776501757617,154.28428745070588
2025-07-15,5,36,890.644552536688,195.999034146821
2025-07-15,5,37,892.85840036582,230.45221648283717
2025-07-15,5,38,844.8922226000009,269.4533424453581
2025-07-15,5,39,839.7331637709805,319.02112954556986
2025-07-15,5,40,861.6452026980273,370.7484420705918
2025-07-15,5,41,895.5114312748873,414.10412386270735
2025-07-15,5,42,919.9960240671322,441.8285887155097
2025-07-15,5,43,894.92528669381,455.49924365797216
2025-07-15,5,44,890.4142177771477,498.1918737197739
2025-07-15,5,45,930.7768954138106,565.3647800713809
2025-07-15,5,46,986.3849231455359,609.9527531999148
2025-07-15,5,47,993.8865269049977,646.2607579141485
2025-07-15,5,48,1134.974748652111,690.1239117309573
2025-07-15,5,49,1143.1163912413103,736.5096901471038
2025-07-15,5,50,1140.1241775849348,764.2804323901989
2025-07-15,5,51,1152.3693404883902,792.2926462768369
2025-07-15,5,52,1116.3667738656802,862.2090690361126
2025-07-15,5,53,1151.104754519713,922.358953560545
2025-07-15,5,54,1206.5884844563857,981.4931217507512
2025-07-15,5,55,1169.2582517186145,1080.1474013372022
2025-07-15,5,56,1164.7433075758197,1095.8376532139914
2025-07-15,5,57,1188.99358126162,1045.1594604730808
2025-07-15,5,58,1184.3036606018575,1080.4964390992923
2025-07-15,5,59,1184.4451259117864,1171.190653221101
2025-07-15,5,60,1169.9385910152682,1255.6035129084169
2025-07-15,5,61,1206.7341602299807,1302.6994144967857
2025-07-15,5,62,1184.5632876196614,1352.8135469485949
2025-07-15,5,63,1131.4896324807319,1401.5507099017307
2025-07-15,5,64,1147.5362172358023,1403.0998417081387
2025-07-15,5,65,1153.4457207833877,1409.0966706862835
2025-07-15,5,66,1167.2806640665237,1415.4176268260653
2025-07-15,5,67,1212.0239342510315,1368.2483264294797
2025-07-15,5,68,1190.3794953625434,1334.5943900069644
2025-07-15,5,69,1183.0482514978148,1310.8161164176329
2025-07-15,5,70,1225.9192932428589,1245.6439769107467
2025-07-15,5,71,1199.8587625265768,1226.4720086768978
2025-07-15,5,72,1127.8282982047551,1269.0297264489284
2025-07-15,5,73,1126.1995630423212,1289.7358454568293
2025-07-15,5,74,1156.0492651487314,1291.9954797064713
2025-07-15,5,75,1146.4851098068195,1264.0134613820558
2025-07-15,5,76,1116.28721325022,1185.1998799111293
2025-07-15,5,77,1124.7287694525069,1145.778306684901
2025-07-15,5,78,1178.6537202116624,1192.8587720218452
2025-07-15,5,79,1198.1392955637966,1286.635916898063
2025-07-15,5,80,1175.7024643507023,1320.6487052067455
2025-07-15,5,81,1170.0898490522845,1300.2480542241035
2025-07-15,5,82,1195.8634174950034,1316.3766475319446
2025-07-15,5,83,1226.0556219057662,1336.420592190447
2025-07-15,5,84,1221.8943395011574,1328.3461969922807
2025-07-15,5,85,1210.3953044220095,1287.4918701872223
2025-07-15,5,86,1201.3311307998954,1228.87066422487
2025-07-15,5,87,1198.2258129062468,1186.0498918572603
2025-07-15,5,88,1194.8324480488436,1177.2175610257118
2025-07-15,5,89,1219.2065167268058,1119.029169761443
2025-07-15,5,90,1279.2983708453762,1035.2017293607296
2025-07-15,5,91,1299.69828833581,1016.2927441206667
2025-07-15,5,92,1257.457091230583,966.2678646363431
2025-07-15,5,93,1207.7204364362033,863.0311038935845
2025-07-15,5,94,1240.1551999612068,799.2264262628458
2025-07-15,5,95,1277.6909328469487,774.3908162300165
2025-07-15,5,96,1260.3020631068773,755.7294358405273
2025-07-15,5,97,1294.3412647061095,710.0474570384657
2025-07-15,5,98,1320.4666401590252,631.924323173062
2025-07-15,5,99,1306.2375743359828,562.001050142163
2025-07-15,5,100,1266.3759384501711,543.2592998972685
2025-07-15,5,101,1251.5831170424321,513.4433426188878
2025-07-15,5,102,1242.6635280417538,454.8371393728474
2025-07-15,5,103,1258.8101685395309,408.98126809234
2025-07-15,5,104,1251.0413418373394,382.07768305263977
2025-07-15,5,105,1242.8232056519055,350.88195135003326
2025-07-15,5,106,1280.6289186856739,289.0674195228621
2025-07-15,5,107,1188.1011829275549,227.98541631963707
2025-07-15,5,108,978.1107239453037,184.6312041690563
2025-07-15,5,109,971.6037648604266,150.94057443504303
2025-07-15,5,110,1074.7125940883334,121.42295252753972
2025-07-15,5,111,1117.9116504622732,89.596268122049
2025-07-15,5,112,1051.2384483722162,52.005493024170235
2025-07-15,5,113,1006.4848481360083,19.762775017589377
2025-07-15,5,114,1018.1161797948387,0.46249999999999997
2025-07-15,5,115,1024.698764374346,0.0
2025-07-15,5,116,1018.180510901772,1.047441949843293
2025-07-15,5,117,931.4284321521922,0.0
2025-07-15,5,118,984.2158221600797,0.0
2025-07-15,5,119,1022.2635729696772,0.0509
2025-07-15,5,120,1060.3134205100614,0.0
2025-07-15,5,121,1020.1666232984459,0.0
2025-07-15,5,122,1029.2975984391755,0.00365
2025-07-15,5,123,1044.3525650436632,0.0
2025-07-15,5,124,1011.350207573917,0.0
2025-07-15,5,125,984.2243264636005,0.0002666666666666667
2025-07-15,5,126,1023.8117256176246,0.0
2025-07-15,5,127,1030.3445695241026,0.0
2025-07-15,5,128,1043.7260169260462,0.0
2025-07-15,5,129,1042.0717065655294,0.0
2025-07-15,5,130,1087.4118032524248,0.0
2025-07-15,5,131,981.3590629274424,0.0
2025-07-15,5,132,849.822578408178,0.0
2025-07-15,5,133,780.1482383755499,0.0
2025-07-15,5,134,793.9297920348178,0.0
2025-07-15,5,135,813.880522484928,0.0
2025-07-15,5,136,826.2962589676172,0.0
2025-07-15,5,137,777.6156682147268,0.0
2025-07-15,5,138,704.5286344706066,0.0
2025-07-15,5,139,807.7061202673137,0.0
2025-07-15,5,140,827.3988499435936,0.0
2025-07-15,5,141,781.0692028005221,0.0
2025-07-15,5,142,752.0515376840737,0.0
2025-07-15,5,143,780.550707538318,0.0
2025-07-15,5,144,810.9720051812482,0.0
2025-07-15,6,1,835.1129334133677,0.0
2025-07-15,6,2,850.5874317351926,0.0
2025-07-15,6,3,859.6067912151887,0.0
2025-07-15,6,4,804.932297277301,0.0
2025-07-15,6,5,776.7396390721835,0.0
2025-07-15,6,6,738.3061229232185,0.0
2025-07-15,6,7,773.9367127172022,0.0
2025-07-15,6,8,773.573093739013,0.0
2025-07-15,6,9,807.5504988031719,0.0
2025-07-15,6,10,855.9314069527045,0.0
2025-07-15,6,11,817.2456710653589,0.0
2025-07-15,6,12,748.06707491686,0.0
2025-07-15,6,13,772.957820748443,0.0
2025-07-15,6,14,796.6634530393661,0.0
2025-07-15,6,15,821.027620946152,0.0
2025-07-15,6,16,813.0082577269109,0.0
2025-07-15,6,17,786.9785703174447,0.0
2025-07-15,6,18,774.0475132247557,0.0
2025-07-15,6,19,749.0162042418206,0.0
2025-07-15,6,20,748.94900695367,0.0
2025-07-15,6,21,723.6310795919279,0.0
2025-07-15,6,22,765.7456170735331,0.0
2025-07-15,6,23,770.6391366179288,0.0
2025-07-15,6,24,737.3628459103611,0.0
2025-07-15,6,25,743.8182267721259,0.0
2025-07-15,6,26,721.9593484055038,0.0
2025-07-15,6,27,676.9763436707632,0.0
2025-07-15,6,28,677.8671920866594,0.0
2025-07-15,6,29,718.7429496619255,0.0
2025-07-15,6,30,774.1582077557832,0.0
2025-07-15,6,31,705.7705617253579,14.568335839439495
2025-07-15,6,32,657.6701827312795,46.15844347999692
2025-07-15,6,33,694.2623014544229,76.39719724202878
2025-07-15,6,34,730.3943732564984,119.3683800721686
2025-07-15,6,35,794.6725901805248,163.6452131262533
2025-07-15,6,36,929.8851910776317,208.83891781816095
2025-07-15,6,37,885.2758661369141,251.45647233638005
2025-07-15,6,38,835.4844390795539,285.8718694684526
2025-07-15,6,39,858.9829982068536,341.18851255790156
2025-07-15,6,40,846.7047234762324,380.9026553824031
2025-07-15,6,41,827.969232533288,418.5683726096551
2025-07-15,6,42,817.2619876681084,435.4883304071749
2025-07-15,6,43,854.7779190339432,480.1430065761826
2025-07-15,6,44,887.2531666590014,516.4470394778251
2025-07-15,6,45,885.5543358465072,519.9513467846735
2025-07-15,6,46,911.6560471292462,528.2655593827217
2025-07-15,6,47,985.5582306608818,505.0951818578217
2025-07-15,6,48,1206.643824193643,551.8235565277806
2025-07-15,6,49,1201.2040938844636,652.4173573820194
2025-07-15,6,50,1166.7958164662502,724.756168384313
2025-07-15,6,51,1137.603918989076,768.0405063169462
2025-07-15,6,52,1080.0322864637385,841.8480665559284
2025-07-15,6,53,1041.9252765374622,864.2529381374254
2025-07-15,6,54,1096.2682449009194,849.3768207646018
2025-07-15,6,55,1169.1976182722553,855.1741549593178
2025-07-15,6,56,1210.6029174522328,920.8102162971732
2025-07-15,6,57,1164.3915137762922,952.5575989866546
2025-07-15,6,58,1140.537628541711,949.6221268496494
2025-07-15,6,59,1119.234229009955,993.0251592767943
2025-07-15,6,60,1122.8185585791098,1042.7517310274716
2025-07-15,6,61,1155.3072465037783,1063.1470085716876
2025-07-15,6,62,1157.4149624143074,1061.3484243823475
2025-07-15,6,63,1146.394476463407,1099.953675274586
2025-07-15,6,64,1120.1471324949234,1130.541012125154
2025-07-15,6,65,1127.2390157587563,1137.677387855277
2025-07-15,6,66,1165.948047379063,1176.9395077581298
2025-07-15,6,67,1195.2280234960854,1189.748865494962
2025-07-15,6,68,1161.9964472283993,1225.522231266639
2025-07-15,6,69,1149.8587984940111,1247.873965291957
2025-07-15,6,70,1193.5588814747216,1220.737200412052
2025-07-15,6,71,1173.2295831409315,1197.004032329013
2025-07-15,6,72,1128.8391111474023,1246.4958412936517
2025-07-15,6,73,1151.6664539336982,1342.7825835170202
2025-07-15,6,74,1168.3123624643301,1404.8637414792522
2025-07-15,6,75,1145.9481300456475,1363.1803184732269
2025-07-15,6,76,1125.2566517722244,1320.4574271337121
2025-07-15,6,77,1103.199723994006,1297.5868275804467
2025-07-15,6,78,1130.6961721736413,1308.892522602058
2025-07-15,6,79,1150.7675942521905,1308.1818050857592
2025-07-15,6,80,1160.7995595342932,1244.479399440985
2025-07-15,6,81,1183.7619485996174,1228.5248447298652
2025-07-15,6,82,1206.7351452983519,1192.8889977439112
2025-07-15,6,83,1226.1934848836684,1137.8625817280533
2025-07-15,6,84,1229.3518167438228,1008.4711627940635
2025-07-15,6,85,1266.6268577509916,1019.4779088929904
2025-07-15,6,86,1267.9597952883494,985.9563194274422
2025-07-15,6,87,1233.8990405441377,887.474566205594
2025-07-15,6,88,1212.038062910489,857.4382583852724
2025-07-15,6,89,1205.2652145792217,840.7222397541561
2025-07-15,6,90,1217.8569185916097,779.0506937515647
2025-07-15,6,91,1235.4292223406662,764.5809648145354
2025-07-15,6,92,1239.4140097765805,768.7421208384629
2025-07-15,6,93,1247.798700014523,725.2069231995056
2025-07-15,6,94,1246.2977380078778,728.8350865903052
2025-07-15,6,95,1253.2764441748748,718.042000433505
2025-07-15,6,96,1202.594185759912,658.3538554731628
2025-07-15,6,97,1216.8219111944843,646.3932792804611
2025-07-15,6,98,1231.8034511159678,595.454776454904
2025-07-15,6,99,1232.8996492103315,568.4579162533694
2025-07-15,6,100,1248.1257406107172,520.7213275697451
2025-07-15,6,101,1271.7357855562657,448.9947893156455
2025-07-15,6,102,1277.6431856292631,415.3611256815334
2025-07-15,6,103,1306.472003889159,409.24181265138526
2025-07-15,6,104,1284.5339586470295,359.45632850145273
2025-07-15,6,105,1270.3036000103316,284.9377781574965
2025-07-15,6,106,1328.9866406288072,252.5054518868086
2025-07-15,6,107,1241.010679010021,218.94747163964792
2025-07-15,6,108,1057.3264393657391,162.92387921096363
2025-07-15,6,109,1002.0979973236211,129.70926086965008
2025-07-15,6,110,977.5141266724879,94.19505635973523
2025-07-15,6,111,1011.543844296524,57.85058147064474
2025-07-15,6,112,1115.1218046717108,35.06207877108791
2025-07-15,6,113,1094.5651068540164,6.073657239973233
2025-07-15,6,114,1014.4046341584339,0.0
2025-07-15,6,115,983.9972219134426,0.0
2025-07-15,6,116,994.0716245531065,0.0
2025-07-15,6,117,941.9424955500865,0.0
2025-07-15,6,118,986.4935537713188,0.0
2025-07-15,6,119,997.9207578620783,0.0
2025-07-15,6,120,1009.2039197131003,0.0
2025-07-15,6,121,980.6386142670551,0.0
2025-07-15,6,122,1006.9410269284747,0.0
2025-07-15,6,123,1066.9367557491314,0.0
2025-07-15,6,124,1072.4410878469648,0.0
2025-07-15,6,125,1003.6093118241081,0.0
2025-07-15,6,126,965.210967184831,0.0
2025-07-15,6,127,1065.5991918545124,0.0
2025-07-15,6,128,1102.5219034652332,0.0
2025-07-15,6,129,1071.8429808064325,0.0
2025-07-15,6,130,1084.817879012507,0.0
2025-07-15,6,131,931.362323448192,0.0
2025-07-15,6,132,785.4958443045082,0.0
2025-07-15,6,133,819.0003245607273,0.0
2025-07-15,6,134,858.9804785278999,0.0
2025-07-15,6,135,787.1268702813476,0.0
2025-07-15,6,136,774.2603532457906,0.0
2025-07-15,6,137,787.4413594489996,0.0
2025-07-15,6,138,772.9034645497003,0.0
2025-07-15,6,139,822.6670962470126,0.0
2025-07-15,6,140,801.7141912385791,0.0
2025-07-15,6,141,803.6960384265839,0.0
2025-07-15,6,142,759.3020999862118,0.0
2025-07-15,6,143,739.6774473003184,0.0
2025-07-15,6,144,750.0644027659291,0.0
2025-07-15,7,1,835.1129334133677,0.0
2025-07-15,7,2,850.5874317351926,0.0
2025-07-15,7,3,859.6067912151887,0.0
2025-07-15,7,4,804.932297277301,0.0
2025-07-15,7,5,776.7396390721835,0.0
2025-07-15,7,6,738.3061229232185,0.0
2025-07-15,7,7,773.9367127172022,0.0
2025-07-15,7,8,773.573093739013,0.0
2025-07-15,7,9,807.5504988031719,0.0
2025-07-15,7,10,855.9314069527045,0.0
2025-07-15,7,11,817.2456710653589,0.0
2025-07-15,7,12,748.06707491686,0.0
2025-07-15,7,13,772.957820748443,0.0
2025-07-15,7,14,796.6634530393661,0.0
2025-07-15,7,15,821.027620946152,0.0
2025-07-15,7,16,813.0082577269109,0.0
2025-07-15,7,17,786.9785703174447,0.0
2025-07-15,7,18,774.0475132247557,0.0
2025-07-15,7,19,749.0162042418206,0.0
2025-07-15,7,20,748.94900695367,0.0
2025-07-15,7,21,723.6310795919279,0.0
2025-07-15,7,22,765.7456170735331,0.0
2025-07-15,7,23,770.6391366179288,0.0
2025-07-15,7,24,737.3628459103611,0.0
2025-07-15,7,25,743.8182267721259,0.0
2025-07-15,7,26,721.9593484055038,0.0
2025-07-15,7,27,676.9763436707632,0.0
2025-07-15,7,28,677.8671920866594,0.0
2025-07-15,7,29,718.7429496619255,0.0
2025-07-15,7,30,774.1582077557832,0.0
2025-07-15,7,31,705.7705617253579,14.568335839439495
2025-07-15,7,32,657.6701827312795,46.15844347999692
2025-07-15,7,33,694.2623014544229,76.39719724202878
2025-07-15,7,34,730.3943732564984,119.3683800721686
2025-07-15,7,35,794.6725901805248,163.6452131262533
2025-07-15,7,36,929.8851910776317,208.83891781816095
2025-07-15,7,37,885.2758661369141,251.45647233638005
2025-07-15,7,38,835.4844390795539,285.8718694684526
2025-07-15,7,39,858.9829982068536,341.18851255790156
2025-07-15,7,40,846.7047234762324,380.9026553824031
2025-07-15,7,41,827.969232533288,418.5683726096551
2025-07-15,7,42,817.2619876681084,435.4883304071749
2025-07-15,7,43,854.7779190339432,480.1430065761826
2025-07-15,7,44,887.2531666590014,516.4470394778251
2025-07-15,7,45,885.5543358465072,519.9513467846735
2025-07-15,7,46,911.6560471292462,528.2655593827217
2025-07-15,7,47,985.5582306608818,505.0951818578217
2025-07-15,7,48,1206.643824193643,551.8235565277806
2025-07-15,7,49,1201.2040938844636,652.4173573820194
2025-07-15,7,50,1166.7958164662502,724.756168384313
2025-07-15,7,51,1137.603918989076,768.0405063169462
2025-07-15,7,52,1080.0322864637385,841.8480665559284
2025-07-15,7,53,1041.9252765374622,864.2529381374254
2025-07-15,7,54,1096.2682449009194,849.3768207646018
2025-07-15,7,55,1169.1976182722553,855.1741549593178
2025-07-15,7,56,1210.6029174522328,920.8102162971732
2025-07-15,7,57,1164.3915137762922,952.5575989866546
2025-07-15,7,58,1140.537628541711,949.6221268496494
2025-07-15,7,59,1119.234229009955,993.0251592767943
2025-07-15,7,60,1122.8185585791098,1042.7517310274716
2025-07-15,7,61,1155.3072465037783,1063.1470085716876
2025-07-15,7,62,1157.4149624143074,1061.3484243823475
2025-07-15,7,63,1146.394476463407,1099.953675274586
2025-07-15,7,64,1120.1471324949234,1130.541012125154
2025-07-15,7,65,1127.2390157587563,1137.677387855277
2025-07-15,7,66,1165.948047379063,1176.9395077581298
2025-07-15,7,67,1195.2280234960854,1189.748865494962
2025-07-15,7,68,1161.9964472283993,1225.522231266639
2025-07-15,7,69,1149.8587984940111,1247.873965291957
2025-07-15,7,70,1193.5588814747216,1220.737200412052
2025-07-15,7,71,1173.2295831409315,1197.004032329013
2025-07-15,7,72,1128.8391111474023,1246.4958412936517
2025-07-15,7,73,1151.6664539336982,1342.7825835170202
2025-07-15,7,74,1168.3123624643301,1404.8637414792522
2025-07-15,7,75,1145.9481300456475,1363.1803184732269
2025-07-15,7,76,1125.2566517722244,1320.4574271337121
2025-07-15,7,77,1103.199723994006,1297.5868275804467
2025-07-15,7,78,1130.6961721736413,1308.892522602058
2025-07-15,7,79,1150.7675942521905,1308.1818050857592
2025-07-15,7,80,1160.7995595342932,1244.479399440985
2025-07-15,7,81,1183.7619485996174,1228.5248447298652
2025-07-15,7,82,1206.7351452983519,1192.8889977439112
2025-07-15,7,83,1226.1934848836684,1137.8625817280533
2025-07-15,7,84,1229.3518167438228,1008.4711627940635
2025-07-15,7,85,1266.6268577509916,1019.4779088929904
2025-07-15,7,86,1267.9597952883494,985.9563194274422
2025-07-15,7,87,1233.8990405441377,887.474566205594
2025-07-15,7,88,1212.038062910489,857.4382583852724
2025-07-15,7,89,1205.2652145792217,840.7222397541561
2025-07-15,7,90,1217.8569185916097,779.0506937515647
2025-07-15,7,91,1235.4292223406662,764.5809648145354
2025-07-15,7,92,1239.4140097765805,768.7421208384629
2025-07-15,7,93,1247.798700014523,725.2069231995056
2025-07-15,7,94,1246.2977380078778,728.8350865903052
2025-07-15,7,95,1253.2764441748748,718.042000433505
2025-07-15,7,96,1202.594185759912,658.3538554731628
2025-07-15,7,97,1216.8219111944843,646.3932792804611
2025-07-15,7,98,1231.8034511159678,595.454776454904
2025-07-15,7,99,1232.8996492103315,568.4579162533694
2025-07-15,7,100,1248.1257406107172,520.7213275697451
2025-07-15,7,101,1271.7357855562657,448.9947893156455
2025-07-15,7,102,1277.6431856292631,415.3611256815334
2025-07-15,7,103,1306.472003889159,409.24181265138526
2025-07-15,7,104,1284.5339586470295,359.45632850145273
2025-07-15,7,105,1270.3036000103316,284.9377781574965
2025-07-15,7,106,1328.9866406288072,252.5054518868086
2025-07-15,7,107,1241.010679010021,218.94747163964792
2025-07-15,7,108,1057.3264393657391,162.92387921096363
2025-07-15,7,109,1002.0979973236211,129.70926086965008
2025-07-15,7,110,977.5141266724879,94.19505635973523
2025-07-15,7,111,1011.543844296524,57.85058147064474
2025-07-15,7,112,1115.1218046717108,35.06207877108791
2025-07-15,7,113,1094.5651068540164,6.073657239973233
2025-07-15,7,114,1014.4046341584339,0.0
2025-07-15,7,115,983.9972219134426,0.0
2025-07-15,7,116,994.0716245531065,0.0
2025-07-15,7,117,941.9424955500865,0.0
2025-07-15,7,118,986.4935537713188,0.0
2025-07-15,7,119,997.9207578620783,0.0
2025-07-15,7,120,1009.2039197131003,0.0
2025-07-15,7,121,980.6386142670551,0.0
2025-07-15,7,122,1006.9410269284747,0.0
2025-07-15,7,123,1066.9367557491314,0.0
2025-07-15,7,124,1072.4410878469648,0.0
2025-07-15,7,125,1003.6093118241081,0.0
2025-07-15,7,126,965.210967184831,0.0
2025-07-15,7,127,1065.5991918545124,0.0
2025-07-15,7,128,1102.5219034652332,0.0
2025-07-15,7,129,1071.8429808064325,0.0
2025-07-15,7,130,1084.817879012507,0.0
2025-07-15,7,131,931.362323448192,0.0
2025-07-15,7,132,785.4958443045082,0.0
2025-07-15,7,133,819.0003245607273,0.0
2025-07-15,7,134,858.9804785278999,0.0
2025-07-15,7,135,787.1268702813476,0.0
2025-07-15,7,136,774.2603532457906,0.0
2025-07-15,7,137,787.4413594489996,0.0
2025-07-15,7,138,772.9034645497003,0.0
2025-07-15,7,139,822.6670962470126,0.0
2025-07-15,7,140,801.7141912385791,0.0
2025-07-15,7,141,803.6960384265839,0.0
2025-07-15,7,142,759.3020999862118,0.0
2025-07-15,7,143,739.6774473003184,0.0
2025-07-15,7,144,750.0644027659291,0.0
2025-07-15,8,1,819.3728322916382,0.0
2025-07-15,8,2,831.7348454640246,0.0
2025-07-15,8,3,814.8450861967311,0.0
2025-07-15,8,4,805.5182627177585,0.0
2025-07-15,8,5,803.308526282617,0.0
2025-07-15,8,6,758.7657245085991,0.0
2025-07-15,8,7,801.655280836243,0.0
2025-07-15,8,8,819.3422342020506,0.0
2025-07-15,8,9,782.353532343074,0.0
2025-07-15,8,10,806.286165576799,0.0
2025-07-15,8,11,812.9280865743318,0.0
2025-07-15,8,12,778.6021305650518,0.0
2025-07-15,8,13,726.7510698549345,0.0
2025-07-15,8,14,716.295115370503,0.0
2025-07-15,8,15,755.8667271809785,0.0
2025-07-15,8,16,745.0569048821732,0.0
2025-07-15,8,17,773.0463469836243,0.0
2025-07-15,8,18,785.4122187581909,0.0
2025-07-15,8,19,800.1565509004098,0.00019999999999999998
2025-07-15,8,20,806.218414404104,0.0
2025-07-15,8,21,776.7279916034272,0.0
2025-07-15,8,22,800.5986345003355,0.0027333333333333337
2025-07-15,8,23,774.4610015530021,0.0
2025-07-15,8,24,744.3468643667953,0.0
2025-07-15,8,25,735.8168948900003,0.03808333333333334
2025-07-15,8,26,739.1176045829801,0.0
2025-07-15,8,27,729.8690538051987,0.0
2025-07-15,8,28,722.3067671529776,0.8498483112144354
2025-07-15,8,29,720.5447554638739,0.0
2025-07-15,8,30,725.2826972428683,0.0
2025-07-15,8,31,742.3193782881194,16.10089585720494
2025-07-15,8,32,752.8028380988023,43.499601593035216
2025-07-15,8,33,711.4839513244705,78.38274501642016
2025-07-15,8,34,690.9303002278024,118.78939666332305
2025-07-15,8,35,787.6735157027914,163.22773535511618
2025-07-15,8,36,914.4587251922073,209.87391028467175
2025-07-15,8,37,885.5777976950384,255.67767241695827
2025-07-15,8,38,808.3193565379173,295.50059367874553
2025-07-15,8,39,839.1529763951564,330.88990013642
2025-07-15,8,40,900.7187579042564,371.55921231817587
2025-07-15,8,41,882.3316562473324,429.11360334923336
2025-07-15,8,42,875.3239554342387,497.53408405950205
2025-07-15,8,43,879.9880738902784,558.6869733515678
2025-07-15,8,44,903.3568299353227,617.3080834320721
2025-07-15,8,45,920.3998372190546,669.4339059432527
2025-07-15,8,46,972.199772212125,702.7992589783274
2025-07-15,8,47,988.2703504479508,731.6986752813065
2025-07-15,8,48,1132.8267376848296,751.9632740823641
2025-07-15,8,49,1141.4623071957287,754.163456925888
2025-07-15,8,50,1074.5403806151476,806.9828431857519
2025-07-15,8,51,1040.4966932888558,908.7342467831011
2025-07-15,8,52,1054.5833659026437,987.3412235346563
2025-07-15,8,53,1119.4471158887895,1030.8906916783972
2025-07-15,8,54,1182.445477690753,1038.154667600199
2025-07-15,8,55,1209.2050020634028,1022.5191577027383
2025-07-15,8,56,1219.1930088224562,1069.0357897595095
2025-07-15,8,57,1204.5127094124052,1152.9565375377183
2025-07-15,8,58,1194.2587984842996,1164.0824854590555
2025-07-15,8,59,1188.998024847636,1162.8529463542648
2025-07-15,8,60,1184.8129979911648,1190.7954765616867
2025-07-15,8,61,1211.9240941378605,1226.962772674147
2025-07-15,8,62,1244.4484489670026,1252.3063053091062
2025-07-15,8,63,1225.271715726129,1272.4546574779515
2025-07-15,8,64,1150.7309805881869,1300.014576560053
2025-07-15,8,65,1154.2122617541852,1285.6812687596562
2025-07-15,8,66,1226.6138845624298,1270.5299226461939
2025-07-15,8,67,1198.8122299120807,1352.1248198039596
2025-07-15,8,68,1139.8706049379693,1427.408196976297
2025-07-15,8,69,1170.9514648275451,1442.5924893952078
2025-07-15,8,70,1197.538680002172,1437.7148041901944
2025-07-15,8,71,1149.9479809833638,1430.5036172376942
2025-07-15,8,72,1094.1015005981435,1425.447586612091
2025-07-15,8,73,1159.4484754828425,1421.9411164656347
2025-07-15,8,74,1163.660047517299,1428.1602004146505
2025-07-15,8,75,1084.8039008190556,1403.2978391301533
2025-07-15,8,76,1073.557345408556,1308.619151453298
2025-07-15,8,77,1113.468435384194,1312.7301699446605
2025-07-15,8,78,1193.1836098191889,1380.2359142068224
2025-07-15,8,79,1198.9346252567311,1308.0780809629427
2025-07-15,8,80,1199.4813917737567,1236.731419222973
2025-07-15,8,81,1252.1542859086815,1240.632757467204
2025-07-15,8,82,1258.5014835532884,1244.8629613158405
2025-07-15,8,83,1256.6611810511415,1206.9545932010546
2025-07-15,8,84,1238.5767238752255,1171.1598601361684
2025-07-15,8,85,1254.991075290522,1215.9019079030877
2025-07-15,8,86,1254.7513559909926,1256.2078099539226
2025-07-15,8,87,1226.719118420088,1246.2162464166738
2025-07-15,8,88,1222.9262736234823,1214.3575746036488
2025-07-15,8,89,1240.889148412449,1180.871900050043
2025-07-15,8,90,1280.8070459488122,1162.7845957127302
2025-07-15,8,91,1280.4430417788258,1154.2973847813125
2025-07-15,8,92,1260.295501274308,1071.6154591996324
2025-07-15,8,93,1239.956248468227,947.7295213780791
2025-07-15,8,94,1277.1200274913006,902.1759122093798
2025-07-15,8,95,1308.973179248,857.2068346151457
2025-07-15,8,96,1297.5735934445302,779.0041968191139
2025-07-15,8,97,1282.5317661650452,715.9387376788933
2025-07-15,8,98,1251.2810738877388,668.9405982010112
2025-07-15,8,99,1259.6252080141958,627.3489492689819
2025-07-15,8,100,1316.0516605515206,582.2250208439018
2025-07-15,8,101,1296.0182993487565,530.2162516192097
2025-07-15,8,102,1236.8537985842647,476.43633491830457
2025-07-15,8,103,1291.7567744688427,428.8841758910611
2025-07-15,8,104,1294.8214832115445,378.45049829153476
2025-07-15,8,105,1257.945247119122,323.7693348929664
2025-07-15,8,106,1287.6988458184583,272.8705695747088
2025-07-15,8,107,1222.0796973979122,223.89050961114302
2025-07-15,8,108,1077.5724256775716,176.93300306661953
2025-07-15,8,109,1012.1335694503631,135.69230359692915
2025-07-15,8,110,989.6926257941398,101.54334566058006
2025-07-15,8,111,975.8026375905184,70.85097884910815
2025-07-15,8,112,1013.1357602044172,38.908126289335925
2025-07-15,8,113,1051.5535086492428,13.342930444975977
2025-07-15,8,114,1064.0399308115952,0.0
2025-07-15,8,115,980.6094079799575,0.0
2025-07-15,8,116,989.5223875204035,0.7864164232939823
2025-07-15,8,117,997.0512373064603,0.0
2025-07-15,8,118,1034.1164236757077,0.0
2025-07-15,8,119,1044.1984008406548,0.03248333333333333
2025-07-15,8,120,1055.2768353426736,0.0
2025-07-15,8,121,1015.9674812243595,0.0
2025-07-15,8,122,1036.9369052880074,0.0023333333333333335
2025-07-15,8,123,1050.934524271809,0.0
2025-07-15,8,124,1015.4013923282058,0.0
2025-07-15,8,125,999.6246307791573,0.00016666666666666666
2025-07-15,8,126,1030.3613315536027,0.0
2025-07-15,8,127,1056.6140964324045,0.0
2025-07-15,8,128,1040.5088951526018,0.0
2025-07-15,8,129,1004.414339641697,0.0
2025-07-15,8,130,1015.7192436275765,0.0
2025-07-15,8,131,917.8379471598224,0.0
2025-07-15,8,132,791.2765316253746,0.0
2025-07-15,8,133,764.8718518541863,0.0
2025-07-15,8,134,791.9281101464302,0.0
2025-07-15,8,135,806.789529288367,0.0
2025-07-15,8,136,808.6588968551018,0.0
2025-07-15,8,137,804.3731667035539,0.0
2025-07-15,8,138,822.9569396737459,0.0
2025-07-15,8,139,823.4266455242284,0.0
2025-07-15,8,140,806.150251193386,0.0
2025-07-15,8,141,793.5823074566321,0.0
2025-07-15,8,142,735.4240123567213,0.0
2025-07-15,8,143,777.1337657499139,0.0
2025-07-15,8,144,793.9503814329678,0.0
2025-07-15,9,1,846.2283498866993,0.0
2025-07-15,9,2,869.3992794294692,0.0
2025-07-15,9,3,871.6060250362414,0.0
2025-07-15,9,4,811.2784594102151,0.0
2025-07-15,9,5,798.1843487535016,0.0
2025-07-15,9,6,769.1115490664696,0.0
2025-07-15,9,7,791.1615024169521,0.0
2025-07-15,9,8,797.2321367392167,0.0
2025-07-15,9,9,825.8781177945951,0.0
2025-07-15,9,10,788.2993671788969,0.0
2025-07-15,9,11,742.1375660272023,0.0
2025-07-15,9,12,759.8407893102622,0.0
2025-07-15,9,13,788.3978304346748,0.0
2025-07-15,9,14,780.198060053095,0.0
2025-07-15,9,15,765.7751605847941,0.0
2025-07-15,9,16,726.092406743059,0.0
2025-07-15,9,17,769.5313222649679,0.0
2025-07-15,9,18,852.059429103851,0.0
2025-07-15,9,19,809.2161608123705,0.0
2025-07-15,9,20,755.414029242348,0.0
2025-07-15,9,21,694.5911863727658,0.0
2025-07-15,9,22,691.0551653170176,0.0
2025-07-15,9,23,706.3625150111272,0.0
2025-07-15,9,24,724.0057838613179,0.0
2025-07-15,9,25,744.9140199051926,0.0
2025-07-15,9,26,775.7883681718264,0.0
2025-07-15,9,27,779.6354133854757,0.0
2025-07-15,9,28,729.4378923452285,0.0
2025-07-15,9,29,692.7349232014253,0.0
2025-07-15,9,30,729.5019906018435,0.0
2025-07-15,9,31,759.7134768527765,14.032918832174794
2025-07-15,9,32,760.0084984763234,46.919909574616376
2025-07-15,9,33,718.8382614493031,67.51740238875236
2025-07-15,9,34,698.6226048968751,101.00282310240331
2025-07-15,9,35,717.8538960142495,123.05596929055017
2025-07-15,9,36,838.7051932927873,155.46532570473653
2025-07-15,9,37,871.452689994293,214.3257562263987
2025-07-15,9,38,875.9331132138946,241.28282487263954
2025-07-15,9,39,880.812869148669,266.8934801614368
2025-07-15,9,40,874.0340793219293,321.92580764478754
2025-07-15,9,41,827.1912101360208,388.85126177721975
2025-07-15,9,42,811.2767717131137,433.95947275813364
2025-07-15,9,43,840.0353780474052,492.3665139170699
2025-07-15,9,44,887.7057701875643,548.5798272140132
2025-07-15,9,45,898.8798678972697,580.9865600333777
2025-07-15,9,46,832.3277744246502,639.3427738734694
2025-07-15,9,47,886.7113318476158,705.330502050947
2025-07-15,9,48,1126.6427844550924,773.7666860582444
2025-07-15,9,49,1143.6892708819573,817.3960795338169
2025-07-15,9,50,1104.5471735083943,846.7156559535001
2025-07-15,9,51,1086.3398867505182,887.506223302247
2025-07-15,9,52,1111.1378809820844,955.8830760551667
2025-07-15,9,53,1174.5965771230472,1023.3820437952135
2025-07-15,9,54,1213.8646685711926,1058.9301165529741
2025-07-15,9,55,1182.0745205667135,1086.6266710894345
2025-07-15,9,56,1159.5304648084714,1072.2057882986974
2025-07-15,9,57,1167.2719167788625,1086.5624571029457
2025-07-15,9,58,1178.2985772907796,1119.812127656266
2025-07-15,9,59,1159.0677374340867,1212.7371818860108
2025-07-15,9,60,1138.1267574542342,1300.636740624996
2025-07-15,9,61,1210.7122847265332,1257.984215631833
2025-07-15,9,62,1205.8829072076578,1302.1161572789242
2025-07-15,9,63,1147.857377822474,1351.8269459731991
2025-07-15,9,64,1190.4236322483107,1337.5168142787877
2025-07-15,9,65,1206.404924708946,1368.6004709647943
2025-07-15,9,66,1182.9595487763493,1360.5768469508885
2025-07-15,9,67,1223.8721159303457,1475.1719720029519
2025-07-15,9,68,1216.2126946723934,1501.212846678723
2025-07-15,9,69,1201.0325160623072,1405.3503127755855
2025-07-15,9,70,1241.5541544396153,1439.0528555920537
2025-07-15,9,71,1202.6189416022066,1472.29561598705
2025-07-15,9,72,1147.0296455707207,1500.440576527535
2025-07-15,9,73,1237.863555003144,1480.3367115750345
2025-07-15,9,74,1239.7592716121735,1441.964564762592
2025-07-15,9,75,1136.7374980300417,1430.199957768741
2025-07-15,9,76,1145.3912248537056,1459.5233166498094
2025-07-15,9,77,1226.6551846159848,1470.1438735468032
2025-07-15,9,78,1281.9010655858424,1465.0448559412505
2025-07-15,9,79,1244.107212688834,1391.1165748824603
2025-07-15,9,80,1217.321596887971,1316.1125288519067
2025-07-15,9,81,1261.7605062099458,1283.3330206361086
2025-07-15,9,82,1291.8671099068854,1319.5927319083892
2025-07-15,9,83,1285.207574332628,1317.870747162987
2025-07-15,9,84,1251.504492559024,1217.3047139236912
2025-07-15,9,85,1265.062366546314,1176.169004540116
2025-07-15,9,86,1280.4919097957918,1106.2125200306295
2025-07-15,9,87,1271.1059860210053,1042.2101483673478
2025-07-15,9,88,1236.7303790305061,1064.5198476141368
2025-07-15,9,89,1249.7998784761298,1016.7907418826039
2025-07-15,9,90,1302.8336251067144,978.3612687990409
2025-07-15,9,91,1316.892849412241,920.413834698794
2025-07-15,9,92,1312.2245095371427,893.761329170834
2025-07-15,9,93,1277.263833293645,851.0602503086382
2025-07-15,9,94,1242.7617428510662,806.9744743641378
2025-07-15,9,95,1270.5210053974183,739.7893690409314
2025-07-15,9,96,1304.249711062812,731.9487444277036
2025-07-15,9,97,1272.8968590340442,685.6279531244337
2025-07-15,9,98,1261.4097840395775,622.8081720131311
2025-07-15,9,99,1311.4734365497238,572.7057055792001
2025-07-15,9,100,1341.3623784211645,555.5769995296298
2025-07-15,9,101,1332.0956885922478,507.0082572497928
2025-07-15,9,102,1294.5274871722809,432.21603247635835
2025-07-15,9,103,1347.0631970394074,351.44386488227997
2025-07-15,9,104,1356.2371366547563,300.17281705020156
2025-07-15,9,105,1307.2855502571217,268.7463263238423
2025-07-15,9,106,1293.4377769198754,240.27595413559675
2025-07-15,9,107,1261.9819887838116,218.6030616111739
2025-07-15,9,108,1080.0702612723862,172.43936952654454
2025-07-15,9,109,1040.8619305691577,137.5784525466378
2025-07-15,9,110,1034.8799482534562,100.85871212024682
2025-07-15,9,111,1046.9456344957885,66.38382021067538
2025-07-15,9,112,1061.8944515903675,36.4878494721943
2025-07-15,9,113,1018.3884395573407,13.316164588778246
2025-07-15,9,114,990.264123829846,0.0
2025-07-15,9,115,969.2617989408667,0.0
2025-07-15,9,116,1003.2614539190071,0.0
2025-07-15,9,117,1004.1867558822994,0.0
2025-07-15,9,118,1070.0437234081833,0.0
2025-07-15,9,119,1077.001827103809,0.0
2025-07-15,9,120,1066.6616236127666,0.0
2025-07-15,9,121,1033.7103992228815,0.0
2025-07-15,9,122,1053.2401261534205,0.0
2025-07-15,9,123,1081.3890723730121,0.0
2025-07-15,9,124,1083.7375751776174,0.0
2025-07-15,9,125,1038.0447059687513,0.0
2025-07-15,9,126,1004.4377378217698,0.0
2025-07-15,9,127,1030.600701875401,0.0
2025-07-15,9,128,1043.6629716112152,0.0
2025-07-15,9,129,1060.7383549704027,0.0
2025-07-15,9,130,1141.140361765789,0.0
2025-07-15,9,131,991.2312716472538,0.0
2025-07-15,9,132,762.5067539338286,0.0
2025-07-15,9,133,768.292039540774,0.0
2025-07-15,9,134,834.0964387067957,0.0
2025-07-15,9,135,823.9938172312447,0.0
2025-07-15,9,136,813.483283562318,0.0
2025-07-15,9,137,807.8020153359598,0.0
2025-07-15,9,138,785.4488295202095,0.0
2025-07-15,9,139,861.3094306347961,0.0
2025-07-15,9,140,856.9437627813892,0.0
2025-07-15,9,141,821.0157207045789,0.0
2025-07-15,9,142,818.411321804465,0.0
2025-07-15,9,143,845.6106349311432,0.0
2025-07-15,9,144,817.8543430718248,0.0
2025-07-15,10,1,691.9242880900492,0.0
2025-07-15,10,2,727.7313831130292,0.0
2025-07-15,10,3,774.5254365228265,0.0
2025-07-15,10,4,720.1875077207661,0.0
2025-07-15,10,5,722.6119195049287,0.0
2025-07-15,10,6,718.2949177685795,0.0
2025-07-15,10,7,739.2511527790849,0.0
2025-07-15,10,8,728.9356566337311,0.0
2025-07-15,10,9,742.2614611512475,0.0
2025-07-15,10,10,750.79453813119,0.0
2025-07-15,10,11,738.3399848898786,0.0
2025-07-15,10,12,753.1930274338534,0.0
2025-07-15,10,13,734.840182961554,0.0
2025-07-15,10,14,710.3049149894252,0.0
2025-07-15,10,15,703.7634006068548,0.0
2025-07-15,10,16,688.7775108795524,0.0
2025-07-15,10,17,700.5073224098194,0.0
2025-07-15,10,18,733.7854595397059,0.0
2025-07-15,10,19,712.9626148535599,0.00018333333333333334
2025-07-15,10,20,785.4641842861528,0.0
2025-07-15,10,21,797.9738032331579,0.0
2025-07-15,10,22,728.1365211556741,0.002466666666666667
2025-07-15,10,23,665.2851301911552,0.0
2025-07-15,10,24,699.469372255528,0.0
2025-07-15,10,25,749.614265159982,0.03423333333333333
2025-07-15,10,26,760.7773826684324,0.0
2025-07-15,10,27,731.2713288586943,0.0
2025-07-15,10,28,711.0402946616226,0.7962149778811021
2025-07-15,10,29,699.6111900692716,0.0
2025-07-15,10,30,739.3469161854646,0.0
2025-07-15,10,31,772.6720116472075,12.95157404126315
2025-07-15,10,32,747.9395849880483,38.51780728045018
2025-07-15,10,33,651.993777776274,71.8940254567998
2025-07-15,10,34,674.6817360419327,105.41942771013075
2025-07-15,10,35,747.7780662997777,142.6095434343137
2025-07-15,10,36,856.9817190974688,183.0022943119384
2025-07-15,10,37,837.98092582821,219.22337332921114
2025-07-15,10,38,813.9185476141346,247.5218824507142
2025-07-15,10,39,850.9498794962567,271.9040094916585
2025-07-15,10,40,868.7844216308196,301.50599440953835
2025-07-15,10,41,873.6187660881538,339.70771101743844
2025-07-15,10,42,863.1929596158519,383.48802572257017
2025-07-15,10,43,843.526266571978,429.2741707972572
2025-07-15,10,44,837.8884206888891,483.42545907447317
2025-07-15,10,45,900.1755016802488,537.8861635891271
2025-07-15,10,46,887.049397259588,578.7435588552388
2025-07-15,10,47,904.3090305343802,634.9776283854252
2025-07-15,10,48,1055.5996328121196,698.1411302134336
2025-07-15,10,49,1050.4873377299068,737.4732996769053
2025-07-15,10,50,1069.7582260954096,817.727434805729
2025-07-15,10,51,1099.058518505554,894.9374701921158
2025-07-15,10,52,1085.6848354096091,857.2768260533609
2025-07-15,10,53,1093.963511305346,813.6920456938385
2025-07-15,10,54,1185.8109183823517,835.4495663910502
2025-07-15,10,55,1192.8018709222977,891.0944944432014
2025-07-15,10,56,1173.150162080873,939.4014577019111
2025-07-15,10,57,1138.129224301286,982.5439623140625
2025-07-15,10,58,1169.8447888396895,1045.6737629996
2025-07-15,10,59,1213.4747119879776,1065.2314507008798
2025-07-15,10,60,1222.2318556536502,1051.7105241578545
2025-07-15,10,61,1180.9641329956885,1067.6075241745034
2025-07-15,10,62,1167.1725238620645,1043.378456230827
2025-07-15,10,63,1192.4035649513667,987.9815708124872
2025-07-15,10,64,1149.9337534152705,995.3091675624732
2025-07-15,10,65,1129.7942547875612,1057.7372115399867
2025-07-15,10,66,1158.016258363402,1119.4607410197973
2025-07-15,10,67,1171.6005938528656,1135.1501335911237
2025-07-15,10,68,1164.8947848341522,1167.4017792403888
2025-07-15,10,69,1181.2576258229085,1215.3683610164685
2025-07-15,10,70,1191.8436291446828,1207.3021671634247
2025-07-15,10,71,1178.7426581852837,1169.5619298943202
2025-07-15,10,72,1159.2144766604215,1171.658747698928
2025-07-15,10,73,1158.0096397113484,1253.973008057214
2025-07-15,10,74,1163.8971307728918,1291.160136069104
2025-07-15,10,75,1141.5515010722625,1241.432574940489
2025-07-15,10,76,1117.966289442262,1181.764504510473
2025-07-15,10,77,1153.9137670614518,1160.9606831581439
2025-07-15,10,78,1179.1594718466074,1169.9805739660974
2025-07-15,10,79,1190.0485611252238,1164.7771697821388
2025-07-15,10,80,1162.4505911683216,1177.8926601369637
2025-07-15,10,81,1235.061886246216,1224.9754534946517
2025-07-15,10,82,1253.3481935241734,1278.8898920487927
2025-07-15,10,83,1240.116992921799,1300.4939919156432
2025-07-15,10,84,1220.171674372369,1278.0701427892686
2025-07-15,10,85,1253.7435805199916,1231.1705035573884
2025-07-15,10,86,1224.0854321117977,1188.8635303646506
2025-07-15,10,87,1121.511459645774,1151.7396062759221
2025-07-15,10,88,1090.7763932872826,1106.1098235794468
2025-07-15,10,89,1110.4817927090778,1096.365205189829
2025-07-15,10,90,1161.0010802353481,1106.5938378278922
2025-07-15,10,91,1172.5453169531652,1074.3438465486417
2025-07-15,10,92,1252.1052740909818,1027.580856158319
2025-07-15,10,93,1264.7127851306336,975.8950584103703
2025-07-15,10,94,1129.111022705874,900.1429031384189
2025-07-15,10,95,1116.9978838651255,839.7324115982946
2025-07-15,10,96,1218.85036991576,793.9729622062079
2025-07-15,10,97,1164.2304428042266,728.6636182846361
2025-07-15,10,98,1215.0570749508543,682.3594776853417
2025-07-15,10,99,1274.0199931031134,645.4943300244984
2025-07-15,10,100,1230.7824632745205,565.3281110566421
2025-07-15,10,101,1208.1906858883376,504.07677117569455
2025-07-15,10,102,1169.7236245317154,474.5434086372039
2025-07-15,10,103,1165.821934179069,428.74603723483517
2025-07-15,10,104,1196.0072198848634,369.6073876707145
2025-07-15,10,105,1213.6373532117577,313.50884804423055
2025-07-15,10,106,1229.2988314235363,271.7181700883609
2025-07-15,10,107,1167.5040087658986,228.1103934443505
2025-07-15,10,108,997.3687116523369,179.82368228245673
2025-07-15,10,109,941.955663011267,140.488034805151
2025-07-15,10,110,934.6529605476404,104.35350348876293
2025-07-15,10,111,945.25558770476,68.71599131525086
2025-07-15,10,112,1018.9899261074161,38.04573203807375
2025-07-15,10,113,1008.9203740417013,14.235778035803307
2025-07-15,10,114,1002.6623833169288,0.0
2025-07-15,10,115,1002.3148923800527,0.0
2025-07-15,10,116,1000.8706161678733,0.9276919498432931
2025-07-15,10,117,954.3069772562419,0.0
2025-07-15,10,118,1002.6406362610206,0.0
2025-07-15,10,119,1032.2349349684478,0.042300000000000004
2025-07-15,10,120,994.906199252079,0.0
2025-07-15,10,121,955.2977964131,0.0
2025-07-15,10,122,942.6123475387312,0.0030333333333333336
2025-07-15,10,123,984.7550786323189,0.0
2025-07-15,10,124,990.5073569738255,0.0
2025-07-15,10,125,1008.8868312417871,0.00021666666666666666
2025-07-15,10,126,1057.5013816992582,0.0
2025-07-15,10,127,1086.546595121129,0.0
2025-07-15,10,128,1029.2684043143781,0.0
2025-07-15,10,129,1001.778304040578,0.0
2025-07-15,10,130,1029.1304029425914,0.0
2025-07-15,10,131,898.2746062802879,0.0
2025-07-15,10,132,751.5294495359556,0.0
2025-07-15,10,133,770.0795389891816,0.0
2025-07-15,10,134,782.1345807175961,0.0
2025-07-15,10,135,768.541802008043,0.0
2025-07-15,10,136,771.193881496552,0.0
2025-07-15,10,137,777.6226919107011,0.0
2025-07-15,10,138,758.4589850736895,0.0
2025-07-15,10,139,747.3529290721999,0.0
2025-07-15,10,140,745.5525093821733,0.0
2025-07-15,10,141,743.4771206008647,0.0
2025-07-15,10,142,731.4172218431553,0.0
2025-07-15,10,143,785.5058254734713,0.0
2025-07-15,10,144,808.8179998560053,0.0
2025-07-15,11,1,755.9669122985454,0.0
2025-07-15,11,2,785.2468904636851,0.0
2025-07-15,11,3,841.5434634223751,0.0
2025-07-15,11,4,800.8214240525997,0.0
2025-07-15,11,5,831.3788662249355,0.0
2025-07-15,11,6,818.1925613784279,0.0
2025-07-15,11,7,765.1831485155611,0.0
2025-07-15,11,8,728.8681827501586,0.0
2025-07-15,11,9,781.493134154233,0.0
2025-07-15,11,10,751.5008746704632,0.0
2025-07-15,11,11,743.9850804807064,0.0
2025-07-15,11,12,805.2521060603848,0.0
2025-07-15,11,13,777.9755615128578,0.0
2025-07-15,11,14,744.4295301660082,0.0
2025-07-15,11,15,753.5777404947889,0.0
2025-07-15,11,16,729.7649763792292,0.0
2025-07-15,11,17,770.1671208057201,0.0
2025-07-15,11,18,827.7779845461174,0.0
2025-07-15,11,19,774.8002015677575,0.00018333333333333334
2025-07-15,11,20,762.0123789340456,0.0
2025-07-15,11,21,758.359297166688,0.0
2025-07-15,11,22,755.2015378938431,0.00265
2025-07-15,11,23,748.5925468151728,0.0
2025-07-15,11,24,744.372782248472,0.0
2025-07-15,11,25,734.11565127676,0.037
2025-07-15,11,26,725.4586292156479,0.0
2025-07-15,11,27,716.3759939672659,0.0
2025-07-15,11,28,712.0658339385047,0.8346816445477687
2025-07-15,11,29,714.3989001942239,0.0
2025-07-15,11,30,767.1933821590819,0.93125
2025-07-15,11,31,769.0571025144341,19.286346064126892
2025-07-15,11,32,734.6280983072743,46.87198502511001
2025-07-15,11,33,703.4313538149164,81.11421346688005
2025-07-15,11,34,706.4053431045389,116.80054278649848
2025-07-15,11,35,761.1685959630386,160.34819727403936
2025-07-15,11,36,873.6323170907413,206.2881147907601
2025-07-15,11,37,918.4226200427283,240.9357125660354
2025-07-15,11,38,874.1570327174157,275.09000120245173
2025-07-15,11,39,846.4357805791731,319.51537618589504
2025-07-15,11,40,881.9875449231829,374.9092392501422
2025-07-15,11,41,886.0091744220219,430.3352367416655
2025-07-15,11,42,888.9941002516589,478.95867609533207
2025-07-15,11,43,886.3342673100716,521.7532537981454
2025-07-15,11,44,888.5703065950313,565.6815961542169
2025-07-15,11,45,880.591817265547,607.1207204291495
2025-07-15,11,46,867.1532019283513,630.7227811357674
2025-07-15,11,47,951.6452345790332,647.5189120211961
2025-07-15,11,48,1168.685021152678,690.6795050908926
2025-07-15,11,49,1172.4603338063714,778.6103776744161
2025-07-15,11,50,1139.5902416558959,865.3093986971984
2025-07-15,11,51,1143.9163467973715,913.5153623153951
2025-07-15,11,52,1102.514083567269,931.9874301624405
2025-07-15,11,53,1117.7127094305788,961.6425767323857
2025-07-15,11,54,1185.1260498286408,1016.3595296488096
2025-07-15,11,55,1212.1416730034264,1075.9956107173443
2025-07-15,11,56,1185.924178631951,1146.4010312767605
2025-07-15,11,57,1149.687711114669,1217.8700164963943
2025-07-15,11,58,1176.5636069340458,1254.96803918542
2025-07-15,11,59,1213.6378723538032,1234.0488180510301
2025-07-15,11,60,1197.36674137176,1213.139957914102
2025-07-15,11,61,1175.6655127168044,1269.9556604569284
2025-07-15,11,62,1173.2590576348632,1277.2865933338514
2025-07-15,11,63,1201.629947368312,1218.3710007685775
2025-07-15,11,64,1177.3582262527352,1199.14026189967
2025-07-15,11,65,1180.7162919480336,1220.7417635005875
2025-07-15,11,66,1203.505276860586,1268.2540487211597
2025-07-15,11,67,1165.0262036647646,1324.363120218271
2025-07-15,11,68,1141.5706917598368,1350.4754184914448
2025-07-15,11,69,1188.0379048224336,1329.2247232430766
2025-07-15,11,70,1196.9700965715783,1294.2088722554809
2025-07-15,11,71,1140.6407492299234,1313.8067084136458
2025-07-15,11,72,1123.0171186516645,1386.6571416419476
2025-07-15,11,73,1130.6021562893086,1436.6608526778436
2025-07-15,11,74,1111.6902383478703,1387.9815806180486
2025-07-15,11,75,1110.6866702765305,1265.2546092616285
2025-07-15,11,76,1112.7255177554293,1190.599012969892
2025-07-15,11,77,1124.2571358326595,1165.5267923787737
2025-07-15,11,78,1186.5967506522948,1145.9887327872093
2025-07-15,11,79,1162.448196201178,1100.872986188289
2025-07-15,11,80,1166.4683908391742,1056.1741415556098
2025-07-15,11,81,1242.5834878121614,1042.196576417501
2025-07-15,11,82,1274.8656420528728,1052.7438795919586
2025-07-15,11,83,1237.7243144639524,1076.343565520872
2025-07-15,11,84,1170.0963865856093,1097.8877731434877
2025-07-15,11,85,1186.6668285513,1099.4300334292568
2025-07-15,11,86,1217.0400921861767,1047.907641463241
2025-07-15,11,87,1225.8360630893046,977.77807515201
2025-07-15,11,88,1195.7910441997349,974.2202085134588
2025-07-15,11,89,1188.6875837371638,1010.9207017434063
2025-07-15,11,90,1197.813316669978,1033.2142171947348
2025-07-15,11,91,1218.615588081159,1006.7762584127951
2025-07-15,11,92,1241.9152832161299,944.9284269234381
2025-07-15,11,93,1246.073508211817,873.972485673082
2025-07-15,11,94,1213.2100644102143,815.272932471726
2025-07-15,11,95,1223.2333418237158,735.9268922878806
2025-07-15,11,96,1260.7042029576921,650.2203563890074
2025-07-15,11,97,1249.239814735166,614.9026004757268
2025-07-15,11,98,1271.3766202860784,615.9903419444315
2025-07-15,11,99,1308.714556806545,611.4923450751733
2025-07-15,11,100,1256.8192100858748,568.4991781790286
2025-07-15,11,101,1265.3786432521442,513.0783026705296
2025-07-15,11,102,1304.2956087158257,465.30701764308856
2025-07-15,11,103,1260.1437140434143,422.341744361828
2025-07-15,11,104,1221.2567567867081,386.7431385701568
2025-07-15,11,105,1241.5402352097565,351.6225220859245
2025-07-15,11,106,1288.3327768421263,303.7406652895886
2025-07-15,11,107,1192.6345787155797,243.43149613605667
2025-07-15,11,108,1009.2164193214395,184.64041021417816
2025-07-15,11,109,976.2977417900079,145.1440647764734
2025-07-15,11,110,1019.1298645430586,111.36811625911203
2025-07-15,11,111,1055.5465255121308,76.7690327800941
2025-07-15,11,112,1035.2453696707048,47.84971856092637
2025-07-15,11,113,988.4486794740751,22.31649501261286
2025-07-15,11,114,994.124198730605,1.075
2025-07-15,11,115,951.7158278911287,0.0
2025-07-15,11,116,1005.603488565875,1.0353752831766263
2025-07-15,11,117,1046.3793306099417,0.0
2025-07-15,11,118,1023.3738842969852,0.0
2025-07-15,11,119,998.5742279821419,0.05003333333333334
2025-07-15,11,120,1036.63812397319,0.0
2025-07-15,11,121,998.8459761297079,0.0
2025-07-15,11,122,1034.6262212246643,0.0036000000000000003
2025-07-15,11,123,1083.344289027336,0.0
2025-07-15,11,124,1063.2651804062732,0.0
2025-07-15,11,125,994.9509435294091,0.00025
2025-07-15,11,126,976.830755692224,0.0
2025-07-15,11,127,1023.4883201524459,0.0
2025-07-15,11,128,1049.5478378743487,0.0
2025-07-15,11,129,1054.2155510051434,0.0
2025-07-15,11,130,1051.05271305637,0.0
2025-07-15,11,131,931.2073908406535,0.0
2025-07-15,11,132,806.7866717059565,0.0
2025-07-15,11,133,786.2589675644628,0.0
2025-07-15,11,134,818.6025482861972,0.0
2025-07-15,11,135,856.4995995264987,0.0
2025-07-15,11,136,865.6926644817828,0.0
2025-07-15,11,137,831.0680800904877,0.0
2025-07-15,11,138,760.7017460579863,0.0
2025-07-15,11,139,844.3905517135329,0.0
2025-07-15,11,140,854.7552613681099,0.0
2025-07-15,11,141,832.9361350687631,0.0
2025-07-15,11,142,775.5414405869868,0.0
2025-07-15,11,143,773.6257707442227,0.0
2025-07-15,11,144,790.9112243954665,0.0
2025-07-15,12,1,857.3272513378125,0.0
2025-07-15,12,2,831.0510233261078,0.0
2025-07-15,12,3,849.0072660839298,0.0
2025-07-15,12,4,829.419191221288,0.0
2025-07-15,12,5,819.5200929879754,0.0
2025-07-15,12,6,771.5477355223298,0.0
2025-07-15,12,7,788.872493376691,0.0
2025-07-15,12,8,806.1673539371768,0.0
2025-07-15,12,9,828.3954291399793,0.0
2025-07-15,12,10,795.571240770457,0.0
2025-07-15,12,11,829.7118739288939,0.0
2025-07-15,12,12,891.4877167764367,0.0
2025-07-15,12,13,811.009106568177,0.0
2025-07-15,12,14,745.5105847385668,0.0
2025-07-15,12,15,795.1290774567487,0.0
2025-07-15,12,16,808.1681935594127,0.0
2025-07-15,12,17,788.2124036903879,0.0
2025-07-15,12,18,787.7954695232634,0.0
2025-07-15,12,19,749.5819066498746,0.0002666666666666667
2025-07-15,12,20,758.6340911295214,0.0
2025-07-15,12,21,734.3521338139834,0.0
2025-07-15,12,22,721.5637179143009,0.0037333333333333333
2025-07-15,12,23,725.2470362060932,0.0
2025-07-15,12,24,745.4838872991683,0.0
2025-07-15,12,25,762.5716724677243,0.052050000000000006
2025-07-15,12,26,771.2017042491963,0.0
2025-07-15,12,27,775.8005123482877,0.0
2025-07-15,12,28,773.0088597862945,1.0443483112144354
2025-07-15,12,29,755.3365077034151,0.0
2025-07-15,12,30,738.0566283424524,0.46875
2025-07-15,12,31,711.8719918121831,19.02586097021615
2025-07-15,12,32,715.342108112256,50.01705728803618
2025-07-15,12,33,716.6477093798956,85.78100344442795
2025-07-15,12,34,715.0925023484009,117.19785283815128
2025-07-15,12,35,780.7776501757617,154.28428745070588
2025-07-15,12,36,890.644552536688,195.999034146821
2025-07-15,12,37,892.85840036582,230.45221648283717
2025-07-15,12,38,844.8922226000009,269.4533424453581
2025-07-15,12,39,839.7331637709805,319.02112954556986
2025-07-15,12,40,861.6452026980273,370.7484420705918
2025-07-15,12,41,895.5114312748873,414.10412386270735
2025-07-15,12,42,919.9960240671322,441.8285887155097
2025-07-15,12,43,894.92528669381,455.49924365797216
2025-07-15,12,44,890.4142177771477,498.1918737197739
2025-07-15,12,45,930.7768954138106,565.3647800713809
2025-07-15,12,46,986.3849231455359,609.9527531999148
2025-07-15,12,47,993.8865269049977,646.2607579141485
2025-07-15,12,48,1134.974748652111,690.1239117309573
2025-07-15,12,49,1143.1163912413103,736.5096901471038
2025-07-15,12,50,1140.1241775849348,764.2804323901989
2025-07-15,12,51,1152.3693404883902,792.2926462768369
2025-07-15,12,52,1116.3667738656802,862.2090690361126
2025-07-15,12,53,1151.104754519713,922.358953560545
2025-07-15,12,54,1206.5884844563857,981.4931217507512
2025-07-15,12,55,1169.2582517186145,1080.1474013372022
2025-07-15,12,56,1164.7433075758197,1095.8376532139914
2025-07-15,12,57,1188.99358126162,1045.1594604730808
2025-07-15,12,58,1184.3036606018575,1080.4964390992923
2025-07-15,12,59,1184.4451259117864,1171.190653221101
2025-07-15,12,60,1169.9385910152682,1255.6035129084169
2025-07-15,12,61,1206.7341602299807,1302.6994144967857
2025-07-15,12,62,1184.5632876196614,1352.8135469485949
2025-07-15,12,63,1131.4896324807319,1401.5507099017307
2025-07-15,12,64,1147.5362172358023,1403.0998417081387
2025-07-15,12,65,1153.4457207833877,1409.0966706862835
2025-07-15,12,66,1167.2806640665237,1415.4176268260653
2025-07-15,12,67,1212.0239342510315,1368.2483264294797
2025-07-15,12,68,1190.3794953625434,1334.5943900069644
2025-07-15,12,69,1183.0482514978148,1310.8161164176329
2025-07-15,12,70,1225.9192932428589,1245.6439769107467
2025-07-15,12,71,1199.8587625265768,1226.4720086768978
2025-07-15,12,72,1127.8282982047551,1269.0297264489284
2025-07-15,12,73,1126.1995630423212,1289.7358454568293
2025-07-15,12,74,1156.0492651487314,1291.9954797064713
2025-07-15,12,75,1146.4851098068195,1264.0134613820558
2025-07-15,12,76,1116.28721325022,1185.1998799111293
2025-07-15,12,77,1124.7287694525069,1145.778306684901
2025-07-15,12,78,1178.6537202116624,1192.8587720218452
2025-07-15,12,79,1198.1392955637966,1286.635916898063
2025-07-15,12,80,1175.7024643507023,1320.6487052067455
2025-07-15,12,81,1170.0898490522845,1300.2480542241035
2025-07-15,12,82,1195.8634174950034,1316.3766475319446
2025-07-15,12,83,1226.0556219057662,1336.420592190447
2025-07-15,12,84,1221.8943395011574,1328.3461969922807
2025-07-15,12,85,1210.3953044220095,1287.4918701872223
2025-07-15,12,86,1201.3311307998954,1228.87066422487
2025-07-15,12,87,1198.2258129062468,1186.0498918572603
2025-07-15,12,88,1194.8324480488436,1177.2175610257118
2025-07-15,12,89,1219.2065167268058,1119.029169761443
2025-07-15,12,90,1279.2983708453762,1035.2017293607296
2025-07-15,12,91,1299.69828833581,1016.2927441206667
2025-07-15,12,92,1257.457091230583,966.2678646363431
2025-07-15,12,93,1207.7204364362033,863.0311038935845
2025-07-15,12,94,1240.1551999612068,799.2264262628458
2025-07-15,12,95,1277.6909328469487,774.3908162300165
2025-07-15,12,96,1260.3020631068773,755.7294358405273
2025-07-15,12,97,1294.3412647061095,710.0474570384657
2025-07-15,12,98,1320.4666401590252,631.924323173062
2025-07-15,12,99,1306.2375743359828,562.001050142163
2025-07-15,12,100,1266.3759384501711,543.2592998972685
2025-07-15,12,101,1251.5831170424321,513.4433426188878
2025-07-15,12,102,1242.6635280417538,454.8371393728474
2025-07-15,12,103,1258.8101685395309,408.98126809234
2025-07-15,12,104,1251.0413418373394,382.07768305263977
2025-07-15,12,105,1242.8232056519055,350.88195135003326
2025-07-15,12,106,1280.6289186856739,289.0674195228621
2025-07-15,12,107,1188.1011829275549,227.98541631963707
2025-07-15,12,108,978.1107239453037,184.6312041690563
2025-07-15,12,109,971.6037648604266,150.94057443504303
2025-07-15,12,110,1074.7125940883334,121.42295252753972
2025-07-15,12,111,1117.9116504622732,89.596268122049
2025-07-15,12,112,1051.2384483722162,52.005493024170235
2025-07-15,12,113,1006.4848481360083,19.762775017589377
2025-07-15,12,114,1018.1161797948387,0.46249999999999997
2025-07-15,12,115,1024.698764374346,0.0
2025-07-15,12,116,1018.180510901772,1.047441949843293
2025-07-15,12,117,931.4284321521922,0.0
2025-07-15,12,118,984.2158221600797,0.0
2025-07-15,12,119,1022.2635729696772,0.0509
2025-07-15,12,120,1060.3134205100614,0.0
2025-07-15,12,121,1020.1666232984459,0.0
2025-07-15,12,122,1029.2975984391755,0.00365
2025-07-15,12,123,1044.3525650436632,0.0
2025-07-15,12,124,1011.350207573917,0.0
2025-07-15,12,125,984.2243264636005,0.0002666666666666667
2025-07-15,12,126,1023.8117256176246,0.0
2025-07-15,12,127,1030.3445695241026,0.0
2025-07-15,12,128,1043.7260169260462,0.0
2025-07-15,12,129,1042.0717065655294,0.0
2025-07-15,12,130,1087.4118032524248,0.0
2025-07-15,12,131,981.3590629274424,0.0
2025-07-15,12,132,849.822578408178,0.0
2025-07-15,12,133,780.1482383755499,0.0
2025-07-15,12,134,793.9297920348178,0.0
2025-07-15,12,135,813.880522484928,0.0
2025-07-15,12,136,826.2962589676172,0.0
2025-07-15,12,137,777.6156682147268,0.0
2025-07-15,12,138,704.5286344706066,0.0
2025-07-15,12,139,807.7061202673137,0.0
2025-07-15,12,140,827.3988499435936,0.0
2025-07-15,12,141,781.0692028005221,0.0
2025-07-15,12,142,752.0515376840737,0.0
2025-07-15,12,143,780.550707538318,0.0
2025-07-15,12,144,810.9720051812482,0.0
2025-07-15,13,1,846.2283498866993,0.0
2025-07-15,13,2,869.3992794294692,0.0
2025-07-15,13,3,871.6060250362414,0.0
2025-07-15,13,4,811.2784594102151,0.0
2025-07-15,13,5,798.1843487535016,0.0
2025-07-15,13,6,769.1115490664696,0.0
2025-07-15,13,7,791.1615024169521,0.0
2025-07-15,13,8,797.2321367392167,0.0
2025-07-15,13,9,825.8781177945951,0.0
2025-07-15,13,10,788.2993671788969,0.0
2025-07-15,13,11,742.1375660272023,0.0
2025-07-15,13,12,759.8407893102622,0.0
2025-07-15,13,13,788.3978304346748,0.0
2025-07-15,13,14,780.198060053095,0.0
2025-07-15,13,15,765.7751605847941,0.0
2025-07-15,13,16,726.092406743059,0.0
2025-07-15,13,17,769.5313222649679,0.0
2025-07-15,13,18,852.059429103851,0.0
2025-07-15,13,19,809.2161608123705,0.0
2025-07-15,13,20,755.414029242348,0.0
2025-07-15,13,21,694.5911863727658,0.0
2025-07-15,13,22,691.0551653170176,0.0
2025-07-15,13,23,706.3625150111272,0.0
2025-07-15,13,24,724.0057838613179,0.0
2025-07-15,13,25,744.9140199051926,0.0
2025-07-15,13,26,775.7883681718264,0.0
2025-07-15,13,27,779.6354133854757,0.0
2025-07-15,13,28,729.4378923452285,0.0
2025-07-15,13,29,692.7349232014253,0.0
2025-07-15,13,30,729.5019906018435,0.0
2025-07-15,13,31,759.7134768527765,14.032918832174794
2025-07-15,13,32,760.0084984763234,46.919909574616376
2025-07-15,13,33,718.8382614493031,67.51740238875236
2025-07-15,13,34,698.6226048968751,101.00282310240331
2025-07-15,13,35,717.8538960142495,123.05596929055017
2025-07-15,13,36,838.7051932927873,155.46532570473653
2025-07-15,13,37,871.452689994293,214.3257562263987
2025-07-15,13,38,875.9331132138946,241.28282487263954
2025-07-15,13,39,880.812869148669,266.8934801614368
2025-07-15,13,40,874.0340793219293,321.92580764478754
2025-07-15,13,41,827.1912101360208,388.85126177721975
2025-07-15,13,42,811.2767717131137,433.95947275813364
2025-07-15,13,43,840.0353780474052,492.3665139170699
2025-07-15,13,44,887.7057701875643,548.5798272140132
2025-07-15,13,45,898.8798678972697,580.9865600333777
2025-07-15,13,46,832.3277744246502,639.3427738734694
2025-07-15,13,47,886.7113318476158,705.330502050947
2025-07-15,13,48,1126.6427844550924,773.7666860582444
2025-07-15,13,49,1143.6892708819573,817.3960795338169
2025-07-15,13,50,1104.5471735083943,846.7156559535001
2025-07-15,13,51,1086.3398867505182,887.506223302247
2025-07-15,13,52,1111.1378809820844,955.8830760551667
2025-07-15,13,53,1174.5965771230472,1023.3820437952135
2025-07-15,13,54,1213.8646685711926,1058.9301165529741
2025-07-15,13,55,1182.0745205667135,1086.6266710894345
2025-07-15,13,56,1159.5304648084714,1072.2057882986974
2025-07-15,13,57,1167.2719167788625,1086.5624571029457
2025-07-15,13,58,1178.2985772907796,1119.812127656266
2025-07-15,13,59,1159.0677374340867,1212.7371818860108
2025-07-15,13,60,1138.1267574542342,1300.636740624996
2025-07-15,13,61,1210.7122847265332,1257.984215631833
2025-07-15,13,62,1205.8829072076578,1302.1161572789242
2025-07-15,13,63,1147.857377822474,1351.8269459731991
2025-07-15,13,64,1190.4236322483107,1337.5168142787877
2025-07-15,13,65,1206.404924708946,1368.6004709647943
2025-07-15,13,66,1182.9595487763493,1360.5768469508885
2025-07-15,13,67,1223.8721159303457,1475.1719720029519
2025-07-15,13,68,1216.2126946723934,1501.212846678723
2025-07-15,13,69,1201.0325160623072,1405.3503127755855
2025-07-15,13,70,1241.5541544396153,1439.0528555920537
2025-07-15,13,71,1202.6189416022066,1472.29561598705
2025-07-15,13,72,1147.0296455707207,1500.440576527535
2025-07-15,13,73,1237.863555003144,1480.3367115750345
2025-07-15,13,74,1239.7592716121735,1441.964564762592
2025-07-15,13,75,1136.7374980300417,1430.199957768741
2025-07-15,13,76,1145.3912248537056,1459.5233166498094
2025-07-15,13,77,1226.6551846159848,1470.1438735468032
2025-07-15,13,78,1281.9010655858424,1465.0448559412505
2025-07-15,13,79,1244.107212688834,1391.1165748824603
2025-07-15,13,80,1217.321596887971,1316.1125288519067
2025-07-15,13,81,1261.7605062099458,1283.3330206361086
2025-07-15,13,82,1291.8671099068854,1319.5927319083892
2025-07-15,13,83,1285.207574332628,1317.870747162987
2025-07-15,13,84,1251.504492559024,1217.3047139236912
2025-07-15,13,85,1265.062366546314,1176.169004540116
2025-07-15,13,86,1280.4919097957918,1106.2125200306295
2025-07-15,13,87,1271.1059860210053,1042.2101483673478
2025-07-15,13,88,1236.7303790305061,1064.5198476141368
2025-07-15,13,89,1249.7998784761298,1016.7907418826039
2025-07-15,13,90,1302.8336251067144,978.3612687990409
2025-07-15,13,91,1316.892849412241,920.413834698794
2025-07-15,13,92,1312.2245095371427,893.761329170834
2025-07-15,13,93,1277.263833293645,851.0602503086382
2025-07-15,13,94,1242.7617428510662,806.9744743641378
2025-07-15,13,95,1270.5210053974183,739.7893690409314
2025-07-15,13,96,1304.249711062812,731.9487444277036
2025-07-15,13,97,1272.8968590340442,685.6279531244337
2025-07-15,13,98,1261.4097840395775,622.8081720131311
2025-07-15,13,99,1311.4734365497238,572.7057055792001
2025-07-15,13,100,1341.3623784211645,555.5769995296298
2025-07-15,13,101,1332.0956885922478,507.0082572497928
2025-07-15,13,102,1294.5274871722809,432.21603247635835
2025-07-15,13,103,1347.0631970394074,351.44386488227997
2025-07-15,13,104,1356.2371366547563,300.17281705020156
2025-07-15,13,105,1307.2855502571217,268.7463263238423
2025-07-15,13,106,1293.4377769198754,240.27595413559675
2025-07-15,13,107,1261.9819887838116,218.6030616111739
2025-07-15,13,108,1080.0702612723862,172.43936952654454
2025-07-15,13,109,1040.8619305691577,137.5784525466378
2025-07-15,13,110,1034.8799482534562,100.85871212024682
2025-07-15,13,111,1046.9456344957885,66.38382021067538
2025-07-15,13,112,1061.8944515903675,36.4878494721943
2025-07-15,13,113,1018.3884395573407,13.316164588778246
2025-07-15,13,114,990.264123829846,0.0
2025-07-15,13,115,969.2617989408667,0.0
2025-07-15,13,116,1003.2614539190071,0.0
2025-07-15,13,117,1004.1867558822994,0.0
2025-07-15,13,118,1070.0437234081833,0.0
2025-07-15,13,119,1077.001827103809,0.0
2025-07-15,13,120,1066.6616236127666,0.0
2025-07-15,13,121,1033.7103992228815,0.0
2025-07-15,13,122,1053.2401261534205,0.0
2025-07-15,13,123,1081.3890723730121,0.0
2025-07-15,13,124,1083.7375751776174,0.0
2025-07-15,13,125,1038.0447059687513,0.0
2025-07-15,13,126,1004.4377378217698,0.0
2025-07-15,13,127,1030.600701875401,0.0
2025-07-15,13,128,1043.6629716112152,0.0
2025-07-15,13,129,1060.7383549704027,0.0
2025-07-15,13,130,1141.140361765789,0.0
2025-07-15,13,131,991.2312716472538,0.0
2025-07-15,13,132,762.5067539338286,0.0
2025-07-15,13,133,768.292039540774,0.0
2025-07-15,13,134,834.0964387067957,0.0
2025-07-15,13,135,823.9938172312447,0.0
2025-07-15,13,136,813.483283562318,0.0
2025-07-15,13,137,807.8020153359598,0.0
2025-07-15,13,138,785.4488295202095,0.0
2025-07-15,13,139,861.3094306347961,0.0
2025-07-15,13,140,856.9437627813892,0.0
2025-07-15,13,141,821.0157207045789,0.0
2025-07-15,13,142,818.411321804465,0.0
2025-07-15,13,143,845.6106349311432,0.0
2025-07-15,13,144,817.8543430718248,0.0
2025-07-15,14,1,734.878244075339,0.0
2025-07-15,14,2,785.9809387457536,0.0
2025-07-15,14,3,863.8500074101642,0.0
2025-07-15,14,4,755.2731298780217,0.0
2025-07-15,14,5,713.4110138902504,0.0
2025-07-15,14,6,753.6905651174382,0.0
2025-07-15,14,7,762.3521649852696,0.0
2025-07-15,14,8,692.8881997400567,0.0
2025-07-15,14,9,697.5186876950671,0.0
2025-07-15,14,10,772.8695458020368,0.0
2025-07-15,14,11,782.7226918467918,0.0
2025-07-15,14,12,810.1859580716366,0.0
2025-07-15,14,13,845.5374583699405,0.0
2025-07-15,14,14,753.4331545552672,0.0
2025-07-15,14,15,684.7799710461636,0.0
2025-07-15,14,16,720.2453303454264,0.0
2025-07-15,14,17,783.6932820396455,0.0
2025-07-15,14,18,810.6547638119295,0.0
2025-07-15,14,19,761.8673998740913,0.00018333333333333334
2025-07-15,14,20,790.6999927700977,0.0
2025-07-15,14,21,793.7686087453867,0.0
2025-07-15,14,22,788.4897952188613,0.0026666666666666666
2025-07-15,14,23,707.2244943726236,0.0
2025-07-15,14,24,649.5024845639325,0.0
2025-07-15,14,25,714.5458061720808,0.03718333333333333
2025-07-15,14,26,773.6025798173505,0.0
2025-07-15,14,27,764.0634674138871,0.0
2025-07-15,14,28,762.4724763145729,0.8371649778811021
2025-07-15,14,29,754.7954603101923,0.0
2025-07-15,14,30,747.1001653424922,0.0
2025-07-15,14,31,733.4049055988557,13.409294205738622
2025-07-15,14,32,708.8774348600584,43.910397377471874
2025-07-15,14,33,674.3516180875104,83.81751805716962
2025-07-15,14,34,707.0899803080899,118.71965521945236
2025-07-15,14,35,764.0040290124707,158.1842536482806
2025-07-15,14,36,874.2862766395286,204.92928253084537
2025-07-15,14,37,865.7378375662636,250.32834752819474
2025-07-15,14,38,839.8906908309888,294.3246111225689
2025-07-15,14,39,861.1732913139017,335.6138670681599
2025-07-15,14,40,918.5378948502907,376.1013934315846
2025-07-15,14,41,923.5479063798372,442.75198144643525
2025-07-15,14,42,905.9550326336246,509.93831626283196
2025-07-15,14,43,886.3359882244088,523.8081419527175
2025-07-15,14,44,896.7757610913184,546.0860971018209
2025-07-15,14,45,905.1039586435467,596.4354576743474
2025-07-15,14,46,951.6879579987917,633.4174998319897
2025-07-15,14,47,970.230406312508,668.0482149380434
2025-07-15,14,48,1127.9155380533816,708.650398860185
2025-07-15,14,49,1151.0655467711726,748.5100271306246
2025-07-15,14,50,1113.3498629894004,782.933058174109
2025-07-15,14,51,1072.370767420963,816.0373100821536
2025-07-15,14,52,1050.698733038553,858.4278103952175
2025-07-15,14,53,1122.5744783392295,870.8424690144387
2025-07-15,14,54,1206.5464501756514,897.3522346322226
2025-07-15,14,55,1212.7556750837045,1012.2125960689148
2025-07-15,14,56,1178.6165359639308,1063.2935075382659
2025-07-15,14,57,1151.158891427354,1038.6521814429195
2025-07-15,14,58,1177.415179711677,1078.290608870289
2025-07-15,14,59,1193.488025167793,1137.1906397020487
2025-07-15,14,60,1184.7973714335276,1181.8156866099232
2025-07-15,14,61,1209.7959254637317,1220.959064967251
2025-07-15,14,62,1204.7678109797544,1226.2717725051036
2025-07-15,14,63,1144.6094350429228,1223.6237677799181
2025-07-15,14,64,1145.286089101744,1281.5976036436725
2025-07-15,14,65,1150.7332425149943,1389.812149008179
2025-07-15,14,66,1152.0300873851052,1469.1986177108213
2025-07-15,14,67,1170.7991827968183,1447.3114064764468
2025-07-15,14,68,1189.2529193783603,1454.4061626095877
2025-07-15,14,69,1229.369915237149,1509.9724480124917
2025-07-15,14,70,1211.9952631333344,1506.1049993996312
2025-07-15,14,71,1174.6760310917275,1498.8913501617099
2025-07-15,14,72,1132.0904793816946,1511.7945074023862
2025-07-15,14,73,1104.4209073997092,1499.6794241516452
2025-07-15,14,74,1122.7320140203728,1460.4907562690294
2025-07-15,14,75,1168.4370868796993,1391.3237255222712
2025-07-15,14,76,1141.7280792967733,1306.0274342071584
2025-07-15,14,77,1144.1404855252836,1325.4731448025482
2025-07-15,14,78,1170.6359855388775,1402.7837096244627
2025-07-15,14,79,1191.4900066138653,1370.6734335926915
2025-07-15,14,80,1166.249285153913,1360.1269475762772
2025-07-15,14,81,1173.396244584549,1399.334791647106
2025-07-15,14,82,1185.4599998648316,1372.6760544958795
2025-07-15,14,83,1184.84504363316,1305.9442924629743
2025-07-15,14,84,1181.42170683222,1242.3368185137897
2025-07-15,14,85,1256.4235079289538,1199.6259576348843
2025-07-15,14,86,1266.003472576758,1185.3442710321617
2025-07-15,14,87,1213.7632992792376,1175.793529957839
2025-07-15,14,88,1194.6565483444938,1134.5612700215825
2025-07-15,14,89,1215.5812373692493,1081.0684645392607
2025-07-15,14,90,1244.8514211330328,1029.557541108963
2025-07-15,14,91,1252.5789829619287,982.3593307441095
2025-07-15,14,92,1237.2528440289182,948.1172192003277
2025-07-15,14,93,1218.6177121804562,903.4918199279584
2025-07-15,14,94,1287.9794124838065,814.5074921888307
2025-07-15,14,95,1313.2217965075329,742.635961701529
2025-07-15,14,96,1264.8219028030517,707.621315484975
2025-07-15,14,97,1257.1130685057974,678.9592403116366
2025-07-15,14,98,1251.2312116567225,676.4296674304322
2025-07-15,14,99,1248.6510617612355,668.9846051202429
2025-07-15,14,100,1276.7177444898914,588.9549382738842
2025-07-15,14,101,1271.7539978182901,493.62954580041804
2025-07-15,14,102,1231.2925884928252,429.11644449292254
2025-07-15,14,103,1299.5139872910438,395.2735361247003
2025-07-15,14,104,1323.2326872584395,357.32855635077595
2025-07-15,14,105,1283.9857704894878,307.8150421145185
2025-07-15,14,106,1264.2356530665581,268.50198335119893
2025-07-15,14,107,1158.2908169287866,227.64762761445527
2025-07-15,14,108,940.7073905102952,182.46475653294692
2025-07-15,14,109,897.9768367828999,144.65242443243991
2025-07-15,14,110,957.73331214183,109.51705493992502
2025-07-15,14,111,990.7821497889861,73.40636974789442
2025-07-15,14,112,970.4392779951576,39.16026669378723
2025-07-15,14,113,984.2487280126054,13.46035580830884
2025-07-15,14,114,1067.8842775277235,0.0
2025-07-15,14,115,1039.1452223186184,0.0
2025-07-15,14,116,1046.7262546997395,0.9114752831766263
2025-07-15,14,117,1012.7757468057237,0.0
2025-07-15,14,118,996.4456084509933,0.0
2025-07-15,14,119,1016.7437898579137,0.041133333333333334
2025-07-15,14,120,1043.1723521163217,0.0
2025-07-15,14,121,982.0284339538748,0.0
2025-07-15,14,122,1021.1375952495966,0.00295
2025-07-15,14,123,1077.5740685597393,0.0
2025-07-15,14,124,1010.5693806795854,0.0
2025-07-15,14,125,1006.4578312201116,0.00021666666666666666
2025-07-15,14,126,1065.0885217504601,0.0
2025-07-15,14,127,1019.0587071969422,0.0
2025-07-15,14,128,969.2104853093535,0.0
2025-07-15,14,129,1020.6996297952956,0.0
2025-07-15,14,130,1026.170130695149,0.0
2025-07-15,14,131,948.4547954677314,0.0
2025-07-15,14,132,882.3636876194846,0.0
2025-07-15,14,133,844.4846599910418,0.0
2025-07-15,14,134,804.0102567603159,0.0
2025-07-15,14,135,796.0498935115183,0.0
2025-07-15,14,136,871.5705601946935,0.0
2025-07-15,14,137,872.4145145124743,0.0
2025-07-15,14,138,793.2058038038832,0.0
2025-07-15,14,139,839.0609660353985,0.0
2025-07-15,14,140,808.128704506856,0.0
2025-07-15,14,141,758.9917928248058,0.0
2025-07-15,14,142,762.3749208486659,0.0
2025-07-15,14,143,728.511501237695,0.0
2025-07-15,14,144,687.878158536616,0.0
2025-07-15,15,1,734.878244075339,0.0
2025-07-15,15,2,785.9809387457536,0.0
2025-07-15,15,3,863.8500074101642,0.0
2025-07-15,15,4,755.2731298780217,0.0
2025-07-15,15,5,713.4110138902504,0.0
2025-07-15,15,6,753.6905651174382,0.0
2025-07-15,15,7,762.3521649852696,0.0
2025-07-15,15,8,692.8881997400567,0.0
2025-07-15,15,9,697.5186876950671,0.0
2025-07-15,15,10,772.8695458020368,0.0
2025-07-15,15,11,782.7226918467918,0.0
2025-07-15,15,12,810.1859580716366,0.0
2025-07-15,15,13,845.5374583699405,0.0
2025-07-15,15,14,753.4331545552672,0.0
2025-07-15,15,15,684.7799710461636,0.0
2025-07-15,15,16,720.2453303454264,0.0
2025-07-15,15,17,783.6932820396455,0.0
2025-07-15,15,18,810.6547638119295,0.0
2025-07-15,15,19,761.8673998740913,0.00018333333333333334
2025-07-15,15,20,790.6999927700977,0.0
2025-07-15,15,21,793.7686087453867,0.0
2025-07-15,15,22,788.4897952188613,0.0026666666666666666
2025-07-15,15,23,707.2244943726236,0.0
2025-07-15,15,24,649.5024845639325,0.0
2025-07-15,15,25,714.5458061720808,0.03718333333333333
2025-07-15,15,26,773.6025798173505,0.0
2025-07-15,15,27,764.0634674138871,0.0
2025-07-15,15,28,762.4724763145729,0.8371649778811021
2025-07-15,15,29,754.7954603101923,0.0
2025-07-15,15,30,747.1001653424922,0.0
2025-07-15,15,31,733.4049055988557,13.409294205738622
2025-07-15,15,32,708.8774348600584,43.910397377471874
2025-07-15,15,33,674.3516180875104,83.81751805716962
2025-07-15,15,34,707.0899803080899,118.71965521945236
2025-07-15,15,35,764.0040290124707,158.1842536482806
2025-07-15,15,36,874.2862766395286,204.92928253084537
2025-07-15,15,37,865.7378375662636,250.32834752819474
2025-07-15,15,38,839.8906908309888,294.3246111225689
2025-07-15,15,39,861.1732913139017,335.6138670681599
2025-07-15,15,40,918.5378948502907,376.1013934315846
2025-07-15,15,41,923.5479063798372,442.75198144643525
2025-07-15,15,42,905.9550326336246,509.93831626283196
2025-07-15,15,43,886.3359882244088,523.8081419527175
2025-07-15,15,44,896.7757610913184,546.0860971018209
2025-07-15,15,45,905.1039586435467,596.4354576743474
2025-07-15,15,46,951.6879579987917,633.4174998319897
2025-07-15,15,47,970.230406312508,668.0482149380434
2025-07-15,15,48,1127.9155380533816,708.650398860185
2025-07-15,15,49,1151.0655467711726,748.5100271306246
2025-07-15,15,50,1113.3498629894004,782.933058174109
2025-07-15,15,51,1072.370767420963,816.0373100821536
2025-07-15,15,52,1050.698733038553,858.4278103952175
2025-07-15,15,53,1122.5744783392295,870.8424690144387
2025-07-15,15,54,1206.5464501756514,897.3522346322226
2025-07-15,15,55,1212.7556750837045,1012.2125960689148
2025-07-15,15,56,1178.6165359639308,1063.2935075382659
2025-07-15,15,57,1151.158891427354,1038.6521814429195
2025-07-15,15,58,1177.415179711677,1078.290608870289
2025-07-15,15,59,1193.488025167793,1137.1906397020487
2025-07-15,15,60,1184.7973714335276,1181.8156866099232
2025-07-15,15,61,1209.7959254637317,1220.959064967251
2025-07-15,15,62,1204.7678109797544,1226.2717725051036
2025-07-15,15,63,1144.6094350429228,1223.6237677799181
2025-07-15,15,64,1145.286089101744,1281.5976036436725
2025-07-15,15,65,1150.7332425149943,1389.812149008179
2025-07-15,15,66,1152.0300873851052,1469.1986177108213
2025-07-15,15,67,1170.7991827968183,1447.3114064764468
2025-07-15,15,68,1189.2529193783603,1454.4061626095877
2025-07-15,15,69,1229.369915237149,1509.9724480124917
2025-07-15,15,70,1211.9952631333344,1506.1049993996312
2025-07-15,15,71,1174.6760310917275,1498.8913501617099
2025-07-15,15,72,1132.0904793816946,1511.7945074023862
2025-07-15,15,73,1104.4209073997092,1499.6794241516452
2025-07-15,15,74,1122.7320140203728,1460.4907562690294
2025-07-15,15,75,1168.4370868796993,1391.3237255222712
2025-07-15,15,76,1141.7280792967733,1306.0274342071584
2025-07-15,15,77,1144.1404855252836,1325.4731448025482
2025-07-15,15,78,1170.6359855388775,1402.7837096244627
2025-07-15,15,79,1191.4900066138653,1370.6734335926915
2025-07-15,15,80,1166.249285153913,1360.1269475762772
2025-07-15,15,81,1173.396244584549,1399.334791647106
2025-07-15,15,82,1185.4599998648316,1372.6760544958795
2025-07-15,15,83,1184.84504363316,1305.9442924629743
2025-07-15,15,84,1181.42170683222,1242.3368185137897
2025-07-15,15,85,1256.4235079289538,1199.6259576348843
2025-07-15,15,86,1266.003472576758,1185.3442710321617
2025-07-15,15,87,1213.7632992792376,1175.793529957839
2025-07-15,15,88,1194.6565483444938,1134.5612700215825
2025-07-15,15,89,1215.5812373692493,1081.0684645392607
2025-07-15,15,90,1244.8514211330328,1029.557541108963
2025-07-15,15,91,1252.5789829619287,982.3593307441095
2025-07-15,15,92,1237.2528440289182,948.1172192003277
2025-07-15,15,93,1218.6177121804562,903.4918199279584
2025-07-15,15,94,1287.9794124838065,814.5074921888307
2025-07-15,15,95,1313.2217965075329,742.635961701529
2025-07-15,15,96,1264.8219028030517,707.621315484975
2025-07-15,15,97,1257.1130685057974,678.9592403116366
2025-07-15,15,98,1251.2312116567225,676.4296674304322
2025-07-15,15,99,1248.6510617612355,668.9846051202429
2025-07-15,15,100,1276.7177444898914,588.9549382738842
2025-07-15,15,101,1271.7539978182901,493.62954580041804
2025-07-15,15,102,1231.2925884928252,429.11644449292254
2025-07-15,15,103,1299.5139872910438,395.2735361247003
2025-07-15,15,104,1323.2326872584395,357.32855635077595
2025-07-15,15,105,1283.9857704894878,307.8150421145185
2025-07-15,15,106,1264.2356530665581,268.50198335119893
2025-07-15,15,107,1158.2908169287866,227.64762761445527
2025-07-15,15,108,940.7073905102952,182.46475653294692
2025-07-15,15,109,897.9768367828999,144.65242443243991
2025-07-15,15,110,957.73331214183,109.51705493992502
2025-07-15,15,111,990.7821497889861,73.40636974789442
2025-07-15,15,112,970.4392779951576,39.16026669378723
2025-07-15,15,113,984.2487280126054,13.46035580830884
2025-07-15,15,114,1067.8842775277235,0.0
2025-07-15,15,115,1039.1452223186184,0.0
2025-07-15,15,116,1046.7262546997395,0.9114752831766263
2025-07-15,15,117,1012.7757468057237,0.0
2025-07-15,15,118,996.4456084509933,0.0
2025-07-15,15,119,1016.7437898579137,0.041133333333333334
2025-07-15,15,120,1043.1723521163217,0.0
2025-07-15,15,121,982.0284339538748,0.0
2025-07-15,15,122,1021.1375952495966,0.00295
2025-07-15,15,123,1077.5740685597393,0.0
2025-07-15,15,124,1010.5693806795854,0.0
2025-07-15,15,125,1006.4578312201116,0.00021666666666666666
2025-07-15,15,126,1065.0885217504601,0.0
2025-07-15,15,127,1019.0587071969422,0.0
2025-07-15,15,128,969.2104853093535,0.0
2025-07-15,15,129,1020.6996297952956,0.0
2025-07-15,15,130,1026.170130695149,0.0
2025-07-15,15,131,948.4547954677314,0.0
2025-07-15,15,132,882.3636876194846,0.0
2025-07-15,15,133,844.4846599910418,0.0
2025-07-15,15,134,804.0102567603159,0.0
2025-07-15,15,135,796.0498935115183,0.0
2025-07-15,15,136,871.5705601946935,0.0
2025-07-15,15,137,872.4145145124743,0.0
2025-07-15,15,138,793.2058038038832,0.0
2025-07-15,15,139,839.0609660353985,0.0
2025-07-15,15,140,808.128704506856,0.0
2025-07-15,15,141,758.9917928248058,0.0
2025-07-15,15,142,762.3749208486659,0.0
2025-07-15,15,143,728.511501237695,0.0
2025-07-15,15,144,687.878158536616,0.0
2025-07-15,16,1,770.3775705027819,0.0
2025-07-15,16,2,791.2741496790615,0.0
2025-07-15,16,3,850.580811826858,0.0
2025-07-15,16,4,768.6973411581571,0.0
2025-07-15,16,5,723.9079043993212,0.0
2025-07-15,16,6,695.6936096636889,0.0
2025-07-15,16,7,740.187321377487,0.0
2025-07-15,16,8,772.3936715959396,0.0
2025-07-15,16,9,846.6150544271702,0.0
2025-07-15,16,10,821.6442455534167,0.0
2025-07-15,16,11,790.6114887610188,0.0
2025-07-15,16,12,795.4477743177752,0.0
2025-07-15,16,13,803.146017160977,0.0
2025-07-15,16,14,765.8928283319649,0.0
2025-07-15,16,15,753.7186656255562,0.0
2025-07-15,16,16,748.7448562400707,0.0
2025-07-15,16,17,788.2412500204938,0.0
2025-07-15,16,18,823.7688945407817,0.0
2025-07-15,16,19,793.6615880964825,0.0
2025-07-15,16,20,808.1506910589624,0.0
2025-07-15,16,21,797.7443418819416,0.0
2025-07-15,16,22,718.6075498508652,0.0
2025-07-15,16,23,707.5256521116496,0.0
2025-07-15,16,24,766.4266806410891,0.0
2025-07-15,16,25,757.0108077049247,0.0
2025-07-15,16,26,748.8488142725522,0.0
2025-07-15,16,27,732.7317716184625,0.0
2025-07-15,16,28,729.6682431001201,0.0
2025-07-15,16,29,736.439574993561,0.0
2025-07-15,16,30,752.4043092805489,0.0
2025-07-15,16,31,716.5999584735536,2.418730592634148
2025-07-15,16,32,706.0403477041227,34.19501646738701
2025-07-15,16,33,709.6958543558187,50.27221687697708
2025-07-15,16,34,713.8103902327066,81.91440378532577
2025-07-15,16,35,724.4412120676614,121.0890880190967
2025-07-15,16,36,883.8702487049425,158.75656011443775
2025-07-15,16,37,914.540250268172,198.26137983956335
2025-07-15,16,38,889.1133527703909,258.0121769267505
2025-07-15,16,39,848.5617510593956,321.3246377675574
2025-07-15,16,40,864.0289580468221,373.80351165723323
2025-07-15,16,41,906.8800871791551,418.094871528971
2025-07-15,16,42,930.7300903829507,469.4941819169749
2025-07-15,16,43,883.1973084666568,508.89296156288543
2025-07-15,16,44,863.8498583193679,531.441095016987
2025-07-15,16,45,892.1471450787442,580.4441351851062
2025-07-15,16,46,871.922406070013,615.5630829995646
2025-07-15,16,47,923.1072683131389,648.6140818796478
2025-07-15,16,48,1131.8874580121449,697.4927882477033
2025-07-15,16,49,1141.957100044524,764.1123519144286
2025-07-15,16,50,1125.6007631399457,765.8980744745934
2025-07-15,16,51,1124.6726886922613,761.9729587122449
2025-07-15,16,52,1110.9886560868445,783.441000237351
2025-07-15,16,53,1113.3763955485322,846.9912250729041
2025-07-15,16,54,1161.7947258112,867.280807333747
2025-07-15,16,55,1186.5263693949391,849.6196549226468
2025-07-15,16,56,1195.2857395375609,927.3053805312011
2025-07-15,16,57,1194.4739847822398,1076.832202036324
2025-07-15,16,58,1156.5630689801824,1126.0766230603406
2025-07-15,16,59,1181.9791438203536,1187.9702069394757
2025-07-15,16,60,1227.1748944950023,1234.8952081672635
2025-07-15,16,61,1194.485151554337,1236.9946669458375
2025-07-15,16,62,1194.0238201861262,1244.4376596021814
2025-07-15,16,63,1210.9336652660775,1284.2996083901887
2025-07-15,16,64,1171.6235200209976,1309.5625047068256
2025-07-15,16,65,1144.3633701445224,1369.4594055512034
2025-07-15,16,66,1187.6611746393182,1411.5107164298825
2025-07-15,16,67,1220.86289652279,1430.943014322193
2025-07-15,16,68,1199.317138876946,1540.123696415285
2025-07-15,16,69,1175.9912029925085,1695.6329015765768
2025-07-15,16,70,1190.0774948308176,1644.083410254315
2025-07-15,16,71,1167.1631133040473,1548.2278618142514
2025-07-15,16,72,1131.2398367638657,1552.9153626534674
2025-07-15,16,73,1143.9286916728329,1652.0350562680794
2025-07-15,16,74,1165.0916415787344,1698.083126933088
2025-07-15,16,75,1179.0633630919774,1662.1761763706288
2025-07-15,16,76,1192.033305242629,1634.9353306872922
2025-07-15,16,77,1195.011105849679,1636.8892170047154
2025-07-15,16,78,1199.4627092747412,1570.80850186948
2025-07-15,16,79,1235.0442655828917,1464.8769948925692
2025-07-15,16,80,1219.0864959917953,1431.0244177048946
2025-07-15,16,81,1189.07566094566,1455.236688944259
2025-07-15,16,82,1235.8332713876478,1345.2795721709092
2025-07-15,16,83,1245.7064194594786,1252.6917158902681
2025-07-15,16,84,1215.9776081562047,1201.9290199457205
2025-07-15,16,85,1251.3248845632197,1187.7406202856446
2025-07-15,16,86,1273.9465456521648,1145.171298573708
2025-07-15,16,87,1270.3368190940919,1118.6391399644651
2025-07-15,16,88,1307.5177449109706,1139.0065296650882
2025-07-15,16,89,1296.1461732589535,1147.196172683876
2025-07-15,16,90,1237.6913582877996,1088.7194769661055
2025-07-15,16,91,1258.8115791823896,1032.2174055009518
2025-07-15,16,92,1266.5323909484268,980.6353308091904
2025-07-15,16,93,1228.8229892293996,907.4944282297089
2025-07-15,16,94,1242.4631766684777,890.3367490239777
2025-07-15,16,95,1275.2667290714212,862.1371802112482
2025-07-15,16,96,1270.7813343728267,792.0521217955129
2025-07-15,16,97,1184.9498414265272,698.7093374082289
2025-07-15,16,98,1199.0701770052806,660.3425123968857
2025-07-15,16,99,1281.5868956764007,664.5217922827931
2025-07-15,16,100,1231.9346943746086,634.4592256076351
2025-07-15,16,101,1194.5990249526403,553.5772587843343
2025-07-15,16,102,1181.1666860429186,489.19074811091207
2025-07-15,16,103,1228.6175933575973,481.75769573683664
2025-07-15,16,104,1251.4398647213552,414.459700936525
2025-07-15,16,105,1251.620004956533,325.48774753773813
2025-07-15,16,106,1286.904383684057,282.4777238436311
2025-07-15,16,107,1220.4034905288477,236.88910277317086
2025-07-15,16,108,954.4581282818053,178.88214727069172
2025-07-15,16,109,908.8902982307303,138.93798140092093
2025-07-15,16,110,945.2501026773838,112.34620238247064
2025-07-15,16,111,983.4092633446506,66.3072317243162
2025-07-15,16,112,1006.7271680601899,41.70589039812463
2025-07-15,16,113,1013.8116187290526,5.89612739768096
2025-07-15,16,114,1061.9895525960687,0.0
2025-07-15,16,115,1064.4133353074258,0.0
2025-07-15,16,116,1025.0473731320005,0.0
2025-07-15,16,117,927.9669519471156,0.0
2025-07-15,16,118,995.7684820285418,0.0
2025-07-15,16,119,1003.7170007688874,0.0
2025-07-15,16,120,961.9335013855432,0.0
2025-07-15,16,121,950.8373994812919,0.0
2025-07-15,16,122,1022.9769523017574,0.0
2025-07-15,16,123,1089.9944315107473,0.0
2025-07-15,16,124,1043.2678751687931,0.0
2025-07-15,16,125,940.5957425667847,0.0
2025-07-15,16,126,897.5232314747965,0.0
2025-07-15,16,127,960.8441259246721,0.0
2025-07-15,16,128,1016.5484275971488,0.0
2025-07-15,16,129,1046.69045783524,0.0
2025-07-15,16,130,1063.571697804231,0.0
2025-07-15,16,131,922.8663552150226,0.0
2025-07-15,16,132,761.0931575036395,0.0
2025-07-15,16,133,762.0542400472459,0.0
2025-07-15,16,134,828.2776229948895,0.0
2025-07-15,16,135,823.5265817663233,0.0
2025-07-15,16,136,775.4608223850598,0.0
2025-07-15,16,137,761.9062642109222,0.0
2025-07-15,16,138,732.8021902422923,0.0
2025-07-15,16,139,797.2769057523947,0.0
2025-07-15,16,140,792.469382992421,0.0
2025-07-15,16,141,743.6432389279447,0.0
2025-07-15,16,142,730.6969460611538,0.0
2025-07-15,16,143,732.4096231683336,0.0
2025-07-15,16,144,779.4471296615576,0.0
2025-07-15,17,1,811.9892607814867,0.0
2025-07-15,17,2,804.5672668578508,0.0
2025-07-15,17,3,797.0324303629926,0.0
2025-07-15,17,4,798.3631410711898,0.0
2025-07-15,17,5,786.2386208930124,0.0
2025-07-15,17,6,760.2874625618048,0.0
2025-07-15,17,7,812.2811751770074,0.0
2025-07-15,17,8,811.1598000730658,0.0
2025-07-15,17,9,853.2842242548749,0.0
2025-07-15,17,10,857.308951436032,0.0
2025-07-15,17,11,860.3391289765281,0.0
2025-07-15,17,12,852.2893302639402,0.0
2025-07-15,17,13,809.5384506934686,0.0
2025-07-15,17,14,761.794818512537,0.0
2025-07-15,17,15,746.9268108428967,0.0
2025-07-15,17,16,747.570009423415,0.0
2025-07-15,17,17,751.9921665973213,0.0
2025-07-15,17,18,748.0900428112366,0.0
2025-07-15,17,19,752.8107136581538,0.0003
2025-07-15,17,20,754.6746715877306,0.0
2025-07-15,17,21,721.7903392958972,0.0
2025-07-15,17,22,778.5729073991142,0.004066666666666667
2025-07-15,17,23,791.1776505623789,0.0
2025-07-15,17,24,760.0998944419842,0.0
2025-07-15,17,25,765.6020825711219,0.05673333333333333
2025-07-15,17,26,779.9530123793958,0.0
2025-07-15,17,27,762.9717577519406,0.0
2025-07-15,17,28,720.1564503554177,1.1095149778811022
2025-07-15,17,29,727.116146617833,0.0
2025-07-15,17,30,742.7031063905143,0.0
2025-07-15,17,31,742.2305997307684,19.239242823129093
2025-07-15,17,32,711.3933138518297,49.38005161755989
2025-07-15,17,33,659.6938649079697,85.30146952844176
2025-07-15,17,34,681.6306063043232,123.02301057821296
2025-07-15,17,35,780.7641222789614,172.3728036516546
2025-07-15,17,36,877.5580762141409,227.18188275013736
2025-07-15,17,37,875.1006850181906,271.42363311134056
2025-07-15,17,38,812.807702526567,325.92760366785205
2025-07-15,17,39,815.8326209669002,393.20210143140696
2025-07-15,17,40,894.678287897858,450.0234395308537
2025-07-15,17,41,870.3070712020533,485.0484468607271
2025-07-15,17,42,839.3771078310072,518.2369523347907
2025-07-15,17,43,897.1297240386817,576.8710402112414
2025-07-15,17,44,957.5030570270882,628.3711225757074
2025-07-15,17,45,956.5941704980555,673.6671736069857
2025-07-15,17,46,891.0290830835095,743.88491289502
2025-07-15,17,47,946.443204889723,810.0033116560877
2025-07-15,17,48,1155.4596922892242,843.977061735469
2025-07-15,17,49,1094.8709023063655,847.7558708910932
2025-07-15,17,50,1054.382213740374,890.0279079390584
2025-07-15,17,51,1091.7814681472228,964.7500467150445
2025-07-15,17,52,1045.9001626883376,1006.2182623382312
2025-07-15,17,53,1119.0520015985192,1065.4462487669944
2025-07-15,17,54,1208.3742078700993,1140.8079340705299
2025-07-15,17,55,1138.563017662414,1170.2940275233689
2025-07-15,17,56,1121.9101185054617,1201.9937797240245
2025-07-15,17,57,1183.1013000652106,1251.3176319118288
2025-07-15,17,58,1194.5522392052485,1284.7109394939093
2025-07-15,17,59,1195.9458053948124,1346.4872637907447
2025-07-15,17,60,1182.579774163798,1424.1738884065694
2025-07-15,17,61,1199.9939278888592,1431.9342633354438
2025-07-15,17,62,1204.9732332607925,1413.9771899874765
2025-07-15,17,63,1205.1966931166726,1396.607939684642
2025-07-15,17,64,1134.6873223463517,1374.0057255735076
2025-07-15,17,65,1123.0056010230257,1402.1787676256065
2025-07-15,17,66,1174.8955559517722,1472.5315194137002
2025-07-15,17,67,1138.5571286155116,1512.4719250332346
2025-07-15,17,68,1150.6301698654966,1522.6438981194142
2025-07-15,17,69,1232.0394484263836,1520.758270535068
2025-07-15,17,70,1225.1317837995334,1529.5223262924433
2025-07-15,17,71,1136.7398210411375,1509.782403696285
2025-07-15,17,72,1106.406592060154,1498.9624018068478
2025-07-15,17,73,1146.546883602646,1570.9201632411107
2025-07-15,17,74,1185.3597506836788,1617.545715420592
2025-07-15,17,75,1166.7054696907176,1596.561019266595
2025-07-15,17,76,1132.2731670960918,1566.4376610404818
2025-07-15,17,77,1141.8961779591286,1544.048568343132
2025-07-15,17,78,1153.5865140702322,1516.7942884950585
2025-07-15,17,79,1154.7442057659898,1473.8169546516328
2025-07-15,17,80,1134.7859498903508,1467.1440843616422
2025-07-15,17,81,1166.1961546380126,1485.3575004584795
2025-07-15,17,82,1190.1099349522651,1464.1811705283008
2025-07-15,17,83,1200.9930234238104,1463.3376164370395
2025-07-15,17,84,1204.577844654803,1467.2671768604116
2025-07-15,17,85,1238.2994151607938,1396.8157817850968
2025-07-15,17,86,1258.908718853984,1337.74375527815
2025-07-15,17,87,1227.3576642420737,1318.8284288387438
2025-07-15,17,88,1187.408198308626,1292.2185168413152
2025-07-15,17,89,1181.4149992423083,1276.0782029968805
2025-07-15,17,90,1218.3327773635822,1264.3191215238217
2025-07-15,17,91,1200.0556927518835,1216.3907012210807
2025-07-15,17,92,1238.4755428197207,1111.3728623258125
2025-07-15,17,93,1291.862242784832,987.7967206170274
2025-07-15,17,94,1240.6699894474061,911.3425253663293
2025-07-15,17,95,1218.745110441669,823.7406886764146
2025-07-15,17,96,1236.7055229698933,725.0349554135294
2025-07-15,17,97,1283.43271955075,686.7761185426053
2025-07-15,17,98,1278.906850963387,682.5698155468729
2025-07-15,17,99,1249.1827062189118,660.0647253712694
2025-07-15,17,100,1269.574417372687,584.4869722923752
2025-07-15,17,101,1304.2141947260302,540.5259898893266
2025-07-15,17,102,1309.3241379114236,527.588739458919
2025-07-15,17,103,1294.2427693679008,463.6271766496973
2025-07-15,17,104,1270.1111984258296,395.0916206439337
2025-07-15,17,105,1284.1091951418025,349.4781499117109
2025-07-15,17,106,1273.1465786781189,307.5124674961483
2025-07-15,17,107,1157.7006794484778,260.8823147440596
2025-07-15,17,108,927.4845141755968,210.87986943283636
2025-07-15,17,109,942.8130034399325,167.56214460373295
2025-07-15,17,110,979.1593996183442,129.28030263970496
2025-07-15,17,111,971.7850132978119,91.87596970748676
2025-07-15,17,112,967.1445836648684,53.65194709713264
2025-07-15,17,113,945.7636813452866,20.969018236913012
2025-07-15,17,114,974.9936814807038,0.0
2025-07-15,17,115,1019.4960357209716,0.0
2025-07-15,17,116,1052.1828553151224,1.2209086165099596
2025-07-15,17,117,963.1338862119183,0.0
2025-07-15,17,118,953.3687683916356,0.0
2025-07-15,17,119,994.1477429917256,0.06335
2025-07-15,17,120,1070.8267437703655,0.0
2025-07-15,17,121,1021.5835927885784,0.0
2025-07-15,17,122,1003.5530317102571,0.00455
2025-07-15,17,123,1023.0688561558173,0.0
2025-07-15,17,124,1015.4013917359621,0.0
2025-07-15,17,125,988.5106927986346,0.0003333333333333333
2025-07-15,17,126,997.4168371771091,0.0
2025-07-15,17,127,1030.1272706643379,0.0
2025-07-15,17,128,1001.0963068925395,0.0
2025-07-15,17,129,947.5887571161797,0.0
2025-07-15,17,130,1006.3855982709264,0.0
2025-07-15,17,131,848.8022107697184,0.0
2025-07-15,17,132,753.9146176484332,0.0
2025-07-15,17,133,831.8198679376054,0.0
2025-07-15,17,134,885.3701531712323,0.0
2025-07-15,17,135,788.6721873564019,0.0
2025-07-15,17,136,815.0163911485596,0.0
2025-07-15,17,137,862.3405416996025,0.0
2025-07-15,17,138,786.0444248298937,0.0
2025-07-15,17,139,772.8029080558382,0.0
2025-07-15,17,140,791.6172503959705,0.0
2025-07-15,17,141,803.9810214292337,0.0
2025-07-15,17,142,745.3452737714035,0.0
2025-07-15,17,143,758.703223434094,0.0
2025-07-15,17,144,792.6645574942359,0.0
2025-07-15,18,1,681.6404346265717,0.0
2025-07-15,18,2,708.7237564780592,0.0
2025-07-15,18,3,768.7041588147831,0.0
2025-07-15,18,4,770.7377462612119,0.0
2025-07-15,18,5,755.7189752578521,0.0
2025-07-15,18,6,697.3378654775992,0.0
2025-07-15,18,7,754.5990350137982,0.0
2025-07-15,18,8,744.6915899360054,0.0
2025-07-15,18,9,723.5262963989728,0.0
2025-07-15,18,10,742.9151514874536,0.0
2025-07-15,18,11,729.7824028116397,0.0
2025-07-15,18,12,704.0062183399862,0.0
2025-07-15,18,13,684.5864490326525,0.0
2025-07-15,18,14,650.3449853654865,0.0
2025-07-15,18,15,642.6102864703212,0.0
2025-07-15,18,16,649.3942699930923,0.0
2025-07-15,18,17,740.8074542961882,0.0
2025-07-15,18,18,814.6780207632282,0.0
2025-07-15,18,19,680.6998694761228,0.0
2025-07-15,18,20,621.3784641982961,0.0
2025-07-15,18,21,641.2854822479196,0.0
2025-07-15,18,22,648.8729247621751,0.0
2025-07-15,18,23,655.7210393553372,0.0
2025-07-15,18,24,652.874630917701,0.0
2025-07-15,18,25,597.7563242877922,0.0
2025-07-15,18,26,605.0116830500194,0.0
2025-07-15,18,27,654.6990111814405,0.0
2025-07-15,18,28,633.3985937411389,0.0
2025-07-15,18,29,653.0240434638154,0.0
2025-07-15,18,30,724.0084443549649,0.0
2025-07-15,18,31,664.7207052374727,5.6535834598316566
2025-07-15,18,32,636.0871386445924,27.753967670952377
2025-07-15,18,33,663.2018578673927,39.855942847591756
2025-07-15,18,34,665.2763287907115,74.71442469572096
2025-07-15,18,35,676.6361347735375,111.67876417001384
2025-07-15,18,36,791.4491905265754,149.54955860797756
2025-07-15,18,37,819.7969538815107,191.4723546696634
2025-07-15,18,38,802.9265310296929,227.57753096119635
2025-07-15,18,39,797.1614202788259,258.278039129479
2025-07-15,18,40,836.1889494687268,299.45003664116757
2025-07-15,18,41,815.6125496867979,320.95706855224114
2025-07-15,18,42,795.903142202119,357.52909750125923
2025-07-15,18,43,841.6299059653314,417.0198574607303
2025-07-15,18,44,850.4193724577277,453.43181801486907
2025-07-15,18,45,817.185293805032,476.60511779022386
2025-07-15,18,46,830.3792376313692,534.8523087153568
2025-07-15,18,47,889.2179884302419,557.3830370346818
2025-07-15,18,48,1032.009804880771,584.913601648306
2025-07-15,18,49,1034.266231476262,621.2722328742402
2025-07-15,18,50,1069.525011791168,693.9439727419003
2025-07-15,18,51,1117.2469341686485,746.3142709837248
2025-07-15,18,52,1095.7928276903635,805.4435940665809
2025-07-15,18,53,1103.045034535399,850.8083938121603
2025-07-15,18,54,1139.795178501212,888.7651569253154
2025-07-15,18,55,1129.395460405895,952.6876804116023
2025-07-15,18,56,1112.2764143103316,1008.9371750922503
2025-07-15,18,57,1112.2785869767633,1029.9054676006833
2025-07-15,18,58,1139.3461013578685,1065.778964580276
2025-07-15,18,59,1151.1291915039628,1092.8989436069492
2025-07-15,18,60,1138.5100680008923,1109.146361151237
2025-07-15,18,61,1168.812861061523,1143.4394999607673
2025-07-15,18,62,1144.6114270609376,1126.3611663795125
2025-07-15,18,63,1078.4483668570983,1118.5838495917465
2025-07-15,18,64,1051.558764356195,1162.6765539169858
2025-07-15,18,65,1045.342031261076,1231.360687045395
2025-07-15,18,66,1057.8597485940593,1267.3217216826433
2025-07-15,18,67,1101.8749203435816,1355.7261459232566
2025-07-15,18,68,1141.7252480535815,1384.652161920391
2025-07-15,18,69,1168.8670869955517,1318.4821167929335
2025-07-15,18,70,1111.6753785027995,1388.213475470672
2025-07-15,18,71,1025.602013317166,1484.8063853196481
2025-07-15,18,72,1005.7238778388228,1580.5679230680437
2025-07-15,18,73,1071.0216744958798,1641.7229477823087
2025-07-15,18,74,1093.6217064327482,1657.896459872194
2025-07-15,18,75,1071.7745635027547,1594.326456502657
2025-07-15,18,76,1107.1414205229712,1520.9612916738643
2025-07-15,18,77,1163.9736550945101,1415.3512723675265
2025-07-15,18,78,1183.4429472977906,1431.3576391658687
2025-07-15,18,79,1130.169026417001,1440.232919792132
2025-07-15,18,80,1081.023376278239,1412.1652616398821
2025-07-15,18,81,1102.5143251120685,1347.7593209902145
2025-07-15,18,82,1146.4848138500934,1334.7931065299422
2025-07-15,18,83,1154.5690835687528,1304.8505358924003
2025-07-15,18,84,1129.020903249975,1225.6376334456772
2025-07-15,18,85,1168.8438072492531,1138.5124361497149
2025-07-15,18,86,1192.7592912545788,1022.1298338393665
2025-07-15,18,87,1193.5503370328374,927.8463699936107
2025-07-15,18,88,1215.4722230200189,962.2698333221109
2025-07-15,18,89,1202.4522867251753,965.7213006094617
2025-07-15,18,90,1151.2519479672483,909.1457768325896
2025-07-15,18,91,1126.0937280706162,878.5220265092015
2025-07-15,18,92,1139.1834560229383,826.0704683558595
2025-07-15,18,93,1150.2103437272792,790.2274160624123
2025-07-15,18,94,1173.9663220898346,728.5559789637659
2025-07-15,18,95,1222.166074559369,655.7978077905294
2025-07-15,18,96,1229.1399499841345,571.0377449858612
2025-07-15,18,97,1169.94103278339,517.359175125964
2025-07-15,18,98,1171.2326281052274,538.7989189862367
2025-07-15,18,99,1226.3772039294213,552.2160304781374
2025-07-15,18,100,1176.0014683216493,472.32074848502583
2025-07-15,18,101,1160.094418859561,405.5776171362945
2025-07-15,18,102,1192.2442122932518,380.56987215548327
2025-07-15,18,103,1231.0404158979125,336.63983238313574
2025-07-15,18,104,1198.2388271441132,301.85629275886777
2025-07-15,18,105,1162.1272974012313,264.030519780409
2025-07-15,18,106,1223.1466890194897,209.5416017932216
2025-07-15,18,107,1155.220503782911,161.95433635727645
2025-07-15,18,108,867.0776242019932,118.07953779862632
2025-07-15,18,109,867.8967001162075,97.04011326988024
2025-07-15,18,110,955.4228369944493,71.69280555866925
2025-07-15,18,111,989.0844646041024,53.18564852693568
2025-07-15,18,112,936.659547199505,38.172471049443054
2025-07-15,18,113,938.943274614417,8.587596892288921
2025-07-15,18,114,1018.9543071855284,0.0
2025-07-15,18,115,923.4800161463727,0.0
2025-07-15,18,116,901.5262740221871,0.0
2025-07-15,18,117,925.5966299737255,0.0
2025-07-15,18,118,955.1023277109281,0.0
2025-07-15,18,119,960.7730650498496,0.0
2025-07-15,18,120,993.6424963168446,0.0
2025-07-15,18,121,949.3318455710897,0.0
2025-07-15,18,122,952.8806067167972,0.0
2025-07-15,18,123,992.0685692250869,0.0
2025-07-15,18,124,1004.5591988820786,0.0
2025-07-15,18,125,945.3169947199564,0.0
2025-07-15,18,126,886.0580326881477,0.0
2025-07-15,18,127,913.6702296129822,0.0
2025-07-15,18,128,967.6627387043422,0.0
2025-07-15,18,129,1000.8111394960366,0.0
2025-07-15,18,130,1006.1164457674224,0.0
2025-07-15,18,131,890.8958196732053,0.0
2025-07-15,18,132,765.4551052622099,0.0
2025-07-15,18,133,705.2164611974047,0.0
2025-07-15,18,134,714.0481572020493,0.0
2025-07-15,18,135,732.4582276837307,0.0
2025-07-15,18,136,739.2505369182452,0.0
2025-07-15,18,137,763.1796118467113,0.0
2025-07-15,18,138,762.7259888102261,0.0
2025-07-15,18,139,779.7075263642058,0.0
2025-07-15,18,140,702.4629677217408,0.0
2025-07-15,18,141,645.7044043260702,0.0
2025-07-15,18,142,690.8958054750824,0.0
2025-07-15,18,143,747.5392636969152,0.0
2025-07-15,18,144,712.1893280632859,0.0
2025-07-15,19,1,835.1129334133677,0.0
2025-07-15,19,2,850.5874317351926,0.0
2025-07-15,19,3,859.6067912151887,0.0
2025-07-15,19,4,804.932297277301,0.0
2025-07-15,19,5,776.7396390721835,0.0
2025-07-15,19,6,738.3061229232185,0.0
2025-07-15,19,7,773.9367127172022,0.0
2025-07-15,19,8,773.573093739013,0.0
2025-07-15,19,9,807.5504988031719,0.0
2025-07-15,19,10,855.9314069527045,0.0
2025-07-15,19,11,817.2456710653589,0.0
2025-07-15,19,12,748.06707491686,0.0
2025-07-15,19,13,772.957820748443,0.0
2025-07-15,19,14,796.6634530393661,0.0
2025-07-15,19,15,821.027620946152,0.0
2025-07-15,19,16,813.0082577269109,0.0
2025-07-15,19,17,786.9785703174447,0.0
2025-07-15,19,18,774.0475132247557,0.0
2025-07-15,19,19,749.0162042418206,0.0
2025-07-15,19,20,748.94900695367,0.0
2025-07-15,19,21,723.6310795919279,0.0
2025-07-15,19,22,765.7456170735331,0.0
2025-07-15,19,23,770.6391366179288,0.0
2025-07-15,19,24,737.3628459103611,0.0
2025-07-15,19,25,743.8182267721259,0.0
2025-07-15,19,26,721.9593484055038,0.0
2025-07-15,19,27,676.9763436707632,0.0
2025-07-15,19,28,677.8671920866594,0.0
2025-07-15,19,29,718.7429496619255,0.0
2025-07-15,19,30,774.1582077557832,0.0
2025-07-15,19,31,705.7705617253579,14.568335839439495
2025-07-15,19,32,657.6701827312795,46.15844347999692
2025-07-15,19,33,694.2623014544229,76.39719724202878
2025-07-15,19,34,730.3943732564984,119.3683800721686
2025-07-15,19,35,794.6725901805248,163.6452131262533
2025-07-15,19,36,929.8851910776317,208.83891781816095
2025-07-15,19,37,885.2758661369141,251.45647233638005
2025-07-15,19,38,835.4844390795539,285.8718694684526
2025-07-15,19,39,858.9829982068536,341.18851255790156
2025-07-15,19,40,846.7047234762324,380.9026553824031
2025-07-15,19,41,827.969232533288,418.5683726096551
2025-07-15,19,42,817.2619876681084,435.4883304071749
2025-07-15,19,43,854.7779190339432,480.1430065761826
2025-07-15,19,44,887.2531666590014,516.4470394778251
2025-07-15,19,45,885.5543358465072,519.9513467846735
2025-07-15,19,46,911.6560471292462,528.2655593827217
2025-07-15,19,47,985.5582306608818,505.0951818578217
2025-07-15,19,48,1206.643824193643,551.8235565277806
2025-07-15,19,49,1201.2040938844636,652.4173573820194
2025-07-15,19,50,1166.7958164662502,724.756168384313
2025-07-15,19,51,1137.603918989076,768.0405063169462
2025-07-15,19,52,1080.0322864637385,841.8480665559284
2025-07-15,19,53,1041.9252765374622,864.2529381374254
2025-07-15,19,54,1096.2682449009194,849.3768207646018
2025-07-15,19,55,1169.1976182722553,855.1741549593178
2025-07-15,19,56,1210.6029174522328,920.8102162971732
2025-07-15,19,57,1164.3915137762922,952.5575989866546
2025-07-15,19,58,1140.537628541711,949.6221268496494
2025-07-15,19,59,1119.234229009955,993.0251592767943
2025-07-15,19,60,1122.8185585791098,1042.7517310274716
2025-07-15,19,61,1155.3072465037783,1063.1470085716876
2025-07-15,19,62,1157.4149624143074,1061.3484243823475
2025-07-15,19,63,1146.394476463407,1099.953675274586
2025-07-15,19,64,1120.1471324949234,1130.541012125154
2025-07-15,19,65,1127.2390157587563,1137.677387855277
2025-07-15,19,66,1165.948047379063,1176.9395077581298
2025-07-15,19,67,1195.2280234960854,1189.748865494962
2025-07-15,19,68,1161.9964472283993,1225.522231266639
2025-07-15,19,69,1149.8587984940111,1247.873965291957
2025-07-15,19,70,1193.5588814747216,1220.737200412052
2025-07-15,19,71,1173.2295831409315,1197.004032329013
2025-07-15,19,72,1128.8391111474023,1246.4958412936517
2025-07-15,19,73,1151.6664539336982,1342.7825835170202
2025-07-15,19,74,1168.3123624643301,1404.8637414792522
2025-07-15,19,75,1145.9481300456475,1363.1803184732269
2025-07-15,19,76,1125.2566517722244,1320.4574271337121
2025-07-15,19,77,1103.199723994006,1297.5868275804467
2025-07-15,19,78,1130.6961721736413,1308.892522602058
2025-07-15,19,79,1150.7675942521905,1308.1818050857592
2025-07-15,19,80,1160.7995595342932,1244.479399440985
2025-07-15,19,81,1183.7619485996174,1228.5248447298652
2025-07-15,19,82,1206.7351452983519,1192.8889977439112
2025-07-15,19,83,1226.1934848836684,1137.8625817280533
2025-07-15,19,84,1229.3518167438228,1008.4711627940635
2025-07-15,19,85,1266.6268577509916,1019.4779088929904
2025-07-15,19,86,1267.9597952883494,985.9563194274422
2025-07-15,19,87,1233.8990405441377,887.474566205594
2025-07-15,19,88,1212.038062910489,857.4382583852724
2025-07-15,19,89,1205.2652145792217,840.7222397541561
2025-07-15,19,90,1217.8569185916097,779.0506937515647
2025-07-15,19,91,1235.4292223406662,764.5809648145354
2025-07-15,19,92,1239.4140097765805,768.7421208384629
2025-07-15,19,93,1247.798700014523,725.2069231995056
2025-07-15,19,94,1246.2977380078778,728.8350865903052
2025-07-15,19,95,1253.2764441748748,718.042000433505
2025-07-15,19,96,1202.594185759912,658.3538554731628
2025-07-15,19,97,1216.8219111944843,646.3932792804611
2025-07-15,19,98,1231.8034511159678,595.454776454904
2025-07-15,19,99,1232.8996492103315,568.4579162533694
2025-07-15,19,100,1248.1257406107172,520.7213275697451
2025-07-15,19,101,1271.7357855562657,448.9947893156455
2025-07-15,19,102,1277.6431856292631,415.3611256815334
2025-07-15,19,103,1306.472003889159,409.24181265138526
2025-07-15,19,104,1284.5339586470295,359.45632850145273
2025-07-15,19,105,1270.3036000103316,284.9377781574965
2025-07-15,19,106,1328.9866406288072,252.5054518868086
2025-07-15,19,107,1241.010679010021,218.94747163964792
2025-07-15,19,108,1057.3264393657391,162.92387921096363
2025-07-15,19,109,1002.0979973236211,129.70926086965008
2025-07-15,19,110,977.5141266724879,94.19505635973523
2025-07-15,19,111,1011.543844296524,57.85058147064474
2025-07-15,19,112,1115.1218046717108,35.06207877108791
2025-07-15,19,113,1094.5651068540164,6.073657239973233
2025-07-15,19,114,1014.4046341584339,0.0
2025-07-15,19,115,983.9972219134426,0.0
2025-07-15,19,116,994.0716245531065,0.0
2025-07-15,19,117,941.9424955500865,0.0
2025-07-15,19,118,986.4935537713188,0.0
2025-07-15,19,119,997.9207578620783,0.0
2025-07-15,19,120,1009.2039197131003,0.0
2025-07-15,19,121,980.6386142670551,0.0
2025-07-15,19,122,1006.9410269284747,0.0
2025-07-15,19,123,1066.9367557491314,0.0
2025-07-15,19,124,1072.4410878469648,0.0
2025-07-15,19,125,1003.6093118241081,0.0
2025-07-15,19,126,965.210967184831,0.0
2025-07-15,19,127,1065.5991918545124,0.0
2025-07-15,19,128,1102.5219034652332,0.0
2025-07-15,19,129,1071.8429808064325,0.0
2025-07-15,19,130,1084.817879012507,0.0
2025-07-15,19,131,931.362323448192,0.0
2025-07-15,19,132,785.4958443045082,0.0
2025-07-15,19,133,819.0003245607273,0.0
2025-07-15,19,134,858.9804785278999,0.0
2025-07-15,19,135,787.1268702813476,0.0
2025-07-15,19,136,774.2603532457906,0.0
2025-07-15,19,137,787.4413594489996,0.0
2025-07-15,19,138,772.9034645497003,0.0
2025-07-15,19,139,822.6670962470126,0.0
2025-07-15,19,140,801.7141912385791,0.0
2025-07-15,19,141,803.6960384265839,0.0
2025-07-15,19,142,759.3020999862118,0.0
2025-07-15,19,143,739.6774473003184,0.0
2025-07-15,19,144,750.0644027659291,0.0
2025-07-15,20,1,827.2006857649309,0.0
2025-07-15,20,2,836.473667951846,0.0
2025-07-15,20,3,834.6332710738685,0.0
2025-07-15,20,4,793.8079838206108,0.0
2025-07-15,20,5,786.7756147906236,0.0
2025-07-15,20,6,754.4333091136411,0.0
2025-07-15,20,7,779.3368035153331,0.0
2025-07-15,20,8,807.8264548185565,0.0
2025-07-15,20,9,819.2777318705721,0.0
2025-07-15,20,10,797.0887653175605,0.0
2025-07-15,20,11,782.6096850516051,0.0
2025-07-15,20,12,821.354912252867,0.0
2025-07-15,20,13,765.7267959195422,0.0
2025-07-15,20,14,728.7233767545486,0.0
2025-07-15,20,15,737.9747797574734,0.0
2025-07-15,20,16,740.1466139243237,0.0
2025-07-15,20,17,745.2551342588978,0.0
2025-07-15,20,18,763.69197491684,0.0
2025-07-15,20,19,749.5104089405658,0.00021666666666666666
2025-07-15,20,20,772.6290718826972,0.0
2025-07-15,20,21,777.4333600987848,0.0
2025-07-15,20,22,765.5682690209345,0.0030833333333333333
2025-07-15,20,23,752.1214119173093,0.0
2025-07-15,20,24,706.3673784421838,0.0
2025-07-15,20,25,739.2823950598521,0.043000000000000003
2025-07-15,20,26,712.5293567999803,0.0
2025-07-15,20,27,672.4308768850246,0.0
2025-07-15,20,28,703.7544135024242,0.9181816445477687
2025-07-15,20,29,744.7718782336407,0.0
2025-07-15,20,30,756.8955649596994,0.0
2025-07-15,20,31,692.4345878793298,19.1369052594917
2025-07-15,20,32,665.3190255745841,51.84037876826097
2025-07-15,20,33,680.3855597101748,90.96089246526468
2025-07-15,20,34,663.3674761588123,127.05235111406527
2025-07-15,20,35,700.1315667973307,165.5807046246111
2025-07-15,20,36,876.7858986133119,210.03311865542082
2025-07-15,20,37,888.2701040311978,256.8663982256428
2025-07-15,20,38,828.7176698135127,300.28152784097426
2025-07-15,20,39,797.2292199856216,338.6033152935883
2025-07-15,20,40,831.8027293070633,373.51912590355164
2025-07-15,20,41,877.194754960542,402.42941436084953
2025-07-15,20,42,907.4007698581717,433.336675316108
2025-07-15,20,43,828.2607124246395,483.55615216713784
2025-07-15,20,44,787.521989751667,556.2660558786912
2025-07-15,20,45,812.7146115518229,606.8545194357251
2025-07-15,20,46,884.7109918399134,590.5133462114475
2025-07-15,20,47,967.8234429974897,633.9025719388208
2025-07-15,20,48,1142.2952327731148,729.4657613085024
2025-07-15,20,49,1143.9523180483438,749.4714209421309
2025-07-15,20,50,1126.8303381625187,793.7975980058869
2025-07-15,20,51,1131.1378173580165,889.2715349985605
2025-07-15,20,52,1110.968786114962,956.6384481258615
2025-07-15,20,53,1148.4693337176266,997.0628987675336
2025-07-15,20,54,1170.168722355755,1027.684718561981
2025-07-15,20,55,1157.9591338463435,1060.1100303483418
2025-07-15,20,56,1166.6352909076554,1077.3456168553914
2025-07-15,20,57,1186.1560149871104,1098.7253987951974
2025-07-15,20,58,1139.8299479727148,1166.0803264493777
2025-07-15,20,59,1150.788441847277,1233.5474807978487
2025-07-15,20,60,1177.290319246953,1273.4502838632668
2025-07-15,20,61,1174.1170374058208,1298.3766158284855
2025-07-15,20,62,1160.28900767242,1332.860924166219
2025-07-15,20,63,1195.4206051176523,1352.0338784947965
2025-07-15,20,64,1180.7367277989024,1313.2400530488642
2025-07-15,20,65,1181.7133875094871,1314.7225316925355
2025-07-15,20,66,1175.781056338963,1370.5041999218263
2025-07-15,20,67,1178.4693474597643,1405.684809152954
2025-07-15,20,68,1164.608380558106,1462.9064849116903
2025-07-15,20,69,1164.9285113329768,1527.9535758023735
2025-07-15,20,70,1164.0729028933506,1534.9386431917176
2025-07-15,20,71,1150.4780206610722,1556.5597996843917
2025-07-15,20,72,1163.6997531270065,1615.3142937763232
2025-07-15,20,73,1134.4127400811958,1654.5185024787697
2025-07-15,20,74,1063.0427917866914,1651.0794452193493
2025-07-15,20,75,1048.0731362118968,1604.3104835774673
2025-07-15,20,76,1072.5687154531452,1535.0919508497748
2025-07-15,20,77,1142.0729802526648,1501.7795121632246
2025-07-15,20,78,1206.0730346253163,1508.0434621562783
2025-07-15,20,79,1170.926533783159,1505.8014164078495
2025-07-15,20,80,1172.6074745493343,1491.156145837417
2025-07-15,20,81,1246.2653012508913,1476.4642722017359
2025-07-15,20,82,1215.9264059736054,1467.7293264576356
2025-07-15,20,83,1185.6826961401687,1438.6267191840413
2025-07-15,20,84,1203.129051023709,1391.0692908295075
2025-07-15,20,85,1251.5448895317038,1348.137117005071
2025-07-15,20,86,1255.7738203449055,1276.805013546583
2025-07-15,20,87,1216.1622602705538,1180.2163718488453
2025-07-15,20,88,1228.2703148270505,1104.4173102968005
2025-07-15,20,89,1241.705055862841,1067.577494876617
2025-07-15,20,90,1248.299470446157,1045.9952989530568
2025-07-15,20,91,1286.3099782963816,997.2638916758164
2025-07-15,20,92,1265.8218982603569,931.8312432361766
2025-07-15,20,93,1214.1861416541692,865.4251984154967
2025-07-15,20,94,1206.0574859541166,809.5809013281533
2025-07-15,20,95,1262.1160669581216,793.7267268650872
2025-07-15,20,96,1312.1230512001434,792.7598496110681
2025-07-15,20,97,1251.2067444051488,750.4395317546156
2025-07-15,20,98,1221.7842091569926,707.6360527421641
2025-07-15,20,99,1274.0576301888118,672.500780635107
2025-07-15,20,100,1317.0376363896798,609.9161217249788
2025-07-15,20,101,1310.556060904395,545.6129945622231
2025-07-15,20,102,1246.1466064303931,496.8579240622196
2025-07-15,20,103,1231.9828390942384,452.6956900061654
2025-07-15,20,104,1242.8492202530563,388.2591561844303
2025-07-15,20,105,1285.223588853212,317.5682618058588
2025-07-15,20,106,1312.7585637814739,279.46464914633276
2025-07-15,20,107,1179.2515937049166,241.9582715225867
2025-07-15,20,108,961.9130326076022,191.03490758903814
2025-07-15,20,109,949.2040317539619,144.9850821056913
2025-07-15,20,110,1024.8400289782487,104.56006008888164
2025-07-15,20,111,1013.4006370159943,68.53030405217186
2025-07-15,20,112,1026.8844706525197,38.54359626386433
2025-07-15,20,113,968.4771414254021,15.199472667707331
2025-07-15,20,114,955.3580266668686,0.0
2025-07-15,20,115,1001.7005170597708,0.0
2025-07-15,20,116,1075.4143804608575,0.8639252831766263
2025-07-15,20,117,1022.8634668035152,0.0
2025-07-15,20,118,982.3484773277577,0.0
2025-07-15,20,119,1004.2431584891601,0.03771666666666667
2025-07-15,20,120,1079.0484857359154,0.0
2025-07-15,20,121,987.3539837003374,0.0
2025-07-15,20,122,955.3311010303662,0.0026999999999999997
2025-07-15,20,123,982.6534862737802,0.0
2025-07-15,20,124,1020.5263106773917,0.0
2025-07-15,20,125,1006.725878614604,0.00019999999999999998
2025-07-15,20,126,996.9360641796333,0.0
2025-07-15,20,127,1022.2898295912776,0.0
2025-07-15,20,128,1036.473554507014,0.0
2025-07-15,20,129,972.5703450365615,0.0
2025-07-15,20,130,1006.1315713620678,0.0
2025-07-15,20,131,888.8726293689051,0.0
2025-07-15,20,132,779.0074240193329,0.0
2025-07-15,20,133,807.1124719210044,0.0
2025-07-15,20,134,815.0480141680889,0.0
2025-07-15,20,135,764.2004693300136,0.0
2025-07-15,20,136,817.4695939622812,0.0
2025-07-15,20,137,850.9110396961559,0.0
2025-07-15,20,138,804.921830329285,0.0
2025-07-15,20,139,815.3560993706961,0.0
2025-07-15,20,140,824.8744150299246,0.0
2025-07-15,20,141,831.6098587807746,0.0
2025-07-15,20,142,840.6406845531116,0.0
2025-07-15,20,143,838.0809847095454,0.0
2025-07-15,20,144,805.983795268266,0.0
2025-07-15,21,1,965.5789473642345,0.0
2025-07-15,21,2,961.1262376357568,0.0
2025-07-15,21,3,962.6901122072517,0.0
2025-07-15,21,4,858.8553450324009,0.0
2025-07-15,21,5,831.1671925915282,0.0
2025-07-15,21,6,819.9928589740707,0.0
2025-07-15,21,7,866.6236945395311,0.0
2025-07-15,21,8,872.9827900152351,0.0
2025-07-15,21,9,919.6218192427918,0.0
2025-07-15,21,10,958.9850152381989,0.0
2025-07-15,21,11,929.8473805071729,0.0
2025-07-15,21,12,898.2583654875325,0.0
2025-07-15,21,13,931.6579773104136,0.0
2025-07-15,21,14,885.2779431694779,0.0
2025-07-15,21,15,834.3305594757945,0.0
2025-07-15,21,16,877.4643769107558,0.0
2025-07-15,21,17,893.984890846936,0.0
2025-07-15,21,18,846.6991192365782,0.0
2025-07-15,21,19,888.9253971827612,0.00031666666666666665
2025-07-15,21,20,924.2221873815143,0.0
2025-07-15,21,21,860.2707059473679,0.0
2025-07-15,21,22,825.1743072288547,0.004433333333333333
2025-07-15,21,23,826.8588662220963,0.0
2025-07-15,21,24,866.9637135745702,0.0
2025-07-15,21,25,880.2679080244271,0.0618
2025-07-15,21,26,856.3314240567983,0.0
2025-07-15,21,27,840.5162378915315,0.0
2025-07-15,21,28,853.140488235716,1.1799816445477687
2025-07-15,21,29,857.781371998142,0.0
2025-07-15,21,30,855.5333076068896,0.012499999999999999
2025-07-15,21,31,800.7720464474546,22.02088927787318
2025-07-15,21,32,786.0883614486411,54.26929363706277
2025-07-15,21,33,798.1345403598164,92.21912770476675
2025-07-15,21,34,804.3657603018286,132.4070515241462
2025-07-15,21,35,851.1865054201392,175.7981787845491
2025-07-15,21,36,937.470733875687,223.08636842385332
2025-07-15,21,37,953.8621732540564,270.82263226591726
2025-07-15,21,38,907.1667795978801,309.4068746739475
2025-07-15,21,39,855.0739074231745,345.71367444104266
2025-07-15,21,40,924.1164860995399,394.48195611031724
2025-07-15,21,41,977.2468553321905,437.52882961713476
2025-07-15,21,42,969.7677323073192,479.2928122290679
2025-07-15,21,43,911.755162301365,539.3647693334129
2025-07-15,21,44,936.5204147268189,597.3264611384586
2025-07-15,21,45,1018.5396281435183,641.9334772489697
2025-07-15,21,46,1007.6880144312262,679.8231693367669
2025-07-15,21,47,1015.3171089979996,724.2207810653578
2025-07-15,21,48,1241.2109963418582,780.6138789151444
2025-07-15,21,49,1248.1461583886748,837.3089235717117
2025-07-15,21,50,1214.3838471508673,862.3115202125155
2025-07-15,21,51,1186.4439950378728,864.7892343812994
2025-07-15,21,52,1191.9873948911563,887.7177738969208
2025-07-15,21,53,1201.7945858723954,919.2025299090849
2025-07-15,21,54,1252.1251923622954,970.2885856234196
2025-07-15,21,55,1291.9609872268559,1066.4332692959342
2025-07-15,21,56,1279.3811234759078,1164.2868801916647
2025-07-15,21,57,1236.4927053754118,1220.8840538971806
2025-07-15,21,58,1236.2307791190315,1219.4306726286768
2025-07-15,21,59,1274.0093084784016,1208.5431693604394
2025-07-15,21,60,1281.9101385674421,1244.1992777009987
2025-07-15,21,61,1285.3098965113234,1331.1816841139305
2025-07-15,21,62,1274.957947289554,1386.3538060407145
2025-07-15,21,63,1280.8102502754639,1376.418819392962
2025-07-15,21,64,1267.793991702902,1348.8097028491325
2025-07-15,21,65,1302.7765645752334,1374.2014688343195
2025-07-15,21,66,1340.8168316897493,1415.2176212774539
2025-07-15,21,67,1273.4411845258503,1373.4550637929872
2025-07-15,21,68,1220.7671239655026,1364.4840551732532
2025-07-15,21,69,1279.6692896542468,1402.6133128351858
2025-07-15,21,70,1295.8786308027402,1399.154145003638
2025-07-15,21,71,1268.991755234284,1397.0515434458314
2025-07-15,21,72,1309.0305387575013,1444.0004898747588
2025-07-15,21,73,1289.0501642986978,1532.8501323347843
2025-07-15,21,74,1280.1104787092422,1594.9724929380955
2025-07-15,21,75,1291.3981649003567,1597.8874470993558
2025-07-15,21,76,1332.9576722494849,1566.8956386278485
2025-07-15,21,77,1352.0288933068907,1546.0897492156023
2025-07-15,21,78,1316.4969295136611,1532.2535762387297
2025-07-15,21,79,1345.5181535936772,1492.2532917163358
2025-07-15,21,80,1349.5577501436092,1461.925212703005
2025-07-15,21,81,1349.8345333466325,1448.778843745646
2025-07-15,21,82,1345.3809316271208,1419.3928796776524
2025-07-15,21,83,1368.2951994196828,1358.7138969127966
2025-07-15,21,84,1366.8784071008297,1305.5582550743245
2025-07-15,21,85,1358.6572136922282,1307.9655636393563
2025-07-15,21,86,1362.4476733498532,1293.807656382078
2025-07-15,21,87,1365.2756938153036,1241.1532679712027
2025-07-15,21,88,1333.856708766989,1197.5345061431592
2025-07-15,21,89,1361.174874677275,1145.9598660725326
2025-07-15,21,90,1443.7169241901227,1079.0014101029758
2025-07-15,21,91,1450.240909163284,1010.3496151794411
2025-07-15,21,92,1414.8994962701713,933.4124096496805
2025-07-15,21,93,1338.0605578891248,873.9848746983802
2025-07-15,21,94,1323.3093432859455,875.8251866673302
2025-07-15,21,95,1332.4127571236108,873.8032613130467
2025-07-15,21,96,1354.2390832810243,829.3457468522488
2025-07-15,21,97,1399.9165610947034,762.9878886777312
2025-07-15,21,98,1384.1097388089947,713.2308051501223
2025-07-15,21,99,1340.0178871776268,679.5466476076833
2025-07-15,21,100,1410.34596708855,621.8367355616658
2025-07-15,21,101,1451.3934565559725,566.492190720983
2025-07-15,21,102,1383.948725182268,522.2515813288414
2025-07-15,21,103,1415.742620118185,470.56288483034984
2025-07-15,21,104,1430.9107642277743,421.49711966472915
2025-07-15,21,105,1414.3261920732814,373.3931949159989
2025-07-15,21,106,1421.477542757353,315.3015424402581
2025-07-15,21,107,1397.0842009784506,263.24870256165605
2025-07-15,21,108,1087.8983453676924,219.8746412276627
2025-07-15,21,109,1000.7989453526698,176.66268182761124
2025-07-15,21,110,1069.3903216320368,132.28847737915135
2025-07-15,21,111,1158.2327900898697,89.26077943344534
2025-07-15,21,112,1197.7621514147731,52.18347468330028
2025-07-15,21,113,1108.9113047350174,21.638248896734822
2025-07-15,21,114,1070.6797920535291,0.012499999999999999
2025-07-15,21,115,1086.9431317863623,0.0
2025-07-15,21,116,1113.43762941079,1.2008252831766262
2025-07-15,21,117,1059.7817086536356,0.0
2025-07-15,21,118,1120.3961956643134,0.0
2025-07-15,21,119,1181.535232617547,0.061900000000000004
2025-07-15,21,120,1197.1251429335352,0.0
2025-07-15,21,121,1118.9996657933798,0.0
2025-07-15,21,122,1126.2388397720802,0.00445
2025-07-15,21,123,1167.6918127726685,0.0
2025-07-15,21,124,1104.6501574104618,0.0
2025-07-15,21,125,1068.4941020314625,0.00031666666666666665
2025-07-15,21,126,1108.4850271592716,0.0
2025-07-15,21,127,1156.488815395151,0.0
2025-07-15,21,128,1119.2689279172953,0.0
2025-07-15,21,129,1092.932306177282,0.0
2025-07-15,21,130,1197.556856373407,0.0
2025-07-15,21,131,1091.8929308789975,0.0
2025-07-15,21,132,871.407749155399,0.0
2025-07-15,21,133,877.0309502172597,0.0
2025-07-15,21,134,951.1783987611246,0.0
2025-07-15,21,135,938.4176220514879,0.0
2025-07-15,21,136,937.8973188155262,0.0
2025-07-15,21,137,906.0775626305337,0.0
2025-07-15,21,138,836.2248470676394,0.0
2025-07-15,21,139,908.1266652828832,0.0
2025-07-15,21,140,911.9507447352273,0.0
2025-07-15,21,141,884.9379558415677,0.0
2025-07-15,21,142,877.6689090035268,0.0
2025-07-15,21,143,928.2129472152909,0.0
2025-07-15,21,144,949.429042539592,0.0
2025-07-15,22,1,752.699352175033,0.0
2025-07-15,22,2,751.4331249045667,0.0
2025-07-15,22,3,779.0288524604666,0.0
2025-07-15,22,4,769.0380642270702,0.0
2025-07-15,22,5,811.776193351754,0.0
2025-07-15,22,6,806.2982185294946,0.0
2025-07-15,22,7,801.1124343154022,0.0
2025-07-15,22,8,766.2995512704221,0.0
2025-07-15,22,9,771.9151367905449,0.0
2025-07-15,22,10,783.4975684105805,0.0
2025-07-15,22,11,795.6073056101886,0.0
2025-07-15,22,12,816.3534368950966,0.0
2025-07-15,22,13,767.2795420402242,0.0
2025-07-15,22,14,723.7772835499759,0.0
2025-07-15,22,15,743.4849625865688,0.0
2025-07-15,22,16,743.3553380035108,0.0
2025-07-15,22,17,732.589223942776,0.0
2025-07-15,22,18,720.6646622818455,0.0
2025-07-15,22,19,750.5651597430742,0.0002833333333333333
2025-07-15,22,20,774.8564704196203,0.0
2025-07-15,22,21,741.8655039081191,0.0
2025-07-15,22,22,756.9216723388067,0.003833333333333333
2025-07-15,22,23,758.672391657277,0.0
2025-07-15,22,24,750.4298074837739,0.0
2025-07-15,22,25,751.1164623252796,0.05341666666666667
2025-07-15,22,26,733.0254077247571,0.0
2025-07-15,22,27,711.7191961072948,0.0
2025-07-15,22,28,761.1422090304288,1.0633816445477686
2025-07-15,22,29,798.9481358149412,0.0
2025-07-15,22,30,798.1003702665129,0.6625
2025-07-15,22,31,721.5877076517686,20.253426093879472
2025-07-15,22,32,698.2532861863003,50.315797510292825
2025-07-15,22,33,728.6273645156034,85.74753612309452
2025-07-15,22,34,719.3403835738366,122.10633823952779
2025-07-15,22,35,754.9078202311633,157.73457144836738
2025-07-15,22,36,910.4096734759362,195.6868987743219
2025-07-15,22,37,865.1900237137378,239.68908978477162
2025-07-15,22,38,807.6144424730456,283.98985041643067
2025-07-15,22,39,839.2475102491563,328.38422053304606
2025-07-15,22,40,880.1730982412616,374.09861743944526
2025-07-15,22,41,903.1463866950692,402.6668100362822
2025-07-15,22,42,872.0281735460659,432.31216525215575
2025-07-15,22,43,900.1329655988667,496.41086542143177
2025-07-15,22,44,900.9273404635481,545.7917015903645
2025-07-15,22,45,908.3712323827799,562.7985469289963
2025-07-15,22,46,928.1142127148461,580.680331281664
2025-07-15,22,47,996.5172714635985,621.8383539854038
2025-07-15,22,48,1170.3317142940987,674.6199235968259
2025-07-15,22,49,1143.7471995362448,708.3565738041013
2025-07-15,22,50,1135.479315542938,743.2838073249047
2025-07-15,22,51,1161.4080917537226,793.7717753371453
2025-07-15,22,52,1105.0941902027537,843.4319296788358
2025-07-15,22,53,1148.0564873152443,837.1791904899999
2025-07-15,22,54,1171.090962333783,827.3001425344726
2025-07-15,22,55,1216.0039191691385,923.6273460276002
2025-07-15,22,56,1210.162310715461,1037.5126688961852
2025-07-15,22,57,1179.0043258816659,1092.8802286849434
2025-07-15,22,58,1211.7801364882991,1095.411964860552
2025-07-15,22,59,1239.991799663282,1148.505108059304
2025-07-15,22,60,1211.7538947585613,1234.9029607633047
2025-07-15,22,61,1213.6304596919913,1237.706074311268
2025-07-15,22,62,1217.666945399903,1235.852682670038
2025-07-15,22,63,1215.2809581693036,1284.1509364870171
2025-07-15,22,64,1178.8339396328793,1354.0470066524997
2025-07-15,22,65,1194.124568564508,1401.9185706863027
2025-07-15,22,66,1253.0333425269728,1424.6652394507125
2025-07-15,22,67,1209.7476735712135,1455.7973932819834
2025-07-15,22,68,1183.337693944738,1503.6748779241177
2025-07-15,22,69,1221.932109715353,1537.3242858456351
2025-07-15,22,70,1192.6330124869191,1529.3964814063916
2025-07-15,22,71,1164.3770818678304,1556.3586647278653
2025-07-15,22,72,1177.7659389597288,1645.922055451719
2025-07-15,22,73,1160.5683983266229,1730.924307036827
2025-07-15,22,74,1150.4946940691725,1705.0006651149142
2025-07-15,22,75,1149.895981638169,1575.742187591626
2025-07-15,22,76,1128.4821078549473,1465.997710594992
2025-07-15,22,77,1124.7199104817273,1440.6453414104294
2025-07-15,22,78,1183.7282322649949,1458.4023800387583
2025-07-15,22,79,1221.826319160175,1426.3856864861873
2025-07-15,22,80,1250.9887247315976,1385.798632142544
2025-07-15,22,81,1253.334135441109,1368.8897657719165
2025-07-15,22,82,1220.2484144678738,1348.148149907734
2025-07-15,22,83,1219.6161260414815,1260.5963739182162
2025-07-15,22,84,1220.4549519212621,1170.2946215011343
2025-07-15,22,85,1253.2222796814417,1205.5174079655521
2025-07-15,22,86,1233.5005603832878,1191.3892680864028
2025-07-15,22,87,1216.1020263304138,1091.7977978931158
2025-07-15,22,88,1232.376158391622,1038.814328289777
2025-07-15,22,89,1263.8833985567821,997.0128577386987
2025-07-15,22,90,1271.5046416260723,939.3851652419543
2025-07-15,22,91,1242.4131744467086,882.9025616238897
2025-07-15,22,92,1243.2558976719433,856.0886341631228
2025-07-15,22,93,1268.917158419304,828.844151513268
2025-07-15,22,94,1250.1559717857492,755.4168514399788
2025-07-15,22,95,1267.0884316095655,704.1285117239711
2025-07-15,22,96,1300.8896375058057,697.5841548212276
2025-07-15,22,97,1269.47713673115,686.0189735137832
2025-07-15,22,98,1267.6681211420828,636.0891408818848
2025-07-15,22,99,1316.0080087636989,564.9692063193881
2025-07-15,22,100,1302.3749330567705,512.5343985782972
2025-07-15,22,101,1292.3477214180816,475.686007150472
2025-07-15,22,102,1286.537557311713,438.6209092182572
2025-07-15,22,103,1262.5868256089457,389.59541981521534
2025-07-15,22,104,1269.9048332914954,351.9706033247446
2025-07-15,22,105,1278.9922685773427,327.9584213137914
2025-07-15,22,106,1268.407234286798,295.7578051304456
2025-07-15,22,107,1159.9472894185574,252.4201166869841
2025-07-15,22,108,968.1425509493436,205.29972579480008
2025-07-15,22,109,984.5394163605503,166.0547373795477
2025-07-15,22,110,1023.1042770176538,131.10772702783032
2025-07-15,22,111,1025.2939572039513,94.63031630707873
2025-07-15,22,112,1018.1898902768402,56.48046622196762
2025-07-15,22,113,996.5630701669464,22.900926887489323
2025-07-15,22,114,1015.6445588290688,0.71875
2025-07-15,22,115,979.5062463951926,0.0
2025-07-15,22,116,1008.9192836483578,1.119791949843293
2025-07-15,22,117,1010.1826267885758,0.0
2025-07-15,22,118,993.6058114725512,0.0
2025-07-15,22,119,1013.9361583579204,0.05608333333333334
2025-07-15,22,120,1091.834629870199,0.0
2025-07-15,22,121,1053.6461467082408,0.0
2025-07-15,22,122,998.4413542054924,0.004033333333333333
2025-07-15,22,123,963.9730564071684,0.0
2025-07-15,22,124,994.9321354542368,0.0
2025-07-15,22,125,1017.7222621625993,0.0002833333333333333
2025-07-15,22,126,1057.5813763996707,0.0
2025-07-15,22,127,1088.9996741461334,0.0
2025-07-15,22,128,1056.634023641307,0.0
2025-07-15,22,129,1003.4469698635781,0.0
2025-07-15,22,130,1052.0572235114455,0.0
2025-07-15,22,131,956.5765145699087,0.0
2025-07-15,22,132,798.063485532734,0.0
2025-07-15,22,133,791.0558873552804,0.0
2025-07-15,22,134,818.6667095664527,0.0
2025-07-15,22,135,764.0032257860564,0.0
2025-07-15,22,136,750.8383898129744,0.0
2025-07-15,22,137,783.3382466819131,0.0
2025-07-15,22,138,786.6735198602507,0.0
2025-07-15,22,139,792.2895035637544,0.0
2025-07-15,22,140,807.6074973733656,0.0
2025-07-15,22,141,844.9880623978199,0.0
2025-07-15,22,142,757.1585598251443,0.0
2025-07-15,22,143,801.7025007104565,0.0
2025-07-15,22,144,899.5816138331624,0.0
2025-07-15,23,1,691.9242880900492,0.0
2025-07-15,23,2,727.7313831130292,0.0
2025-07-15,23,3,774.5254365228265,0.0
2025-07-15,23,4,720.1875077207661,0.0
2025-07-15,23,5,722.6119195049287,0.0
2025-07-15,23,6,718.2949177685795,0.0
2025-07-15,23,7,739.2511527790849,0.0
2025-07-15,23,8,728.9356566337311,0.0
2025-07-15,23,9,742.2614611512475,0.0
2025-07-15,23,10,750.79453813119,0.0
2025-07-15,23,11,738.3399848898786,0.0
2025-07-15,23,12,753.1930274338534,0.0
2025-07-15,23,13,734.840182961554,0.0
2025-07-15,23,14,710.3049149894252,0.0
2025-07-15,23,15,703.7634006068548,0.0
2025-07-15,23,16,688.7775108795524,0.0
2025-07-15,23,17,700.5073224098194,0.0
2025-07-15,23,18,733.7854595397059,0.0
2025-07-15,23,19,712.9626148535599,0.00018333333333333334
2025-07-15,23,20,785.4641842861528,0.0
2025-07-15,23,21,797.9738032331579,0.0
2025-07-15,23,22,728.1365211556741,0.002466666666666667
2025-07-15,23,23,665.2851301911552,0.0
2025-07-15,23,24,699.469372255528,0.0
2025-07-15,23,25,749.614265159982,0.03423333333333333
2025-07-15,23,26,760.7773826684324,0.0
2025-07-15,23,27,731.2713288586943,0.0
2025-07-15,23,28,711.0402946616226,0.7962149778811021
2025-07-15,23,29,699.6111900692716,0.0
2025-07-15,23,30,739.3469161854646,0.0
2025-07-15,23,31,772.6720116472075,12.95157404126315
2025-07-15,23,32,747.9395849880483,38.51780728045018
2025-07-15,23,33,651.993777776274,71.8940254567998
2025-07-15,23,34,674.6817360419327,105.41942771013075
2025-07-15,23,35,747.7780662997777,142.6095434343137
2025-07-15,23,36,856.9817190974688,183.0022943119384
2025-07-15,23,37,837.98092582821,219.22337332921114
2025-07-15,23,38,813.9185476141346,247.5218824507142
2025-07-15,23,39,850.9498794962567,271.9040094916585
2025-07-15,23,40,868.7844216308196,301.50599440953835
2025-07-15,23,41,873.6187660881538,339.70771101743844
2025-07-15,23,42,863.1929596158519,383.48802572257017
2025-07-15,23,43,843.526266571978,429.2741707972572
2025-07-15,23,44,837.8884206888891,483.42545907447317
2025-07-15,23,45,900.1755016802488,537.8861635891271
2025-07-15,23,46,887.049397259588,578.7435588552388
2025-07-15,23,47,904.3090305343802,634.9776283854252
2025-07-15,23,48,1055.5996328121196,698.1411302134336
2025-07-15,23,49,1050.4873377299068,737.4732996769053
2025-07-15,23,50,1069.7582260954096,817.727434805729
2025-07-15,23,51,1099.058518505554,894.9374701921158
2025-07-15,23,52,1085.6848354096091,857.2768260533609
2025-07-15,23,53,1093.963511305346,813.6920456938385
2025-07-15,23,54,1185.8109183823517,835.4495663910502
2025-07-15,23,55,1192.8018709222977,891.0944944432014
2025-07-15,23,56,1173.150162080873,939.4014577019111
2025-07-15,23,57,1138.129224301286,982.5439623140625
2025-07-15,23,58,1169.8447888396895,1045.6737629996
2025-07-15,23,59,1213.4747119879776,1065.2314507008798
2025-07-15,23,60,1222.2318556536502,1051.7105241578545
2025-07-15,23,61,1180.9641329956885,1067.6075241745034
2025-07-15,23,62,1167.1725238620645,1043.378456230827
2025-07-15,23,63,1192.4035649513667,987.9815708124872
2025-07-15,23,64,1149.9337534152705,995.3091675624732
2025-07-15,23,65,1129.7942547875612,1057.7372115399867
2025-07-15,23,66,1158.016258363402,1119.4607410197973
2025-07-15,23,67,1171.6005938528656,1135.1501335911237
2025-07-15,23,68,1164.8947848341522,1167.4017792403888
2025-07-15,23,69,1181.2576258229085,1215.3683610164685
2025-07-15,23,70,1191.8436291446828,1207.3021671634247
2025-07-15,23,71,1178.7426581852837,1169.5619298943202
2025-07-15,23,72,1159.2144766604215,1171.658747698928
2025-07-15,23,73,1158.0096397113484,1253.973008057214
2025-07-15,23,74,1163.8971307728918,1291.160136069104
2025-07-15,23,75,1141.5515010722625,1241.432574940489
2025-07-15,23,76,1117.966289442262,1181.764504510473
2025-07-15,23,77,1153.9137670614518,1160.9606831581439
2025-07-15,23,78,1179.1594718466074,1169.9805739660974
2025-07-15,23,79,1190.0485611252238,1164.7771697821388
2025-07-15,23,80,1162.4505911683216,1177.8926601369637
2025-07-15,23,81,1235.061886246216,1224.9754534946517
2025-07-15,23,82,1253.3481935241734,1278.8898920487927
2025-07-15,23,83,1240.116992921799,1300.4939919156432
2025-07-15,23,84,1220.171674372369,1278.0701427892686
2025-07-15,23,85,1253.7435805199916,1231.1705035573884
2025-07-15,23,86,1224.0854321117977,1188.8635303646506
2025-07-15,23,87,1121.511459645774,1151.7396062759221
2025-07-15,23,88,1090.7763932872826,1106.1098235794468
2025-07-15,23,89,1110.4817927090778,1096.365205189829
2025-07-15,23,90,1161.0010802353481,1106.5938378278922
2025-07-15,23,91,1172.5453169531652,1074.3438465486417
2025-07-15,23,92,1252.1052740909818,1027.580856158319
2025-07-15,23,93,1264.7127851306336,975.8950584103703
2025-07-15,23,94,1129.111022705874,900.1429031384189
2025-07-15,23,95,1116.9978838651255,839.7324115982946
2025-07-15,23,96,1218.85036991576,793.9729622062079
2025-07-15,23,97,1164.2304428042266,728.6636182846361
2025-07-15,23,98,1215.0570749508543,682.3594776853417
2025-07-15,23,99,1274.0199931031134,645.4943300244984
2025-07-15,23,100,1230.7824632745205,565.3281110566421
2025-07-15,23,101,1208.1906858883376,504.07677117569455
2025-07-15,23,102,1169.7236245317154,474.5434086372039
2025-07-15,23,103,1165.821934179069,428.74603723483517
2025-07-15,23,104,1196.0072198848634,369.6073876707145
2025-07-15,23,105,1213.6373532117577,313.50884804423055
2025-07-15,23,106,1229.2988314235363,271.7181700883609
2025-07-15,23,107,1167.5040087658986,228.1103934443505
2025-07-15,23,108,997.3687116523369,179.82368228245673
2025-07-15,23,109,941.955663011267,140.488034805151
2025-07-15,23,110,934.6529605476404,104.35350348876293
2025-07-15,23,111,945.25558770476,68.71599131525086
2025-07-15,23,112,1018.9899261074161,38.04573203807375
2025-07-15,23,113,1008.9203740417013,14.235778035803307
2025-07-15,23,114,1002.6623833169288,0.0
2025-07-15,23,115,1002.3148923800527,0.0
2025-07-15,23,116,1000.8706161678733,0.9276919498432931
2025-07-15,23,117,954.3069772562419,0.0
2025-07-15,23,118,1002.6406362610206,0.0
2025-07-15,23,119,1032.2349349684478,0.042300000000000004
2025-07-15,23,120,994.906199252079,0.0
2025-07-15,23,121,955.2977964131,0.0
2025-07-15,23,122,942.6123475387312,0.0030333333333333336
2025-07-15,23,123,984.7550786323189,0.0
2025-07-15,23,124,990.5073569738255,0.0
2025-07-15,23,125,1008.8868312417871,0.00021666666666666666
2025-07-15,23,126,1057.5013816992582,0.0
2025-07-15,23,127,1086.546595121129,0.0
2025-07-15,23,128,1029.2684043143781,0.0
2025-07-15,23,129,1001.778304040578,0.0
2025-07-15,23,130,1029.1304029425914,0.0
2025-07-15,23,131,898.2746062802879,0.0
2025-07-15,23,132,751.5294495359556,0.0
2025-07-15,23,133,770.0795389891816,0.0
2025-07-15,23,134,782.1345807175961,0.0
2025-07-15,23,135,768.541802008043,0.0
2025-07-15,23,136,771.193881496552,0.0
2025-07-15,23,137,777.6226919107011,0.0
2025-07-15,23,138,758.4589850736895,0.0
2025-07-15,23,139,747.3529290721999,0.0
2025-07-15,23,140,745.5525093821733,0.0
2025-07-15,23,141,743.4771206008647,0.0
2025-07-15,23,142,731.4172218431553,0.0
2025-07-15,23,143,785.5058254734713,0.0
2025-07-15,23,144,808.8179998560053,0.0
2025-07-15,24,1,681.6404346265717,0.0
2025-07-15,24,2,708.7237564780592,0.0
2025-07-15,24,3,768.7041588147831,0.0
2025-07-15,24,4,770.7377462612119,0.0
2025-07-15,24,5,755.7189752578521,0.0
2025-07-15,24,6,697.3378654775992,0.0
2025-07-15,24,7,754.5990350137982,0.0
2025-07-15,24,8,744.6915899360054,0.0
2025-07-15,24,9,723.5262963989728,0.0
2025-07-15,24,10,742.9151514874536,0.0
2025-07-15,24,11,729.7824028116397,0.0
2025-07-15,24,12,704.0062183399862,0.0
2025-07-15,24,13,684.5864490326525,0.0
2025-07-15,24,14,650.3449853654865,0.0
2025-07-15,24,15,642.6102864703212,0.0
2025-07-15,24,16,649.3942699930923,0.0
2025-07-15,24,17,740.8074542961882,0.0
2025-07-15,24,18,814.6780207632282,0.0
2025-07-15,24,19,680.6998694761228,0.0
2025-07-15,24,20,621.3784641982961,0.0
2025-07-15,24,21,641.2854822479196,0.0
2025-07-15,24,22,648.8729247621751,0.0
2025-07-15,24,23,655.7210393553372,0.0
2025-07-15,24,24,652.874630917701,0.0
2025-07-15,24,25,597.7563242877922,0.0
2025-07-15,24,26,605.0116830500194,0.0
2025-07-15,24,27,654.6990111814405,0.0
2025-07-15,24,28,633.3985937411389,0.0
2025-07-15,24,29,653.0240434638154,0.0
2025-07-15,24,30,724.0084443549649,0.0
2025-07-15,24,31,664.7207052374727,5.6535834598316566
2025-07-15,24,32,636.0871386445924,27.753967670952377
2025-07-15,24,33,663.2018578673927,39.855942847591756
2025-07-15,24,34,665.2763287907115,74.71442469572096
2025-07-15,24,35,676.6361347735375,111.67876417001384
2025-07-15,24,36,791.4491905265754,149.54955860797756
2025-07-15,24,37,819.7969538815107,191.4723546696634
2025-07-15,24,38,802.9265310296929,227.57753096119635
2025-07-15,24,39,797.1614202788259,258.278039129479
2025-07-15,24,40,836.1889494687268,299.45003664116757
2025-07-15,24,41,815.6125496867979,320.95706855224114
2025-07-15,24,42,795.903142202119,357.52909750125923
2025-07-15,24,43,841.6299059653314,417.0198574607303
2025-07-15,24,44,850.4193724577277,453.43181801486907
2025-07-15,24,45,817.185293805032,476.60511779022386
2025-07-15,24,46,830.3792376313692,534.8523087153568
2025-07-15,24,47,889.2179884302419,557.3830370346818
2025-07-15,24,48,1032.009804880771,584.913601648306
2025-07-15,24,49,1034.266231476262,621.2722328742402
2025-07-15,24,50,1069.525011791168,693.9439727419003
2025-07-15,24,51,1117.2469341686485,746.3142709837248
2025-07-15,24,52,1095.7928276903635,805.4435940665809
2025-07-15,24,53,1103.045034535399,850.8083938121603
2025-07-15,24,54,1139.795178501212,888.7651569253154
2025-07-15,24,55,1129.395460405895,952.6876804116023
2025-07-15,24,56,1112.2764143103316,1008.9371750922503
2025-07-15,24,57,1112.2785869767633,1029.9054676006833
2025-07-15,24,58,1139.3461013578685,1065.778964580276
2025-07-15,24,59,1151.1291915039628,1092.8989436069492
2025-07-15,24,60,1138.5100680008923,1109.146361151237
2025-07-15,24,61,1168.812861061523,1143.4394999607673
2025-07-15,24,62,1144.6114270609376,1126.3611663795125
2025-07-15,24,63,1078.4483668570983,1118.5838495917465
2025-07-15,24,64,1051.558764356195,1162.6765539169858
2025-07-15,24,65,1045.342031261076,1231.360687045395
2025-07-15,24,66,1057.8597485940593,1267.3217216826433
2025-07-15,24,67,1101.8749203435816,1355.7261459232566
2025-07-15,24,68,1141.7252480535815,1384.652161920391
2025-07-15,24,69,1168.8670869955517,1318.4821167929335
2025-07-15,24,70,1111.6753785027995,1388.213475470672
2025-07-15,24,71,1025.602013317166,1484.8063853196481
2025-07-15,24,72,1005.7238778388228,1580.5679230680437
2025-07-15,24,73,1071.0216744958798,1641.7229477823087
2025-07-15,24,74,1093.6217064327482,1657.896459872194
2025-07-15,24,75,1071.7745635027547,1594.326456502657
2025-07-15,24,76,1107.1414205229712,1520.9612916738643
2025-07-15,24,77,1163.9736550945101,1415.3512723675265
2025-07-15,24,78,1183.4429472977906,1431.3576391658687
2025-07-15,24,79,1130.169026417001,1440.232919792132
2025-07-15,24,80,1081.023376278239,1412.1652616398821
2025-07-15,24,81,1102.5143251120685,1347.7593209902145
2025-07-15,24,82,1146.4848138500934,1334.7931065299422
2025-07-15,24,83,1154.5690835687528,1304.8505358924003
2025-07-15,24,84,1129.020903249975,1225.6376334456772
2025-07-15,24,85,1168.8438072492531,1138.5124361497149
2025-07-15,24,86,1192.7592912545788,1022.1298338393665
2025-07-15,24,87,1193.5503370328374,927.8463699936107
2025-07-15,24,88,1215.4722230200189,962.2698333221109
2025-07-15,24,89,1202.4522867251753,965.7213006094617
2025-07-15,24,90,1151.2519479672483,909.1457768325896
2025-07-15,24,91,1126.0937280706162,878.5220265092015
2025-07-15,24,92,1139.1834560229383,826.0704683558595
2025-07-15,24,93,1150.2103437272792,790.2274160624123
2025-07-15,24,94,1173.9663220898346,728.5559789637659
2025-07-15,24,95,1222.166074559369,655.7978077905294
2025-07-15,24,96,1229.1399499841345,571.0377449858612
2025-07-15,24,97,1169.94103278339,517.359175125964
2025-07-15,24,98,1171.2326281052274,538.7989189862367
2025-07-15,24,99,1226.3772039294213,552.2160304781374
2025-07-15,24,100,1176.0014683216493,472.32074848502583
2025-07-15,24,101,1160.094418859561,405.5776171362945
2025-07-15,24,102,1192.2442122932518,380.56987215548327
2025-07-15,24,103,1231.0404158979125,336.63983238313574
2025-07-15,24,104,1198.2388271441132,301.85629275886777
2025-07-15,24,105,1162.1272974012313,264.030519780409
2025-07-15,24,106,1223.1466890194897,209.5416017932216
2025-07-15,24,107,1155.220503782911,161.95433635727645
2025-07-15,24,108,867.0776242019932,118.07953779862632
2025-07-15,24,109,867.8967001162075,97.04011326988024
2025-07-15,24,110,955.4228369944493,71.69280555866925
2025-07-15,24,111,989.0844646041024,53.18564852693568
2025-07-15,24,112,936.659547199505,38.172471049443054
2025-07-15,24,113,938.943274614417,8.587596892288921
2025-07-15,24,114,1018.9543071855284,0.0
2025-07-15,24,115,923.4800161463727,0.0
2025-07-15,24,116,901.5262740221871,0.0
2025-07-15,24,117,925.5966299737255,0.0
2025-07-15,24,118,955.1023277109281,0.0
2025-07-15,24,119,960.7730650498496,0.0
2025-07-15,24,120,993.6424963168446,0.0
2025-07-15,24,121,949.3318455710897,0.0
2025-07-15,24,122,952.8806067167972,0.0
2025-07-15,24,123,992.0685692250869,0.0
2025-07-15,24,124,1004.5591988820786,0.0
2025-07-15,24,125,945.3169947199564,0.0
2025-07-15,24,126,886.0580326881477,0.0
2025-07-15,24,127,913.6702296129822,0.0
2025-07-15,24,128,967.6627387043422,0.0
2025-07-15,24,129,1000.8111394960366,0.0
2025-07-15,24,130,1006.1164457674224,0.0
2025-07-15,24,131,890.8958196732053,0.0
2025-07-15,24,132,765.4551052622099,0.0
2025-07-15,24,133,705.2164611974047,0.0
2025-07-15,24,134,714.0481572020493,0.0
2025-07-15,24,135,732.4582276837307,0.0
2025-07-15,24,136,739.2505369182452,0.0
2025-07-15,24,137,763.1796118467113,0.0
2025-07-15,24,138,762.7259888102261,0.0
2025-07-15,24,139,779.7075263642058,0.0
2025-07-15,24,140,702.4629677217408,0.0
2025-07-15,24,141,645.7044043260702,0.0
2025-07-15,24,142,690.8958054750824,0.0
2025-07-15,24,143,747.5392636969152,0.0
2025-07-15,24,144,712.1893280632859,0.0
2025-07-15,25,1,796.0899984392574,0.0
2025-07-15,25,2,789.2904477969377,0.0
2025-07-15,25,3,819.5038531246898,0.0
2025-07-15,25,4,789.0961020067031,0.0
2025-07-15,25,5,794.7596868707762,0.0
2025-07-15,25,6,719.7280546862359,0.0
2025-07-15,25,7,751.5877255084483,0.0
2025-07-15,25,8,765.8319343166951,0.0
2025-07-15,25,9,800.0685645570902,0.0
2025-07-15,25,10,852.6841485232744,0.0
2025-07-15,25,11,820.6506573756288,0.0
2025-07-15,25,12,830.4142387743782,0.0
2025-07-15,25,13,800.8760512962259,0.0
2025-07-15,25,14,724.5362497609419,0.0
2025-07-15,25,15,761.3243192548331,0.0
2025-07-15,25,16,816.1859139444497,0.0
2025-07-15,25,17,807.4840398650354,0.0
2025-07-15,25,18,750.1458613065687,0.0
2025-07-15,25,19,739.3191039226232,0.00021666666666666666
2025-07-15,25,20,809.4543022964232,0.0
2025-07-15,25,21,808.4238225180458,0.0
2025-07-15,25,22,764.2466223281965,0.0031333333333333335
2025-07-15,25,23,736.562909850887,0.0
2025-07-15,25,24,709.6389679171016,0.0
2025-07-15,25,25,731.2637333268507,0.0436
2025-07-15,25,26,724.9382662554593,0.0
2025-07-15,25,27,692.6923588323916,0.0
2025-07-15,25,28,739.5687357852905,0.9265483112144354
2025-07-15,25,29,735.7140361998165,0.0
2025-07-15,25,30,701.2036706085769,0.0
2025-07-15,25,31,653.3060672294941,18.220882805422534
2025-07-15,25,32,677.5647953192628,47.65219489926397
2025-07-15,25,33,750.9063555514925,83.92607356742636
2025-07-15,25,34,746.1459203902926,122.85032670720965
2025-07-15,25,35,784.2375730873081,161.09602113613295
2025-07-15,25,36,902.6200717506568,197.9745386072663
2025-07-15,25,37,871.1427953346008,233.9200044959883
2025-07-15,25,38,842.635281438007,268.4030246901124
2025-07-15,25,39,847.477809637795,304.390770586544
2025-07-15,25,40,873.8666376022497,346.2692312140843
2025-07-15,25,41,913.220582999305,388.94134992889883
2025-07-15,25,42,961.0595122416956,430.8776076918068
2025-07-15,25,43,869.8733251419036,474.8969335566761
2025-07-15,25,44,815.7513586506938,515.0127985483625
2025-07-15,25,45,865.0378966447364,546.4662989562021
2025-07-15,25,46,879.2502935911334,573.6306932735225
2025-07-15,25,47,975.2044590492684,625.9279454044331
2025-07-15,25,48,1195.3265031278597,707.760777639874
2025-07-15,25,49,1190.6036343310575,788.2256637978875
2025-07-15,25,50,1226.800153503937,823.9012671610867
2025-07-15,25,51,1234.8111418619346,840.4361596753636
2025-07-15,25,52,1157.1274077722069,903.3793790363458
2025-07-15,25,53,1117.6121888118244,933.0564793991658
2025-07-15,25,54,1154.2606043316407,930.7086368002364
2025-07-15,25,55,1189.346074722088,987.4103215070081
2025-07-15,25,56,1203.844454277049,1046.7476247845218
2025-07-15,25,57,1214.6548959721558,1064.0523331664742
2025-07-15,25,58,1217.5006172738097,1057.5495593691624
2025-07-15,25,59,1226.0685600207917,1090.6021238564674
2025-07-15,25,60,1193.866448459345,1145.7291710015647
2025-07-15,25,61,1182.3602345191907,1144.564072452938
2025-07-15,25,62,1172.5625041018125,1156.3752990265461
2025-07-15,25,63,1172.631285863878,1201.4204676860868
2025-07-15,25,64,1196.2261805711264,1222.9050454340822
2025-07-15,25,65,1222.4825101315855,1212.7743596026548
2025-07-15,25,66,1239.0491403527271,1193.3286364363182
2025-07-15,25,67,1185.0312352335911,1203.3522046645805
2025-07-15,25,68,1133.1805984923158,1279.1526770305777
2025-07-15,25,69,1168.8526031714414,1379.4083621950413
2025-07-15,25,70,1174.7783216216944,1409.8135417166234
2025-07-15,25,71,1141.483060763282,1381.192511593438
2025-07-15,25,72,1106.8346246237384,1369.6978882633803
2025-07-15,25,73,1032.7439191368333,1437.5903986705198
2025-07-15,25,74,1034.9356321484274,1445.6638420191605
2025-07-15,25,75,1132.2023173356931,1378.4442087989585
2025-07-15,25,76,1171.7853846741057,1364.6311358357334
2025-07-15,25,77,1151.4650393431348,1414.5554200560928
2025-07-15,25,78,1152.1806212350464,1471.2051565836969
2025-07-15,25,79,1185.1023424079467,1468.9747549660974
2025-07-15,25,80,1184.054795710973,1447.2878542741714
2025-07-15,25,81,1227.6708281707622,1425.119292676723
2025-07-15,25,82,1248.0719146893266,1377.9294796028355
2025-07-15,25,83,1259.5247764381168,1297.8107629836184
2025-07-15,25,84,1251.1961200124338,1206.727884322906
2025-07-15,25,85,1248.0252169941582,1141.7505439539202
2025-07-15,25,86,1217.8548566597956,1102.4524758699672
2025-07-15,25,87,1235.2587212902072,1074.5416968639706
2025-07-15,25,88,1261.5658221594358,1044.4399504651706
2025-07-15,25,89,1261.83584917171,1022.0524934687328
2025-07-15,25,90,1223.6882292358969,993.0540690765397
2025-07-15,25,91,1207.9096851259435,934.9537188823595
2025-07-15,25,92,1208.9047293582416,899.5312359575066
2025-07-15,25,93,1254.268626770378,867.8771788094557
2025-07-15,25,94,1300.1126868705703,775.5204310182856
2025-07-15,25,95,1258.616124100593,729.792525470875
2025-07-15,25,96,1178.3120865869676,722.9893680515006
2025-07-15,25,97,1260.603540827652,643.5464222278878
2025-07-15,25,98,1260.2240265088208,584.8030846556488
2025-07-15,25,99,1190.6995431025744,575.2319884785373
2025-07-15,25,100,1127.2941401179946,541.4723844595887
2025-07-15,25,101,1172.6760646353935,491.77031585196454
2025-07-15,25,102,1203.8409355084668,442.44892226918887
2025-07-15,25,103,1295.6954090493773,398.6236807816316
2025-07-15,25,104,1289.6376280004718,357.80017824584934
2025-07-15,25,105,1227.7754713151298,314.35495624610763
2025-07-15,25,106,1284.1701008505197,266.2533463714537
2025-07-15,25,107,1262.0812260414998,225.42644254134657
2025-07-15,25,108,973.0717992864206,187.72400501119319
2025-07-15,25,109,944.8487232449655,138.38771672392468
2025-07-15,25,110,973.4422910925847,97.05870714686036
2025-07-15,25,111,994.0236704267454,68.53268571422267
2025-07-15,25,112,1029.0576929179852,38.73369544561034
2025-07-15,25,113,1009.5674079607882,13.99365183770532
2025-07-15,25,114,1006.4693041265933,0.0
2025-07-15,25,115,1002.526158235743,0.0
2025-07-15,25,116,1027.547859611143,0.8537086165099597
2025-07-15,25,117,989.2574193316439,0.0
2025-07-15,25,118,1026.6203224614624,0.0
2025-07-15,25,119,1014.3723903059326,0.03698333333333333
2025-07-15,25,120,1018.0153198530603,0.0
2025-07-15,25,121,1010.5733335828037,0.0
2025-07-15,25,122,1040.6990628871954,0.00265
2025-07-15,25,123,1055.0230182091027,0.0
2025-07-15,25,124,1010.1208417233493,0.0
2025-07-15,25,125,973.8778849588754,0.00018333333333333334
2025-07-15,25,126,1002.3424275561621,0.0
2025-07-15,25,127,1012.3422827373973,0.0
2025-07-15,25,128,1010.4378007735941,0.0
2025-07-15,25,129,1020.4833938978136,0.0
2025-07-15,25,130,1063.0493709436173,0.0
2025-07-15,25,131,962.5823162073124,0.0
2025-07-15,25,132,880.4753912348917,0.0
2025-07-15,25,133,796.9298043011373,0.0
2025-07-15,25,134,807.7260408318482,0.0
2025-07-15,25,135,802.4149721980372,0.0
2025-07-15,25,136,822.4157375245563,0.0
2025-07-15,25,137,801.2860846572491,0.0
2025-07-15,25,138,747.5715939418286,0.0
2025-07-15,25,139,791.468720334273,0.0
2025-07-15,25,140,789.3607371196465,0.0
2025-07-15,25,141,775.9987873572863,0.0
2025-07-15,25,142,773.7329899484671,0.0
2025-07-15,25,143,787.2038050364962,0.0
2025-07-15,25,144,847.4094311294594,0.0
2025-07-15,26,1,790.1310373649274,0.0
2025-07-15,26,2,793.1080777083168,0.0
2025-07-15,26,3,863.1769477835456,0.0
2025-07-15,26,4,844.841777341448,0.0
2025-07-15,26,5,851.7465870436325,0.0
2025-07-15,26,6,833.7464432493728,0.0
2025-07-15,26,7,856.035031672983,0.0
2025-07-15,26,8,800.7768654432552,0.0
2025-07-15,26,9,761.9231339403871,0.0
2025-07-15,26,10,842.136273638245,0.0
2025-07-15,26,11,840.3396425504166,0.0
2025-07-15,26,12,799.0280895669688,0.0
2025-07-15,26,13,859.784793001481,0.0
2025-07-15,26,14,808.5155033460791,0.0
2025-07-15,26,15,736.633309967909,0.0
2025-07-15,26,16,773.6890215309475,0.0
2025-07-15,26,17,821.1385469546881,0.0
2025-07-15,26,18,804.2567041066286,0.0
2025-07-15,26,19,756.2243446289154,0.0002833333333333333
2025-07-15,26,20,796.4266084891273,0.0
2025-07-15,26,21,792.8116153936543,0.0
2025-07-15,26,22,775.3069512310158,0.0039499999999999995
2025-07-15,26,23,711.1719153812189,0.0
2025-07-15,26,24,656.1911568167809,0.0
2025-07-15,26,25,739.3330477366061,0.054966666666666664
2025-07-15,26,26,783.1940463893096,0.0
2025-07-15,26,27,738.9211188590352,0.0
2025-07-15,26,28,728.2786162793662,1.0847983112144353
2025-07-15,26,29,730.9915773878338,0.0
2025-07-15,26,30,778.6517680714974,0.0
2025-07-15,26,31,751.585354740407,17.420524984865846
2025-07-15,26,32,714.7454244668265,49.675917477384445
2025-07-15,26,33,713.7674596357248,87.71804360536436
2025-07-15,26,34,727.5053522505706,121.84960102538952
2025-07-15,26,35,766.0864993468313,167.57112230965748
2025-07-15,26,36,874.5501722425719,219.30868519959395
2025-07-15,26,37,836.6345264519857,255.28809637161325
2025-07-15,26,38,869.8055382951512,297.9277985930153
2025-07-15,26,39,918.174095139134,354.22344243522485
2025-07-15,26,40,939.2454040565225,408.31882351949025
2025-07-15,26,41,896.0364339796549,461.3371354495584
2025-07-15,26,42,898.5783102628134,512.6376795322759
2025-07-15,26,43,910.0103171921544,560.960882162944
2025-07-15,26,44,914.9226556282886,621.2642285215107
2025-07-15,26,45,919.6552394965682,674.1684748472375
2025-07-15,26,46,929.2210159121558,689.6478278310781
2025-07-15,26,47,935.5007624147261,756.7922049013767
2025-07-15,26,48,1141.813091445351,852.3674852215981
2025-07-15,26,49,1195.1591232813344,861.46685674654
2025-07-15,26,50,1221.8678287366943,874.2507872272007
2025-07-15,26,51,1201.9629537563962,913.1695413439822
2025-07-15,26,52,1167.6596293907353,924.3509354562503
2025-07-15,26,53,1156.7325996952786,976.048482090062
2025-07-15,26,54,1184.3809181634176,1064.2880616110033
2025-07-15,26,55,1218.7704422040258,1106.925811263382
2025-07-15,26,56,1206.7736514121846,1154.9062915790046
2025-07-15,26,57,1162.7931871049238,1209.4892076656743
2025-07-15,26,58,1219.6572199516868,1213.7583433118727
2025-07-15,26,59,1247.216730696791,1213.5777658123877
2025-07-15,26,60,1188.1780358600763,1258.962383313123
2025-07-15,26,61,1208.4276712173692,1340.594152583136
2025-07-15,26,62,1210.8520992188667,1328.7336492847696
2025-07-15,26,63,1198.2566993391629,1236.549296956641
2025-07-15,26,64,1205.161771585631,1208.4555833156498
2025-07-15,26,65,1198.027107252847,1208.7200816110426
2025-07-15,26,66,1178.7036604034602,1226.4354432057257
2025-07-15,26,67,1198.0850806394494,1299.8625974676472
2025-07-15,26,68,1201.414707206787,1380.0321607225635
2025-07-15,26,69,1210.2807906676003,1411.7410209959119
2025-07-15,26,70,1216.6091263877001,1385.65042790357
2025-07-15,26,71,1182.8426487729794,1408.5264850954838
2025-07-15,26,72,1155.294650625163,1484.9570537032241
2025-07-15,26,73,1213.4803968043873,1514.1282307189583
2025-07-15,26,74,1224.4648035738921,1522.6609425549525
2025-07-15,26,75,1184.0933699508864,1493.3137364242214
2025-07-15,26,76,1160.5194187375942,1380.2463318609093
2025-07-15,26,77,1197.0620943243398,1325.777038720101
2025-07-15,26,78,1306.1881631593153,1360.5086167006996
2025-07-15,26,79,1298.0150237345904,1377.7927677149657
2025-07-15,26,80,1244.630064521841,1377.8609295145877
2025-07-15,26,81,1247.3554244134793,1362.9051354929254
2025-07-15,26,82,1283.4322996522742,1323.5470899934137
2025-07-15,26,83,1247.3096089141854,1310.3799782239032
2025-07-15,26,84,1203.5589601188408,1323.8983540622926
2025-07-15,26,85,1249.5035940660366,1312.5181756628208
2025-07-15,26,86,1263.7481883381909,1279.9371468238892
2025-07-15,26,87,1222.0223478223354,1239.6685467924533
2025-07-15,26,88,1221.9643682736,1197.190292254253
2025-07-15,26,89,1246.6460074489237,1145.7841565390825
2025-07-15,26,90,1284.9200450795445,1090.1976784437459
2025-07-15,26,91,1340.2391105790875,1047.7031114134766
2025-07-15,26,92,1322.0758383234913,1030.4262117206945
2025-07-15,26,93,1278.0804057824125,1004.7570756685718
2025-07-15,26,94,1277.5114150487148,921.647546371727
2025-07-15,26,95,1285.0165800312914,837.7033837910944
2025-07-15,26,96,1266.9688547602198,784.9397389352217
2025-07-15,26,97,1260.5605088758596,745.5082379048812
2025-07-15,26,98,1286.1948536175298,696.0840334508882
2025-07-15,26,99,1322.9507065461999,632.7432577884808
2025-07-15,26,100,1307.8226644579624,569.4891512677337
2025-07-15,26,101,1314.8102818534494,514.4728214712079
2025-07-15,26,102,1317.4024448170696,464.90619302620667
2025-07-15,26,103,1325.5428803952107,413.5779154262478
2025-07-15,26,104,1296.6248386792777,358.4959115441639
2025-07-15,26,105,1276.1239038645626,309.1286051126936
2025-07-15,26,106,1298.555696795319,278.67207875339375
2025-07-15,26,107,1175.2277862609596,240.21392654210513
2025-07-15,26,108,1000.0407370577362,190.68839302415805
2025-07-15,26,109,896.5131277267706,152.9487792125884
2025-07-15,26,110,964.836004758869,113.36968084543079
2025-07-15,26,111,1081.073259396455,69.86864920190577
2025-07-15,26,112,1103.0885223667715,37.854891109590405
2025-07-15,26,113,984.6060121026832,14.91669922838948
2025-07-15,26,114,994.3072428820224,0.0
2025-07-15,26,115,1011.3794858176325,0.0
2025-07-15,26,116,1040.9175978785704,1.0764752831766264
2025-07-15,26,117,941.8967713611478,0.0
2025-07-15,26,118,1024.3707689345256,0.0
2025-07-15,26,119,1059.4350878928972,0.052983333333333334
2025-07-15,26,120,1122.6907395352055,0.0
2025-07-15,26,121,1062.6344687328587,0.0
2025-07-15,26,122,1021.6836363708413,0.0038
2025-07-15,26,123,1050.6665682880016,0.0
2025-07-15,26,124,1049.9733143595636,0.0
2025-07-15,26,125,1008.0376202109152,0.0002666666666666667
2025-07-15,26,126,993.5258696211259,0.0
2025-07-15,26,127,1030.5721577877066,0.0
2025-07-15,26,128,1032.3510562245656,0.0
2025-07-15,26,129,1033.2130370098325,0.0
2025-07-15,26,130,1110.4214762169954,0.0
2025-07-15,26,131,1002.9447305285786,0.0
2025-07-15,26,132,799.2187314497588,0.0
2025-07-15,26,133,777.6131921934705,0.0
2025-07-15,26,134,899.3356855495492,0.0
2025-07-15,26,135,942.0284339884626,0.0
2025-07-15,26,136,889.0142217543529,0.0
2025-07-15,26,137,828.2951847448227,0.0
2025-07-15,26,138,773.0260604119046,0.0
2025-07-15,26,139,820.0016367683445,0.0
2025-07-15,26,140,813.0554744974468,0.0
2025-07-15,26,141,770.411126871692,0.0
2025-07-15,26,142,772.8403077805604,0.0
2025-07-15,26,143,846.8803638311557,0.0
2025-07-15,26,144,762.296023526311,0.0
2025-07-15,27,1,691.9242880900492,0.0
2025-07-15,27,2,727.7313831130292,0.0
2025-07-15,27,3,774.5254365228265,0.0
2025-07-15,27,4,720.1875077207661,0.0
2025-07-15,27,5,722.6119195049287,0.0
2025-07-15,27,6,718.2949177685795,0.0
2025-07-15,27,7,739.2511527790849,0.0
2025-07-15,27,8,728.9356566337311,0.0
2025-07-15,27,9,742.2614611512475,0.0
2025-07-15,27,10,750.79453813119,0.0
2025-07-15,27,11,738.3399848898786,0.0
2025-07-15,27,12,753.1930274338534,0.0
2025-07-15,27,13,734.840182961554,0.0
2025-07-15,27,14,710.3049149894252,0.0
2025-07-15,27,15,703.7634006068548,0.0
2025-07-15,27,16,688.7775108795524,0.0
2025-07-15,27,17,700.5073224098194,0.0
2025-07-15,27,18,733.7854595397059,0.0
2025-07-15,27,19,712.9626148535599,0.00018333333333333334
2025-07-15,27,20,785.4641842861528,0.0
2025-07-15,27,21,797.9738032331579,0.0
2025-07-15,27,22,728.1365211556741,0.002466666666666667
2025-07-15,27,23,665.2851301911552,0.0
2025-07-15,27,24,699.469372255528,0.0
2025-07-15,27,25,749.614265159982,0.03423333333333333
2025-07-15,27,26,760.7773826684324,0.0
2025-07-15,27,27,731.2713288586943,0.0
2025-07-15,27,28,711.0402946616226,0.7962149778811021
2025-07-15,27,29,699.6111900692716,0.0
2025-07-15,27,30,739.3469161854646,0.0
2025-07-15,27,31,772.6720116472075,12.95157404126315
2025-07-15,27,32,747.9395849880483,38.51780728045018
2025-07-15,27,33,651.993777776274,71.8940254567998
2025-07-15,27,34,674.6817360419327,105.41942771013075
2025-07-15,27,35,747.7780662997777,142.6095434343137
2025-07-15,27,36,856.9817190974688,183.0022943119384
2025-07-15,27,37,837.98092582821,219.22337332921114
2025-07-15,27,38,813.9185476141346,247.5218824507142
2025-07-15,27,39,850.9498794962567,271.9040094916585
2025-07-15,27,40,868.7844216308196,301.50599440953835
2025-07-15,27,41,873.6187660881538,339.70771101743844
2025-07-15,27,42,863.1929596158519,383.48802572257017
2025-07-15,27,43,843.526266571978,429.2741707972572
2025-07-15,27,44,837.8884206888891,483.42545907447317
2025-07-15,27,45,900.1755016802488,537.8861635891271
2025-07-15,27,46,887.049397259588,578.7435588552388
2025-07-15,27,47,904.3090305343802,634.9776283854252
2025-07-15,27,48,1055.5996328121196,698.1411302134336
2025-07-15,27,49,1050.4873377299068,737.4732996769053
2025-07-15,27,50,1069.7582260954096,817.727434805729
2025-07-15,27,51,1099.058518505554,894.9374701921158
2025-07-15,27,52,1085.6848354096091,857.2768260533609
2025-07-15,27,53,1093.963511305346,813.6920456938385
2025-07-15,27,54,1185.8109183823517,835.4495663910502
2025-07-15,27,55,1192.8018709222977,891.0944944432014
2025-07-15,27,56,1173.150162080873,939.4014577019111
2025-07-15,27,57,1138.129224301286,982.5439623140625
2025-07-15,27,58,1169.8447888396895,1045.6737629996
2025-07-15,27,59,1213.4747119879776,1065.2314507008798
2025-07-15,27,60,1222.2318556536502,1051.7105241578545
2025-07-15,27,61,1180.9641329956885,1067.6075241745034
2025-07-15,27,62,1167.1725238620645,1043.378456230827
2025-07-15,27,63,1192.4035649513667,987.9815708124872
2025-07-15,27,64,1149.9337534152705,995.3091675624732
2025-07-15,27,65,1129.7942547875612,1057.7372115399867
2025-07-15,27,66,1158.016258363402,1119.4607410197973
2025-07-15,27,67,1171.6005938528656,1135.1501335911237
2025-07-15,27,68,1164.8947848341522,1167.4017792403888
2025-07-15,27,69,1181.2576258229085,1215.3683610164685
2025-07-15,27,70,1191.8436291446828,1207.3021671634247
2025-07-15,27,71,1178.7426581852837,1169.5619298943202
2025-07-15,27,72,1159.2144766604215,1171.658747698928
2025-07-15,27,73,1158.0096397113484,1253.973008057214
2025-07-15,27,74,1163.8971307728918,1291.160136069104
2025-07-15,27,75,1141.5515010722625,1241.432574940489
2025-07-15,27,76,1117.966289442262,1181.764504510473
2025-07-15,27,77,1153.9137670614518,1160.9606831581439
2025-07-15,27,78,1179.1594718466074,1169.9805739660974
2025-07-15,27,79,1190.0485611252238,1164.7771697821388
2025-07-15,27,80,1162.4505911683216,1177.8926601369637
2025-07-15,27,81,1235.061886246216,1224.9754534946517
2025-07-15,27,82,1253.3481935241734,1278.8898920487927
2025-07-15,27,83,1240.116992921799,1300.4939919156432
2025-07-15,27,84,1220.171674372369,1278.0701427892686
2025-07-15,27,85,1253.7435805199916,1231.1705035573884
2025-07-15,27,86,1224.0854321117977,1188.8635303646506
2025-07-15,27,87,1121.511459645774,1151.7396062759221
2025-07-15,27,88,1090.7763932872826,1106.1098235794468
2025-07-15,27,89,1110.4817927090778,1096.365205189829
2025-07-15,27,90,1161.0010802353481,1106.5938378278922
2025-07-15,27,91,1172.5453169531652,1074.3438465486417
2025-07-15,27,92,1252.1052740909818,1027.580856158319
2025-07-15,27,93,1264.7127851306336,975.8950584103703
2025-07-15,27,94,1129.111022705874,900.1429031384189
2025-07-15,27,95,1116.9978838651255,839.7324115982946
2025-07-15,27,96,1218.85036991576,793.9729622062079
2025-07-15,27,97,1164.2304428042266,728.6636182846361
2025-07-15,27,98,1215.0570749508543,682.3594776853417
2025-07-15,27,99,1274.0199931031134,645.4943300244984
2025-07-15,27,100,1230.7824632745205,565.3281110566421
2025-07-15,27,101,1208.1906858883376,504.07677117569455
2025-07-15,27,102,1169.7236245317154,474.5434086372039
2025-07-15,27,103,1165.821934179069,428.74603723483517
2025-07-15,27,104,1196.0072198848634,369.6073876707145
2025-07-15,27,105,1213.6373532117577,313.50884804423055
2025-07-15,27,106,1229.2988314235363,271.7181700883609
2025-07-15,27,107,1167.5040087658986,228.1103934443505
2025-07-15,27,108,997.3687116523369,179.82368228245673
2025-07-15,27,109,941.955663011267,140.488034805151
2025-07-15,27,110,934.6529605476404,104.35350348876293
2025-07-15,27,111,945.25558770476,68.71599131525086
2025-07-15,27,112,1018.9899261074161,38.04573203807375
2025-07-15,27,113,1008.9203740417013,14.235778035803307
2025-07-15,27,114,1002.6623833169288,0.0
2025-07-15,27,115,1002.3148923800527,0.0
2025-07-15,27,116,1000.8706161678733,0.9276919498432931
2025-07-15,27,117,954.3069772562419,0.0
2025-07-15,27,118,1002.6406362610206,0.0
2025-07-15,27,119,1032.2349349684478,0.042300000000000004
2025-07-15,27,120,994.906199252079,0.0
2025-07-15,27,121,955.2977964131,0.0
2025-07-15,27,122,942.6123475387312,0.0030333333333333336
2025-07-15,27,123,984.7550786323189,0.0
2025-07-15,27,124,990.5073569738255,0.0
2025-07-15,27,125,1008.8868312417871,0.00021666666666666666
2025-07-15,27,126,1057.5013816992582,0.0
2025-07-15,27,127,1086.546595121129,0.0
2025-07-15,27,128,1029.2684043143781,0.0
2025-07-15,27,129,1001.778304040578,0.0
2025-07-15,27,130,1029.1304029425914,0.0
2025-07-15,27,131,898.2746062802879,0.0
2025-07-15,27,132,751.5294495359556,0.0
2025-07-15,27,133,770.0795389891816,0.0
2025-07-15,27,134,782.1345807175961,0.0
2025-07-15,27,135,768.541802008043,0.0
2025-07-15,27,136,771.193881496552,0.0
2025-07-15,27,137,777.6226919107011,0.0
2025-07-15,27,138,758.4589850736895,0.0
2025-07-15,27,139,747.3529290721999,0.0
2025-07-15,27,140,745.5525093821733,0.0
2025-07-15,27,141,743.4771206008647,0.0
2025-07-15,27,142,731.4172218431553,0.0
2025-07-15,27,143,785.5058254734713,0.0
2025-07-15,27,144,808.8179998560053,0.0
2025-07-15,28,1,789.3592885302783,0.0
2025-07-15,28,2,788.7987645279909,0.0
2025-07-15,28,3,801.2499117508678,0.0
2025-07-15,28,4,784.609053654749,0.0
2025-07-15,28,5,785.9411565056306,0.0
2025-07-15,28,6,733.239152015145,0.0
2025-07-15,28,7,791.8339942059808,0.0
2025-07-15,28,8,839.1520315054228,0.0
2025-07-15,28,9,874.9930666318023,0.0
2025-07-15,28,10,862.1041794096467,0.0
2025-07-15,28,11,842.7954653057913,0.0
2025-07-15,28,12,874.9959446184376,0.0
2025-07-15,28,13,834.1476748141529,0.0
2025-07-15,28,14,745.23006229082,0.0
2025-07-15,28,15,702.7275973271261,0.0
2025-07-15,28,16,732.3914487959516,0.0
2025-07-15,28,17,786.0526860941744,0.0
2025-07-15,28,18,816.2562294043505,0.0
2025-07-15,28,19,755.8829498944488,0.0
2025-07-15,28,20,772.8450315579315,0.0
2025-07-15,28,21,781.4856681342558,0.0
2025-07-15,28,22,724.1653748386586,0.0
2025-07-15,28,23,695.2562696883485,0.0
2025-07-15,28,24,710.386860273696,0.0
2025-07-15,28,25,701.8980281924158,0.0
2025-07-15,28,26,705.5797318866388,0.0
2025-07-15,28,27,728.2136944826115,0.0
2025-07-15,28,28,739.1923646868153,0.0
2025-07-15,28,29,735.4688037862891,0.0
2025-07-15,28,30,741.5529006419192,0.0
2025-07-15,28,31,736.450878169859,14.00990606132013
2025-07-15,28,32,740.7933250064257,41.27296911737536
2025-07-15,28,33,722.2070322469729,55.69106407067041
2025-07-15,28,34,697.7950349072598,92.09268801069896
2025-07-15,28,35,785.4181677976985,121.56855880671236
2025-07-15,28,36,919.8906465087492,181.7629181332021
2025-07-15,28,37,879.17710179362,214.93832662496064
2025-07-15,28,38,841.0693443577858,256.32430913783037
2025-07-15,28,39,871.5109728942058,302.75668902070345
2025-07-15,28,40,893.2178299245022,329.75331207510965
2025-07-15,28,41,897.8777786809198,365.12176177236466
2025-07-15,28,42,918.2875124522147,404.4953724797818
2025-07-15,28,43,871.2020620796745,442.86463906686134
2025-07-15,28,44,880.2067609088166,486.47431712187057
2025-07-15,28,45,939.8364589670081,510.1683492668854
2025-07-15,28,46,903.2378896413237,516.8655856062614
2025-07-15,28,47,924.2648093515069,526.964191123486
2025-07-15,28,48,1127.330635135333,530.7743951150923
2025-07-15,28,49,1177.607614529755,570.2722376488472
2025-07-15,28,50,1154.2633121748129,655.8367333748834
2025-07-15,28,51,1126.748208761892,718.2472824458243
2025-07-15,28,52,1125.68208170749,723.6330298065113
2025-07-15,28,53,1138.8769181099171,733.37434047234
2025-07-15,28,54,1155.6352517253297,760.3596556861179
2025-07-15,28,55,1180.1874959205327,799.0745582021827
2025-07-15,28,56,1201.7074712110991,841.5844087909157
2025-07-15,28,57,1208.2531292276738,867.9750932413118
2025-07-15,28,58,1212.385060871789,908.5295729797837
2025-07-15,28,59,1211.6319434453262,885.6570599028853
2025-07-15,28,60,1192.9004405747753,835.8460250923329
2025-07-15,28,61,1201.1652900902188,863.1579018441777
2025-07-15,28,62,1204.6758464245208,946.1634691510816
2025-07-15,28,63,1197.3170779126442,947.8630493144718
2025-07-15,28,64,1177.5877888104915,981.8542053757009
2025-07-15,28,65,1189.2614651312797,1050.240759225459
2025-07-15,28,66,1215.7028214728182,1126.2534785356497
2025-07-15,28,67,1215.4560199571838,1127.8077805328908
2025-07-15,28,68,1172.0174723284529,1158.5746000468052
2025-07-15,28,69,1165.2763818515223,1211.8066567595147
2025-07-15,28,70,1187.0327443488768,1228.0280145501856
2025-07-15,28,71,1161.2933870256966,1243.5174465113605
2025-07-15,28,72,1141.2910074833826,1243.5192520220148
2025-07-15,28,73,1153.9450747006317,1222.4917531557617
2025-07-15,28,74,1164.7628062798337,1211.09777688568
2025-07-15,28,75,1133.3077548095068,1192.726966224152
2025-07-15,28,76,1078.862031044161,1188.6341405611402
2025-07-15,28,77,1091.4677682522315,1215.5153009233402
2025-07-15,28,78,1169.462954604962,1292.3976372588677
2025-07-15,28,79,1199.1293152073279,1211.2246593945295
2025-07-15,28,80,1202.9398795101736,1171.9884034500524
2025-07-15,28,81,1225.4145065851478,1156.4456516096002
2025-07-15,28,82,1215.6835123727687,1129.1604154272536
2025-07-15,28,83,1214.205352127311,1136.288007322641
2025-07-15,28,84,1216.0587391866186,1215.2308342485817
2025-07-15,28,85,1242.966049684254,1184.9656072323073
2025-07-15,28,86,1242.0890030142546,1112.8622828841571
2025-07-15,28,87,1229.8846475221276,1038.8135549737221
2025-07-15,28,88,1266.1096822121845,1017.2866600970004
2025-07-15,28,89,1254.2123785646024,955.1702537085271
2025-07-15,28,90,1235.7148309700474,860.1832434708301
2025-07-15,28,91,1279.4542166217348,880.9367329214007
2025-07-15,28,92,1316.3355998051186,882.4333387981815
2025-07-15,28,93,1299.096217400878,826.0205393243676
2025-07-15,28,94,1312.8736111258017,739.0484488765724
2025-07-15,28,95,1307.0974095259337,712.7509973737688
2025-07-15,28,96,1257.2131538079223,665.5129609826334
2025-07-15,28,97,1261.6464550293715,626.2427755694209
2025-07-15,28,98,1281.316572506145,599.1941767930748
2025-07-15,28,99,1266.520893678627,549.9927014385958
2025-07-15,28,100,1231.0401137346141,497.93087873824305
2025-07-15,28,101,1245.128156230109,455.78058955377514
2025-07-15,28,102,1250.522387540707,408.2896543827801
2025-07-15,28,103,1284.7272780166868,367.77492711757515
2025-07-15,28,104,1301.172329211055,322.1003747235314
2025-07-15,28,105,1326.0125414753177,280.7249134549087
2025-07-15,28,106,1314.2211715316764,259.8934367095769
2025-07-15,28,107,1228.3448677942092,223.36417627861542
2025-07-15,28,108,1030.8025660056715,195.20227069409273
2025-07-15,28,109,997.198812642197,124.61918239900214
2025-07-15,28,110,947.6249580913789,92.33403887568548
2025-07-15,28,111,926.865825654367,65.42402580651095
2025-07-15,28,112,971.8071785867794,38.46132076077839
2025-07-15,28,113,986.0813666332512,14.948482573956802
2025-07-15,28,114,1023.9219263198304,0.0
2025-07-15,28,115,1036.4826840966016,0.0
2025-07-15,28,116,1031.5641725194957,0.0
2025-07-15,28,117,992.1716402102119,0.0
2025-07-15,28,118,1007.7864623781088,0.0
2025-07-15,28,119,961.6067200165876,0.0
2025-07-15,28,120,948.712113232948,0.0
2025-07-15,28,121,994.5821509478712,0.0
2025-07-15,28,122,1033.5252028386699,0.0
2025-07-15,28,123,1005.3600073224666,0.0
2025-07-15,28,124,1048.0680642501975,0.0
2025-07-15,28,125,1043.0926404248444,0.0
2025-07-15,28,126,1016.3744603924794,0.0
2025-07-15,28,127,1050.8107175383718,0.0
2025-07-15,28,128,1052.6738731240482,0.0
2025-07-15,28,129,1013.3754273918554,0.0
2025-07-15,28,130,1047.5254532505355,0.0
2025-07-15,28,131,936.887568482946,0.0
2025-07-15,28,132,763.0449083796242,0.0
2025-07-15,28,133,805.4518052172906,0.0
2025-07-15,28,134,847.0617741375881,0.0
2025-07-15,28,135,786.1996777420266,0.0
2025-07-15,28,136,802.1214345928154,0.0
2025-07-15,28,137,836.150922556113,0.0
2025-07-15,28,138,783.2596542835056,0.0
2025-07-15,28,139,785.7433959381952,0.0
2025-07-15,28,140,818.2943775668003,0.0
2025-07-15,28,141,836.6802562263224,0.0
2025-07-15,28,142,765.9920420720629,0.0
2025-07-15,28,143,769.4502373709336,0.0
2025-07-15,28,144,838.9745444856836,0.0
2025-07-15,29,1,840.9833816987875,0.0
2025-07-15,29,2,887.1410425246768,0.0
2025-07-15,29,3,846.9883658134175,0.0
2025-07-15,29,4,782.0561304193209,0.0
2025-07-15,29,5,782.8563963998993,0.0
2025-07-15,29,6,729.9040044891958,0.0
2025-07-15,29,7,719.4226864891624,0.0
2025-07-15,29,8,724.1440379656498,0.0
2025-07-15,29,9,771.2748648199472,0.0
2025-07-15,29,10,750.5408498244681,0.0
2025-07-15,29,11,776.4817002883399,0.0
2025-07-15,29,12,809.7969288919753,0.0
2025-07-15,29,13,812.0464431399697,0.0
2025-07-15,29,14,776.5965367560846,0.0
2025-07-15,29,15,759.4482065590748,0.0
2025-07-15,29,16,764.556719910287,0.0
2025-07-15,29,17,766.9217847842797,0.0
2025-07-15,29,18,765.1688738019786,0.0
2025-07-15,29,19,746.6919606734048,0.00019999999999999998
2025-07-15,29,20,757.4936483772357,0.0
2025-07-15,29,21,715.2390217212692,0.0
2025-07-15,29,22,722.2755906238433,0.0028833333333333332
2025-07-15,29,23,753.4875997101867,0.0
2025-07-15,29,24,753.7535421630819,0.0
2025-07-15,29,25,705.2665287015934,0.0402
2025-07-15,29,26,697.384923078079,0.0
2025-07-15,29,27,739.8870850253297,0.0
2025-07-15,29,28,763.4588328882588,0.8792316445477687
2025-07-15,29,29,763.9683136531827,0.0
2025-07-15,29,30,766.0290290875237,0.78125
2025-07-15,29,31,724.6765620710678,15.781069931414969
2025-07-15,29,32,701.550796979788,43.88651124647136
2025-07-15,29,33,714.208262401799,78.98326517673185
2025-07-15,29,34,743.5919530754511,109.9343496267481
2025-07-15,29,35,753.6595720140664,145.77227850114897
2025-07-15,29,36,871.8482311069072,184.42323972446508
2025-07-15,29,37,864.0508909173691,212.87830040493293
2025-07-15,29,38,829.9560052026357,243.3062194584327
2025-07-15,29,39,830.4907885962658,292.4816509931223
2025-07-15,29,40,862.8371683936716,360.6432052829712
2025-07-15,29,41,894.9069896845958,408.38235567061975
2025-07-15,29,42,871.0843598446501,442.47111513023776
2025-07-15,29,43,913.3055036144873,500.15020581980104
2025-07-15,29,44,919.8457496554776,547.1156280405867
2025-07-15,29,45,891.5595598894797,573.8503250348265
2025-07-15,29,46,854.1303696096687,610.996213471504
2025-07-15,29,47,916.6469019892172,642.8060529062365
2025-07-15,29,48,1122.1983362646447,669.2039147127359
2025-07-15,29,49,1154.2794947198925,713.6845660492494
2025-07-15,29,50,1136.1121425503416,794.1530395415203
2025-07-15,29,51,1111.9165306803095,876.7144149125081
2025-07-15,29,52,1074.2118057537773,907.8860433989926
2025-07-15,29,53,1075.2920007114153,950.2310825397633
2025-07-15,29,54,1141.566225091351,1007.7866444159238
2025-07-15,29,55,1142.739117273114,1014.7823585247745
2025-07-15,29,56,1154.9416437851164,1025.2711352557671
2025-07-15,29,57,1183.4846840414289,1067.0878339751239
2025-07-15,29,58,1171.9783345004757,1110.511313985989
2025-07-15,29,59,1180.9141838738674,1175.7261051471346
2025-07-15,29,60,1208.6719874296114,1246.5750321258683
2025-07-15,29,61,1200.8448787764607,1274.979462938631
2025-07-15,29,62,1176.501239485654,1313.5103561529047
2025-07-15,29,63,1169.6761725184633,1367.2100578473146
2025-07-15,29,64,1152.5526825893546,1391.1319489047514
2025-07-15,29,65,1154.4314845566275,1442.9423504957094
2025-07-15,29,66,1172.0021178347624,1514.8149475084076
2025-07-15,29,67,1174.8887993339354,1534.8496465023609
2025-07-15,29,68,1129.7823281381213,1533.332878790479
2025-07-15,29,69,1109.1598150954133,1514.4385019100869
2025-07-15,29,70,1153.9478469479768,1469.5294788842155
2025-07-15,29,71,1156.5110908447969,1486.5557198578822
2025-07-15,29,72,1117.8214946569015,1547.816527660102
2025-07-15,29,73,1115.6797907783061,1534.5702713235314
2025-07-15,29,74,1139.653469938783,1465.7422596668891
2025-07-15,29,75,1153.723096953667,1393.6940820352977
2025-07-15,29,76,1124.9462423857208,1358.8285750273953
2025-07-15,29,77,1086.9721155167024,1364.6301763232682
2025-07-15,29,78,1127.2670541325256,1395.5181948282393
2025-07-15,29,79,1204.4227299684144,1417.426925084045
2025-07-15,29,80,1229.1088965751396,1354.6535180278727
2025-07-15,29,81,1183.0379697670744,1280.7598504931852
2025-07-15,29,82,1183.563437795252,1344.9292499522876
2025-07-15,29,83,1211.9633054338433,1360.4643773015507
2025-07-15,29,84,1217.6923183342103,1288.8497810661129
2025-07-15,29,85,1236.4056234023774,1274.2827605993423
2025-07-15,29,86,1255.538506967293,1251.561911723357
2025-07-15,29,87,1274.5098564723367,1194.4708204634003
2025-07-15,29,88,1217.8815404573766,1149.9286330848304
2025-07-15,29,89,1221.2409085626314,1106.5424502011706
2025-07-15,29,90,1265.6312006471903,1049.1845653770656
2025-07-15,29,91,1242.0478575005382,971.3663164983113
2025-07-15,29,92,1236.026379762452,906.4527642571281
2025-07-15,29,93,1243.5318059992624,853.1607923055441
2025-07-15,29,94,1255.5727864712871,795.983905401618
2025-07-15,29,95,1257.4706708191898,761.4183880231285
2025-07-15,29,96,1223.2975152403274,745.0852200038934
2025-07-15,29,97,1279.9488887439875,712.0601508539008
2025-07-15,29,98,1296.4153097801693,667.2868479363138
2025-07-15,29,99,1263.336448279469,614.468418537175
2025-07-15,29,100,1236.4290202268141,544.5267691505285
2025-07-15,29,101,1251.2952575985041,493.5594484707562
2025-07-15,29,102,1250.210831626845,458.1200966794681
2025-07-15,29,103,1255.4828771271054,398.39249221775026
2025-07-15,29,104,1241.7882431732642,344.5153949649856
2025-07-15,29,105,1184.27193720681,303.3345399350761
2025-07-15,29,106,1213.8289298922587,251.05587149555544
2025-07-15,29,107,1203.6123490337259,209.47544361838968
2025-07-15,29,108,983.3438289768686,181.59396464363908
2025-07-15,29,109,917.2325045065156,147.9899349167511
2025-07-15,29,110,952.4464943745295,116.0694956900288
2025-07-15,29,111,1045.256572622407,85.65991668804446
2025-07-15,29,112,1037.2526064316044,49.64555644924615
2025-07-15,29,113,995.5367769701802,18.94704434630506
2025-07-15,29,114,1047.881502302212,0.8125
2025-07-15,29,115,1030.9907450812339,0.0
2025-07-15,29,116,1016.3151270644015,0.9460252831766264
2025-07-15,29,117,969.124585081814,0.0
2025-07-15,29,118,1019.4035245928361,0.0
2025-07-15,29,119,1051.262001256608,0.043616666666666665
2025-07-15,29,120,1068.4192486401012,0.0
2025-07-15,29,121,1015.6166782024641,0.0
2025-07-15,29,122,1005.3949508770253,0.0031333333333333335
2025-07-15,29,123,1038.3235169341096,0.0
2025-07-15,29,124,1025.5631861897418,0.0
2025-07-15,29,125,977.4374785693766,0.00021666666666666666
2025-07-15,29,126,931.6525282308738,0.0
2025-07-15,29,127,955.2796673232447,0.0
2025-07-15,29,128,996.3460772251663,0.0
2025-07-15,29,129,1063.412076404906,0.0
2025-07-15,29,130,1082.3366535825958,0.0
2025-07-15,29,131,907.8586283970752,0.0
2025-07-15,29,132,749.9876393475522,0.0
2025-07-15,29,133,775.5612005769319,0.0
2025-07-15,29,134,811.3096990688985,0.0
2025-07-15,29,135,775.2788298368223,0.0
2025-07-15,29,136,808.6007419696268,0.0
2025-07-15,29,137,813.1374007206182,0.0
2025-07-15,29,138,750.6508151381124,0.0
2025-07-15,29,139,836.0990137977814,0.0
2025-07-15,29,140,806.9868252936506,0.0
2025-07-15,29,141,713.4133943169452,0.0
2025-07-15,29,142,755.5630451812067,0.0
2025-07-15,29,143,801.3778988566467,0.0
2025-07-15,29,144,771.2678774616347,0.0
2025-07-15,30,1,775.3007684645535,0.0
2025-07-15,30,2,795.797675445293,0.0
2025-07-15,30,3,835.5693316396685,0.0
2025-07-15,30,4,795.768680351187,0.0
2025-07-15,30,5,796.6502082310761,0.0
2025-07-15,30,6,788.122891145728,0.0
2025-07-15,30,7,822.8459342390213,0.0
2025-07-15,30,8,782.135489008249,0.0
2025-07-15,30,9,777.4331941278476,0.0
2025-07-15,30,10,838.0636153672733,0.0
2025-07-15,30,11,799.7869703348802,0.0
2025-07-15,30,12,740.4932494020724,0.0
2025-07-15,30,13,818.1882643279266,0.0
2025-07-15,30,14,784.7263592104349,0.0
2025-07-15,30,15,693.8839948488699,0.0
2025-07-15,30,16,753.2287209038287,0.0
2025-07-15,30,17,812.7082895883898,0.0
2025-07-15,30,18,788.1327274902703,0.0
2025-07-15,30,19,748.7439878191115,0.0
2025-07-15,30,20,770.8083953204687,0.0
2025-07-15,30,21,754.5037659503118,0.0
2025-07-15,30,22,720.0991873045884,0.0
2025-07-15,30,23,763.5570350818805,0.0
2025-07-15,30,24,828.4667164767163,0.0
2025-07-15,30,25,745.8298085125055,0.0
2025-07-15,30,26,702.4914361021326,0.0
2025-07-15,30,27,752.9542753270002,0.0
2025-07-15,30,28,777.9601743464456,0.0
2025-07-15,30,29,748.6643377789161,0.0
2025-07-15,30,30,730.8237174819138,0.0
2025-07-15,30,31,731.3764439526242,19.558542623247487
2025-07-15,30,32,735.1610657470376,42.724326574894405
2025-07-15,30,33,714.0015572319202,82.55297468003495
2025-07-15,30,34,715.9692579828968,112.17838465726821
2025-07-15,30,35,753.5947217864162,144.96021442493856
2025-07-15,30,36,881.6388315501063,169.5842433725672
2025-07-15,30,37,902.5560181097317,219.17273522950651
2025-07-15,30,38,872.0403442992368,253.6980595041565
2025-07-15,30,39,844.316271283838,274.1511914968823
2025-07-15,30,40,851.287517645246,318.8270999786261
2025-07-15,30,41,859.590641396991,403.0941720298369
2025-07-15,30,42,896.7038085422595,477.1197446753746
2025-07-15,30,43,920.6195515700933,553.3583267293186
2025-07-15,30,44,907.4824898844424,609.2902561095784
2025-07-15,30,45,865.5730807933497,628.9483039634206
2025-07-15,30,46,828.7841867345871,674.9905690684243
2025-07-15,30,47,927.6954968803019,706.7638156381637
2025-07-15,30,48,1188.0961688743757,716.7664374871823
2025-07-15,30,49,1216.558513563992,727.7944204432016
2025-07-15,30,50,1162.0643629789854,778.0600748952455
2025-07-15,30,51,1119.2530880153392,824.1789444385018
2025-07-15,30,52,1145.1086654013916,883.9894776003061
2025-07-15,30,53,1169.2763279742753,937.3612603384237
2025-07-15,30,54,1155.0405770736652,949.9044829350753
2025-07-15,30,55,1158.6189026996851,932.8676810906378
2025-07-15,30,56,1200.878512479544,956.1486482799402
2025-07-15,30,57,1206.6295398976363,1020.6430043172973
2025-07-15,30,58,1124.8054700398366,1100.1796351663975
2025-07-15,30,59,1150.5342902952416,1059.642792900573
2025-07-15,30,60,1256.4658815432088,1044.2602829476273
2025-07-15,30,61,1262.859271604075,1097.532069087607
2025-07-15,30,62,1224.099823822407,1138.5138265987803
2025-07-15,30,63,1216.8875614466656,1169.5117948644343
2025-07-15,30,64,1223.099807104028,1169.846088241196
2025-07-15,30,65,1241.2828818347052,1211.2547537332334
2025-07-15,30,66,1238.9797708033739,1280.052166307354
2025-07-15,30,67,1171.9859516563022,1228.1924767083408
2025-07-15,30,68,1150.8367945945547,1275.614832686219
2025-07-15,30,69,1218.877946004635,1351.020473884195
2025-07-15,30,70,1222.3189890593337,1397.601549651986
2025-07-15,30,71,1180.7139987193966,1404.320412708884
2025-07-15,30,72,1158.21552328723,1394.1476550068562
2025-07-15,30,73,1158.817362513923,1408.2205731039273
2025-07-15,30,74,1134.5324314801383,1323.6502863798205
2025-07-15,30,75,1103.6780443407383,1208.9182519398037
2025-07-15,30,76,1124.4153095894671,1178.035023331669
2025-07-15,30,77,1196.323984341178,1186.2013770058345
2025-07-15,30,78,1254.4624569832524,1144.4453518392008
2025-07-15,30,79,1219.6544072504196,1127.8559045665677
2025-07-15,30,80,1221.33767012499,1119.2214937026863
2025-07-15,30,81,1280.6434019273065,1102.6010883048084
2025-07-15,30,82,1250.768477305671,1054.6419853762216
2025-07-15,30,83,1239.0101967722687,1021.130215900632
2025-07-15,30,84,1261.7836953590709,983.6690683581597
2025-07-15,30,85,1273.5458720221743,985.6259666843049
2025-07-15,30,86,1287.6315969155964,994.9765718410439
2025-07-15,30,87,1323.9512098639843,944.5567651089856
2025-07-15,30,88,1347.022726060434,860.8596418282897
2025-07-15,30,89,1311.2632036054667,860.4277114789119
2025-07-15,30,90,1231.4522485719383,865.1647589520937
2025-07-15,30,91,1188.4097036253468,831.5252919410938
2025-07-15,30,92,1261.8740014658108,768.5568942425597
2025-07-15,30,93,1320.4052406023202,741.7862578608626
2025-07-15,30,94,1224.6686003671064,705.3946202984473
2025-07-15,30,95,1260.6437504194364,667.0362194978188
2025-07-15,30,96,1384.548100631139,621.657522088601
2025-07-15,30,97,1305.812747073776,586.2272390326036
2025-07-15,30,98,1202.5206131638524,581.0271047522997
2025-07-15,30,99,1219.5083851235402,536.5671403727688
2025-07-15,30,100,1287.1322019391407,477.7271594309152
2025-07-15,30,101,1322.4499998429362,402.5184022323594
2025-07-15,30,102,1286.4243706138639,366.8105481247413
2025-07-15,30,103,1296.7789267888077,340.5587346612338
2025-07-15,30,104,1283.4539531876328,301.9085337612237
2025-07-15,30,105,1270.2240383998876,259.8854978003808
2025-07-15,30,106,1326.7011569442654,234.70492212369192
2025-07-15,30,107,1293.7680819068707,192.70306435745658
2025-07-15,30,108,1036.659533694682,153.75361577213786
2025-07-15,30,109,957.4536752660946,123.0248693653001
2025-07-15,30,110,984.6444738063128,85.98013738301451
2025-07-15,30,111,1040.8651891211985,63.52116590414518
2025-07-15,30,112,1026.9617818977588,33.94517510097787
2025-07-15,30,113,1025.1419998166034,21.493765712872634
2025-07-15,30,114,1086.9453759759153,0.0
2025-07-15,30,115,1031.6312709341823,0.0
2025-07-15,30,116,1017.893226289351,1.0534419498432932
2025-07-15,30,117,1023.5379804768468,0.0
2025-07-15,30,118,1094.7243739740295,0.0
2025-07-15,30,119,1060.8034566551564,0.05131666666666667
2025-07-15,30,120,1017.828512541234,0.0
2025-07-15,30,121,1056.5360769614683,0.0
2025-07-15,30,122,1115.582778866865,0.0036833333333333336
2025-07-15,30,123,1104.1114899820632,0.0
2025-07-15,30,124,1077.8103353097931,0.0
2025-07-15,30,125,1060.0411768629192,0.0002666666666666667
2025-07-15,30,126,1059.665886347103,0.0
2025-07-15,30,127,1040.236038425764,0.0
2025-07-15,30,128,1031.747926934198,0.0
2025-07-15,30,129,1039.039072213665,0.0
2025-07-15,30,130,1027.7168113557177,0.0
2025-07-15,30,131,923.8777057327683,0.0
2025-07-15,30,132,855.4626898127074,0.0
2025-07-15,30,133,873.9946140990587,0.0
2025-07-15,30,134,885.7570009971299,0.0
2025-07-15,30,135,849.9564855768762,0.0
2025-07-15,30,136,849.4899261840559,0.0
2025-07-15,30,137,867.0258148695003,0.0
2025-07-15,30,138,811.0463636009049,0.0
2025-07-15,30,139,760.4520848660281,0.0
2025-07-15,30,140,773.7913845467461,0.0
2025-07-15,30,141,857.5316762726407,0.0
2025-07-15,30,142,804.8393042869892,0.0
2025-07-15,30,143,815.2218085579136,0.0
2025-07-15,30,144,846.8845880560453,0.0
