day_index,date,s0,E_C,CVaR,cost_plan,cost_emergency,cost_total,emergency_rate,unextracted_ratio,curtailment_rate,soc_violate_count,residual_blocks,emergency_kwh,load_kwh,curtail_kwh,unextracted_kwh,final_soc,settlement_method,primary_emergency_cost,secondary_status,emergency_cost_gap,cost_tolerance,dev_c,dev_r,spill_kwh
31,2025-02-01,6000.000000000028,26012.975324837535,26740.411505538,25109.344233242107,471.6092843670246,25580.95351760913,0.0014443688309292457,0.0995166875616567,0.10663111417833691,0,30,110.21286159327309,76305.20628333333,4470.725960409447,4831.364673784851,6000.000000000024,causal_sequential_exact_plan,471.6092843670246,0,0.0,0.0,0.0,0.0,1044.666666053655
32,2025-02-02,6000.000000000024,71939.62666616778,164961.29168474194,61603.88610854845,130.4478645698289,61734.33397311828,0.00022930033552881208,0.09484052231036033,0.07609873374986091,0,30,27.907220364505427,121705.97265000001,3298.856875113057,9131.337436666356,6000.000000000025,causal_sequential_exact_plan,130.4478645698289,0,0.0,0.0,0.0,0.0,645.7377997050002
33,2025-02-03,6000.000000000025,64473.708102402954,115915.50180589003,58241.29024716374,154.70567684601053,58395.99592400975,0.0003309146034388579,0.05393502108867219,0.048438144807200066,0,30,40.571377598744334,122603.769,2053.14049931643,4973.243912891474,6000.000000000025,causal_sequential_exact_plan,154.70567684601053,0,0.0,0.0,0.0,0.0,287.0018089060262
34,2025-02-04,6000.000000000025,63057.26358037195,113387.19468993563,56997.397260066675,2515.5898874000272,59512.9871474667,0.0057299752796668895,0.047780491692035375,0.012824509423754444,0,30,696.6395009593974,121578.09885,517.8951765367394,4323.132639157808,6000.000000000025,causal_sequential_exact_plan,2515.5898874000272,0,0.0,0.0,0.0,0.0,445.1383289923807
35,2025-02-05,6000.000000000025,60630.783986575,61935.78561566597,59217.33164238684,1168.5864238938134,60385.918066280654,0.0026881129113348295,0.06483316812625482,0.04778347963124797,0,30,327.9258091329807,121991.08443333334,1970.7176822006122,6052.801456986948,6000.000000000025,causal_sequential_exact_plan,1168.5864238938134,0,0.0,0.0,0.0,0.0,138.14109951781904
36,2025-02-06,6000.000000000025,58930.455076713726,60656.56157212067,57616.084503800215,842.9910661130132,58459.07556991323,0.0016133566601374742,0.04694063093384989,0.04313396252465755,0,30,197.2363409082551,122252.1627,1810.811430661796,4281.457880773651,6000.000000000026,causal_sequential_exact_plan,842.9910661130132,0,0.0,0.0,0.0,0.0,325.63896898655764
37,2025-02-07,6000.000000000026,24887.620161093433,25721.191248241626,23834.223150717706,298.18588416475484,24132.40903488246,0.0007604085669759229,0.09433004419244431,0.11849106847587525,0,30,57.91925364264267,76168.59693333333,5256.609467634189,4331.612273384,6000.000000000026,causal_sequential_exact_plan,298.18588416475484,0,0.0,0.0,0.0,0.0,738.1857201748746
38,2025-02-08,6000.000000000026,21323.994443327396,22478.076621397853,20420.709288414255,2030.9776328740488,22451.686921288303,0.008251984415078602,0.03326945626903561,0.06298576953368168,0,30,625.0613100798038,75746.78751666666,2782.057808041991,1304.9431738905305,6000.000000000027,causal_sequential_exact_plan,2030.9776328740488,0,0.0,0.0,0.0,0.0,508.52686650655687
39,2025-02-09,6000.000000000027,56273.958949743326,57318.88892793559,54831.057434942544,2606.318790621005,57437.37622556355,0.006477165741131742,0.029286349169478358,0.030870796746083517,0,30,787.285916888398,121547.90356666666,1296.3415495620325,2561.3773469395455,6000.000000000032,causal_sequential_exact_plan,2606.318790621005,0,0.0,0.0,0.0,0.0,130.9449973529055
40,2025-02-10,6000.000000000032,57012.5853184439,58661.10028154389,55718.19315191514,528.1278876105652,56246.321039525705,0.0012910473274736634,0.06413925727275645,0.07847116858173621,0,30,156.83328501725202,121477.56451666667,3699.988336170726,5682.05612232113,6000.0000000000355,causal_sequential_exact_plan,528.1278876105652,0,0.0,0.0,0.0,0.0,325.86718350307024
41,2025-02-11,6000.0000000000355,55324.59644816564,56739.33997706686,54113.79735379798,640.2734149246228,54754.0707687226,0.0011500452587227602,0.05770548921139535,0.04220608264772828,0,30,139.662970136463,121441.28161666667,1950.7940293381387,5006.714761120307,6000.000000000039,causal_sequential_exact_plan,640.2734149246228,0,0.0,0.0,0.0,0.0,103.1982565608422
42,2025-02-12,6000.000000000039,52525.44085443256,54360.03792214893,51222.3152517681,3875.5824863726566,55097.89773814076,0.007977601406507098,0.03119070762707242,0.017080151553262472,0,30,968.1924434612006,121363.85288333334,787.345740258434,2569.1633283450906,6000.00000000004,causal_sequential_exact_plan,3875.5824863726566,0,0.0,0.0,0.0,0.0,234.347590181241
43,2025-02-13,6000.00000000004,54032.57987499343,55403.15047911529,52669.6392491171,874.8952170085638,53544.53446612566,0.0023709764474653997,0.06479200606732012,0.06341459072709602,0,30,287.6238255275621,121310.28371666667,3169.5122742614167,5468.035813163886,6000.000000000042,causal_sequential_exact_plan,874.8952170085638,0,0.0,0.0,0.0,0.0,211.2151376591611
44,2025-02-14,6000.000000000042,20178.910224063744,20719.28980844739,19498.666704253865,5501.625456537167,25000.292160791032,0.020500365011681405,0.03923935695168847,0.07695555768019763,0,30,1555.4167723741507,75872.63794999999,3545.4068874336663,1464.7275172013315,6000.000000000041,causal_sequential_exact_plan,5501.625456537167,0,0.0,0.0,0.0,0.0,508.7090053668604
45,2025-02-15,6000.000000000041,20008.082699693157,20586.48589219974,19323.121071184156,2262.1090346715073,21585.230105855662,0.008831933171678666,0.025990799635713564,0.07464713088385114,0,30,671.7087228739434,76054.55225000001,3491.57932348566,962.182040000444,6000.000000000039,causal_sequential_exact_plan,2262.1090346715073,0,0.0,0.0,0.0,0.0,398.34963121028306
46,2025-02-16,6000.000000000039,52625.25606766133,55740.20753178355,51011.401221004744,4134.798020901381,55146.19924190613,0.008581492058924068,0.03036591159773417,0.020851376558034818,0,30,1040.7374174872396,121276.97728333333,957.0698055831742,2498.864855773407,6000.000000000041,causal_sequential_exact_plan,4134.798020901381,0,0.0,0.0,0.0,0.0,72.38483767967068
47,2025-02-17,6000.000000000041,53194.69614339367,54996.40723078387,51739.292050620235,705.4463805344512,52444.738431154685,0.0013900951881299914,0.05868926632890878,0.06253765033581153,0,30,168.14643220685815,120960.37281666667,3112.9059554288488,4903.263074302395,6000.000000000045,causal_sequential_exact_plan,705.4463805344512,0,0.0,0.0,0.0,0.0,111.96738727427294
48,2025-02-18,6000.000000000045,51561.60594250405,54149.689622578866,50198.3075966383,2392.0675530885756,52590.375149726875,0.004430125044906452,0.044547768970185954,0.0327761214208001,0,30,537.5127034211278,121331.27123333333,1613.8923987032456,3626.1886019147787,6000.000000000045,causal_sequential_exact_plan,2392.0675530885756,0,0.0,0.0,0.0,0.0,204.38191614869902
49,2025-02-19,6000.000000000045,52224.86108465295,53924.76471198526,50937.4050417407,2637.970851533877,53575.37589327458,0.005240341820892112,0.06023307190750108,0.015336638973843596,0,30,638.6236577876173,121866.79411666669,751.3030915323067,4970.583954099826,6000.000000000052,causal_sequential_exact_plan,2637.970851533877,0,0.0,0.0,0.0,0.0,158.2471711362124
50,2025-02-20,6000.000000000052,52815.59626412208,55281.559685742715,51377.39016794134,1169.342857004819,52546.73302494616,0.0020657788369195683,0.06128257503150041,0.047841109938825475,0,30,250.17667701916469,121105.25703333333,2397.419600063278,5078.099267758069,6000.000000000054,causal_sequential_exact_plan,1169.342857004819,0,0.0,0.0,0.0,0.0,243.53056829450475
51,2025-02-21,6000.000000000054,20078.022415264517,21552.68346937572,19233.61235833919,673.8514450264057,19907.463803365594,0.0025842575327421993,0.04329650668173631,0.1107763471393755,0,30,195.89189475158116,75802.00203333332,5565.596431126247,1603.6437236889728,6000.000000000054,causal_sequential_exact_plan,673.8514450264057,0,0.0,0.0,0.0,0.0,960.9741107731694
52,2025-02-22,6000.000000000054,19476.30421701346,20038.995141597272,18787.71137549945,1525.089619993434,20312.800995492886,0.00630816458043407,0.03245582643497108,0.07772255473480699,0,30,477.416040034417,75682.24226666667,3718.051109746326,1175.762638237715,6000.000000000055,causal_sequential_exact_plan,1525.089619993434,0,0.0,0.0,0.0,0.0,483.528870662223
53,2025-02-23,6000.000000000055,52900.547447120334,55656.639444523884,51444.81669020718,958.7697036772491,52403.586393884434,0.0025891279655514883,0.049718250158074705,0.05802922813346396,0,30,313.652504897273,121142.14093333333,2878.8466765969283,4117.342139584281,6000.000000000055,causal_sequential_exact_plan,958.7697036772491,0,0.0,0.0,0.0,0.0,165.04085687842212
54,2025-02-24,6000.000000000055,49978.872723735454,52485.721605371305,48426.652136357996,2226.772087333351,50653.42422369135,0.004140776677666253,0.042357076076097254,0.0599399219463594,0,30,499.4977024383095,120628.98855000001,3142.4076466673555,3337.4402271775325,6000.000000000055,causal_sequential_exact_plan,2226.772087333351,0,0.0,0.0,0.0,0.0,207.92905077655075
55,2025-02-25,6000.000000000055,49634.91716462052,52137.93265797035,48190.16647012104,1058.4363416589001,49248.602811779936,0.0023658935872332494,0.05181069367736704,0.07335666882823778,0,30,286.4939397253795,121093.33288333334,4054.570507366213,4056.4645064102315,6000.000000000071,causal_sequential_exact_plan,1058.4363416589001,0,0.0,0.0,0.0,0.0,224.4382558949893
56,2025-02-26,6000.000000000071,47767.124430170916,48963.52406774471,46714.53384084094,3198.9772024679464,49913.511043308885,0.007325311281064784,0.03050178738597998,0.027682999151989792,0,30,886.8075613188028,121060.73411666667,1446.322820139872,2326.08370422185,6000.000000000073,causal_sequential_exact_plan,3198.9772024679464,0,0.0,0.0,0.0,0.0,183.17220708715774
57,2025-02-27,6000.000000000073,50046.086017404225,51491.74559689027,48643.97743188865,1455.3353627305435,50099.31279461919,0.002200089211442545,0.07120408438784642,0.04432454753989148,0,30,265.32963450771126,120599.48893333334,2377.697481030503,5639.099936610481,6000.000000000075,causal_sequential_exact_plan,1455.3353627305435,0,0.0,0.0,0.0,0.0,65.19993538588915
58,2025-02-28,6000.000000000075,18996.87886002224,19456.809337507002,18385.71721814262,710.977615993285,19096.694834135906,0.0025814700154736135,0.040924125122451575,0.13484978827740712,0,30,194.60439578616655,75385.10795,7024.6645376777815,1453.909283419855,6000.000000000079,causal_sequential_exact_plan,710.977615993285,0,0.0,0.0,0.0,0.0,525.1913001219066
59,2025-03-01,6000.000000000079,18834.359632289623,19338.175820761124,18163.603892388794,3245.0331865823027,21408.637078971096,0.010134201458580133,0.058496442254260254,0.12406197791217605,0,30,732.1368731660268,72244.16015000001,6027.600104162466,2053.5149001562945,6000.000000000077,causal_sequential_exact_plan,3245.0331865823027,0,0.0,0.0,0.0,0.0,755.3726096618911
60,2025-03-02,6000.000000000077,49150.1408453425,50211.41432437371,47568.51941025576,13970.94604814462,61539.46545840038,0.030569852472177788,0.027887829950794443,0.04434157062551363,0,30,3602.975562546843,117860.41708333333,2017.6350249139161,2159.538438120758,6000.000000000081,causal_sequential_exact_plan,13970.94604814462,0,0.0,0.0,0.0,0.0,102.41780074827557
61,2025-03-03,6000.000000000081,48980.378688684264,53639.68430626298,47325.24072306763,9436.802051026707,56762.04277409434,0.01985897343446172,0.02371501138175688,0.010080833708902295,0,30,2342.539595232828,117958.7456,463.1296195040443,1819.0907236851185,6000.000000000083,causal_sequential_exact_plan,9436.802051026707,0,0.0,0.0,0.0,0.0,303.5741912886183
62,2025-03-04,6000.000000000083,57720.44089543478,61546.08723121237,56097.81955221484,639.4214551717089,56737.24100738655,0.0023759518395864185,0.10126654514424034,0.11340930434737136,0,30,280.6926337360967,118139.02498333334,5550.202254202037,8942.27345925722,6000.000000000081,causal_sequential_exact_plan,639.4214551717089,0,0.0,0.0,0.0,0.0,161.4894237753258
63,2025-03-05,6000.000000000081,49682.881792644854,52132.837995865804,48040.052958168875,1240.2385501670065,49280.29150833588,0.0026059010381978124,0.05711995740512599,0.06031577663992132,0,30,307.68770986887444,118073.44383333334,3132.980686107795,4452.849248069671,6000.000000000077,causal_sequential_exact_plan,1240.2385501670065,0,0.0,0.0,0.0,0.0,130.52048430462014
64,2025-03-06,6000.000000000077,48924.21989461098,51447.80686325771,47412.9851617871,1021.3815798330284,48434.36674162013,0.0025903165010698814,0.03940406295410002,0.06612414040226514,0,30,304.8118640643379,117673.59855000001,3420.7964800302448,3028.521540920623,6000.000000000077,causal_sequential_exact_plan,1021.3815798330284,0,0.0,0.0,0.0,0.0,349.51219017234496
65,2025-03-07,6000.000000000077,19161.49201860556,20702.84791953791,18246.85889600815,118.05649878445702,18364.915394792606,0.0007151896275325995,0.05507559518913713,0.16027287080639366,0,30,51.265051006827605,71680.36145,8135.142543773039,1927.074131332277,6000.000000000076,causal_sequential_exact_plan,118.05649878445702,0,0.0,0.0,0.0,0.0,839.6817791113494
66,2025-03-08,6000.000000000076,17534.193027603913,18288.595472349523,16939.163480590567,1439.4962427222008,18378.65972331277,0.007209020889574557,0.035043438013622724,0.16782526323331035,0,30,521.5345370544965,72344.71158333334,8941.993857572928,1126.2767037980163,6000.000000000076,causal_sequential_exact_plan,1439.4962427222008,0,0.0,0.0,0.0,0.0,478.7073192470962
67,2025-03-09,6000.000000000076,47624.96056787036,51790.82002932875,46064.680393317634,2068.664918079745,48133.34531139738,0.0044724054096175365,0.06866813349635983,0.04941489704710689,0,30,526.3707494966437,117692.9865,2686.167191087926,5166.451860091441,6000.000000000082,causal_sequential_exact_plan,2068.664918079745,0,0.0,0.0,0.0,0.0,235.668209913429
68,2025-03-10,6000.000000000082,46011.926720878924,47461.84812368087,44510.42748002429,7299.7091352570205,51810.13661528131,0.019711746807611636,0.021740960625238538,0.025701819490150584,0,30,2324.8638225095756,117943.06436666667,1282.5463123234497,1590.4731697448885,6000.000000000083,causal_sequential_exact_plan,7299.7091352570205,0,0.0,0.0,0.0,0.0,190.93022605047133
69,2025-03-11,6000.000000000083,48136.40084971567,50610.37895110016,46713.917936815626,860.2031785964471,47574.121115412076,0.0019151702443654336,0.054269470774217225,0.07446208791486772,0,30,225.0316475360807,117499.55295,3988.236648853366,4158.547012363686,6000.000000000085,causal_sequential_exact_plan,860.2031785964471,0,0.0,0.0,0.0,0.0,345.55904866351625
70,2025-03-12,6000.000000000085,46128.08955269486,47225.73461171641,44557.13132855165,1920.4180209565966,46477.54934950825,0.004974100156669462,0.04282113920693305,0.0678033084466987,0,30,587.5020957372639,118112.23683333333,3775.064609171422,3135.570254970402,6000.000000000094,causal_sequential_exact_plan,1920.4180209565966,0,0.0,0.0,0.0,0.0,160.91223562705886
71,2025-03-13,6000.000000000094,45490.082539358395,49832.94934980132,43978.90021449937,10802.131072878223,54781.0312873776,0.02449575734675253,0.029241546410048953,0.02271807396438317,0,30,2896.311647957552,118237.27705,1151.616859296559,2113.9966536287084,6000.000000000089,causal_sequential_exact_plan,10802.131072878223,0,0.0,0.0,0.0,0.0,106.93990911485537
72,2025-03-14,6000.000000000089,18132.75406445873,18627.901924054004,17494.249190710365,250.55977503030545,17744.80896574067,0.0011912119857980564,0.06266463217571949,0.2063137765495374,0,30,85.89694897558132,72108.86895,11569.961665247394,2095.3057896007563,6000.000000000086,causal_sequential_exact_plan,250.55977503030545,0,0.0,0.0,0.0,0.0,671.266790855407
73,2025-03-15,6000.000000000086,17694.12653568428,18402.784623142375,17152.68219893878,1303.807869204384,18456.490068143165,0.006000642952960377,0.04982788371193383,0.13312095134449922,0,30,436.3966494423309,72724.98178333332,6895.779315489346,1618.5581999350468,6000.000000000088,causal_sequential_exact_plan,1303.807869204384,0,0.0,0.0,0.0,0.0,440.51164394615
74,2025-03-16,6000.000000000088,47236.381269008954,52180.8152482517,45652.60294295792,1855.527608914446,47508.13055187237,0.004252044948250613,0.055800669823305324,0.05646452902234092,0,30,501.6699375002935,117983.21598333333,3084.77969487716,4178.809138893797,6000.000000000087,causal_sequential_exact_plan,1855.527608914446,0,0.0,0.0,0.0,0.0,419.14570453041836
75,2025-03-17,6000.000000000087,46592.188970457224,47836.511366477636,44988.90566756364,1295.2598327788721,46284.16550034251,0.0020744060168549137,0.0967976561166417,0.08950551595826803,0,30,244.14435720736665,117693.62180000001,5355.606437884477,7228.297929808625,6000.000000000089,causal_sequential_exact_plan,1295.2598327788721,0,0.0,0.0,0.0,0.0,250.59457980588502
76,2025-03-18,6000.000000000089,45035.875793387604,50991.856872987424,43311.302496867866,4825.86219034548,48137.16468721334,0.009209324485490566,0.05972625673670508,0.04865888621588938,0,30,1079.8248248135887,117253.42358333334,2731.0999435640724,4277.322244229605,6000.000000000089,causal_sequential_exact_plan,4825.86219034548,0,0.0,0.0,0.0,0.0,300.44453479925767
77,2025-03-19,6000.000000000089,44368.29020110515,50184.9838524929,42735.64043823047,1585.180005866249,44320.82044409672,0.0033427442167369386,0.060862998154631004,0.049579406939024115,0,30,392.04224973439784,117281.558,2866.4873322636954,4301.485590284684,6000.000000000095,causal_sequential_exact_plan,1585.180005866249,0,0.0,0.0,0.0,0.0,280.46121192140856
78,2025-03-20,6000.000000000095,44660.3261472897,48788.95779641233,43233.43886054323,2334.6853041058494,45568.12416464908,0.005488164614777464,0.04479257645740589,0.04178335073147062,0,30,645.6736856147114,117648.38173333334,2316.4447267273613,3201.747166918969,6000.000000000096,causal_sequential_exact_plan,2334.6853041058494,0,0.0,0.0,0.0,0.0,177.15007769633473
79,2025-03-21,6000.000000000096,16841.143349976825,18035.919546689332,16267.129206955247,1000.2263084860617,17267.355515441308,0.004702635200824951,0.048326099449827915,0.2433610450890468,0,30,341.3808999543167,72593.53221666666,14737.961366135427,1512.1280882016129,6000.000000000095,causal_sequential_exact_plan,1000.2263084860617,0,0.0,0.0,0.0,0.0,307.91873061775465
80,2025-03-22,6000.000000000095,17369.995862579683,17975.27499157177,16833.487415528914,245.92880232296145,17079.416217851875,0.0014431766226163933,0.058934134328758575,0.19220937682536451,0,30,103.81769500530947,71936.92953333333,10774.436892349015,1898.9570889178688,6000.000000000089,causal_sequential_exact_plan,245.92880232296145,0,0.0,0.0,0.0,0.0,730.9085872360401
81,2025-03-23,6000.000000000089,44460.99897898961,46687.58456362776,43052.15476320926,1072.7130602179966,44124.86782342726,0.002534721215300974,0.058379432758244934,0.07089600716990736,0,30,298.43801826687434,117739.97726666665,4180.755773717681,4150.823741891683,6000.000000000088,causal_sequential_exact_plan,1072.7130602179966,0,0.0,0.0,0.0,0.0,155.775667049449
82,2025-03-24,6000.000000000088,42465.22460761848,44369.774059184085,41135.680019748426,3075.1866177064016,44210.86663745483,0.007267125837085225,0.054077579217260634,0.05512110907010589,0,30,853.3434913125192,117425.17061666667,3275.6641535044414,3709.9999477849606,6000.00000000009,causal_sequential_exact_plan,3075.1866177064016,0,0.0,0.0,0.0,0.0,368.2748583940697
83,2025-03-25,6000.00000000009,42575.266599474126,45993.15516798322,41080.38383086698,3777.9378513085003,44858.32168217548,0.008719736612515627,0.02774865736238446,0.03737423820302343,0,30,1029.39252963444,118053.16781666668,2134.1827349369137,1891.696136456576,6000.00000000009,causal_sequential_exact_plan,3777.9378513085003,0,0.0,0.0,0.0,0.0,64.15530402362117
84,2025-03-26,6000.00000000009,45128.72260039437,47897.44055332198,43528.127952864335,396.5916326490325,43924.71958551337,0.0011233517047882016,0.08631482426088537,0.09343666612219949,0,30,132.22369430059075,117704.6278,5803.545020829571,6215.081301222315,6000.0000000000955,causal_sequential_exact_plan,396.5916326490325,0,0.0,0.0,0.0,0.0,305.71561950817966
85,2025-03-27,6000.0000000000955,43036.535261687706,46479.491224447214,41556.671374894635,2591.5926149458146,44148.26398984045,0.0057672289191566285,0.062288330358402304,0.039394632860211394,0,30,680.259636389907,117952.59836666667,2333.5650674928793,4301.0635070648095,6000.0000000000955,causal_sequential_exact_plan,2591.5926149458146,0,0.0,0.0,0.0,0.0,270.0979362466403
86,2025-03-28,6000.0000000000955,16247.262659016007,16720.931708633336,15747.71934221723,1285.367994656247,17033.087336873476,0.0053254849369162045,0.05228305310525775,0.24803200780921966,0,30,382.85852366691876,71891.76726666666,15147.286565276161,1606.7552491848116,6000.000000000099,causal_sequential_exact_plan,1285.367994656247,0,0.0,0.0,0.0,0.0,498.791749621633
87,2025-03-29,6000.000000000099,16468.094670668517,17443.287655322536,15843.612593327553,536.2269046452157,16379.839497972767,0.0019455398827017969,0.03850942687275639,0.28902572707681584,0,30,140.3089850831543,72118.27746666667,18616.45584238485,1193.4340573569268,6000.0000000001,causal_sequential_exact_plan,536.2269046452157,0,0.0,0.0,0.0,0.0,573.9089144938526
88,2025-03-30,6000.0000000001,41602.59191955945,44033.101659486376,40140.24669043924,2825.911457838036,42966.158148277274,0.006001841575519248,0.06493389638864609,0.05721100259828504,0,30,708.1855312616942,117994.70585,3584.2170305078334,4348.842914165558,6000.0000000001,causal_sequential_exact_plan,2825.911457838036,0,0.0,0.0,0.0,0.0,337.92460425707736
89,2025-03-31,6000.0000000001,42380.687270822214,44838.561052835496,41037.50160153831,1534.577865999749,42572.07946753806,0.003447194251152993,0.04803919692659122,0.07047462356659037,0,30,403.5825614636835,117075.66561666667,4237.2357277104,3291.5868655580016,6000.000000000093,causal_sequential_exact_plan,1534.577865999749,0,0.0,0.0,0.0,0.0,209.26896331268256
90,2025-04-01,6000.000000000093,41893.910399616274,44670.8402870821,40311.87618540704,4816.892333997245,45128.768519404286,0.01538876329069223,0.023508308755909396,0.050280511013798664,0,30,1815.3684904891597,117967.1463,2904.1165769916215,1580.5848386560426,6000.000000000094,causal_sequential_exact_plan,4816.892333997245,0,0.0,0.0,0.0,0.0,205.51125795032294
91,2025-04-02,6000.000000000094,42404.98740914884,45136.14188824226,40666.107496477154,7858.907630652317,48525.015127129474,0.013900053122347853,0.051399296858287306,0.030079709053193505,0,30,1640.0204170817715,117986.62945,1731.1261806587863,3511.1902576272482,6000.0000000000955,causal_sequential_exact_plan,7858.907630652317,0,0.0,0.0,0.0,0.0,204.60168400131226
92,2025-04-03,6000.0000000000955,43493.108749820814,46457.37192441704,41896.37193447804,1681.2148669700357,43577.58680144807,0.003472102075731141,0.07326510953605218,0.08088876086345535,0,30,409.3068647212466,117884.45610000001,5016.7958382626,5127.240698365328,6000.0000000000955,causal_sequential_exact_plan,1681.2148669700357,0,0.0,0.0,0.0,0.0,271.5638718962274
93,2025-04-04,6000.0000000000955,15990.100874561484,16632.93972261533,15379.862603319563,406.46810171323966,15786.330705032802,0.001538407388730356,0.05854653688115966,0.28728421414822614,0,30,110.35881063088706,71735.75181666667,18761.081116249374,1779.2451432335429,6000.000000000094,causal_sequential_exact_plan,406.46810171323966,0,0.0,0.0,0.0,0.0,489.50166502269616
94,2025-04-05,6000.000000000094,15627.143290490883,15940.565403636845,14918.935226522324,4352.542093909735,19271.47732043206,0.014409591385293064,0.03468579384417466,0.23741265151009755,0,30,1046.17585383729,72602.74256666667,14377.384346371698,1033.0863322778252,6000.000000000095,causal_sequential_exact_plan,4352.542093909735,0,0.0,0.0,0.0,0.0,335.7242070350421
95,2025-04-06,6000.000000000095,41285.50934569742,44932.36833106013,39756.252072903575,1061.0811844338152,40817.33325733739,0.0023321307480059653,0.060793432154611804,0.07076900445869863,0,30,273.3383884966704,117205.43058333333,4443.964709621743,4069.3255088991577,6000.000000000096,causal_sequential_exact_plan,1061.0811844338152,0,0.0,0.0,0.0,0.0,169.03125302375258
96,2025-04-07,6000.000000000096,41448.547826090544,45107.94857922722,39465.85823891793,674.0689869273426,40139.92722584527,0.002010157005119614,0.05447807640735002,0.08490230448468404,0,30,235.2188074633716,117015.14203333334,5414.425654046492,3622.9955243769004,6000.000000000096,causal_sequential_exact_plan,674.0689869273426,0,0.0,0.0,0.0,0.0,362.5792658392677
97,2025-04-08,6000.000000000096,41517.168287894565,44971.839280676846,39643.330153628835,2644.7359359568172,42288.06608958565,0.005276950622066275,0.0697971636999832,0.06567281658453655,0,30,621.1672202981547,117713.29026666668,4161.036006073959,4667.920974003151,6000.000000000098,causal_sequential_exact_plan,2644.7359359568172,0,0.0,0.0,0.0,0.0,202.01253559749944
98,2025-04-09,6000.000000000098,40382.795050968176,44294.043138589564,38850.571564609585,5208.097059256813,44058.6686238664,0.012957434802198063,0.025993217921245704,0.028553738359545052,0,30,1524.7988259098602,117677.52253333334,1671.6275443744046,1696.5731867176182,6000.000000000102,causal_sequential_exact_plan,5208.097059256813,0,0.0,0.0,0.0,0.0,211.96228373577662
99,2025-04-10,6000.000000000102,41152.726493039954,45131.65024132811,39369.88424079823,1823.1178974902305,41193.00213828846,0.003680167475923862,0.0625293184954598,0.055375769636178844,0,30,433.04052518902324,117668.70068333333,3500.195123838996,4130.1889657679685,6000.000000000104,causal_sequential_exact_plan,1823.1178974902305,0,0.0,0.0,0.0,0.0,268.7528848795039
100,2025-04-11,6000.000000000104,15400.504427128646,15856.367783514921,14802.24093863505,765.0050748288027,15567.246013463853,0.0033816643691690186,0.041556774552279616,0.29302428986293655,0,30,243.7909367117237,72091.99675,19566.798512932717,1217.271687702807,6000.0000000001055,causal_sequential_exact_plan,765.0050748288027,0,0.0,0.0,0.0,0.0,394.01153691526713
101,2025-04-12,6000.0000000001055,15241.016629308044,15747.572341594418,14686.549010433188,753.8449121207441,15440.393922553932,0.002486109453253427,0.04650651763441002,0.24999848440174285,0,30,178.89341490292838,71957.17576666665,15732.908424514086,1368.7052730604325,6000.000000000104,causal_sequential_exact_plan,753.8449121207441,0,0.0,0.0,0.0,0.0,442.51608115217925
102,2025-04-13,6000.000000000104,40193.82868755059,43455.28850499601,38565.138536431085,2870.7646504437034,41435.903186874784,0.005646874886935375,0.05667308691380928,0.05809100426704532,0,30,662.2827786000596,117283.06220000001,3660.1226944573427,3703.937654249868,6000.0000000001055,causal_sequential_exact_plan,2870.7646504437034,0,0.0,0.0,0.0,0.0,245.89056364027056
103,2025-04-14,6000.0000000001055,39842.74718107542,43572.04745068155,37848.75013725541,2043.763560180492,39892.513697435905,0.004628894715335266,0.05785973936669932,0.0628491427570577,0,30,545.7530409446554,117901.37268333332,4108.6584336824135,3704.3294272099947,6000.000000000122,causal_sequential_exact_plan,2043.763560180492,0,0.0,0.0,0.0,0.0,161.23336088982148
104,2025-04-15,6000.000000000122,40021.99030605928,42661.17249405796,38130.77159570085,1713.9741446840612,39844.74574038491,0.0030683979754907776,0.07492471796537668,0.08692908130644213,0,30,359.1771708306159,117056.90516666666,5817.07474100225,4841.7224384562705,6000.000000000124,causal_sequential_exact_plan,1713.9741446840612,0,0.0,0.0,0.0,0.0,105.9987470625847
105,2025-04-16,6000.000000000124,39654.322798695845,42214.8973310111,37998.8064825959,1878.7170788296335,39877.523561425536,0.004523985021240157,0.037286580438723425,0.04607549038003202,0,30,533.490413673067,117924.88506666667,2863.3748551612453,2417.860414095585,6000.000000000125,causal_sequential_exact_plan,1878.7170788296335,0,0.0,0.0,0.0,0.0,233.08960339104544
106,2025-04-17,6000.000000000125,39781.10001797469,44638.12160758606,37859.2565080344,424.9001030088625,38284.15661104326,0.0009193003255153046,0.05185602181230022,0.05711037464905495,0,30,108.0058765366538,117487.04263333333,3690.398182516159,3315.904827521704,6000.000000000126,causal_sequential_exact_plan,424.9001030088625,0,0.0,0.0,0.0,0.0,156.7202840297216
107,2025-04-18,6000.000000000126,14997.563575894024,15472.488217711396,14428.098184206388,314.39572581936295,14742.49391002575,0.0012103769975643794,0.0592684287934561,0.2667084741568468,0,30,86.53005653322202,71490.16935,17372.33708597244,1708.1344920032348,6000.0000000001255,causal_sequential_exact_plan,314.39572581936295,0,0.0,0.0,0.0,0.0,432.25131147067964
108,2025-04-19,6000.0000000001255,14705.179092584522,14980.141422826964,14153.421332244892,612.9598989684109,14766.381231213303,0.003175077656170331,0.05831131983848774,0.2581881850158073,0,30,228.3052776354321,71905.41535,16813.40466055236,1661.519771344657,6000.0000000001255,causal_sequential_exact_plan,612.9598989684109,0,0.0,0.0,0.0,0.0,421.68731099121726
109,2025-04-20,6000.0000000001255,38955.625082828854,39531.63511029306,37633.46181406773,1059.573253783729,38693.03506785146,0.0028486947573247226,0.051999073259604345,0.07010682863451705,0,30,333.86080500615066,117197.81635000001,4573.774510417245,3322.6140387250493,6000.00000000013,causal_sequential_exact_plan,1059.573253783729,0,0.0,0.0,0.0,0.0,288.272223244055
110,2025-04-21,6000.00000000013,38175.085385339,39730.810604105165,36599.43001777677,1236.0140142066084,37835.44403198338,0.0028672520290354917,0.07298859078802752,0.08054523569730493,0,30,339.7167166244359,118481.63788333334,5635.325466985212,4556.607623766548,6000.000000000132,causal_sequential_exact_plan,1236.0140142066084,0,0.0,0.0,0.0,0.0,135.02199077157354
111,2025-04-22,6000.000000000132,38064.394612514836,38996.84183464956,36765.35233843136,1306.6982241615212,38072.05056259288,0.0030581635828361457,0.04966835769940391,0.05410143012268756,0,30,360.2853129666421,117811.00101666666,3552.1955780679596,3109.869953628693,6000.000000000132,causal_sequential_exact_plan,1306.6982241615212,0,0.0,0.0,0.0,0.0,246.41420986576748
112,2025-04-23,6000.000000000132,38519.0872324677,41308.70526123381,36941.504030050884,1201.6546003847998,38143.15863043568,0.0027290020990394397,0.044974423256103783,0.07336152219678606,0,30,322.1055225489389,118030.51476666666,4888.122097830204,2838.67881779521,6000.000000000132,causal_sequential_exact_plan,1201.6546003847998,0,0.0,0.0,0.0,0.0,246.9553297418115
113,2025-04-24,6000.000000000132,38010.69602226221,42015.17327647004,36414.82421504275,1115.5876445850201,37530.41185962777,0.0018078353136278763,0.06340515359542039,0.10384614894813508,0,30,212.41663535426744,117497.77966666667,7311.56569398805,3948.755596222205,6000.000000000132,causal_sequential_exact_plan,1115.5876445850201,0,0.0,0.0,0.0,0.0,182.56533131286756
114,2025-04-25,6000.000000000132,14167.535232339502,14438.532694698402,13699.898646278554,378.5508852565695,14078.449531535123,0.0014708356286544139,0.05731382347673086,0.3025524885240429,0,30,105.55204965153064,71763.3212,21106.958228864598,1603.7991736746044,6000.000000000136,causal_sequential_exact_plan,378.5508852565695,0,0.0,0.0,0.0,0.0,337.20060257545697
115,2025-04-26,6000.000000000136,13697.75775505883,14080.27030296346,13268.997183649099,2346.6855683057,15615.682751954799,0.008531118633631493,0.02925102540191847,0.3276718913496287,0,30,615.101539366525,72100.92436666667,23602.44577468716,796.7535928346057,6000.0000000001355,causal_sequential_exact_plan,2346.6855683057,0,0.0,0.0,0.0,0.0,344.1927245170434
116,2025-04-27,6000.0000000001355,35746.00565075888,38916.6897732388,34541.15620967576,3406.513789381565,37947.669999057325,0.007542472912237506,0.04963942234253332,0.059891445843472293,0,30,882.7146310584922,117032.52253333334,4100.111566424013,2911.4375257151933,6000.000000000138,causal_sequential_exact_plan,3406.513789381565,0,0.0,0.0,0.0,0.0,182.79942077174087
117,2025-04-28,6000.000000000138,35363.82524369677,36081.96074053275,34297.401068244675,16740.12365745443,51037.524725699106,0.04216775055116642,0.016957124530283967,0.021429236711264656,0,30,4956.283580591813,117537.3008,1305.3691005599755,985.3752817871041,6000.000000000142,causal_sequential_exact_plan,16740.12365745443,0,0.0,0.0,0.0,0.0,245.10040702005813
118,2025-04-29,6000.000000000142,38118.83553315114,41085.83063212586,36854.40463308871,1768.478653402417,38622.883286491124,0.003487377271924546,0.0652431914784555,0.11437985805297052,0,30,408.90460581895604,117252.75871666666,7985.949646422987,4124.281461139128,6000.000000000143,causal_sequential_exact_plan,1768.478653402417,0,0.0,0.0,0.0,0.0,83.35264848873794
119,2025-04-30,6000.000000000143,37967.3760582804,39327.54392380102,36849.27926481518,1228.5714419774256,38077.850706792604,0.0028562109450490964,0.07123506610171444,0.09315583386073036,0,30,336.12713194785056,117682.88071666667,6467.4393700609,4479.979702561921,6000.000000000146,causal_sequential_exact_plan,1228.5714419774256,0,0.0,0.0,0.0,0.0,155.89673638246973
120,2025-05-01,6000.000000000146,36608.25187876554,38768.68529035542,35389.14679323461,14245.307020136386,49634.453813371,0.02557891187503729,0.049681629015688046,0.07857729079827955,0,30,3078.7950848799474,120364.58391666667,5449.586966245046,2977.7449289104425,6000.000000000148,causal_sequential_exact_plan,14245.307020136386,0,0.0,0.0,0.0,0.0,0.0
121,2025-05-02,6000.000000000148,15799.494401500204,16197.56247975631,15199.516677170886,5451.24031334482,20650.756990515707,0.01722715072500346,0.026084920409783743,0.20183301861777403,0,30,1287.9194758911465,74761.02673333333,12204.985261119404,762.2184794903212,6000.000000000148,causal_sequential_exact_plan,5451.24031334482,0,0.0,0.0,0.0,0.0,211.0513992599781
122,2025-05-03,6000.000000000148,17473.67641646847,18960.999130950575,16783.693292333424,1817.6735499809631,18601.366842314386,0.004716365182053134,0.07778132508979091,0.2613403034707873,0,30,353.2314594750304,74894.84928333333,17255.69331016665,2450.482781858637,6000.000000000149,causal_sequential_exact_plan,1817.6735499809631,0,0.0,0.0,0.0,0.0,244.65403384371177
123,2025-05-04,6000.000000000149,40308.65145899916,42716.87300316517,39464.45043711101,3002.6316686609407,42467.08210577195,0.005706537897519729,0.05525924244355838,0.10507718195171109,0,30,688.6084087744146,120670.08423333333,7243.539344518361,3645.318038535163,6000.000000000149,causal_sequential_exact_plan,3002.6316686609407,0,0.0,0.0,0.0,0.0,48.77642669165675
124,2025-05-05,6000.000000000149,42241.13339244205,46579.18377434783,40694.57335055689,4321.344989271187,45015.91833982808,0.00866758094947201,0.08372282915784963,0.05592681698282493,0,30,1045.4156938053166,120612.16386666667,3665.2286620251352,5664.757371723244,6000.000000000149,causal_sequential_exact_plan,4321.344989271187,0,0.0,0.0,0.0,0.0,331.22888722241703
125,2025-05-06,6000.000000000149,41923.260722835505,45708.547943776306,40857.34545837701,2885.410619928629,43742.75607830564,0.006304242321610526,0.08534622615550681,0.07499148297991991,0,30,762.9216914708064,121017.1901,5110.452669715035,5742.216164629008,6000.000000000151,causal_sequential_exact_plan,2885.410619928629,0,0.0,0.0,0.0,0.0,378.9224583279166
126,2025-05-07,6000.000000000151,41684.983306939954,49802.435089449624,40094.34254313777,1156.512301502118,41250.854844639885,0.002634150230862809,0.051417346526188755,0.05200319719827661,0,30,319.1542083575401,121160.21501666667,3437.0145018751437,3384.3907312450565,6000.000000000151,causal_sequential_exact_plan,1156.512301502118,0,0.0,0.0,0.0,0.0,275.0081636685703
127,2025-05-08,6000.000000000151,42647.02186352445,49838.40225605892,41132.690128491755,2832.30081414325,43964.990942635006,0.006461557026397386,0.06326749249075711,0.052167864827410176,0,30,778.2653206840648,120445.47738333332,3371.033430537685,4240.976029096748,6000.000000000151,causal_sequential_exact_plan,2832.30081414325,0,0.0,0.0,0.0,0.0,361.2952348710925
128,2025-05-09,6000.000000000151,18644.088954322313,21326.413468961175,17884.046536592396,170.82699914297675,18054.873535735373,0.001079360551287684,0.0882607625281411,0.26018235478379104,0,30,80.14664997293147,74253.82545,17108.144932616557,2857.267423807614,6000.000000000155,causal_sequential_exact_plan,170.82699914297675,0,0.0,0.0,0.0,0.0,948.3683672843816
129,2025-05-10,6000.000000000155,17930.557521866926,20249.249569865256,17188.555504262767,1654.5210382017708,18843.07654246454,0.006367035198419886,0.07324050928975294,0.22422639633267974,0,30,475.28636103854177,74647.98705,14020.190826042986,2319.6048738081367,6000.000000000156,causal_sequential_exact_plan,1654.5210382017708,0,0.0,0.0,0.0,0.0,645.5096058668987
130,2025-05-11,6000.000000000156,45039.90190915687,48897.23443804951,43808.3019325181,2153.0980359283603,45961.399968446465,0.0032751753574428886,0.09417358349542833,0.09629506955109964,0,30,395.45479431416527,120743.09041666667,6284.1210351793325,6840.850211182475,6000.00000000016,causal_sequential_exact_plan,2153.0980359283603,0,0.0,0.0,0.0,0.0,215.99608733977288
131,2025-05-12,6000.00000000016,47690.69997030074,54040.95199023216,45639.31011394564,138.97371252756153,45778.283826473205,0.00048041118669169144,0.1062419117248545,0.1476184022564789,0,30,57.86485659883999,120448.60361666667,10114.430352302339,7936.265479904501,6000.00000000016,causal_sequential_exact_plan,138.97371252756153,0,0.0,0.0,0.0,0.0,515.4690630306682
132,2025-05-13,6000.00000000016,42678.38469665148,48773.11256257884,41105.64709856929,401.56262655118536,41507.20972512047,0.0013100775243109592,0.08124348568740342,0.07691715331850851,0,30,157.56254121631912,120269.63160000001,5164.249889272376,5518.1248676709065,6000.000000000161,causal_sequential_exact_plan,401.56262655118536,0,0.0,0.0,0.0,0.0,198.59370127563864
133,2025-05-14,6000.000000000161,42869.33958783598,46094.77710098944,41708.049282200634,408.0186886275761,42116.06797082821,0.0012684435930868355,0.08093026898606027,0.08964033985220074,0,30,152.96415645799726,120592.00526666667,6057.702021649247,5581.638743493939,6000.000000000161,causal_sequential_exact_plan,408.0186886275761,0,0.0,0.0,0.0,0.0,410.1947320954556
134,2025-05-15,6000.000000000161,42992.761644307044,48306.80809641987,41611.79360757366,820.3340532685567,42432.12766084221,0.0018011115998057775,0.08939883499779078,0.0813058559383145,0,30,215.40990312796353,119598.30981666668,5433.934721058336,6148.518132107397,6000.000000000163,causal_sequential_exact_plan,820.3340532685567,0,0.0,0.0,0.0,0.0,650.7164508734074
135,2025-05-16,6000.000000000163,17194.939667799226,20332.662902643773,16398.52364890659,612.0823657336783,17010.606014640267,0.002872757874326888,0.07113409229922564,0.3097472471051665,0,30,214.54142119588346,74681.34474999999,22291.220273228286,2178.455618364551,6000.000000000163,causal_sequential_exact_plan,612.0823657336783,0,0.0,0.0,0.0,0.0,613.9940756191869
136,2025-05-17,6000.000000000163,17379.857372594764,19965.072246948766,16587.422061600635,1964.495320042783,18551.91738164342,0.006745532997957847,0.06357489719742607,0.240032911018268,0,30,507.7668289438322,75274.53043333333,15560.3090048287,1962.6722281607013,6000.000000000165,causal_sequential_exact_plan,1964.495320042783,0,0.0,0.0,0.0,0.0,366.77321665184917
137,2025-05-18,6000.000000000165,42228.95571025416,44381.40783914809,41002.00777276563,1690.6550720899045,42692.662844855535,0.004176494148698772,0.06755062050027175,0.08639574625001059,0,30,504.04870385429217,120687.037,5789.454025477126,4595.316628012817,6000.000000000165,causal_sequential_exact_plan,1690.6550720899045,0,0.0,0.0,0.0,0.0,510.72888494656263
138,2025-05-19,6000.000000000165,40240.3425080517,45590.39094353023,38789.40284987772,1355.9077807754484,40145.31063065317,0.002170995587260739,0.09989468573679187,0.0925659254147052,0,30,260.67662446367603,120072.38798333332,6716.321719199912,6433.714491536839,6000.000000000165,causal_sequential_exact_plan,1355.9077807754484,0,0.0,0.0,0.0,0.0,278.67799022308805
139,2025-05-20,6000.000000000165,40420.93761317887,46551.90068659843,39096.3157262609,1881.0067932112054,40977.32251947211,0.0038626742912613037,0.04642136213478582,0.060182958941647755,0,30,465.2111351479536,120437.57771666667,3966.6698313071947,3022.295124834488,6000.0000000001655,causal_sequential_exact_plan,1881.0067932112054,0,0.0,0.0,0.0,0.0,210.5596335349985
140,2025-05-21,6000.0000000001655,41043.64868662886,46602.18671877399,39528.28420250736,1630.3675348400748,41158.651737347434,0.004125625686069817,0.06259873047585458,0.09663253053769345,0,30,496.24284597337305,120283.05128333333,6659.9561364411475,4118.817511624489,6000.000000000166,causal_sequential_exact_plan,1630.3675348400748,0,0.0,0.0,0.0,0.0,324.0468951061665
141,2025-05-22,6000.000000000166,40798.853733979784,44939.29044641617,39305.37081873021,559.0475294958668,39864.41834822608,0.0012160420502148129,0.06576423510051012,0.0864476664129591,0,30,145.59632555903084,119729.68001666667,5957.372288741438,4278.558766692719,6000.000000000166,causal_sequential_exact_plan,559.0475294958668,0,0.0,0.0,0.0,0.0,391.06247744316397
142,2025-05-23,6000.000000000166,18011.76972404854,18379.438188884506,17499.727896487668,270.2438852861959,17769.971781773864,0.001455941156219095,0.0940365711363123,0.2664234930573899,0,30,109.17139535629116,74983.38438333332,18266.64355843199,2966.1296056805954,6000.0000000001655,causal_sequential_exact_plan,270.2438852861959,0,0.0,0.0,0.0,0.0,957.7479434322074
143,2025-05-24,6000.0000000001655,16943.24337585263,17925.770199336243,16075.244491195675,645.2480362928054,16720.49252748848,0.0018548139544125603,0.0655022914679839,0.2926242098637538,0,30,138.54313559470285,74693.81781666666,20758.561419578975,1970.0952823066705,6000.000000000164,causal_sequential_exact_plan,645.2480362928054,0,0.0,0.0,0.0,0.0,692.1234079888673
144,2025-05-25,6000.000000000164,41031.27704227934,44984.20794583283,39671.19900344645,368.32902795468107,40039.528031401125,0.0006866401428590974,0.08670160910946097,0.0945972653663746,0,30,82.61645794405311,120319.8776,6789.70617965077,5645.997405613363,6000.000000000167,causal_sequential_exact_plan,368.32902795468107,0,0.0,0.0,0.0,0.0,435.40481370826376
145,2025-05-26,6000.000000000167,39223.196559818716,43828.32589161291,37719.90993289968,5386.599642950128,43106.50957584981,0.014562495658237746,0.04495051723421377,0.037141550945815886,0,30,1738.878035461069,119407.96936666666,2407.817531441927,2787.899119569332,6000.000000000171,causal_sequential_exact_plan,5386.599642950128,0,0.0,0.0,0.0,0.0,366.4356625613673
146,2025-05-27,6000.000000000171,39542.30158866264,43520.338259668926,37797.393506532186,616.8473339375191,38414.240840469705,0.0023169045540582475,0.07019173579117033,0.06849640192272492,0,30,278.1370409874592,120046.82735,4839.713286021756,4366.738541376439,6000.000000000171,causal_sequential_exact_plan,616.8473339375191,0,0.0,0.0,0.0,0.0,254.7299050835926
147,2025-05-28,6000.000000000171,39322.16663492746,42207.303523564864,37703.00370297012,3965.890541340995,41668.894244311115,0.009881204293973794,0.04609223441012894,0.07096748894438716,0,30,1184.9722716585961,119921.84721666668,4800.8103326416895,2890.0219611715056,6000.000000000171,causal_sequential_exact_plan,3965.890541340995,0,0.0,0.0,0.0,0.0,283.64777797412216
148,2025-05-29,6000.000000000171,40248.54922181575,44783.8825459405,38673.793738964145,2037.5401922468618,40711.333931211004,0.005168229951069096,0.04656338201020288,0.054024336793269116,0,30,622.4580712792101,120439.31426666667,3583.390541203396,2986.173444033958,6000.000000000175,causal_sequential_exact_plan,2037.5401922468618,0,0.0,0.0,0.0,0.0,274.1662500439295
149,2025-05-30,6000.000000000175,17491.835089291264,19802.705643581427,16650.569119238582,752.9266110023093,17403.49573024089,0.003086442327553286,0.0681033318651421,0.27184919608246527,0,30,230.2863277982676,74612.22448333332,18490.092533002855,2102.580565130811,6000.000000000174,causal_sequential_exact_plan,752.9266110023093,0,0.0,0.0,0.0,0.0,874.767615959303
150,2025-05-31,6000.000000000174,17402.573427686653,19475.3919611975,16699.257090974043,1146.7491037110708,17846.006194685113,0.004939074800251281,0.08274428027831914,0.24433394829769195,0,30,369.33577806715095,74778.33258333334,16221.123396106128,2551.6923227023526,6000.000000000176,causal_sequential_exact_plan,1146.7491037110708,0,0.0,0.0,0.0,0.0,1005.6310669975596
151,2025-06-01,6000.000000000176,42845.15786008317,43450.67035411323,41507.68387821669,30947.709272258187,72455.39315047488,0.06548116224687636,0.01076958039953159,0.021322695692618757,0,30,8397.864767470965,128248.56003333334,1215.8997216527855,742.0487730541352,6000.000000000173,causal_sequential_exact_plan,30947.709272258187,0,0.0,0.0,0.0,0.0,0.0
152,2025-06-02,6000.000000000173,53330.750020899526,64233.7569135958,50997.02627600536,8037.42961612277,59034.45589212813,0.014924524996398354,0.07937705700572395,0.07626916553808939,0,30,1911.5411757598822,128080.53698333334,4533.418571317061,6527.447902144417,6000.000000000173,causal_sequential_exact_plan,8037.42961612277,0,0.0,0.0,0.0,0.0,0.0
153,2025-06-03,6000.000000000173,57139.13515642964,67994.09537495673,54775.52347565961,681.779535587829,55457.30301124744,0.0011515489491630763,0.11365147968212674,0.06235951759675112,0,30,147.48675116667187,128076.84056666667,3734.3668935459805,9771.178328670598,6000.000000000173,causal_sequential_exact_plan,681.779535587829,0,0.0,0.0,0.0,0.0,12.145150000000058
154,2025-06-04,6000.000000000173,54024.24295812315,65298.30202120251,51619.259516472885,2615.6110670639932,54234.870583536875,0.006132846285241732,0.06258213358264432,0.07181997631268242,0,30,788.3151022255992,128539.84358333334,4229.807539247314,5175.470054080274,6000.000000000176,causal_sequential_exact_plan,2615.6110670639932,0,0.0,0.0,0.0,0.0,3.4516666666667106
155,2025-06-05,6000.000000000176,55524.81928114574,65931.89498594214,53101.797608997585,1832.567847578835,54934.36545657642,0.003608783091821004,0.06748048276758181,0.0619287822014024,0,30,463.5695545461669,128455.92066666666,3548.92811421416,5695.765908445892,6000.000000000176,causal_sequential_exact_plan,1832.567847578835,0,0.0,0.0,0.0,0.0,0.0
156,2025-06-06,6000.000000000176,26930.111204346853,32173.68457068531,26009.2751407162,2254.8527457533833,28264.12788646958,0.007567000630670603,0.03799250236763014,0.20038329727789186,0,30,626.1497414913622,82747.41500000001,10398.374143175903,1750.1881152470678,6000.00000000018,causal_sequential_exact_plan,2254.8527457533833,0,0.0,0.0,0.0,0.0,891.2862178666204
157,2025-06-07,6000.00000000018,25542.47760450806,27701.214001314995,24011.49828050957,2383.62730356863,26395.125584078203,0.008170277636102724,0.06324879134959392,0.12732614722527408,0,30,679.4138144761921,83156.75975,6624.810836636814,2710.3266800540805,6000.000000000175,causal_sequential_exact_plan,2383.62730356863,0,0.0,0.0,0.0,0.0,240.43651753448228
158,2025-06-08,6000.000000000175,67379.82569401496,68424.1715216069,66622.49981278874,139.62729953794425,66762.12711232668,0.00032568544080598057,0.20797703942510018,0.1783764724192239,0,30,41.774677060542444,128266.94665,11252.348804185995,21332.38129121475,6000.000000000175,causal_sequential_exact_plan,139.62729953794425,0,0.0,0.0,0.0,0.0,3.245800000000031
159,2025-06-09,6000.000000000175,55498.04477389346,59907.423089863965,53179.30469090229,1737.7345368252318,54917.039227727524,0.003992251017790693,0.07009591521042013,0.0630435710758055,0,30,511.68357117586913,128169.18798333334,3608.3917955519573,5908.143256442936,6000.000000000178,causal_sequential_exact_plan,1737.7345368252318,0,0.0,0.0,0.0,0.0,0.0
160,2025-06-10,6000.000000000178,61286.630763102155,62498.6396038533,60512.74840769748,130.56027381441984,60643.3086815119,0.00046800184969764835,0.143145100603855,0.08358873543513169,0,30,59.63021783288582,127414.49178333333,4663.921056982978,13521.328234398503,6000.000000000178,causal_sequential_exact_plan,130.56027381441984,0,0.0,0.0,0.0,0.0,0.0
161,2025-06-11,6000.000000000178,55166.2907198862,67757.9364115156,52781.30127490849,6453.4847464814375,59234.786021389926,0.010941885155313549,0.058470581542492135,0.009969055673275032,0,30,1403.1509958979686,128236.67731666667,519.9084943245,4944.247112514571,6000.000000000178,causal_sequential_exact_plan,6453.4847464814375,0,0.0,0.0,0.0,0.0,0.0
162,2025-06-12,6000.000000000178,56765.28106024047,60751.13824151157,54494.8363160774,2051.41961717842,56546.25593325582,0.0038955495971145504,0.07610142589939876,0.05704985741632589,0,30,497.54665710996414,127721.81298333334,3153.1126189103097,6559.953318052958,6000.000000000178,causal_sequential_exact_plan,2051.41961717842,0,0.0,0.0,0.0,0.0,0.0
163,2025-06-13,6000.000000000178,29395.58008731351,29658.495708376362,29081.952252888463,3039.1072742824867,32121.05952717095,0.007519656640075077,0.16929143554760478,0.17089972167786785,0,30,615.7816022043882,81889.59039999999,9150.701985472744,8328.504942254933,6000.000000000173,causal_sequential_exact_plan,3039.1072742824867,0,0.0,0.0,0.0,0.0,1301.4906414596812
164,2025-06-14,6000.000000000173,24539.726649840013,26741.192727333888,23144.798763995845,1165.0739208623354,24309.87268485818,0.004847667177364604,0.06612641211431333,0.15849583473747283,0,30,398.7359299890788,82253.15711666667,8885.247073272605,2670.272609335927,6000.000000000174,causal_sequential_exact_plan,1165.0739208623354,0,0.0,0.0,0.0,0.0,309.16311040770825
165,2025-06-15,6000.000000000174,62767.88104458178,63983.78305110509,62043.303054759606,0.0,62043.303054759606,0.0,0.17576039716358635,0.07660117998847799,0,30,0.0,127368.88451666664,4346.497274843568,16995.86421696485,6000.000000000177,causal_sequential_exact_plan,0.0,0,0.0,0.0,0.0,0.0,11.38530000000003
166,2025-06-16,6000.000000000177,57877.187987016216,68629.72206611605,55632.41060766023,991.9205971465218,56624.33120480675,0.002187684201366579,0.09125907841012205,0.05683625649213025,0,30,279.18926506287676,127618.63201666667,3121.7074711335217,8048.218881941082,6000.000000000177,causal_sequential_exact_plan,991.9205971465218,0,0.0,0.0,0.0,0.0,0.0
167,2025-06-17,6000.000000000177,58187.76248023884,67265.4325901122,55976.04724389125,3549.5633927989293,59525.61063669018,0.006956426763116299,0.0738967916786408,0.06971160631846464,0,30,885.6348969587345,127311.75459999999,3672.0409736650836,6542.672726342531,6000.000000000179,causal_sequential_exact_plan,3549.5633927989293,0,0.0,0.0,0.0,0.0,0.0
168,2025-06-18,6000.000000000179,61659.999265125334,71428.98940356838,59732.34463520091,228.7214146214102,59961.06604982232,0.0004705274924387035,0.12608463579151524,0.1107935311560291,0,30,59.71421067036471,126909.07891666668,6202.298101910503,11803.17838340974,6000.000000000179,causal_sequential_exact_plan,228.7214146214102,0,0.0,0.0,0.0,0.0,0.0
169,2025-06-19,6000.000000000179,56749.28382310485,68005.86500950206,54551.41519336162,1188.2070004385496,55739.62219380017,0.002123542164680028,0.10186053369366548,0.08657948491905185,0,30,270.43111319480766,127349.0669,5115.9439026580185,8815.95357328299,6000.000000000179,causal_sequential_exact_plan,1188.2070004385496,0,0.0,0.0,0.0,0.0,0.0
170,2025-06-20,6000.000000000179,25243.37745691268,32250.43778452361,23894.75832676101,346.1054991316942,24240.863825892706,0.00192384225443984,0.12402358861654823,0.16853515559727647,0,30,156.094942360777,81137.07971666666,9899.16497573292,5054.235799293383,6000.000000000183,causal_sequential_exact_plan,346.1054991316942,0,0.0,0.0,0.0,0.0,795.442167793371
171,2025-06-21,6000.000000000183,25448.055712404843,30704.3766484326,24565.92664404374,650.328441349877,25216.255085393615,0.0023599982181382235,0.12873835450533824,0.22870671024101963,0,30,192.12288787008103,81408.0648,14196.585817247615,5448.7677461483345,6000.000000000184,causal_sequential_exact_plan,650.328441349877,0,0.0,0.0,0.0,0.0,1046.8279209228558
172,2025-06-22,6000.000000000184,49780.06175522222,54309.5529487816,47460.706600366575,7856.749836467421,55317.45643683399,0.01571561063643006,0.04668653815021843,0.0601724256678192,0,30,1988.6449136257029,126539.46191666667,3555.114523137988,3588.006058583648,6000.0000000001855,causal_sequential_exact_plan,7856.749836467421,0,0.0,0.0,0.0,0.0,0.0
173,2025-06-23,6000.0000000001855,52283.4120360157,55558.50226671712,49993.66085814633,1500.906497200146,51494.56735534647,0.0034578129506304895,0.07642820977356404,0.05016118833491574,0,30,438.0733416742337,126690.87308333334,2991.0909480203422,6123.484057661559,6000.000000000187,causal_sequential_exact_plan,1500.906497200146,0,0.0,0.0,0.0,0.0,21.64653333333331
174,2025-06-24,6000.000000000187,51785.71800812622,63825.47749312267,49464.63213971407,18691.440622700364,68156.07276241443,0.03555000824402704,0.0340226415893223,0.011041123140698047,0,30,4518.862688264231,127112.84501666666,561.3754475689159,2702.9510908065117,6000.000000000187,causal_sequential_exact_plan,18691.440622700364,0,0.0,0.0,0.0,0.0,45.227716666666765
175,2025-06-25,6000.000000000187,56281.54678421109,66992.24997649645,54019.206909030865,914.461136021948,54933.668045052815,0.0020797899207113243,0.0845115836589966,0.07044002520653503,0,30,262.6991143405773,126310.40843333333,3935.694617340406,7266.494484974354,6000.000000000187,causal_sequential_exact_plan,914.461136021948,0,0.0,0.0,0.0,0.0,4.5967333333333045
176,2025-06-26,6000.000000000187,53264.735689181514,56880.83150983866,50933.235901247106,1652.3782595641146,52585.61416081122,0.002928225089736979,0.0813844291887398,0.050863485313411595,0,30,370.9986383282535,126697.44536666667,3008.5782860880918,6614.133612561579,6000.000000000187,causal_sequential_exact_plan,1652.3782595641146,0,0.0,0.0,0.0,0.0,0.0
177,2025-06-27,6000.000000000187,23925.54056230832,29643.69621845772,22608.310540078262,210.8359576321231,22819.146497710386,0.0009752879374421683,0.10807035730704723,0.21201781139014106,0,30,77.59708286513529,79563.255,12676.886107944101,4281.395981896814,6000.000000000186,causal_sequential_exact_plan,210.8359576321231,0,0.0,0.0,0.0,0.0,443.0302876803179
178,2025-06-28,6000.000000000186,22053.98063787304,24073.17845023142,20900.327826911664,1404.5456972880174,22304.87352419968,0.0049547852954252465,0.07559924565426801,0.17212186308845184,0,30,399.660774815313,80661.5728,10135.33509444056,2837.7238293850633,6000.000000000188,causal_sequential_exact_plan,1404.5456972880174,0,0.0,0.0,0.0,0.0,445.4127944567131
179,2025-06-29,6000.000000000188,55592.081909084205,67511.97423759165,53850.4362094505,2638.055524771834,56488.491734222334,0.006212807612348742,0.07771209715386392,0.09883692855808421,0,30,785.2045016801463,126384.80871666667,5645.272820049342,6643.446783830991,6000.000000000188,causal_sequential_exact_plan,2638.055524771834,0,0.0,0.0,0.0,0.0,14.068333333333385
180,2025-06-30,6000.000000000188,56228.13611007297,70257.62945142601,54113.409229204655,2752.323004903855,56865.73223410851,0.006092046730612632,0.0883575795145395,0.0804765002538381,0,30,767.2769625891169,125947.32058333333,4512.28812407251,7588.783294814025,6000.00000000019,causal_sequential_exact_plan,2752.323004903855,0,0.0,0.0,0.0,0.0,20.306699999999978
181,2025-07-01,6000.00000000019,55089.79483190921,66244.67440609986,52884.68150049739,18687.546676118945,71572.22817661634,0.03876078238259541,0.03608118593691714,0.055002086587328816,0,30,5486.4666911367085,141546.85106666666,3447.5476747677553,3041.1726820281347,6000.000000000192,causal_sequential_exact_plan,18687.546676118945,0,0.0,0.0,0.0,0.0,0.0
182,2025-07-02,6000.000000000192,64505.503441645094,70905.03779484906,61988.76528715425,619.9067509661783,62608.67203812043,0.0017876499704086728,0.1139536073538428,0.1192409349606657,0,30,252.41377718276846,141198.65821666666,8143.427516296588,10985.091622366479,6000.000000000194,causal_sequential_exact_plan,619.9067509661783,0,0.0,0.0,0.0,0.0,0.0
183,2025-07-03,6000.000000000194,55464.146355763856,64750.37853273788,52689.33904484703,15255.484283661184,67944.82332850821,0.02489327123235113,0.034550995541694544,0.01570892537792958,0,30,3524.0293503534494,141565.53863333334,970.8920133413054,2910.354896506946,6000.000000000194,causal_sequential_exact_plan,15255.484283661184,0,0.0,0.0,0.0,0.0,0.0
184,2025-07-04,6000.000000000194,28032.408350683963,33868.62371042921,26564.533483809857,6253.041319653285,32817.57480346314,0.024346103305067587,0.047318012361882225,0.18877518818578512,0,30,2332.236566865242,95795.06575000001,12631.74037323719,2093.6681726020997,6000.0000000001955,causal_sequential_exact_plan,6253.041319653285,0,0.0,0.0,0.0,0.0,321.5000709187732
185,2025-07-05,6000.0000000001955,27090.549517361294,28859.382139855217,26263.60185144398,4029.522185956186,30293.124037400165,0.00869623969518701,0.06737481804798419,0.17045543069685065,0,30,833.7331525474906,95872.8349,11434.619884492615,3088.0301597647062,6000.000000000199,causal_sequential_exact_plan,4029.522185956186,0,0.0,0.0,0.0,0.0,314.5986782439601
186,2025-07-06,6000.000000000199,56858.94477055389,64156.582093684665,54748.66838116163,15146.807467649443,69895.47584881107,0.0237262318488576,0.050562202893339674,0.039625405783993595,0,30,3351.2015255391743,141244.57465,2435.004687254577,4424.159793524368,6000.000000000199,causal_sequential_exact_plan,15146.807467649443,0,0.0,0.0,0.0,0.0,0.0
187,2025-07-07,6000.000000000199,58567.90633230871,66119.95206673314,56429.27925834227,2687.2533529273937,59116.532611269664,0.005630808587145937,0.06704546642663263,0.09156397872287043,0,30,796.733480421419,141495.39415,6234.216941230776,5983.081917394638,6000.000000000201,causal_sequential_exact_plan,2687.2533529273937,0,0.0,0.0,0.0,0.0,0.0
188,2025-07-08,6000.000000000201,64273.93146285769,75095.05863319366,61342.33432552994,729.2350299816931,62071.56935551163,0.0011385143217568317,0.13232729097876636,0.059786213658243034,0,30,160.85525439216502,141285.227,3928.781677547161,12756.33991381827,6000.000000000201,causal_sequential_exact_plan,729.2350299816931,0,0.0,0.0,0.0,0.0,0.0
189,2025-07-09,6000.000000000201,61759.28845448964,71566.87848944763,59140.08281019635,344.85248727985726,59484.93529747621,0.000710410615089815,0.09590287078038323,0.07801395536402653,0,30,99.87712919128037,140590.70496666667,5190.4229140996085,8864.243440140375,6000.000000000201,causal_sequential_exact_plan,344.85248727985726,0,0.0,0.0,0.0,0.0,0.0
190,2025-07-10,6000.000000000201,59822.25988260706,70389.6655720494,56986.44241367276,447.33549617460596,57433.77790984737,0.0011410921303211272,0.08767862858379841,0.06752659999477122,0,30,160.28184265850416,140463.54225,4565.467946988336,7842.722138634827,6000.000000000203,causal_sequential_exact_plan,447.33549617460596,0,0.0,0.0,0.0,0.0,0.0
191,2025-07-11,6000.000000000203,31814.16146675427,37490.747993302226,30488.93719922006,1513.7112064082455,32002.648405628308,0.0036655788432170397,0.14717729765315696,0.11126956546776444,0,30,347.28092922239534,94741.08840000001,6923.44953518749,7443.2154916526815,6000.000000000204,causal_sequential_exact_plan,1513.7112064082455,0,0.0,0.0,0.0,0.0,966.8836860079449
192,2025-07-12,6000.000000000204,28464.13724931334,30444.782469507783,27184.125074600845,702.9775293241064,27887.102603924952,0.0024794537173055482,0.060449633208481506,0.13921939422173768,0,30,236.3374895514047,95318.37109999999,8942.636356037034,2769.581001051014,6000.000000000208,causal_sequential_exact_plan,702.9775293241064,0,0.0,0.0,0.0,0.0,254.05537055190132
193,2025-07-13,6000.000000000208,57643.415072633994,68925.5521263685,55596.151040449564,533.8721510690543,56130.023191518616,0.0009859537572241585,0.09851902899091217,0.07751286684630913,0,30,137.92839029497867,139893.36648333335,5474.39630079197,8619.203525497429,6000.000000000208,causal_sequential_exact_plan,533.8721510690543,0,0.0,0.0,0.0,0.0,0.0
194,2025-07-14,6000.000000000208,56763.781766233304,65541.39805050952,54304.09107723438,506.8696994310925,54810.96077666547,0.000731238000805404,0.069054410981615,0.06015520040043379,0,30,103.15020452453064,141062.42346666666,4166.03301903954,5944.5263012737805,6000.000000000208,causal_sequential_exact_plan,506.8696994310925,0,0.0,0.0,0.0,0.0,0.0
195,2025-07-15,6000.000000000208,61715.54410175273,71603.32524741814,59061.558998799504,628.6946299640424,59690.253628763545,0.0016412115218168268,0.10632022381234119,0.08870515077838503,0,30,229.02312878233664,139545.16266666667,5925.1591937619905,9844.131640646516,6000.00000000021,causal_sequential_exact_plan,628.6946299640424,0,0.0,0.0,0.0,0.0,0.0
196,2025-07-16,6000.00000000021,55995.91158579415,62363.37228239847,54032.935595535644,2839.309424907705,56872.24502044335,0.005711289207881621,0.05273245109245891,0.07897337368270105,0,30,801.6666253452714,140365.26538333335,5388.408725679018,4513.095323284838,6000.000000000212,causal_sequential_exact_plan,2839.309424907705,0,0.0,0.0,0.0,0.0,0.0
197,2025-07-17,6000.000000000212,56817.11251390195,67151.68051202249,54451.74487522653,3321.6127195943745,57773.35759482091,0.005764921694296102,0.07713715244777086,0.05337668644788829,0,30,804.6052742071565,139569.15928333334,3568.164406111416,6670.341173601817,6000.000000000212,causal_sequential_exact_plan,3321.6127195943745,0,0.0,0.0,0.0,0.0,0.0
198,2025-07-18,6000.000000000212,30010.04989581639,31031.445480285947,29143.49141616282,147.5313296663659,29291.022745829185,0.00037211722630994587,0.12275389369831408,0.1208401429088592,0,30,34.866667109770276,93698.0732,7543.303946001632,5981.978367423377,6000.000000000213,causal_sequential_exact_plan,147.5313296663659,0,0.0,0.0,0.0,0.0,926.8117873649556
199,2025-07-19,6000.000000000213,29993.369424653723,35885.01709283336,28726.60630704923,55.999885182770285,28782.606192232,0.00023162643410095188,0.09306702027448946,0.18756413945496875,0,30,21.90364311597159,94564.52240000002,12638.391203852734,4472.305698394836,6000.000000000214,causal_sequential_exact_plan,55.999885182770285,0,0.0,0.0,0.0,0.0,743.0657626958912
200,2025-07-20,6000.000000000214,57132.113189006246,64434.62143523351,54933.55414177014,2153.9303372632844,57087.484479033425,0.004344120100811141,0.07810324880119283,0.062100194497977795,0,30,602.7490044546521,138750.53876666666,4139.6337754992255,6773.670868973121,6000.000000000217,causal_sequential_exact_plan,2153.9303372632844,0,0.0,0.0,0.0,0.0,0.0
201,2025-07-21,6000.000000000217,58786.05883461323,65578.96156806982,56082.96377769139,1635.2494940206448,57718.21327171203,0.0028012791512518,0.08639076221054022,0.05544802755918222,0,30,387.8169847462499,138442.8198,3573.795626585513,7703.078054106941,6000.000000000217,causal_sequential_exact_plan,1635.2494940206448,0,0.0,0.0,0.0,0.0,0.0
202,2025-07-22,6000.000000000217,58822.323646707904,67239.78946515103,55978.25205361556,2649.7348010118085,58627.986854627365,0.004405659708095962,0.09798822676865232,0.04186595514788847,0,30,614.6549921692849,139514.85881666664,2751.418607029249,8705.097969759317,6000.000000000217,causal_sequential_exact_plan,2649.7348010118085,0,0.0,0.0,0.0,0.0,0.0
203,2025-07-23,6000.000000000217,58673.30324399635,68527.80762231314,56147.2516650777,2574.6367939387783,58721.88845901648,0.004452586513651604,0.0854862024853357,0.0529146466699008,0,30,620.9133391582523,139450.03365,3451.8068909570648,7594.33220850763,6000.000000000217,causal_sequential_exact_plan,2574.6367939387783,0,0.0,0.0,0.0,0.0,0.0
204,2025-07-24,6000.000000000217,57461.95088646653,65101.290023199064,55200.80016963242,3804.4268595020376,59005.22702913446,0.00653876200312795,0.07107861291198517,0.06300195796854867,0,30,908.2485420481935,138902.21751666666,4113.129794986398,6207.730189904363,6000.000000000217,causal_sequential_exact_plan,3804.4268595020376,0,0.0,0.0,0.0,0.0,0.0
205,2025-07-25,6000.000000000217,28612.093799402366,31934.791956648744,27358.33809420062,244.37168901716242,27602.709783217782,0.0008371541879122631,0.09484499518323974,0.17415956636564436,0,30,77.31524081486816,92354.83968333332,11468.323868904441,4354.960937633183,6000.000000000219,causal_sequential_exact_plan,244.37168901716242,0,0.0,0.0,0.0,0.0,620.831199235316
206,2025-07-26,6000.000000000219,28173.247160581082,31431.376999445667,27017.076216528003,828.2836301238085,27845.359846651812,0.0033697943565244976,0.08556907529755496,0.1546914153212257,0,30,314.0233516349014,93187.68993333334,10011.411578945634,3893.3606211361293,6000.000000000221,causal_sequential_exact_plan,828.2836301238085,0,0.0,0.0,0.0,0.0,385.5901062067238
207,2025-07-27,6000.000000000221,55759.48137071049,59658.18821761235,53263.314781249646,4765.0581790985225,58028.37296034817,0.00854314053670336,0.06792813145517469,0.03607565062387071,0,30,1179.8948164002027,138110.19628333332,2324.1740253333387,5763.054760932482,6000.000000000221,causal_sequential_exact_plan,4765.0581790985225,0,0.0,0.0,0.0,0.0,0.0
208,2025-07-28,6000.000000000221,58400.84153329818,64613.80893663536,56251.75253236979,4221.2070201438355,60472.959552513625,0.007453294230960563,0.05823220975832726,0.038415298012722934,0,30,1030.26139657462,138228.99843333333,2315.448328352981,5175.0116258011,6000.000000000221,causal_sequential_exact_plan,4221.2070201438355,0,0.0,0.0,0.0,0.0,0.0
209,2025-07-29,6000.000000000221,62437.29502368743,69617.47368340498,59555.38010305414,930.3130624432265,60485.69316549737,0.0017768603852803169,0.10031339963672023,0.06235542662543617,0,30,245.76599129794914,138314.74511666666,3881.344656050731,9388.23211115432,6000.000000000223,causal_sequential_exact_plan,930.3130624432265,0,0.0,0.0,0.0,0.0,0.0
210,2025-07-30,6000.000000000223,58235.57386855789,64920.01126179646,55493.68573606107,1234.2595261361137,56727.94526219718,0.002296048658374881,0.06947269944981939,0.0619856343981719,0,30,317.82907624355056,138424.36443333334,3986.9848323057586,6123.4260978445345,6000.000000000223,causal_sequential_exact_plan,1234.2595261361137,0,0.0,0.0,0.0,0.0,0.0
211,2025-07-31,6000.000000000223,59920.634994482374,67389.36495412569,57320.55401555384,745.2531174948914,58065.80713304873,0.0012941008744433511,0.09088995692538716,0.0497188825654681,0,30,177.83963044964128,137423.31371666666,3118.7818488259536,8198.086297870874,6000.000000000223,causal_sequential_exact_plan,745.2531174948914,0,0.0,0.0,0.0,0.0,0.0
212,2025-08-01,6000.000000000223,27384.810955225257,29606.5390750907,26400.511433728963,593.0897489108218,26993.601182639784,0.002904487908064694,0.07444754463308655,0.23639995369676198,0,30,269.3024461411722,92719.4241,16895.0471228372,3328.5559980534063,6000.000000000224,causal_sequential_exact_plan,593.0897489108218,0,0.0,0.0,0.0,0.0,455.94909208354807
213,2025-08-02,6000.000000000224,27294.329504727793,29230.080821270298,26411.182337556947,307.4416525570954,26718.623990114043,0.0009946665765625516,0.0914848626029465,0.22349692221811163,0,30,91.07390399737614,91562.24421666667,15786.75411002641,4051.858021346337,6000.000000000226,causal_sequential_exact_plan,307.4416525570954,0,0.0,0.0,0.0,0.0,567.3278200957405
214,2025-08-03,6000.000000000226,53103.35986258366,57359.344942104646,50997.92021301467,2070.678589079344,53068.59880209402,0.003378763735101645,0.07508600090589064,0.11325561616274536,0,30,466.4805213815931,138062.48615,8519.427913019828,6098.767706633584,6000.000000000226,causal_sequential_exact_plan,2070.678589079344,0,0.0,0.0,0.0,0.0,0.0
215,2025-08-04,6000.000000000226,49084.47431225014,51225.89993927857,46966.656449652546,4235.472722963552,51202.1291726161,0.008221983568401151,0.04611430637871306,0.045287226929795456,0,30,1137.1998706538425,138312.10695,3301.278158062645,3450.26038702844,6000.000000000227,causal_sequential_exact_plan,4235.472722963552,0,0.0,0.0,0.0,0.0,0.0
216,2025-08-05,6000.000000000227,50731.16992497429,55585.26983599412,48658.62644834936,1156.6846405979409,49815.311088947296,0.0023821773380750554,0.06387324770266435,0.05232016720078004,0,30,325.0683398161332,136458.49728333333,3730.7516550661803,4939.807294081267,6000.000000000229,causal_sequential_exact_plan,1156.6846405979409,0,0.0,0.0,0.0,0.0,0.0
217,2025-08-06,6000.000000000229,50313.26927050685,51684.890394133035,48246.796284807395,9276.198999762973,57522.99528457037,0.01731413576282393,0.04489234041471106,0.06082546618393998,0,30,2367.1209051313567,136716.0878,4172.72968604545,3476.081045046275,6000.000000000231,causal_sequential_exact_plan,9276.198999762973,0,0.0,0.0,0.0,0.0,0.0
218,2025-08-07,6000.000000000231,50497.155418903785,51368.494547662725,48643.0965121393,2365.2969615552734,51008.393473694574,0.004789164017912099,0.06499592315632492,0.08216194173753669,0,30,655.4007091158835,136850.75446666667,6035.84376425787,5056.583204437449,6000.000000000231,causal_sequential_exact_plan,2365.2969615552734,0,0.0,0.0,0.0,0.0,0.0
219,2025-08-08,6000.000000000231,25710.021847693235,26572.489267822588,24718.66988348573,898.8044212859261,25617.47430477166,0.002856670521505164,0.061096390598070816,0.2695964755116906,0,30,259.1092036861938,90703.21611666666,20200.336813035152,2563.950433036646,6000.000000000231,causal_sequential_exact_plan,898.8044212859261,0,0.0,0.0,0.0,0.0,645.3119838077228
220,2025-08-09,6000.000000000231,24646.575742463992,25547.42502266217,23614.78654748113,2944.985311891449,26559.77185937258,0.008549260733103293,0.03765409246234334,0.24518978534217406,0,30,772.0310028290414,90303.83175,17502.113412588442,1534.2051151041014,6000.000000000234,causal_sequential_exact_plan,2944.985311891449,0,0.0,0.0,0.0,0.0,518.4944687266201
221,2025-08-10,6000.000000000234,50379.29222174052,52312.39562421756,48492.108224868025,1676.5339347553875,50168.642159623414,0.0034344666076474317,0.05186239973416414,0.060063729418560176,0,30,468.92642563968354,136535.44471666665,4278.389039103298,3993.828929544771,6000.00000000023,causal_sequential_exact_plan,1676.5339347553875,0,0.0,0.0,0.0,0.0,0.0
222,2025-08-11,6000.00000000023,49556.341130467794,51711.4040697007,47702.05228200186,3159.6295954530847,50861.68187745495,0.005683343619437444,0.05109907521446872,0.061448076612660774,0,30,775.334600906661,136422.26351666666,4415.720859208663,3879.5562655234517,6000.00000000023,causal_sequential_exact_plan,3159.6295954530847,0,0.0,0.0,0.0,0.0,0.0
223,2025-08-12,6000.00000000023,48615.449666873006,50547.92051968668,47084.864669282426,8881.211162725784,55966.07583200821,0.01566125890882816,0.030876599756923966,0.04217660989144309,0,30,2139.916778598744,136637.5967,2905.0005969620806,2309.0255822245194,6000.00000000023,causal_sequential_exact_plan,8881.211162725784,0,0.0,0.0,0.0,0.0,0.0
224,2025-08-13,6000.00000000023,50089.757426166165,52173.288087191555,48373.77510941078,3580.450742190402,51954.22585160118,0.007106654301450538,0.05425166585421518,0.05084927593334748,0,30,970.3994115373916,136547.99718333333,3581.162857885023,4171.5424710220295,6000.000000000232,causal_sequential_exact_plan,3580.450742190402,0,0.0,0.0,0.0,0.0,0.0
225,2025-08-14,6000.000000000232,49870.19186871538,51762.22728576906,48075.44352805576,3891.475097407701,51966.91862546346,0.006419383468887973,0.049701164344711876,0.0521868259521581,0,30,872.6256666466202,135936.05536666667,3653.5873888246138,3801.9295081516707,6000.000000000234,causal_sequential_exact_plan,3891.475097407701,0,0.0,0.0,0.0,0.0,0.0
226,2025-08-15,6000.000000000234,25461.630174112688,26304.443765843618,24467.747336425426,1283.0690371890291,25750.816373614456,0.0050975807477319675,0.04725204483324172,0.2668028352794106,0,30,458.6194391821975,89968.05776666666,19425.46911163481,1958.6002450067563,6000.000000000235,causal_sequential_exact_plan,1283.0690371890291,0,0.0,0.0,0.0,0.0,324.88640639536914
227,2025-08-16,6000.000000000235,25353.955175159677,26049.209025538217,24533.00842772534,1600.6543052763038,26133.662733001645,0.004158288426208489,0.04619306967629105,0.2691013631459951,0,30,375.00913048902703,90183.53035,19712.81852675249,1927.471702365435,6000.000000000233,causal_sequential_exact_plan,1600.6543052763038,0,0.0,0.0,0.0,0.0,491.8645088310794
228,2025-08-17,6000.000000000233,49623.14367288065,51336.193400903496,47686.6877575284,2647.1797783597267,50333.86753588813,0.004499565007636507,0.048954543952008586,0.07400118243402297,0,30,609.1021397180698,135369.1165,5343.160869505189,3695.857234354767,6000.000000000235,causal_sequential_exact_plan,2647.1797783597267,0,0.0,0.0,0.0,0.0,0.0
229,2025-08-18,6000.000000000235,49243.32732648023,50896.26232660048,47505.215956409025,3203.9021476571015,50709.118104066125,0.005475842018192556,0.060445831166895204,0.045737965366567365,0,30,743.1274770097764,135710.17471666666,3261.8514411958713,4552.160510581732,6000.000000000235,causal_sequential_exact_plan,3203.9021476571015,0,0.0,0.0,0.0,0.0,0.0
230,2025-08-19,6000.000000000235,49873.97038560949,51734.350355988805,48115.852524242015,2942.5933417724164,51058.44586601443,0.005981072106684802,0.0430490131048755,0.07631469435026313,0,30,809.6247328093174,135364.48288333334,5421.916569083129,3282.923153294648,6000.000000000235,causal_sequential_exact_plan,2942.5933417724164,0,0.0,0.0,0.0,0.0,0.0
231,2025-08-20,6000.000000000235,49637.225274366996,50962.42637350452,47713.77324847276,12692.522808268324,60406.296056741085,0.025374170280318065,0.045864359859428806,0.010823662640248194,0,30,3426.7323097635326,135048.05366666667,697.0153277041363,3457.8088004874517,6000.0000000002365,causal_sequential_exact_plan,12692.522808268324,0,0.0,0.0,0.0,0.0,0.0
232,2025-08-21,6000.0000000002365,57283.5558700223,60110.06688313785,55208.845106725974,1083.9710707504537,56292.81617747643,0.0021638101592885484,0.10884399089051738,0.10863697916350076,0,30,292.05334967727094,134971.7989,7509.789785952809,9446.55095792756,6000.000000000227,causal_sequential_exact_plan,1083.9710707504537,0,0.0,0.0,0.0,0.0,0.0
233,2025-08-22,6000.000000000227,25451.225557642432,26280.366516505943,24381.29529687921,3815.1932667065876,28196.488563585797,0.010671031138272119,0.034356764391501544,0.23999230886347217,0,30,966.0669141000566,90531.7304,16631.74563530921,1433.5725934724205,6000.000000000226,causal_sequential_exact_plan,3815.1932667065876,0,0.0,0.0,0.0,0.0,356.2445555109183
234,2025-08-23,6000.000000000226,26584.608087978217,27158.628427689564,25607.839660441008,440.1483018889642,26047.98796232997,0.0015834369529448518,0.059944711115994934,0.22125157332241202,0,30,142.02977591955812,89697.14623333333,14860.835419004345,2599.3149459434344,6000.0000000002265,causal_sequential_exact_plan,440.1483018889642,0,0.0,0.0,0.0,0.0,473.746186068943
235,2025-08-24,6000.0000000002265,51335.82182325386,54083.991979530656,49563.86907642461,1524.3746534215231,51088.24372984614,0.0028282199523633885,0.06719973968220495,0.08067075603010121,0,30,382.0022144607227,135068.0714,5754.606587233084,5281.64354062349,6000.0000000002265,causal_sequential_exact_plan,1524.3746534215231,0,0.0,0.0,0.0,0.0,0.0
236,2025-08-25,6000.0000000002265,51440.00644425012,54744.93983711009,49719.0168069951,5571.235995729487,55290.252802724586,0.012188878232181932,0.039104283398467846,0.03567066483625934,0,30,1639.545680813039,134511.61375000002,2273.5956242616894,3078.114167691311,6000.0000000002265,causal_sequential_exact_plan,5571.235995729487,0,0.0,0.0,0.0,0.0,0.0
237,2025-08-26,6000.0000000002265,57515.885398047765,61336.70404516378,55230.386650966284,287.8019324848149,55518.1885834511,0.0007406733019145158,0.11133465107858452,0.11057124122357675,0,30,99.5235041913345,134368.96393333335,7611.740339475184,9691.42073367204,6000.0000000002265,causal_sequential_exact_plan,287.8019324848149,0,0.0,0.0,0.0,0.0,0.0
238,2025-08-27,6000.0000000002265,51597.499908574835,54564.3455533641,49885.77482788082,1645.241970152828,51531.01679803365,0.003349351405852352,0.05004824925782783,0.04854746060210357,0,30,448.10430567334663,133788.3821,3198.0267425890315,3945.2587993577154,6000.0000000002265,causal_sequential_exact_plan,1645.241970152828,0,0.0,0.0,0.0,0.0,0.0
239,2025-08-28,6000.0000000002265,53748.195310405834,56099.95705000354,51894.52903070006,8229.488771271044,60124.0178019711,0.01534324505313771,0.06326546933666338,0.055295165233822406,0,30,2064.3387479667754,134543.81656666665,3526.5056514062408,5168.724956223722,6000.00000000023,causal_sequential_exact_plan,8229.488771271044,0,0.0,0.0,0.0,0.0,0.0
240,2025-08-29,6000.00000000023,27562.091140287153,28531.482755743637,26544.597204989615,797.0722270220776,27341.669432011695,0.0018678613884011545,0.08249688945432616,0.2276258828717044,0,30,164.98508187200187,88328.33254999999,14971.662733744673,3688.9088257532626,6000.00000000023,causal_sequential_exact_plan,797.0722270220776,0,0.0,0.0,0.0,0.0,623.0377681475413
241,2025-08-30,6000.00000000023,26576.715917224767,27746.311301927526,25650.722530999494,1411.0412632304597,27061.763794229955,0.005709157984953416,0.04926553483479489,0.27937710605332605,0,30,508.25828963756476,89025.08758333334,19699.541242962878,2131.357813048847,6000.00000000023,causal_sequential_exact_plan,1411.0412632304597,0,0.0,0.0,0.0,0.0,386.2627806054719
242,2025-08-31,6000.00000000023,52532.61451502865,55887.29812414985,50477.863748316326,1611.0584846582947,52088.92223297462,0.0029021926813335612,0.057359329233004054,0.07190813886857604,0,30,387.05197125171696,133365.35983333335,4797.620187354967,4580.763534867157,6000.000000000232,causal_sequential_exact_plan,1611.0584846582947,0,0.0,0.0,0.0,0.0,0.0
243,2025-09-01,6000.000000000232,51731.74981453696,55487.02780347585,49749.20146221004,379.775068189203,50128.976530399246,0.001347096100074254,0.17359235219156136,0.10281045863628271,0,30,163.35374859501587,121263.61926666668,6959.186970287657,13626.738101407384,6000.000000000236,causal_sequential_exact_plan,379.775068189203,0,0.0,0.0,0.0,0.0,315.4902892476905
244,2025-09-02,6000.000000000236,40366.44427335171,43745.095840444315,38727.44855353476,8528.651922355393,47256.100475890154,0.012592969005908483,0.07194917294781226,0.055824973701311696,0,30,1530.459087721476,121532.82415,3766.7939133417103,4679.744667529192,6000.000000000237,causal_sequential_exact_plan,8528.651922355393,0,0.0,0.0,0.0,0.0,0.0
245,2025-09-03,6000.000000000237,42965.79347658411,45385.528527040384,41289.92794060176,1975.7789804567253,43265.70692105848,0.004049215199840464,0.04431124307085185,0.0719409599241678,0,30,491.71125035497005,121433.71643333333,4739.902026811936,2969.52914149988,6000.000000000239,causal_sequential_exact_plan,1975.7789804567253,0,0.0,0.0,0.0,0.0,276.32841278452577
246,2025-09-04,6000.000000000239,43514.25799478054,47543.27362684675,41488.262705783,2850.6645541977687,44338.927259980774,0.005475247595109406,0.0579452313777561,0.08757717295861153,0,30,662.839896511882,121061.17303333333,5879.546708249338,3902.5571751289626,6000.000000000239,causal_sequential_exact_plan,2850.6645541977687,0,0.0,0.0,0.0,0.0,221.1369894411398
247,2025-09-05,6000.000000000239,24834.199137742507,25561.085329586036,23860.45836002976,0.0,23860.45836002976,0.0,0.2005050846096388,0.3169356210695202,0,30,0.0,75132.98045,21649.466212058956,8252.831705475583,6000.000000000239,causal_sequential_exact_plan,0.0,0,0.0,0.0,0.0,0.0,1393.6519961830122
248,2025-09-06,6000.000000000239,21714.593867715554,22728.395529676094,20836.645520210157,3571.4888712726292,24408.134391482785,0.011258745203671709,0.11338756714823467,0.3010648880234429,0,30,853.7098264607746,75826.37416666666,20504.11164815105,4077.918925395215,6000.000000000239,causal_sequential_exact_plan,3571.4888712726292,0,0.0,0.0,0.0,0.0,1475.0229408311643
249,2025-09-07,6000.000000000239,41611.80997896174,45810.73342384879,39475.294987010144,5234.91316180248,44710.20814881263,0.014842842563047295,0.039834585419068806,0.054101742343401246,0,30,1792.7335016877596,120781.00903333332,3560.9780561286216,2532.5828925549235,6000.000000000237,causal_sequential_exact_plan,5234.91316180248,0,0.0,0.0,0.0,0.0,250.03933946822053
250,2025-09-08,6000.000000000237,41283.74484787337,44449.23482512322,39142.86545767929,16434.61569173485,55577.48114941414,0.029810008941687748,0.03751395088810172,0.04993336696992534,0,30,3618.9527459638566,121400.59243333334,3096.1195624443244,2454.0742229506614,6000.000000000237,causal_sequential_exact_plan,16434.61569173485,0,0.0,0.0,0.0,0.0,9.804984540657415
251,2025-09-09,6000.000000000237,45548.389480789025,50474.057436777206,43042.68280587048,8039.627358023587,51082.310163894064,0.012680662377190165,0.08198306608332546,0.14111523587261646,0,30,1535.4029493076512,121082.23558333333,9592.929251280671,5841.755900810054,6000.0000000002365,causal_sequential_exact_plan,8039.627358023587,0,0.0,0.0,0.0,0.0,21.80627391805649
252,2025-09-10,6000.0000000002365,45872.38171449468,48235.46207386208,43561.02620888465,5511.301290600959,49072.32749948561,0.012100556322174062,0.06677895939339486,0.010982975026496259,0,30,1467.4924085023213,121274.78848333334,658.5258913584378,4648.142161114128,6000.000000000238,causal_sequential_exact_plan,5511.301290600959,0,0.0,0.0,0.0,0.0,318.49327678356747
253,2025-09-11,6000.000000000238,48860.14652684809,53138.57816623042,46130.890770760576,915.6599456263964,47046.55071638697,0.00213709308147386,0.1046202463780863,0.12630534575972086,0,30,258.04710462204264,120746.77835000001,8494.121977213523,7756.8519704515475,6000.000000000244,causal_sequential_exact_plan,915.6599456263964,0,0.0,0.0,0.0,0.0,370.34513791664585
254,2025-09-12,6000.000000000244,20078.44065350288,22920.379986086762,19345.145751938013,1300.4283174911666,20645.574069429178,0.006170561314850234,0.0459899035795594,0.27035803331256575,0,30,467.032675674387,75687.22711666668,17339.566818408588,1568.980051995785,6000.000000000246,causal_sequential_exact_plan,1300.4283174911666,0,0.0,0.0,0.0,0.0,1082.5795824699962
255,2025-09-13,6000.000000000246,21077.578219249714,23597.970948630675,20110.42683320463,847.4705619858685,20957.8973951905,0.002943028249098254,0.0609703774648211,0.3149871521207666,0,30,220.91424559088478,75063.58311666668,21121.930180922158,2154.449587868573,6000.000000000247,causal_sequential_exact_plan,847.4705619858685,0,0.0,0.0,0.0,0.0,1233.4384021860167
256,2025-09-14,6000.000000000247,45596.997858088376,49264.28445042608,43805.57008944296,3300.14791316769,47105.71800261065,0.008938706778352715,0.05065928734102509,0.0432948997456303,0,30,1083.708212047497,121237.69566666667,2646.9796394482423,3533.202445991289,6000.000000000247,causal_sequential_exact_plan,3300.14791316769,0,0.0,0.0,0.0,0.0,390.9318624224561
257,2025-09-15,6000.000000000247,46252.004294497456,51423.59158525839,44219.37822379191,4686.225829669605,48905.60405346152,0.009388021165943202,0.0783743691276567,0.11745399429704384,0,30,1133.697716544667,120760.02988333334,7715.905159265205,5624.919744672504,6000.00000000025,causal_sequential_exact_plan,4686.225829669605,0,0.0,0.0,0.0,0.0,217.16807911933427
258,2025-09-16,6000.00000000025,46303.49429503492,50251.589828139055,43870.283100808694,3124.0302687120375,46994.31336952073,0.01041242341585952,0.03970242499915624,0.06999138637309582,0,30,1268.6846283528619,121843.35746666667,4364.074050521869,2770.294431336477,6000.000000000251,causal_sequential_exact_plan,3124.0302687120375,0,0.0,0.0,0.0,0.0,268.20678213464896
259,2025-09-17,6000.000000000251,46073.93514323672,51474.56297725684,43969.53787017902,1594.1728206734092,45563.71069085243,0.003936465525275914,0.05825782190825137,0.04428014296890448,0,30,476.0162866685572,120924.795,2699.5245959010254,4123.038759560254,6000.000000000254,causal_sequential_exact_plan,1594.1728206734092,0,0.0,0.0,0.0,0.0,303.75763534203975
260,2025-09-18,6000.000000000254,47593.65453633329,52495.22714565592,44919.91314271669,1286.9468969109153,46206.8600396276,0.0030036868784820273,0.07293544697491848,0.0525927596101055,0,30,362.8577391971726,120804.11636666667,3252.7604280433693,5209.51217399756,6000.000000000254,causal_sequential_exact_plan,1286.9468969109153,0,0.0,0.0,0.0,0.0,214.92188769509573
261,2025-09-19,6000.000000000254,21924.066133999382,23745.032777954184,20992.569562982924,722.4698763616826,21715.039439344608,0.003016669132564685,0.07119796076138615,0.23297781763872735,0,30,227.11635049148708,75287.12646666667,13788.972496725602,2613.2889075544554,6000.000000000256,causal_sequential_exact_plan,722.4698763616826,0,0.0,0.0,0.0,0.0,1388.0497767961376
262,2025-09-20,6000.000000000256,21071.800485787673,22019.035002565506,20357.93373096076,680.8231816186467,21038.756912579407,0.0024112614949042136,0.06749410323719632,0.231453474060925,0,30,181.64208292537347,75330.72763333333,13814.368623502334,2420.470789243465,6000.000000000259,causal_sequential_exact_plan,680.8231816186467,0,0.0,0.0,0.0,0.0,1123.32832516697
263,2025-09-21,6000.000000000259,50527.73636434077,53539.42917573978,48460.75813393704,546.2467169820839,49007.00485091912,0.001972594461789563,0.07620270768169847,0.12357855794386356,0,30,238.41227005216626,120862.28298333334,7732.902991522163,5819.866405149165,6000.000000000265,causal_sequential_exact_plan,546.2467169820839,0,0.0,0.0,0.0,0.0,338.55046390025564
264,2025-09-22,6000.000000000265,47478.89142578501,52464.951705659754,45278.79115301236,2050.450071531739,47329.2412245441,0.005058684504272403,0.044566035454352886,0.07718437850237986,0,30,613.2038293546589,121218.04173333335,4677.6837612369,3222.526858890761,6000.000000000266,causal_sequential_exact_plan,2050.450071531739,0,0.0,0.0,0.0,0.0,303.41615177144
265,2025-09-23,6000.000000000266,49729.78733787336,51731.77295253602,48103.79541004973,470.1375206705101,48573.93293072024,0.0010754442376750494,0.07624670803548239,0.06294767835880052,0,30,130.32478616825006,121182.28133333335,3718.04652967942,5797.857006965932,6000.000000000266,causal_sequential_exact_plan,470.1375206705101,0,0.0,0.0,0.0,0.0,325.63475037562137
266,2025-09-24,6000.000000000266,48329.653221613924,53392.96869959658,46005.21122643185,1328.7482921163437,47333.959518548196,0.0033062533636284805,0.05984783010158073,0.06593483109729092,0,30,400.10358403064174,121014.19341666668,3952.8569700784565,4402.632830600318,6000.000000000266,causal_sequential_exact_plan,1328.7482921163437,0,0.0,0.0,0.0,0.0,412.44177359764933
267,2025-09-25,6000.000000000266,48998.961162405314,53406.447817087705,47133.71425304747,1199.7361590194255,48333.45041206689,0.002987835980162821,0.061133973915120376,0.08857808363834933,0,30,360.17271329196797,120546.34715000002,5333.365981128642,4559.789344915775,6000.000000000268,causal_sequential_exact_plan,1199.7361590194255,0,0.0,0.0,0.0,0.0,482.6142598781116
268,2025-09-26,6000.000000000268,21440.108833649927,23348.05546915128,20320.53838470971,370.55537870064245,20691.093763410354,0.001196442444188089,0.078287196361401,0.21142022803247681,0,30,88.76927390572428,74194.35371666666,11945.26618586774,2839.404499577266,6000.000000000268,causal_sequential_exact_plan,370.55537870064245,0,0.0,0.0,0.0,0.0,791.9246569382906
269,2025-09-27,6000.000000000268,22007.983865734263,23303.09405020047,20998.743063174028,1205.577988625868,22204.321051799896,0.005134518990677843,0.060084647863557786,0.22526952548413345,0,30,389.94500731205983,75945.77175,13098.177053791671,2199.5440497846803,6000.00000000027,causal_sequential_exact_plan,1205.577988625868,0,0.0,0.0,0.0,0.0,858.3434826773478
270,2025-09-28,6000.00000000027,49253.01869525261,53945.26442380272,46985.77090663773,1154.5452172172443,48140.31612385497,0.00281592591219918,0.06536757610990984,0.034646591363536546,0,30,339.0082493445102,120389.61958333335,1971.4600097381228,4876.297166269538,6000.00000000027,causal_sequential_exact_plan,1154.5452172172443,0,0.0,0.0,0.0,0.0,401.65400430822126
271,2025-09-29,6000.00000000027,50624.01951682225,55910.78266505471,48456.60617266307,745.7441095716067,49202.35028223468,0.0021614255596448936,0.06441935985853049,0.07829861179771293,0,30,261.77330751347483,121111.4148,4568.84326284204,4943.464027129068,6000.00000000027,causal_sequential_exact_plan,745.7441095716067,0,0.0,0.0,0.0,0.0,293.5429328817927
272,2025-09-30,6000.00000000027,50632.52243869472,54783.74862267447,48668.10792333349,359.2518124329921,49027.359735766484,0.0009199332997197935,0.06263419557320123,0.034336702526382164,0,30,111.23507349989882,120916.45506666668,1905.49059457677,4810.454086621287,6000.0000000002665,causal_sequential_exact_plan,359.2518124329921,0,0.0,0.0,0.0,0.0,496.16501156299967
273,2025-10-01,6000.0000000002665,50723.90027947879,53675.51737077078,48279.77252247553,85.78524036923234,48365.55776284476,0.0003152438641991879,0.153889395121565,0.14696380207456688,0,30,36.95239862033952,117218.45471666667,9928.423757120141,11837.313287024268,6000.000000000259,causal_sequential_exact_plan,85.78524036923234,0,0.0,0.0,0.0,0.0,1162.0562232144375
274,2025-10-02,6000.000000000259,46948.39073777211,49184.78603441501,45050.47582250748,108.7829302297736,45159.25875273725,0.0003822475726472941,0.12162522463248668,0.10578312052401442,0,30,44.811536501971204,117231.70978333332,6928.89242001463,8835.977409732133,6000.000000000259,causal_sequential_exact_plan,108.7829302297736,0,0.0,0.0,0.0,0.0,877.0680660885776
275,2025-10-03,6000.000000000259,43100.1673313103,47728.33056618402,41235.28182486292,0.0,41235.28182486292,0.0,0.40884938414382377,0.34671035792794846,0,30,0.0,71524.19113333334,22087.88975104021,27286.621013761673,6000.000000000258,causal_sequential_exact_plan,0.0,0,0.0,0.0,0.0,0.0,5465.867960210827
276,2025-10-04,6000.000000000258,19093.896057208964,21433.707823006018,18206.60141634816,1124.1782178627273,19330.779634210885,0.003952481895692704,0.06129864599510265,0.2518126508684003,0,30,286.14947142370437,72397.41483333333,14932.85089293724,2077.2804611071333,6000.00000000026,causal_sequential_exact_plan,1124.1782178627273,0,0.0,0.0,0.0,0.0,983.289026086019
277,2025-10-05,6000.00000000026,45160.93263306094,50239.242080316304,43147.19519621981,389.08292456813365,43536.27812078794,0.0015345255753085598,0.0617352433405904,0.08822424095238225,0,30,180.4669916404025,117604.4209,5546.5221486411665,4287.527035705624,6000.000000000262,causal_sequential_exact_plan,389.08292456813365,0,0.0,0.0,0.0,0.0,834.1866333333343
278,2025-10-06,6000.000000000262,44446.3253142261,47241.156162423555,42659.989653108394,357.20164260271446,43017.191295711105,0.000961728563341765,0.05541518374274063,0.06275333350306907,0,30,113.38408162705582,117896.13613333335,3775.4304905639274,3866.2676306777676,6000.000000000265,causal_sequential_exact_plan,357.20164260271446,0,0.0,0.0,0.0,0.0,404.280981590201
279,2025-10-07,6000.000000000265,45143.090758791695,47467.81184483894,43563.29783780196,961.2102794192317,44524.508117221194,0.00201120321944395,0.06632612372276936,0.049320199148896744,0,30,236.02913549221876,117357.17863333333,2938.774429445615,4654.462562948728,6000.000000000266,causal_sequential_exact_plan,961.2102794192317,0,0.0,0.0,0.0,0.0,850.2533051145823
280,2025-10-08,6000.000000000266,46049.90687499212,49167.358897436054,44420.68892002817,403.42977811173535,44824.11869813991,0.0012052568360854342,0.07079257588222294,0.08630707729493513,0,30,141.48638039266893,117391.06235,5257.185600971341,5063.554424714503,6000.000000000267,causal_sequential_exact_plan,403.42977811173535,0,0.0,0.0,0.0,0.0,712.5799591393252
281,2025-10-09,6000.000000000267,44896.76462130929,46420.08734185266,43407.74992962334,445.7844057964071,43853.534335419754,0.0009095371898524427,0.07151893540210862,0.09079953464232678,0,30,106.80967147802676,117432.98973333334,5599.880430932473,5067.947141456225,6000.000000000266,causal_sequential_exact_plan,445.7844057964071,0,0.0,0.0,0.0,0.0,433.3779665655899
282,2025-10-10,6000.000000000266,18634.79540571857,19870.76030910516,17794.79932958923,512.771546154146,18307.570875743375,0.0023240736612429847,0.03990952277535112,0.30056983246881186,0,30,168.19676696799843,72371.53011666666,18944.29111480181,1342.7540717860163,6000.000000000266,causal_sequential_exact_plan,512.771546154146,0,0.0,0.0,0.0,0.0,1017.1414071550084
283,2025-10-11,6000.000000000266,18521.304944687367,19892.36750218246,17773.627979509412,273.81430854893557,18047.442288058348,0.0009033676117538091,0.05676147874777521,0.24478607346759174,0,30,64.85363237170941,71790.96475000001,14120.39925843607,1926.0513406417278,6000.000000000268,causal_sequential_exact_plan,273.81430854893557,0,0.0,0.0,0.0,0.0,646.1233334911503
284,2025-10-12,6000.000000000268,43822.75757727353,46483.65395273723,42252.63962837406,2163.191797697321,44415.83142607138,0.00391701745229508,0.04823552360564294,0.06015138543866703,0,30,461.0697121450231,117709.38418333334,3560.6268664797008,3337.0837176745854,6000.000000000271,causal_sequential_exact_plan,2163.191797697321,0,0.0,0.0,0.0,0.0,126.0112577490263
285,2025-10-13,6000.000000000271,45049.67070736729,46742.10347331633,43553.814976238136,918.9024849808251,44472.71746121896,0.0014836310833167164,0.08408341570266017,0.06416633658263632,0,30,174.59037340202622,117677.75383333334,3891.7113195074353,5975.078796872835,6000.000000000278,causal_sequential_exact_plan,918.9024849808251,0,0.0,0.0,0.0,0.0,275.5171845056765
286,2025-10-14,6000.000000000278,44219.07628708896,46402.21311674187,42525.42705783401,2064.211470955756,44589.638528789765,0.004374062969491843,0.04073197893486008,0.03150424727557648,0,30,516.2804028773928,118032.22918333333,1803.8827890534437,2820.1611479472126,6000.000000000278,causal_sequential_exact_plan,2064.211470955756,0,0.0,0.0,0.0,0.0,274.71003379302135
287,2025-10-15,6000.000000000278,45696.902123773616,47940.93936904815,44087.924525539645,2659.6598361520464,46747.58436169169,0.005355012264298466,0.04962238026001372,0.0332158880981043,0,30,628.3704236287068,117342.48076666666,1840.9061337091844,3540.6604169959055,6000.00000000028,causal_sequential_exact_plan,2659.6598361520464,0,0.0,0.0,0.0,0.0,532.9269091750376
288,2025-10-16,6000.00000000028,45435.62822670483,47544.15897377128,43954.633775527764,4081.7066905568195,48036.340466084584,0.008506605650208896,0.03541905972734956,0.05190038707201324,0,30,1001.5105536747386,117733.27633333334,2842.418294291844,2541.142130738496,6000.000000000281,causal_sequential_exact_plan,4081.7066905568195,0,0.0,0.0,0.0,0.0,134.52747793398885
289,2025-10-17,6000.000000000281,47425.7936713017,48838.13161958917,45670.70980513493,0.0,45670.70980513493,0.0,0.4024032903397987,0.3292708393424241,0,30,0.0,71943.17253333333,18419.072663005216,29676.333239647538,6000.000000000284,causal_sequential_exact_plan,0.0,0,0.0,0.0,0.0,0.0,5278.071780713338
290,2025-10-18,6000.000000000284,18248.334694234443,19249.986748334984,17495.04954251954,1175.3539080179328,18670.403450537473,0.004917013841463192,0.02709905773298603,0.22975727125833983,0,30,352.3369928632456,71656.70145000001,12769.93399244599,906.3287674356045,6000.000000000286,causal_sequential_exact_plan,1175.3539080179328,0,0.0,0.0,0.0,0.0,837.4901694502953
291,2025-10-19,6000.000000000286,46225.95748539431,48338.52421574923,44523.001025105,3879.6672774507847,48402.66830255578,0.007144342699770879,0.037957242180708006,0.04817877711186897,0,30,842.9699068799773,117991.24738333334,2606.738022268838,2764.430033831961,6000.000000000285,causal_sequential_exact_plan,3879.6672774507847,0,0.0,0.0,0.0,0.0,115.04809081388225
292,2025-10-20,6000.000000000285,47115.14466956751,49637.0001844116,45577.9570526444,1565.023220988921,47142.98027363332,0.0028751447651839276,0.04962408258878,0.02935820324938001,0,30,338.98910941436003,117903.31865,1569.5640064334534,3666.521495676406,6000.000000000286,causal_sequential_exact_plan,1565.023220988921,0,0.0,0.0,0.0,0.0,202.41309439602333
293,2025-10-21,6000.000000000286,49248.72397009057,50744.58604589285,47582.38491793143,978.8907426402584,48561.275660571686,0.0033175511825650323,0.041543194099718385,0.04984992930945408,0,30,390.81034585182226,117800.84898333333,2559.2090123915013,3182.604396529155,6000.000000000285,causal_sequential_exact_plan,978.8907426402584,0,0.0,0.0,0.0,0.0,375.15046605228895
294,2025-10-22,6000.000000000285,48122.98204149666,50414.799787386415,46569.010123415166,2584.662838134358,49153.67296154953,0.004845958249458046,0.03984481699299451,0.05228030301120557,0,30,570.2335338713228,117671.98653333334,2724.6972485488877,3008.1875223695934,6000.000000000284,causal_sequential_exact_plan,2584.662838134358,0,0.0,0.0,0.0,0.0,336.10299431590863
295,2025-10-23,6000.000000000284,49233.75467580623,51394.316309632435,47455.07332996807,206.08119877081722,47661.15452873889,0.0006165144399132935,0.061281231075187036,0.07043042702061653,0,30,72.26290009736601,117212.01551666667,3791.4472643763984,4689.822518661333,6000.000000000286,causal_sequential_exact_plan,206.08119877081722,0,0.0,0.0,0.0,0.0,285.4554012461631
296,2025-10-24,6000.000000000286,48851.1307536674,51201.60521261159,47293.97866582901,0.0,47293.97866582901,0.0,0.3957565401888472,0.3368500375782144,0,30,0.0,72135.51853333334,18094.05735257553,30193.58325747894,6000.000000000286,causal_sequential_exact_plan,0.0,0,0.0,0.0,0.0,0.0,5161.629470618121
297,2025-10-25,6000.000000000286,19014.68782385095,19665.698348636528,18338.762286163474,935.3071740661558,19274.069460229628,0.004055354857515981,0.04139508142084515,0.19049758381628232,0,30,292.1590662094392,72042.78700000001,10028.622289368393,1428.582188269866,6000.000000000284,causal_sequential_exact_plan,935.3071740661558,0,0.0,0.0,0.0,0.0,683.9832496770882
298,2025-10-26,6000.000000000284,48392.02231803415,49714.40810360846,46789.28865332515,1522.0404911749602,48311.32914450011,0.0037004864153501785,0.04376331577098139,0.06029800339231759,0,30,434.51979012574577,117422.34435,3188.4397730144124,3301.5680217231084,6000.000000000289,causal_sequential_exact_plan,1522.0404911749602,0,0.0,0.0,0.0,0.0,348.21180354709975
299,2025-10-27,6000.000000000289,48593.963801505895,50501.33049727943,47034.1489837212,1489.115452789749,48523.26443651095,0.003261464174150313,0.059538871511105505,0.06336876905789232,0,30,384.1697055717566,117790.56431666667,3436.9941967138207,4515.164899119185,6000.000000000293,causal_sequential_exact_plan,1489.115452789749,0,0.0,0.0,0.0,0.0,289.5605710163561
300,2025-10-28,6000.000000000293,47457.24558134025,49342.374561318895,46127.42337486123,1804.1006235340224,47931.523998395256,0.0043712450168072094,0.03468085156417137,0.03378844148859766,0,30,513.6831198613609,117514.14480000001,1741.5144951858524,2583.8416549472677,6000.000000000293,causal_sequential_exact_plan,1804.1006235340224,0,0.0,0.0,0.0,0.0,275.5163949870538
301,2025-10-29,6000.000000000293,48560.56120664619,50636.10593981762,47095.910412341094,5166.898786981358,52262.80919932245,0.013316801770748222,0.03240458339253261,0.01611974948121894,0,30,1567.675404650886,117721.61451666665,780.3467189393796,2456.9180712258203,6000.000000000294,causal_sequential_exact_plan,5166.898786981358,0,0.0,0.0,0.0,0.0,335.86322554442427
302,2025-10-30,6000.000000000294,50130.72684100341,51957.39391614648,48429.18957082774,1112.1795065852978,49541.36907741304,0.002547907192987329,0.04884542460999861,0.08933872228176205,0,30,297.89129717262415,116916.07056666666,4657.071510355536,3794.553095073906,6000.0000000002965,causal_sequential_exact_plan,1112.1795065852978,0,0.0,0.0,0.0,0.0,319.3117975143458
303,2025-10-31,6000.0000000002965,20376.119605006512,21331.142070419046,19788.90776500287,434.19656628024416,20223.104331283113,0.0019856562706406823,0.05426282280185389,0.1322748188064243,0,30,142.46882998616786,71748.98903333332,6328.648622114112,1977.1902276685057,6000.000000000298,causal_sequential_exact_plan,434.19656628024416,0,0.0,0.0,0.0,0.0,997.9462164033959
304,2025-11-01,6000.000000000298,19814.715784708722,20980.020512836883,19147.685495167258,554.2963448834065,19701.981840050663,0.0033782394306376452,0.04584605286255666,0.1515782562374055,0,30,243.14611246557058,71974.20948333332,7492.539133275684,1636.3784126868964,6000.0000000003,causal_sequential_exact_plan,554.2963448834065,0,0.0,0.0,0.0,0.0,928.9857925119625
305,2025-11-02,6000.0000000003,50959.58651116183,52620.304315414156,49689.27240061363,1593.2095316411026,51282.48193225473,0.003463837839810224,0.05078154963434118,0.05310581315649632,0,30,408.18986111936846,117843.23631666668,2604.672978583556,4038.3177052825063,6000.000000000301,causal_sequential_exact_plan,1593.2095316411026,0,0.0,0.0,0.0,0.0,90.47416225241705
306,2025-11-03,6000.000000000301,50801.126128799064,55190.001569411324,49393.65348908527,1094.5369218780195,50488.19041096329,0.0036018377336579912,0.033025540674241294,0.05198169546994147,0,30,424.32859552836817,117808.91503333332,2510.923025259197,2609.530786368061,6000.000000000301,causal_sequential_exact_plan,1094.5369218780195,0,0.0,0.0,0.0,0.0,392.8379822064479
307,2025-11-04,6000.000000000301,51236.89026593816,53567.31904480969,49733.91121368669,909.3866256488521,50643.297839335544,0.002204419940381664,0.060516979181534473,0.06480355562766735,0,30,258.7914296337841,117396.61073333333,3228.288836823293,4836.428113952844,6000.000000000302,causal_sequential_exact_plan,909.3866256488521,0,0.0,0.0,0.0,0.0,98.81388389395761
308,2025-11-05,6000.000000000302,51477.19509899104,53468.12967791248,49792.825128667886,657.0471705128816,50449.872299180766,0.0015129997933168416,0.04179994029375742,0.04526619935665043,0,30,178.17752438409696,117764.40761666666,2176.6880051794533,3339.2455125868873,6000.000000000306,causal_sequential_exact_plan,657.0471705128816,0,0.0,0.0,0.0,0.0,446.07520202032936
309,2025-11-06,6000.000000000306,51621.0264157741,53428.379362252825,50244.46956510283,2638.4178053988517,52882.88737050168,0.005050147891354292,0.04316843876930812,0.026307810194426046,0,30,594.4685341222427,117713.09413333333,1219.1962538618977,3469.255922336615,6000.000000000315,causal_sequential_exact_plan,2638.4178053988517,0,0.0,0.0,0.0,0.0,468.4491083137266
310,2025-11-07,6000.000000000315,20099.541137990433,20705.85029061308,19545.491484694154,1089.604871154466,20635.09635584862,0.004116485431119061,0.05309658542417266,0.15102368582500095,0,30,297.26120472778615,72212.37866666666,7384.139542142244,1931.716259999936,6000.000000000315,causal_sequential_exact_plan,1089.604871154466,0,0.0,0.0,0.0,0.0,598.7964217643505
311,2025-11-08,6000.000000000315,19963.241928807744,20496.914911181666,19395.89346057808,531.9333031065313,19927.826763684614,0.0022477266239421386,0.042788431844400884,0.14468276783680756,0,30,161.91468799594776,72034.86681666666,6980.026218384427,1559.6231130980884,6000.000000000315,causal_sequential_exact_plan,531.9333031065313,0,0.0,0.0,0.0,0.0,776.3077453579994
312,2025-11-09,6000.000000000315,51473.69701221295,53685.65504962666,49618.93213039556,2478.6918634788863,52097.62399387445,0.005217743694649558,0.026988422297239058,0.04181240255073689,0,30,615.0554702521054,117877.67016666668,1945.5667559682897,2144.38162275126,6000.000000000323,causal_sequential_exact_plan,2478.6918634788863,0,0.0,0.0,0.0,0.0,211.09016110269874
313,2025-11-10,6000.000000000323,51870.32307920019,53774.00394279917,50357.745993309654,3047.44829182742,53405.19428513708,0.007100981788128268,0.02195487847933752,0.023898894032848558,0,30,840.8989930943778,118420.10276666666,1064.9743823015283,1766.5781588226032,6000.000000000325,causal_sequential_exact_plan,3047.44829182742,0,0.0,0.0,0.0,0.0,213.2738916670654
314,2025-11-11,6000.000000000325,53095.789489006755,55186.87224334353,51492.02986336862,472.2750884768784,51964.30495184549,0.0012638330703905918,0.046794368807935666,0.04366909552428211,0,30,149.07905379605995,117957.86745,2026.1957160670086,3836.7486220488263,6000.0000000003265,causal_sequential_exact_plan,472.2750884768784,0,0.0,0.0,0.0,0.0,270.29111007958716
315,2025-11-12,6000.0000000003265,52539.646600279026,54023.881689089234,50984.20477459995,1048.434301091193,52032.63907569114,0.0020711043047054673,0.05183004708882098,0.037843998573344126,0,30,243.18226146458665,117416.71383333333,1758.259651614199,4212.7958976934315,6000.00000000033,causal_sequential_exact_plan,1048.434301091193,0,0.0,0.0,0.0,0.0,195.22301316576738
316,2025-11-13,6000.00000000033,52797.1398618493,55235.071627233534,51242.73589585801,2110.115905810068,53352.851801668075,0.005491711623810731,0.02965240432423349,0.056839941049992716,0,30,646.8143841300281,117780.10726666667,2579.6372959969603,2409.888770106776,6000.000000000325,causal_sequential_exact_plan,2110.115905810068,0,0.0,0.0,0.0,0.0,96.39056123147031
317,2025-11-14,6000.000000000325,20353.65191065,21662.911520262038,19439.699107333712,653.968963223218,20093.66807055693,0.002977947281998973,0.029650230801615256,0.08986376519480163,0,30,213.63166377347784,71737.89309999999,3966.5360742897515,1082.3969787619758,6000.000000000328,causal_sequential_exact_plan,653.968963223218,0,0.0,0.0,0.0,0.0,522.5494299989663
318,2025-11-15,6000.000000000328,20814.705400040675,21753.26113271727,19963.180282185614,968.6966603939902,20931.876942579605,0.003939969303240885,0.04814073013364183,0.0815563592498437,0,30,285.5176641563355,72466.97681666666,3609.284010518529,1796.8831102357813,6000.0000000003265,causal_sequential_exact_plan,968.6966603939902,0,0.0,0.0,0.0,0.0,467.53688044971017
319,2025-11-16,6000.0000000003265,54072.86193122615,55925.23940080942,52574.28351091502,2225.250354465466,54799.53386538049,0.0053323856547493,0.03692161211633983,0.03698180155706011,0,30,631.1426070844773,118360.27023333333,1624.4524766345255,3074.877869292141,6000.000000000327,causal_sequential_exact_plan,2225.250354465466,0,0.0,0.0,0.0,0.0,230.77704772808954
320,2025-11-17,6000.000000000327,54020.149065687765,55641.481684167265,52602.164322041936,856.7938769901496,53458.95819903209,0.002254050865981148,0.0493697042349758,0.047426585412611015,0,30,264.3318928439911,117269.71065,2113.990546430384,4125.923529585052,6000.00000000032,causal_sequential_exact_plan,856.7938769901496,0,0.0,0.0,0.0,0.0,296.8013046791955
321,2025-11-18,6000.00000000032,53969.23796570332,55602.72576992344,52565.52588033148,1443.9451987246634,54009.471079056144,0.00429945632756572,0.029639019500892094,0.03935589295528603,0,30,506.40581620644207,117783.6865,1688.0976164580015,2471.727926587745,6000.000000000322,causal_sequential_exact_plan,1443.9451987246634,0,0.0,0.0,0.0,0.0,301.4700485340908
322,2025-11-19,6000.000000000322,53905.03805415374,55965.32468334422,52598.9808673912,1293.749722798454,53892.730590189654,0.002896136031917854,0.03632870165796594,0.02215069223773182,0,30,342.26449132102607,118179.70135,948.3019186218366,3041.8169185868333,6000.000000000321,causal_sequential_exact_plan,1293.749722798454,0,0.0,0.0,0.0,0.0,154.23948465826152
323,2025-11-20,6000.000000000321,54936.335849583265,56273.52671463697,53381.456852181975,1237.8077867011395,54619.26463888311,0.002471527921328961,0.03869344742537371,0.04794670766247747,0,30,291.2608094818826,117846.45723333332,2064.2678822776033,3278.21995173674,6000.000000000316,causal_sequential_exact_plan,1237.8077867011395,0,0.0,0.0,0.0,0.0,239.4468865813834
324,2025-11-21,6000.000000000316,54544.728383621994,56155.42772577183,53087.051832244484,0.0,53087.051832244484,0.0,0.35974027214004356,0.35731006962311435,0,30,0.0,71999.1771,15412.495901918963,30327.623222353937,6000.000000000321,causal_sequential_exact_plan,0.0,0,0.0,0.0,0.0,0.0,5083.021683678171
325,2025-11-22,6000.000000000321,21241.247561482323,21966.05005366606,20282.76523961909,1289.9432990324872,21572.708538651576,0.005781169446843599,0.02850672711683527,0.08340975029313072,0,30,419.4233238340754,72549.91013333332,3530.741456904585,1097.0773028095819,6000.00000000032,causal_sequential_exact_plan,1289.9432990324872,0,0.0,0.0,0.0,0.0,363.9304914551468
326,2025-11-23,6000.00000000032,54963.64780535809,56680.35633825214,53474.41697388775,2415.5495760801814,55889.96654996793,0.005069311146804774,0.04069053190470853,0.043733167345746664,0,30,597.0771144701357,117782.6922,1860.8723318848279,3452.2084968238814,6000.000000000319,causal_sequential_exact_plan,2415.5495760801814,0,0.0,0.0,0.0,0.0,217.26261095715893
327,2025-11-24,6000.000000000319,55118.41709957009,56680.531045012794,53827.19846997707,1237.717491139687,55064.915961116756,0.002817630697591562,0.04522628502795023,0.06664729150854393,0,30,332.41191956171883,117975.68781666666,2920.067376224235,3861.2692941427063,6000.000000000323,causal_sequential_exact_plan,1237.717491139687,0,0.0,0.0,0.0,0.0,117.1321582303741
328,2025-11-25,6000.000000000323,55414.50011608694,56453.26952235577,53838.2438208551,849.4761162247803,54687.719937079884,0.0021255170796784465,0.03508564826547036,0.03822944336468513,0,30,250.13593463394284,117682.39221666666,1587.046856793356,2995.867726046455,6000.000000000327,causal_sequential_exact_plan,849.4761162247803,0,0.0,0.0,0.0,0.0,200.2501839057619
329,2025-11-26,6000.000000000327,55330.432788389255,56873.246119123665,53881.34967189825,1416.7900118325401,55298.13968373079,0.0031333994631183738,0.036398992449936905,0.02716428943158423,0,30,368.75861767654106,117686.43673333332,1111.8009502840982,3113.4173492342143,6000.000000000327,causal_sequential_exact_plan,1416.7900118325401,0,0.0,0.0,0.0,0.0,280.79106431023877
330,2025-11-27,6000.000000000327,55307.08625939607,57379.51949815834,53945.08699581033,1563.528170969184,55508.61516677951,0.0033059381587053917,0.03793526740620148,0.04646476139519271,0,30,387.4498086100947,117198.14165,1924.4425885582205,3242.080896688542,6000.000000000333,causal_sequential_exact_plan,1563.528170969184,0,0.0,0.0,0.0,0.0,205.96593856779214
331,2025-11-28,6000.000000000333,21975.408047926125,22806.122954063576,21082.860437055067,928.1280017148357,22010.988438769902,0.0034750962301308822,0.04158503202836899,0.0860416877962581,0,30,251.03755053005625,72239.02128333334,3555.051762375091,1660.0286304614233,6000.000000000332,causal_sequential_exact_plan,928.1280017148357,0,0.0,0.0,0.0,0.0,346.7421445212175
332,2025-11-29,6000.000000000332,21880.69855490746,22853.40712545223,20978.368263364806,5582.1630105046115,26560.53127386942,0.025081938341592582,0.03328007496070598,0.028582351096528222,0,30,1809.8173564373965,72156.19988333333,1064.0280324898392,1323.9360756785145,6000.0000000003265,causal_sequential_exact_plan,5582.1630105046115,0,0.0,0.0,0.0,0.0,544.3389866685116
333,2025-11-30,6000.0000000003265,57737.7425699556,59135.039498115744,56488.15586410108,1629.6871556920046,58117.84301979308,0.0033576424840937595,0.043477220552248994,0.024694327778007636,0,30,396.23147599174655,118008.83443333334,932.5567501945175,3889.8246289973395,6000.0000000003265,causal_sequential_exact_plan,1629.6871556920046,0,0.0,0.0,0.0,0.0,78.79584382553742
334,2025-12-01,6000.0000000003265,57914.8125279347,58925.4893573356,56570.59165755396,15491.916451101395,72062.50810865535,0.03465368773473088,0.02648266852811202,0.004741617205148863,0,30,4341.808761511407,125291.39163333335,184.88733769938597,2366.9812175182155,6000.000000000326,causal_sequential_exact_plan,15491.916451101395,0,0.0,0.0,0.0,0.0,151.1802149853662
335,2025-12-02,6000.000000000326,60776.00723904929,65464.00552035303,59440.96040460648,10262.574597834275,69703.53500244075,0.020224881670943072,0.018359345282614823,0.00499522618024573,0,30,2536.212773772471,125400.62359999999,183.63856920397507,1710.0085242921846,6000.000000000326,causal_sequential_exact_plan,10262.574597834275,0,0.0,0.0,0.0,0.0,403.4488119253879
336,2025-12-03,6000.000000000326,63826.238861652106,65972.94779085381,62653.87372234584,796.053696503645,63449.92741884948,0.0018578287770061766,0.04377407864541643,0.0360334867119905,0,30,231.52806773436566,124622.93113333335,1349.8209907447215,4279.659320022347,6000.000000000328,causal_sequential_exact_plan,796.053696503645,0,0.0,0.0,0.0,0.0,365.41242666918174
337,2025-12-04,6000.000000000328,65386.10570570035,68327.0428789911,64168.6783055495,1426.7524868560222,65595.43079240553,0.002605589445975879,0.06773604598687996,0.037116880919074405,0,30,326.5748126735042,125336.25095,1431.4140789764792,6749.537189436883,6000.000000000329,causal_sequential_exact_plan,1426.7524868560222,0,0.0,0.0,0.0,0.0,166.16094207912988
338,2025-12-05,6000.000000000329,26215.937508530464,29051.312096681075,25258.94836046543,2661.386591891941,27920.33495235737,0.009403767548513919,0.04140250212394181,0.03140193326420224,0,30,741.6570074673389,78868.07108333333,1179.344929287589,1997.8469631381727,6000.000000000331,causal_sequential_exact_plan,2661.386591891941,0,0.0,0.0,0.0,0.0,445.4114582538203
339,2025-12-06,6000.000000000331,29282.489576442105,31887.806224578388,28147.008248712944,2711.1620171128275,30858.17026582577,0.01196894004118826,0.05326342914747613,0.057316448203808906,0,30,951.181493368346,79470.82115,2052.283653616223,2805.4843751911612,6000.000000000331,causal_sequential_exact_plan,2711.1620171128275,0,0.0,0.0,0.0,0.0,977.5891438407659
340,2025-12-07,6000.000000000331,65508.630279391524,69141.60643481695,63913.82384873969,1899.2600936896351,65813.08394242932,0.003056233069524759,0.052908794273181965,0.05024879797872299,0,30,382.23531608747817,125067.46291666667,1880.0478053863621,5261.128106724196,6000.000000000331,causal_sequential_exact_plan,1899.2600936896351,0,0.0,0.0,0.0,0.0,149.3981516408353
341,2025-12-08,6000.000000000331,67832.59540491812,72823.0877738612,66371.07913977077,538.2813922086176,66909.36053197939,0.0009290938266305854,0.07700933542288693,0.05120882188438797,0,30,115.58889180838617,124410.35393333333,1872.3554680321226,7913.323069222868,6000.00000000033,causal_sequential_exact_plan,538.2813922086176,0,0.0,0.0,0.0,0.0,364.0037414407195
342,2025-12-09,6000.00000000033,65638.52110447719,69073.65995376908,64337.062570895614,2223.3724764647795,66560.4350473604,0.0038000135821911157,0.06830940737885265,0.03226302130208971,0,30,473.84148174365623,124694.68108333333,1203.611590486707,6829.649427363522,6000.00000000033,causal_sequential_exact_plan,2223.3724764647795,0,0.0,0.0,0.0,0.0,158.71666911730358
343,2025-12-10,6000.00000000033,65040.82154689393,69682.04190738962,63527.30082561071,1802.885943360549,65330.18676897126,0.0036293227294289187,0.042900105847341365,0.04282872554353875,0,30,451.4106771186255,124378.76451666668,1541.4549161728687,4239.967122579925,6000.000000000336,causal_sequential_exact_plan,1802.885943360549,0,0.0,0.0,0.0,0.0,245.77871252398756
344,2025-12-11,6000.000000000336,65317.93713860141,69980.76930249634,63979.637302962816,913.7483255296681,64893.385628492484,0.0023259637149781963,0.06634137787944298,0.04694972937910314,0,30,287.92592875348214,123787.79896666667,1775.9460166666654,6582.882136371414,6000.0000000003365,causal_sequential_exact_plan,913.7483255296681,0,0.0,0.0,0.0,0.0,318.5718414133354
345,2025-12-12,6000.0000000003365,29863.472346154223,32447.872098708434,28788.236275965504,1423.5377202428754,30211.77399620838,0.00658284975883618,0.05565622750769547,0.06834829284810795,0,30,517.8181771214738,78661.70368333333,2388.5876248374134,3002.6492436629874,6000.000000000339,causal_sequential_exact_plan,1423.5377202428754,0,0.0,0.0,0.0,0.0,1263.3040377150314
346,2025-12-13,6000.000000000339,30024.92039007547,30669.511466333945,29126.190068836397,949.5111992195291,30075.701268055927,0.0026000298287615813,0.0777677472495705,0.052922056043973695,0,30,204.9867613342626,78840.15755,1854.4747980201964,4273.070883229159,6000.000000000339,causal_sequential_exact_plan,949.5111992195291,0,0.0,0.0,0.0,0.0,1128.5773351182993
347,2025-12-14,6000.000000000339,65886.14897950234,70437.22074033662,64414.20092563569,1253.0214362009756,65667.22236183667,0.0021690867113232717,0.05375549162482303,0.03438379311997435,0,30,270.10028622684626,124522.58585,1229.0096268036887,5381.16350661505,6000.000000000344,causal_sequential_exact_plan,1253.0214362009756,0,0.0,0.0,0.0,0.0,108.98092939969297
348,2025-12-15,6000.000000000344,67061.66847790596,67934.05319785172,65802.13418735244,1014.6928343370366,66816.82702168947,0.002444594436420543,0.06438334529451029,0.03700291653828168,0,30,303.8758626345578,124305.22548333334,1289.021297674547,6569.168054032976,6000.000000000348,causal_sequential_exact_plan,1014.6928343370366,0,0.0,0.0,0.0,0.0,146.38110857716595
349,2025-12-16,6000.000000000348,66200.0461353972,71075.2247613187,64774.19547572572,1338.623964041978,66112.8194397677,0.0025654058420589592,0.05522951944644075,0.03210604489918238,0,30,319.76999675039565,124646.94338333333,1131.0591056639532,5567.551123668587,6000.000000000352,causal_sequential_exact_plan,1338.623964041978,0,0.0,0.0,0.0,0.0,142.97299215117368
350,2025-12-17,6000.000000000352,66447.0862882948,70947.80623674388,64947.54079043599,1296.9668305328307,66244.50762096883,0.0023052962272563163,0.062026078557338056,0.04612434413246785,0,30,286.9322788542371,124466.55465,1673.147095878308,6262.61191397408,6000.000000000352,causal_sequential_exact_plan,1296.9668305328307,0,0.0,0.0,0.0,0.0,285.05004174686337
351,2025-12-18,6000.000000000352,65835.31443575247,70232.58400697885,64484.71579305471,704.8934845084029,65189.60927756311,0.0020554913251984333,0.06755030887578957,0.030983162434019055,0,30,255.52914256155998,124315.35926666667,1144.7997285204628,6760.803637502739,6000.000000000351,causal_sequential_exact_plan,704.8934845084029,0,0.0,0.0,0.0,0.0,220.50243940345786
352,2025-12-19,6000.000000000351,29048.755258147456,29595.173673248224,27973.097135171978,1691.7902802394942,29664.88741541147,0.005956191427427498,0.047609572890296555,0.08710273678652297,0,30,468.1168911990396,78593.32543333335,3108.255425060142,2515.8555359990332,6000.000000000352,causal_sequential_exact_plan,1691.7902802394942,0,0.0,0.0,0.0,0.0,674.3534603720361
353,2025-12-20,6000.000000000352,29033.48265135938,31662.9332141137,27958.870217026037,1372.3758150253848,29331.246032051422,0.005513880369670958,0.062259621571460824,0.07310571400727425,0,30,433.76880878235323,78668.52011666667,2618.0741020410305,3308.0392016287774,6000.000000000354,causal_sequential_exact_plan,1372.3758150253848,0,0.0,0.0,0.0,0.0,672.7565395127237
354,2025-12-21,6000.000000000354,65763.46510978248,69203.0691871688,64432.16192068168,2296.987107319518,66729.14902800121,0.004821452852796918,0.05171369890246382,0.04237953602738408,0,30,599.6751461194624,124376.44096666666,1497.6359764878944,5177.0253198208475,6000.000000000359,causal_sequential_exact_plan,2296.987107319518,0,0.0,0.0,0.0,0.0,137.09683434652754
355,2025-12-22,6000.000000000359,65511.74147073934,69287.56914327061,64021.1254988426,1885.4177364618924,65906.54323530449,0.004043871262577847,0.053334635625014525,0.029678966609479333,0,30,504.3453713023607,124718.45381666668,1061.9438976714873,5318.293384567331,6000.000000000359,causal_sequential_exact_plan,1885.4177364618924,0,0.0,0.0,0.0,0.0,47.63098817848174
356,2025-12-23,6000.000000000359,64792.844287968306,66132.45590393126,63423.008898184955,434.9836237917638,63857.99252197672,0.0007613742327614821,0.05386155462891778,0.03262388708352841,0,30,94.3774027663759,123956.65456666666,1197.2497439033295,5318.652917703312,6000.000000000361,causal_sequential_exact_plan,434.9836237917638,0,0.0,0.0,0.0,0.0,200.2772061408274
357,2025-12-24,6000.000000000361,65605.55680758247,68874.12644685466,64184.40723972314,537.0909501253575,64721.4981898485,0.0011909991660623684,0.05927810592955549,0.034351176778629984,0,30,147.6295528282352,123954.37128333334,1240.0710225422686,5919.8987776941985,6000.000000000361,causal_sequential_exact_plan,537.0909501253575,0,0.0,0.0,0.0,0.0,122.96433501651768
358,2025-12-25,6000.000000000361,64062.588898952345,69138.1448147436,62511.87923845763,2413.886386913472,64925.7656253711,0.005698499512818791,0.039453009439823473,0.03999026789923198,0,30,705.4164449350574,123789.8579,1438.746238893338,3841.1915440027356,6000.000000000362,causal_sequential_exact_plan,2413.886386913472,0,0.0,0.0,0.0,0.0,123.88643022086785
359,2025-12-26,6000.000000000362,29249.57205926707,32593.306898125033,28003.266747113765,822.3663989491507,28825.633146062915,0.003794263954501763,0.0602676016716663,0.05902409401661838,0,30,296.97820702415856,78270.30764999999,2081.3480475069523,3194.013855440688,6000.000000000362,causal_sequential_exact_plan,822.3663989491507,0,0.0,0.0,0.0,0.0,902.9671119849577
360,2025-12-27,6000.000000000362,22403.134816306127,24310.03497948571,21420.523241776154,21273.37351063555,42693.8967524117,0.06889895580885745,0.0052287958751439595,0.011160657133241351,0,30,5402.310898831309,78409.18393333333,391.4084294211115,222.11433530978059,6000.0000000003565,causal_sequential_exact_plan,21273.37351063555,0,0.0,0.0,0.0,0.0,35.31752204806287
361,2025-12-28,6000.0000000003565,67424.68481182383,75414.6307360644,65829.25227192996,341.27745043355014,66170.52972236351,0.0005496247749011562,0.0756768274972782,0.05174963173372669,0,30,67.88485383409974,123511.26975,1899.315760135713,7710.218179219421,6000.0000000003565,causal_sequential_exact_plan,341.27745043355014,0,0.0,0.0,0.0,0.0,655.9047200885785
362,2025-12-29,6000.0000000003565,68351.61181903306,76979.78686541389,66713.39100862658,121.63249841638779,66835.02350704298,0.00022374396249511994,0.08081808009445245,0.04918331059553753,0,30,27.672050600929992,123677.30638333334,1778.150792686243,8329.710709859777,6000.0000000003565,causal_sequential_exact_plan,121.63249841638779,0,0.0,0.0,0.0,0.0,586.7939666666662
363,2025-12-30,6000.0000000003565,64536.965489933995,73143.08480136962,63248.8237017023,329.7830181093584,63578.60671981166,0.0005995390691299334,0.0592856486121914,0.031359574857310564,0,30,74.05896824870729,123526.50905,1169.7781995541422,5838.2926026704645,6000.000000000356,causal_sequential_exact_plan,329.7830181093584,0,0.0,0.0,0.0,0.0,519.7369874901077
364,2025-12-31,6000.000000000356,65324.92199634128,72634.59359728251,63885.77823211853,1330.2331645756458,65216.01139669417,0.0027605933782411407,0.05431770869101521,0.02328484150655013,0,30,341.7385613342301,123791.70508333332,818.3523245657353,5403.9109978536935,6000.0,causal_sequential_exact_plan,1330.2331645756458,0,0.0,0.0,0.0,0.0,187.13860003323805
