day_index,date,s0,E_C,CVaR,cost_plan,cost_emergency,cost_total,emergency_rate,unextracted_ratio,curtailment_rate,soc_violate_count,residual_blocks,emergency_kwh,load_kwh,pv_kwh,pv_used_kwh,curtail_kwh,unextracted_kwh,spill_kwh,plan_total_kwh,charge_kwh,discharge_kwh,final_soc,price_mean,price_hat_mean,eq_residual,ub_violation,settlement_method
31,2025-02-01,6000.000000000022,21780.600826784215,26958.937918582982,20267.707175403302,499.02528493191596,20766.732460335217,0.0016928696341611468,0.09666246637856814,0.10678005081169072,0,30,129.17476664545734,76305.20628333333,41927.03035,37450.05991884369,4476.970431156299,4688.265342621203,1008.4063083154606,48501.40409474052,21467.162347156234,17388.401501196546,6000.000000000024,0.6514930555555556,0.7007316944534063,9.094947017729282e-13,3.637978807091713e-12,causal_sequential_exact_plan
32,2025-02-02,6000.000000000024,107377.14115248997,128091.15733356388,103314.35863454177,0.0,103314.35863454177,0.0,0.32070725851840803,0.13157551066189224,0,30,0.0,121705.97265,43349.69469999999,37645.93648281037,5703.758217189623,42719.93371573555,1215.0312500000007,133205.3846024302,27423.070892131735,22212.687422626703,6000.000000000024,0.8363881944444445,0.8964649837953369,2.2737367544323206e-13,2.9103830456733704e-11,causal_sequential_exact_plan
33,2025-02-03,6000.000000000024,68848.30457857945,150072.61204324494,66369.52613844385,55.018957513868514,66424.54509595771,0.00011048435192988898,0.06026290482557741,0.0508674353594408,0,30,13.545797962126812,122603.769,42386.85249999999,40230.742020366095,2156.1104796339014,5604.919058678331,325.04749662821416,93007.78107031164,24833.333333333336,20114.999999999996,6000.000000000027,0.8447902777777778,0.8035004292974193,8.640199666842818e-12,1.8917489796876907e-10,causal_sequential_exact_plan
34,2025-02-04,6000.000000000027,70841.29719469491,148867.30457599682,64641.281013343774,2949.9761078125707,67591.25712115635,0.0055802722150917975,0.04951262567738322,0.010140671810943679,0,30,678.438886976339,121578.09884999998,40383.2349,39973.72176821485,409.51313178514704,4484.534960031316,392.54097653108795,90573.56378657572,25108.15608002372,20337.606424819212,6000.000000000029,0.8491895833333333,0.8269642236878454,5.4569682106375694e-12,0.0,causal_sequential_exact_plan
35,2025-02-05,6000.000000000029,66991.37834231794,69355.83867952503,67179.61555939232,1268.6245718014784,68448.2401311938,0.0027155357948750376,0.0651945750351016,0.048557131986517094,0,30,331.2711564343397,121991.08443333334,41242.65745,39240.03228872563,2002.6251612743624,6101.610546500793,190.53851301135876,93590.7710605615,25678.11059408423,20799.26958120823,6000.000000000032,0.8482541666666665,0.8331533785474401,5.229594535194337e-12,1.4551915228366852e-11,causal_sequential_exact_plan
36,2025-02-06,6000.000000000032,64825.56248948497,68378.98331977571,64918.06950413821,995.1498445084942,65913.2193486467,0.00167497496539269,0.051782411734340034,0.030270496225707818,0,30,204.769311987614,122252.1627,41981.10548333333,40710.31658824905,1270.7888950842835,4720.717470236005,388.3684509407922,91164.49605427345,24833.333333333336,20115.000000000007,6000.000000000034,0.8439645833333334,0.8291488038775766,2.9558577807620168e-12,2.9103830456733704e-11,causal_sequential_exact_plan
37,2025-02-07,6000.000000000034,26745.46891595864,29407.73870386029,19358.81804370555,162.1851186047821,19521.00316231033,0.0004909014065302152,0.09100780852052902,0.11847887104312302,0,30,37.39127136800636,76168.59693333332,44362.91726666666,39106.84891273253,5256.068353934135,4159.642349882015,769.8864159069169,45706.43351931397,19750.25265416969,15997.704649877447,6000.000000000034,0.6440388888888888,0.8409538789311009,7.16227077646181e-12,7.275957614183426e-12,causal_sequential_exact_plan
38,2025-02-08,6000.000000000034,16285.132376832717,19698.038146688155,16754.12131042373,1577.0963320010744,18331.217642424803,0.006519827665158278,0.04010508889409371,0.06964766226640803,0,30,493.856000798029,75746.78751666666,44169.6248,41093.31368949564,3076.3111105043604,1618.8160493607945,536.8695266148995,40364.355098068314,21310.798398524355,17261.746702804732,6000.000000000033,0.642351388888889,0.6127186825228814,1.8189894035458565e-12,3.637978807091713e-12,causal_sequential_exact_plan
39,2025-02-09,6000.000000000033,58547.74441546928,62978.09437062034,61349.66484950608,3208.291119765757,64557.95596927184,0.0063212432341339065,0.031444418674732126,0.02940303856426082,0,30,768.3338630439522,121547.90356666666,41992.48759999999,40757.78086768795,1234.706732312044,2748.997245604112,93.2262381142333,87424.0123196531,24000.0,19440.0,6000.000000000035,0.8413840277777778,0.7917941809467725,4.888534022029489e-12,1.4551915228366852e-11,causal_sequential_exact_plan
40,2025-02-10,6000.000000000035,61357.9160487157,75999.01193635563,60005.9275417216,775.0472778082524,60780.97481952985,0.0019965402525304625,0.06557283171540347,0.061631164530839284,0,30,242.53484733689118,121477.56451666665,47150.92693333333,44244.96039772348,2905.9665356098476,5733.029273932282,284.5454842038972,87429.94810433904,23275.28460313991,18852.980528543325,6000.000000000039,0.8180638888888889,0.8093046748867305,4.547473508864641e-13,5.820766091346741e-11,causal_sequential_exact_plan
41,2025-02-11,6000.000000000039,61243.515716037386,63363.66573874956,59371.25573640953,610.6988673177898,59981.95460372732,0.0010618765897991917,0.06255575097760581,0.02778551109248678,0,30,128.95565398394928,121441.28161666667,46220.68448333333,44936.41914191934,1284.26534141399,5410.726185780499,159.74751206597625,86494.46455718312,23937.284413543544,19389.20037497027,6000.000000000039,0.8284923611111111,0.8341855831701053,5.9117155615240335e-12,2.1827872842550278e-11,causal_sequential_exact_plan
42,2025-02-12,6000.000000000039,55857.14698327971,59379.747774922405,55811.51134427152,4667.413659690416,60478.92500396194,0.008222258032591283,0.03211698934798127,0.014262740372018162,0,30,997.8849142362144,121363.85288333334,46097.116749999994,45439.64554189614,657.4712081038596,2639.0007327207536,255.22708744601675,82168.37213873627,22883.273112466013,18535.45122109748,6000.000000000032,0.8264243055555556,0.8068753695444938,7.275957614183426e-12,2.1827872842550278e-11,causal_sequential_exact_plan
43,2025-02-13,6000.000000000032,58553.73227023907,60405.69495533663,56770.61016750222,996.3529288190512,57766.96309632127,0.0026108401856805934,0.06613522269596853,0.05873614591897051,0,30,316.72176366378744,121310.28371666666,49980.80469999999,47045.12486199323,2935.6798380067667,5577.07516747402,238.93226478946815,84328.36452539818,24020.63159013181,19456.711588006765,6000.000000000034,0.8147909722222221,0.822700127418224,1.2505552149377763e-11,1.4551915228366852e-11,causal_sequential_exact_plan
44,2025-02-14,6000.000000000034,20489.933543281375,21484.03766441134,15603.602033088178,4695.93562068321,20299.53765377139,0.02067972029358676,0.04048139003095851,0.07697594363560273,0,30,1569.0249307425759,75872.63794999999,46070.83613333333,42524.49004788877,3546.346085444556,1515.123751740632,553.6905657015589,37427.66121869648,18840.65226255601,15260.92833267037,6000.0000000000355,0.6311,0.8006071410716125,1.8189894035458565e-12,7.275957614183426e-12,causal_sequential_exact_plan
45,2025-02-15,6000.0000000000355,15107.598192021624,16483.108870096563,16192.285224353163,1817.943841683692,18010.229066036856,0.00826244310917429,0.02314171206307632,0.0764016300866299,0,30,628.3964111593485,76054.55225,46774.46115,43200.81607171626,3573.6450782837414,872.1460741272869,518.1540157433151,37687.188905907984,21429.20552059471,17357.656471681716,6000.000000000032,0.6378472222222222,0.6041376086322763,3.637978807091713e-12,1.8189894035458565e-12,causal_sequential_exact_plan
46,2025-02-16,6000.000000000032,42104.74230535696,44688.8303519376,55826.54799412128,5576.145117800449,61402.69311192173,0.010151986938690925,0.030278225082534985,0.01578409084914993,0,30,1231.202289344316,121276.97728333331,45899.59818333333,45175.11475566812,724.4834276652105,2496.8557886043013,225.24603423176507,82463.74355822237,25636.74472139692,20765.76322433151,6000.000000000032,0.8303222222222222,0.6171703595454716,5.115907697472721e-12,1.4551915228366852e-11,causal_sequential_exact_plan
47,2025-02-17,6000.000000000032,56454.16675683869,66007.98742591786,55705.88524725268,835.9259158877283,56541.8111631404,0.001590757857715989,0.057563125724347144,0.04634466946236452,0,30,192.418663530368,120960.37281666666,49776.50964999999,47469.63376328055,2306.8758867194474,4746.517147704286,168.78403547293829,82457.59916572215,22336.72417204829,18092.74657935912,6000.000000000033,0.8173527777777777,0.8037524522301259,2.2737367544323206e-13,1.4551915228366852e-11,causal_sequential_exact_plan
48,2025-02-18,6000.000000000033,53692.180099335535,56286.40968444039,53686.84838053744,2808.0840584295274,56494.93243896697,0.004595097314163233,0.048903635250203754,0.02385440391166985,0,30,557.5289985683007,121331.27123333333,49239.883449999994,48065.29538162015,1174.5880683798473,3976.892905785301,164.89667533531087,81321.00784406884,23530.375841070232,19059.60443126689,6000.000000000033,0.8145215277777778,0.7908280541754502,2.2737367544323206e-13,2.9103830456733704e-11,causal_sequential_exact_plan
49,2025-02-19,6000.000000000033,56117.453858502,65143.6801424651,54908.14860106542,3766.4020328483516,58674.55063391377,0.006489749267224395,0.060059526221062295,0.019797514604768186,0,30,790.8849378176236,121866.79411666666,48987.466733333335,48017.63664522957,969.8300881037624,4954.104415248736,147.6344623277073,82486.5716891283,22771.369883854673,18444.809605922288,6000.000000000034,0.8164298611111112,0.8123235693151951,2.2737367544323206e-13,7.275957614183426e-12,causal_sequential_exact_plan
50,2025-02-20,6000.000000000034,54812.27646418739,57781.99916516848,55398.46387125406,1252.3509420550176,56650.81481330908,0.002099822080845315,0.057767469580993,0.04698002502804279,0,30,254.29949282504072,121105.25703333333,50112.12329999999,47757.85449315763,2354.268806842366,4777.244267090991,267.48074937975116,82697.82806382139,24000.0,19440.0,6000.000000000034,0.8168069444444445,0.7897585959421252,4.7066350816749036e-11,7.275957614183426e-12,causal_sequential_exact_plan
51,2025-02-21,6000.000000000034,20048.534563095614,21041.0787437155,15620.03285734046,583.2325128459918,16203.265370186453,0.002536022689497746,0.04254116803605045,0.10987480366012742,0,30,192.2355970658876,75802.00203333332,50241.74,44721.43868195683,5520.30131804317,1571.4348039898,945.0590035120626,36939.155094616275,18601.75543580946,15067.421903005663,6000.000000000037,0.62085,0.7821500971082295,1.8189894035458565e-12,7.275957614183426e-12,causal_sequential_exact_plan
52,2025-02-22,6000.000000000037,14603.509889661254,16222.347676267163,15552.378936647272,1186.3534553005252,16738.732391947797,0.0053282760533253,0.029156486163984634,0.07815176831111302,0,30,403.25587913144386,75682.24226666667,47837.47938333333,44098.895777979415,3738.5836053539124,1072.039455946954,587.4859671729654,36768.47237069273,20678.191252721153,16749.33491470413,6000.000000000038,0.6352840277777778,0.5792781815517718,1.8189894035458565e-12,1.8189894035458565e-12,causal_sequential_exact_plan
53,2025-02-23,6000.000000000038,56637.96544424389,63798.845687199755,55451.99154160711,1006.8855397342634,56458.87708134137,0.0025633853970594487,0.049726428459620886,0.05405662940712449,0,30,310.53399503702434,121142.14093333333,49610.287249999994,46928.522337345756,2681.764912654243,4105.500779613358,207.00392918157252,82561.7464754608,22874.51139850162,18528.35423278631,6000.00000000004,0.8153784722222223,0.8160838312320101,6.0254023992456496e-12,7.275957614183426e-12,causal_sequential_exact_plan
54,2025-02-24,6000.00000000004,51938.72505175951,59222.61533045713,51974.91205106076,2410.3390975533207,54385.25114861408,0.004172935535864445,0.04510167137109745,0.05305355379918497,0,30,503.3769929756802,120628.98854999998,52425.954933333334,49644.571712804085,2781.383220529247,3544.8343161669195,215.2125479579687,78596.51778755497,22923.321469525592,18567.89039031573,6000.00000000004,0.8082493055555555,0.7873416852307186,4.206412995699793e-12,7.275957614183426e-12,causal_sequential_exact_plan
55,2025-02-25,6000.00000000004,51168.96006657117,58277.24116890498,50780.775736016076,1137.7117474157826,51918.48748343186,0.0023870170532335594,0.054863901876778184,0.06811932125763359,0,30,289.05185062540477,121093.33288333332,55272.00965,51506.91786809662,3765.091781903374,4294.161899841054,200.5662591098253,78269.34929793264,23564.515654581315,19087.257680210867,6000.000000000043,0.7940965277777778,0.7822546860913433,5.6843418860808015e-12,7.275957614183426e-12,causal_sequential_exact_plan
56,2025-02-26,6000.000000000043,49916.916871757065,56575.03516122338,49739.48559809226,3921.6251372978977,53661.11073539015,0.008182895264899652,0.028970318560483974,0.025689657586609186,0,30,990.6273079685474,121060.73411666666,52245.88608333333,50903.707159543505,1342.1789237898233,2200.1922848853064,212.82648349912893,75946.43049201425,22984.274076185276,18617.262001710078,6000.000000000041,0.8055381944444444,0.7919359026431497,9.094947017729282e-13,7.275957614183426e-12,causal_sequential_exact_plan
57,2025-02-27,6000.000000000041,49487.417692702766,53996.882576309756,49978.405093092966,1709.0050441393435,51687.41013723231,0.002376824040315334,0.07067365585554802,0.030682240100136492,0,30,286.64376454648976,120599.48893333334,53642.90473333333,51997.02025063646,1645.8844826968816,5537.676408538029,84.95001568623184,78355.59575206708,23248.128472065404,18830.984062372976,6000.000000000044,0.7979118055555556,0.7534868427855239,4.547473508864641e-12,1.4551915228366852e-11,causal_sequential_exact_plan
58,2025-02-28,6000.000000000044,19179.88250582533,20032.679101826867,14467.30187204344,570.5698511972789,15037.871723240718,0.002476298813442853,0.04186117336230717,0.13506972072666848,0,30,186.6760533678464,75385.10795,52092.51439999999,45056.393028042046,7036.1213719579555,1490.5783634125548,541.2237510735506,35607.65845026953,18072.72351154377,14638.906044350451,6000.000000000042,0.6166784722222222,0.7720388982678013,2.6716406864579767e-12,1.0913936421275139e-11,causal_sequential_exact_plan
59,2025-03-01,6000.000000000042,14654.03734338841,15760.073156251734,14522.21933402281,3887.14946166711,18409.36879568992,0.014009042614591172,0.05617306409767304,0.13109672651110285,0,30,1012.0715181966991,72244.16014999998,48585.39421666667,42216.00807861019,6369.386138056469,1984.5060764818631,846.1676744506215,35328.42846228271,18324.600832405933,14842.926674248807,6000.000000000038,0.6142222222222222,0.6028326130293151,1.8189894035458565e-12,1.8189894035458565e-12,causal_sequential_exact_plan
60,2025-03-02,6000.000000000038,37149.49776280983,39429.43303171872,50959.99869617571,14947.067248272342,65907.06594444806,0.028245965784768866,0.031919222904386334,0.02886532313370966,0,30,3329.081308314421,117860.41708333333,45502.110016666666,44188.67690776997,1313.4331088966903,2477.6283961932268,181.59597093680998,77621.82693529018,24315.493162690578,19695.549461779367,6000.00000000004,0.8122930555555556,0.5890059587998793,9.43600753089413e-12,1.4551915228366852e-11,causal_sequential_exact_plan
61,2025-03-03,6000.00000000004,52784.83771695752,66983.28574172646,50561.24009043379,10034.971580106983,60596.211670540775,0.018333165210920096,0.02908433804486165,0.0074405497471680205,0,30,2162.557171157694,117958.7456,45941.59896666666,45599.768214090735,341.83075257592617,2243.352121449161,275.53206941319115,77132.65187568867,23249.197210919763,18831.849740845006,6000.00000000004,0.81185,0.8104347229225092,4.547473508864641e-13,7.275957614183426e-12,causal_sequential_exact_plan
62,2025-03-04,6000.00000000004,63449.479679188495,78470.11127606436,60458.632547399364,576.3623805898715,61034.99492798923,0.00204853241188556,0.130115289325927,0.07292540256971673,0,30,242.0116217869163,118139.02498333334,48939.56705,45370.6294212911,3568.9376287088944,11567.705087617504,407.74786407346267,88903.50355861294,23166.666666666668,18765.0,6000.000000000042,0.8006277777777778,0.8196843040227121,9.094947017729282e-13,1.4551915228366852e-11,causal_sequential_exact_plan
63,2025-03-05,6000.000000000042,53040.24066924173,62194.07980874214,49869.73742119236,1479.7990561447496,51349.53647733711,0.0028858858793971813,0.060457440708972486,0.05109575028854556,0,30,340.7464842904128,118073.44383333332,51942.971816666664,49288.9066994773,2654.0651171893596,4704.807316613451,185.49325168121516,77820.15350701424,23610.854153441956,19124.79186428798,6000.0000000000455,0.7945006944444444,0.810649197451108,9.094947017729282e-13,0.0,causal_sequential_exact_plan
64,2025-03-06,6000.0000000000455,51494.38887391368,60064.604016213634,48805.72316261125,1252.33499263441,50058.05815524566,0.002953871512815931,0.03685649514040471,0.05173827385932565,0,30,347.59269056738304,117673.59855,51732.944416666665,49056.37117088789,2676.5732457787717,2796.318066054499,377.7967909996936,75870.42814033004,23298.30839332171,18871.629798590584,6000.000000000047,0.7918569444444444,0.807191093543899,9.777068044058979e-12,2.1827872842550278e-11,causal_sequential_exact_plan
65,2025-03-07,6000.000000000047,19237.46769258247,24002.708623552982,14508.520028374322,75.57969628434338,14584.099724658665,0.0007223387663447629,0.06054132228920032,0.1645188537789873,0,30,51.7775038609397,71680.36145,50758.07591666667,42407.415446829844,8350.660469836821,2143.4790802273164,816.2067744110816,35405.22405487139,16970.36684696722,13745.997146043446,6000.0000000000455,0.6085013888888889,0.776141194891527,1.8189894035458565e-12,1.8189894035458565e-11,causal_sequential_exact_plan
66,2025-03-08,6000.0000000000455,14107.506177103927,16710.03683974315,13549.342508490765,1090.9443113925945,14640.28681988336,0.006570416612137202,0.04378347225817125,0.16782452618705845,0,30,475.334894787408,72344.71158333334,53281.57206666666,44339.61748007672,8941.954586589942,1421.1952378554943,464.65967473580713,32459.628361025167,16021.127578761387,12977.113338796722,6000.000000000045,0.5972631944444444,0.6171999942808911,9.094947017729282e-13,7.275957614183426e-12,causal_sequential_exact_plan
67,2025-03-09,6000.000000000045,49624.52216407089,64196.16149466425,48267.9449532126,1937.6098116880926,50205.55476490069,0.004090917398019011,0.06282962022868256,0.0638260086059766,0,30,481.4722860976666,117692.9865,54359.461449999995,50889.91399567604,3469.5474543239534,4792.415937221352,360.8758163334777,76276.37919468993,25270.985383730593,20469.498160821775,6000.000000000045,0.7838090277777777,0.7935072857739773,1.1368683772161603e-12,7.275957614183426e-12,causal_sequential_exact_plan
68,2025-03-10,6000.000000000045,46672.062722732124,55418.02260685789,46259.4788001507,12787.512398474915,59046.99119862561,0.02934710159254496,0.024161122945648678,0.014799844623572082,0,30,3461.287092104636,117943.06436666666,49900.99291666666,49162.46597493802,738.5269417286377,1727.0361711412115,199.35003812240313,71479.9628736728,22285.607183079912,18051.341818294724,6000.00000000005,0.802451388888889,0.7773459451270679,4.547473508864641e-13,1.4551915228366852e-11,causal_sequential_exact_plan
69,2025-03-11,6000.00000000005,50262.469949054415,60101.51357846605,48149.87705742342,1554.0056467640645,49703.88270418749,0.0029536815184849235,0.05343782133194797,0.06357544217402328,0,30,347.05625797865565,117499.55295,53560.63415,50155.49315079265,3405.1409992073413,4036.364879643389,330.68244101374853,75533.85933475988,21946.360383547675,17776.551910673617,6000.000000000055,0.7893930555555556,0.7944241507991336,9.094947017729282e-13,0.0,causal_sequential_exact_plan
70,2025-03-12,6000.000000000055,44390.62928131522,48563.08899194029,45845.66611865325,1876.4660449751423,47722.13216362839,0.004639540276356717,0.045681399512606954,0.0641915936940786,0,30,547.9864799188333,118112.23683333333,55676.70215,52102.72590736096,3573.9762426390325,3353.0760906674877,147.18895610891911,73401.34335731374,23366.072970967525,18926.51910648371,6000.00000000004,0.7801680555555556,0.7357496877606766,1.4551915228366852e-11,2.1827872842550278e-11,causal_sequential_exact_plan
71,2025-03-13,6000.00000000004,46296.01074795062,59638.892356347,46282.47299634965,13768.36134056817,60050.83433691782,0.026584199460528514,0.031083921907523397,0.02391769492103996,0,30,3143.2433567669705,118237.27705,50691.65903333333,49479.23139753268,1212.427635800646,2247.1633722162883,187.20286751407525,72293.43127619929,22338.224951413602,18093.96221064502,6000.000000000043,0.7996374999999999,0.7753667291425894,2.2737367544323206e-13,0.0,causal_sequential_exact_plan
72,2025-03-14,6000.000000000043,18264.1632404682,20042.33772921547,13598.130904596896,181.91160075966746,13780.042505356563,0.0012326845129256182,0.06272512040708775,0.20567951332138562,0,30,88.88748599924799,72108.86895,56079.44296666667,44545.05042994826,11534.392536718402,2090.1567853446822,622.723782940318,33322.483428959684,16498.27277169583,13363.600945073631,6000.000000000031,0.5913868055555556,0.7793067735676257,9.549694368615746e-12,7.275957614183426e-12,causal_sequential_exact_plan
73,2025-03-15,6000.000000000031,14437.360767661292,18120.905061057845,13820.652444553803,1202.1713216462874,15022.82376620009,0.006128945275650421,0.05683082330158052,0.13351868219349528,0,30,445.7274335227237,72724.98178333332,51800.85663333333,44884.47451915649,6916.382114176844,1861.5690379884375,459.5749001265209,32756.327109846134,16002.122847773957,12961.719506696905,6000.00000000003,0.6047722222222222,0.6175533549055567,1.8189894035458565e-12,3.637978807091713e-12,causal_sequential_exact_plan
74,2025-03-16,6000.00000000003,49144.155956617906,63549.08496023691,47325.74135412158,1862.959028586047,49188.700382707626,0.0039178546055066875,0.0597840527250439,0.05629191406956401,0,30,462.2410861127927,117983.21598333333,54632.16905,51556.819684403505,3075.3493655964944,4495.764253194069,385.85885408295167,75200.05834784711,22917.263303963435,18562.98327621038,6000.000000000031,0.784895138888889,0.789410062763356,4.547473508864641e-13,4.3655745685100555e-11,causal_sequential_exact_plan
75,2025-03-17,6000.000000000031,47158.32951137089,56023.90554097891,45058.53092061691,1187.4980759618309,46246.028996578745,0.0019479443003172106,0.09392864052268043,0.08243375194527934,0,30,229.2606197689994,117693.6218,59835.490366666665,54903.02639625671,4932.463970409952,6973.488076279777,342.0185136985523,74242.40399386943,22976.645367983292,18611.082748066467,6000.000000000034,0.7601756944444445,0.7700160456764583,2.2737367544323206e-13,5.093170329928398e-11,causal_sequential_exact_plan
76,2025-03-18,6000.000000000034,43523.74784449039,56310.33097785185,45290.22779844767,5132.274607773322,50422.50240622099,0.008874137209994283,0.06922632941791772,0.05667351962224914,0,30,1040.5229692200794,117253.42358333332,56127.465216666664,52946.524215362806,3180.941001303864,5046.406882852869,236.75168391217767,72897.21880800338,22882.546539409846,18534.86269692196,6000.000000000052,0.7760166666666666,0.7255172158612887,1.6370904631912708e-11,7.275957614183426e-12,causal_sequential_exact_plan
77,2025-03-19,6000.000000000052,43908.32749626137,55101.557070106275,43944.46139821863,1660.37618183967,45604.837580058294,0.0033020966597344477,0.07605547185454664,0.05069337771028614,0,30,387.27504092025185,117281.55799999999,57816.08755,54885.19478609687,2930.8927639031217,5478.656854365352,295.49200815990775,72035.01235049973,22377.764815745275,18125.98950075367,6000.000000000053,0.7718381944444445,0.7429861463897075,2.2737367544323206e-13,0.0,causal_sequential_exact_plan
78,2025-03-20,6000.000000000053,44525.89739844702,55039.88909573203,45046.0401576507,2452.644569751815,47498.68472740251,0.0058346527365313065,0.04565613251662203,0.04900105176923276,0,30,686.437452428873,117648.38173333331,55439.41991666666,52722.83003127384,2716.5898853928165,3305.091379995055,356.79975209438214,72390.96256766317,23631.353610226906,19141.39642428379,6000.000000000055,0.7786381944444444,0.7490147933380984,2.2737367544323206e-13,2.1827872842550278e-11,causal_sequential_exact_plan
79,2025-03-21,6000.000000000055,16461.640104957005,19587.758578832523,12446.43087366087,742.5237591213273,13188.954632782197,0.004253594024401075,0.04902145487926857,0.2426795775195728,0,30,308.78341484698024,72593.53221666666,60560.06769999999,45863.37605600727,14696.691643992726,1534.5771653064348,308.24473356957617,31304.194644688436,16000.000000000065,12960.000000000055,6000.000000000053,0.5702902777777777,0.7506370670006667,1.8189894035458565e-12,1.0913936421275139e-11,causal_sequential_exact_plan
80,2025-03-22,6000.000000000053,13696.86751394874,16197.978483963574,13636.075236604933,339.03001601768653,13975.10525262262,0.001980146339878021,0.06392754765544897,0.19160740781637012,0,30,142.4456477174931,71936.92953333333,56055.7298,45315.036719767144,10740.693080232852,2098.813183480531,759.6593581023374,32831.12305187316,18385.280760218997,14892.077415777392,6000.000000000047,0.5873881944444445,0.592519647229245,5.4569682106375694e-12,1.8189894035458565e-12,causal_sequential_exact_plan
81,2025-03-23,6000.000000000047,30835.605151537286,35029.10710908944,44349.86411555376,1072.491343973539,45422.3554595273,0.002481383777435984,0.06245952840192928,0.07590013578821628,0,30,292.15806954518814,117739.97726666665,58970.257150000005,54494.40662484896,4475.850525151032,4523.576211160315,204.4468476563453,72424.11729481757,24961.482440675754,20218.80077694736,6000.000000000048,0.7671784722222222,0.540180347493896,1.5916157281026244e-12,1.4551915228366852e-11,causal_sequential_exact_plan
82,2025-03-24,6000.000000000048,42680.14405005001,52654.5109882746,42203.28829676244,2625.502623894731,44828.79092065717,0.006189624095156531,0.05513184643621737,0.056094229744128254,0,30,726.8176654267868,117425.17061666667,59426.67353333333,56093.180055225224,3333.4934781081056,3800.4753520402433,374.4530654226753,68934.3019997898,21864.214138485368,17710.013452173145,6000.000000000049,0.7674861111111111,0.7548755953857194,4.547473508864641e-13,4.3655745685100555e-11,causal_sequential_exact_plan
83,2025-03-25,6000.000000000049,41620.104318694204,46811.4976563501,41903.1449237285,3733.0925126813245,45636.23743640982,0.00817241804020454,0.028199811896363405,0.03917963852576563,0,30,964.7798383682206,118053.16781666665,57103.043099999995,54865.76651262079,2237.276587379215,1931.7852986772455,147.0711592917712,68503.48171742113,22115.809440918172,17913.805647143716,6000.000000000049,0.7712756944444445,0.7405013303559423,2.5011104298755527e-11,1.4551915228366852e-11,causal_sequential_exact_plan
84,2025-03-26,6000.000000000049,45889.71994251731,55146.610189905856,44163.10385600083,496.38682469178883,44659.49068069262,0.0012494270021927113,0.08983315471508543,0.0977223255384295,0,30,147.06334025636286,117704.62779999999,62112.07293333333,56042.33672227546,6069.736211057875,6540.77811953275,396.5101107382992,72810.29081387003,22935.657084898936,18577.882238768136,6000.000000000053,0.7566111111111112,0.7645504042051248,9.094947017729282e-13,3.637978807091713e-11,causal_sequential_exact_plan
85,2025-03-27,6000.000000000053,43133.71507537309,53884.78481289563,41768.32496614143,1943.5521170745383,43711.87708321597,0.004419967385856508,0.05842828034028411,0.039381765540300775,0,30,521.3466378576982,117952.59836666666,59235.60896666667,56902.80610270446,2332.802863962205,4033.5773020022934,363.23594057563787,69034.67427949086,21628.502162149685,17519.086751341245,6000.000000000054,0.7664159722222222,0.7563972467858757,9.094947017729282e-13,2.1827872842550278e-11,causal_sequential_exact_plan
86,2025-03-28,6000.000000000054,15707.146842131926,17839.898804494554,12154.419714510517,1231.1614501448828,13385.5811646554,0.005812601025133556,0.05245589202165351,0.24875630002583884,0,30,417.8781601128897,71891.76726666666,61069.8865,45878.36749126207,15191.519008737925,1612.0502512746132,483.96636767373985,30731.538234240063,16000.00000000006,12960.000000000047,6000.000000000054,0.5747680555555555,0.7303248004164292,4.547473508864641e-13,3.637978807091713e-12,causal_sequential_exact_plan
87,2025-03-29,6000.000000000054,12044.645154403635,14761.573271189145,12588.820065074982,442.5511249346921,13031.371190009675,0.0019801806203715404,0.03714403797230095,0.2884903876363622,0,30,142.80721541407087,72118.27746666667,64411.06828333333,45829.09422620231,18581.974057131025,1176.63944975131,705.3606668804706,31677.747331314742,19207.216787540397,15557.845597907726,6000.000000000049,0.5630868055555556,0.5515836599778698,6.366462912410498e-12,1.0913936421275139e-11,causal_sequential_exact_plan
88,2025-03-30,6000.000000000049,29424.102630132056,37450.533412654346,39246.94873615924,3463.080448483028,42710.02918464227,0.00700109877474704,0.052441393634395754,0.055182466674896145,0,30,826.0925905530723,117994.70585,62649.086149999996,59191.955041314926,3457.1311086850724,3470.9849738856647,391.68782503918385,66187.88581562566,22887.130518783255,18538.575720214438,6000.00000000005,0.7520270833333333,0.535005388974121,3.296918293926865e-12,2.9103830456733704e-11,causal_sequential_exact_plan
89,2025-03-31,6000.00000000005,42904.3907654759,51679.34418892472,41306.69580604569,895.6436123599037,42202.339418405594,0.0021945538572015026,0.04558530214163433,0.06756433637636722,0,30,256.92885356348916,117075.66561666667,60124.27613333333,56062.01931627521,4062.2568170581208,3119.0932164532974,292.1249976109183,68423.22129975623,22396.24020454759,18140.954565683547,6000.00000000005,0.7607041666666667,0.7631029976203774,1.1368683772161603e-12,1.4551915228366852e-11,causal_sequential_exact_plan
90,2025-04-01,6000.00000000005,43056.83934939144,52315.683917324786,41053.81439402548,6590.364339701267,47644.178733726745,0.01783117286895711,0.021618266758295587,0.04046259687566644,0,30,2103.492578532854,117967.1463,57758.29478333333,55421.24418528941,2337.0505980439243,1431.9427596045773,193.83743895144983,66237.63022329703,21944.423624017203,17774.983135453935,6000.000000000054,0.7731090277777778,0.7799830635675491,1.8189894035458565e-12,7.275957614183426e-12,causal_sequential_exact_plan
91,2025-04-02,6000.000000000054,41537.19445008991,45798.658108645905,42056.250952455084,8371.53909372204,50427.79004617712,0.013710045231254199,0.062430171168660974,0.03518287281783768,0,30,1617.6020264427286,117986.62945,57551.29404999999,55526.474190936875,2024.8198590631282,4329.039383115562,139.41125500911244,69342.10337851317,21216.313198779502,17185.213691011402,6000.000000000054,0.772320138888889,0.7300256845585102,2.2737367544323206e-13,7.275957614183426e-12,causal_sequential_exact_plan
92,2025-04-03,6000.000000000054,43378.17377024136,51759.25992481501,41521.504299110224,1479.0812795494955,43000.58557865972,0.003237592791962163,0.0716705465366771,0.06921673452236826,0,30,381.66186535374,117884.45609999998,62020.92583333333,57728.03987509601,4292.885958237324,4950.282885546991,160.60332505220913,69069.9753909886,22022.81484652185,17838.480025682697,6000.000000000054,0.7644638888888888,0.761205412817628,7.617018127348274e-12,7.275957614183426e-12,causal_sequential_exact_plan
93,2025-04-04,6000.000000000054,15387.099795354414,17735.747017979145,11749.098318039916,431.7160763858941,12180.81439442581,0.0019382155224142352,0.058041029213653166,0.2866216112901034,0,30,139.0393476831185,71735.75181666667,65304.949566666655,46587.13969664973,18717.809870016936,1757.990673298734,481.19430239849066,30288.757748031054,16000.00000000006,12960.000000000047,6000.000000000055,0.5595027777777778,0.726489475583209,4.547473508864641e-13,3.637978807091713e-12,causal_sequential_exact_plan
94,2025-04-05,6000.000000000055,12302.70822745278,14917.889851989168,11668.372141426787,3341.3351020170567,15009.707243443845,0.015071706925814842,0.03330015861162652,0.23531273858438087,0,30,1094.2472579751818,72602.74256666665,60558.62758333332,46308.41108178753,14250.21650154579,986.3855429705724,394.57661836047924,29621.046388235005,16000.00000000006,12960.00000000005,6000.000000000054,0.5755284722222221,0.580483908585427,9.094947017729282e-13,0.0,causal_sequential_exact_plan
95,2025-04-06,6000.000000000054,41229.17593640391,49341.45525851399,39507.86105898774,1374.8179664391707,40882.679025426914,0.0029833737316834856,0.0487968890621401,0.06394005644664427,0,30,349.6676028129689,117205.43058333333,62795.354316666664,58780.21581707198,4015.1384995946937,3201.4417747535717,240.88865432753903,65607.497450846,21524.315043771057,17434.695185454555,6000.000000000053,0.7556868055555556,0.7624287728626631,2.7284841053187847e-12,2.842170943040401e-14,causal_sequential_exact_plan
96,2025-04-07,6000.000000000053,41171.68120908873,48089.78061082018,38702.67216296943,1076.708645125108,39779.38080809454,0.002893777399772604,0.045192328348043515,0.07503409938326519,0,30,338.6157734472413,117015.14203333334,63772.422750000005,58987.31644346489,4785.106306535103,2942.2738685185022,389.5534953371281,65105.60478006175,21497.724209394342,17413.156609609418,6000.000000000055,0.7517159722222222,0.7458169111897174,6.0254023992456496e-12,7.275957614183426e-12,causal_sequential_exact_plan
97,2025-04-08,6000.000000000055,40075.986113644,46732.70339698398,39390.295784452675,2983.17358702851,42373.46937148119,0.005723675477551275,0.07835180953348556,0.06444712834353855,0,30,673.7526728811952,117713.29026666666,63360.09664999999,59276.720369338436,4083.376280661557,5270.279027334522,94.69773456570385,67264.2924102747,21771.0443364603,17634.545912532845,6000.000000000056,0.7519159722222222,0.7218002289692544,6.366462912410498e-12,2.1827872842550278e-11,causal_sequential_exact_plan
98,2025-04-09,6000.000000000056,40744.85825886608,47475.143310082196,38910.19639654136,7577.436375003768,46487.632771545126,0.01864161797207154,0.02626654264998414,0.02270816855619864,0,30,2193.69941896624,117677.52253333332,58543.21151666666,57213.802401725006,1329.409114941656,1688.9756740947796,229.79850606849686,64301.40793941906,21645.331824282635,17532.718777668935,6000.000000000057,0.7662708333333333,0.7581932128301644,1.8189894035458565e-12,2.9103830456733704e-11,causal_sequential_exact_plan
99,2025-04-10,6000.000000000057,41258.54048478869,49510.12154252397,38606.43866723018,2428.707993993017,41035.146661223196,0.00456844505167395,0.06085781192584185,0.047829562871522534,0,30,537.5629933736773,117668.70068333333,63208.06278333333,60184.84877045074,3023.214012882585,3966.018104014331,169.20929150810252,65168.595099132275,21510.940968952294,17423.862184851358,6000.000000000062,0.7580270833333334,0.7632870517075505,2.2737367544323206e-12,0.0,causal_sequential_exact_plan
100,2025-04-11,6000.000000000062,14897.109739447502,17435.594463139416,11279.773428745953,864.4665820204754,12144.240010766429,0.0044481728953279,0.035282707997216105,0.2909006841344461,0,30,320.67766591341706,72091.99675,66775.34658333333,47350.35257892691,19424.994004406413,1017.5396750154036,360.27371295635777,28839.613872486494,16004.389365026676,12963.555385671607,6000.00000000006,0.5514784722222222,0.7244328958169162,9.094947017729282e-13,0.0,causal_sequential_exact_plan
101,2025-04-12,6000.00000000006,11422.108887692675,13380.910058281916,11586.855061388864,580.953599262728,12167.808660651592,0.002305057544503779,0.04474931792186781,0.24774330186390728,0,30,165.86543088213946,71957.17576666665,62932.01521666667,47341.02997394001,15590.985242726656,1330.626857603526,597.5577180540213,29735.13160416874,17666.666666666733,14310.000000000055,6000.000000000058,0.5638673611111111,0.5440032320803345,1.1368683772161603e-12,3.637978807091713e-12,causal_sequential_exact_plan
102,2025-04-13,6000.000000000058,39514.28242337009,45722.115421484814,38721.715025164216,2789.1543720889276,41510.86939725315,0.005479910414825732,0.0565234679337795,0.054742677368690124,0,30,642.7006740324341,117283.06219999999,63006.703716666656,59557.54806304054,3449.1556536261314,3678.8510635552975,236.24862945187465,65085.37423544648,21512.95305006467,17425.491970552383,6000.000000000058,0.7562548611111111,0.7439015335962689,2.2737367544323206e-13,2.9103830456733704e-11,causal_sequential_exact_plan
103,2025-04-14,6000.000000000058,39116.86909441375,46351.40241047737,37218.74357301273,1939.2238016448077,39157.96737465754,0.004132145920391499,0.053498505609841394,0.05663690581674233,0,30,487.1856761419935,117901.37268333332,65373.34088333332,61670.79713279819,3702.54375053514,3387.439537494657,133.61238757425156,63318.39551180876,21336.598486035276,17282.64477368857,6000.000000000058,0.7465972222222221,0.7376165987795377,6.821210263296962e-13,2.1827872842550278e-11,causal_sequential_exact_plan
104,2025-04-15,6000.000000000058,39889.398908028845,41870.76040673442,38086.60586282374,1695.2179492380978,39781.82381206183,0.003039147887897821,0.08988674056844267,0.08884160993164045,0,30,355.7532461011305,117056.90516666666,66917.47633333332,60972.420003317544,5945.05633001578,5917.055546542296,105.9987470625847,65827.90197000033,21453.240837618236,17377.125078470766,6000.00000000006,0.738532638888889,0.7403761633764331,1.2505552149377763e-12,7.275957614183426e-12,causal_sequential_exact_plan
105,2025-04-16,6000.00000000006,38480.746076688185,45949.39835863175,38145.36256145623,2912.567310822992,41057.92987227922,0.0064338273204218414,0.034957639263677856,0.04301295672019027,0,30,758.7083472995256,117924.88506666665,62145.29311666667,59472.240313475944,2673.0528031907215,2244.7298627710024,189.15843022741035,64212.85618972993,21500.165741264842,17415.13425042452,6000.000000000063,0.7623541666666667,0.7268963972432408,9.094947017729282e-13,7.275957614183426e-12,causal_sequential_exact_plan
106,2025-04-17,6000.000000000063,39544.656856046975,47130.184185710954,37357.456880691345,544.9320298376331,37902.38891052898,0.0012093338655395948,0.051530893183063496,0.05388663347511836,0,30,142.08105941858418,117487.04263333333,64618.700283333324,61136.61606552682,3482.0842178065095,3279.4412495966662,141.18498224288953,63640.29511280644,21112.228276731366,17100.9049041524,6000.000000000064,0.7477673611111111,0.7520405911727764,9.094947017729282e-13,7.275957614183426e-12,causal_sequential_exact_plan
107,2025-04-18,6000.000000000064,15233.423369796763,17417.924915213436,11132.290778331575,315.3807223404349,11447.67150067201,0.0013043428032756834,0.05861971907412289,0.264924871649539,0,30,93.24768789663233,71490.16935,65136.05216666666,47879.891906654826,17256.160260011842,1681.2807352449133,442.8357481512412,28681.14623884471,16000.000000000073,12960.000000000058,6000.0000000000655,0.5594201388888889,0.756520002687425,2.2737367544323206e-13,0.0,causal_sequential_exact_plan
108,2025-04-19,6000.0000000000655,11328.318017624644,13127.516779352221,10947.039612759907,591.689571207319,11538.729183967225,0.0033385032084079728,0.05604323106672304,0.2575433090969417,0,30,240.05645984788288,71905.41535,65120.736099999995,48349.32623397733,16771.409866022666,1594.013575466585,491.5614648770465,28442.570942578423,16005.069716105285,12964.106470045277,6000.000000000067,0.5579763888888889,0.5601672248440169,1.8189894035458565e-12,1.8189894035458565e-12,causal_sequential_exact_plan
109,2025-04-20,6000.000000000067,39178.69118046156,45413.56164292948,36640.079950179905,1636.7381991191032,38276.81814929901,0.0037559709363041392,0.04475225723668111,0.05755457114561029,0,30,440.1915920089101,117197.81635000001,65240.07146666667,61485.207131893694,3754.8643347729662,2786.7062724611806,255.2228122443521,62269.62492021658,20817.253733756086,16861.975524342433,6000.000000000069,0.7454388888888889,0.7582362506415067,2.2737367544323206e-13,2.1827872842550278e-11,causal_sequential_exact_plan
110,2025-04-21,6000.000000000069,36886.18928356399,43566.827607750725,35641.91270337942,1288.5767174397229,36930.48942081915,0.0029532050398384893,0.06524939426254991,0.08102897092061337,0,30,349.9005701253788,118481.63788333331,69964.7275,64295.55762993386,5669.169870066138,4042.3367677192073,141.59567467517536,61952.096466270465,20694.654424221008,16762.67008361901,6000.000000000069,0.7339520833333333,0.7220862407375328,2.2737367544323206e-13,7.275957614183426e-12,causal_sequential_exact_plan
111,2025-04-22,6000.000000000069,37400.865969987455,44174.10402019998,36143.303687815554,1924.3215456265207,38067.62523344207,0.004960802170780093,0.03865648873582761,0.050983133162374454,0,30,584.4370695852557,117811.00101666666,65658.0717,62310.617487334166,3347.45421266583,2372.906371847403,175.66999625002427,61384.42599025156,20631.069275825754,16711.166113418858,6000.000000000073,0.7509583333333334,0.7329282231746534,9.094947017729282e-13,0.0,causal_sequential_exact_plan
112,2025-04-23,6000.000000000073,36683.204371621956,44437.49695507798,36787.25175591329,1381.0452048101138,38168.296960723404,0.0029521828167133122,0.042985941028987694,0.06442014299458534,0,30,348.44765754198016,118030.51476666666,66630.59805,62338.24539580426,4292.35265419574,2680.9688852163845,220.6583350544721,62368.505167967945,21700.2959704035,17577.239736026837,6000.000000000074,0.7479125,0.7123839746292914,9.094947017729282e-13,2.1827872842550278e-11,causal_sequential_exact_plan
113,2025-04-24,6000.000000000074,36562.02392478895,41491.84270358392,36567.52864727726,1121.3329119761022,37688.86155925336,0.001772087411095123,0.07646727251938724,0.10458717084205363,0,30,208.21633617892854,117497.77966666667,70407.67296666667,63043.93364551045,7363.739321156208,4839.290422676362,151.79003838309382,63285.77263494556,21310.85520478328,17261.792715874457,6000.000000000077,0.7361847222222223,0.7140829111655811,1.3642420526593924e-12,1.4551915228366852e-11,causal_sequential_exact_plan
114,2025-04-25,6000.000000000077,13678.615609515879,15798.96782905612,10267.908517184724,612.7880949498281,10880.696612134552,0.002252589280066602,0.05541093526288031,0.29921177059564863,0,30,161.65328803709633,71763.3212,69762.96354999999,48889.0637042048,20873.899845795193,1529.5069723736042,320.86944304896184,27602.98062318068,16000.000000000087,12960.00000000007,6000.000000000077,0.5406916666666667,0.7034333511467123,9.094947017729282e-13,3.637978807091713e-12,causal_sequential_exact_plan
115,2025-04-26,6000.000000000077,10017.257088654675,10869.991290847838,10493.811369728566,1662.7715409872226,12156.582910715788,0.008407983160571576,0.03397323243459972,0.32597004851674793,0,30,606.2233579365782,72100.92436666667,72030.73073333333,48550.86994149186,23479.86079184147,928.7604718840696,288.5619603499941,27338.007169967794,16720.282476292115,13543.428805796615,6000.000000000078,0.5378048611111111,0.5275526412670088,1.5916157281026244e-12,3.637978807091713e-12,causal_sequential_exact_plan
116,2025-04-27,6000.000000000078,33501.14069630972,38443.40640417002,34410.675873608285,2947.5026860034404,37358.178559611726,0.006439895662005163,0.057216887835585976,0.06369629893888734,0,30,753.6772341759348,117032.52253333334,68459.05135,64098.46315013776,4360.588199862239,3419.29666657719,208.67986644321934,59760.27001682819,20799.533340990158,16847.62200620201,6000.000000000094,0.7337826388888888,0.693302211433264,1.2732925824820995e-11,7.275957614183426e-12,causal_sequential_exact_plan
117,2025-04-28,6000.000000000094,33854.94489057032,37834.58773053277,34547.558073190354,18218.577817154182,52766.135890344536,0.04268347759852278,0.017680999245811416,0.021255375839674247,0,30,5016.900745687633,117537.3008,60915.33348333332,59620.55517574598,1294.7783075873429,1028.1492130501833,181.86691081208937,58149.949488502425,21263.623610914638,17223.535124840855,6000.000000000095,0.7660520833333333,0.7115687018577648,1.3301360013429075e-11,0.0,causal_sequential_exact_plan
118,2025-04-29,6000.000000000095,36145.85982355401,41074.30141280822,36191.37811377623,1637.1478102150836,37828.525923991314,0.003201030380437829,0.07271403984022813,0.11218148318884094,0,30,375.32964284219645,117252.75871666666,69819.545,61987.084886329976,7832.460113670023,4629.728819048759,65.12488751880267,63670.35622311029,21500.83331078018,17415.674981731947,6000.000000000094,0.7303826388888888,0.7105131054759838,9.094947017729282e-13,7.275957614183426e-12,causal_sequential_exact_plan
119,2025-04-30,6000.000000000094,36471.471885527564,38656.79913415757,36342.27280897929,1189.070276166989,37531.343085146276,0.0027767209689351104,0.0712714699195652,0.09532997511922743,0,30,326.77252257065766,117682.88071666665,69426.02628333334,62807.644925116336,6618.381358216997,4499.8326677916375,189.4220014030468,63136.521147522435,20520.016891305713,16621.213681957626,6000.000000000094,0.7294423611111112,0.7126510270980133,3.865352482534945e-12,2.9103830456733704e-11,causal_sequential_exact_plan
120,2025-05-01,6000.000000000094,34967.950537831406,38008.55067365061,36205.05677830304,14224.247859597499,50429.30463790054,0.024933523189589676,0.05745378625479949,0.0763758261965823,0,30,3001.1131442915207,120364.58391666666,69353.20511666666,64056.2967765002,5296.908340166456,3476.5466233174575,0.0,60510.3135918573,19613.64722455212,15887.05425188721,6000.000000000101,0.7473263888888889,0.7029552801719571,7.275957614183426e-12,7.275957614183426e-12,causal_sequential_exact_plan
121,2025-05-02,6000.000000000101,11729.88742255576,12435.233883850118,12470.916290406249,4246.325235293742,16717.24152569999,0.017032827704462027,0.024404079932955697,0.20183301861777403,0,30,1273.3916873575463,74761.02673333333,60470.70664999999,48265.7213888806,12204.9852611194,717.5642759155733,265.6441348391033,29403.455401183222,16833.333333333445,13635.000000000091,6000.000000000101,0.5869513888888889,0.5264244741392305,1.8189894035458565e-12,3.637978807091713e-12,causal_sequential_exact_plan
122,2025-05-03,6000.000000000101,13108.319974326974,14948.223624379012,13522.191931883175,1644.4092958462963,15166.601227729472,0.004775069373156485,0.08278601618764717,0.26088347440085236,0,30,357.6281010200159,74894.84928333333,66027.67763333333,48802.147685729884,17225.529947603445,2620.4167724500003,180.30511951346637,31652.89131089996,16405.76801238458,13288.672090031516,6000.000000000096,0.5698243055555555,0.5321527384019703,6.139089236967266e-12,1.8189894035458565e-12,causal_sequential_exact_plan
123,2025-05-04,6000.000000000096,38117.04478829249,42012.894899926294,41341.77596283572,2755.2957329989167,44097.07169583464,0.005215617964528343,0.06992426744948743,0.10685464346107482,0,30,629.3690591085217,120670.08423333333,68935.4169,61569.34750530994,7366.069394690051,4699.131342692699,48.776426691656866,67203.15441398515,20967.78408255759,16983.90510687165,6000.000000000096,0.7461284722222222,0.6987020236663063,2.2737367544323206e-13,2.9103830456733704e-11,causal_sequential_exact_plan
124,2025-05-05,6000.000000000096,40450.46919698038,46149.44844742513,42078.202146286785,4236.5938469219,46314.79599320868,0.00836404448524679,0.09788288478443043,0.058938255486335286,0,30,1008.8055040426755,120612.16386666667,65536.15706666667,61673.57029787886,3862.5867687877976,6742.66616728088,241.35315176824565,68885.03727827799,20901.209970967124,16929.980076483367,6000.000000000096,0.7604611111111113,0.7028146337071263,2.5011104298755527e-12,1.4551915228366852e-11,causal_sequential_exact_plan
125,2025-05-06,6000.000000000096,40116.19334996376,46106.15132217758,41850.970885591094,2876.418365344952,44727.389250936045,0.005907129563009884,0.09603609999000111,0.07522391104340093,0,30,714.864221272097,121017.19009999999,68147.10773333334,63020.815763336,5126.291969997326,6547.279070877226,308.0084571148823,68175.18695114549,21254.680567165648,17216.29125940417,6000.000000000103,0.7532361111111112,0.7159354002548469,3.637978807091713e-12,3.637978807091713e-11,causal_sequential_exact_plan
126,2025-05-07,6000.000000000103,40669.050777965014,49130.91255737097,41662.4829754719,866.0689160318539,42528.551891503754,0.0021506574286904775,0.059536363219619345,0.05794069617166003,0,30,260.5741164873297,121160.21501666667,66092.36906666667,62262.93119130971,3829.4378753569554,3991.449186168796,425.8661006871214,67042.20698609068,20990.431528237605,17002.249537872463,6000.0000000001055,0.7587291666666667,0.7142990414377278,2.2737367544323206e-13,7.275957614183426e-12,causal_sequential_exact_plan
127,2025-05-08,6000.0000000001055,40827.92850001726,49856.20831444141,42824.9127201775,2597.602004199869,45422.51472437737,0.005581488603248833,0.06814520327822246,0.057821734821540995,0,30,672.26505932794,120445.47738333332,64618.964983333324,60882.584325624586,3736.3806577087425,4638.8067995461915,452.5091827096055,68072.38919820848,21528.659039851966,17438.213822280086,6000.000000000107,0.7616590277777777,0.7045171590031865,1.5916157281026244e-12,0.0,causal_sequential_exact_plan
128,2025-05-09,6000.000000000107,14178.344371047066,17153.3685024256,14451.851480724039,145.9599497276161,14597.811430451655,0.0010793605512876927,0.08990288849775706,0.2612271991886136,0,30,80.1466499729321,74253.82544999999,65754.4396,48577.59150907514,17176.84809092486,2940.197493898142,969.5312481797581,32704.149366363188,16833.333333333452,13635.000000000095,6000.0000000001055,0.5667381944444444,0.5328365560677507,2.9558577807620168e-12,1.8189894035458565e-12,causal_sequential_exact_plan
129,2025-05-10,6000.0000000001055,13885.834282190843,16647.261039146706,14148.480210264306,1362.6572396945749,15511.137449958882,0.006570253952068054,0.07300836500412188,0.22527329249270753,0,30,490.45623192918737,74647.98705,62526.941766666656,48441.29172538987,14085.65004127679,2318.038654134517,676.0381793615594,31750.315926177034,16000.000000000116,12960.000000000093,6000.0000000001055,0.5753076388888889,0.5396084149628488,4.547473508864641e-13,1.4551915228366852e-11,causal_sequential_exact_plan
130,2025-05-11,6000.0000000001055,43454.788460386255,49601.94649039618,44776.741689501716,2170.9615994188744,46947.70328892059,0.003218911859801761,0.0994504407185864,0.10077290994292565,0,30,388.66136573132474,120743.09041666667,65259.01133333333,58682.670861274964,6576.340472058364,7314.393533217286,215.99608733977288,73548.12588427565,22873.568810832752,18527.590736774528,6000.0000000001055,0.7607819444444445,0.717106781420198,4.547473508864641e-13,7.275957614183426e-12,causal_sequential_exact_plan
131,2025-05-12,6000.0000000001055,47530.230736188394,54917.28315594078,47343.401786533366,119.81278845095402,47463.21457498432,0.00034818569878587025,0.11949944661034194,0.1486002814270382,0,30,41.93848121805138,120448.60361666666,68517.40838333333,58335.70221491868,10181.70616841464,9080.74517217591,607.3595680303091,75989.85124831555,22267.282039891696,18036.498452312277,6000.0000000001055,0.7517881944444444,0.7394701280749094,6.707523425575346e-12,1.4551915228366852e-11,causal_sequential_exact_plan
132,2025-05-13,6000.0000000001055,42950.40052281275,50027.2796457266,42067.78185870161,215.3320450959659,42283.11390379757,0.0005468719506660762,0.08638837607868927,0.08144552817837539,0,30,65.77208803898236,120269.6316,67140.41883333333,61672.13195933515,5468.286873998175,5952.800545008043,273.5081882737529,68907.42499414236,21838.887938077387,17689.499229842673,6000.000000000113,0.7564458333333334,0.7372877172617301,9.094947017729282e-12,3.552713678800501e-15,causal_sequential_exact_plan
133,2025-05-14,6000.000000000113,43772.769382173,48063.889426728616,42261.189577770056,353.13868059719795,42614.328258367255,0.0010743624327110082,0.08829147401097283,0.09003013332720694,0,30,129.5595201437947,120592.00526666666,67577.85648333334,61493.81305417197,6084.0434291613565,6146.267027402429,433.5495114886752,69613.36976476997,21394.318597515678,17329.398063987697,6000.000000000111,0.747551388888889,0.7528757543351458,4.320099833421409e-12,7.275957614183426e-12,causal_sequential_exact_plan
134,2025-05-15,6000.000000000111,41918.965071575105,49681.34784468566,42249.29095983942,785.4491543899564,43034.740114229375,0.0016114060872041256,0.09185128247281792,0.08513637748933592,0,30,192.72144445790158,119598.30981666666,66833.25153333333,61143.310601951714,5689.940931381605,6358.724715736883,584.2852552543716,69228.48048004835,21174.698625263467,17151.505886463405,6000.000000000113,0.7527770833333334,0.7210311215907352,1.8189894035458565e-12,1.4551915228366852e-11,causal_sequential_exact_plan
135,2025-05-16,6000.000000000113,13068.57216121359,16373.891236285795,13336.344856056017,412.0834297307364,13748.428285786753,0.002382313899408576,0.07549634908772096,0.3095185015804869,0,30,177.91440562444865,74681.34474999999,71965.83821666666,49691.07980686026,22274.7584098064,2349.1287483682154,755.9800880398602,31115.792707256718,16833.33333333346,13635.000000000102,6000.000000000113,0.5453854166666666,0.533726080391588,9.094947017729282e-13,3.637978807091713e-12,causal_sequential_exact_plan
136,2025-05-17,6000.000000000113,13893.903858070116,16572.52858978806,13546.598223290433,1508.514505282403,15055.112728572836,0.006427511301606208,0.06685976012977453,0.23927695360058018,0,30,483.8278950833505,75274.53043333333,64825.73134999999,49314.427837642375,15511.303512357623,2086.287131150867,442.00811298226625,31203.92784989644,16838.72581660892,13639.36791145322,6000.000000000115,0.5734159722222222,0.5552252009487519,1.3642420526593924e-12,3.637978807091713e-12,causal_sequential_exact_plan
137,2025-05-18,6000.000000000115,41881.61507593539,45808.24470863277,41819.71203133634,1624.426778458728,43444.13880979507,0.004029298232302307,0.07375410595603907,0.08569408671410822,0,30,486.2840648459031,120687.037,67010.8689,61268.43368969566,5742.4352103043375,5041.899343351741,477.59616620271595,68360.93093389201,20574.295678311173,16665.179499432048,6000.000000000115,0.75068125,0.7345505575484537,2.2737367544323206e-13,7.275957614183426e-12,causal_sequential_exact_plan
138,2025-05-19,6000.000000000115,40509.314928601685,47510.75818921086,38884.33309662109,1335.3932763113294,40219.72637293242,0.0020629299953775922,0.10455705589954521,0.09418496967699308,0,30,247.70093078743426,120072.38798333332,72557.17143333334,65723.37644203645,6833.794991296889,6783.962009346387,253.76391165131054,64882.87137564568,19704.393916518562,15960.55907238003,6000.000000000118,0.7317597222222223,0.7483219265506054,2.2737367544323206e-13,5.093170329928398e-11,causal_sequential_exact_plan
139,2025-05-20,6000.000000000118,40362.73996712138,47659.10561725994,39921.812521475935,1618.393892797248,41540.20641427318,0.002981818581909138,0.05292801295416548,0.06211057475243547,0,30,359.1230071956826,120437.57771666667,65910.18289999999,61816.46355804286,4093.719341957143,3482.441825775162,204.90593318429774,65795.81645717329,20244.61866729311,16398.14112050742,6000.000000000117,0.7565819444444445,0.7347034549182436,9.094947017729282e-13,7.275957614183426e-12,causal_sequential_exact_plan
140,2025-05-21,6000.000000000117,40856.69960176782,47930.98940337863,40267.77169029735,1475.395930472651,41743.16762077,0.0035982795411866816,0.07033296605768244,0.09398596184831341,0,30,432.8120425843267,120283.05128333332,68920.43599999999,62442.882531534866,6477.553468465125,4651.6406356889,307.8048652837143,66137.4160144751,19845.335812043926,16074.722007755576,6000.000000000118,0.7458243055555555,0.7365041276181223,2.2737367544323206e-13,0.0,causal_sequential_exact_plan
141,2025-05-22,6000.000000000118,41699.71770921531,46655.46912971677,39603.3073926472,566.415017288381,40169.72240993558,0.001209101470237174,0.06940260995817076,0.08794560078486581,0,30,144.76533213917804,119729.68001666665,68913.0492,62852.44968618898,6060.599513811016,4538.3352435338165,406.417489038289,65391.42038417705,19548.43501719183,15834.232363925381,6000.00000000012,0.7461930555555555,0.7527304785612334,1.8189894035458565e-12,0.0,causal_sequential_exact_plan
142,2025-05-23,6000.00000000012,18461.724103342574,19289.330985591878,14080.45985361794,185.88277642168535,14266.342630039626,0.0011859464225222184,0.1051823761598898,0.2659711090401973,0,30,88.92627645802253,74983.38438333332,68562.43549999999,50326.80849156801,18235.62700843199,3375.2207811130456,948.0198107214235,32089.223540475126,16833.333333333467,13635.000000000107,6000.000000000119,0.5569743055555555,0.7386785338108801,1.7621459846850485e-12,1.0913936421275139e-11,causal_sequential_exact_plan
143,2025-05-24,6000.000000000119,13814.92129909178,15091.851269859104,13192.174027817107,590.4378728567382,13782.611900673846,0.0020429691760492446,0.06950397007712923,0.29210188893272737,0,30,152.59716744088786,74693.81781666665,70939.31643333333,50217.8081035602,20721.508329773133,2113.890493183173,778.3168284389213,30413.953200621032,16833.333333333467,13635.000000000107,6000.000000000118,0.553204861111111,0.5662245190641977,1.8189894035458565e-12,1.8189894035458565e-12,causal_sequential_exact_plan
144,2025-05-25,6000.000000000118,40959.122355322965,46199.29044032529,40264.72542916882,406.79577935007273,40671.5212085189,0.000688743025090332,0.09389349524793915,0.09624598060372071,0,30,82.86947647672247,120319.8776,71774.86741666666,64866.824919447536,6908.042497219125,6164.515691025728,366.8717300275051,65654.34245202446,19751.430667871064,15998.658840975564,6000.000000000118,0.7379618055555556,0.7376376322869598,1.5916157281026244e-12,1.4551915228366852e-11,causal_sequential_exact_plan
145,2025-05-26,6000.000000000118,39952.26362885355,45475.71396615697,38054.77787625114,5213.19186926774,43267.96974551888,0.012614215055166094,0.04724916800706162,0.037798871925467166,0,30,1506.2378048918183,119407.96936666666,64828.13641666666,62377.70599108636,2450.430425580297,2948.4105691081204,310.47987525809094,62401.322467042504,19044.244484146406,15425.838032158586,6000.000000000119,0.7524722222222222,0.7475970205746408,2.2737367544323206e-13,2.1827872842550278e-11,causal_sequential_exact_plan
146,2025-05-27,6000.000000000119,39711.646216749716,44244.312828693124,38049.43248969794,648.1851904041799,38697.61768010212,0.0022228582146526957,0.07266633286323618,0.07001088225549133,0,30,266.8470763179414,120046.82734999999,70656.46005,65709.73894484961,4946.721105150377,4538.734839217928,216.0078834423407,62459.94066826227,19131.350614576622,15496.393997807063,6000.00000000012,0.7429215277777778,0.7462371606616233,9.094947017729282e-13,2.1827872842550278e-11,causal_sequential_exact_plan
147,2025-05-28,6000.00000000012,39667.91497128725,43150.68101281098,38569.81689069809,3343.845323364869,41913.66221406296,0.007802115819615483,0.04790626972857136,0.07311422269060128,0,30,935.644141286666,119921.84721666666,67648.02311666666,62701.99048993575,4946.032626730909,3031.539349259387,303.99940847800394,63280.638764728814,19267.828534458808,15606.941112911638,6000.000000000118,0.7512673611111111,0.7381395393134178,2.1259438653942198e-11,2.1827872842550278e-11,causal_sequential_exact_plan
148,2025-05-29,6000.000000000118,40877.670708473546,45865.82443061056,39460.89411787045,2129.7724009211306,41590.66651879158,0.0048129653284809835,0.05002280971975116,0.05571562413154338,0,30,579.6702437514916,120439.31426666665,66329.19076666667,62633.61850496162,3695.5722617050374,3226.4787841772536,262.8005530449948,64500.15107614598,19920.243268264174,16135.397047293978,6000.00000000012,0.7595125,0.7550593679058567,2.2737367544323206e-13,0.0,causal_sequential_exact_plan
149,2025-05-30,6000.00000000012,13989.701733473152,16416.47193647488,13678.655931600875,544.7550791554776,14223.411010756352,0.002944373756864218,0.07187650821214737,0.2711065664854559,0,30,219.68627570998854,74612.22448333332,68015.99121666666,49576.40937181124,18439.581844855424,2238.0018509442084,884.2996682440184,31136.76368833369,16833.333333333467,13635.000000000107,6000.000000000122,0.5609930555555556,0.5663603243915065,4.547473508864641e-13,1.8189894035458565e-12,causal_sequential_exact_plan
150,2025-05-31,6000.000000000122,14485.18690789618,16531.424580109633,13295.367566692468,1035.2193006717343,14330.586867364203,0.0046819637421311976,0.0886513080421851,0.2436543002081063,0,30,350.1094418521946,74778.33258333334,66389.15103333333,50213.14889689622,16176.00213643711,2760.8780944960754,968.8317329407922,31143.117405355144,16833.333333333467,13635.000000000107,6000.000000000124,0.5663548611111112,0.5771665409439368,4.547473508864641e-13,0.0,causal_sequential_exact_plan
151,2025-06-01,6000.000000000124,43925.05070946035,45054.89482475605,46566.227526580886,33364.17165287994,79930.39917946083,0.062013602778173305,0.014505232420704848,0.019466191348277317,0,30,7953.155258779844,128248.56003333331,57023.73373333333,55913.69882108705,1110.0349122462826,1005.9249681052422,0.0,69349.1106470917,20849.893292210632,16888.41356669061,6000.0000000001255,0.8191805555555556,0.759556296239154,6.139089236967266e-12,1.4551915228366852e-11,causal_sequential_exact_plan
152,2025-06-02,6000.0000000001255,53566.55068182859,66357.40584461941,56205.010725217304,7810.951960280773,64015.962685498074,0.013085158590923076,0.07945408192637676,0.09080011233226626,0,30,1675.9541388375048,128080.53698333334,59439.72953333333,54042.595414707146,5397.134118626191,6644.101096076774,0.0,83621.89751601798,24293.731527118565,19677.922536966038,6000.000000000122,0.8099458333333333,0.747022443088681,4.092726157978177e-12,0.0,causal_sequential_exact_plan
153,2025-06-03,6000.000000000122,60142.07457239203,74342.18738648843,58256.91073707232,610.8237819614146,58867.73451903374,0.0009395596966468893,0.13642290861576445,0.05541804415325273,0,30,120.33583747030934,128076.84056666667,59884.473733333325,56565.793323885155,3318.6804094481695,11371.470449253067,12.145150000000058,83354.55213963256,18685.395447728348,18105.170312660055,2700.000000000018,0.806282638888889,0.8135524959208548,1.546140993013978e-11,7.275957614183426e-12,causal_sequential_exact_plan
154,2025-06-04,2700.000000000018,58570.0453111848,72832.98896270411,57141.58164630845,2498.838038075791,59640.41968438424,0.005125547296230375,0.06504208209234698,0.08297618608210428,0,30,658.8370477364294,128539.84358333334,58894.58276666666,54007.73490779183,4886.847858874824,5445.581419646307,3.4516666666667106,83723.9713807847,23166.666666666668,18765.000000000004,2700.000000000018,0.8136590277777778,0.809171455333383,1.2505552149377763e-12,7.275957614183426e-11,causal_sequential_exact_plan
155,2025-06-05,2700.000000000018,60506.72992618812,75870.79517940976,58994.39902608386,1696.426053628471,60690.82507971233,0.003092404920155237,0.06631034608572256,0.07374054839216208,0,30,397.23772109267077,128455.92066666666,57306.60264999999,53080.78234409727,4225.820305902728,5622.080670005555,0.0,84784.36626974653,22023.078938232928,17838.693939968674,2700.000000000018,0.8220694444444444,0.8158673479778623,5.7980287238024175e-12,1.4551915228366852e-11,causal_sequential_exact_plan
156,2025-06-06,2700.000000000018,28915.592033821948,34804.62674279723,22583.784468970407,1586.089432031361,24169.873901001767,0.005609731161049474,0.061172608386507,0.20313459701751696,0,30,464.1907524217927,82747.41500000001,51892.419599999994,41351.2738562901,10541.145743709898,2773.3385140552473,630.7306533502424,45336.28019476393,12369.792821422918,11369.532185352582,1199.9999999999995,0.6492826388888889,0.8126275506225139,9.094947017729282e-13,0.0,causal_sequential_exact_plan
157,2025-06-07,1199.9999999999995,24902.34743302612,27615.01482204618,21404.744594999844,2050.9469895572615,23455.691584557106,0.007728354574404955,0.07834776572501508,0.11841816228555742,0,30,642.6649246066063,83156.75975,52030.246583333326,45868.92039967059,6161.326183662735,3365.5466961482753,246.8646629665393,42956.5114589313,14204.871968914224,11505.946294820526,1200.0000000000034,0.6502881944444445,0.718044633060305,1.8189894035458565e-12,7.275957614183426e-12,causal_sequential_exact_plan
158,2025-06-08,1200.0000000000034,57964.988929072846,63902.13080498923,72258.06985780055,139.30712083416182,72397.37697863471,0.0003214369348262388,0.19989525674721184,0.1948119374675169,0,30,41.2297341706967,128266.94665,63082.023383333326,50792.89218865495,12289.131194678372,20798.402615021998,251.42436484880852,104046.50392141982,29283.432707235195,23719.580492860518,1200.0,0.7970791666666668,0.6568397141527775,9.094947017729282e-13,0.0,causal_sequential_exact_plan
159,2025-06-09,1200.0,59470.71505217127,66877.58469659535,57413.35515017243,2901.159406744867,60314.5145569173,0.0055795264952415964,0.0610252013442035,0.059857307537623465,0,30,715.1233802266091,128169.18798333332,57236.47525,53810.45394859118,3426.021301408824,5051.684158283592,0.0,82780.29481279914,21500.0,17415.0,1200.0,0.81925625,0.8052240647745887,9.094947017729282e-13,0.0,causal_sequential_exact_plan
160,2025-06-10,1200.0,65953.10150456832,71614.32969016505,66722.46605401258,53.279923676724856,66775.74597768931,0.00017572682747368486,0.15493014616386536,0.07596876022693452,0,30,22.390144415257055,127414.49178333333,55796.047549999996,51557.29099206341,4238.756557936587,14665.840780947074,0.0,94660.98847822307,21896.51079169126,17736.173741269922,1200.0,0.8168180555555556,0.8021739230599819,2.2737367544323206e-13,1.4551915228366852e-11,causal_sequential_exact_plan
161,2025-06-11,1200.0,60476.019022885324,80326.22097296843,57836.4947843226,7607.673978750425,65444.16876307302,0.011559549363174049,0.062226587170770356,0.007171761289960222,0,30,1482.35820161143,128236.67731666667,52152.23099999999,51778.20764852913,374.0233514708634,5246.1533641129845,0.0,84307.26483063908,21500.0,17415.0,1200.0,0.8316965277777778,0.817479367511765,2.2737367544323206e-13,1.4551915228366852e-11,causal_sequential_exact_plan
162,2025-06-12,1200.0,61964.41970889142,69754.1385731074,59513.82996443156,2377.948245072594,61891.778209504155,0.004011535763300367,0.07942691600318097,0.05208728796602141,0,30,512.3606205362028,127721.81298333334,55269.42154999999,52390.58727400971,2878.834275990279,6821.475342116682,0.0,85883.67376423742,22333.333333333336,18090.000000000004,1200.0,0.8219833333333333,0.816814863743576,2.2737367544323206e-13,1.4551915228366852e-11,causal_sequential_exact_plan
163,2025-06-13,1200.0,32060.01101268558,36716.278591612805,24698.588135465434,2668.1722770657984,27366.760412531232,0.007821048725341135,0.1579680940593742,0.17432845100729064,0,30,640.4624766166276,81889.59039999999,53544.276699999995,44209.985882583234,9334.290817416762,7662.267620377182,1222.6919166666676,48505.15964000444,13584.516116633968,11003.458054473516,1200.0,0.6400291666666666,0.8319378420666614,8.071765478234738e-12,7.275957614183426e-12,causal_sequential_exact_plan
164,2025-06-14,1200.0,20996.294214660953,22783.304913350494,20160.029108031093,1167.3410919455853,21327.370199976678,0.004670497773756325,0.05628642966752967,0.1550100504964051,0,30,384.1631871978209,82253.15711666667,56059.81436666666,47369.97971087057,8689.834655796094,2257.3176769752495,321.7311695438012,40104.119062244295,15926.610511194554,12900.554514067582,1200.0000000000075,0.6368673611111111,0.6466413338313735,8.640199666842818e-12,7.275957614183426e-12,causal_sequential_exact_plan
165,2025-06-15,1200.0000000000075,67292.27543724957,75858.60330386758,67814.41174126464,0.0,67814.41174126464,0.0,0.18073055550166933,0.07200811334688086,0,30,0.0,127368.88451666664,56741.91018333333,52656.032283333334,4085.8778999999995,17490.075320335993,11.38530000000003,96774.31285366931,23999.999999999996,19439.999999999996,1200.0000000000036,0.8178270833333333,0.7957417415681373,7.958078640513122e-12,0.0,causal_sequential_exact_plan
166,2025-06-16,1200.0000000000036,61482.77496693462,77383.79115669928,60854.16051935339,1356.5830315776136,62210.743550931,0.002977436708586641,0.08579937446138072,0.06226090903528634,0,30,379.9763996660337,127618.63201666667,54924.57919999999,51504.92497062742,3419.6542293725797,7519.370971960373,0.0,87638.99526266275,23083.650759627177,18697.757115298016,1200.0000000000018,0.8232416666666666,0.8016898880528653,5.547917680814862e-11,4.0671466194908135e-11,causal_sequential_exact_plan
167,2025-06-17,1200.0000000000018,63032.12857072153,80780.24603773844,61413.482939450376,4671.035720701606,66084.51866015198,0.0072421932624093695,0.07687691769359944,0.06634482190920864,0,30,922.016331389635,127311.75459999999,52674.743383333334,49180.04691445282,3494.696468880516,6779.020842219982,0.0,88180.18523113063,22060.384393437358,17868.911358684258,1200.0000000000055,0.8286263888888888,0.8144100645919696,1.750777300912887e-11,1.0186340659856796e-10,causal_sequential_exact_plan
168,2025-06-18,1200.0000000000055,67528.3869635771,79738.95601711681,68406.24176755411,171.2068537457772,68577.44862129989,0.0003691663861153683,0.16342805474624136,0.10219097399499902,0,30,46.85056602889591,126909.07891666667,55980.68801666667,50259.966983333325,5720.721033333337,15824.47805057678,0.0,96828.40608454787,23166.666666666664,18765.000000000004,1199.9999999999982,0.82005,0.8013853388774336,1.8189894035458565e-12,5.820766091346741e-11,causal_sequential_exact_plan
169,2025-06-19,1199.9999999999982,62477.829211553646,81944.31122302091,59139.29064512544,1223.9800085966626,60363.2706537221,0.0020190068942556607,0.10013736327521781,0.0906211256012923,0,30,257.1186440481253,127349.06689999998,59089.562699999995,53734.800016837864,5354.762683162136,8644.212479603324,0.0,86323.5479432941,22748.35381356193,18426.16658898516,1200.0000000000036,0.8079104166666666,0.8216481500030836,4.547473508864641e-13,0.0,causal_sequential_exact_plan
170,2025-06-20,1200.0000000000036,27032.82664798463,37779.846532742646,20479.61352743344,256.8359723820602,20736.449499815502,0.0016455090221844718,0.12841986474105635,0.16401201561653717,0,30,133.5117967074757,81137.07971666666,58736.49886666666,49103.00729728622,9633.49156938045,5186.104839911718,807.0494974293965,40383.97681206792,13106.641326599201,10616.379474545367,1199.9999999999918,0.6213069444444445,0.8113730996179938,9.094947017729282e-12,5.4569682106375694e-11,causal_sequential_exact_plan
171,2025-06-21,1199.9999999999918,21458.338800167334,26891.149711683018,21423.947616258145,784.0871081153595,22208.034724373505,0.0031508137937616663,0.21932265433769493,0.1796078737635078,0,30,256.50165349528356,81408.0648,62073.3244,50924.46658708353,11148.857812916469,9533.188353796191,1144.4474843657458,43466.500907461086,13482.992157252378,10921.223647374418,1200.0000000000023,0.6095256944444445,0.6067914469475338,9.094947017729282e-13,0.0,causal_sequential_exact_plan
172,2025-06-22,1200.0000000000023,51852.66369948133,61168.87369455415,51373.44865276433,9380.45335755756,60753.90201032189,0.016305925612987344,0.04445002898536554,0.060363518852617856,0,30,2063.3430531206113,126539.46191666665,59082.12081666666,55515.71610289716,3566.404713769504,3398.429438639354,0.0,76455.05562568322,21559.070665236704,17462.847238841736,1200.0000000000018,0.8074916666666668,0.7768043967992391,2.2737367544323206e-13,0.0,causal_sequential_exact_plan
173,2025-06-23,1200.0000000000018,57280.118158447585,62519.07011753643,54406.0365033547,1551.7439991848955,55957.780502539594,0.00291349494781963,0.08406067680173729,0.04984962500055971,0,30,369.1132186631496,126690.87308333332,59629.587083333325,56657.07452829094,2972.512555042385,6787.930044576322,21.646533333333423,80750.36155830754,22505.787600098247,18229.687956079582,1200.0000000000018,0.8048722222222222,0.8157572487002034,9.094947017729282e-13,0.0,causal_sequential_exact_plan
174,2025-06-24,1200.0000000000018,56286.58682700704,77502.04858898786,54401.47531406059,22869.063347007523,77270.53866106812,0.038143730797189676,0.03254305602190653,0.00659080715364307,0,30,4848.558141180626,127112.84501666666,50844.05276666667,50508.94941997191,335.1033466947524,2557.3094677893314,45.22771666666699,78582.33922677282,22234.024141066813,18009.55955426412,1200.0,0.8405347222222221,0.8088096021175996,1.34718902700115e-11,1.34718902700115e-11,causal_sequential_exact_plan
175,2025-06-25,1200.0,60682.32680643332,80031.25841213782,58375.50812104423,1054.7810121596203,59430.28913320385,0.002169689484848942,0.07746306149859837,0.07507361131604078,0,30,274.05436500477845,126310.40843333333,55872.98706666667,51678.40015255756,4194.586914109107,6626.924234046294,4.596733333333418,85549.47488315063,24000.000000000004,19440.0,1200.0,0.8163465277777777,0.8081819159890226,9.094947017729282e-13,4.3655745685100555e-11,causal_sequential_exact_plan
176,2025-06-26,1200.0,56845.31498056858,65758.89346169963,53203.92111870848,2542.355509937446,55746.27662864592,0.004446193899327251,0.07646766217361592,0.039664068453837166,0,30,563.3214086496209,126697.44536666665,59150.061533333326,56803.92944362651,2346.1320897068135,6105.90665851137,0.0,79849.52704122457,23228.557201698313,18815.131333375633,1200.0000000000018,0.8059743055555556,0.8036742234952636,1.8189894035458565e-12,0.0,causal_sequential_exact_plan
177,2025-06-27,1200.0000000000018,25054.29139379455,33202.13410252582,19428.007835709173,185.22518180590396,19613.23301751508,0.0010426748737557081,0.10680484364674736,0.21652669531103613,0,30,82.95860686271823,79563.255,59791.60913333333,46845.1296003635,12946.479532969832,4259.526190001523,549.6492809260064,39881.39530534524,12826.594956020737,10389.5419143768,1200.0,0.6051201388888889,0.7770207182756055,1.0231815394945443e-12,3.637978807091713e-12,causal_sequential_exact_plan
178,2025-06-28,1200.0,18175.62653512089,18765.803655836437,17833.975220807348,1616.3180778604676,19450.293298667817,0.006086098847966199,0.09704576236250691,0.16493367613137377,0,30,490.9143052932217,80661.5728,58884.64668333333,49172.585438154056,9712.061245179273,3667.2172759266996,396.7154531343068,37788.535909771046,14350.158548196425,11623.628424039103,1200.0000000000045,0.6229888888888888,0.6087762197799665,9.094947017729282e-13,7.275957614183426e-12,causal_sequential_exact_plan
179,2025-06-29,1200.0000000000045,62001.17523586672,70459.04749609536,62123.29585372665,1897.9696753522885,64021.26552907894,0.0036670172009416625,0.11738481291921117,0.10505029466219097,0,30,463.45526750173843,126384.80871666667,57117.04018333333,51116.87828184196,6000.161901491369,10556.238603260943,14.068333333333385,89928.48683522765,23966.867006896948,19413.162275586532,1200.0000000000036,0.8118270833333334,0.8057172867957068,1.8189894035458565e-12,1.4551915228366852e-11,causal_sequential_exact_plan
180,2025-06-30,1200.0000000000036,61940.83061315823,71069.43112471468,61931.72255998675,2256.6496754738896,64188.37223546064,0.004460195619754669,0.13306459268504706,0.09010417106760898,0,30,561.7496875856203,125947.32058333333,56069.6366,51017.52847209493,5052.1081279050695,12117.264855317882,17.721666666666692,91063.02894563733,23999.999999999996,19440.0,1200.0,0.8101881944444445,0.7962826921131578,9.094947017729282e-13,7.275957614183426e-12,causal_sequential_exact_plan
181,2025-07-01,1200.0,59929.15800815671,77805.89691069814,61664.234638178925,23278.84191324869,84943.07655142761,0.0397095376068277,0.03240065388802165,0.059862245465390394,0,30,5620.76000555984,141546.85106666666,62680.30703333333,58928.12310785789,3752.183925475436,2720.4915019536966,0.0,83964.09255676929,22345.437376666683,18099.80427510001,1200.0000000000018,0.8907618055555555,0.8175744469685442,2.2737367544323206e-13,2.9103830456733704e-11,causal_sequential_exact_plan
182,2025-07-02,1200.0000000000018,66580.03864874855,79205.68046264914,72227.69687868137,924.8841853125182,73152.58106399389,0.0023082512363164012,0.11466819989346114,0.12270271131219707,0,30,325.9219773948378,141198.65821666666,68293.89184999999,59914.04615394304,8379.845696056957,11082.60650700488,0.0,96649.34582824002,24252.890715296653,19644.841479390292,1200.0,0.8753215277777778,0.7801778025161153,9.094947017729282e-13,0.0,causal_sequential_exact_plan
183,2025-07-03,1200.0,61448.44281818142,76056.90331416404,63730.1043022193,15901.081805222853,79631.18610744215,0.02115688690693272,0.035710173690186295,0.01827042307305984,0,30,2995.0860907844485,141565.53863333334,61805.119699999996,60675.91401499989,1129.2056850001052,3046.3191199115045,0.0,85306.75729389353,22978.41919175284,18612.5195453198,1200.0,0.9014361111111112,0.8238568661746571,2.2737367544323206e-13,1.4551915228366852e-11,causal_sequential_exact_plan
184,2025-07-04,1200.0,32686.289755347305,42923.16817100946,25584.71879858784,6623.610603931009,32208.32940251885,0.025191952449829667,0.03914243724261299,0.19046091605317836,0,30,2413.264741302306,95795.06574999998,66914.19828333333,54169.65878132565,12744.539502007681,1713.2311260423744,290.51867982897807,43769.1479307589,13438.188934292177,10884.933036776667,1199.9999999999952,0.6903083333333333,0.8956887410494316,4.547473508864641e-12,7.275957614183426e-12,causal_sequential_exact_plan
185,2025-07-05,1199.9999999999952,22430.418339649397,25061.783070278423,24040.951599826774,5732.880031169074,29773.831630995846,0.014017594419883097,0.0355341211300067,0.16902847581797534,0,30,1343.9065155126132,95872.83489999999,67082.75493333332,55743.85911328123,11338.895820052096,1540.8251685546325,182.9580335016475,43361.84826176794,15015.767307923757,12162.771519418244,1199.9999999999968,0.68431875,0.6014598665046993,4.774847184307873e-12,7.275957614183426e-12,causal_sequential_exact_plan
186,2025-07-06,1199.9999999999968,47717.996295013785,63219.091505779455,65303.711315551795,18015.798057912765,83319.50937346456,0.022189539220026134,0.05703016403830473,0.037950233833293046,0,30,3134.152028812084,141244.57465,61450.5931,59118.528722660456,2332.064377339544,5050.161682738191,34.628333333333444,88552.46636404927,23556.749733948905,19080.967284498613,1199.9999999999964,0.8986708333333334,0.6274116411922951,3.183231456205249e-12,3.637978807091713e-11,causal_sequential_exact_plan
187,2025-07-07,1199.9999999999964,65179.16674861897,82205.00144475253,65534.62078663359,3094.124343525844,68628.74513015943,0.005198944214011925,0.0684995210445721,0.08890327747115573,0,30,735.6266607254793,141495.39415,68085.91138333332,62032.85071174433,6053.060671589003,6113.5545292988445,0.0,89249.59526827643,23205.9155865653,18796.791625117894,1200.0,0.8773902777777778,0.8417532377732129,9.094947017729282e-13,2.9103830456733704e-11,causal_sequential_exact_plan
188,2025-07-08,1200.0,75182.82923797544,95532.78469109468,73189.29258431583,344.33388407579446,73533.62646839162,0.0005366860974015134,0.13732853961310876,0.0704323775664948,0,30,75.82581709911693,141285.227,65713.83998333334,61085.45799428297,4628.381989050356,13468.87559561893,0.0,98077.76033710368,23604.9555414044,19120.013988537565,1200.0,0.8836034722222222,0.8755817510017629,2.2737367544323206e-13,4.3655745685100555e-11,causal_sequential_exact_plan
189,2025-07-09,1200.0,71312.54897648,82757.84353006665,71697.47311994896,302.72191749415606,72000.19503744312,0.0005673378936704349,0.12091963687132744,0.08692171529370273,0,30,79.7624344254302,140590.70496666664,66531.97995,60748.90613085976,5783.073819140238,11584.732951717711,0.0,95805.22445701036,23465.553178479895,19007.098074568712,1200.0,0.8791770833333333,0.8541540984602172,2.2737367544323206e-13,7.275957614183426e-11,causal_sequential_exact_plan
190,2025-07-10,1200.0,70106.86811277797,89515.03074112549,68120.21621864794,493.5143052570993,68613.73052390503,0.0009969157611020906,0.09290911582318272,0.08062539243612754,0,30,140.0303191292544,140463.54225,67609.91886666667,62158.84262546692,5451.076241199744,8453.732016915399,0.0,90989.2634540175,23004.5375352541,18633.675403555826,1200.0,0.8775076388888888,0.8756079330291153,2.2737367544323206e-13,7.275957614183426e-11,causal_sequential_exact_plan
191,2025-07-11,1200.0,38132.25729038753,48656.610502989904,29724.23452055623,1875.4767091939816,31599.711229750214,0.004747107023695884,0.15467854097264408,0.11169454654923512,0,30,449.74608617623267,94741.0884,62222.31125,55272.41840968588,6949.892840314121,7792.7003084090275,901.6960977542077,50379.97035275383,14035.000223435292,11368.350180982585,1200.0000000000007,0.7069465277777778,0.8858004751386694,4.547473508864641e-13,0.0,causal_sequential_exact_plan
192,2025-07-12,1200.0000000000007,26312.935333247136,30206.424090348453,26356.433211001255,891.9403457462314,27248.373556747487,0.003206766179374593,0.0650330994012579,0.14000638511432767,0,30,305.6637287165566,95318.37109999999,64234.12776666666,55240.939737083805,8993.18802958286,3006.0142369502637,296.62278537858936,46222.83521200468,16570.687134085227,13422.25657860903,1200.0000000000005,0.6942819444444444,0.6666791455951435,3.410605131648481e-12,3.637978807091713e-12,causal_sequential_exact_plan
193,2025-07-13,1200.0000000000005,68030.66562319832,88640.95522724825,64491.735921338375,588.4853161119488,65080.22123745032,0.0009371194286716233,0.10490527563311212,0.08682910462395063,0,30,131.09679167381137,139893.36648333335,70625.64608333333,64493.28447042947,6132.361612903858,9311.934744762384,0.0,88765.17113714328,22022.374585004472,17838.12341385362,1200.0,0.8542875,0.8875774268643184,2.2737367544323206e-13,2.9103830456733704e-11,causal_sequential_exact_plan
194,2025-07-14,1200.0,64064.897458027706,78809.45799047172,63812.57549731795,641.0948210649512,64453.6703183829,0.000926878177092992,0.07727313198861582,0.06686669059587427,0,30,130.74768191910368,141062.42346666666,69254.74424999999,64623.90869393884,4630.835556061153,6750.83660295728,0.0,87363.31023766242,22656.35023103389,18351.643687137454,1200.0000000000018,0.8722152777777779,0.8388921062251156,4.547473508864641e-13,5.820766091346741e-11,causal_sequential_exact_plan
195,2025-07-15,1200.0000000000018,71030.8586521692,90653.16497573015,69721.08094060182,763.9315596183858,70485.01250022021,0.0016020973498851038,0.1114372958155296,0.09956328620665686,0,30,223.56493529755238,139545.16266666667,66796.11208333334,60145.671658488485,6650.440424844848,10490.328121068853,0.0,94136.59981873815,23528.134867308832,19057.789242520157,1200.0,0.8721083333333334,0.8646712631221553,9.094947017729282e-13,2.9103830456733704e-11,causal_sequential_exact_plan
196,2025-07-16,1200.0,64559.06839518659,79046.06962138842,64167.86958224974,2471.854118111522,66639.72370036127,0.004262340029401821,0.05823111516785557,0.07838670901277037,0,30,598.2844893809913,140365.26538333332,68230.702,62882.32181658894,5348.380183411049,5012.970095107043,0.0,86087.48227913512,22051.858456129845,17862.005349465177,1200.0000000000018,0.8758020833333333,0.8609275993605077,9.094947017729282e-13,4.3655745685100555e-11,causal_sequential_exact_plan
197,2025-07-17,1200.0000000000018,65487.277471440524,84342.94079401444,64888.01139945197,3091.0766741095567,67979.08807356152,0.00472245090371722,0.08808093816191825,0.0592608288458374,0,30,659.1085023886302,139569.15928333334,66848.74321666667,62887.231286344446,3961.5119303222173,7745.725883267791,0.0,87938.73050067775,21948.34275163,17778.1576288203,1200.0000000000036,0.8748208333333334,0.8545784921552535,2.2737367544323206e-13,2.9103830456733704e-11,causal_sequential_exact_plan
198,2025-07-18,1200.0000000000036,34801.39423958722,37833.87569256448,27725.17732590489,135.58715468565904,27860.764480590547,0.0003507256508537401,0.13110197413711716,0.11728309796813001,0,30,32.86231770681138,93698.0732,62423.8251,55102.56550525128,7321.259594748713,6353.034290671687,894.392365483801,48458.72331431993,13940.26990064498,11291.61861952244,1200.0,0.6942027777777777,0.8540937604224182,9.094947017729282e-13,0.0,causal_sequential_exact_plan
199,2025-07-19,1200.0,28258.663754793175,36952.9908149642,27674.79177402233,39.259948716559926,27714.051722738892,0.00014138114329115636,0.10615153493518707,0.18096319515694362,0,30,13.369640291694168,94564.52240000002,67381.70335,55188.095016666666,12193.60833333333,5094.243159592636,685.8120999507398,47990.29201700218,14985.152707458814,12137.973693041638,1200.0000000000018,0.6802993055555555,0.671889975861252,4.547473508864641e-13,3.637978807091713e-12,causal_sequential_exact_plan
200,2025-07-20,1200.0000000000018,65638.14879477561,82426.69396096624,64758.111510121045,2353.417277011845,67111.52878713289,0.004459650993651069,0.08999277255308433,0.06677902268301729,0,30,618.7789780803862,138750.53876666666,66660.56055,62209.033464968896,4451.527085031097,7943.513111218689,0.0,88268.34517775329,23168.977594301177,18766.871851383956,1200.0000000000036,0.8676124999999999,0.856459493795509,4.547473508864641e-13,0.0,causal_sequential_exact_plan
201,2025-07-21,1200.0000000000036,68418.78877002255,83242.29640990857,68271.92295755575,1305.8799773673984,69577.80293492315,0.00201275151816566,0.10160079949982581,0.06631111730536957,0,30,278.6509957315849,138442.8198,64453.070449999985,60179.11533469879,4273.955115301198,9316.690717594696,0.0,91698.99019948824,23143.400064862777,18746.154052538855,1200.0,0.8791791666666667,0.8642165279616197,9.094947017729282e-13,0.0,causal_sequential_exact_plan
202,2025-07-22,1200.0,67960.23553709728,85107.14186961914,65970.4379950464,2092.8257351732805,68063.26373021968,0.0033019042033422693,0.0984179668578331,0.05028437717576596,0,30,460.6646987554548,139514.85881666664,65719.71419999999,62415.03930328366,3304.6748967163417,8839.531893723515,0.0,89816.24164714164,22829.23651995031,18491.681581159748,1200.0000000000073,0.8751333333333333,0.864079233444861,7.275957614183426e-12,4.3655745685100555e-11,causal_sequential_exact_plan
203,2025-07-23,1200.0000000000073,67670.09603667726,85627.0782984319,67346.68224120239,2179.7303226733893,69526.41256387578,0.00352039714888266,0.10636953924301851,0.056520826112758625,0,30,490.919500873051,139450.03365,65233.48653333333,61546.43598425381,3687.0505490795144,9717.093344521763,0.0,91352.21806612778,22223.402930173153,18000.956373440258,1200.0,0.8755840277777778,0.8524451568719087,9.094947017729282e-13,0.0,causal_sequential_exact_plan
204,2025-07-24,1200.0,65932.13184884281,77079.22356491801,65191.46870475906,3559.9575535282615,68751.42625828732,0.005334624759442591,0.07469485968982793,0.07074908933733935,0,30,740.9912087058901,138902.21751666663,65285.74551666666,60666.83847465321,4618.907042013452,6610.372805855958,0.0,88498.36298382081,23124.222866617336,18730.620521960045,1200.0,0.8774458333333334,0.8599062882149578,4.547473508864641e-13,0.0,causal_sequential_exact_plan
205,2025-07-25,1200.0,32610.149004176263,38941.325033244524,25969.04990864203,298.52911438376304,26267.579023025795,0.001263353442531515,0.10029330639960908,0.16915693319158892,0,30,116.67680464838531,92354.83968333332,65849.52011666667,54710.617241593485,11138.902875073174,4533.492822483799,620.2493797159025,45202.346848757086,13268.731628768073,10747.672619302142,1200.0000000000032,0.67696875,0.8424336211594686,1.4438228390645236e-11,7.275957614183426e-12,causal_sequential_exact_plan
206,2025-07-26,1200.0000000000032,26304.9784337815,30964.385575699274,25679.51596181844,824.135257012181,26503.651218830622,0.0034698644986607716,0.08774541775307226,0.1492136084200926,0,30,323.348657011881,93187.68993333331,64718.598366666665,55061.702772485616,9656.895594181044,3909.1657396272694,294.8507393401202,44551.22375311042,13392.467212143183,10847.89844183598,1200.0000000000039,0.6880090277777778,0.6736209117928114,4.206412995699793e-12,0.0,causal_sequential_exact_plan
207,2025-07-27,1200.0000000000039,60498.37297129612,69284.53227207653,61741.97160803153,5707.869769401498,67449.84137743303,0.009363087429551524,0.06839008097346072,0.03517223695994266,0,30,1293.1378427133718,138110.19628333332,64425.00648333333,62159.03488915569,2265.971594177642,5788.416620164007,0.0,84638.24779517727,22062.145387099983,17870.337763550982,1200.0000000000018,0.87713125,0.8193259810156963,2.2737367544323206e-13,2.9103830456733704e-11,causal_sequential_exact_plan
208,2025-07-28,1200.0000000000018,67766.05207841833,85070.31622033725,66798.61286794524,4585.657403209445,71384.27027115469,0.006904522589339013,0.06757837641392934,0.04128421460875156,0,30,954.405242184657,138228.99843333333,60274.121199999994,57785.75144502529,2488.369754974702,6077.203555484958,0.0,89928.22671946166,22958.849567649075,18596.668149795754,1200.0,0.8862368055555556,0.8678582710282614,9.094947017729282e-13,0.0,causal_sequential_exact_plan
209,2025-07-29,1200.0,70249.44576077748,83174.89444573535,69633.77050458983,1154.4156828929886,70788.18618748282,0.0017621760631084035,0.10476959271330819,0.06421484164888554,0,30,243.73493301952993,138314.74511666666,62245.49916666666,58248.414294323324,3997.0848723433364,9872.568137602553,0.0,94231.23524606874,23874.059048117746,19337.987828975376,1200.0,0.8846277777777778,0.8514243871323404,4.547473508864641e-13,5.820766091346741e-11,causal_sequential_exact_plan
210,2025-07-30,1200.0,66401.00642505214,77792.24534621161,65142.457624908544,1861.1624894337324,67003.62011434228,0.0029273030804021416,0.06785210819098185,0.05730114197200662,0,30,405.21006840840533,138424.36443333334,64321.11038333333,60635.437305460844,3685.6730778724923,5941.976070265128,0.0,87572.4605864917,22351.40766717095,18104.640210408466,1200.0000000000018,0.8796965277777778,0.8597646308616921,6.821210263296962e-12,1.4551915228366852e-11,causal_sequential_exact_plan
211,2025-07-31,1200.0000000000018,73268.2684817761,87730.6368675542,67901.28333819567,797.2742386491003,68698.55757684477,0.001250595433344847,0.09947638789352563,0.06137478551544875,0,30,171.8609685691796,137423.31371666666,62728.31745,58878.38042076127,3849.937029238731,9151.133438688603,0.0,91993.02098185854,23520.080083335382,19051.26486750166,1200.0,0.8814312499999999,0.9157372786106946,7.275957614183426e-12,2.9103830456733704e-11,causal_sequential_exact_plan
212,2025-08-01,1200.0,26327.80927916818,31445.874306069512,25003.785947523415,631.6132007208587,25635.399148244273,0.0027503383625119356,0.07819831985667526,0.23163793762983786,0,30,255.00978905224372,92719.4241,71468.06443333333,54913.34938159963,16554.7150517337,3449.322911811678,460.72722687222256,44109.93635328384,13941.164659220114,11292.343373968291,1200.000000000004,0.6663972222222222,0.697873940864535,1.8189894035458565e-12,3.637978807091713e-12,causal_sequential_exact_plan
213,2025-08-02,1200.000000000004,26162.917506660662,31145.558839852565,25035.449207181227,306.0604035733255,25341.509610754554,0.0009946665765625511,0.0902257197531847,0.22202730210880228,0,30,91.07390399737608,91562.24421666667,70635.21928333332,54952.27211199119,15682.947171342144,4022.7404494401035,804.384738374473,44585.2963040299,17048.804818616947,13809.53190307973,1200.0000000000018,0.6621874999999999,0.7011906822521854,9.094947017729282e-13,0.0,causal_sequential_exact_plan
214,2025-08-03,1200.0000000000018,61494.45005099415,71102.53051632804,59032.508773775975,2458.6826217489343,61491.19139552491,0.0035664197981685164,0.08690933066151815,0.11907115330376845,0,30,492.3887839897265,138062.48614999998,75223.00616666666,66266.11606742517,8956.890099241486,7192.631755498054,0.0,82760.17892153459,22439.820355007607,18176.254487556158,1200.0000000000018,0.83336875,0.86233456937797,2.2737367544323206e-13,1.4551915228366852e-11,causal_sequential_exact_plan
215,2025-08-04,1200.0000000000018,53370.1461803281,55721.761795361155,54352.35204861133,3489.6180198046095,57841.97006841593,0.006195988015106549,0.04874002100625198,0.04300146765997078,0,30,856.9801570063352,138312.10695,72896.45186666667,69761.79744919558,3134.6544174710834,3664.3458707177174,0.0,75181.45858508523,20125.175634575968,16301.39226400654,1199.9999999999982,0.8447847222222222,0.8063420567768981,2.7284841053187847e-12,1.4551915228366852e-11,causal_sequential_exact_plan
216,2025-08-05,1199.9999999999982,54866.634663033015,65368.502487817896,56200.79854088345,1467.952587363513,57668.751128246964,0.0024449024741157446,0.06895894060832955,0.05745516097421624,0,30,333.6277176221383,136458.49728333333,71306.18755,67209.27906585709,4096.908484142904,5387.438304968473,0.0,78125.30554330652,20117.245992020737,16294.969253536796,1199.9999999999982,0.8445958333333334,0.801197235013595,1.1368683772161603e-12,3.637978807091713e-11,causal_sequential_exact_plan
217,2025-08-06,1199.9999999999982,54716.03663461265,59230.33849479269,55992.016741650186,9787.823324215045,65779.84006586522,0.015372528847350384,0.04247153470665059,0.05978853171837859,0,30,2101.6720036023876,136716.08779999998,68601.68853333333,64500.0943025238,4101.594230809529,3287.9380899483813,0.0,77415.09961102312,21120.21066947859,17107.370642277652,1200.0,0.8577486111111111,0.8035668491492776,1.1368683772161603e-12,1.4551915228366852e-11,causal_sequential_exact_plan
218,2025-08-07,1200.0,55775.81273288638,58486.15902264782,55207.45293444075,2485.6559710987185,57693.10890553947,0.0042564752410733766,0.06408225745393108,0.08381665729923449,0,30,582.5018481095784,136850.75446666667,73462.76921666667,67305.36546498055,6157.403751686103,4993.67290539203,0.0,77925.98300679398,20891.6997253969,16922.27677757149,1200.0000000000055,0.8411048611111112,0.8240389812697705,2.5011104298755527e-12,7.275957614183426e-12,causal_sequential_exact_plan
219,2025-08-08,1200.0000000000055,29122.812236146532,30961.086284395795,22903.467109427256,825.2190935827205,23728.686203009976,0.002625352603153147,0.06866953851099435,0.26887540720649317,0,30,238.12792454625327,90703.21611666666,74928.04486666666,54781.73629195527,20146.308574711387,2847.9020182492186,446.75286922653163,41472.56673049077,13129.262857104615,10634.702914254745,1200.000000000001,0.6379520833333333,0.8237167760045894,1.7053025658242404e-13,1.4551915228366852e-11,causal_sequential_exact_plan
220,2025-08-09,1200.000000000001,22766.958634070765,24247.169751328336,22441.24027175104,2224.11499093527,24665.35526268631,0.006878223731328205,0.04091037863179285,0.2449086523191413,0,30,621.1299585727193,90303.83174999998,71381.90275,53899.857147521485,17482.045602478505,1672.1322058104613,485.8874193601523,40873.056220286126,15432.58921689331,12500.397265683583,1200.0000000000036,0.6529750000000001,0.6507324048258645,1.5916157281026244e-12,1.0913936421275139e-11,causal_sequential_exact_plan
221,2025-08-10,1200.0000000000036,55733.60264845392,59136.06991977734,56749.59676916251,2033.6908131317546,58783.287582294266,0.0038318344229198715,0.05497690559938129,0.05874265827421879,0,30,523.1812170139964,136535.44471666665,71230.82566666667,67046.5376159392,4184.288050727453,4249.357206726209,32.845679772681024,77293.49552140002,21292.456585198324,17246.889834010646,1200.0,0.8486909722222223,0.8130234608628524,2.2737367544323206e-13,1.4551915228366852e-11,causal_sequential_exact_plan
222,2025-08-11,1200.0,54687.645679666355,59121.17287348174,53737.084239967946,4407.7143356258875,58144.798575593835,0.00679519882971175,0.057471634112545404,0.05796247331849033,0,30,927.0164053950813,136422.26351666666,71861.01018333333,67695.76829794212,4165.24188539122,4365.759671284322,0.0,75963.72956326514,19992.058308691343,16193.567230039987,1200.0,0.8396298611111112,0.8152336559171567,2.0463630789890885e-12,1.4551915228366852e-11,causal_sequential_exact_plan
223,2025-08-12,1200.0,54326.36227283383,57500.18887484657,54698.67232798708,9731.122157609641,64429.79448559672,0.01455168770428245,0.03406656931793728,0.041141986889331295,0,30,1988.3076358420942,136637.5967,68877.05305,66043.31423644112,2833.7388135588762,2558.792683407064,0.0,75111.5458538341,20772.517593211895,16825.739250501632,1200.0000000000055,0.8573708333333333,0.8238145392440054,5.4569682106375694e-12,1.4551915228366852e-11,causal_sequential_exact_plan
224,2025-08-13,1200.0000000000055,55489.4148195628,59505.33010120707,55902.13178602645,3295.7862516925834,59197.918037719035,0.0055819914071159275,0.059561122384377115,0.05270562494913503,0,30,762.2097469362565,136547.99718333333,70427.01773333334,66715.11775039419,3711.8999829391487,4626.503814939937,0.0,77676.57206126575,20944.202949068025,16964.804388745106,1200.0,0.8531652777777778,0.8224828412129663,4.547473508864641e-12,7.275957614183426e-12,causal_sequential_exact_plan
225,2025-08-14,1200.0,55986.93974628149,59380.92633356578,55328.89604482014,4376.662432212157,59705.5584770323,0.006233571602992885,0.05251786768660085,0.05401572889537271,0,30,847.3671345565217,135936.05536666664,70009.76438333333,66228.13593037426,3781.6284529590534,4036.707298042544,0.0,76863.50333436043,20874.967024115944,16908.72328953392,1200.0,0.8501201388888889,0.8319956466921732,3.183231456205249e-12,2.9103830456733704e-11,causal_sequential_exact_plan
226,2025-08-15,1200.0,28332.715904747267,30389.49501895232,23106.97102421496,1265.6924950692246,24372.663519284186,0.004725761810421014,0.0520063136022629,0.26629237068119427,0,30,425.1676115514651,89968.05776666666,72808.33088333334,53420.02784706968,19388.30303626365,2138.628890455637,328.5459055622101,41122.48575839416,13328.677128056825,10796.228473726029,1200.0000000000005,0.6512152777777778,0.8131230461667448,1.2505552149377763e-12,7.275957614183426e-12,causal_sequential_exact_plan
227,2025-08-16,1200.0000000000005,23330.4446865346,24675.860560703957,23387.196080980033,1640.8424559885093,25028.038536968543,0.0038130009716675697,0.04981052906106564,0.26876684018275704,0,30,343.8698888529617,90183.53034999999,73254.24998333334,53565.93668535504,19688.313297978286,2073.7598726325823,472.0845156040841,41632.96218135404,14807.336933291506,11993.942915966121,1200.0000000000007,0.6473409722222221,0.6441439633199635,4.547473508864641e-13,3.637978807091713e-12,causal_sequential_exact_plan
228,2025-08-17,1200.0000000000007,55455.65821441221,59541.91503979197,54477.85043374128,2780.4522560452533,57258.302689786535,0.004274966602155067,0.05814846428328832,0.06677160971091048,0,30,578.6984520007384,135369.1165,72203.72288333334,67382.56407929267,4821.15880404067,4400.011182810826,0.0,75668.57073601813,20319.503076319488,16458.797491818783,1200.0000000000055,0.8399,0.822335518036345,5.4569682106375694e-12,0.0,causal_sequential_exact_plan
229,2025-08-18,1200.0000000000055,54654.605438475715,58196.74046893974,54659.590354812826,3704.1912393377643,58363.78159415059,0.005411980367300474,0.06718613229463549,0.04451507344593718,0,30,734.460801209517,135710.17471666663,71316.0591,68141.4194912887,3174.639608711296,5090.57635159164,0.0,75768.26017112611,20228.365238768532,16384.975843402513,1199.9999999999982,0.8475611111111111,0.8146772890505942,2.0463630789890885e-12,1.4551915228366852e-11,causal_sequential_exact_plan
230,2025-08-19,1199.9999999999982,55465.45070310286,59099.391438041865,55444.57924517979,3200.035832839034,58644.615078018825,0.005535061440370293,0.04617400849693895,0.07884428387140555,0,30,749.2507296032028,135364.48288333332,71046.82283333334,65445.186965700545,5601.635867632791,3544.5815060716404,0.0,76765.73079650696,21321.600538977553,17270.49643657182,1200.0,0.8429152777777777,0.8188662847951048,7.048583938740194e-12,2.1827872842550278e-11,causal_sequential_exact_plan
231,2025-08-20,1200.0,55126.303783532436,58275.31114480381,55752.88673026764,12698.641280821597,68451.52801108923,0.023542925702462227,0.048547266935403066,0.012521222494606934,0,30,3179.426293736465,135048.05366666667,64397.36259999999,63591.02889481951,806.3337051804792,3690.0529196805073,0.0,76009.48833207207,21272.825969899448,17230.989035618553,1199.9999999999982,0.866348611111111,0.8148637190156474,9.549694368615746e-12,1.4551915228366852e-11,causal_sequential_exact_plan
232,2025-08-21,1199.9999999999982,63622.95069830735,68954.04831788632,62667.73229268406,1239.7866436350123,63907.51893631907,0.002102506910260065,0.10880708300561678,0.11448496374452012,0,30,283.77913987748184,134971.7989,69127.38041666667,61213.33477591093,7914.045640755734,9515.613369492878,0.0,87453.98834928483,23493.105239896602,19029.415244316246,1200.0000000000073,0.8472069444444443,0.8388505408845912,6.252776074688882e-12,5.820766091346741e-11,causal_sequential_exact_plan
233,2025-08-22,1200.0000000000073,28139.164460750602,30670.103609004294,23267.543125415228,3222.769474806353,26490.31260022158,0.009385267656655354,0.038464393595796294,0.2391295060075671,0,30,849.6645212241623,90531.7304,69301.161,52729.20860431912,16571.952395680873,1592.7947685894733,266.38143942178556,41409.59000491163,13671.350118124541,11073.793595680878,1199.9999999999984,0.6604708333333333,0.794497604284834,5.4569682106375694e-12,3.637978807091713e-12,causal_sequential_exact_plan
234,2025-08-23,1199.9999999999984,24056.784711111744,25949.605968592707,23994.78919025622,335.4598304569182,24330.249020713138,0.0011876286799545111,0.06671645606542197,0.21958241399371764,0,30,106.52690337678041,89697.14623333333,67167.14008333333,52418.417322780806,14748.722760552526,2890.096059800497,418.84138287772674,43319.08842649672,14936.573561277612,12098.624584634868,1199.9999999999932,0.6591965277777778,0.6223231664266106,6.139089236967266e-12,1.0913936421275139e-11,causal_sequential_exact_plan
235,2025-08-24,1199.9999999999932,56288.25561646078,62161.609774591765,56746.65782473319,1385.384010712169,58132.041835445365,0.0022824056137321193,0.0719170420044466,0.08320780658128431,0,30,308.2801243993307,135068.0714,71334.48191666666,65398.89614276854,5935.585773898122,5699.894160371867,0.0,79256.5155838785,22082.76995091842,17887.043660243915,1200.0,0.8410215277777777,0.8109671088153889,2.2737367544323206e-13,7.275957614183426e-12,causal_sequential_exact_plan
236,2025-08-25,1200.0,56006.50946634025,62122.88934947038,57166.67302100551,5715.82039796418,62882.493418969694,0.010781995526113496,0.040074048701334256,0.04034047832250229,0,30,1450.3036176628063,134511.61375,63738.52673333333,61167.28407733906,2571.242655994266,3178.03011132087,0.0,79303.94393155136,22273.09350122309,18041.20573599071,1200.0,0.8601569444444443,0.8036642558161549,2.2737367544323206e-13,2.9103830456733704e-11,causal_sequential_exact_plan
237,2025-08-26,1200.0,63582.58965409261,69864.86252501055,62138.76800048866,292.5334154627551,62431.30141595141,0.000631610019675483,0.11618073683547729,0.11533404750067226,0,30,84.86878395370695,134368.96393333335,68840.14555,60900.5329331831,7939.612616816892,10234.631942025884,0.0,88092.33114538663,23548.08940612749,19073.952418963258,1200.0000000000073,0.8444180555555555,0.8319955806854946,6.139089236967266e-12,4.3655745685100555e-11,causal_sequential_exact_plan
238,2025-08-27,1200.0000000000073,57519.510085873204,60835.89273466291,56575.75292944187,1835.991915434789,58411.74484487666,0.0030660276524319737,0.05181353251302537,0.05140644404155681,0,30,410.19887909273484,133788.3821,65874.23323333333,62487.873148843515,3386.360084489812,4105.121594160453,0.0,79228.75347532943,22280.641100553967,18047.31929144874,1199.9999999999764,0.8533875,0.8273197196048425,2.546585164964199e-11,7.275957614183426e-12,causal_sequential_exact_plan
239,2025-08-28,1199.9999999999764,60982.43978545698,64452.57626171159,59562.48652893768,9909.98645562238,69472.47298456007,0.014748052044037133,0.06524835949981393,0.060329298036548074,0,30,1984.2592089285852,134543.81656666665,63776.021583333335,59928.458969647094,3847.5626136862393,5374.610110414324,0.0,82371.57457467802,22978.242506172082,18612.376429999364,1200.0,0.863504861111111,0.8501456775311986,3.524291969370097e-12,1.4551915228366852e-11,causal_sequential_exact_plan
240,2025-08-29,1200.0,25417.44486239464,26567.625586144884,24528.851021295006,892.0171656302784,25420.868186925283,0.00199565162277634,0.08507702395608059,0.22520168671042834,0,30,176.27258019053568,88328.33254999999,65773.1122,50960.89639236574,14812.215807634253,3765.2060644639314,547.0563355847697,44256.43833530952,14489.538725353155,11736.526367536055,1200.0000000000002,0.6645076388888889,0.6433197090429954,2.2737367544323206e-13,3.637978807091713e-12,causal_sequential_exact_plan
241,2025-08-30,1200.0000000000002,23687.028048836673,25899.412929802973,24167.823373367435,1463.8077405065956,25631.63111387403,0.005104190081539674,0.04714870022520105,0.27900638575623554,0,30,454.40096905105065,89025.08758333331,70512.36774999999,50838.96687295796,19673.40087704204,2034.6964706268225,396.8364443217971,43154.879369066344,15745.403751544189,12753.777038750788,1200.0000000000036,0.6546625,0.6235033098504074,8.185452315956354e-12,7.275957614183426e-12,causal_sequential_exact_plan
242,2025-08-31,1200.0000000000036,59349.33152026682,62662.729662492966,57480.00372664304,1486.3870233100765,58966.39074995311,0.0023177038393896432,0.06086169281792404,0.08400357664565986,0,30,309.10140652729797,133365.35983333332,66718.73675,61114.12423371977,5604.612516280227,4943.219567632386,0.0,81220.54019135967,22816.770687584376,18481.584256943344,1200.0,0.846538888888889,0.8321671910159055,2.2737367544323206e-13,7.275957614183426e-12,causal_sequential_exact_plan
243,2025-09-01,1200.0,56548.60228478525,62517.12762224559,51055.28696397289,228.7760715308286,51284.063035503714,0.0008041314836031784,0.17725978421526317,0.10817285188330053,0,30,97.51189406799563,121263.61926666666,67689.48473333333,60367.320127217536,7322.164606115799,14079.465262103058,336.7907892476908,79428.42379298536,22175.686822386673,17962.3063261332,1200.0000000000036,0.7517326388888889,0.8118700600705974,6.252776074688882e-12,7.275957614183426e-12,causal_sequential_exact_plan
244,2025-09-02,1200.0000000000036,40772.075461952416,45872.54010534673,39644.398607872216,8177.531179999585,47821.9297878718,0.011882782576299019,0.07355601147262672,0.061256947399086575,0,30,1444.1481252580325,121532.82414999999,67475.0683,63341.75159039712,4133.316709602874,4831.062050542846,0.0,65678.68422747048,21582.61969780428,17481.92195522147,1200.0000000000036,0.7539930555555555,0.7568505958463536,2.2737367544323206e-13,1.4551915228366852e-11,causal_sequential_exact_plan
245,2025-09-03,1200.0000000000036,42310.255754128615,44957.93934195448,43338.44029866073,2105.6811853485633,45444.121484009294,0.0038579858398246816,0.04638642316156386,0.07338982532391153,0,30,468.48955847708567,121433.71643333332,65885.99918333333,61050.63721197712,4835.361971356211,3130.7513697682257,246.28971413743477,67492.83855889949,22111.62006376159,17910.412251646892,1200.0,0.7609944444444445,0.7357285595870945,2.2737367544323206e-13,1.4551915228366852e-11,causal_sequential_exact_plan
246,2025-09-04,1200.0,44409.19548435548,48391.97491409323,43119.262784658036,2581.670592090519,45700.93337674856,0.004508896093190089,0.0629873704454384,0.08892257694055145,0,30,545.8522501270061,121061.17303333333,67135.60748333333,61165.736261445956,5969.871221887369,4277.89722026269,267.634378987746,67916.74569060376,21166.47141891037,17144.8418493174,1200.0000000000016,0.7569979166666667,0.7546445511958706,4.547473508864641e-13,1.4551915228366852e-11,causal_sequential_exact_plan
247,2025-09-05,1200.0000000000016,24512.202423266193,25562.262543239573,19856.129336234266,0.0,19856.129336234266,0.0,0.18915647274046155,0.31716591750179446,0,30,0.0,75132.98045,68308.71878333332,46643.521317045364,21665.197466287973,7883.807054172165,1903.4774221061111,41678.759071540764,17905.344538462356,14503.329076154509,1200.0000000000032,0.5586402777777777,0.7438216376391552,1.3642420526593924e-12,3.637978807091713e-12,causal_sequential_exact_plan
248,2025-09-06,1200.0000000000032,19435.2746034486,20713.255935708345,17119.939459511785,2752.3453105301605,19872.284770041944,0.011336984893620072,0.11637495392220466,0.3005009814767252,0,30,859.6424584654832,75826.37416666666,68105.29046666666,47639.58383767588,20465.70662899079,4149.5629312260235,1456.2230980226443,35656.838446526555,14336.339719750367,11612.43517299779,1200.000000000011,0.5657111111111112,0.6234809005578241,9.549694368615746e-12,7.275957614183426e-12,causal_sequential_exact_plan
249,2025-09-07,1200.000000000011,30187.197327934544,34378.82419132088,41350.682818194444,4448.136396744632,45798.819214939074,0.012880801637943416,0.046849513161562654,0.06356436682796977,0,30,1555.7562189890184,120781.00903333332,65820.02541666667,61636.21717645537,4183.808240211294,3067.068988429202,445.03369238234495,65466.40042666562,22975.063726132325,18609.80161816719,1200.0000000000023,0.7593138888888888,0.5205597129835096,1.6370904631912708e-11,7.275957614183426e-12,causal_sequential_exact_plan
250,2025-09-08,1200.0000000000023,40295.93589326294,45192.722673690565,41096.05929417369,16047.40381274408,57143.46310691777,0.02782036923675731,0.03924062688190468,0.057463451724663314,0,30,3377.4093070564186,121400.59243333332,62005.022899999996,58442.0002598992,3563.022640100793,2612.914744989918,11.39649898546827,66586.97764573252,23060.43965989174,18678.95612451231,1200.0000000000023,0.7735236111111111,0.7195001558013134,4.547473508864641e-13,2.1827872842550278e-11,causal_sequential_exact_plan
251,2025-09-09,1200.0000000000023,43943.337143788965,54439.609978158,44202.15352145386,8346.083863449681,52548.23738490354,0.011850743383986846,0.09085589536964737,0.13844790234123616,0,30,1434.9145022575242,121082.23558333333,67979.40131666667,58567.795801961096,9411.605514705569,6549.717168771889,36.201716978812215,72089.07184420287,23282.250943881387,18858.623264543923,1200.0000000000023,0.7518833333333333,0.7248575090540017,2.2737367544323206e-13,1.4551915228366852e-11,causal_sequential_exact_plan
252,2025-09-10,1200.0000000000023,47243.04688348163,53901.95692491147,44930.55209711443,7541.845002602304,52472.397099716734,0.014772939548126732,0.0669319924271921,0.004219607220161382,0,30,1791.5851189761393,121274.78848333332,59958.78983333333,59705.78729084046,253.00254249287218,4607.0062675536155,333.32952585763803,68831.15383969882,21649.48406721488,17536.08209444405,1200.000000000001,0.7818236111111112,0.7635490931554131,5.9117155615240335e-12,0.0,causal_sequential_exact_plan
253,2025-09-11,1200.000000000001,47964.87423934538,57099.81310912603,46930.33316598319,936.1577557187468,47866.49092170194,0.0019477580751629897,0.11201902008622541,0.12647596365569255,0,30,235.18551258112814,120746.77835,67250.69256666666,58745.09641778478,8505.596148881887,8375.630531330487,289.1070860505515,74769.71790043724,22834.125596958515,18495.641733536395,1199.9999999999982,0.7530638888888889,0.7284877364061657,2.2737367544323206e-12,0.0,causal_sequential_exact_plan
254,2025-09-12,1199.9999999999982,20136.362335294813,25005.177069820707,15816.792803845648,1069.6030749437714,16886.39587878942,0.005708712133613445,0.05496938274144734,0.27022138158893005,0,30,432.07659180047153,75687.22711666666,64135.570916666664,46804.768334570195,17330.80258209647,1866.3587396069502,852.0590195716854,33952.69596505222,14652.084292513604,11868.188276936016,1200.0000000000023,0.5750854166666666,0.7393691220286606,9.094947017729282e-13,3.637978807091713e-12,causal_sequential_exact_plan
255,2025-09-13,1200.0000000000023,15888.04717390085,21317.8181303042,16414.242594573996,722.900223461346,17137.142818035343,0.0030361530400924877,0.07108787498423132,0.3140032249358092,0,30,227.9045260799026,75063.58311666666,67056.48163333333,46000.530147617814,21055.951485715523,2540.7086556812246,1034.1052577564537,35740.393931381455,17528.5872367096,14198.155661734778,1200.0000000000018,0.5665159722222222,0.5333671549167099,4.547473508864641e-13,7.275957614183426e-12,causal_sequential_exact_plan
256,2025-09-14,1200.0000000000018,34237.01575638142,41136.21983170358,46157.27227048848,2707.430561200742,48864.702831689225,0.006643593881384002,0.049546152214615134,0.052065746514718084,0,30,805.4540131241624,121237.69566666667,61138.37091666666,57955.155994196684,3183.214922469979,3521.133077888514,424.18848355351656,71067.74028861619,24449.121409622898,19803.78834179455,1200.0000000000014,0.7759062499999999,0.5581742152880076,4.547473508864641e-13,7.275957614183426e-12,causal_sequential_exact_plan
257,2025-09-15,1200.0000000000014,45892.1348999617,56688.5970128045,45945.17387150029,5149.895516636037,51095.069388136326,0.009371177246656136,0.08662941116791942,0.11563345026450787,0,30,1131.6636443482084,120760.02988333334,65692.99925,58096.691088498774,7596.308161501227,6323.0656209190565,404.0693978992397,72989.82569167702,24900.081696696772,20169.06617432439,1200.0000000000016,0.761726388888889,0.753830997070655,4.547473508864641e-13,1.4551915228366852e-11,causal_sequential_exact_plan
258,2025-09-16,1200.0000000000016,46012.32232727132,55067.36630147726,45371.27319486309,4116.713358065495,49487.98655292859,0.011583736336350388,0.03980777404867,0.07380294380400904,0,30,1411.401327229556,121843.35746666667,62351.58748333332,57749.85677621013,4601.730707123203,2780.8638432801495,267.1545582362967,69857.30575842282,21722.042071996824,17594.854078317432,1200.0000000000005,0.7779465277777776,0.7346216638881374,4.547473508864641e-13,2.9103830456733704e-11,causal_sequential_exact_plan
259,2025-09-17,1200.0000000000005,45361.93654063563,55332.69262339618,46111.19778673546,1762.0626170686828,47873.26040380414,0.0038413109796604666,0.0649523426035211,0.04642290379135843,0,30,464.509742746691,120924.79499999998,60964.6766,58134.51928352691,2830.1573164730808,4643.885470566198,376.3629317952334,71496.81265405891,21846.30672616361,17695.508448192522,1200.0000000000005,0.778054861111111,0.7248280382998961,9.094947017729282e-13,1.4551915228366852e-11,causal_sequential_exact_plan
260,2025-09-18,1200.0000000000005,48203.70361587675,58134.535637900255,46109.45393910236,466.69539853644403,46576.1493376388,0.0008715547380153141,0.07550916742117318,0.05060045101026006,0,30,105.28739999112167,120804.11636666665,61848.06525,58718.525254238004,3129.5399957619925,5429.303136195449,365.44749417470246,71902.56920609408,21723.762438349342,17596.247575062956,1200.000000000011,0.7698256944444445,0.7555333266106252,1.0459189070388675e-11,7.275957614183426e-12,causal_sequential_exact_plan
261,2025-09-19,1200.000000000011,21914.304769495215,27059.717800795403,16977.125937551948,471.04448858213254,17448.17042613408,0.002276202820542252,0.07728299138073264,0.2283136330086104,0,30,171.3687696139479,75287.12646666667,59185.77414999999,45672.855031386396,13512.919118613598,2798.060027934601,1028.9201504317166,36205.37944953542,15449.98213422525,12514.48552872246,1200.0,0.5932520833333333,0.7515593898250345,9.094947017729282e-13,0.0,causal_sequential_exact_plan
262,2025-09-20,1200.0,16734.331954670874,19514.7789245279,15955.692430974888,1097.2635967416727,17052.956027716562,0.0037947101628251615,0.06797026241749836,0.2309229324872939,0,30,285.8582777232242,75330.72763333333,59685.2939,45902.590806246,13782.703093753993,2414.2758269073606,793.2512042432944,35519.589612262935,16683.07385130618,13513.289819558007,1200.000000000001,0.5874611111111112,0.5798024909497196,9.094947017729282e-13,0.0,causal_sequential_exact_plan
263,2025-09-21,1200.000000000001,37619.02114236563,45530.39577755715,51241.53239002984,433.90945191808584,51675.441841947926,0.0013506821171775393,0.09077287943761195,0.11339450136838476,0,30,163.24652426683957,120862.28298333334,62574.7955,55479.157766048855,7095.637733951146,7057.801977148268,522.3332080948014,77752.32008585872,26064.769513673793,21112.46330607577,1200.0,0.7738493055555556,0.5697953745499077,2.2737367544323206e-13,1.4551915228366852e-11,causal_sequential_exact_plan
264,2025-09-22,1200.0,48773.70658262481,59397.4119401983,47466.65890753203,1535.7630527828376,49002.42196031487,0.003290763402717334,0.048460150692782214,0.06382814776973386,0,30,398.89989548511574,121218.04173333332,60604.02184999999,56735.77938791802,3868.2424620819793,3498.9550212553677,468.59943557176257,72202.72680201367,21851.631027664946,17699.821132408604,1200.000000000001,0.7821659722222223,0.7695909724321905,4.547473508864641e-13,2.9103830456733704e-11,causal_sequential_exact_plan
265,2025-09-23,1200.000000000001,52080.7716550477,61485.7875813142,48746.58409281102,1148.5477860153205,49895.13187882634,0.002275771445668054,0.07312569816374212,0.05012754043137723,0,30,275.7831755793128,121182.28133333333,59065.66575,56104.849202010664,2960.8165479893382,5471.428816219748,333.93024000392177,74822.24380228405,22185.451527984318,17970.215737667295,1199.999999999999,0.7817520833333333,0.7898552671403856,9.094947017729282e-13,0.0,causal_sequential_exact_plan
266,2025-09-24,1199.999999999999,47735.322405299026,55980.646968115296,47642.42308376623,1755.589647210527,49398.012730976756,0.0038524788472673703,0.0619563372163936,0.0601799092698253,0,30,466.2046203568305,121014.19341666665,59950.968316666665,56343.124482731495,3607.843833935171,4535.126517015196,315.5477400241259,73198.75126212602,21806.38258688608,17663.169895377723,1200.0000000000018,0.7761097222222222,0.7414677136581239,2.2737367544323206e-13,7.275957614183426e-12,causal_sequential_exact_plan
267,2025-09-25,1200.0000000000018,49623.72575073607,58236.24756115451,48996.21213978622,1170.0303673138906,50166.24250710011,0.002529435071809527,0.06918997241773132,0.08541852959931823,0,30,304.9141582597364,120546.34714999999,60210.89825,55067.771855630825,5143.126394369163,5202.4541289517965,439.21980126931055,75190.86866435234,23029.12420011476,18653.590602092954,1200.000000000001,0.7776076388888888,0.7602132005359495,9.094947017729282e-13,1.4551915228366852e-11,causal_sequential_exact_plan
268,2025-09-26,1200.000000000001,21971.17028960399,26102.131760268465,16262.92272298917,358.6256492507905,16621.54837223996,0.0014278323824972428,0.07181370211585146,0.21047016801904975,0,30,105.93710083511132,74194.35371666666,56500.11021666666,44608.52252627,11891.587690396662,2581.7853065661484,816.1603876280849,35951.1518066727,16175.326436404823,13102.014413487908,1200.0000000000005,0.5928138888888889,0.7670848283502999,4.547473508864641e-13,7.275957614183426e-12,causal_sequential_exact_plan
269,2025-09-27,1200.0000000000005,18451.35829759548,21805.01120487508,17110.76455667864,1365.433300526559,18476.1978572052,0.005153392770046336,0.06003533252854983,0.2238220499218643,0,30,391.3783910520393,75945.77175,58144.46949999999,45130.455144890686,13014.014355109315,2185.422657194227,680.1659940016029,36402.27454649224,16382.882532837546,13270.13485159841,1200.0000000000018,0.5996840277777777,0.6097322162167165,3.637978807091713e-12,7.275957614183426e-12,causal_sequential_exact_plan
270,2025-09-28,1200.0000000000018,50257.73623574323,56196.10155339757,49488.40312851385,1379.932531464589,50868.33565997844,0.002744609425015094,0.07345112904214107,0.03108221234479578,0,30,330.4224845823984,120389.61958333333,56901.99041666666,55133.35066769429,1768.6397489723677,5521.7226346536345,369.48985404705195,75175.46301413093,22938.96891775581,18580.564823382207,1199.9999999999982,0.7893881944444444,0.7667351860793047,1.8189894035458565e-12,1.4551915228366852e-11,causal_sequential_exact_plan
271,2025-09-29,1199.9999999999982,51202.41319716143,61335.71320982829,50608.90462864127,1010.3795893449458,51619.28421798621,0.0023154054936680426,0.06941637969111031,0.07271522818130616,0,30,280.4220351738291,121111.4148,58351.523199999996,54108.478875785215,4243.044324214779,5325.952632088797,238.3237369072616,76724.72485295651,23357.55049957638,18919.615904656872,1199.999999999999,0.7877583333333333,0.7621558418508276,4.547473508864641e-13,1.4551915228366852e-11,causal_sequential_exact_plan
272,2025-09-30,1199.999999999999,51597.48635916615,62519.38157362968,50429.841841137866,919.1009961945899,51348.942837332455,0.001640799622325723,0.06545617626349864,0.03048538470925147,0,30,198.39967380635187,120916.45506666665,55494.2803,53802.515815891464,1691.764484108535,5023.934358082477,457.9053559356853,76752.6403903928,22922.426838977946,18567.16573957214,1200.0,0.7938243055555556,0.7734406631378482,1.8189894035458565e-12,0.0,causal_sequential_exact_plan
273,2025-10-01,1200.0,49589.119212314086,58560.56167981268,48426.21378077101,70.09168969648184,48496.305470467494,0.0002523363844075261,0.15273089460010358,0.14938967756762833,0,30,29.578481049040988,117218.45471666666,67556.93318333334,57464.62471761735,10092.30846571598,11869.164371786188,1232.4417627667635,77712.92378574294,25721.40070099855,20834.33456780883,1200.0000000000005,0.7381555555555556,0.7503644690738411,2.262368070660159e-11,1.057287590811029e-11,causal_sequential_exact_plan
274,2025-10-02,1200.0000000000005,45977.09332549004,54126.9137910546,44474.96314235445,64.82568324612492,44539.788825600575,0.00018353854430175242,0.12828323795442204,0.09839029951313193,0,30,21.516537359638505,117231.70978333332,65500.92666666665,59056.27087354564,6444.655793121022,9297.317206092284,826.3580560623324,72474.9184253951,22091.162056907495,17893.841266095078,1200.0000000000014,0.7419722222222223,0.7382939081334075,9.094947017729282e-13,7.275957614183426e-12,causal_sequential_exact_plan
275,2025-10-03,1200.0000000000014,43138.76308089782,50201.39227788675,30910.946393105238,0.0,30910.946393105238,0.0,0.4092797547590315,0.3462600952597947,0,30,0.0,71524.19113333334,63707.03743333333,41647.83258294803,22059.204850385304,27224.13691418275,5357.234749447069,66517.18438946802,21365.54829185739,17306.09411640449,1200.0,0.5579645833333333,0.7557919209981079,3.183231456205249e-12,7.275957614183426e-12,causal_sequential_exact_plan
276,2025-10-04,1200.0,15420.090475801157,19948.08036003882,14344.82270522264,1282.5569993781412,15627.37970460078,0.0056135706952337265,0.06469160367105668,0.24933346018126992,0,30,406.40800631907945,72397.41483333333,59301.43239999999,44515.60106600233,14785.831333997668,2185.8326630753295,973.159935224566,33788.50637541516,16600.56850580709,13446.460489703742,1200.0000000000005,0.5858305555555555,0.5907196049011246,2.8421709430404007e-12,3.637978807091713e-12,causal_sequential_exact_plan
277,2025-10-05,1200.0000000000005,45474.51673048756,55868.88541784013,43190.89306755988,338.92994140437446,43529.82300896426,0.0012645301445672128,0.064228479854449,0.08205074153782696,0,30,148.71433536242034,117604.4209,62868.45983333333,57710.05608466724,5158.403748666088,4444.295815454272,770.9149289668434,69195.09578189749,22285.44503950546,18051.21048199942,1200.0000000000055,0.752561111111111,0.7571748795932559,9.094947017729282e-13,0.0,causal_sequential_exact_plan
278,2025-10-06,1200.0000000000055,46410.28703300476,54042.3517978838,44072.207773984424,263.31445927480814,44335.52223325923,0.0005081547558204886,0.05332129375874685,0.05939065651534717,0,30,59.90948226901307,117896.13613333332,60163.02688333333,56589.90521878168,3573.1216645516474,3720.061578192138,474.53941751390175,69766.90391316504,22768.323606191392,18442.342121015034,1200.0000000000018,0.7684895833333333,0.7854572324445592,5.229594535194337e-12,7.275957614183426e-12,causal_sequential_exact_plan
279,2025-10-07,1200.0000000000018,46474.20282677574,57014.23406442853,43718.346889465014,1014.7518035983393,44733.09869306335,0.002396861356823954,0.065446249184718,0.04856559237909717,0,30,281.2888864121225,117357.17863333333,59585.615633333335,56691.804912827305,2893.8107205060264,4570.950250277905,771.4860083257244,69842.81463368023,21664.70284727733,17548.409306294638,1200.0000000000016,0.7657534722222222,0.7794200282761473,4.774847184307873e-12,1.4551915228366852e-11,causal_sequential_exact_plan
280,2025-10-08,1200.0000000000016,47732.98899996377,55802.74161905575,44409.68361931621,821.9035554858614,45231.58717480207,0.0015687289081871814,0.07099629138463032,0.07215582274925327,0,30,184.15475307124882,117391.06235,60912.56668333333,56517.370318528665,4395.196364804669,5010.201393561738,643.384235265185,70569.90296040132,22246.210806180577,18019.430753006265,1200.0000000000014,0.7606854166666666,0.7822790059069091,1.000444171950221e-11,7.275957614183426e-12,causal_sequential_exact_plan
281,2025-10-09,1200.0000000000014,44493.3575564536,55099.095544905664,43584.25467066144,465.6441225609631,44049.8987932224,0.0009614775963153464,0.07163265404603548,0.07621853450177717,0,30,112.90918869693007,117432.98973333332,61673.00805,56972.38175811269,4700.626291887305,5016.283209340479,436.1809178711944,70027.88429585076,22251.1651690284,18023.443786913012,1200.0000000000011,0.7578034722222222,0.7464622593942544,1.1368683772161603e-12,7.275957614183426e-12,causal_sequential_exact_plan
282,2025-10-10,1200.0000000000011,18886.343841571408,22628.15418374065,13992.79822203545,478.7030101710353,14471.501232206485,0.0026298719965251725,0.039628206788945484,0.30022386199253454,0,30,190.3278603994998,72371.53011666666,63027.91919999999,44105.43388442258,18922.485315577414,1329.2620551189875,979.4895987847648,33543.33094602183,16625.32063301838,13466.509712744886,1200.0000000000007,0.5595319444444445,0.7563403103822712,9.094947017729282e-13,7.275957614183426e-12,causal_sequential_exact_plan
283,2025-10-11,1200.0000000000007,14761.889519490198,17731.584616371045,14048.87917613515,641.7375191267481,14690.616695261897,0.002209509362034799,0.044450108167283495,0.24172205677019115,0,30,158.62280872463526,71790.96475000001,57684.65116666666,43740.998642588995,13943.652524077672,1495.363393666927,644.6826162908485,33641.38930864415,19000.000000000004,15390.000000000002,1200.0000000000018,0.5845513888888889,0.6034587288587878,1.8189894035458565e-12,0.0,causal_sequential_exact_plan
284,2025-10-12,1200.0000000000018,45353.93343855817,56482.233366795524,42492.27616507093,2220.0718520828414,44712.34801715377,0.004209544664201231,0.04557548304768981,0.05098433048417797,0,30,495.5029101153636,117709.38418333331,59194.428199999995,56176.43990982925,3017.9882901707438,3129.336935094162,117.07138457060898,68662.72666423852,23046.720953605443,18667.843972420407,1199.9999999999995,0.76634375,0.7752108716220013,4.547473508864641e-13,5.820766091346741e-11,causal_sequential_exact_plan
285,2025-10-13,1199.9999999999995,47720.69844348848,57537.67144575196,44840.715322865515,1133.3167275445255,45974.03205041004,0.0020622685157971133,0.08534289957188317,0.06597410098059485,0,30,242.68312674020638,117677.75383333332,60650.358533333325,56649.00565494591,4001.3528783874153,6125.053089825321,510.15274410437064,71769.92017556507,22887.627842043068,18538.978552054883,1200.0000000000014,0.764651388888889,0.7864726579533301,4.547473508864641e-13,7.275957614183426e-12,causal_sequential_exact_plan
286,2025-10-14,1200.0000000000014,45677.60506624737,51926.4406232369,44135.421918076245,2054.220912998225,46189.64283107447,0.004072533620408586,0.04502052953911494,0.03335439177424903,0,30,480.6902216408964,118032.22918333333,57258.3999,55348.58079736878,1909.8191026312213,3141.2142824108655,348.03343244552764,69772.93058451705,21477.49844914208,17396.773743805083,1200.000000000004,0.7730666666666666,0.7779290500245675,1.3642420526593924e-12,7.275957614183426e-12,causal_sequential_exact_plan
287,2025-10-15,1200.000000000004,45099.43224084072,49317.98820679711,45558.79947345443,2475.858108520501,48034.657581974934,0.00487796953262745,0.05137833557035556,0.03206879116150257,0,30,572.3930460627225,117342.48076666666,55422.45711666666,53645.12591373495,1777.3312029317149,3679.927414855539,552.2402088985896,71624.10720402542,22457.777754749026,18190.79998134671,1200.0000000000002,0.7760555555555556,0.7383094781029286,1.7053025658242404e-12,1.4551915228366852e-11,causal_sequential_exact_plan
288,2025-10-16,1200.0000000000002,45469.268872800894,52326.380528176625,45287.932022604786,4511.36168852645,49799.293711131235,0.008661871575413647,0.03599930817386072,0.04290758226913696,0,30,1019.7905197520204,117733.27633333334,54766.80338333333,52416.892261545305,2349.9111217880236,2575.0367258216897,199.38375138447134,71530.17256291155,23469.255440365174,19010.09690669579,1200.0,0.7822208333333331,0.7526337653711965,1.1550582712516189e-10,2.1827872842550278e-11,causal_sequential_exact_plan
289,2025-10-17,1200.0,47744.77907170926,54278.20236708465,35747.37519468891,0.0,35747.37519468891,0.0,0.39922991365055743,0.32322277905058844,0,30,0.0,71943.17253333333,55938.973216666665,37858.222836339235,18080.750380327434,29533.423137643273,5695.649540027112,73975.97757039225,24536.606293304045,19874.651097576272,1199.9999999999995,0.58880625,0.7663461642172624,3.524291969370097e-12,2.1827872842550278e-11,causal_sequential_exact_plan
290,2025-10-18,1199.9999999999995,14516.866697351425,18209.741992718766,13685.786633408346,1370.8695352797458,15056.656168688092,0.007038465516602159,0.027342062035594084,0.22813637471136844,0,30,504.3532221892809,71656.70145,55580.10818333333,42900.263796322004,12679.844387011328,910.72952083355,818.9551591610598,33308.73580960924,17510.351042768005,14183.384344642087,1200.0000000000005,0.5830680555555555,0.5916555666856951,9.094947017729282e-13,7.275957614183426e-12,causal_sequential_exact_plan
291,2025-10-19,1200.0000000000005,45843.296933515725,53719.82463236322,46362.684777696304,4390.599012728617,50753.28379042492,0.007543195795341342,0.03970506889098172,0.04308208069269093,0,30,890.0310811490401,117991.24738333334,54105.52485,51774.5462624919,2330.9785875080943,2885.227331862924,121.52852449497823,72666.47338617893,22805.513105940292,18472.465615811634,1200.000000000001,0.7893604166666667,0.7434519672309089,9.094947017729282e-13,1.4551915228366852e-11,causal_sequential_exact_plan
292,2025-10-20,1200.000000000001,46702.83827380474,56908.83970201371,47322.62666322459,2196.730372629933,49519.357035854526,0.003636832952887731,0.051365271812571084,0.024578792066943172,0,30,428.79467452114255,117903.31864999999,53462.53628333333,52148.491720653874,1314.0445626794547,3788.447625988475,234.35548475105713,73755.039004024,23190.545465576237,18784.341827116754,1200.0000000000032,0.7871270833333333,0.7391683520355219,1.8189894035458565e-12,1.4551915228366852e-11,causal_sequential_exact_plan
293,2025-10-21,1200.0000000000032,49626.22037702814,58879.95485660447,49297.16008250777,1355.6747634036165,50652.834845911384,0.003781046890585902,0.0431542355518181,0.030172250690998794,0,30,445.4105337568119,117800.84898333333,51338.26763333334,49789.27655225881,1548.9910810745228,3261.465833121783,453.3711450759823,75576.9576593595,22610.30938865269,18314.35060480868,1200.000000000001,0.79530625,0.7597069438665769,1.5916157281026244e-12,1.4551915228366852e-11,causal_sequential_exact_plan
294,2025-10-22,1200.000000000001,48277.429698891705,52644.18284477593,48807.413860196146,3662.1973865840864,52469.61124678023,0.006285698469677622,0.04609995923350475,0.050135030641211074,0,30,739.6506256764989,117671.98653333331,52117.08983333333,49504.19793760841,2612.8918957249166,3486.173567016457,234.30465373344066,75622.05314235417,23544.405008188816,19070.96805663296,1199.999999999986,0.7929506944444444,0.7652888194668247,1.4551915228366852e-11,1.4551915228366852e-11,causal_sequential_exact_plan
295,2025-10-23,1199.999999999986,48434.995626376505,53062.79254639675,49390.13180918227,206.44187276681956,49596.573681949085,0.0006628692256592107,0.061735978277745025,0.06839888309005834,0,30,77.69623796348822,117212.01551666667,53832.518483333326,50150.43434514841,3682.0841381849214,4743.461267686749,509.37007209309775,76834.63354782056,24199.564602557522,19601.64732807158,1199.9999999999993,0.7813361111111112,0.7491200050393227,8.185452315956354e-12,1.4551915228366852e-11,causal_sequential_exact_plan
296,2025-10-24,1199.9999999999993,48936.76851194193,53574.09148413278,37193.812156838205,0.0,37193.812156838205,0.0,0.4001713814820895,0.32955660091282807,0,30,0.0,72135.51853333332,53715.46781666666,36013.18082656359,17702.286990103075,30683.597557959925,5366.3409885513465,76676.14171787852,23704.555076829027,19200.68961223152,1199.9999999999977,0.5963583333333333,0.7569733327182243,4.320099833421409e-12,0.0,causal_sequential_exact_plan
297,2025-10-25,1199.9999999999977,14570.354772996941,15454.274393973526,14882.977711734202,853.7992481872709,15736.776959921473,0.004384312298251799,0.04169386748955554,0.1909679827842517,0,30,315.85807704443476,72042.787,52644.35426666666,42590.96812738181,10053.386139284847,1459.2984054661342,786.8786043327525,35000.312835735225,19043.02647559258,15424.851445229982,1200.000000000001,0.5985090277777778,0.569209580825064,2.3874235921539366e-12,3.637978807091713e-12,causal_sequential_exact_plan
298,2025-10-26,1200.000000000001,49471.22378874526,51548.79160827868,48964.08321952368,1559.5328720708915,50523.61609159457,0.003538547493273176,0.04864210674125056,0.049858243218353124,0,30,415.5045422539522,117422.34435,52878.03233333333,50241.62653635006,2636.405796983274,3668.2896501936366,419.7471362138631,75413.87279352298,24003.277556418354,19442.65482069887,1200.0000000000018,0.7873305555555555,0.7695954298292179,4.888534022029489e-12,1.4551915228366852e-11,causal_sequential_exact_plan
299,2025-10-27,1200.0000000000018,48986.23472927112,52943.307420410616,48734.45003760264,1719.1547928760558,50453.6048304787,0.00327799024737439,0.06342475274689315,0.0596101461164812,0,30,386.1163210627591,117790.56431666666,54237.98265,51004.84857917033,3233.134070829672,4820.586692572288,359.9454208371617,76004.81647614186,23287.81550683597,18863.130560537138,1200.0000000000036,0.7828958333333333,0.7635890944278052,2.3874235921539366e-12,1.4551915228366852e-11,causal_sequential_exact_plan
300,2025-10-28,1200.0000000000036,47817.99106851362,51134.593353471435,48513.860206957004,1944.022910209022,50457.88311716603,0.004075333835256704,0.039282763482906845,0.028455350562677034,0,30,478.9093704246957,117514.14480000001,51541.723099999996,50075.085300585066,1466.6377994149288,2934.349258803069,334.98817625133006,74698.13726521292,23519.20895351746,19050.559252349158,1199.9999999999916,0.7930666666666668,0.7587643255460719,9.094947017729282e-12,1.4551915228366852e-11,causal_sequential_exact_plan
301,2025-10-29,1199.9999999999916,48027.77388026959,52786.68470042766,49861.76837546952,5389.188609414836,55250.95698488435,0.012434491809365665,0.03418046794284969,0.014943433733470304,0,30,1463.8084514927937,117721.61451666665,48409.357716666666,47685.9556875478,723.4020291188676,2589.9041439511207,265.42399313413546,75771.46539601164,22864.66779631742,18520.380915017093,1200.000000000007,0.8069569444444444,0.7493012354891044,8.185452315956354e-12,7.275957614183426e-12,causal_sequential_exact_plan
302,2025-10-30,1200.000000000007,50589.245775979325,54307.222937843755,51806.18732316172,1252.3075104431773,53058.4948336049,0.0026455192566749697,0.062361789599837,0.07577322229652676,0,30,309.3037160988863,116916.07056666666,52128.252916666665,48178.32722048252,3949.925696184153,4875.288509740809,346.21789997462906,78177.49524227175,23829.206328795008,19301.657126323957,1200.0000000000032,0.7919604166666666,0.7686184500154449,3.069544618483633e-12,7.275957614183426e-12,causal_sequential_exact_plan
303,2025-10-31,1200.0000000000032,20232.55230834835,21644.050560826057,15975.972407677193,342.0539725190742,16318.026380196266,0.001848597634313674,0.05603898036971581,0.13267424473220293,0,30,132.63501139141772,71748.98903333332,47844.69696666666,41496.937932173045,6347.75903449362,2060.5886810509655,1053.5966730772586,36770.631218774535,18615.946183565524,15078.916408688076,1199.9999999999986,0.6177326388888889,0.7540875029333824,5.172751116333529e-12,3.637978807091713e-12,causal_sequential_exact_plan
304,2025-11-01,1199.9999999999986,14618.24071266359,16509.254435885807,15238.9026137852,399.05112613818994,15637.95373992339,0.0030266385539148427,0.04733585358406856,0.15232091406637965,0,30,217.83991730979994,71974.20948333332,49430.17105,41900.922213206504,7529.2488367934975,1717.2559258958408,934.4852828294628,36278.12315343572,19847.024167859934,16076.089575966545,1200.0000000000018,0.6046034722222222,0.5597024280621263,1.8189894035458565e-12,3.637978807091713e-12,causal_sequential_exact_plan
305,2025-11-02,1200.0000000000018,51728.91964491107,55171.75815162035,52838.96776091988,1506.1101943074304,54345.07795522731,0.003272829034708173,0.06200073962096258,0.03248773311293136,0,30,385.68076536116325,117843.23631666665,49046.85238333333,47453.43133307426,1593.421050259075,4944.374811761134,147.43478663550718,79747.02950300662,24479.450980940735,19828.355294561996,1200.000000000001,0.8022444444444444,0.7651152537365786,9.094947017729282e-13,0.0,causal_sequential_exact_plan
306,2025-11-03,1200.000000000001,50256.7802980476,57481.42064958773,53167.128794820135,1228.5236644975844,54395.65245931772,0.003418273551096871,0.041069057441356124,0.04818534356703837,0,30,402.70309834186185,117808.91503333332,48303.98475,45976.44064916426,2327.5441008357325,3260.015093088132,330.7285339982259,79378.86321699046,22938.675284615256,18580.326980538353,1200.0000000000025,0.8054708333333334,0.7466287727115999,4.547473508864641e-13,0.0,causal_sequential_exact_plan
307,2025-11-04,1200.0000000000025,53719.87816989487,57492.05937678528,53184.76248620559,935.928340156163,54120.69082636175,0.002147392212561696,0.06646774725027269,0.05866797354226454,0,30,252.09656766989679,117396.61073333332,49816.5387,46893.9033255812,2922.6353744187973,5347.73436583763,147.4036126130245,80456.07963365558,24791.21481643529,20080.884001312596,1199.9999999999973,0.7975826388888889,0.7961970284120873,3.183231456205249e-12,7.275957614183426e-12,causal_sequential_exact_plan
308,2025-11-05,1199.9999999999973,52654.51298473347,57349.641616727036,53691.42336310749,699.7585128698092,54391.1818759773,0.0014569048990531106,0.05109599131514663,0.04193390570314041,0,30,171.5715423908091,117764.40761666666,48086.38755,46069.93750887363,2016.450041126365,4096.3327814304575,283.94010159666664,80169.35724302431,22453.609445236645,18187.423650641682,1200.0000000000005,0.8089555555555555,0.7722433534263207,2.9558577807620168e-12,0.0,causal_sequential_exact_plan
309,2025-11-06,1200.0000000000005,52872.67361691596,56720.283907342484,54288.575634335444,3007.0783472929725,57295.65398162842,0.005007274828532062,0.0471550264792421,0.020470015627374667,0,30,589.4218132424652,117713.09413333333,46343.50958333333,45394.85721793511,948.6523653982209,3792.482560348629,460.4849015921767,80425.83884494478,23389.769899201274,18945.713618353035,1199.9999999999957,0.8150673611111112,0.7745645397910924,3.637978807091713e-12,7.275957614183426e-12,causal_sequential_exact_plan
310,2025-11-07,1199.9999999999957,20292.951742239016,21756.241383337292,15642.17069748727,872.6623639814193,16514.83306146869,0.0038149895891660436,0.054321507800093836,0.15116593836022674,0,30,275.4894728222494,72212.37866666666,48893.91688333333,41502.822057557314,7391.094825776016,1993.5231396546274,608.1337173025614,36698.59730313273,19278.280578360158,15615.407268471723,1200.0000000000018,0.6155340277777778,0.7919550010123266,4.661160346586257e-12,7.275957614183426e-12,causal_sequential_exact_plan
311,2025-11-08,1200.0000000000018,14812.358562118327,16038.735805200631,15728.942069750034,401.18603054659076,16130.128100296624,0.0021510084120904957,0.044046945413068736,0.14713422846922072,0,30,154.9476044864685,72034.86681666666,48243.65971666666,41145.3660657233,7098.293650943373,1632.8550193905685,827.2707528614104,37070.788997461335,20400.57936185504,16524.469283102586,1199.9999999999968,0.6173409722222222,0.5778344535469053,1.8189894035458565e-12,3.637978807091713e-12,causal_sequential_exact_plan
312,2025-11-09,1199.9999999999968,39235.406045070464,43551.5168007017,53916.78239987197,2208.7707092499786,56125.553109121945,0.004025695197691942,0.038097531274730013,0.035013731994495596,0,30,474.53957070506465,117877.67016666666,46530.85298333333,44901.63416749962,1629.2188158337092,3066.869126420407,264.9830736281492,80500.46876540405,24563.79019417634,19896.670057282827,1200.0000000000034,0.8103173611111111,0.5925834354691859,1.3642420526593924e-12,1.4551915228366852e-11,causal_sequential_exact_plan
313,2025-11-10,1200.0000000000034,55347.06146855855,61980.7385186208,55057.8338443237,3088.3964852323334,58146.230329556034,0.0064603681132328495,0.02568072676534799,0.019228788719743112,0,30,765.0374558795304,118420.10276666665,44561.65966666666,43704.79292793523,856.8667387314315,2065.6991193974964,178.4155713344627,80437.72040691719,22333.333333333332,18090.0,1200.0000000000066,0.8189729166666666,0.8044887485513778,3.410605131648481e-12,7.275957614183426e-12,causal_sequential_exact_plan
314,2025-11-11,1200.0000000000066,56213.72048650806,60636.61896583669,55666.552257058094,483.58604088789014,56150.13829794598,0.0011505286829519568,0.05508881370687209,0.03307367909561217,0,30,135.71390988106998,117957.86744999999,46398.84778333333,44864.2671813412,1534.5806019921229,4545.022646000197,293.09310174916016,82503.54909046127,24776.563073337882,20069.01608940369,1200.000000000001,0.8138590277777777,0.8008523201388742,9.094947017729282e-13,1.4551915228366852e-11,causal_sequential_exact_plan
315,2025-11-12,1200.000000000001,54771.46544412047,62664.439036986114,55139.47118737198,1082.0382349255979,56221.509422297575,0.001950858207261699,0.057394641711637225,0.033676417298961266,0,30,229.0633598514566,117416.71383333333,46460.726083333335,44896.095283738265,1564.6307995950676,4671.202770625132,140.96781844769225,81387.43672439388,22545.847081986583,18262.136136409135,1200.000000000001,0.8123951388888888,0.7869480689554279,9.094947017729282e-13,2.1827872842550278e-11,causal_sequential_exact_plan
316,2025-11-13,1200.000000000001,55645.5600013464,60402.23185497375,56132.23698982059,2175.2908285648255,58307.52781838541,0.004827932367635158,0.031197255118541947,0.05390707389026159,0,30,568.6343921362809,117780.10726666667,45384.23595,42937.70458919028,2446.5313608097167,2538.7279549344034,161.3314518553761,81376.64500571789,23172.722703094856,18769.905389506835,1200.0000000000023,0.8185361111111111,0.7978443589628488,1.0459189070388675e-11,1.4551915228366852e-11,causal_sequential_exact_plan
317,2025-11-14,1200.0000000000023,21166.67644732887,24545.89862379663,15581.58565864619,553.5778700473887,16135.16352869358,0.0032379615885381077,0.03249468995050364,0.09061567580928001,0,30,232.28454230045293,71737.89309999999,44139.4378,40139.71281391132,3999.7249860886795,1188.435544049821,468.4999017323736,36573.22306690916,18686.27303862493,15135.881161286197,1200.000000000001,0.6290784722222222,0.8128938623217364,4.547473508864641e-13,7.275957614183426e-12,causal_sequential_exact_plan
318,2025-11-15,1200.000000000001,15963.884943968615,18669.953449688423,16151.20560443614,781.0901722602229,16932.295776696363,0.0036405692966058833,0.045013732901401864,0.07966726766594294,0,30,263.821050816607,72466.97681666666,44255.0899,40729.40780735633,3525.6820926436676,1685.9900822206878,521.3316635640704,37455.015915113785,19862.874793869978,16088.928583034682,1200.0000000000016,0.6287680555555555,0.5902457877110494,9.094947017729282e-13,3.637978807091713e-12,causal_sequential_exact_plan
319,2025-11-16,1200.0000000000016,57087.94861358269,61173.3179565322,57775.5036520299,2215.9321359433493,59991.435787973256,0.004415739574422586,0.04394388395022651,0.028510370783508005,0,30,522.6481293086816,118360.27023333333,43925.725849999995,42673.38711908177,1252.3387309182222,3668.9309371451272,224.40255638513293,83491.27585765472,23335.301995692535,18901.59461651095,1200.0,0.8205798611111111,0.8009003027696328,1.9099388737231493e-11,1.5688783605583012e-11,causal_sequential_exact_plan
320,2025-11-17,1200.0,56999.5731652293,66017.93538967978,57225.9976612247,848.0125758343763,58074.010237059076,0.001962964163323085,0.056779496042162696,0.03683848970840237,0,30,230.1962394492175,117269.71065,44573.95631666666,42931.91908563236,1642.0372310343016,4743.585943082127,303.7566184598995,83543.99516965926,23100.30149052018,18711.244207321346,1200.0000000000014,0.815854861111111,0.7959232482787104,1.5120349416974932e-11,7.275957614183426e-12,causal_sequential_exact_plan
321,2025-11-18,1200.0000000000014,56206.831221976434,67826.05909976276,57350.60164548787,2118.7231091487324,59469.324754636604,0.00577758996973813,0.03167017924783288,0.02934666370295517,0,30,680.5058457211803,117783.6865,42893.134666666665,41634.364268438425,1258.7703982282346,2619.30600578278,374.29675233688886,82705.7524772934,22333.333333333332,18090.0,1200.000000000001,0.8219124999999999,0.787769115132373,9.094947017729282e-13,1.4551915228366852e-11,causal_sequential_exact_plan
322,2025-11-19,1200.000000000001,55835.061979121194,61467.28493658621,58519.91248840102,1477.4895798644397,59997.40206826547,0.002857418692063574,0.041779078770543265,0.014348175476877893,0,30,337.68888765998076,118179.70134999999,42811.389749999995,42197.124417457984,614.2653325420115,3490.7516649777344,173.65108596606194,83552.62412915916,22333.333333333332,18090.0,1200.0000000000002,0.8290138888888889,0.7810863068176137,2.2737367544323206e-13,1.4551915228366852e-11,causal_sequential_exact_plan
323,2025-11-20,1200.0000000000002,59450.57876756919,67401.69276433434,58303.100977336224,1183.5062863101825,59486.60726364641,0.002174106558422627,0.04038372995865031,0.04483610885019758,0,30,256.2107555578616,117846.45723333332,43053.381199999996,41123.035114147744,1930.3460858522499,3406.363164663902,232.98176352218798,84349.88962514715,22333.333333333332,18090.0,1200.0000000000027,0.8211791666666666,0.8161685984545058,9.094947017729282e-13,7.275957614183426e-12,causal_sequential_exact_plan
324,2025-11-21,1200.0000000000027,43071.00358767618,51428.6506055798,44041.64694004055,0.0,44041.64694004055,0.0,0.3689028537043465,0.32909941839455836,0,30,0.0,71999.1771,43134.793033333335,28939.15773349368,14195.635299839649,31219.53875061036,5615.820987508324,84628.07602901047,24908.931180976128,20176.23425659066,1200.0000000000045,0.6326340277777778,0.611120331479494,1.8189894035458565e-12,7.275957614183426e-12,causal_sequential_exact_plan
325,2025-11-22,1200.0000000000045,16656.362083461405,17817.145129618297,16483.419185451552,1013.2951721888068,17496.714357640358,0.005191315597679341,0.02922496969932951,0.07893644035502247,0,30,376.62948008540775,72549.91013333332,42330.08065,38988.69476354798,3341.3858864520157,1130.7353077929147,377.8564911642993,38690.72643790821,21039.73025921607,17042.181509965012,1200.0000000000118,0.636675,0.6224168532006523,3.637978807091713e-12,3.637978807091713e-12,causal_sequential_exact_plan
326,2025-11-23,1200.0000000000118,59074.30674602121,67923.48600331155,58840.12539337929,2322.2762970373315,61162.40169041662,0.004433172694394264,0.04444691029517422,0.03214321788263282,0,30,522.1510149332843,117782.69219999999,42550.595916666665,41182.88284108138,1367.7130755852831,3751.477902136679,197.65907290458506,84403.56994947277,23035.655949716835,18658.881319270644,1200.0000000000016,0.8264944444444444,0.8166139848508414,4.547473508864641e-13,0.0,causal_sequential_exact_plan
327,2025-11-24,1200.0000000000016,59298.04786277057,62714.09715335495,59172.05702011778,1250.7545446209747,60422.81156473876,0.002609831241763781,0.047414949469134916,0.06112482823209842,0,30,307.8966358325073,117975.68781666666,43813.74411666666,41135.6365333303,2678.1075833363625,4032.920610645133,247.4789671533922,85055.8875586357,22333.333333333332,18090.0,1200.0,0.8210506944444445,0.8142489641491336,4.5361048250924796e-11,1.4551915228366852e-11,causal_sequential_exact_plan
328,2025-11-25,1200.0,61653.7321101152,70274.14164329319,58878.2148370716,1176.4698970311035,60054.6847341027,0.002466056439083759,0.04173936217403131,0.02952854346711499,0,30,290.21142109269124,117682.39221666666,41513.73175,40287.89171753797,1225.8400324620266,3557.5674847811597,293.237594977939,85232.91443573008,22514.843568078843,18237.02329014386,1200.0000000000032,0.8241243055555556,0.8342276148633179,1.8189894035458565e-12,4.3655745685100555e-11,causal_sequential_exact_plan
329,2025-11-26,1200.0000000000032,59523.849622907604,62591.02554812626,59935.18926118261,1428.8571549488588,61364.046416131474,0.002782726633311437,0.04363023114889353,0.024097107252120966,0,30,327.489181877368,117686.43673333332,40928.76985,39942.504893227175,986.2649567728249,3735.8185865458763,228.94804228144108,85624.54262038943,22333.33333333333,18090.0,1200.0000000000011,0.8299340277777778,0.81162003238444,1.8189894035458565e-12,7.275957614183426e-12,causal_sequential_exact_plan
330,2025-11-27,1200.0000000000011,59778.76193497008,68577.24204769006,59878.13153153316,1799.787013709182,61677.91854524234,0.003327762683028037,0.039754999167500346,0.042614727006776376,0,30,390.0076023031039,117198.14164999999,41417.248916666664,39652.26416071121,1764.9847559554544,3387.3286238070004,260.23341995520707,85205.09859741456,23166.666666666668,18764.999999999993,1200.0000000000055,0.8285638888888889,0.8187892034240596,1.8189894035458565e-12,1.4551915228366852e-11,causal_sequential_exact_plan
331,2025-11-28,1200.0000000000055,23047.6820546992,24444.348603527404,16677.148372977197,756.0381716228819,17433.186544600077,0.0033692539439929893,0.041932210822799715,0.08935293400924231,0,30,243.39160736906433,72239.02128333334,41317.78273333333,37625.91761935359,3691.865113979745,1680.7284834733982,339.6453205594311,40082.038377989345,19431.329038662356,15739.37652131651,1199.9999999999995,0.6340243055555557,0.8243171353232492,2.7284841053187847e-12,3.637978807091713e-12,causal_sequential_exact_plan
332,2025-11-29,1199.9999999999995,17210.00522951082,18109.920631761765,16892.34909605429,5056.676283220443,21949.025379274735,0.025324257316460652,0.03412139656294517,0.03183768552747341,0,30,1827.3021728235015,72156.19988333333,37226.74978333333,36041.536230521626,1185.2135528117055,1370.272075788138,586.008100805672,40158.733633904456,20605.7472490655,16690.655271743057,1199.9999999999964,0.6504381944444445,0.6208769238869674,3.410605131648481e-12,7.275957614183426e-12,causal_sequential_exact_plan
333,2025-11-30,1199.9999999999964,48875.25181188741,56191.44730284553,63646.37213405924,1868.4225075793306,65514.79464163857,0.0035701164808297657,0.046047849333551605,0.018312179789741194,0,30,421.30528469395443,118008.83443333332,37764.00631666666,37072.46504341494,691.541273251722,4141.166345689462,259.7662672665314,89931.80801328122,26399.00681632001,21383.1955212192,1200.0000000000014,0.8395993055555555,0.6583765300907051,2.7284841053187847e-12,0.0,causal_sequential_exact_plan
334,2025-12-01,1200.0000000000014,66204.10412267764,77553.78993446319,67268.03175843063,20048.713548863416,87316.74530729404,0.036080184070189515,0.02878091666372427,0.002926169136968698,0,30,4520.536472540869,125291.39163333333,38992.4639,38878.36535556146,114.09854443854611,2562.970184483653,213.37288200866146,89051.02691583289,23064.17917952409,18681.985135414514,1200.0000000000002,0.9076055555555556,0.8559675571557505,3.296918293926865e-12,1.4551915228366852e-11,causal_sequential_exact_plan
335,2025-12-02,1200.0000000000002,69869.74144822257,79330.94461213544,70371.05415501662,12489.88623744938,82860.940392466,0.01859474035330287,0.018941427319464136,0.005367772081307339,0,30,2331.792035984264,125400.62359999999,36762.81365,36565.47924525922,197.33440474077435,1775.0903375032767,493.0011472720796,93714.70837782118,26017.181969943842,21073.91739565451,1200.000000000001,0.9153138888888888,0.8989167603181794,9.094947017729282e-13,5.820766091346741e-11,causal_sequential_exact_plan
336,2025-12-03,1200.000000000001,75874.33526268564,91328.33416136925,73422.9221528169,2446.4161142642815,75869.33826708118,0.004615689074190378,0.037165872151105346,0.04073479754355858,0,30,575.2207016257065,124622.93113333332,37460.18256666666,35934.24961386876,1525.9329527979094,3608.817909947833,389.0765764860506,97100.31545272114,26257.684991833674,21268.724843385273,1200.000000000001,0.9120326388888889,0.9208191721543812,4.547473508864641e-13,1.4551915228366852e-11,causal_sequential_exact_plan
337,2025-12-04,1200.000000000001,76793.23874014063,87950.09409393532,75243.80760210259,1494.8334286884003,76738.641030791,0.0024014946149182037,0.06460672942044828,0.04129441674215425,0,30,300.99433171046155,125336.25094999999,38565.042199999996,36972.52127571443,1592.520924285565,6432.323225210655,189.4703702704602,99561.19560472289,25666.666666666664,20790.0,1199.9999999999993,0.9050854166666666,0.9094602713511009,9.094947017729282e-13,1.4551915228366852e-11,causal_sequential_exact_plan
338,2025-12-05,1199.9999999999993,30161.170076594313,36957.99829963847,21653.26397268739,3641.0868597115864,25294.350832398977,0.012160487946494762,0.03621198119116183,0.029566226461806136,0,30,959.0742277721671,78868.07108333333,37556.443400000004,36446.041089335595,1110.4023106644045,1721.1463795891195,409.1507149008327,47529.74907678334,20718.401137199016,16781.9049211312,1200.000000000002,0.7171770833333333,0.9150245738863438,9.094947017729282e-13,0.0,causal_sequential_exact_plan
339,2025-12-06,1200.000000000002,22768.46650026877,30703.54336483127,25175.443119458705,3043.8620919751324,28219.30521143384,0.012776224201109876,0.05106192635695672,0.05769475829692264,0,30,1015.3370284587047,79470.82115,35806.19033333333,33740.360836518055,2065.8294968152745,2723.8781974921767,1102.8686024915871,53344.60314815509,25277.542437621494,20474.809374473414,1200.0000000000005,0.7271965277777777,0.6308676285894381,2.2737367544323206e-13,0.0,causal_sequential_exact_plan
340,2025-12-07,1200.0000000000005,61056.66475193131,75722.54184313906,75200.11822860921,2124.5779740823154,77324.69620269153,0.0032967782235147664,0.04406609927707046,0.06046235425045248,0,30,412.3196882139073,125067.46291666667,37414.78166666666,35152.59588333333,2262.1857833333347,4373.451445602892,215.1178531531242,99247.52853898716,27139.00997427223,21982.598079160503,1200.0000000000018,0.9101083333333333,0.7423301476841917,1.8189894035458565e-12,2.9103830456733704e-11,causal_sequential_exact_plan
341,2025-12-08,1200.0000000000018,80998.51891180317,96210.60136006631,77950.88967697296,777.1087411092271,78727.99841808219,0.001047336244480764,0.07002700743837086,0.0553116662122479,0,30,130.29947286305998,124410.35393333333,36563.14281666666,34540.774465520444,2022.368351146216,7156.198920509012,414.90673345603784,102191.98538231148,25692.6301757716,20811.030442374995,1200.000000000005,0.9085152777777777,0.9249824191173772,4.547473508864641e-13,0.0,causal_sequential_exact_plan
342,2025-12-09,1200.000000000005,75762.41645975778,89367.34434638158,74560.49740133231,2636.900152426212,77197.39755375852,0.003922088247364214,0.057982279306072804,0.041963102678724266,0,30,489.06354318577047,124694.68108333333,37306.22681666666,35740.7417902031,1565.4850264635597,5746.476376704414,180.80668267131227,99107.45913195852,24817.37011914925,20102.0697965109,1200.000000000001,0.9057770833333332,0.8974928138326592,3.524291969370097e-12,2.9103830456733704e-11,causal_sequential_exact_plan
343,2025-12-10,1200.000000000001,76203.27176454218,90626.0717352812,74489.40869167779,3504.0202762169756,77993.42896789477,0.006521262616699835,0.034188046001694755,0.046421177792759186,0,30,811.1065873538503,124378.76451666666,35991.146049999996,34320.39466024778,1670.7513897522122,3338.710402220783,283.6342409847714,97657.24551953856,25198.09266983149,20410.455062563506,1200.0000000000027,0.9161590277777777,0.9123826262180751,2.2737367544323206e-13,2.9103830456733704e-11,causal_sequential_exact_plan
344,2025-12-11,1200.0000000000027,75477.43844413124,91834.73498572191,73248.5226008515,1028.3647044438992,74276.8873052954,0.0022830352287465483,0.056538124478921,0.05118066253177499,0,30,282.61190592989556,123787.79896666665,37826.544266666664,35890.55666981115,1935.9875968555145,5558.774519378003,344.8681747212397,98319.04702552469,25267.231265788556,20466.45732528873,1200.0,0.8976340277777778,0.9009069494468732,2.2737367544323206e-13,0.0,causal_sequential_exact_plan
345,2025-12-12,1200.0,35817.36248420847,40811.44508819705,25130.18009652871,1756.0418242131882,26886.2219207419,0.007832603047850342,0.05376454498673271,0.0678356564337446,0,30,616.125900019177,78661.70368333333,34947.2902,32576.617828702427,2370.67237129757,2875.355563465273,1041.0571257838055,53480.515164311626,21553.381686583198,17458.239166132385,1200.000000000003,0.7237798611111111,0.9491601324638343,1.5916157281026244e-12,0.0,causal_sequential_exact_plan
346,2025-12-13,1200.000000000003,27083.55318912931,33359.226979874846,25487.651546583722,931.9812737965102,26419.632820380233,0.0028657752029801363,0.05879006208902677,0.054666501102536805,0,30,225.93816850583718,78840.15755,35041.62416666666,33126.0211805249,1915.6029861417633,3171.343179958876,886.6987895728641,53943.524930394844,23143.603999441322,18746.319239547476,1200.0000000000032,0.7296965277777777,0.7457522085414477,9.094947017729282e-13,1.4551915228366852e-11,causal_sequential_exact_plan
347,2025-12-14,1200.0000000000032,76425.4430156777,85813.09689389377,77275.7702833401,1443.9862269513142,78719.75651029141,0.0020594782298541253,0.05686968025196915,0.03943647918839073,0,30,256.4515546832164,124522.58585,35743.86405,34334.25189927951,1409.6121507204925,5716.161956006443,108.98092939969274,100513.34789786367,25033.276928527666,20276.954312107417,1200.000000000001,0.9207375000000001,0.898316831450716,9.094947017729282e-13,1.4551915228366852e-11,causal_sequential_exact_plan
348,2025-12-15,1200.000000000001,77953.38477071856,93094.55767326191,76525.20968124017,1434.4332253195732,77959.64290655975,0.002814449744221278,0.04711767562074853,0.03308380366616396,0,30,349.85081006693576,124305.22548333333,34835.66751666667,33683.1711319655,1152.4963847011654,4707.0906916313215,203.11307125708277,99900.74063752263,24833.333333333336,20115.0,1200.0000000000018,0.9144402777777779,0.9149992301056165,5.002220859751105e-12,2.9103830456733704e-11,causal_sequential_exact_plan
349,2025-12-16,1200.0000000000018,78479.91030039155,86212.03325304232,77383.00833745625,1400.5570101334565,78783.56534758971,0.0022906896494028725,0.06228631805938811,0.045297992556672925,0,30,285.5274630379075,124646.94338333333,35228.85205,33633.05577205897,1595.7962779410318,6350.016104313387,159.1412441585377,101948.81158746354,24796.284688185056,20084.990597429896,1200.0000000000005,0.9109138888888888,0.9149228056355754,2.2737367544323206e-13,0.0,causal_sequential_exact_plan
350,2025-12-17,1200.0000000000005,78886.79115184482,93681.66778273002,76121.5834981995,1195.7809382454566,77317.36443644496,0.0022077514489951453,0.04979958412979085,0.05019784787975224,0,30,274.79121637997093,124466.55465,36274.70758333333,34453.79533018267,1820.9122531506614,4964.308844160688,309.76138292462826,99685.74900590313,24598.477238844505,19924.76656346405,1200.0,0.9088097222222221,0.9237658589307502,2.7284841053187847e-12,2.9103830456733704e-11,causal_sequential_exact_plan
351,2025-12-18,1200.0,77394.40033889543,93142.30722462712,74785.27665453659,992.1930384690926,75777.46969300568,0.0022315277734171026,0.06149604779334167,0.02820984217796456,0,30,277.41317686589184,124315.35926666667,36949.0923,35906.76423759795,1042.3280624020454,6099.348235169191,275.0125636441734,99182.76790186804,24616.975004483385,19939.74975363154,1200.0000000000007,0.9094777777777777,0.9171958423898905,4.547473508864641e-13,1.4551915228366852e-11,causal_sequential_exact_plan
352,2025-12-19,1200.0000000000007,31116.86067130789,36345.70621212148,24506.76639072672,1771.6747066434568,26278.441097370178,0.006352470373923695,0.05287352598212351,0.07490248339384452,0,30,499.2617714033936,78593.32543333333,35684.93413333333,33012.0439470009,2672.890186332435,2781.059521659853,643.0104696852982,52598.336691222874,21538.1420260457,17445.895041097014,1199.9999999999995,0.7250944444444445,0.8626604536691416,9.094947017729282e-13,1.4551915228366852e-11,causal_sequential_exact_plan
353,2025-12-20,1199.9999999999995,24533.384652902103,31270.89000429455,24903.826017457133,1368.524561718438,26272.35057917557,0.006289533204205579,0.06165088350308111,0.07550571134142933,0,30,494.7882693994894,78668.52011666665,35812.16786666666,33108.14465721532,2704.023209451344,3304.9465906899413,725.0708723125288,53607.44895934494,23746.548980476895,19234.70467418628,1200.0000000000032,0.7189708333333333,0.7063681847528382,1.1368683772161603e-11,1.0913936421275139e-11,causal_sequential_exact_plan
354,2025-12-21,1200.0000000000032,58875.3708757284,73151.2915517172,74813.8688383926,3871.8319703976404,78685.70080879025,0.006559511936423384,0.03988368439313228,0.04480278999393919,0,30,815.8487491307083,124376.44096666665,35338.659100000004,33755.38857767529,1583.2705223247083,3952.215250882146,246.4988887381029,99093.53438677528,26787.455827865146,21697.839220570768,1199.999999999999,0.9100763888888888,0.7249229115271115,9.094947017729282e-13,4.3655745685100555e-11,causal_sequential_exact_plan
355,2025-12-22,1199.999999999999,77218.33330229032,91050.29824154546,74797.36446874615,2381.8157441157496,77179.1802128619,0.0046317928698922355,0.041553929987759315,0.01874684759618761,0,30,577.6700451320207,124718.45381666666,35781.02673333333,35110.24527832842,670.7814550049146,4066.905306028824,123.49506879528212,97870.53371911697,24471.551847824416,19821.95699673778,1200.0,0.9192854166666665,0.9128990102042948,2.2737367544323206e-13,2.9103830456733704e-11,causal_sequential_exact_plan
356,2025-12-23,1200.0,73548.12948706085,90644.88716465824,73641.50432366262,453.97738816845407,74095.48171183107,0.0008322878259754221,0.045876224948797846,0.02236166622539839,0,30,103.16761454447737,123956.65456666666,36698.562033333335,35877.92103819185,820.6409951414777,4466.123206768757,264.26469737169657,97351.58487328388,24450.689764279447,19805.05870906635,1200.000000000001,0.9126888888888889,0.8880176066312607,9.094947017729282e-13,0.0,causal_sequential_exact_plan
357,2025-12-24,1200.000000000001,76083.72158403743,91166.35571677543,73879.29962963023,1438.9616521328317,75318.26128176306,0.0025181722934525933,0.04712997921370963,0.03255110965403612,0,30,312.1384634180257,123954.37128333331,36099.81196666666,34924.723028849614,1175.0889378170518,4628.471878974584,163.12330501139093,98206.53342508177,24723.307631737403,20025.879181707296,1200.0000000000018,0.9082652777777778,0.9045612214741655,4.547473508864641e-13,2.9103830456733704e-11,causal_sequential_exact_plan
358,2025-12-25,1200.0000000000018,75280.65794706244,89271.68024252112,73918.63325426722,2508.8091680530506,76427.44242232027,0.0050304041950772534,0.039244619140407846,0.04241472520703424,0,30,622.7130204881771,123789.8579,35977.40936666667,34451.437434718515,1525.9719319481464,3822.562086022772,160.73084019715793,97403.47007437021,24760.36685977369,20055.89715641669,1200.000000000004,0.9102520833333334,0.9134114442452881,9.094947017729282e-13,5.820766091346741e-11,causal_sequential_exact_plan
359,2025-12-26,1200.000000000004,34025.553438147734,42554.61633268256,24479.83387570385,1014.6521713863369,25494.486047090188,0.004455503543924581,0.05808073125214585,0.05073064234588291,0,30,348.7336331186422,78270.30764999999,35262.685216666665,33473.786544784496,1788.8986718821693,3050.361922218388,923.7865275909796,52519.344306734936,21565.307288572152,17467.898903743444,1200.0,0.7237750000000001,0.9225601992332417,4.547473508864641e-13,7.105427357601002e-15,causal_sequential_exact_plan
360,2025-12-27,1200.0,19560.14969550985,23825.257749030134,18095.63814015157,21158.891626644494,39254.52976679606,0.0727218657383657,0.0035932003395116765,0.009068116621218193,0,30,5702.062146654687,78409.18393333333,35070.374866666665,34752.352617425895,318.02224924077274,151.18826335041405,10.646797858869036,42076.21314289446,20840.0469075391,16880.437995106673,1200.0000000000005,0.7212277777777778,0.7247887514321667,1.7621459846850485e-12,3.637978807091713e-12,causal_sequential_exact_plan
361,2025-12-28,1200.0000000000005,77000.50899692273,96704.48901983889,76024.20742170591,346.63549352557027,76370.84291523148,0.0006108457030664267,0.06641233301302046,0.049058163756763654,0,30,75.44632840706583,123511.26975,36702.015,34901.4815379268,1800.533462073196,6683.320343996384,704.488320311677,100633.72329784116,24797.751315089346,20086.178565222373,1199.9999999999995,0.9058916666666667,0.8854088471118737,9.094947017729282e-13,0.0,causal_sequential_exact_plan
362,2025-12-29,1199.9999999999995,79165.53823017796,96855.26796445923,77853.21562376425,108.78759303107745,77962.00321679533,0.00016225942873747274,0.07814700834584766,0.05271515619700685,0,30,20.067809081549058,123677.30638333333,36153.54011666667,34247.70060234182,1905.8395143248367,8028.381964292625,586.7939666666672,102734.34817571251,24787.548804438207,20077.91453159495,1200.0,0.90653125,0.9006761910616999,2.2737367544323206e-13,2.9103830456733704e-11,causal_sequential_exact_plan
363,2025-12-30,1200.0,72393.37827333673,86915.19270576494,74084.86373376696,410.5222680771755,74495.38600184413,0.0005995390691299287,0.05994129336177348,0.044093294151206136,0,30,74.05896824870672,123526.50905,37302.10644999999,35657.33369784054,1644.7727521594534,5946.6695127469775,759.3821700314827,99208.22823852117,24774.000904378732,20066.940732546776,1199.9999999999995,0.9004583333333334,0.8714180549170675,9.094947017729282e-13,0.0,causal_sequential_exact_plan
364,2025-12-31,1199.9999999999995,77404.91014653342,88868.95029289355,77536.37422222755,1890.1894880763998,79426.56371030395,0.003089254088250864,0.05584406383202469,0.02472658769052981,0,30,382.42403102023275,123791.70508333332,35145.28215,34276.25924900961,869.0229009903871,5876.054496856766,187.13860003323828,105222.5445936663,30033.31417617266,20006.984482699852,6000.000000000002,0.9102437499999999,0.895571969830582,4.2518877307884395e-11,2.9103830456733704e-11,causal_sequential_exact_plan
