day_index,date,s0,E_C,CVaR,cost_plan,cost_emergency,cost_total,emergency_rate,unextracted_ratio,curtailment_rate,soc_violate_count,emergency_kwh,load_kwh,pv_kwh,pv_used_kwh,curtail_kwh,unextracted_kwh,spill_kwh,plan_total_kwh,charge_kwh,discharge_kwh,final_soc,price_mean,eq_residual,ub_violation
31,2025-02-01,6000.0000000000055,21472.33239001501,26073.914303847305,20438.52005343579,499.56250496183054,20938.082558397622,0.001669803913025752,0.09926641678364347,0.10938445939176061,0,127.4147320361472,76305.20628333333,41927.03035,37340.864801263306,4586.16554873669,4842.731826792042,1023.2212385895624,48785.19829467642,21485.88673295229,17403.568253691352,6000.000000000009,0.6514930555555556,2.6147972675971687e-12,7.275957614183426e-12
32,2025-02-02,6000.000000000009,65760.44126524635,70500.99171562314,63775.3171537439,974.2980581242855,64749.615211868186,0.0018317807576259029,0.06427916646099827,0.041699293607356115,0,222.93865878841441,121705.97265,43349.69469999999,41542.043052915455,1807.651647084549,5840.064565458168,345.3701805820059,90854.70280641642,24885.669063579557,20157.391941499438,6000.000000000011,0.8363881944444445,1.1368683772161603e-12,8.731149137020111e-11
33,2025-02-03,6000.000000000011,74177.68927792474,187954.49653040443,69119.14837300652,9.614295624506068,69128.76266863103,1.2061465635550662e-05,0.09361041509283824,0.05346742275672762,0,1.4787811465824916,122603.769,42386.85249999999,40120.53673805544,2266.3157619445565,9045.30945574286,435.29272740340866,96627.16960257215,24551.65230856792,19886.838369940015,6000.000000000013,0.8447902777777778,9.094947017729282e-13,1.0186340659856796e-10
34,2025-02-04,6000.000000000013,62433.41883638734,65042.29137253248,63689.175713697165,3863.964659124753,67553.14037282192,0.007377928364482781,0.042533861115093094,0.006751481176610813,0,896.9945040053062,121578.09884999998,40383.2349,40110.58824972199,272.6466502780029,3801.9930396630016,348.4518999389144,89387.44191069614,24560.425656955485,19893.944782133945,6000.000000000016,0.8491895833333333,2.2737367544323206e-12,7.275957614183426e-12
35,2025-02-05,6000.000000000016,66142.70807131138,68145.42783856366,67096.11710102604,1125.9505357804987,68222.06763680655,0.0025488130228546527,0.06017174137903369,0.05034786675361163,0,310.9324646758415,121991.08443333334,41242.65745,39166.177628142555,2076.479821857448,5605.0640211350055,177.77430045807841,93151.10204020189,25548.891463651966,20694.6020855581,6000.000000000018,0.8482541666666665,1.2050804798491299e-11,1.4551915228366852e-11
36,2025-02-06,6000.000000000018,64500.087480000184,66956.94163887227,64529.82413150802,1082.0105359137128,65611.83466742173,0.001843788215093603,0.04456673862399605,0.03601450815247976,0,225.40709685596573,122252.1627,41981.10548333333,40469.176617653706,1511.9288656796211,4038.7436109095133,394.1913202651267,90622.3729984795,24378.205693760774,19746.346611946225,6000.00000000002,0.8439645833333334,2.7284841053187847e-12,7.275957614183426e-11
37,2025-02-07,6000.00000000002,26396.334886595898,29436.693637140233,19169.410344477114,260.11893126582095,19429.529275742934,0.0010141438881422797,0.08596626754410587,0.10963057978293703,0,77.24591704831278,76168.59693333332,44362.91726666666,39499.38492585953,4863.5323408071345,3867.648596762225,776.3924277478345,44990.30500280693,19759.46256774408,16005.164679872709,6000.000000000019,0.6440388888888888,6.821210263296962e-13,0.0
38,2025-02-08,6000.000000000019,17209.328256670724,20238.92289462743,16816.90444258588,1621.4802429719932,18438.384685557874,0.006970993543337682,0.038390559552054025,0.07407771272109744,0,528.0303667072546,75746.78751666666,44169.6248,40897.64002306694,3271.9847769330604,1550.338552894088,569.6350551078895,40383.32785412969,20748.616417027595,16806.37929779235,6000.000000000016,0.642351388888889,1.8189894035458565e-12,1.0913936421275139e-11
39,2025-02-09,6000.000000000016,58601.13753767436,63056.83493343273,61223.982108986434,3128.5628857182323,64352.544994704665,0.006164619171620929,0.03172713432900624,0.028053953777051905,0,749.2965365974052,121547.90356666666,41992.48759999999,40814.43229388617,1178.055306113825,2771.8195054507137,70.65820218988245,87364.31966112374,23882.45903842141,19344.79182112134,6000.000000000016,0.8413840277777778,3.865352482534945e-12,7.275957614183426e-12
40,2025-02-10,6000.000000000016,61849.986425789815,75487.14028362304,59545.05076369635,972.1115248631465,60517.1622885595,0.0025235488103000263,0.06611007343666417,0.05176357037091727,0,306.5545634141788,121477.56451666665,47150.92693333333,44710.22660896575,2440.700324367578,5742.150268631173,270.0901938191911,86857.41779023071,23075.757807861206,18691.363824367574,6000.000000000023,0.8180638888888889,4.547473508864641e-13,0.0
41,2025-02-11,6000.000000000023,60964.88835418506,63570.37746117019,59275.561270604056,602.1225988067421,59877.6838694108,0.0010252358025480976,0.062021646542168005,0.02668279657189006,0,124.50594982073278,121441.28161666667,46220.68448333333,44987.38736185103,1233.2971214822987,5350.075724576334,150.2144646120048,86261.42682198645,23324.991198964224,18893.24287116102,6000.0000000000255,0.8284923611111111,4.888534022029489e-12,7.275957614183426e-12
42,2025-02-12,6000.0000000000255,56106.43885815192,59805.235420218116,55870.60385340127,4044.970075946386,59915.57392934766,0.007251101436037651,0.031578056003233684,0.014755237362117877,0,880.0216079254005,121363.85288333334,46097.116749999994,45416.94285064448,680.1738993555097,2598.49869126706,265.21641117279114,82288.11460087873,22934.26880881808,18576.757735142644,6000.000000000028,0.8264243055555556,9.094947017729282e-13,2.1827872842550278e-11
43,2025-02-13,6000.000000000028,58530.63420515164,60325.36793488487,56648.47900263157,1059.390769100957,57707.86977173253,0.002543782671529296,0.06671006876802729,0.05703958859471114,0,308.58699759675915,121310.28371666666,49980.80469999999,47129.92016227939,2850.8845377206044,5621.718607085868,233.39117328503744,84270.91608366377,23915.946034222965,19371.916287720604,6000.000000000032,0.8147909722222221,5.343281372915953e-12,0.0
44,2025-02-14,6000.000000000032,20389.15688290874,21550.298730704802,15550.68485674531,5129.72563891203,20680.410495657343,0.02153246144336608,0.0363282182608152,0.07883268376346082,0,1633.7246512648487,75872.63794999999,46070.83613333333,42438.94847771604,3631.8876556172904,1361.8921101715785,616.593084172309,37488.54679285386,19526.825144688788,15816.728367197924,6000.000000000023,0.6311,5.4569682106375694e-12,0.0
45,2025-02-15,6000.000000000023,15288.40824730304,16328.37335559384,16292.568553238576,1851.4841684810945,18144.052721719672,0.008288444715174759,0.023368420195258206,0.07934530909326362,0,630.373951661495,76054.55225,46774.46115,43063.1270723824,3711.334077617601,885.5318024907519,569.7485559208393,37894.38032573718,21463.414428260367,17385.365686890895,6000.000000000026,0.6378472222222222,9.094947017729282e-13,3.637978807091713e-12
46,2025-02-16,6000.000000000026,42509.734471680036,44399.441488408345,56034.18556137405,4918.839612910724,60953.025174284776,0.008791257389426526,0.031182220265525078,0.020734319131801113,0,1066.1771227094168,121276.97728333331,45899.59818333333,44947.90126657866,951.6969167546717,2583.880018503162,187.5339892637976,82863.88834729283,25418.81813410853,20589.242688627906,6000.000000000031,0.8303222222222222,4.092726157978177e-12,7.275957614183426e-12
47,2025-02-17,6000.000000000031,54973.18797278218,58235.33632626371,55633.81516887714,595.2156942605301,56229.03086313767,0.0010747614701495586,0.057190896052028435,0.045033377361786205,0,130.00354811827935,120960.37281666666,49776.50964999999,47534.90530717895,2241.6043428210423,4722.606475836593,259.3760250624273,82576.19309794137,22624.98229301539,18326.235657342466,6000.000000000034,0.8173527777777777,1.693933882052079e-11,7.275957614183426e-12
48,2025-02-18,6000.000000000034,53177.68497410205,55130.930527171695,53560.64927661866,3142.6350667282427,56703.2843433469,0.005432110250018879,0.04916909365208097,0.021529043374540088,0,659.0848421144108,121331.27123333333,49239.883449999994,48179.79586344765,1060.0875865523485,3980.2045227876674,188.95822894743787,80949.31647411431,22567.174708462902,18279.411513854953,6000.0000000000355,0.8145215277777778,1.978150976356119e-11,1.4551915228366852e-11
49,2025-02-19,6000.0000000000355,56225.123970669476,66893.6534203855,54238.35035572556,5326.6999933456245,59565.050349071185,0.009111474080783472,0.0557775234604695,0.01704445535055864,0,1110.386135902184,121866.79411666666,48987.466733333335,48152.502043860055,834.9646894732768,4549.582394534984,160.05648489200405,81566.59012943362,22384.449016327442,18131.40370322523,6000.0000000000355,0.8164298611111112,4.547473508864641e-13,0.0
50,2025-02-20,6000.0000000000355,55585.389008438055,57365.07074372851,55814.96672645978,1248.1251750412612,57063.091901501044,0.002042200952121345,0.05946988128877391,0.051792849249275436,0,247.32127122037355,121105.25703333333,50112.12329999999,47516.67365236199,2595.4496476380027,4938.150874173834,282.35179230500137,83036.16498232368,23549.474768915185,19075.074562821297,6000.00000000004,0.8168069444444445,1.0913936421275139e-11,0.0
51,2025-02-21,6000.00000000004,19820.814427048394,20703.613189735144,15555.109336241241,609.0179053295551,16164.127241570797,0.0025489845554804284,0.04167781314172862,0.11109324779526744,0,193.21813245746267,75802.00203333332,50241.74,44660.2219285146,5581.5180714854,1537.5431780163299,861.7609221192488,36891.1673169558,18648.953918204978,15105.652673746026,6000.0000000000455,0.62085,5.4569682106375694e-12,7.275957614183426e-12
52,2025-02-22,6000.0000000000455,14929.874093842503,16187.470968869844,15580.762434213064,1426.019224483879,17006.781658696942,0.006900694652707198,0.028358830360112233,0.08119545890289208,0,522.2600445144774,75682.24226666667,47837.47938333333,43953.29329204594,3884.1860912873885,1049.723696418439,611.0153775670648,37015.76133742508,21833.333333333285,17684.999999999956,6000.000000000049,0.6352840277777778,9.094947017729282e-13,3.637978807091713e-12
53,2025-02-23,6000.000000000049,56338.18408884569,64958.041225474546,55687.75428972358,1487.7813652948403,57175.53565501842,0.004009871304371343,0.05031034781900041,0.057736799132596134,0,485.7643946786824,121142.14093333333,49610.287249999994,46745.94806013635,2864.3391898636446,4158.85027926732,224.19705639214283,82663.91427523925,23002.307689797406,18631.8692287359,6000.000000000049,0.8153784722222223,4.547473508864641e-13,4.3655745685100555e-11
54,2025-02-24,6000.000000000049,52752.846692789855,60834.08379405201,52167.53292977003,2354.8409626010775,54522.373892371106,0.004100819410333667,0.04645612483566261,0.05235727943559896,0,494.6776976947575,120628.98854999998,52425.954933333334,49681.07456121068,2744.8803721226514,3650.1232475255897,217.62171173329273,78571.41034552085,22370.67944824948,18120.250353082083,6000.000000000049,0.8082493055555555,4.547473508864641e-13,2.1827872842550278e-11
55,2025-02-25,6000.000000000049,52065.86028401354,59980.512791041314,50751.634664303,1030.1040809904293,51781.73874529343,0.002360188628919244,0.056064384649500885,0.06441840645418843,0,285.8031073091761,121093.33288333332,55272.00965,51711.474866826466,3560.5347831735253,4382.156354075604,206.89095000050747,78162.92609776492,23567.49412890074,19089.6702444096,6000.000000000049,0.7940965277777778,4.547473508864641e-13,1.4551915228366852e-11
56,2025-02-26,6000.000000000049,51366.77163832517,58228.39206365407,49752.811034056635,4103.917330266741,53856.728364323375,0.0084742157951558,0.0292549797420621,0.025941633798630417,0,1025.8947852246133,121060.73411666666,52245.88608333333,50890.54243907453,1355.3436442587945,2221.8814989230373,213.22696147102067,75948.83054143668,22996.974677237402,18627.549488562297,6000.00000000005,0.8055381944444444,9.094947017729282e-13,7.275957614183426e-12
57,2025-02-27,6000.00000000005,47993.9002758798,52865.3659856427,50145.64322050214,1692.3459135450494,51837.98913404719,0.0023070602080050417,0.07385052779029594,0.02995748016801913,0,278.23028202383773,120599.48893333334,53642.90473333333,52035.89847862956,1607.0062547037728,5806.769461018659,121.68937054713433,78628.67923581282,23236.10648193208,18821.246250364988,6000.000000000052,0.7979118055555556,1.5916157281026244e-12,1.4551915228366852e-11
58,2025-02-28,6000.000000000052,18946.900299095156,19687.374192463674,14419.204982878158,659.2643626808908,15078.46934555905,0.002981551294126596,0.0383924226395444,0.13710640395915383,0,224.76456616619566,75385.10795,52092.51439999999,44950.29707742557,7142.217322574437,1362.9579298940712,474.57159402529527,35500.7013412646,18174.344794405217,14721.219283468225,6000.000000000049,0.6166784722222222,1.8189894035458565e-12,3.637978807091713e-12
59,2025-03-01,6000.000000000049,14683.161051956224,15597.206779461572,14522.162946714863,4133.57896207613,18655.741908790995,0.015279339147833469,0.05771494911593295,0.1317092935024545,0,1103.8430243822454,72244.16014999998,48585.39421666667,42186.24626985126,6399.147946815406,2039.9599537081767,876.7543612724345,35345.43450104194,18287.628054183333,14812.978723888495,6000.000000000052,0.6142222222222222,2.7284841053187847e-12,0.0
60,2025-03-02,6000.000000000052,36988.49013801103,39738.12917507419,50513.13674675391,16131.931015998456,66645.06776275237,0.030437310503142502,0.03012412501202706,0.027596692026077993,0,3587.354110795298,117860.41708333333,45502.110016666666,44246.402299999994,1255.7077166666686,2320.9574485177955,156.87972986369243,77046.46848966245,23905.108624962853,19363.13798621991,6000.000000000051,0.8122930555555556,4.547473508864641e-13,2.1827872842550278e-11
61,2025-03-03,6000.000000000051,54526.39337194416,70466.2439340825,51219.54774238897,9677.29135993845,60896.839102327416,0.017308146491125064,0.03641196834210977,0.010338872325066455,0,2041.647248754154,117958.7456,45941.59896666666,45466.614640540894,474.98432612577153,2840.4970437206202,301.6551148413656,78009.98333934169,23249.197210919767,18831.849740845006,6000.000000000051,0.81185,2.2737367544323206e-13,2.9103830456733704e-11
62,2025-03-04,6000.000000000051,64450.23763106686,78458.19624412288,60541.85692451535,570.6680592898915,61112.52498380524,0.0020254453037567978,0.12533551790593303,0.08164649949162119,0,239.2841333428995,118139.02498333334,48939.56705,44943.822713732014,3995.744336267986,11152.874961351696,430.06752847296536,88984.15347612929,23396.278158137942,18950.985308091735,6000.000000000051,0.8006277777777778,1.8189894035458565e-12,0.0
63,2025-03-05,6000.000000000051,51440.53481118292,59612.412532090864,49139.018244354345,1391.0947067020231,50530.11295105637,0.002747927167455485,0.04931926451087042,0.04604981967546059,0,324.45722406464597,118073.44383333332,51942.971816666664,49551.00733110163,2391.9644855650313,3782.847719665674,230.84599249322605,76701.21923314367,23629.190751672206,19139.644508854486,6000.000000000051,0.7945006944444444,2.2737367544323206e-13,0.0
64,2025-03-06,6000.000000000051,51244.775951066455,59988.57267789832,48740.433748311865,1536.8913697334237,50277.325118045286,0.003559253698433186,0.0356960568956021,0.05258330750717206,0,418.8301908470295,117673.59855,51732.944416666665,49012.65509215364,2720.289324513023,2703.8510134802727,362.95513354500576,75746.48991030149,23355.634190930938,18918.06369465406,6000.000000000053,0.7918569444444444,6.821210263296962e-13,0.0
65,2025-03-07,6000.000000000053,19216.760894455998,23907.045087424063,14635.731485207123,141.57226988171257,14777.303755088835,0.0010281418173190252,0.05776436602146376,0.16848878761356664,0,73.69757708728758,71680.36145,50758.07591666667,42205.90924387012,8552.166672796542,2053.7960331175045,880.5289400714614,35554.72299919931,16945.49156298817,13725.848166020414,6000.000000000054,0.6085013888888889,9.094947017729282e-13,1.0913936421275139e-11
66,2025-03-08,6000.000000000054,13950.782724168012,16561.16373089436,13483.18340561348,892.0378293783834,14375.221234991863,0.0056483813098040835,0.03834940506598283,0.17008938982606192,0,408.630516770467,72344.71158333334,53281.57206666666,44218.941984873985,9062.630081792677,1247.528186394704,470.61557293895265,32530.574705089806,16291.009810880405,13195.717946813125,6000.000000000055,0.5972631944444444,4.547473508864641e-13,1.4551915228366852e-11
67,2025-03-09,6000.000000000055,50254.80389873584,67572.66511439311,49339.227665723185,1902.2387807217617,51241.466446444945,0.0041770649272675825,0.068846477387428,0.08020387953721793,0,491.6112460945271,117692.9865,54359.461449999995,49999.621752156156,4359.839697843841,5355.685271592814,341.5232336793829,77791.71098986123,25751.310435998465,20858.561453158756,6000.0000000000555,0.7838090277777777,2.2737367544323206e-13,4.3655745685100555e-11
68,2025-03-10,6000.0000000000555,46396.032877617836,55389.163776742906,46211.37463565951,12730.12794057398,58941.502576233484,0.02887608963216549,0.023110165907260692,0.013857389569999006,0,3405.73449814413,117943.06436666666,49900.99291666666,49209.49541789065,691.4974987760108,1649.7592943366142,210.5400909674089,71386.73521241563,22097.90198147229,17899.300604992557,6000.000000000058,0.802451388888889,9.094947017729282e-13,0.0
69,2025-03-11,6000.000000000058,49758.28525091249,57626.38217427349,48648.86150755231,920.5708718343865,49569.4323793867,0.0018124035367516123,0.0514301261835249,0.06999846623019632,0,212.95660533331335,117499.55295,53560.63415,49811.471909183325,3749.162240816674,3906.179479704226,284.1769057692435,75951.19377629545,22556.383975466422,18270.6710201278,6000.0000000000555,0.7893930555555556,2.7284841053187847e-12,2.9103830456733704e-11
70,2025-03-12,6000.0000000000555,44297.16975078476,48119.75005432503,46066.64241368754,2123.4073428256743,48190.04975651322,0.005202634428012067,0.04627906925183513,0.06910000601717614,0,614.4947897186149,118112.23683333333,55676.70215,51829.44169641847,3847.2604535815235,3407.094315296462,121.12795474326242,73620.63175376758,23284.78492911378,18860.67579258216,6000.000000000058,0.7801680555555556,3.979039320256561e-12,2.1827872842550278e-11
71,2025-03-13,6000.000000000058,46988.47873899739,61485.03942297157,46975.00005218059,13093.680519280002,60068.680571460594,0.024507797815572826,0.03538296164731092,0.031022440743621173,0,2897.735280205269,118237.27705,50691.65903333333,49119.080044775896,1572.5789885574322,2599.2280345670497,206.9844749214783,73459.8776799847,23332.649713038605,18899.44626756127,6000.000000000058,0.7996374999999999,4.547473508864641e-13,7.275957614183426e-12
72,2025-03-14,6000.000000000058,18133.828935923593,18422.689878660385,13594.061418720292,149.75258061884801,13743.81399933914,0.0010403766232710127,0.061542423792894124,0.20592515126595157,0,75.02038158609298,72108.86895,56079.44296666667,44531.275190845525,11548.167775821137,2057.106644613647,667.8174427049308,33425.83079822031,16833.3333333334,13635.000000000051,6000.000000000067,0.5913868055555556,3.637978807091713e-12,7.275957614183426e-12
73,2025-03-15,6000.000000000067,14091.478652472357,16758.330647896637,13658.196875438181,1319.2014806214925,14977.398356059673,0.006694440224457529,0.04906224127397048,0.1331940891850499,0,486.8530433732876,72724.98178333332,51800.85663333333,44901.28871505115,6899.567918282184,1606.3374051329906,536.3595045038678,32740.807664349777,17164.58278844221,13903.31205863819,6000.000000000069,0.6047722222222222,9.094947017729282e-13,0.0
74,2025-03-16,6000.000000000069,50077.312424974254,64408.41357651688,47438.72314384847,1902.6069804636636,49341.33012431213,0.0041027513002354216,0.06570621310709963,0.050352967515235644,0,484.05579278157734,117983.21598333333,54632.16905,51881.27721653848,2750.891833461512,4952.959927769184,401.98100192720904,75380.38936585757,23197.712958673143,18790.147496525242,6000.000000000071,0.784895138888889,2.2737367544323206e-13,0.0
75,2025-03-17,6000.000000000071,47871.23733106539,56812.72239378958,44588.14286546907,1259.3833173578225,45847.52618282689,0.0021010478370423863,0.08560257891001105,0.0813323786804939,0,247.2799295165746,117693.6218,59835.490366666665,54968.92760563189,4866.562761034777,6282.874731067772,294.862364997505,73395.8580578815,22845.824720866854,18505.11802390215,6000.000000000072,0.7601756944444445,4.547473508864641e-13,0.0
76,2025-03-18,6000.000000000072,43028.65802780873,55721.395692877864,45191.678662847786,6097.170788951729,51288.84945179951,0.010584356156163901,0.06648632174732737,0.06038428757898046,0,1241.0519957355475,117253.42358333332,56127.465216666664,52738.24821594424,3389.2170007224227,4836.341907606135,250.87019836158947,72741.90811737224,23055.64547237358,18675.072832622598,6000.000000000073,0.7760166666666666,9.094947017729282e-13,1.4551915228366852e-11
77,2025-03-19,6000.000000000073,40886.771548348,43481.5042861335,41639.36472236059,5090.726853539304,46730.09157589989,0.008823712124008207,0.05033343534220272,0.03476605840990386,0,1034.8587052471717,117281.55799999999,57816.08755,55806.05007320458,2010.0374767954154,3435.0522751840776,253.63988211186438,68245.93338066702,21666.273693804345,17549.68169198152,6000.000000000073,0.7718381944444445,4.547473508864641e-13,2.9103830456733704e-11
78,2025-03-20,6000.000000000073,42818.292366332986,55043.87674817489,44723.340038425966,2667.7716817744767,47391.11172020044,0.006161076342751323,0.04227920382911252,0.0496973482296761,0,724.8406614602168,117648.38173333331,55439.41991666666,52684.22775941684,2755.1921572498236,3048.0549173811687,319.6186638661719,72093.47956742614,23613.11933538176,19126.626661659226,6000.000000000073,0.7786381944444444,2.2737367544323206e-13,2.1827872842550278e-11
79,2025-03-21,6000.000000000073,16797.316346655025,20077.66104128854,12549.315348109463,781.7094856878041,13331.024833797268,0.004832077578169066,0.05333261591168242,0.24268067111043995,0,350.7775793442487,72593.53221666666,60560.06769999999,45863.30982807031,14696.757871929676,1677.3427040600482,353.81125044787456,31450.59876376004,16000.000000000087,12960.000000000065,6000.000000000075,0.5702902777777777,9.094947017729282e-13,7.275957614183426e-12
80,2025-03-22,6000.000000000075,13710.573499280345,16992.726898277535,13578.23326602373,585.94434533085,14164.17761135458,0.0029927277395391115,0.05972681884683706,0.19188750103809635,0,215.287644511677,71936.92953333333,56055.7298,45299.33588981125,10756.393910188748,1951.646809767259,799.3068093802208,32676.222297592063,18436.645681232512,14933.683001798334,6000.0000000000755,0.5873881944444445,9.094947017729282e-13,7.275957614183426e-12
81,2025-03-23,6000.0000000000755,30081.194861186064,35759.42448792727,43907.91411134362,1012.0701355482116,44919.98424689183,0.00236497270576943,0.05930454429709168,0.07007523994751624,0,278.45183261357977,117739.97726666665,58970.257150000005,54837.902230447005,4132.354919552986,4249.540766997086,211.01745322695217,71656.24181696116,24063.475753321327,19491.41536019027,6000.000000000076,0.7671784722222222,4.547473508864641e-13,1.4551915228366852e-11
82,2025-03-24,6000.000000000076,40894.25957526133,49095.507932805915,39913.19876761781,7213.601609793306,47126.80037741111,0.014961651555085281,0.03652693232198706,0.04151110165650554,0,1756.8744865630053,117425.17061666667,59426.67353333333,56959.806847183165,2466.866686150167,2391.225573352586,308.983110118823,65464.724830264735,21347.50980985699,17291.482945984157,6000.000000000082,0.7674861111111111,1.8189894035458565e-12,7.275957614183426e-12
83,2025-03-25,6000.000000000082,41242.52040914957,47630.50078444978,41659.58690911827,4158.877245192933,45818.4641543112,0.009773714344610057,0.020297857571160875,0.045049207330115734,0,1153.817939716413,118053.16781666665,57103.043099999995,54530.596272207564,2572.4468277924343,1381.968706663628,129.2234772429124,68084.46171319697,22129.031181830163,17924.515257282426,6000.000000000088,0.7712756944444445,4.547473508864641e-13,7.275957614183426e-12
84,2025-03-26,6000.000000000088,45992.18933647913,54526.5532937745,44377.24679410645,443.070658992401,44820.317453098854,0.0012482910683455667,0.08939982662933327,0.10382879371063819,0,146.92963558567928,117704.62779999999,62112.07293333333,55663.05132579815,6449.02160753518,6539.739136777024,380.4100732683555,73151.58634358301,22825.2120785341,18488.42178361262,6000.000000000092,0.7566111111111112,9.094947017729282e-13,1.4551915228366852e-11
85,2025-03-27,6000.000000000092,44018.511153329215,54911.62514063094,42727.567005762234,1655.2672624721476,44382.83426823438,0.004004658590611534,0.0668976408410002,0.051042337113264245,0,472.3598863340236,117952.59836666666,59235.60896666667,56212.08504468057,3023.5239219860982,4727.834915190491,370.9467778803772,70672.67030279039,22661.76407403913,18356.028899971694,6000.000000000094,0.7664159722222222,4.547473508864641e-13,0.0
86,2025-03-28,6000.000000000094,15801.658124573596,18245.25065847682,12126.326832521361,1257.27421285855,13383.601045379912,0.006044570221572425,0.04903288393613827,0.24884679439253315,0,434.5548355963085,71891.76726666666,61069.8865,45872.84101055916,15197.045489440836,1502.9564883766425,524.6828994939852,30652.010808381838,16000.000000000102,12960.000000000082,6000.0000000000955,0.5747680555555555,9.094947017729282e-13,0.0
87,2025-03-29,6000.0000000000955,12433.582685989019,15183.241508566074,12656.563704501383,458.9018415775924,13115.465546078975,0.002056824955127272,0.03990142396709771,0.2881681848490451,0,148.33467281423282,72118.27746666667,64411.06828333333,45849.84765193727,18561.220631396063,1261.955991440976,715.9359658041561,31626.840998997217,18572.915262299583,15044.061362462659,6000.000000000098,0.5630868055555556,1.8189894035458565e-12,1.8189894035458565e-12
88,2025-03-30,6000.000000000098,29783.475177265947,36707.271083341526,39847.95739195094,3086.1105709305803,42934.06796288152,0.00627534476933486,0.06054886230479288,0.05919515785216347,0,740.4574601650029,117994.70585,62649.086149999996,58940.56360605695,3708.522543943038,4059.7021985869924,328.1230747209904,67048.36464393217,22878.182036032413,18531.327449186247,6000.000000000113,0.7520270833333333,1.4551915228366852e-11,7.275957614183426e-12
89,2025-03-31,6000.000000000113,42839.09453085574,50732.65849045915,40674.020251786715,1427.0697765258305,42101.090028312545,0.0033261336297886355,0.04066215412301,0.05806319116943027,0,389.40930863748406,117075.66561666667,60124.27613333333,56633.26879427998,3491.007339053347,2738.569028034105,314.76283390909066,67349.33470935808,22331.65965087207,18088.64431720637,6000.000000000113,0.7607041666666667,4.547473508864641e-13,7.275957614183426e-12
90,2025-04-01,6000.000000000113,43520.32476593475,51608.42088616551,41540.061248735394,5834.736791030721,47374.798039766116,0.01617574429616683,0.022096063901082815,0.0502564869187386,0,1908.2063938973026,117967.1463,57758.29478333333,54855.56579710609,2902.7289862272396,1482.079807552313,141.06635565231545,67074.38094798793,22357.161451509004,18109.30077572229,6000.0000000001155,0.7731090277777778,2.2737367544323206e-13,1.4551915228366852e-11
91,2025-04-02,6000.0000000001155,41364.09263037259,45421.27192367885,42280.02263319735,8157.531942820637,50437.55457601799,0.013563067796226074,0.06533071741236045,0.03527521468318385,0,1600.2606542785538,117986.62945,57551.29404999999,55521.159797091204,2030.1342529087908,4537.778554794418,196.37286413946606,69458.5753000759,20311.657276377795,16452.442393866015,6000.000000000114,0.772320138888889,9.094947017729282e-13,7.275957614183426e-12
92,2025-04-03,6000.000000000114,45223.77071865702,51766.041198998275,41761.60889997512,1483.5143472174857,43245.123247192605,0.003285841615933234,0.07218086648169844,0.07346306171962373,0,387.34965172503433,117884.45609999998,62020.92583333333,57464.67873093096,4556.247102402373,5012.225107709354,159.32171677279257,69439.80242991695,22293.83098995163,18058.003101860817,6000.000000000115,0.7644638888888888,2.7284841053187847e-12,1.4551915228366852e-11
93,2025-04-04,6000.000000000115,14870.638892970524,16594.16933000347,11743.822407994234,512.9510381104606,12256.773446104695,0.0021356597644455696,0.05897320346490069,0.28811188177580693,0,153.20315882710818,71735.75181666667,65304.949566666655,46489.81765774017,18815.131908926498,1791.4134530222045,452.5918910114751,30376.736344133096,16000.000000000127,12960.000000000104,6000.000000000116,0.5595027777777778,3.183231456205249e-12,3.637978807091713e-12
94,2025-04-05,6000.000000000116,11667.714603473443,12545.235277227212,11809.580603601837,5222.871362424828,17032.451966026663,0.023532391864882412,0.03451705236462973,0.24794915206884638,0,1708.5161885439784,72602.74256666665,60558.62758333332,45543.16722359278,15015.460359740548,1038.4992512265412,360.17591714073467,30086.55664614951,17562.222753959606,14225.40043070728,6000.000000000116,0.5755284722222221,9.094947017729282e-13,3.637978807091713e-12
95,2025-04-06,6000.000000000116,41167.888046152904,49085.63018336408,39671.18690957277,1796.9796522936545,41468.16656186642,0.004058674445445442,0.05122016906350275,0.06857297927140472,0,475.69868597600464,117205.43058333333,62795.354316666664,58489.28978676937,4306.064529897299,3377.564882120638,231.31626881826764,65942.08773370377,21540.865643036308,17448.10117085941,6000.000000000118,0.7556868055555556,2.5011104298755527e-12,0.0
96,2025-04-07,6000.000000000118,41323.80293621788,48155.9970307544,38721.670457428496,1057.1121469608477,39778.782604389344,0.0028061670876094362,0.046828373993361844,0.07407474217430203,0,328.36404032588354,117015.14203333334,63772.422750000005,59048.49697696315,4723.925773036844,3051.4463115242834,388.04258957248,65162.33751692598,21497.724209394346,17413.156609609418,6000.000000000119,0.7517159722222222,8.981260180007666e-12,1.4551915228366852e-11
97,2025-04-08,6000.000000000119,41756.917409097936,47600.6173149419,39514.75479989196,2882.9525953777975,42397.70739526976,0.005498083857342532,0.0804627014899049,0.06447543434427519,0,647.1975410098357,117713.29026666666,63360.09664999999,59274.926898395985,4085.169751604005,5427.557046815674,104.62787460136803,67454.32288893049,21741.95863290849,17610.986492655873,6000.000000000122,0.7519159722222222,4.547473508864641e-13,2.1827872842550278e-11
98,2025-04-09,6000.000000000122,39514.002143134356,46956.85950816289,38511.949452469955,8406.383672375681,46918.33312484564,0.02060939525678988,0.02291692043669917,0.022998721263127915,0,2425.262574729264,117677.52253333332,58543.21151666666,57196.7925131465,1346.4190035201566,1463.0025708718267,242.07223899254222,63839.40525136936,21467.69997919702,17388.83698314958,6000.000000000133,0.7662708333333333,1.000444171950221e-11,5.684341886080802e-14
99,2025-04-10,6000.000000000133,41604.88423121495,48456.30660230041,39249.65754736046,2103.4723812780885,41353.12992863855,0.004110663781470589,0.06688328204602538,0.05482448149827394,0,483.69646611168184,117668.70068333333,63208.06278333333,59742.71351472673,3465.3492686065956,4418.277440781139,182.44906543549018,66059.51899520608,21139.483086813383,17122.981300318836,6000.000000000132,0.7580270833333334,9.094947017729282e-13,7.275957614183426e-12
100,2025-04-11,6000.000000000132,15006.299612285808,17214.492709971666,11152.638595306267,1007.1290876901755,12159.767682996442,0.0048832851689158945,0.029382837103734474,0.2909525579492556,0,352.0457785268079,72091.99675,66775.34658333333,47346.888686964405,19428.45789636892,841.259470906712,355.8259480632596,28630.98168283383,16004.389365026755,12963.555385671674,6000.000000000129,0.5514784722222222,9.094947017729282e-13,3.637978807091713e-12
101,2025-04-12,6000.000000000129,11564.974283005136,13620.631122465422,11490.483405750409,624.688512370985,12115.171918121394,0.002396500727021463,0.04724505829978699,0.24703680496287067,0,172.44542403922785,71957.17576666665,62932.01521666667,47385.49124766657,15546.523969000093,1396.710283149362,568.8151746195492,29563.09788606313,16833.333333333474,13635.000000000116,6000.000000000128,0.5638673611111111,1.4779288903810084e-12,1.8189894035458565e-12
102,2025-04-13,6000.000000000128,39313.29390150003,43119.280524762544,39467.53842628602,2970.183216219923,42437.72164250594,0.005809156595325071,0.06586324602598057,0.06228444247014755,0,681.3156742990504,117283.06219999999,63006.703716666656,59082.36630379231,3924.3374128743562,4365.278454025486,233.29505866336365,66277.91245368545,21894.519574147183,17734.56085505922,6000.000000000128,0.7562548611111111,2.2737367544323206e-13,0.0
103,2025-04-14,6000.000000000128,38463.68900909047,41231.705016918255,38881.67037609866,1702.1460715545038,40583.81644765316,0.003360509791968497,0.08655971339876786,0.06782239873245755,0,396.2087173888687,117901.37268333332,65373.34088333332,60939.564091471024,4433.776791862301,5754.272555502155,125.62891958460477,66477.49085065784,21220.997374198127,17189.007873100483,6000.000000000131,0.7465972222222221,2.8421709430404007e-12,7.275957614183426e-12
104,2025-04-15,6000.000000000131,39612.128377353925,42901.25728471528,37712.941734074244,1504.0416569937613,39216.983391068,0.0026716436777079657,0.0793983931553594,0.08842858336764282,0,312.7343406205859,117056.90516666666,66917.47633333332,61000.0586986389,5917.417634694431,5163.286566081055,46.599645240500536,65030.114097876205,21453.24083761824,17377.125078470766,6000.000000000133,0.738532638888889,2.7284841053187847e-12,2.9103830456733704e-11
105,2025-04-16,6000.000000000133,38125.055614679106,42822.52867878006,38827.83596693726,1700.1450180197303,40527.98098495699,0.003907846416138059,0.040239984291798515,0.0499687541962064,0,460.8323394812659,117924.88506666665,62145.29311666667,59039.97024046875,3105.3228761979144,2628.7384680361765,188.67574025286217,65326.52818584601,21500.165741264842,17415.13425042452,6000.000000000134,0.7623541666666667,9.094947017729282e-13,1.4551915228366852e-11
106,2025-04-17,6000.000000000134,41145.64472396926,47212.1496588388,37207.69994897969,615.5841354078211,37823.28408438751,0.0014616541365041116,0.05065774572470045,0.05055479668221482,0,171.72542185064657,117487.04263333333,64618.700283333324,61351.91502864043,3266.7852546928934,3206.4389574978054,169.94296756269966,63296.124050272585,20822.841801946513,16866.501859576678,6000.000000000127,0.7477673611111111,9.094947017729282e-12,1.4551915228366852e-11
107,2025-04-18,6000.000000000127,15034.581567162435,17303.884835099652,11115.121674174301,331.2527121176671,11446.374386291967,0.0015620894934591685,0.05856627427421152,0.2646113322971579,0,111.67404242725166,71490.16935,65136.05216666666,47900.31462226782,17235.737544398842,1679.2766861039254,475.6434347211305,28673.100806130005,16000.000000000142,12960.000000000115,6000.000000000127,0.5594201388888889,1.7053025658242404e-13,7.275957614183426e-12
108,2025-04-19,6000.000000000127,11039.134385968753,12911.803993141199,11101.645062719563,575.5893922733383,11677.2344549929,0.003349966237871695,0.05423562873693074,0.2587699943646542,0,240.8807137426411,71905.41535,65120.736099999995,48269.44358638087,16851.292513619133,1546.2524141893073,527.594441557809,28509.901151683625,16005.069716105352,12964.106470045335,6000.000000000127,0.5579763888888889,9.094947017729282e-13,3.637978807091713e-12
109,2025-04-20,6000.000000000127,39335.24063543797,45637.232235430354,36787.629131310125,1878.7533830232699,38666.382514333396,0.004213739776521371,0.043926000817290235,0.06101836543276648,0,493.8411004754417,117197.81635000001,65240.07146666667,61259.228945053794,3980.842521612868,2743.109934694773,320.90677474775634,62448.433357380105,20735.107070878003,16795.43672741118,6000.000000000129,0.7454388888888889,9.094947017729282e-13,0.0
110,2025-04-21,6000.000000000129,36726.21431397754,43483.86561259514,35935.3652917913,1252.326220838036,37187.69151262933,0.0029149003221083268,0.07156460607534519,0.0815731280669105,0,345.3621644300504,118481.63788333331,69964.7275,64257.485823476,5707.241676523994,4475.958133189318,141.03306444137297,62544.29918159412,21307.989939664003,17259.471851127837,6000.000000000131,0.7339520833333333,9.094947017729282e-13,1.4551915228366852e-11
111,2025-04-22,6000.000000000131,36988.78769275991,44503.032666332554,36026.233107137625,2540.3305081905114,38566.56361532814,0.00689936231089734,0.03544595971850994,0.05295321148214146,0,812.8207802234782,117811.00101666666,65658.0717,62181.265943760285,3476.805756239707,2166.906209352066,185.36892973829367,61132.67144013889,20860.431622977056,16896.949614611414,6000.000000000131,0.7509583333333334,9.094947017729282e-13,1.4551915228366852e-11
112,2025-04-23,6000.000000000131,37196.843004237235,44278.787046798294,37552.765924760024,1104.9022795393976,38657.66820429942,0.002348708652522954,0.05034632530682413,0.07350357460448378,0,277.2192912942083,118030.51476666666,66630.59805,61733.01091529045,4897.587134709547,3200.4705598549317,217.1086628004075,63569.09943973861,21743.34556316456,17612.109906163296,6000.000000000133,0.7479125,6.821210263296962e-13,7.275957614183426e-12
113,2025-04-24,6000.000000000133,35333.139922485956,40258.446566633866,36212.383644297304,1070.4742931961143,37282.85793749342,0.0018188083503583297,0.06600274097471838,0.10289031845717408,0,213.7059428062965,117497.77966666667,70407.67296666667,63163.40507329776,7244.2678933689,4123.604512060377,163.1274641345551,62476.26160919404,21415.05780229744,17346.196819860925,6000.00000000013,0.7361847222222223,1.8189894035458565e-12,1.4551915228366852e-11
114,2025-04-25,6000.00000000013,13655.987622302588,15596.053803979536,10466.017984012979,551.9588376765233,11017.976821689503,0.001953835030545869,0.058858247097273754,0.30166063568157664,0,140.213690868875,71763.3212,69762.96354999999,48718.223618476346,21044.739931523654,1645.717715536829,370.0971352606363,27960.69874145227,16000.000000000146,12960.000000000116,6000.000000000133,0.5406916666666667,2.2737367544323206e-12,0.0
115,2025-04-26,6000.000000000133,10029.222116861198,10600.53989738794,10483.184352015409,1934.3147335120484,12417.499085527457,0.009350671264142192,0.033770389734042644,0.3278864221786873,0,674.1920415934796,72100.92436666667,72030.73073333333,48412.832146264256,23617.898587069078,922.7236633793696,251.82935590158667,27323.45319808989,16500.0,13364.999999999996,6000.000000000136,0.5378048611111111,3.183231456205249e-12,5.4569682106375694e-12
116,2025-04-27,6000.000000000136,33887.371903936175,38360.05593276992,34574.07894288234,2952.193042856355,37526.2719857387,0.006507185516154641,0.06361250039700815,0.06591880724946671,0,761.5523355479484,117032.52253333334,68459.05135,63946.312339578006,4512.739010421993,3837.277163075516,199.92142502480237,60322.690338014014,20846.49416687538,16885.66027516905,6000.000000000136,0.7337826388888888,9.094947017729282e-13,1.4551915228366852e-11
117,2025-04-28,6000.000000000136,34560.42625194884,38785.726941466164,34599.38436076312,18575.134608890767,53174.51896965389,0.04377422981579241,0.01861804344451165,0.021354048560856438,0,5145.104817147121,117537.3008,60915.33348333332,59614.54449402947,1300.788989303864,1082.0422786342701,209.6830813729972,58117.93714302679,21308.212074716463,17259.651780520344,6000.000000000134,0.7660520833333333,2.9558577807620168e-12,1.4551915228366852e-11
118,2025-04-29,6000.000000000134,36594.54631796512,40635.29595552594,36600.455490245804,2332.8300235668653,38933.28551381267,0.00481066664028269,0.07772406947876516,0.12032701442565645,0,564.0639348393837,117252.75871666666,69819.545,61418.367601592225,8401.17739840777,5002.029858411754,68.44964201977518,64356.2527278419,21133.926564080615,17118.4805169053,6000.000000000136,0.7303826388888888,9.094947017729282e-13,7.275957614183426e-12
119,2025-04-30,6000.000000000136,36222.79337774933,38764.980984586095,36415.599669004114,1239.5852386923323,37655.18490769644,0.002874198761722038,0.07193104718798687,0.09464229815518267,0,338.2439900317256,117682.88071666665,69426.02628333334,62855.38760409655,6570.638679236783,4541.585743599873,206.08425467961354,63138.045686040816,20532.24508012074,16631.118514897804,6000.000000000136,0.7294423611111112,1.1368683772161603e-12,0.0
120,2025-05-01,6000.000000000136,34763.4055496299,37355.567743254906,36594.16909419435,14244.844296012301,50839.01339020665,0.024958497579391822,0.06342915056404748,0.07972455200845437,0,3004.119176328629,120364.58391666666,69353.20511666666,63824.05190838996,5529.153208276695,3884.8159395563634,0.0,61246.53893376164,20133.211380301145,16307.901218043922,6000.0000000001355,0.7473263888888889,3.171862772433087e-11,7.275957614183426e-11
121,2025-05-02,6000.0000000001355,11638.024242161753,12133.775745262388,12255.378655031927,5000.03658858631,17255.415243618238,0.01988017442882033,0.02686343106731779,0.2019078885920807,0,1486.2622519363665,74761.02673333333,60470.70664999999,48261.193948627406,12209.512701372592,786.2625555091714,270.71414464375056,29268.880566255855,16833.33333333349,13635.000000000116,6000.000000000142,0.5869513888888889,1.4779288903810084e-12,3.637978807091713e-12
122,2025-05-03,6000.000000000142,12867.269989555412,15038.689740091055,13701.56802596995,1432.6954363130912,15134.263462283041,0.00418291601449803,0.08057839227089668,0.265307997120804,0,313.27886447067124,74894.84928333333,66027.67763333333,48510.00672589555,17517.670907437772,2584.55278977922,219.25716303699772,32075.01064417128,16840.19472835766,13640.557729969698,6000.000000000142,0.5698243055555555,9.094947017729282e-13,3.637978807091713e-12
123,2025-05-04,6000.000000000142,38581.13458761705,41914.47591402324,41449.46340260162,2379.6304742365246,43829.093876838146,0.004644556361289173,0.07003165626123777,0.1058692345078865,0,560.4590073432287,120670.08423333333,68935.4169,61637.27708231497,7298.139817685022,4707.537276472616,56.369009439187835,67220.13340527288,20967.78408255759,16983.90510687165,6000.000000000146,0.7461284722222222,9.094947017729282e-13,0.0
124,2025-05-05,6000.000000000146,40216.274870018955,47037.81693669576,42426.322372314666,3525.246349854508,45951.56872216918,0.006990859486903849,0.10725540777868131,0.054811656306039236,0,843.1826900032884,120612.16386666667,65536.15706666667,61944.01174990993,3592.145316756738,7462.035287324456,283.98955395937423,69572.57859409912,21060.970137167667,17059.385811105807,6000.0000000001455,0.7604611111111113,1.8189894035458565e-12,2.9103830456733704e-11
125,2025-05-06,6000.0000000001455,37606.483131015964,40948.777574838365,39873.43840032355,3751.658834157718,43625.09723448126,0.007753807139542143,0.0698103044457125,0.06210015438024003,0,938.3439526047088,121017.19009999999,68147.10773333334,63915.16182252648,4231.9459108068495,4532.469347387407,234.21768829257894,64925.50610364477,21027.02496366308,17031.890220567093,6000.000000000147,0.7532361111111112,1.6370904631912708e-11,2.1827872842550278e-11
126,2025-05-07,6000.000000000147,39740.32654616551,45106.53723167261,40387.09392223227,2775.2185178325026,43162.31244006477,0.005287203428718424,0.04657368097581146,0.04711783801653243,0,640.5987042603815,121160.21501666667,66092.36906666667,62978.23952685458,3114.1295398120787,3027.8827292753613,385.0329378033872,65012.74251541176,21360.263488322766,17301.813425541448,6000.000000000146,0.7587291666666667,1.5916157281026244e-12,7.275957614183426e-12
127,2025-05-08,6000.000000000146,41074.474274528795,50218.45054935454,43847.46022726016,2170.631867320085,46018.09209458025,0.00449064131306307,0.07727008127962778,0.06971199382521098,0,540.8774367092003,120445.47738333332,64618.964983333324,60114.248095423674,4504.716887909657,5389.590965775986,456.23568208866243,69750.03619152331,21651.88259188525,17538.02489942705,6000.00000000015,0.7616590277777777,2.2737367544323206e-13,3.637978807091713e-11
128,2025-05-09,6000.00000000015,14245.986451895375,17923.176030496958,14577.22178977085,122.76540481864598,14699.987194589497,0.0009151813603038199,0.09278473869209654,0.26119905902408186,0,67.9557169830934,74253.82544999999,65754.4396,48579.44184982417,17174.997750175826,3053.564177944306,1051.8732113312544,32910.19860580165,16833.3333333335,13635.000000000135,6000.000000000151,0.5667381944444444,4.547473508864641e-13,9.094947017729282e-12
129,2025-05-10,6000.000000000151,14103.025973128595,17340.856149081694,14228.406375539302,1543.85015658772,15772.256532127021,0.007168375886297654,0.07464093664771214,0.2259234537086474,0,535.1048303298795,74647.98705,62526.941766666656,48400.63913290185,14126.302633764804,2377.3694759822974,715.0596251065058,31850.745485723586,16031.964725613265,12985.891427746743,6000.000000000151,0.5753076388888889,1.7053025658242404e-13,9.094947017729282e-12
130,2025-05-11,6000.000000000151,43930.90825181375,50304.38784007808,44820.877084666325,2430.391357732962,47251.26844239929,0.0038473154598025142,0.098059238359289,0.10384737845095975,0,464.5367584243745,120743.09041666667,65259.01133333333,58482.03408606519,6776.977247268137,7214.210677012863,216.17977949712372,73569.92362698147,22857.966306812625,18514.95270851822,6000.000000000151,0.7607819444444445,4.547473508864641e-13,0.0
131,2025-05-12,6000.000000000151,48283.06003397092,54241.6649171531,47525.41801434754,214.1457157226067,47739.56373007014,0.0005428307553503697,0.1182302893919572,0.1570248172471745,0,65.38320648213244,120448.60361666666,68517.40838333333,57758.47485369039,10758.933529642936,9083.34498046163,632.9005438951858,76827.56277749193,23613.535245478783,19126.963548837815,6000.000000000153,0.7517881944444444,1.5916157281026244e-12,1.4551915228366852e-11
132,2025-05-13,6000.000000000153,43279.39765613362,48989.797983861514,41963.294061635694,365.05253783342766,42328.34659946912,0.0010631426476735376,0.08626338146605156,0.07862938040338578,0,127.86377457394497,120269.6316,67140.41883333333,61861.20930044451,5279.209532888814,5915.735027466128,292.0847635914271,68577.59256509357,21522.180258181506,17432.96600912702,6000.000000000151,0.7564458333333334,9.094947017729282e-13,0.0
133,2025-05-14,6000.000000000151,43729.64522366138,48861.98353603522,42311.06530539041,395.64245488730256,42706.70776027771,0.0012327967614784246,0.08727209425115817,0.09080969131064358,0,148.66543355293578,120592.00526666666,67577.85648333334,61441.13219664685,6136.724286686474,6075.470589580176,460.3161199886363,69615.27211774857,21459.3566932257,17382.078921512817,6000.000000000154,0.747551388888889,1.8189894035458565e-12,2.9103830456733704e-11
134,2025-05-15,6000.000000000154,41955.7663551098,47935.61046300069,42089.88854090343,1229.7854051759332,43319.67394607936,0.002516322251893854,0.08556929807990829,0.09321811855730139,0,300.94788828057347,119598.30981666666,66833.25153333333,60603.18156832912,6230.069965004211,5922.15081658851,502.9459970714373,69208.82780945743,21523.950714423765,17434.400078683248,6000.000000000153,0.7527770833333334,9.094947017729282e-13,3.637978807091713e-11
135,2025-05-16,6000.000000000153,12813.078768685033,14694.870586977075,13054.638698605853,628.6717178318805,13683.310416437735,0.002926090568271866,0.0683750865643145,0.30952318798304645,0,218.5243784988346,74681.34474999999,71965.83821666666,49690.742545971836,22275.095670694824,2110.340643512875,683.9112349510799,30864.175089970246,17357.080978826136,14059.235592849165,6000.0000000001555,0.5453854166666666,9.094947017729282e-13,3.637978807091713e-12
136,2025-05-17,6000.0000000001555,13882.370904375352,17251.888628121797,13626.108946351156,1618.1737356706433,15244.2826820218,0.006714581116270048,0.06767525505159741,0.2403389768658498,0,505.436940583755,75274.53043333333,64825.73134999999,49245.58140276055,15580.14994723944,2120.9137033403003,496.81545969475735,31339.574586357445,16833.333333333503,13635.000000000138,6000.000000000158,0.5734159722222222,9.094947017729282e-13,1.8189894035458565e-12
137,2025-05-18,6000.000000000158,41818.4951221635,45625.64668582515,41985.72071641119,1718.73001377008,43704.45073018127,0.0043086455960779065,0.07429965267370378,0.08873309569987009,0,519.9976704737413,120687.037,67010.8689,61064.78705696485,5946.081843035148,5097.129746300748,477.59616620271595,68602.33611973168,20659.778603509534,16734.420668842722,6000.000000000159,0.75068125,2.2737367544323206e-13,1.4551915228366852e-11
138,2025-05-19,6000.000000000159,39698.12458843592,45783.480328476166,38304.99712957693,1342.824301329725,39647.82143090665,0.0019928177797572067,0.09463940305963732,0.08808336026457099,0,239.28238963109223,120072.38798333332,72557.17143333334,66166.09196219279,6391.079471140539,6024.042111512853,287.93503120534854,63652.5793354464,19334.676637993434,15661.088076774682,6000.000000000164,0.7317597222222223,1.8189894035458565e-12,1.4551915228366852e-11
139,2025-05-20,6000.000000000164,40046.67367275278,46795.61028485459,39914.63384585464,1992.0139936172109,41906.64783947185,0.003991713403389911,0.050613342155854155,0.0608889979964903,0,480.7522932434324,120437.57771666667,65910.18289999999,61896.97790545359,4013.204994546408,3309.5747559309334,218.87424299836994,65389.37392713028,20005.670580164893,16204.593169933563,6000.000000000167,0.7565819444444445,1.8189894035458565e-12,0.0
140,2025-05-21,6000.000000000167,41383.909148281426,47774.97588649095,40368.08793145588,1175.5086228049602,41543.59655426084,0.0029548055940668426,0.07053198469546768,0.0950891240338191,0,355.4130328034222,120283.05128333332,68920.43599999999,62366.85211273111,6553.58388726889,4677.419207075645,309.59251690316967,66316.2851190293,19834.143459219413,16065.656201967724,6000.000000000167,0.7458243055555555,9.094947017729282e-13,1.4551915228366852e-11
141,2025-05-22,6000.000000000167,41704.99881768374,46152.661430690205,39886.28578887973,691.9944519303092,40578.28024081004,0.0013485864640560635,0.07699448248485093,0.08952984803412684,0,161.4658258162404,119729.68001666665,68913.0492,62743.27437755569,6169.774822444306,5082.528765159564,370.27424726851393,66011.59720970367,19651.86517884671,15918.010794865835,6000.000000000169,0.7461930555555555,2.2737367544323206e-13,2.1827872842550278e-11
142,2025-05-23,6000.000000000169,18295.393713613754,18919.710206233536,14188.289904421126,261.9716917112043,14450.26159613233,0.001705561221809314,0.10583348865690814,0.2671216673922728,0,127.88875268423541,74983.38438333332,68562.43549999999,50247.923408764844,18314.512091235152,3405.136468174801,963.4285660974558,32174.470589489873,16833.333333333518,13635.000000000153,6000.00000000017,0.5569743055555555,2.8421709430404007e-12,7.275957614183426e-12
143,2025-05-24,6000.00000000017,13580.792584836974,14536.996827722849,13110.991728296756,672.3470109500361,13783.338739246792,0.002510263999291652,0.0664840795458396,0.2914941194027292,0,187.50120183482767,74693.81781666665,70939.31643333333,50260.92285856727,20678.393574766054,2013.205723597578,824.0869038558185,30281.019717051335,16833.33333333353,13635.000000000147,6000.000000000177,0.553204861111111,3.637978807091713e-12,0.0
144,2025-05-25,6000.000000000177,39035.48294921118,44403.45904439387,38519.14611810321,781.4765938879868,39300.62271199119,0.001262179115636609,0.07151244722600593,0.0849313045635221,0,151.86523670267306,120319.8776,71774.86741666666,65678.93429209532,6095.933124571335,4503.53338871683,284.06243219984424,62975.51773726872,19467.599185000225,15768.755339850182,6000.000000000181,0.7379618055555556,4.547473508864641e-13,0.0
145,2025-05-26,6000.000000000181,39297.329145421245,43263.778148270154,37428.939193848215,8557.327770538943,45986.266964387156,0.01972785732989558,0.04542982800208189,0.03062674503132955,0,2355.6633837181416,119407.96936666666,64828.13641666666,62842.66161177716,1985.4748048894999,2769.6070447974753,398.7897209246877,60964.50650595802,18876.133521392134,15289.66815232762,6000.000000000182,0.7524722222222222,2.034994395216927e-11,7.275957614183426e-12
146,2025-05-27,6000.000000000182,38887.41593943667,40657.51236083814,37327.69950017125,1030.1817233772913,38357.88122354854,0.0033546319989647176,0.06041274810821293,0.0698229329763402,0,402.7129284025028,120046.82734999999,70656.46005,65723.01877558339,4933.441274416608,3708.2940824691586,176.7878667723346,61382.641885894074,18823.496266518294,15247.031975879816,6000.00000000018,0.7429215277777778,5.229594535194337e-12,1.4551915228366852e-11
147,2025-05-28,6000.00000000018,38675.49107115218,40518.50605626371,37455.84397607154,5149.599783789799,42605.443759861344,0.013041846372277649,0.043535580436720685,0.05919194434837417,0,1564.0023080795186,119921.84721666666,67648.02311666666,63643.8050970674,4004.218019599263,2663.904214452762,256.2665993313278,61189.128242467516,18710.09272191417,15155.17510475048,6000.000000000178,0.7512673611111111,2.7284841053187847e-12,7.275957614183426e-12
148,2025-05-29,6000.000000000178,41151.49132183413,46231.289629770115,39757.10260326382,1345.8773591175127,41102.97996238133,0.0026623045041950675,0.05064370222189464,0.06317488573061134,0,320.6461288543119,120439.31426666665,66329.19076666667,62138.85171937857,4190.339047288087,3310.1192131261314,223.88686978546957,65360.92481199128,20247.90689813634,16400.80458749044,6000.00000000018,0.7595125,2.2737367544323206e-13,7.275957614183426e-12
149,2025-05-30,6000.00000000018,14245.114455147326,17063.137337177828,13809.87704244061,562.1738076670055,14372.050850107616,0.0030293686319937748,0.0731313574457601,0.27137551900048346,0,226.0279324130879,74612.22448333332,68015.99121666666,49558.116299911424,18457.874916755238,2285.864036770799,944.6840518078786,31256.96167292086,16833.333333333532,13635.000000000162,6000.00000000018,0.5609930555555556,4.547473508864641e-13,1.8189894035458565e-12
150,2025-05-31,6000.00000000018,13567.181902496188,14722.782097822183,12343.325513693733,1229.4350922411252,13572.760605934858,0.005457441798450178,0.06802421910304149,0.24190886462076297,0,408.09839785869224,74778.33258333334,66389.15103333333,50329.026883723316,16060.124149610017,2039.3305239583503,700.6060161262876,29979.477175169337,16833.333333333532,13635.000000000162,6000.00000000018,0.5663548611111112,2.2737367544323206e-13,3.637978807091713e-12
151,2025-06-01,6000.00000000018,43947.47589373577,45040.89494060666,46598.29320416371,33279.00865102543,79877.30185518914,0.06173160984905659,0.014807142110795367,0.0197793246549998,0,7916.990071681044,128248.56003333331,57023.73373333333,55895.84279078146,1127.8909425518636,1027.988737825613,0.0,69425.19563421645,20849.89329221064,16888.413566690615,6000.000000000185,0.8191805555555556,3.751665644813329e-12,2.9103830456733704e-11
152,2025-06-02,6000.000000000185,50847.5857361788,53775.52908708385,53504.991334222024,12529.199481011457,66034.19081523348,0.02102084308771135,0.07425443940784887,0.06493919639172559,0,2692.3608705164606,128080.53698333334,59439.72953333333,55579.761263697146,3859.9682696361847,5944.423082220363,0.0,80054.7836550231,22641.819598331673,18339.873874648656,6000.000000000185,0.8099458333333333,3.865352482534945e-12,7.275957614183426e-12
153,2025-06-03,6000.000000000185,61053.11501437501,77957.26768850429,58642.42255735553,539.2911215745835,59181.713678930115,0.0007771811044244973,0.14355314681038814,0.059125409059428854,0,99.53890040280226,128076.84056666667,59884.473733333325,56343.779727541376,3540.6940057919555,11983.833074683356,12.145150000000058,83480.1140967824,16636.154262088057,16785.540328711482,2321.938470644458,0.806282638888889,2.8421709430404007e-12,1.4551915228366852e-11
154,2025-06-04,2321.938470644458,59760.967109370584,77287.64486619274,58361.67481553833,1818.4271451786537,60180.10196071699,0.0040386426445530805,0.0783788602043416,0.0837004404644205,0,519.1264938198326,128539.84358333334,58894.58276666666,53965.08024812839,4929.502518538268,6672.660050668791,3.4516666666667106,85133.41522538722,23166.666666666668,18765.000000000004,2321.938470644458,0.8136590277777778,3.410605131648481e-12,7.275957614183426e-12
155,2025-06-05,2321.938470644458,62022.8978490208,80024.66548808065,60232.306567758715,1586.6642526622877,61818.970820421004,0.002777806913030724,0.07622641421514868,0.08443966465809842,0,356.82574444759285,128455.92066666666,57306.60264999999,52467.652339539105,4838.950310460894,6584.572052669141,0.0,86381.76307341729,22337.421848529077,18171.673410460895,2234.8699004751966,0.8220694444444444,9.094947017729282e-13,1.4551915228366852e-11
156,2025-06-06,2234.8699004751966,28342.10403787002,36818.41547990576,21989.76781894423,2793.515598399982,24783.283417344213,0.010668184512697253,0.03193590995175659,0.20260713823174945,0,882.7646911687325,82747.41500000001,51892.419599999994,41378.64496892285,10513.774631077144,1428.0135414202432,457.2839503811209,44714.97895558468,13834.648574671859,11490.972450796955,1918.3064501276945,0.6492826388888889,9.094947017729282e-13,7.275957614183426e-12
157,2025-06-07,1918.3064501276945,24441.412023829038,25505.83147305271,21126.45835380807,2403.1923554149153,23529.650709222984,0.008754103992136112,0.06582853000527544,0.12554092420259433,0,727.9629225005785,83156.75975,52030.246583333326,45498.32134077279,6531.925242560542,2803.8457565193876,151.75592253825914,42593.16980486561,14247.855995164906,11540.763356083571,1918.306450127697,0.6502881944444445,1.8189894035458565e-12,7.275957614183426e-12
158,2025-06-08,1918.306450127697,58646.928176481895,63962.1032043961,72294.02391842734,141.1851908479872,72435.20910927533,0.0003248719814013879,0.2062410896170058,0.18630752184273042,0,41.670337106491615,128266.94665,63082.023383333326,51329.36793395932,11752.655449374004,21389.774260382874,113.45769818214171,103712.47698557135,27964.9297266956,22651.59307862344,1918.306450127695,0.7970791666666668,1.8189894035458565e-12,1.4551915228366852e-11
159,2025-06-09,1918.306450127695,59071.92010599066,66087.66271547726,57846.151244082284,2528.80265017932,60374.953894261605,0.004787492298870957,0.06427089789762143,0.06482865643111693,0,613.6090004227523,128169.18798333332,57236.47525,53525.91146068962,3710.5637893103776,5351.527617188318,0.0,83265.17587653571,21298.980737126432,17415.0,1737.3891135414854,0.81925625,4.547473508864641e-13,7.275957614183426e-12
160,2025-06-10,1737.3891135414854,66447.17509741365,71927.15653325431,66778.83225172725,71.99340113110314,66850.82565285834,0.00023868048008181706,0.1556852031513676,0.07648147377773847,0,30.411352068226734,127414.49178333333,55796.047549999996,51528.68360240322,4267.363947596773,14755.527839796277,0.0,94777.97209443188,21931.828556703833,17764.781130930107,1737.3891135414854,0.8168180555555556,9.094947017729282e-13,7.275957614183426e-11
161,2025-06-11,1737.3891135414854,57766.940445313136,64626.942934814426,55132.743647281946,13850.447738489602,68983.19138577156,0.021225328873758137,0.04160950873861195,0.004081401839809342,0,2721.86564972425,128236.67731666667,52152.23099999999,51939.37678844643,212.85421155356178,3371.7076423287035,0.0,81032.14252082468,21500.000000000004,17415.000000000004,1737.3891135414854,0.8316965277777778,1.3642420526593924e-12,0.0
162,2025-06-12,1737.3891135414854,62160.12329484131,70299.43476493703,58859.018956029926,2293.385235525523,61152.40419155545,0.0037838923319842214,0.07236534901073713,0.0499553478765426,0,483.2855887747578,127721.81298333334,55269.42154999999,52508.41836953446,2761.00318046553,6160.4476864671815,0.0,85129.79997585766,22311.806654559878,18072.5633901935,1737.3891135414854,0.8219833333333333,6.821210263296962e-13,0.0
163,2025-06-13,1737.3891135414854,29807.51305882271,41388.07302378964,22487.264312744977,2662.894213319455,25150.15852606443,0.00797434131454932,0.11184968955069974,0.17295258278056577,0,653.0155439582412,81889.59039999999,53544.276699999995,44283.65575161773,9260.620948382268,5061.4761223077485,643.8233246435926,45252.4825293633,13654.0209367786,11059.756958790667,1737.3891135414844,0.6400291666666666,1.8189894035458565e-12,1.4551915228366852e-11
164,2025-06-14,1737.3891135414844,21170.119379007323,23215.98309190269,19863.904520883687,1326.856449422603,21190.76097030629,0.005111708629199854,0.049023101171221446,0.15146098873082472,0,420.4541730121964,82253.15711666667,56059.81436666666,47568.93945462484,8490.874912041825,1933.4744671582482,262.5641633905786,39440.068477211644,15685.612408595702,12705.346050962511,1737.3891135414906,0.6368673611111111,1.8189894035458565e-12,3.637978807091713e-12
165,2025-06-15,1737.3891135414906,67548.16666233397,72912.34503160494,67847.02733870049,0.0,67847.02733870049,0.0,0.18391713066769777,0.06819918547735163,0,0.0,127368.88451666664,56741.91018333333,52872.15812640096,3869.7520569323774,17779.788969678222,11.38530000000003,96672.82707777133,23478.195591426454,19093.269173599045,1653.0216196041383,0.8178270833333333,1.8189894035458565e-12,0.0
166,2025-06-16,1653.0216196041383,59442.5943835236,63182.90744947412,59120.5064557829,2160.724582306363,61281.23103808927,0.004525621614357709,0.06953017773192174,0.05610047487614824,0,577.5536394493895,127618.63201666667,54924.57919999999,51843.284224507384,3081.294975492614,5948.049702325479,0.0,85546.30372524838,23160.315106384212,18759.85523617121,1653.021619604142,0.8232416666666666,9.094947017729282e-13,3.637978807091713e-11
167,2025-06-17,1653.021619604142,65105.528851045645,86215.61371072146,62048.50095826712,3826.2346229047857,65874.7355811719,0.006001430469181832,0.08272279912268535,0.07099413682680954,0,764.0526431414402,127311.75459999999,52674.743383333334,48935.145444259884,3739.5979390734474,7336.614490061467,0.0,88689.14698087776,21829.97597821762,18090.0,1200.0,0.8286263888888888,2.2737367544323206e-13,5.820766091346741e-11
168,2025-06-18,1200.0,64545.30767520345,87440.15504353298,64131.005257939076,272.9493105489388,64403.954568488014,0.000599862413745954,0.12020969101293537,0.0916549844436845,0,76.12798640522743,126909.07891666667,55980.68801666667,50849.77892735232,5130.909089314338,10972.206678884851,0.0,91275.55845480185,22737.788278988897,18417.608505981003,1200.0000000000036,0.82005,9.094947017729282e-13,4.3655745685100555e-11
169,2025-06-19,1200.0000000000036,63184.68161114864,87633.11038202964,59453.99465804405,1348.4720473706898,60802.46670541474,0.002175072468380448,0.09639461550062234,0.10207500588361776,0,276.99344928812974,127349.06689999998,59089.562699999995,53057.995239737094,6031.5674602629,8377.807567271906,0.0,86911.57201843725,23787.822316792488,19268.13607660192,1200.0,0.8079104166666666,9.094947017729282e-13,1.4551915228366852e-11
170,2025-06-20,1200.0,25103.323857434774,26857.926096844338,19892.42098972351,574.7833145150853,20467.204304238592,0.0034803211042918818,0.12888662256552644,0.14442325832155933,0,282.38309087852775,81137.07971666666,58736.49886666666,50253.582317942084,8482.916548724575,5018.030525820376,732.3014181259276,38933.68005100134,13590.704206363227,11008.47040715423,1199.9999999999886,0.6213069444444445,1.5006662579253316e-11,3.637978807091713e-12
171,2025-06-21,1199.9999999999886,20054.24502707998,29956.68661913893,19426.530348714085,1307.7024771108559,20734.23282582494,0.004651473920260847,0.17216203172939964,0.17603871404882482,0,378.66749031610505,81408.0648,62073.3244,51146.01619588846,10927.30820411154,6911.475275650364,721.2853742086188,40145.17722765762,13837.02875791158,11207.99329390837,1199.999999999999,0.6095256944444445,9.094947017729282e-13,0.0
172,2025-06-22,1199.999999999999,51910.61752549263,59313.92075624969,52659.565889066944,8173.39637386369,60832.96226293063,0.013844233674728168,0.055645695245892544,0.06485192966822059,0,1751.8418798486991,126539.46191666665,59082.12081666666,55250.531272814886,3831.589543851778,4334.472630438155,0.0,77894.12300959797,21171.376921877552,17148.815306720815,1199.9999999999982,0.8074916666666668,1.3642420526593924e-12,0.0
173,2025-06-23,1199.9999999999982,57481.54822571898,61990.893069502374,54401.23217554357,1311.543973952493,55712.776149496065,0.002501805997735505,0.08194765551617259,0.05174911603525616,0,316.95598613823097,126690.87308333332,59629.587083333325,56543.8086622235,3085.778421109828,6621.692791974145,21.646533333333423,80803.93209867165,22792.0228336452,18461.538495252615,1200.0000000000018,0.8048722222222222,1.8189894035458565e-12,1.4551915228366852e-11
174,2025-06-24,1200.0000000000018,57281.70476412253,82074.81594791607,55597.012624290684,20633.054820626254,76230.06744491693,0.03392713681150513,0.043021848178033416,0.006165230675129372,0,4312.574883380098,127112.84501666666,50844.05276666667,50530.58745290172,313.46531376494977,3442.322423493598,45.22771666666699,80013.35528981802,22400.644575120532,18144.522105847627,1200.0,0.8405347222222221,9.094947017729282e-13,0.0
175,2025-06-25,1200.0,61998.17643219188,84017.49806606738,58675.11895207387,1064.406684525951,59739.52563659982,0.0021467524918668385,0.08161704318139623,0.07491909676298054,0,271.15718405297645,126310.40843333333,55872.98706666667,51687.0333421823,4185.9537244843605,6999.296232597939,4.596733333333418,85757.77753969598,23166.666666666668,18765.0,1200.0,0.8163465277777777,9.094947017729282e-13,7.275957614183426e-11
176,2025-06-26,1200.0,55553.890046161425,62796.278025101776,53131.974993709606,2314.7472116427566,55446.722205352366,0.004301578792520734,0.06919046497353154,0.04836774983164872,0,544.9990440558076,126697.44536666665,59150.061533333326,56289.10615456243,2860.955378770894,5527.443181720244,0.0,79887.35418723864,23666.16230247361,19169.591465003625,1200.0,0.8059743055555556,2.7284841053187847e-12,1.4551915228366852e-11
177,2025-06-27,1200.0,25960.90584017275,33416.60987925735,20183.25834777977,142.04443941822112,20325.30278719799,0.0009063426609969078,0.11009935805952432,0.2455829385875702,0,72.11157225427553,79563.255,59791.60913333333,45107.81005948994,14683.7990738434,4619.267459648677,520.6839180687474,41955.44407399094,12800.838568514378,10368.67924049665,1200.0000000000023,0.6051201388888889,4.547473508864641e-13,0.0
178,2025-06-28,1200.0000000000023,18040.138026546112,19035.48439100354,17590.359085957807,1908.00386073254,19498.362946690348,0.006856212071685678,0.09202868538673419,0.16325804553937853,0,553.0328491525131,80661.5728,58884.64668333333,49271.25435353548,9613.392329797849,3434.859392751773,358.93794210263366,37323.79071066144,14172.14620260543,11479.438424110404,1199.9999999999982,0.6229888888888888,3.637978807091713e-12,1.4551915228366852e-11
179,2025-06-29,1199.9999999999982,62300.69222370407,68621.42387393075,63491.540233681466,1579.8312811555259,65071.37151483699,0.003162024761785367,0.13471563600448447,0.09383099027159933,0,399.63189467560704,126384.80871666667,57117.04018333333,51757.69174154843,5359.348441784898,12226.358434966913,14.068333333333385,90756.78813229903,22573.033071348218,18284.15678779205,1200.0000000000018,0.8118270833333334,9.094947017729282e-13,0.0
180,2025-06-30,1200.0000000000018,62360.804668714016,68686.97977805513,63117.78447857724,2624.1041217967595,65741.888600374,0.005274002522436666,0.14403510168468212,0.08737978189356417,0,664.2464864506394,125947.32058333333,56069.6366,51170.283983040594,4899.352616959402,13230.194487119452,20.30670000000009,91853.96012759896,23635.099087565286,19144.430260927886,1200.0,0.8101881944444445,2.2737367544323206e-13,0.0
181,2025-07-01,1200.0,60911.68246942018,81069.25179286073,62643.635306575845,20388.861939449358,83032.4972460252,0.03562237727668393,0.034395106173469456,0.06409191134606475,0,5042.235331023391,141546.85106666666,62680.30703333333,58663.00635180881,4017.3006815245185,2926.085457784264,0.0,85072.726422961,22658.060954433087,18353.0293730908,1200.0,0.8907618055555555,1.8189894035458565e-12,1.4551915228366852e-11
182,2025-07-02,1200.0,67934.89277764963,80102.98660607437,73207.57496072669,720.8733898040903,73928.44835053079,0.0016302048073246242,0.12336022905096374,0.12515579922005374,0,230.18273141259652,141198.65821666666,68293.89184999999,59746.515233665334,8547.376616334663,12083.477973746474,0.0,97952.784837603,24459.7190119358,19812.372399668,1200.0,0.8753215277777778,9.094947017729282e-13,1.4551915228366852e-11
183,2025-07-03,1200.0,63037.80371027412,78676.56414970623,64834.46430697769,14423.752310198975,79258.21661717666,0.01903756613349374,0.04553282799499235,0.017812832535545876,0,2695.0633039557465,141565.53863333334,61805.119699999996,60704.195452944536,1100.9242470554673,3929.9488130340374,0.0,86310.22903884311,22178.949207242233,17964.948857866206,1200.0000000000018,0.9014361111111112,9.094947017729282e-13,0.0
184,2025-07-04,1200.0000000000018,31236.930903215114,32383.538926945905,25393.119894864827,7988.165544436898,33381.285439301726,0.03023384501972411,0.036882448625152796,0.19979208339341886,0,2896.2531715397804,95795.06574999998,66914.19828333333,53545.27119970583,13368.927083627499,1612.8012323534147,198.2607032775486,43728.14963411972,13492.349051233505,10928.802731499134,1200.0000000000039,0.6903083333333333,2.2737367544323206e-12,3.637978807091713e-12
185,2025-07-05,1200.0000000000039,21975.08726893615,24411.841733475794,23802.111435394458,5843.6837181998235,29645.79515359428,0.014675033552525986,0.031099348069975583,0.1669130474809069,0,1406.937068933284,95872.83489999999,67082.75493333332,55885.76787399582,11196.987059337505,1334.8352512919591,122.69593406905142,42921.64736985778,15178.874881188873,12294.888653762988,1200.0000000000061,0.68431875,3.865352482534945e-12,3.637978807091713e-12
186,2025-07-06,1200.0000000000061,47951.37319787425,62709.419025370094,66402.52779366015,16235.56042603802,82638.08821969817,0.020413704270283575,0.06297996460533814,0.04053167709654606,0,2883.324976687092,141244.57465,61450.5931,58959.897503079555,2490.695596920441,5640.825488437253,34.628333333333444,89565.39629365146,23624.159482355397,19135.56918070787,1200.0,0.8986708333333334,9.094947017729282e-13,0.0
187,2025-07-07,1200.0,67468.72230734164,84982.47880073049,65805.5521125319,2014.4923868092824,67820.0444993412,0.0036256143602517274,0.0693165511192935,0.08416478917530434,0,513.0077329397183,141495.39415,68085.91138333332,62355.47500594663,5730.4363773867035,6185.134225608584,0.0,89230.26500502013,23253.786148936342,18835.566780638437,1200.0,0.8773902777777778,4.547473508864641e-13,2.9103830456733704e-11
188,2025-07-08,1200.0,76042.64260070394,96740.66220457286,73389.27421284912,443.52062817960103,73832.79484102872,0.0007252871082752577,0.13815703596478032,0.06851637420153882,0,102.47235373284337,141285.227,65713.83998333334,61211.36593281521,4502.474050518111,13524.063520276493,0.0,97889.06823192208,23124.294727335062,18730.678729141404,1200.0000000000018,0.8836034722222222,2.2737367544323206e-13,4.3655745685100555e-11
189,2025-07-09,1200.0000000000018,69977.12780025866,86390.78755587994,69442.97014082444,578.3768768822044,70021.34701770665,0.0009152317281520519,0.0907620641881579,0.09610287878763936,0,128.67307386875757,140590.70496666664,66531.97995,60138.06514536349,6393.914804636502,8464.063443254072,0.0,93255.51946138323,23513.10142470921,19045.612154014456,1200.0000000000018,0.8791770833333333,4.547473508864641e-13,8.731149137020111e-11
190,2025-07-10,1200.0000000000018,69025.87004893257,82324.61733232878,67514.53722910504,948.9245461046278,68463.46177520967,0.002070952808671264,0.08596942272526031,0.07667252106197321,0,290.89336733855225,140463.54225,67609.91886666667,62426.09593836387,5183.8229283028,7727.511069669634,0.0,89886.73908355867,23224.60562942876,18811.930559837296,1200.0000000000018,0.8775076388888888,9.094947017729282e-13,0.0
191,2025-07-11,1200.0000000000018,38291.00925768067,51700.83198635512,29698.817485730156,1688.6364366915038,31387.45392242166,0.004111555683451651,0.15206204432914236,0.1112529845670948,0,389.5332604674153,94741.0884,62222.31125,55299.89341677478,6922.4178332252195,7649.899786672284,936.7148708845416,50307.75313078043,14049.877634030523,11380.40088356472,1200.0000000000007,0.7069465277777778,4.547473508864641e-13,1.4551915228366852e-11
192,2025-07-12,1200.0000000000007,26617.153316647473,29966.272566920656,26408.24166408336,1154.3872808702913,27562.628944953653,0.004169132215379201,0.0706561275760754,0.13560568153521768,0,397.3948916704798,95318.37109999999,64234.12776666666,55523.61509304758,8710.512673619081,3260.0814625674684,297.8381819639052,46140.10949096158,16762.256479727752,13577.427748579476,1200.000000000001,0.6942819444444444,6.821210263296962e-13,7.275957614183426e-12
193,2025-07-13,1200.000000000001,65953.38375693657,84239.9877117719,63092.7678526761,509.8394167138561,63602.607269389955,0.0010014643079239052,0.09336111877752411,0.08165927364093738,0,140.09821344837667,139893.36648333335,70625.64608333333,64858.40712374641,5767.238959586914,8137.937827386346,0.0,87166.24151407968,21754.96073976216,17621.51819920735,1200.0000000000018,0.8542875,4.547473508864641e-13,1.4551915228366852e-11
194,2025-07-14,1200.0000000000018,63266.21562554965,71726.40707990418,63447.015683941376,998.0085855427675,64445.02426948414,0.0015248459593160202,0.06639795006005036,0.07502292792606305,0,215.09846643447202,141062.42346666666,69254.74424999999,64059.05056359431,5195.693686405679,5771.643487116186,0.0,86925.02527406806,22974.249212179042,18609.14186186503,1200.0000000000018,0.8722152777777779,4.547473508864641e-13,7.275957614183426e-11
195,2025-07-15,1200.0000000000018,69115.561539312,72730.04161699863,67058.39048952432,1596.074332636019,68654.46482216034,0.0033067595390352442,0.09291799931624227,0.08596182584497938,0,461.44229777422487,139545.16266666667,66796.11208333334,61054.196329304104,5741.9157540292235,8442.542009528235,0.0,90860.13551362013,23095.10244475558,18707.03298025202,1200.0000000000018,0.8721083333333334,1.0686562745831907e-11,4.3655745685100555e-11
196,2025-07-16,1200.0000000000018,65250.0405326781,79703.82593871225,65376.65110230962,2384.5892387513486,67761.24034106097,0.004128429117852504,0.06518031859869138,0.08779679255627405,0,579.4880487436474,140365.26538333332,68230.702,62240.265210537036,5990.436789462954,5704.1846578014065,0.0,87513.91187455671,22443.237330014083,18179.02223731141,1200.0,0.8758020833333333,2.2737367544323206e-13,0.0
197,2025-07-17,1200.0,64285.59546860574,77527.20052743345,64020.88970809797,4909.8039568046315,68930.6936649026,0.007582957181256114,0.07778190720663127,0.06578758885038401,0,1058.346958669431,139569.15928333334,66848.74321666667,62450.925582763695,4397.817633902963,6774.314034634039,0.0,87093.69926656282,22418.413105413645,18158.914615385052,1200.0,0.8748208333333334,4.547473508864641e-13,2.9103830456733704e-11
198,2025-07-18,1200.0,34705.857533661125,37194.571486607216,27950.023954532422,272.63703307319395,28222.660987605617,0.0008472716428318959,0.13507989135038836,0.11847007528199185,0,79.38772041034724,93698.0732,62423.8251,55028.469841013095,7395.355258986893,6581.2275319135,895.0045254902911,48721.00107663122,13971.333582373041,11316.780201722162,1200.0000000000018,0.6942027777777777,9.094947017729282e-13,0.0
199,2025-07-19,1200.0000000000018,27290.91290182458,30611.883018098906,27211.79568490941,200.27945447173425,27412.075139381144,0.0005691285248239104,0.09228766845555912,0.18195858931500755,0,53.81936713418963,94564.52240000002,67381.70335,55121.023662791675,12260.679687208318,4363.202222642052,645.327270607046,47278.27992255694,15158.268732809029,12278.197673575312,1200.000000000002,0.6802993055555555,1.8189894035458565e-12,1.4551915228366852e-11
200,2025-07-20,1200.000000000002,67499.34447827915,83587.56075725863,65335.66032532365,2434.394319963482,67770.05464528713,0.004595184558608232,0.09716050577451117,0.06793292606468221,0,637.5843332391596,138750.53876666666,66660.56055,62132.11361872657,4528.446931273421,8650.538432508005,0.0,89033.48499012615,23168.977594301177,18766.871851383956,1200.0,0.8676124999999999,4.547473508864641e-13,4.3655745685100555e-11
201,2025-07-21,1200.0,66999.41785266511,84866.1424736726,67427.1447068137,1413.9924493353242,68841.13715614902,0.002258158383482597,0.0891241731754202,0.06732501865781378,0,312.62581416434045,138442.8198,64453.070449999985,60113.766279400355,4339.304170599635,8064.9958828412,0.0,90491.67689855739,23211.859522531056,18801.606213250154,1200.0,0.8791791666666667,2.2737367544323206e-13,0.0
202,2025-07-22,1200.0,67419.35216810572,86634.98656093227,65345.474965128524,3135.6194233679807,68481.09438849651,0.004813405771840025,0.08979796296051132,0.05179903090745839,0,671.5416266855894,139514.85881666664,65719.71419999999,62315.49669292486,3404.2175070751314,7978.490848470836,0.0,88849.35231748386,22858.110378720135,18515.06940676331,1200.0,0.8751333333333333,9.094947017729282e-13,1.4551915228366852e-11
203,2025-07-23,1200.0,64090.902104933906,80361.23671754437,62993.210816025705,4380.481422829167,67373.69223885487,0.006721148821616653,0.06984922728348775,0.044380515916159054,0,937.2644293411,139450.03365,65233.48653333333,62338.39074597418,2895.095787359147,6030.185692560311,0.0,86331.45887335876,21720.498453230204,17593.60374711647,1200.0,0.8755840277777778,2.2737367544323206e-13,5.820766091346741e-11
204,2025-07-24,1200.0,65126.10974533117,68265.75120161299,64576.29288794256,3345.725293578712,67922.01818152127,0.005137578812490025,0.06571534711986904,0.07270573371147808,0,713.6210897215074,138902.21751666663,65285.74551666666,60539.09748797657,4746.6480286900905,5772.037539264594,0.0,87833.93518010373,23223.151062476532,18810.75236060599,1200.0,0.8774458333333334,4.547473508864641e-13,1.4551915228366852e-11
205,2025-07-25,1200.0,32138.81210661179,40017.657472354455,26032.93400654903,395.94995504972826,26428.883961598756,0.0016050615753401033,0.10254443229260772,0.16864963918888143,0,148.23520447241367,92354.83968333332,65849.52011666667,54744.02230822985,11105.497808436823,4645.761569243645,669.5402245077507,45304.86410015018,13299.89545140901,10772.915315641298,1200.0000000000027,0.67696875,4.547473508864641e-13,0.0
206,2025-07-26,1200.0000000000027,26935.45822688564,32262.822431292025,25745.55479319113,1011.6049022822892,26757.15969547342,0.0045169314134654,0.08688638503385564,0.14993852473344055,0,420.92240400814666,93187.68993333331,64718.598366666665,55014.7872047526,9703.811161914055,3870.822313338494,384.5015868148762,44550.38970524797,13384.660423800153,10841.574943278123,1200.0000000000043,0.6880090277777778,2.7284841053187847e-12,1.0913936421275139e-11
207,2025-07-27,1200.0000000000043,59200.158106784314,66840.11687490252,60989.106687529296,7528.579294205194,68517.6859817345,0.011888145710050117,0.06339611001097871,0.0312161584952685,0,1641.8741374598887,138110.19628333332,64425.00648333333,62413.90526989089,2011.101213442434,5289.047687457414,0.0,83428.58397055397,21500.628458494833,17415.50905138082,1200.0,0.87713125,1.2505552149377763e-12,0.0
208,2025-07-28,1200.0,68422.60417592234,88041.79376357148,66397.68003958261,4459.125071266419,70856.80511084903,0.00699091094022652,0.06631563143088043,0.038307575489393286,0,966.3466174041445,138228.99843333333,60274.121199999994,57965.16575207416,2308.95544792584,5939.081510981092,0.0,89557.79177298927,22743.285253437636,18422.06105528448,1200.0000000000018,0.8862368055555556,4.547473508864641e-13,0.0
209,2025-07-29,1200.0000000000018,69694.3977527466,84755.91819065785,70529.68260061159,1043.371639321036,71573.05423993262,0.0016160673240549258,0.1129635584909635,0.07056916875105389,0,223.5259400180306,138314.74511666666,62245.49916666666,57852.88603198058,4392.613134686084,10802.176171445588,0.0,95625.3177196937,24130.570545158283,19545.762141578212,1200.0,0.8846277777777778,4.547473508864641e-13,1.4551915228366852e-11
210,2025-07-30,1200.0,66868.7891220151,81099.7078179018,65401.580637548264,1617.1843518180142,67018.76498936627,0.0026339147173381136,0.07269651544697882,0.05560263182305206,0,364.5979707191312,138424.36443333334,64321.11038333333,60744.687364238955,3576.423019094374,6392.614518384953,0.0,87935.63871775125,22252.342636795114,18024.397535804044,1200.0,0.8796965277777778,2.2737367544323206e-13,1.4551915228366852e-11
211,2025-07-31,1200.0,73082.54528407412,87897.78451166405,67772.69461789448,889.7116617880964,68662.40627968257,0.0014619730219496002,0.09614119728152239,0.061551997307067265,0,200.9091772406831,137423.31371666666,62728.31745,58867.26422324074,3861.0532267592607,8810.104116920375,0.0,91637.13752307941,23536.27942091466,19064.386330940877,1200.0,0.8814312499999999,2.2737367544323206e-13,2.9103830456733704e-11
212,2025-08-01,1200.0,26283.01460636669,32162.002631021227,25342.962919402802,599.3828805861265,25942.34579998893,0.002735687445691634,0.08467334366777124,0.2335342190292142,0,253.65136448212832,92719.4241,71468.06443333333,54777.82582036527,16690.23861296806,3777.7715939615755,469.5017599038405,44615.83103159641,14108.47769778105,11427.866935202652,1200.0000000000023,0.6663972222222222,1.8189894035458565e-12,3.637978807091713e-12
213,2025-08-02,1200.0000000000023,26667.66419081195,32154.353665888615,25261.08360361527,302.9943152242283,25564.077918839495,0.001006023868963602,0.09281555892178416,0.2226295369594293,0,92.11380317784119,91562.24421666667,70635.21928333332,54909.73312125708,15725.48616207625,4188.184275559464,903.9892151267665,45123.73059229062,18269.26215459293,14798.10234522027,1200.0000000000005,0.6621874999999999,4.547473508864641e-13,7.275957614183426e-12
214,2025-08-03,1200.0000000000005,59907.47368340668,72346.96298829505,57685.3310400894,2848.9476471536773,60534.27868724307,0.0040329063904155004,0.07361651796941046,0.12023268261629769,0,556.7930826709865,138062.48614999998,75223.00616666666,66178.74234078602,9044.263825880636,6005.62227045122,0.0,81579.81980276096,22353.93055666718,18106.683750900407,1200.0000000000036,0.83336875,1.8189894035458565e-12,7.275957614183426e-12
215,2025-08-04,1200.0000000000036,52948.78109564588,54350.843298550404,53737.56203675155,5858.8485257436105,59596.41056249516,0.009699195460530458,0.04632440876743582,0.03868018888602277,0,1341.516159865843,138312.10695,72896.45186666667,70076.80333934313,2819.6485273235344,3437.964894325879,0.0,74214.97620370341,20438.02030835006,16554.79644976355,1199.9999999999982,0.8447847222222222,1.8189894035458565e-12,1.4551915228366852e-11
216,2025-08-05,1199.9999999999982,55722.97694770041,66404.7628650217,57145.75456084172,1470.1231071030159,58615.87766794473,0.0024797413810472443,0.07130188508715563,0.0694925205454708,0,338.3817825090046,136458.49728333333,71306.18755,66350.94084666243,4955.246703337569,5663.740943768222,0.0,79433.25673430887,21054.427033572403,17054.085897193647,1199.9999999999982,0.8445958333333334,1.8189894035458565e-12,2.9103830456733704e-11
217,2025-08-06,1199.9999999999982,54353.65455146504,59460.17505100649,56077.70016575829,11093.699371007116,67171.3995367654,0.016975617990667453,0.046634939048962896,0.06069621232400953,0,2320.840079671351,136716.08779999998,68601.68853333333,64437.825880328564,4163.8626530047695,3618.23960381556,0.0,77586.45508288758,21109.440205641804,17098.646566569856,1200.0,0.8577486111111111,2.7284841053187847e-12,1.4551915228366852e-11
218,2025-08-07,1200.0,56575.880520153805,58603.98763917215,55267.65999474999,2373.323940446927,57640.98393519692,0.004214598018945114,0.06264685747521567,0.08168616224803403,0,576.7709186663575,136850.75446666667,73462.76921666667,67461.87753124416,6000.891685422514,4863.306297332207,0.0,77630.49087109,20816.202931587584,16861.124374585946,1200.0000000000018,0.8411048611111112,1.8189894035458565e-12,7.275957614183426e-12
219,2025-08-08,1200.0000000000018,29325.54521260921,30967.38160027468,22886.875786551464,771.4689695870795,23658.344756138544,0.002429620998776851,0.06792842817089445,0.26889275169960747,0,220.37443853364823,90703.21611666666,74928.04486666666,54780.436702997016,20147.608163669647,2816.109644448543,441.9747844513995,41457.011744240124,13139.591264232564,10643.068924028377,1200.0,0.6379520833333333,2.2737367544323206e-13,0.0
220,2025-08-09,1200.0,22755.236835328873,23973.64847668393,22527.462472432428,2654.604408094631,25182.066880527058,0.008410850936141844,0.03977679303234183,0.24490321882787194,0,759.532067811683,90303.83174999998,71381.90275,53900.24500046687,17481.657749533122,1624.3536825768551,513.9784899360008,40836.71806462932,16075.427423131709,13021.096212736686,1200.0,0.6529750000000001,1.9326762412674725e-12,7.275957614183426e-12
221,2025-08-10,1200.0,54351.64677370896,56612.586481715,55866.941078454285,2671.259332056889,58538.20041051118,0.00435738948699289,0.04864335280763639,0.057078160515506626,0,594.9381114103022,136535.44471666665,71230.82566666667,67165.1011656126,4065.7245010540696,3721.714146587711,0.0,76510.23072577862,21121.637576563866,17108.526437016724,1200.0000000000055,0.8486909722222223,6.366462912410498e-12,7.275957614183426e-12
222,2025-08-11,1200.0000000000055,54262.21440816311,57131.92696724563,53520.97841670753,3695.6352048873478,57216.61362159487,0.005917702355195302,0.05497443832088937,0.056095207027410526,0,807.3063501136525,136422.26351666666,71861.01018333333,67829.95193990039,4031.0582434329394,4163.685704364667,0.0,75738.57653735291,19946.766349134927,16156.880742799296,1200.0000000000018,0.8396298611111112,2.7284841053187847e-12,7.275957614183426e-12
223,2025-08-12,1200.0000000000018,53034.47324269832,55946.538154691676,54375.696019860654,9137.713221220858,63513.409241081514,0.013984328768239114,0.03366532948837273,0.03239302789639267,0,1910.7850743548638,136637.5967,68877.05305,66645.91674913003,2231.136300869968,2502.8737048663243,0.0,74345.73618923771,19799.82951503298,16037.861907176695,1200.00000000002,0.8573708333333333,1.7280399333685637e-11,1.4551915228366852e-11
224,2025-08-13,1200.00000000002,56497.11431828485,59449.395755968086,55941.28863129714,2851.271786585552,58792.56041788269,0.0049377749970159635,0.0601114141264863,0.050938233185233356,0,674.2432863844695,136547.99718333333,70427.01773333334,66839.58988149223,3587.4278518410983,4667.587309044242,0.0,77648.93534566855,20774.652742987964,16827.46872182027,1200.0,0.8531652777777778,4.547473508864641e-13,1.4551915228366852e-11
225,2025-08-14,1200.0,56263.68804776114,58190.38991377787,55053.87161231311,4426.951922164293,59480.8235344774,0.006434536542567278,0.0516460579846683,0.05126784702721586,0,874.6855157092652,135936.05536666664,70009.76438333333,66420.51449251716,3589.2498908161583,3952.0252714575167,0.0,76521.33436071189,20676.07226744287,16747.618536628728,1199.9999999999982,0.8501201388888889,9.663381206337363e-12,1.4551915228366852e-11
226,2025-08-15,1199.9999999999982,27884.3427199181,30320.28545582297,23001.526376550784,1439.5121575880655,24441.03853413885,0.004960558444035046,0.04966161562917771,0.2665599485959518,0,446.29180864787116,89968.05776666666,72808.33088333334,53400.54594571494,19407.784937618384,2035.8410167768616,300.8981517163089,40994.256650416806,13348.934050630438,10812.636581010654,1200.0000000000005,0.6512152777777778,2.6147972675971687e-12,7.275957614183426e-12
227,2025-08-16,1200.0000000000005,23258.81681616002,24352.71740905227,23482.69879382944,1488.753425790327,24971.45221961977,0.0036238111707339923,0.05245921994754242,0.2687954373962046,0,326.808084698558,90183.53034999999,73254.24998333334,53563.84181793233,19690.408165401,2185.398294831187,463.59305235565273,41658.99334790942,14300.639754491942,11583.518201138473,1200.0000000000007,0.6473409722222221,9.094947017729282e-13,7.275957614183426e-12
228,2025-08-17,1200.0000000000007,55876.99464603808,59450.933294461516,54799.50817267262,2498.581230463622,57298.08940313624,0.0038697388616737594,0.060515180171453034,0.0683905900581532,0,523.8431307904925,135369.1165,72203.72288333334,67265.66767094679,4938.0552123865455,4603.879642571104,0.0,76078.09527340552,20497.94701353528,16603.337080963574,1200.0,0.8399,2.05773176276125e-11,7.275957614183426e-12
229,2025-08-18,1200.0,54874.942727635134,57486.781340707945,54422.25536508109,4331.875977337302,58754.13134241839,0.00643948715170749,0.0679446823148623,0.03925044634595487,0,873.9039264439534,135710.17471666663,71316.0591,68516.8719486905,2799.1871513094966,5109.386661829708,0.0,75199.21335642296,19844.357121374054,16073.929268313,1199.9999999999836,0.8475611111111111,1.8189894035458565e-11,1.4551915228366852e-11
230,2025-08-19,1199.9999999999836,56040.273837859626,58588.23919931643,55516.0660221736,3091.519499388485,58607.58552156209,0.005105807446502951,0.04976668780089393,0.0762762280475834,0,691.1449846977446,135364.48288333332,71046.82283333334,65627.63917284174,5419.183660491589,3823.387356371809,0.0,76826.23709394483,20827.110588311356,16869.95957653218,1200.0000000000036,0.8429152777777777,4.092726157978177e-12,1.3500311979441904e-12
231,2025-08-20,1200.0000000000036,53940.291768452815,58440.49368082134,55607.452494493584,13228.845577429347,68836.29807192294,0.025550061493500642,0.049097324056105326,0.013100989089049594,0,3450.4860757609085,135048.05366666667,64397.36259999999,63553.69345521383,843.6691447861704,3721.988963898868,0.0,75808.38743157597,21276.443852553602,17233.91952056842,1200.0,0.866348611111111,1.1368683772161603e-12,7.275957614183426e-11
232,2025-08-21,1200.0,63201.089487899895,67683.18474883228,62541.59084015318,1278.7699443472477,63820.36078450042,0.0022699331764055924,0.10981906465454012,0.11289039279965533,0,306.3769642022538,134971.7989,69127.38041666667,61323.56328821796,7803.817128448702,9595.290590130286,0.0,87373.63244090969,23349.911595787467,18913.428392587848,1200.0,0.8472069444444443,1.7053025658242404e-12,2.9103830456733704e-11
233,2025-08-22,1200.0,27759.49537792984,29721.96093964865,23289.458348658984,3515.276319437432,26804.734668096415,0.011314103576515005,0.03700791878541755,0.2409904830482009,0,1024.2853747067322,90531.7304,69301.161,52600.24073480886,16700.92026519114,1528.3318329489418,270.7006420617481,41297.42722930854,13637.844546386543,11046.6540825731,1199.9999999999986,0.6604708333333333,4.092726157978177e-12,3.637978807091713e-12
234,2025-08-23,1199.9999999999986,23675.35297274714,25853.34741201914,24027.89035294017,364.43580758978624,24392.326160529956,0.0013881365741272823,0.06515928676418621,0.21942810380326422,0,124.5118892813332,89697.14623333333,67167.14008333333,52428.78189695928,14738.358186374055,2822.0191319524974,441.5853532098437,43309.54606924237,15274.153352564806,12372.064215577495,1199.999999999999,0.6591965277777778,5.343281372915953e-12,7.275957614183426e-12
235,2025-08-24,1199.999999999999,55397.41486909046,60846.37077614357,56593.78338211499,1915.0345576394175,58508.81793975441,0.0032352016739983164,0.0717220742510388,0.08457678710943765,0,436.9724506970041,135068.0714,71334.48191666666,65301.24062603872,6033.241290627946,5675.82294749163,0.0,79136.34688848145,21740.34535645029,17609.679738724735,1200.0000000000036,0.8410215277777777,1.8189894035458565e-12,0.0
236,2025-08-25,1200.0000000000036,56054.85202801884,60001.1485637265,56927.3435617261,7579.732400368433,64507.07596209453,0.013613620603913832,0.041116123221157805,0.034431488544005594,0,1831.190076412699,134511.61375,63738.52673333333,61543.91438030277,2194.612353030561,3230.366948862701,0.0,78566.91477177979,22105.465945434615,17905.42741580204,1200.0000000000055,0.8601569444444443,3.637978807091713e-12,7.275957614183426e-12
237,2025-08-26,1200.0000000000055,62442.92719535617,66752.55389849877,60944.33030235469,706.7761127489956,61651.106415103684,0.0013023915547843855,0.10535453081430002,0.10637986967739424,0,175.00100385190103,134368.96393333335,68840.14555,61516.93983781815,7323.205712181852,9082.041290652523,0.0,86204.56301647538,23397.361232418898,18951.862598259315,1199.9999999999945,0.8444180555555555,5.229594535194337e-12,2.9103830456733704e-11
238,2025-08-27,1199.9999999999945,57193.01369919644,60327.01788901954,56750.48537575497,1955.610326555784,58706.095702310755,0.0032966803815944416,0.05202804178906281,0.05527242194020639,0,441.0575345543309,133788.3821,65874.23323333333,62233.20481907297,3641.028414260366,4136.609642035442,0.0,79507.30990042814,22403.055326420963,18146.474814400975,1200.0,0.8533875,2.2737367544323206e-13,1.4551915228366852e-11
239,2025-08-28,1200.0,61650.268067012905,64793.4339792347,59443.94333036596,9584.878262295319,69028.82159266128,0.014376570399286373,0.06569728235782406,0.05824506931707445,0,1934.2786506593552,134543.81656666665,63776.021583333335,60061.38278544485,3714.638797888486,5406.00194870861,0.0,82286.53841820285,22802.007047009378,18469.625708077598,1200.0000000000018,0.863504861111111,2.5011104298755527e-12,0.0
240,2025-08-29,1200.0000000000018,25504.68028504267,26458.771564226958,24636.106038922364,863.6391585958088,25499.745197518172,0.001917540102941893,0.08635208526116891,0.224123907335256,0,169.37311989061274,88328.33254999999,65773.1122,51031.7852961358,14741.326903864197,3825.885713827739,621.7166658802387,44305.65518199681,14373.045622711841,11642.166954396595,1200.0,0.6645076388888889,3.979039320256561e-12,3.637978807091713e-12
241,2025-08-30,1200.0,23717.891854808335,25758.22951899347,24329.794924920694,1254.7579833255613,25584.552908246256,0.004404306896381855,0.0507839097699947,0.279345343680911,0,392.09380719427355,89025.08758333331,70512.36774999999,50815.066147121455,19697.301602878535,2206.047880680542,403.7490536750976,43439.89839836966,15853.546499981203,12841.372664984774,1200.0,0.6546625,1.8189894035458565e-12,0.0
242,2025-08-31,1200.0,57693.571798732446,60309.50185905172,55597.19063388586,2198.9111891813413,57796.101823067205,0.0045800434643312425,0.04958234780412378,0.0569002461591208,0,610.8191446728426,133365.35983333332,66718.73675,62922.42420549942,3796.312544500579,3856.9980544929776,0.0,77789.74222298102,21582.250975405117,17481.62329007814,1200.0000000000036,0.846538888888889,9.094947017729282e-13,2.1827872842550278e-11
243,2025-09-01,1200.0000000000036,56816.60671795006,60990.10131533593,51115.325976651606,182.96398318478947,51298.289959836395,0.000645596350693921,0.18123111051401894,0.10346871219573218,0,78.28735007049704,121263.61926666666,67689.48473333333,60685.740918782656,7003.743814550674,14387.73339626827,332.86307201860086,79388.87178620098,21940.443790003217,17771.75946990261,1200.0,0.7517326388888889,2.0463630789890885e-12,7.275957614183426e-12
244,2025-09-02,1200.0,40686.700266008884,44974.53079961687,40184.823642332696,7684.567602282845,47869.391244615545,0.011258199876278307,0.0781933122021555,0.06663271329905292,0,1368.240825809283,121532.82414999999,67475.0683,62979.02141913208,4496.046880867914,5198.75640458087,0.0,66485.94692011985,21587.51900252814,17485.890392047782,1200.0000000000114,0.7539930555555555,1.0913936421275139e-11,7.275957614183426e-12
245,2025-09-03,1200.0000000000114,42388.80699441745,44266.37855193791,43076.51815921806,2692.542207633302,45769.060366851365,0.004690135221974637,0.04930280970572445,0.06966601381035595,0,569.5405505792569,121433.71643333332,65885.99918333333,61295.98425431813,4590.0149290152,3310.084380470884,180.2914333792212,67137.84468325254,21469.88021561318,17390.60297464668,1200.0000000000027,0.7609944444444445,3.410605131648481e-12,2.1827872842550278e-11
246,2025-09-04,1200.0000000000027,42862.00768960103,46270.4993230175,41895.60270668586,3422.193305958851,45317.79601264471,0.006226989279896445,0.04784486618537405,0.07302226325345933,0,753.8466266902552,121061.17303333333,67135.60748333333,62233.213480004444,4902.39400332888,3139.3926049411925,324.39489434513973,65616.08078864039,21464.107172186486,17385.926809471057,1200.0000000000014,0.7569979166666667,2.7284841053187847e-12,7.275957614183426e-12
247,2025-09-05,1200.0000000000014,24958.22241259791,25504.971964961183,19865.423459794347,0.0,19865.423459794347,0.0,0.18916915525096345,0.31636170669641167,0,0.0,75132.98045,68308.71878333332,46698.45592679277,21610.26285654056,7864.527980221185,1888.3085471408704,41574.05032436508,17824.680388398923,14437.991114603126,1200.0000000000005,0.5586402777777777,2.7284841053187847e-12,3.637978807091713e-12
248,2025-09-06,1200.0000000000005,19150.195096298557,20462.98987375522,17249.43793981299,2800.9837082879967,20050.421648100986,0.011598310891537383,0.11537053934285485,0.30156814494248607,0,879.4578613630388,75826.37416666666,68105.29046666666,47566.90435986481,20538.386106801845,4116.032051750237,1528.9950718606015,35676.6300582017,13955.742048168704,11304.15105901665,1200.0000000000002,0.5657111111111112,1.2505552149377763e-12,1.4551915228366852e-11
249,2025-09-07,1200.0000000000002,29014.75930533479,33159.114919487605,40796.094980896785,4998.43659377855,45794.53157467533,0.013961185643057464,0.039557590658497066,0.05627857801439299,0,1686.246089270167,120781.00903333332,65820.02541666667,62115.76798134546,3704.257435321205,2545.73039170136,472.78083830688456,64355.04158174839,22934.39678432867,18576.86139530623,1199.9999999999932,0.7593138888888888,2.4783730623312294e-11,1.4551915228366852e-11
250,2025-09-08,1199.9999999999932,40070.03004933304,44583.481772482766,41184.80087610088,16766.74471008584,57951.54558618672,0.028968973266072263,0.04196562864418786,0.06252214045229991,0,3516.850516686568,121400.59243333332,62005.022899999996,58128.33614949812,3876.6867505018718,2809.4657282767703,19.516407974507956,66946.82813159465,22960.211727340735,18597.771499145987,1200.0000000000005,0.7735236111111111,4.547473508864641e-13,7.275957614183426e-12
251,2025-09-09,1200.0000000000005,45040.75111259165,54532.96064065302,44647.51510320358,7461.440689552269,52108.95579275585,0.010420518123847256,0.09546494028687542,0.14053710297335126,0,1261.739630372068,121082.23558333333,67979.40131666667,58425.77319375951,9553.628122907154,6927.720409680691,0.0,72568.21602635118,22346.172934045964,18100.400076577233,1200.0000000000016,0.7518833333333333,1.8189894035458565e-12,2.1827872842550278e-11
252,2025-09-10,1200.0000000000016,45895.06656844223,52234.89862649916,45796.86550834249,8839.167365546262,54636.03287388875,0.016911197914518217,0.07698560670819816,0.006820242316239785,0,2050.9019500829845,121274.78848333332,59958.78983333333,59549.85635768151,408.9334756518278,5357.638172799273,385.04032585455343,69592.72521039625,21979.034400913606,17803.017864740024,1199.9999999999973,0.7818236111111112,1.8189894035458565e-12,0.0
253,2025-09-11,1199.9999999999973,49209.77368735899,57703.017169846295,46903.90697288969,710.1326128894052,47614.03958577909,0.0014949867819364544,0.11167322691122072,0.12474953033326337,0,180.51483759466083,120746.77835,67250.69256666666,58861.20025438831,8389.492312278353,8345.898843838062,328.0139784770138,74735.00206520388,22926.45255195671,18570.426567084935,1200.0000000000018,0.7530638888888889,1.8189894035458565e-12,1.4551915228366852e-11
254,2025-09-12,1200.0000000000018,19572.506607607647,25827.443290716976,15417.903192871014,1471.363824292396,16889.26701716341,0.006783622981813812,0.05454449371052542,0.27053885817654094,0,513.4336132983815,75687.22711666666,64135.570916666664,46784.4067923711,17351.164124295567,1839.3384384800784,703.0142928021951,33721.798725306384,14684.52254224698,11894.463259220056,1200.0,0.5750854166666666,4.547473508864641e-13,3.637978807091713e-12
255,2025-09-13,1200.0,16570.33192307319,21170.151515451704,16733.745902817587,322.96031089825755,17056.706213715846,0.0014028327385709836,0.08143082436505295,0.3138152536768179,0,105.30165187050414,75063.58311666666,67056.48163333333,46013.13483889395,21043.346794439378,2942.9797712873237,1038.5231199071466,36140.856908116235,16916.881005366085,13702.673614346524,1200.0000000000023,0.5665159722222222,1.1368683772161603e-13,0.0
256,2025-09-14,1200.0000000000023,33155.42505485647,37726.261671628956,46508.25016900654,3362.6884347088567,49870.938603715396,0.008230353897682782,0.053174902655802894,0.05821805135012053,0,997.8291410762288,121237.69566666667,61138.37091666666,57579.014099177446,3559.3568174892152,3804.4508352978255,427.33632983198356,71545.98589345328,24491.296325844687,19837.950023934194,1200.000000000005,0.7759062499999999,4.547473508864641e-13,1.4551915228366852e-11
257,2025-09-15,1200.000000000005,44962.16235652311,57487.89975483786,45621.366323969574,5965.9410363972365,51587.30736036681,0.011303512207754314,0.09008716025123,0.10909823499819055,0,1365.012471995034,120760.02988333334,65692.99925,58526.00898008754,7166.990269912455,6541.290394418924,388.4078409068313,72610.68476547537,25326.20052052025,20514.22242162141,1200.0,0.761726388888889,2.2737367544323206e-13,7.275957614183426e-12
258,2025-09-16,1200.0,47185.16876893316,54536.35773811871,45369.06534748983,3251.363807500271,48620.429154990095,0.009566946979362115,0.03975821701195066,0.06894223564357853,0,1165.6689406710652,121843.35746666667,62351.58748333332,58052.92964630616,4298.657837027167,2776.625971020787,293.9151246408684,69837.78900814841,21802.57385682795,17660.084824030633,1200.0000000000045,0.7779465277777776,9.094947017729282e-13,0.0
259,2025-09-17,1200.0000000000045,45475.369503518654,54249.44999477425,45258.65835579531,2546.96304622147,47805.62140201678,0.0051995841755940716,0.059092439613618084,0.04149841619631572,0,628.758650518957,120924.79499999998,60964.6766,58434.7390771794,2529.93752282059,4161.626193040393,268.9949143753877,70425.69608314717,21756.72475489347,17622.947051463714,1200.0000000000027,0.778054861111111,1.8189894035458565e-12,0.0
260,2025-09-18,1200.0000000000027,48270.10819932942,56959.20993252362,46066.41905523199,1375.39498584705,47441.814041079044,0.0025298763957365546,0.08038241541832286,0.04748290246638189,0,305.61948250384194,120804.11636666665,61848.06525,58911.339599999825,2936.725650000173,5780.98827741213,379.79859325771577,71918.56884776289,21950.656278579092,17780.031585649063,1200.0,0.7698256944444445,1.3642420526593924e-12,2.1827872842550278e-11
261,2025-09-19,1200.0,21403.250033629127,25514.896199329254,16703.33964429582,728.9507225423325,17432.29036683815,0.0034306268473166773,0.07151212173494453,0.22757609034233006,0,258.28203731387265,75287.12646666667,59185.77414999999,45716.50706505885,13469.26708494114,2558.817709546178,988.0652803727551,35781.594049611405,15380.914186308066,12458.54049090953,1200.0,0.5932520833333333,9.094947017729282e-13,0.0
262,2025-09-20,1200.0,16417.25982672426,18847.31456228896,15760.677473170788,1140.395760431235,16901.073233602023,0.003799278915584534,0.06431641516187685,0.23145347406092504,0,286.20244519296455,75330.72763333333,59685.2939,45870.925276497655,13814.368623502336,2287.666820099495,702.3101579842826,35568.9416821772,17922.97259184589,14517.60779939517,1200.0,0.5874611111111112,2.2737367544323206e-13,0.0
263,2025-09-21,1200.0,37555.806305200604,41256.415849260724,51711.17613394634,757.2294393030567,52468.405573249394,0.0025306104678405445,0.08696701147088289,0.11912881101409052,0,305.85535848472944,120862.28298333334,62574.7955,55120.334512635134,7454.460987364862,6781.0603122902,573.2764977532013,77972.78758464113,27275.56664412772,22093.208981743457,1200.0,0.7738493055555556,9.094947017729282e-13,2.9103830456733704e-11
264,2025-09-22,1200.0,46951.18161989692,55090.064103164674,46246.12392453145,3572.038623261202,49818.16254779265,0.007450419526627867,0.04541409047891694,0.056239369045669674,0,903.1252651096182,121218.04173333332,60604.02184999999,57195.68989952601,3408.331950473978,3213.6930906633065,354.7790727279046,70764.22882795006,21455.421557164005,17378.891461302846,1199.9999999999982,0.7821659722222223,9.094947017729282e-13,0.0
265,2025-09-23,1199.9999999999982,52265.641101364,61185.90287263531,48458.910194698525,1910.1503569606775,50369.060551659204,0.003616331083435336,0.07103629480411375,0.05193219809364323,0,438.235250747339,121182.28133333333,59065.66575,55998.25589573808,3067.409854261918,5288.671114680901,295.84720282225,74450.26699752126,21683.99206931683,17564.03357614663,1199.9999999999989,0.7817520833333333,9.094947017729282e-13,1.4551915228366852e-11
266,2025-09-24,1199.9999999999989,48088.42669047138,56800.52365197325,47438.81407202909,1964.7303868813597,49403.54445891045,0.004464612691674556,0.06077162673809722,0.055965294320516785,0,540.2815038008094,121014.19341666665,59950.968316666665,56595.794730024434,3355.173586642227,4433.943121620401,417.87106731980566,72960.74434092447,22267.4366796992,18036.623710556356,1200.0000000000018,0.7761097222222222,4.547473508864641e-13,0.0
267,2025-09-25,1200.0000000000018,47063.959062767615,50245.987804629614,46849.032858349026,2000.2496787456187,48849.282537094645,0.003931311789582957,0.05654220133874803,0.05880028810270595,0,473.9052757419549,120546.34714999999,60210.89825,56670.48008597728,3540.4181640227134,4068.9513793730566,379.65646387681954,71963.08744676746,21644.830606509582,17532.312791272765,1200.0000000000005,0.7776076388888888,4.547473508864641e-13,7.275957614183426e-12
268,2025-09-26,1200.0000000000005,22386.39139476447,26095.17638592161,16211.552520198358,462.2019372555168,16673.754457453873,0.0024386745835569407,0.07240804438663768,0.20973450360712315,0,180.93588465226844,74194.35371666666,56500.11021666666,44650.08764662633,11850.02257004033,2595.6221186875023,824.7888669869815,35847.15124783156,16123.210930363244,13059.80085359423,1199.9999999999995,0.5928138888888889,4.547473508864641e-13,0.0
269,2025-09-27,1199.9999999999995,18834.844504890472,21666.76744694632,17186.754059636296,1966.3359619805033,19153.0900216168,0.007715356876427322,0.058860074303394516,0.22676340835665423,0,585.9487323069424,75945.77175,58144.46949999999,44959.43141909047,13185.038080909526,2146.036285338676,801.0811957152513,36459.96561738815,16381.350198587585,13268.893660855942,1199.9999999999995,0.5996840277777777,1.8189894035458565e-12,1.8189894035458565e-12
270,2025-09-28,1199.9999999999995,50949.94831326678,56306.86872368336,50055.28671825476,892.1415341531446,50947.42825240791,0.001946016371937493,0.07148624445466632,0.04217722161975686,0,234.2801707204933,120389.61958333333,56901.99041666666,54502.02255625764,2399.9678604090304,5417.408570910646,378.8948257332862,75782.53148192931,22804.79594173779,18471.88471280761,1200.0,0.7893881944444444,1.3642420526593924e-12,7.275957614183426e-12
271,2025-09-29,1200.0,52019.31381382547,58798.96331296397,51455.118884472366,861.7498911024384,52316.8687755748,0.0020930884218061828,0.07529797705516306,0.07981903387458007,0,253.49690006644596,121111.4148,58351.523199999996,53693.960993065855,4657.562206934144,5852.973479912426,237.8095934231709,77730.81972208306,23558.314430946193,19082.23468906642,1200.0,0.7877583333333333,4.547473508864641e-13,2.1827872842550278e-11
272,2025-09-30,1200.0,50710.16113366767,61864.92448632828,50722.319026732286,834.9214994995677,51557.24052623186,0.0015735082184705025,0.0700524426245097,0.03101007345988989,0,190.2630357957192,120916.45506666665,55494.2803,53773.39859129328,1720.8817087067202,5404.736929304479,446.69922321151637,77152.72625502267,22886.8245417317,18538.32787880268,1200.0000000000018,0.7938243055555556,2.2737367544323206e-13,1.4551915228366852e-11
273,2025-10-01,1200.0000000000018,49489.96158016468,59375.94031896075,48495.01946375852,216.33090803503922,48711.35037179356,0.0005571375269402846,0.1553546537660054,0.15296751587174065,0,65.3067999726054,117218.45471666666,67556.93318333334,57222.91693436566,10334.016248967666,12106.396739740603,1065.1720913014562,77927.4804215084,25398.31899019979,20572.638382061832,1200.0000000000014,0.7381555555555556,9.43600753089413e-12,7.275957614183426e-12
274,2025-10-02,1200.0000000000014,44709.5356159061,51319.236287498105,43967.074694269344,35.3525884636737,44002.42728273302,0.00012628210023710846,0.12063792876776452,0.09484246799102944,0,14.804266525826506,117231.70978333332,65500.92666666665,59288.657125900565,6212.2695407660985,8625.564314186573,784.7872438062177,71499.60549133198,21900.02917069606,17739.023628263807,1200.0000000000007,0.7419722222222223,2.2737367544323206e-13,2.9103830456733704e-11
275,2025-10-03,1200.0000000000007,43065.91510972772,50281.48723420821,30924.213639155074,0.0,30924.213639155074,0.0,0.410381775785458,0.3457192938110801,0,0.0,71524.19113333334,63707.03743333333,41682.28544108529,22024.751992248042,27323.4451334002,5352.8731097942355,66580.55192900312,21380.67365031923,17318.345656758578,1199.9999999999995,0.5579645833333333,4.433786671143025e-12,2.1827872842550278e-11
276,2025-10-04,1199.9999999999995,15717.247328302503,19929.177701689965,14584.271079063823,1025.9094219289095,15610.180500992732,0.0046326649258775976,0.06975619072327319,0.2506816650548104,0,335.3929644225938,72397.41483333333,59301.43239999999,44435.650585832715,14865.781814167276,2391.709832645608,1076.964094161704,34286.703557733796,16798.201830781436,13606.54348293296,1200.0000000000039,0.5858305555555555,9.094947017729282e-13,0.0
277,2025-10-05,1200.0000000000039,45284.28059119337,53260.2228041413,43856.869668813146,663.0431440552676,44519.91281286842,0.002509108370037565,0.06806850161893457,0.08735531399741833,0,295.08223683361075,117604.4209,62868.45983333333,57376.56578405842,5491.894049274915,4756.2618310098715,763.6561834312024,69874.63684211354,23273.399729286873,18851.453780722375,1200.000000000001,0.752561111111111,9.094947017729282e-13,2.1827872842550278e-11
278,2025-10-06,1200.000000000001,45543.521788168015,54393.479917086945,43946.02944440888,315.3409066282309,44261.37035103711,0.0006117020579606753,0.051888599628980105,0.05975258552945495,0,72.11730909837192,117896.13613333332,60163.02688333333,56568.13047377606,3594.8964095572724,3611.9595679188506,414.77508633583636,69609.88721502418,22775.07479110836,18447.81058079777,1200.0000000000005,0.7684895833333333,2.864908310584724e-11,7.275957614183426e-12
279,2025-10-07,1200.0000000000005,46867.60157536487,56748.75816156753,43955.118398491,832.5073120299908,44787.625710520995,0.002274517004577911,0.06820577994982038,0.049538602353955165,0,266.93089841080416,117357.17863333333,59585.615633333335,56633.82751445802,2951.7881188753145,4782.802437960598,771.7502921648373,70123.1250706223,21642.905894907228,17530.753774874855,1200.0000000000034,0.7657534722222222,1.0118128557223827e-11,1.4551915228366852e-11
280,2025-10-08,1200.0000000000034,49171.082959083484,55547.76031052798,44681.96764372041,937.3753337642868,45619.342977484695,0.0018304537870428093,0.07312986864035702,0.07259077572794437,0,214.87891464353604,117391.06235,60912.56668333333,56490.876216210025,4421.690467123306,5175.865167275413,685.362331549243,70776.34984864571,22262.184898287487,18032.369767612865,1200.000000000001,0.7606854166666666,5.343281372915953e-12,1.4551915228366852e-11
281,2025-10-09,1200.000000000001,44942.62113912045,55636.42988563156,43768.47542443887,390.37368347538137,44158.84910791425,0.0007523347285215191,0.07081827869824162,0.07926508234363579,0,88.34891645049765,117432.98973333332,61673.00805,56784.49198853703,4888.516061462962,4973.28248610283,464.7667095757871,70225.97241164398,22251.44414536618,18023.669757746604,1200.0000000000032,0.7578034722222222,4.547473508864641e-13,0.0
282,2025-10-10,1200.0000000000032,19138.256069493676,23122.04032740975,13975.245169419166,473.99657250443323,14449.241741923599,0.002506972984514255,0.041184692910106784,0.29947965326883474,0,181.43347085044311,72371.53011666666,63027.91919999999,44152.33981172786,18875.57938827213,1383.3446933933556,1021.0158032815491,33588.806802876046,16561.523537435703,13414.83406532292,1200.0000000000023,0.5595319444444445,4.547473508864641e-13,3.637978807091713e-12
283,2025-10-11,1200.0000000000023,15221.95253870382,17557.598524305966,13907.951213989962,1252.4447567426346,15160.395970732596,0.0045292225895397185,0.041833717195321724,0.24251752326475304,0,325.15725927054973,71790.96475000001,57684.65116666666,43695.11243533541,13989.538731331246,1393.341862526767,618.0975031408773,33306.67117199389,18550.193425959053,15025.656675026832,1200.0000000000036,0.5845513888888889,1.8189894035458565e-12,3.637978807091713e-12
284,2025-10-12,1200.0000000000036,45406.32686218442,55846.23347498675,43265.84640941348,1661.8984336232438,44927.74484303673,0.0032232297443943675,0.052702807497516026,0.05971616590900812,0,379.40438829406384,117709.38418333331,59194.428199999995,55659.56390471992,3534.8642952800687,3682.8572030745813,148.2694896190451,69879.7156726074,23043.016261023382,18664.843171428944,1200.0000000000018,0.76634375,9.094947017729282e-13,0.0
285,2025-10-13,1200.0000000000018,46628.061432302966,58565.28253061203,44390.65060340655,1109.1823729878893,45499.83297639444,0.0018995026453565073,0.08024070707133707,0.06569211944148994,0,223.5292047060285,117677.75383333332,60650.358533333325,56666.10793639241,3984.2505969409212,5701.197788781761,365.50620336917154,71051.19080908867,22086.15855106762,17889.788426364776,1200.0000000000016,0.764651388888889,9.094947017729282e-13,0.0
286,2025-10-14,1200.0000000000016,46363.28346168531,52608.90421944546,44313.163771727646,2988.6109767069483,47301.7747484346,0.005752302427086967,0.04761715687967817,0.03496552316946536,0,678.9570784057735,118032.22918333333,57258.3999,55256.329991650025,2002.0699083499628,3329.38767788737,406.6495534815732,69919.91744278774,21510.200516533063,17423.262418391783,1199.999999999999,0.7730666666666666,9.094947017729282e-13,4.3655745685100555e-11
287,2025-10-15,1199.999999999999,45069.74198297754,48206.511397453294,45072.65650132217,2999.974061722852,48072.63056304502,0.006373093541761979,0.04655698340515683,0.025441991736262572,0,747.8346063483725,117342.48076666666,55422.45711666666,54012.39942070106,1410.0576959655998,3292.710564660068,586.4630348181231,70724.3108086628,22436.265629302045,18173.37515973465,1200.0000000000032,0.7760555555555556,1.9326762412674725e-12,7.105427357601002e-15
288,2025-10-16,1200.0000000000032,44843.62252512934,53090.164983077186,44189.73230277012,6109.481382500049,50299.213685270166,0.01151561259017513,0.029694145395378218,0.03234632467454704,0,1355.7707992267012,117733.27633333334,54766.80338333333,52995.29857970895,1771.5048036243813,2076.4734765696917,152.502481321412,69928.71655073417,22723.861254975724,18406.327616530332,1200.0000000000018,0.7822208333333331,2.2737367544323206e-13,0.0
289,2025-10-17,1200.0000000000018,47487.26226402968,50863.60323339856,35926.50359605434,0.0,35926.50359605434,0.0,0.4029889823300458,0.3231043859024923,0,0.0,71943.17253333333,55938.973216666665,37864.84562747962,18074.127589187046,29901.785646145963,5678.059427357971,74200.00783459772,23904.399238105623,19362.563382865555,1200.0,0.58880625,2.9558577807620168e-12,1.4551915228366852e-11
290,2025-10-18,1200.0,14498.38186951145,18073.760324628158,13566.358731163084,1439.7431908767592,15006.101922039843,0.007048586969509552,0.027740765649488363,0.22649728829266413,0,505.07849211850623,71656.70145,55580.10818333333,42991.36439679542,12588.74378653791,918.8388330595847,742.3078263088483,33122.33139738633,17373.295668062266,14072.369491130434,1200.0000000000014,0.5830680555555555,1.8189894035458565e-12,7.275957614183426e-12
291,2025-10-19,1200.0000000000014,43441.98943448794,49288.17059753367,45654.58244681149,5040.91583583591,50695.4982826474,0.009072085974695932,0.03605576594139205,0.028824386641381015,0,1070.4267405232165,117991.24738333334,54105.52485,52545.96628228875,1559.5585677112485,2572.0852482103287,126.07698300583297,71336.3086611779,22438.37931284405,18175.087243403676,1200.0000000000027,0.7893604166666667,4.547473508864641e-13,1.4551915228366852e-11
292,2025-10-20,1200.0000000000027,47297.32596320241,58928.151102602256,47187.06444214281,2439.7921086534543,49626.85655079626,0.00416069633124875,0.048640285512812,0.023606958176796,0,490.5599053491073,117903.31864999999,53462.53628333333,52200.44842526724,1262.0878580660885,3571.8678548910434,249.82522628615948,73434.35214725873,23159.730245778388,18759.381499080497,1200.000000000001,0.7871270833333333,4.547473508864641e-13,0.0
293,2025-10-21,1200.000000000001,50494.76941265298,59826.356984849124,48516.89053921791,1672.7195003901425,50189.61003960805,0.0046016449023629875,0.037690986987267965,0.022565743356650073,0,542.0776762181879,117800.84898333333,51338.26763333334,50179.78146154451,1158.4861717888152,2814.407484789298,463.0119313094848,74670.57006864814,22706.109510414368,18391.948703435635,1200.0000000000027,0.79530625,4.547473508864641e-13,0.0
294,2025-10-22,1200.0000000000027,47523.35940137722,51839.039381218456,48258.919637493374,4391.808152969965,52650.72779046334,0.00741547418103361,0.040127654526208284,0.04789358123989277,0,872.5935779688679,117671.98653333331,52117.08983333333,49621.015757413785,2496.0740759195396,3003.994478341435,233.11796578758504,74860.95346986846,23397.178040993553,18951.71421320478,1199.999999999999,0.7929506944444444,1.1368683772161603e-12,7.275957614183426e-12
295,2025-10-23,1199.999999999999,47911.371539168016,52415.16195752713,49048.88380533191,155.08016029021627,49203.963965622126,0.0004883568934732017,0.061761465977105565,0.0644986297780343,0,57.241295775452045,117212.01551666667,53832.518483333326,50360.39480365763,3472.123679675705,4723.8540932577835,507.01383136751144,76485.45931550386,23474.799861289346,19014.587887644368,1199.9999999999986,0.7813361111111112,3.751665644813329e-12,7.275957614183426e-12
296,2025-10-24,1199.9999999999986,47208.05146424423,52172.87145493956,36824.588419520165,0.0,36824.588419520165,0.0,0.3967881776666746,0.32779762210764896,0,0.0,72135.51853333332,53715.46781666666,36107.66519596339,17607.802620703278,30110.526054504542,5298.340825419108,75885.64314483975,23415.383829190316,18966.460901644154,1200.000000000001,0.5963583333333333,1.057287590811029e-11,7.275957614183426e-12
297,2025-10-25,1200.000000000001,14423.51772203304,15411.97651966622,14779.38571933857,976.3210759909258,15755.706795329495,0.004873176694232854,0.03963488655722216,0.19058469461744207,0,351.07723059598163,72042.787,52644.35426666666,42611.14608542156,10033.2081812451,1381.1322284935354,779.5414768595626,34846.37773592591,18974.422876791377,15369.282530201017,1200.000000000005,0.5985090277777778,9.094947017729282e-13,3.637978807091713e-12
298,2025-10-26,1200.000000000005,49898.93149126861,51507.70639524547,49100.55784324575,1448.731578092254,50549.289421338,0.003320983008183986,0.05223497580275806,0.045929994078538636,0,389.9576103674789,117422.34435,52878.03233333333,50449.34462137855,2428.6877119547744,3941.4006937828203,435.02371174865004,75455.202825512,23661.77000908723,19166.033707360657,1199.9999999999986,0.7873305555555555,1.8189894035458565e-12,7.275957614183426e-12
299,2025-10-27,1199.9999999999986,48982.95650469112,53087.24879361124,49019.650545668985,1448.0536267099098,50467.70417237889,0.002785776003419977,0.06520492195215954,0.059498335188683256,0,328.13812750266743,117790.56431666666,54237.98265,51010.91297833231,3227.0696716676866,4972.147178209205,399.3235646525894,76254.16961402452,23322.029791216035,18890.844130884987,1200.0000000000005,0.7828958333333333,2.3874235921539366e-12,1.4551915228366852e-11
300,2025-10-28,1200.0000000000005,47464.31980540611,52080.440779546756,47973.469281746955,2016.3864954658018,49989.85577721275,0.004103461519515156,0.03486047040803977,0.026770413990161487,0,482.21477118553213,117514.14480000001,51541.723099999996,50161.92983484673,1379.7932651532694,2585.064089078655,246.98145005095864,74154.59570168247,23434.473518869003,18981.92355028389,1200.0000000000005,0.7930666666666668,9.094947017729282e-13,1.4551915228366852e-11
301,2025-10-29,1200.0000000000005,48109.07145939807,52850.893844273465,49924.08432407466,5343.881917993369,55267.96624206803,0.01279171201161638,0.03361254523734721,0.014224798268284608,0,1505.860990439718,117721.61451666665,48409.357716666666,47720.744368849846,688.6133478168101,2544.530029590298,321.27219924559404,75701.7956129977,22847.285404130056,18506.301177345336,1200.0000000000116,0.8069569444444444,8.86757334228605e-12,0.0
302,2025-10-30,1200.0000000000116,49902.035378694636,53274.14999187033,51573.19227218239,1046.296086233804,52619.48835841619,0.0022507618752683626,0.05770321865958889,0.07216654031917479,0,263.15023423763887,116916.07056666666,52128.252916666665,48366.337250787896,3761.915665878765,4479.552109961334,362.173885897446,77630.88808594458,23697.784254971986,19195.205246527315,1200.0000000000023,0.7919604166666666,3.296918293926865e-12,0.0
303,2025-10-31,1200.0000000000023,19998.553414531303,21615.33521716819,15939.553749721033,379.0992548248414,16318.653004545875,0.0021819359024062845,0.05715665300029819,0.1318457834183969,0,156.55169513318475,71748.98903333332,47844.69696666666,41536.5754126807,6308.121553985964,2096.387068094702,1000.8950087608548,36677.91863326506,18551.44542573714,15026.670794847087,1199.999999999997,0.6177326388888889,2.3874235921539366e-12,0.0
304,2025-11-01,1199.999999999997,14626.610469719937,16500.611559743025,15380.706260898642,381.31685277033966,15762.023113668982,0.0029194473961658843,0.048361538113399466,0.15313736900378175,0,210.12491846721537,71974.20948333332,49430.17105,41860.5647059961,7569.6063440039,1764.3985295477464,1025.8255070088553,36483.50731547322,19946.123263403144,16156.359843356546,1200.0000000000018,0.6046034722222222,1.8189894035458565e-12,3.637978807091713e-12
305,2025-11-02,1200.0000000000018,51274.72765861305,55711.35476039347,51821.42005517591,2047.3016179402507,53868.72167311616,0.004161336110346817,0.05242713754027845,0.029860104413804617,0,490.38531464467826,117843.23631666665,49046.85238333333,47582.30824999853,1464.544133334795,4123.680992787582,143.067386074958,78655.46711604198,24306.18939555783,19688.013410401847,1200.0000000000005,0.8022444444444444,2.2737367544323206e-13,7.275957614183426e-12
306,2025-11-03,1200.0000000000005,49799.575809015216,56646.074977962955,52902.805315215184,1045.3504377560362,53948.15575297122,0.002830470950383724,0.038257145386208107,0.04707149091018586,0,333.45471169807433,117808.91503333332,48303.98475,46030.244170914615,2273.7405790853813,3024.0651486071574,251.96809901320023,79045.76042145968,22760.584332203645,18436.073309084954,1200.0000000000075,0.8054708333333334,1.0231815394945443e-11,1.4551915228366852e-11
307,2025-11-04,1200.0000000000075,53488.758524768615,57880.43742119637,53149.391240660785,933.4811546228773,54082.87239528366,0.0021573217686092563,0.06663651627230956,0.05771678470111478,0,253.26226389596704,117396.61073333332,49816.5387,46941.28826129735,2875.250438702652,5358.5463879572835,162.0522228701567,80414.56378151027,24694.2366449622,20002.331682419383,1200.0000000000036,0.7975826388888889,1.0118128557223827e-11,2.9103830456733704e-11
308,2025-11-05,1200.0000000000036,52424.68183464018,55837.4495213668,53570.49212098335,586.2336126572137,54156.72573364056,0.0012060022268475786,0.04667607232119413,0.03759896446296548,0,142.02413782908593,117764.40761666666,48086.38755,46278.389173355165,1807.9983766448356,3725.4561750920457,375.6665553213393,79815.11703589579,22999.999999999996,18630.0,1200.0000000000032,0.8089555555555555,2.0463630789890885e-12,1.4551915228366852e-11
309,2025-11-06,1200.0000000000032,51990.15640806699,56887.23307092446,54452.18062997727,3348.517678209219,57800.69830818649,0.005589784600694715,0.05039521677396887,0.0223246902478048,0,657.990840886634,117713.09413333333,46343.50958333333,45308.90508688924,1034.6044964440898,4066.8696797060047,438.2504653488877,80699.51753450348,23411.574652058596,18963.37546816746,1200.0000000000027,0.8150673611111112,1.8189894035458565e-12,7.275957614183426e-12
310,2025-11-07,1200.0000000000027,20375.61349219761,21745.730471637213,15709.842575149063,850.2733331918846,16560.115908340947,0.0036717160722140496,0.05500159753456916,0.1512893579346415,0,265.14335136320693,72212.37866666666,48893.91688333333,41496.78759114411,7397.129292189226,2021.6516149384036,618.1906900629831,36756.23446514933,19294.444399939985,15628.49996395139,1199.9999999999995,0.6155340277777778,1.8189894035458565e-12,3.637978807091713e-12
311,2025-11-08,1199.9999999999995,14587.623407072173,15539.606089305647,15287.418139992162,752.1614555974904,16039.579595589652,0.003462598372008959,0.03465674885512149,0.15044235856752447,0,249.42781256727218,72034.86681666666,48243.65971666666,40985.76976296226,7257.889953704402,1264.1377425819683,615.3610513285234,36475.94723517053,19983.048421699536,16186.269221576624,1200.000000000001,0.6173409722222222,1.5916157281026244e-12,3.637978807091713e-12
312,2025-11-09,1200.000000000001,39304.02206598231,43449.977370028544,53775.03788940523,2216.6009567959395,55991.63884620117,0.004209433020887852,0.03663643228307315,0.03578523064910566,0,496.1981572248934,117877.67016666666,46530.85298333333,44865.73567702512,1665.1173063082094,2939.1758689272087,208.88120070388698,80225.4937439739,24008.949168032348,19447.2488261062,1200.0000000000005,0.8103173611111111,9.094947017729282e-13,2.1827872842550278e-11
313,2025-11-10,1200.0000000000005,55151.670321304155,63244.45698338818,55286.77001065683,3269.3503201096646,58556.1203307665,0.007291259629388476,0.026960938000101516,0.021133666780762648,0,863.431714610631,118420.10276666665,44561.65966666666,43619.908400073575,941.7512665930839,2172.7079942504047,228.33652805782037,80587.25531886998,22365.516550417444,18116.068405838127,1200.000000000002,0.8189729166666666,4.547473508864641e-13,3.637978807091713e-11
314,2025-11-11,1200.000000000002,56480.97778273444,60644.448605630445,55368.71186625693,716.5666251353133,56085.27849139224,0.001947645649517979,0.05152037020082174,0.03328390776821451,0,229.7401273654109,117957.86744999999,46398.84778333333,44854.51281316144,1544.3349701718907,4229.133305612615,299.351163547611,82086.62494325713,24655.39981380933,19970.873849185555,1200.0,0.8138590277777777,2.2737367544323206e-13,0.0
315,2025-11-12,1200.0,55718.91383051455,64603.64763763448,55075.64994675252,1086.2955295027064,56161.94547625523,0.0019337245862943314,0.05627903254308022,0.0351016756131121,0,227.0515863814024,117416.71383333333,46460.726083333335,44829.876747606504,1630.849335726823,4580.105791207796,186.49266028584486,81382.09887850928,22398.49961931697,18142.784691646746,1200.000000000001,0.8123951388888888,1.3642420526593924e-12,1.4551915228366852e-11
316,2025-11-13,1200.000000000001,56485.269004653805,60101.61413315433,56479.04338396687,2280.43730897544,58759.48069294231,0.0051539415680676975,0.03629875080864726,0.05617072463994819,0,607.0317907331456,117780.10726666667,45384.23595,42834.97052945811,2549.2654205418876,2971.0017043325397,143.36601158073398,81848.5936332766,23137.478794146937,18741.35782325901,1200.0000000000027,0.8185361111111111,1.0913936421275139e-11,7.275957614183426e-12
317,2025-11-14,1200.0000000000027,21099.400664928424,24567.85458361446,15514.092095261909,750.9237539139647,16265.015849175874,0.004244897608005332,0.032007666655557036,0.09047461558666249,0,304.5200108235321,71737.89309999999,44139.4378,40145.9391328336,3993.4986671663996,1166.5294024996972,444.8436786984645,36445.312151398866,18665.816388725492,15119.31127486765,1200.0,0.6290784722222222,9.094947017729282e-13,3.637978807091713e-12
318,2025-11-15,1200.0,15781.184277532491,19229.674098193653,16057.998846822842,849.100553486027,16907.09940030887,0.0037780495003779013,0.04062950469581008,0.07774591919345139,0,273.78382555610443,72466.97681666666,44255.0899,40814.43725673567,3440.652643264327,1507.0436638165775,517.9693416537976,37092.346438867404,19413.566836958642,15724.989137936494,1200.0000000000023,0.6287680555555555,9.094947017729282e-13,3.637978807091713e-12
319,2025-11-16,1200.0000000000023,56899.0641415642,61357.15330644269,57745.26124401169,2083.1456901273955,59828.406934139086,0.004232273379881279,0.04537128919634552,0.025650318754490618,0,500.93302094409125,118360.27023333333,43925.725849999995,42799.016980425135,1126.7088695748682,3779.097344844618,221.80863024777432,83292.70364107286,22270.93386324403,18039.456429227663,1200.0000000000005,0.8205798611111111,1.8189894035458565e-12,1.4551915228366852e-11
320,2025-11-17,1200.0000000000005,57813.03955125975,66746.94458505961,57369.40880666962,766.639881578441,58136.04868824806,0.0018345564758438552,0.05624465837912578,0.038498609770352576,0,215.1379070932926,117269.71065,44573.95631666666,42857.92096651057,1716.0353501560921,4704.8352257722345,365.2903424339289,83649.45865718604,23066.743750440823,18684.062437857065,1200.0,0.815854861111111,1.9326762412674725e-12,1.4551915228366852e-11
321,2025-11-18,1200.0,55328.31905736277,65710.83525635135,57207.190414686316,1757.948985783207,58965.139400469525,0.004590056690032808,0.03197243400625688,0.02629499321731287,0,540.6337981960519,117783.6865,42893.134666666665,41765.259981537376,1127.8746851292876,2645.7139542193263,383.00486484735666,82749.84487266658,22333.333333333332,18089.999999999996,1200.000000000001,0.8219124999999999,2.8421709430404007e-12,1.0913936421275139e-10
322,2025-11-19,1200.000000000001,56170.8236543867,62469.89006183332,58068.26306114181,2848.0200775827993,60916.28313872461,0.00521052216832894,0.04012021186962016,0.014607523121502375,0,615.7779537306685,118179.70134999999,42811.389749999995,42186.02138436322,625.3683656367747,3335.3153121999285,176.49268337849935,83133.04334081787,22333.333333333332,18089.999999999996,1199.9999999999982,0.8290138888888889,9.094947017729282e-13,1.4551915228366852e-11
323,2025-11-20,1199.9999999999982,57820.937701438226,60930.80720450115,57981.92314625913,1646.3195057068303,59628.24265196596,0.002985643858687601,0.03797141750390574,0.04337555012386094,0,351.84755130679264,117846.45723333332,43053.381199999996,41185.917105757704,1867.464094242292,3194.0517264721693,279.79986326809944,84117.26336378223,22814.311567226938,18479.592369453818,1200.0000000000064,0.8211791666666666,5.4569682106375694e-12,1.4551915228366852e-11
324,2025-11-21,1200.0000000000064,43662.004866610616,52717.86705506405,44067.37872337151,0.0,44067.37872337151,0.0,0.37021625105530637,0.32849274117837407,0,0.0,71999.1771,43134.793033333335,28965.326629651834,14169.4664036815,31307.58896406895,5509.823258291375,84565.67985556077,24812.721909748772,20098.30474689651,1200.0000000000018,0.6326340277777778,2.0463630789890885e-12,1.4551915228366852e-11
325,2025-11-22,1200.0000000000018,16296.149126536684,17416.460707273298,16649.215322196484,1113.8327125049655,17763.04803470145,0.005771011705546288,0.03198797583161364,0.08458437174931924,0,418.68638061579793,72549.91013333332,42330.08065,38749.617372121735,3580.463277878265,1251.252910376616,434.3352146287425,39116.35162422518,21311.353255915863,17262.19613729185,1200.0000000000018,0.636675,5.5138116294983774e-12,1.0913936421275139e-11
326,2025-11-23,1200.0000000000018,60338.645367591314,70215.12037943791,58982.86045900798,2113.735475879138,61096.59593488712,0.0042680456440720585,0.045119942362982904,0.036365918817676264,0,502.70190639129,117782.69219999999,42550.595916666665,41003.20439991742,1547.391516749247,3812.9127278714773,184.73536848611593,84506.15245022232,22272.20242196546,18040.48396179203,1200.0000000000036,0.8264944444444444,9.094947017729282e-13,0.0
327,2025-11-24,1200.0000000000036,58502.35165591454,61537.55805934484,58863.683248002984,1446.5181562321354,60310.20140423512,0.002984636316642839,0.04435311844197606,0.060534012297975066,0,352.1145223385414,117975.68781666666,43813.74411666666,41161.52239148803,2652.2217251786324,3763.732402401239,250.38595196852066,84858.34896423473,23064.103721183597,18681.924014158714,1200.0000000000023,0.8210506944444445,1.3642420526593924e-12,7.275957614183426e-12
328,2025-11-25,1200.0000000000023,62350.974148517605,72350.72550605699,58138.12415358331,2124.7576827696894,60262.881836353,0.004410763846567772,0.036547434898728075,0.023958483073810433,0,519.0692409668819,117682.39221666666,41513.73175,40519.125710536915,994.6060394630817,3079.521507600349,305.34545212097703,84260.94789233821,22273.071933968553,18041.188266514528,1200.0000000000036,0.8241243055555556,9.094947017729282e-13,0.0
329,2025-11-26,1200.0000000000036,58688.02806623975,63821.49461711747,59263.37620810711,1531.100056064509,60794.47626417162,0.0031419081486740046,0.03501870787136133,0.021254054527853315,0,369.75997456086765,117686.43673333332,40928.76985,40058.86754385014,869.9023061498586,2966.084844758355,232.7808327049787,84700.00822571898,22333.33333333333,18090.0,1200.000000000002,0.8299340277777778,2.2737367544323206e-13,7.275957614183426e-12
330,2025-11-27,1200.000000000002,60020.745695125996,70812.35853997228,60022.89241927338,1985.7123678828689,62008.604787156255,0.0037650171062401636,0.03899876733239315,0.04414386126607491,0,441.25300813180775,117198.14164999999,41417.248916666664,39588.93162646684,1828.3172901998246,3321.320818200077,291.9170593719083,85164.76405246076,23071.41662888119,18687.84746939376,1200.0000000000016,0.8285638888888889,1.8189894035458565e-12,0.0
331,2025-11-28,1200.0000000000016,23075.71703059876,24087.745966629067,16623.23248289426,1010.8526624484988,17634.085145342757,0.003982946116327666,0.04070878232294993,0.0893227318304194,0,287.72412926776406,72239.02128333334,41317.78273333333,37627.16550641627,3690.6172269170665,1625.4770746761883,331.4710973934791,39929.395622325246,19201.662118980443,15553.34631637416,1200.0000000000025,0.6340243055555557,9.094947017729282e-13,0.0
332,2025-11-29,1200.0000000000025,17296.80808994276,18098.294603730872,16964.608741628115,4863.062409697828,21827.671151325943,0.02438822212623302,0.0335659930706729,0.03252253205019528,0,1759.7614305396025,72156.19988333333,37226.74978333333,36016.041620380274,1210.7081629530585,1352.803774348531,640.0458471822726,40302.80800869543,20681.90291974299,16752.341364991822,1200.000000000005,0.6504381944444445,9.094947017729282e-13,3.637978807091713e-12
333,2025-11-30,1200.000000000005,48728.58716539329,58880.486704315204,63094.27067603498,1983.815690232471,65078.08636626745,0.003909420873356944,0.0433615589928534,0.01374475812226165,0,461.34620057419704,118008.83443333332,37764.00631666666,37244.94918411652,519.0571325501443,3867.8834970173452,253.5811276656433,89200.7480094253,25140.75966368273,20364.015327583013,1200.0000000000023,0.8395993055555555,2.2737367544323206e-13,0.0
334,2025-12-01,1200.0000000000023,65288.354035005104,78146.93491251982,66826.4803070734,20609.332837909464,87435.81314498287,0.03657108801491511,0.02678629442391937,0.002528628109145977,0,4582.042510933832,125291.39163333333,38992.4639,38893.866459737605,98.59744026239979,2378.3751543966173,204.26084979939617,88790.74935698454,23119.10889540337,18726.47820527673,1200.0000000000007,0.9076055555555556,9.094947017729282e-13,5.820766091346741e-11
335,2025-12-02,1200.0000000000007,68044.6031044683,75212.75564213934,69338.04209278396,16309.09418366145,85647.13627644541,0.02434139530806853,0.0165702600149565,0.0037951465123896577,0,3052.4261509259077,125400.62359999999,36762.81365,36623.29338599057,139.5202640094284,1533.0536408558614,500.79165307034793,92518.38169540552,25050.696517872657,20291.064179476853,1200.0000000000005,0.9153138888888888,9.094947017729282e-13,1.4551915228366852e-11
336,2025-12-03,1200.0000000000005,74527.66413821132,86988.51936274066,74319.65630016846,913.3229102860993,75232.97921045455,0.001781913480819938,0.04263426256285255,0.04242647899637684,0,222.0672810057814,124622.93113333332,37460.18256666666,35870.87891780154,1589.303648865125,4175.364830683404,396.51639950198853,97934.49164338122,25434.870940367437,20602.245461697617,1200.0000000000014,0.9120326388888889,9.094947017729282e-13,0.0
337,2025-12-04,1200.0000000000014,76976.53566813207,91179.35386859215,74484.98469123193,1639.5053555449563,76124.49004677689,0.0025644248002695863,0.05644421357045945,0.039945281382711834,0,321.41539030899247,125336.25094999999,38565.042199999996,37024.55073778484,1540.491462215156,5562.909448009294,209.66547626880993,98555.88546849182,25226.451170039814,20433.42544773225,1200.000000000001,0.9050854166666666,2.2737367544323206e-13,2.9103830456733704e-11
338,2025-12-05,1200.000000000001,30348.3925852191,37640.25974355934,22027.112567037868,2530.623302770342,24557.73586980821,0.009111948987473533,0.04268164242752036,0.03372992371756633,0,718.6418404517698,78868.07108333333,37556.443400000004,36289.6674290149,1266.7759709850975,2065.721808946159,481.5700244120262,48398.36734151117,21006.91418045434,17015.600486168016,1200.0000000000027,0.7171770833333333,9.094947017729282e-13,0.0
339,2025-12-06,1200.0000000000027,22816.596267627647,30154.28196513178,25629.660178893886,2195.6633150993443,27825.32349399323,0.009468509331339296,0.05160321792345756,0.06873295072655146,0,752.4702116279714,79470.82115,35806.19033333333,33345.12521744681,2461.065115886523,2792.153485052178,1050.2226445741135,54108.12731085387,25750.13400159139,20857.608541289024,1200.0000000000027,0.7271965277777777,9.094947017729282e-13,0.0
340,2025-12-07,1200.0000000000027,63081.82561824283,75726.24954608777,74953.63428344307,2323.616838888885,77277.25112233196,0.003620527991468515,0.041387883481704676,0.06037360662993208,0,452.81025031174215,125067.46291666667,37414.78166666666,35155.91635617854,2258.8653104881278,4090.7017260721327,211.2231805599215,98838.14735006704,26723.611227676873,21646.12509441827,1199.9999999999995,0.9101083333333333,4.547473508864641e-13,1.4551915228366852e-11
341,2025-12-08,1199.9999999999995,82853.48436184386,96333.35819465714,78571.738127864,315.95027844103123,78887.68840630502,0.0003631993659984906,0.07413671103784732,0.05730054010270253,0,45.18576167223449,124410.35393333333,36563.14281666666,34468.05498541941,2095.087831247248,7619.079247100924,421.5764184220625,102770.6670614418,25436.306366721765,20603.40815704463,1200.0000000000014,0.9085152777777777,1.0345502232667059e-11,0.0
342,2025-12-09,1200.0000000000014,74771.13688867154,91894.62221791795,74236.68776728131,2366.8873740724803,76603.5751413538,0.0034673147129890333,0.05573588488019346,0.037160370249466196,0,432.35570235171696,124694.68108333333,37306.22681666666,35919.913615548765,1386.3132011178977,5502.736156701546,177.1634002264426,98728.78431068064,24770.91046484107,20064.437476521263,1200.0000000000055,0.9057770833333332,4.547473508864641e-13,2.9103830456733704e-11
343,2025-12-10,1200.0000000000055,79223.59261925975,90265.30476176282,74754.92309658698,3405.1965205521615,78160.11961713913,0.006333623366189708,0.035072399335859206,0.046073285812769246,0,787.7682492005673,124378.76451666666,35991.146049999996,34332.91569130923,1658.2303586907708,3428.1026887095454,301.63727479172826,97743.6033355305,25030.435767749335,20274.652971876967,1200.0000000000023,0.9161590277777777,4.547473508864641e-13,1.4551915228366852e-11
344,2025-12-11,1200.0000000000023,77128.72312396477,91432.95193632477,73632.36722565867,1145.0709294904782,74777.43815514915,0.002509306214849299,0.05988320246135914,0.05111233422092801,0,310.6214932695723,123787.79896666665,37826.544266666664,35893.14129368607,1933.4029729805945,5901.332779028,344.0212379202478,98547.38117648193,24831.53147275083,20113.54049292818,1200.0000000000027,0.8976340277777778,2.2737367544323206e-13,1.4551915228366852e-11
345,2025-12-12,1200.0000000000027,35250.635238652685,41477.40615581702,24974.572550194895,1624.060605966807,26598.6331561617,0.007239118051241005,0.05079106826123557,0.06265033968311683,0,569.4413590753893,78661.70368333333,34947.2902,32757.830597965538,2189.45960203446,2701.051596567712,1054.9744329318457,53179.6571530115,21522.102090629138,17432.9026934096,1200.0000000000036,0.7237798611111111,9.094947017729282e-13,1.4551915228366852e-11
346,2025-12-13,1200.0000000000036,27008.75342833912,33228.170983475444,25368.847541203308,1067.9070293499162,26436.754570553225,0.0035021246238529304,0.05549437097324932,0.052639623978791246,0,276.1080571042995,78840.15755,35041.62416666666,33197.04624692721,1844.5779197394572,2976.196287220813,893.1036619149971,53630.59775297692,23127.86609406641,18733.57153619379,1200.000000000004,0.7296965277777777,9.094947017729282e-13,0.0
347,2025-12-14,1200.000000000004,76715.70838409723,87635.9369804412,76800.37562602707,1577.4730561036872,78377.84868213076,0.0024152970463816054,0.05747390913626829,0.031504544037106126,0,300.7590338113049,124522.58585,35743.86405,34617.76991098044,1126.0941390195594,5754.268201511431,122.78270753125673,100119.65930259408,24413.4288860165,19774.877397673365,1200.0000000000027,0.9207375000000001,1.8189894035458565e-12,4.3655745685100555e-11
348,2025-12-15,1200.0000000000027,79454.31694701021,92855.16420150411,76486.35424517615,1570.7707389467578,78057.1249841229,0.003166045307168931,0.046460983370077966,0.033533059286834734,0,393.5559757980833,124305.22548333333,34835.66751666667,33667.52101253382,1168.1465041328463,4639.105693327205,213.08867710964455,99849.49428158047,25016.58640074836,20263.434984606174,1200.0,0.9144402777777779,4.547473508864641e-13,4.3655745685100555e-11
349,2025-12-16,1200.0,78873.61558774817,82797.85362276205,78295.22753689213,1292.7886860567385,79588.01622294886,0.0021059489620261986,0.06989894552351976,0.043059754016747456,0,262.5001010378692,124646.94338333333,35228.85205,33711.90634643461,1516.9457035653895,7177.732771997582,143.56548289782302,102687.28259401856,24702.35475401213,20008.907350749818,1200.0000000000005,0.9109138888888888,4.547473508864641e-13,1.4551915228366852e-11
350,2025-12-17,1200.0000000000005,79225.29097873384,91751.33199791449,77296.64479490681,1224.5820649587088,78521.22685986552,0.0021503259734861825,0.06011509480709882,0.054300693659406346,0,267.6436652942324,124466.55465,36274.70758333333,34304.9657992662,1969.7417840671274,6068.9470658603,325.8925804958452,100955.46027723532,24561.449712840076,19894.774267400462,1200.0,0.9088097222222221,9.094947017729282e-13,0.0
351,2025-12-18,1200.0,76674.58622820234,89365.68415357702,75029.94971554627,915.4229362671429,75945.37265181342,0.002509980999625865,0.06495517082573665,0.02567655473317675,0,312.02918972099656,124315.35926666667,36949.0923,36000.36690921785,948.7253907821495,6452.663986126565,222.2985070502143,99340.26658844347,24538.636460730944,19876.295533192068,1200.0000000000011,0.9094777777777777,4.547473508864641e-13,1.4551915228366852e-11
352,2025-12-19,1200.0000000000011,30443.706137329165,36970.87645452297,24707.399867657907,1710.1294977444845,26417.52936540239,0.00622567929955175,0.04914835744240583,0.0794737396203818,0,489.2968392332374,78593.32543333333,35684.93413333333,32848.91896965033,2836.015163683008,2586.148907328403,680.3366654195369,52619.23372228591,21566.518553095855,17468.880028007643,1200.000000000002,0.7250944444444445,9.094947017729282e-13,7.275957614183426e-12
353,2025-12-20,1200.000000000002,24820.333286244095,28992.033428735234,25344.526335774048,1489.4650901422465,26833.991425916294,0.006171943056004443,0.0635968401333532,0.0906385871803211,0,485.5376264602066,78668.52011666665,35812.16786666666,32566.203567367505,3245.9642992991603,3449.0062486197985,619.5449810755958,54232.3524468785,23931.69628602187,19384.67399167771,1200.0000000000005,0.7189708333333333,2.5011104298755527e-12,1.8189894035458565e-11
354,2025-12-21,1200.0000000000005,59544.35132564659,72418.73076734797,73109.42036499505,4475.133735028417,77584.55410002347,0.0074424873522673666,0.027938150882273024,0.0320502483168215,0,925.6700888144453,124376.44096666665,35338.659100000004,34206.04630066149,1132.6127993385041,2715.4937892654057,197.49201461659402,97196.61836991538,26520.568362329763,21481.66037348711,1199.999999999999,0.9100763888888888,9.094947017729282e-13,2.9103830456733704e-11
355,2025-12-22,1199.999999999999,76009.78876713,90288.79347041417,74903.08710124521,2055.269654367801,76958.35675561301,0.004293216066530865,0.04056563727791635,0.01945794661459523,0,535.443269718601,124718.45381666666,35781.02673333333,35084.80142534073,696.2253079926047,3968.1541539637783,96.74309481266278,97820.5796886128,24513.017464363256,19855.544146134234,1200.000000000006,0.9192854166666665,1.8189894035458565e-12,2.9103830456733704e-11
356,2025-12-23,1200.000000000006,73405.98804263749,90976.76977108698,73858.27814319439,514.3596164970616,74372.63775969145,0.0009852379155509741,0.04789100920103016,0.023396825101518068,0,122.1267959639348,123956.65456666666,36698.562033333335,35839.93219596222,858.6298373711113,4673.255686238471,266.6273585723666,97581.0650934862,24455.7182838677,19809.131809932842,1200.0,0.9126888888888889,9.094947017729282e-13,5.820766091346741e-11
357,2025-12-24,1200.0,77548.15441203261,91261.94328259722,73982.3964258192,1929.857359108691,75912.25378492789,0.0033197094114786035,0.04800939585554997,0.0324308237281043,0,411.49249294319475,123954.37128333331,36099.81196666666,34929.06532815799,1170.7466385086766,4715.077472851642,181.69195653100905,98211.55606786438,24741.964085524138,20040.990909274547,1200.0,0.9082652777777778,2.2737367544323206e-13,0.0
358,2025-12-25,1200.0,74425.63209324787,86306.59452101958,73704.97308933534,2688.4061974838755,76393.37928681921,0.005442426156180119,0.0377860317509454,0.038419902301500976,0,673.7171605047802,123789.8579,35977.40936666667,34595.16081373823,1382.2485529284395,3667.6804475084637,169.72560532000068,97064.45153285246,24768.766075089472,20062.700520822473,1200.0000000000027,0.9102520833333334,9.094947017729282e-13,8.731149137020111e-11
359,2025-12-26,1200.0000000000027,33519.270076774745,39640.68330800728,24020.616575480497,1218.5864006521624,25239.20297613266,0.005878103923989212,0.04825876821764023,0.047768303108763274,0,460.0810025293078,78270.30764999999,35262.685216666665,33578.24658080802,1684.438635858639,2488.1206125187905,824.8634846612572,51557.89723636786,21120.700381711322,17107.767309186176,1200.0000000000014,0.7237750000000001,9.094947017729282e-13,0.0
360,2025-12-27,1200.0000000000014,19050.331347213836,23252.339364222848,17773.41070564897,22677.370306332523,40450.7810119815,0.07921630281658004,0.003566728808498029,0.0039423204494331504,0,6211.285658063856,78409.18393333333,35070.374866666665,34932.11621066052,138.2586560061464,147.68410090476164,28.48794477047511,41406.03584799942,20863.588093238068,16899.506355522837,1199.999999999999,0.7212277777777778,1.8189894035458565e-12,3.637978807091713e-12
361,2025-12-28,1199.999999999999,76406.08417742643,93765.37869754549,75034.59819225912,920.7058897485236,75955.30408200764,0.001501717086602228,0.06074365616461935,0.04217343612258594,0,185.4789841715119,123511.26975,36702.015,35154.16491482731,1547.850085172691,6039.040885670578,608.8353081656634,99418.46222269491,24205.05356767105,19606.09338981355,1199.999999999999,0.9058916666666667,8.640199666842818e-12,2.9103830456733704e-11
362,2025-12-29,1199.999999999999,81969.67437035008,96728.57358252922,78168.825434672,96.9624751678074,78265.78790983981,0.00015888555504934253,0.07990379382359772,0.05209001345283362,0,19.65053747172351,123677.30638333333,36153.54011666667,34270.30172562194,1883.238391044727,8223.316795128316,603.3601498124242,102915.22344086436,24743.117766757696,20041.92539107373,1200.0000000000036,0.90653125,5.4569682106375694e-12,1.4551915228366852e-11
363,2025-12-30,1200.0000000000036,71676.31302015549,88657.698438493,73689.13797218619,642.8525840555698,74331.99055624176,0.0009955877647700629,0.05635398501509872,0.04006032736731419,0,122.98148103493844,123526.50905,37302.10644999999,35807.77185412259,1494.3345958774019,5553.345126131708,759.3821700314827,98543.96498568503,24397.27355094409,19761.791576264724,1199.9999999999995,0.9004583333333334,9.094947017729282e-13,0.0
364,2025-12-31,1199.9999999999995,76744.3789784764,87336.10446658179,77451.13445320207,1564.4245974835594,79015.55905068564,0.003217838084223881,0.04919568542610871,0.02661446756767038,0,398.341663128161,123791.70508333332,35145.28215,34209.9091780622,935.3729719377997,5142.454035371695,240.5177083650225,104530.59025055348,29706.12770880948,19741.963444135676,6000.0,0.9102437499999999,9.094947017729282e-13,0.0
