day_index,date,s0,E_C,CVaR,cost_plan,cost_emergency,cost_total,emergency_rate,unextracted_ratio,curtailment_rate,soc_violate_count,emergency_kwh,load_kwh,pv_kwh,pv_used_kwh,curtail_kwh,unextracted_kwh,spill_kwh,plan_total_kwh,charge_kwh,discharge_kwh,final_soc,price_mean,eq_residual,ub_violation
31,2025-02-01,1200.000000000001,20860.49223929714,22385.684356515536,19857.0592475172,447.0085443831593,20304.06779190036,0.001589573490975694,0.0925114499269129,0.09572882220411603,0,121.29273313141863,76305.20628333333,41927.03035,37913.40511607827,4013.625233921727,4476.617993104036,1114.4205909058714,48389.88035146689,23833.333333333336,19305.0,1200.0000000000002,0.6514930555555556,9.094947017729282e-13,3.637978807091713e-12
32,2025-02-02,1200.0000000000002,77875.08029520098,195447.4506281451,63920.27023235754,521.1587699930777,64441.42900235062,0.0010006679447170058,0.07302563085577864,0.03828386805476863,0,121.78726551145962,121705.97265,43349.69469999999,41690.1007078907,1659.5939921093027,6675.274398791352,280.6612224789477,91410.02029786815,24000.000000000004,19440.0,1200.0000000000023,0.8363881944444445,9.094947017729282e-13,1.6007106751203537e-10
33,2025-02-03,1200.0000000000023,72023.79527270109,133687.4971978784,64159.391187031775,549.3064895323478,64708.69767656412,0.0009933125080253623,0.05210631259089942,0.0283376231822438,0,121.78385727875218,122603.769,42386.85249999999,41185.709845973644,1201.1426540263483,4719.1308107086925,150.28031723566255,90567.3530913586,23166.666666666664,18765.000000000004,1199.9999999999998,0.8447902777777778,9.094947017729282e-13,1.4551915228366852e-11
34,2025-02-04,1199.9999999999998,70475.1753881846,131940.3693383054,62443.72207636746,4697.20833376125,67140.93041012871,0.008468814195373025,0.03890541172871619,0.00541932700239257,0,1029.6223293873447,121578.09884999998,40383.2349,40164.384944662466,218.84995533753204,3451.074659417545,270.84006694321545,88704.23177838515,24201.186716180062,19602.961240105848,1200.0000000000005,0.8491895833333333,4.547473508864641e-13,2.9103830456733704e-11
35,2025-02-05,1200.0000000000005,68354.91145861885,71439.05542781415,66626.4602133226,1162.370976725758,67788.83119004835,0.0025165038820606314,0.061722015068164104,0.04328042841140672,0,306.9910375532696,121991.08443333334,41242.65745,39457.6575667391,1784.9998832608949,5763.2077847000755,259.22955125283966,93373.6168259469,26972.335057647513,21847.591396694486,1200.0000000000002,0.8482541666666665,2.2737367544323206e-13,0.0
36,2025-02-06,1200.0000000000002,66044.24245051817,68887.33859758057,64326.307996398056,1022.6341995263735,65348.94219592443,0.0017573925588279765,0.04944458163998085,0.033677450430080025,0,214.8450410296071,122252.1627,41981.10548333333,40567.288884418405,1413.816598914919,4492.550982555807,211.08313199500355,90860.32955576945,24666.666666666668,19980.0,1200.0000000000005,0.8439645833333334,2.2737367544323206e-13,0.0
37,2025-02-07,1200.0000000000005,19819.2006338451,21711.259877240584,18885.97334958812,149.85941443298083,19035.8327640211,0.000509974102951956,0.08929119813887201,0.10629293285429887,0,38.84401189418577,76168.59693333332,44362.91726666666,39647.45268042004,4715.464586246616,4115.7550913246505,978.5241791569701,46093.62599125992,23773.92884083792,19256.882361078715,1200.0,0.6440388888888888,1.7053025658242404e-13,0.0
38,2025-02-08,1200.0,16872.27493751272,18632.204917696345,16011.26914562746,2178.760821793753,18190.029967421215,0.009584688303570937,0.03287348840791869,0.051333623586036846,0,726.009348344068,75746.78751666666,44169.6248,41902.237906580325,2267.386893419678,1279.0526754674434,557.134654564981,38908.334266081125,20808.456180560104,16854.849506253682,1200.0000000000005,0.642351388888889,9.094947017729282e-13,7.275957614183426e-12
39,2025-02-09,1200.0000000000005,62520.18542057281,64462.09925211907,60808.40480923297,3400.965692321369,64209.37050155434,0.006707697547192117,0.029928946584484105,0.024782791880810284,0,815.3065746204738,121547.90356666666,41992.48759999999,40951.796519251686,1040.6910807483064,2606.8094416285903,162.48973280650375,87099.93966109131,23946.526388745962,19396.68637488423,1200.0,0.8413840277777778,4.547473508864641e-13,1.4551915228366852e-11
40,2025-02-10,1200.0,61563.74005829209,65138.59452988474,59859.26517311172,648.0996309571794,60507.3648040689,0.001610845539565994,0.0746011727602461,0.05068912367398301,0,195.68159295901273,121477.56451666665,47150.92693333333,44760.88776666666,2390.0391666666696,6551.415063246086,313.4531271218816,87819.19668074229,23333.333333333336,18900.0,1200.0000000000014,0.8180638888888889,2.2737367544323206e-13,7.275957614183426e-12
41,2025-02-11,1200.0000000000014,60289.226211878944,64180.70879193292,58543.94926278591,713.8577321350125,59257.80699492092,0.0011953057526710392,0.054444162924341406,0.030273922611440802,0,145.1594625281454,121441.28161666667,46220.68448333333,44821.403058237076,1399.281425096256,4670.58982934743,153.87148391732,85786.78738872224,23618.9841029265,19131.377123370465,1200.0000000000014,0.8284923611111111,4.547473508864641e-13,0.0
42,2025-02-12,1200.0000000000014,56672.99303567619,59996.43669393799,54884.01546291099,5440.452982719666,60324.46844563066,0.00953698431738107,0.02980460226844542,0.013313409161764508,0,1157.4451616452934,121363.85288333334,46097.116749999994,45483.40697352962,613.7097764703781,2436.9802992259565,190.12694172219506,81765.23468679278,23237.5089351906,18822.382237504382,1200.000000000002,0.8264243055555556,9.094947017729282e-13,2.9103830456733704e-11
43,2025-02-13,1200.000000000002,57927.49698230103,60922.779005338656,56107.12475569619,987.5818818449379,57094.70663754113,0.0025293626105560717,0.06621377432677887,0.049723565915721885,0,306.8376959088857,121310.28371666666,49980.80469999999,47495.58086297872,2485.2238370212717,5566.9593060591005,225.03627944281197,84075.54716009676,25135.191667451527,20359.50525063573,1200.0000000000045,0.8147909722222221,9.094947017729282e-13,0.0
44,2025-02-14,1200.0000000000045,16021.361232218567,16940.445290033033,15450.885795670189,6129.191139406767,21580.076935076955,0.025768636276769608,0.03245097938287201,0.08475439570443762,0,1955.1344106925762,75872.63794999999,46070.83613333333,42166.130257254496,3904.7058760788354,1226.2020548667003,723.7127254340069,37786.288062353626,21500.0,17415.0,1200.0000000000011,0.6311,1.3642420526593924e-12,0.0
45,2025-02-15,1200.0000000000011,16303.647600312463,17438.68849090349,15685.627960260123,2130.510010918635,17816.13797117876,0.009930224082593758,0.023745881404533282,0.07588755621713851,0,755.2387463438351,76054.55225,46774.46115,43224.861599953016,3549.599550046986,881.6621649480473,375.4043877010155,37129.05618991809,19987.04070297831,16189.502969412431,1200.0000000000023,0.6378472222222222,9.094947017729282e-13,3.637978807091713e-12
46,2025-02-16,1200.0000000000023,57317.886450428596,62377.73795150737,55199.928521199894,5617.409649326385,60817.33817052628,0.01016870572781665,0.024639891126582558,0.022024141896560136,0,1233.2298935533213,121276.97728333331,45899.59818333333,44888.6989199485,1010.899263384827,2026.7234303183343,161.068801244959,82253.74941416926,25846.88796197092,20935.979249196444,1200.0000000000014,0.8303222222222222,4.547473508864641e-13,4.3655745685100555e-11
47,2025-02-17,1200.0000000000014,57419.849968859264,62811.36626410463,55015.87626219848,758.9792975395541,55774.85555973803,0.0014707699499087819,0.05496075921432943,0.044131124924448116,0,177.9048814685164,120960.37281666666,49776.50964999999,47579.81628433285,2196.6933656671467,4523.222416725306,73.04805250558684,82299.12543759051,23685.280618391163,19185.07730089684,1200.0000000000045,0.8173527777777777,9.094947017729282e-13,0.0
48,2025-02-18,1200.0000000000045,54773.76670071224,60161.704502591325,52817.03847241579,3273.2889526293466,56090.327425045136,0.005262704292510862,0.04485550275977365,0.016366240018330428,0,638.530601935463,121331.27123333333,49239.883449999994,48434.01169898268,805.8717510173161,3608.4830408912912,259.03510296640707,80446.83079836915,22739.9143268225,18419.330604726234,1200.000000000001,0.8145215277777778,4.547473508864641e-13,5.820766091346741e-11
49,2025-02-19,1200.000000000001,55572.112120603095,59111.70057165174,53699.57462512947,4194.975813328906,57894.55043845838,0.007141452217634445,0.0581150583227703,0.009871047104846252,0,870.3058871004694,121866.79411666666,48987.466733333335,48503.909141661505,483.55759167182214,4777.385364191674,165.90521576655215,82205.63657801281,25104.036369210007,20334.269459060106,1200.0000000000023,0.8164298611111112,4.547473508864641e-13,7.275957614183426e-12
50,2025-02-20,1200.0000000000023,57126.556321909695,61418.5235560318,55065.81306406569,1206.3874534355502,56272.20051750124,0.0020984835810156327,0.06171804080637735,0.035202413560926404,0,254.13739345912796,121105.25703333333,50112.12329999999,48348.05561117726,1764.0676888227358,5077.7434613978985,132.43701110153063,82273.24450119637,24000.0,19440.0,1200.0000000000027,0.8168069444444445,5.229594535194337e-12,7.275957614183426e-12
51,2025-02-21,1200.0000000000027,16139.905457762365,17799.158312943367,15432.018227595208,628.1383089295032,16060.156536524712,0.002696029485338131,0.040837721406751196,0.1099500854572529,0,204.36443252952762,75802.00203333332,50241.74,44717.656393478916,5524.0836065210815,1521.5389112273235,920.0124991288826,37258.173541871176,20719.1627588952,16782.521834705112,1200.0000000000023,0.62085,1.8189894035458565e-12,3.637978807091713e-12
52,2025-02-22,1200.0000000000023,15845.753818718777,16627.880580223464,15233.003114246727,1361.879877461852,16594.88299170858,0.0066511268850078225,0.030004337699883008,0.07711185330715477,0,503.372196257502,75682.24226666667,47837.47938333333,44148.64269054169,3688.8366927916404,1094.7757532164478,495.4676770416496,36487.249415964165,20351.466346518937,16484.68774068034,1200.0000000000016,0.6352840277777778,9.094947017729282e-13,0.0
53,2025-02-23,1200.0000000000016,56548.38846006596,61894.28248328319,54486.83970799605,1449.7464072228229,55936.58611521887,0.003396321136754767,0.0514732566756586,0.04104139295265304,0,411.43761380360485,121142.14093333333,49610.287249999994,47574.21195647875,2036.0752935212429,4217.670168947352,163.2298936484773,81939.05809231347,23166.666666666664,18765.0,1200.0,0.8153784722222223,9.094947017729282e-13,5.820766091346741e-11
54,2025-02-24,1200.0,53186.28019599862,57305.41236029242,51201.16302860019,2318.1846497171373,53519.347678317325,0.0040409936834729775,0.044952870146027384,0.04517816681896151,0,487.46098077428405,120628.98854999998,52425.954933333334,50057.44639571184,2368.5085376214915,3524.7116626158904,206.69097642586758,78409.04598896627,24176.64303374028,19583.080857329624,1200.0000000000032,0.8082493055555555,2.2737367544323206e-13,2.9103830456733704e-11
55,2025-02-25,1200.0000000000032,52017.38474764786,56032.670699972514,50115.05801880399,1136.2542685092587,51251.312287313245,0.0023504398686998327,0.06404482017714641,0.04458425896028162,0,284.6225974427271,121093.33288333332,55272.00965,52807.74805850921,2464.2615914907847,4951.978726111434,203.31794295912948,77320.51885561364,21917.157679798427,17752.897720636727,1200.0000000000002,0.7940965277777778,2.2737367544323206e-13,0.0
56,2025-02-26,1200.0000000000002,50597.565622403505,54277.38823103098,48964.55989153347,4795.412342569653,53759.97223410312,0.00958944025360501,0.028884810930115096,0.018539515419121584,0,1160.9046768693365,121060.73411666666,52245.88608333333,51277.2726727057,968.613410627628,2180.116898255819,160.3088139583532,75476.23917395438,23753.982603413624,19240.725908765035,1200.0,0.8055381944444444,4.547473508864641e-13,0.0
57,2025-02-27,1200.0,51741.399933368455,57297.8358021657,49480.20421156605,1703.2273556213263,51183.43156718738,0.002399122625257998,0.06723127695219033,0.025279821793303247,0,289.3329624945116,120599.48893333334,53642.90473333333,52286.82166119952,1356.0830721338098,5222.195030393468,50.94054842877438,77675.0831924119,23045.333178686076,18666.719874735725,1200.0000000000032,0.7979118055555556,9.094947017729282e-13,2.1827872842550278e-11
58,2025-02-28,1200.0000000000032,14973.208113187746,15543.661199586237,14470.130704083753,637.5249094483543,15107.655613532108,0.003003697820992671,0.0396206735028262,0.13513123532334995,0,226.4340844847123,75385.10795,52092.51439999999,45053.1885780286,7039.325821971395,1416.8124028256384,528.5858728239917,35759.42248242133,19518.625890973788,15810.086971688768,1200.0000000000034,0.6166784722222222,1.8189894035458565e-12,1.8189894035458565e-12
59,2025-03-01,1200.0000000000034,14816.081030916634,15429.220049360934,14272.124376021737,4046.0664851065676,18318.190861128303,0.014891744615959311,0.05344033310691709,0.13046730641195456,0,1075.8415829482644,72244.16014999998,48585.39421666667,42246.588702255205,6338.805514411455,1897.3538305627603,908.683141670286,35504.15426428498,19875.723301344296,16099.335874088883,1199.9999999999973,0.6142222222222222,1.8189894035458565e-12,0.0
60,2025-03-02,1199.9999999999973,52049.54040938734,55471.85961394181,49883.92128861923,17152.770677066506,67036.69196568574,0.03246519425978281,0.02737164689744663,0.03357267359956132,0,3826.361336149441,117860.41708333333,45502.110016666666,43974.48252898578,1527.6274876808798,2111.5782481105225,130.62457077991724,77144.72775503696,25489.219568149572,20646.267850201148,1200.0000000000023,0.8122930555555556,9.094947017729282e-13,2.1827872842550278e-11
61,2025-03-03,1200.0000000000023,51705.65785391218,58194.839613715776,49562.13119902256,12823.102625715008,62385.23382473757,0.023084944901755684,0.024705869863439523,0.008297400747831175,0,2723.0711428562154,117958.7456,45941.59896666666,45560.403109044084,381.19585762257987,1886.0336950441865,223.1763327721543,76339.49767683327,23973.77000482754,19418.75370391031,1200.0000000000027,0.81185,9.094947017729282e-13,5.093170329928398e-11
62,2025-03-04,1200.0000000000027,60935.03928785322,69163.95082285964,58195.48514060094,698.6680509473254,58894.15319154826,0.0024878715566770907,0.10168334331761877,0.08168347372309133,0,293.91471998959923,118139.02498333334,48939.56705,44942.01321085186,3997.553839148141,8816.381919210415,260.6569476494128,86704.28834810737,24863.960151345593,20139.807722589932,1200.000000000005,0.8006277777777778,9.094947017729282e-13,0.0
63,2025-03-05,1200.000000000005,51191.112927540584,56401.54857737772,49033.83169007448,1256.8671756350334,50290.69886570951,0.0025047052081972054,0.054729054806180795,0.04577812562301005,0,295.7391697191302,118073.44383333332,51942.971816666664,49565.11992761083,2377.851889055837,4231.71518600584,221.12616403134894,77321.18160988108,24503.976441266,19848.220917425468,1200.0,0.7945006944444444,2.2737367544323206e-13,2.9103830456733704e-11
64,2025-03-06,1200.0,50637.45117130004,57037.17194817782,48359.85504692835,1477.291727175537,49837.14677410389,0.0035029806158201823,0.037030988163843405,0.047532377412477386,0,412.2083347144559,117673.59855,51732.944416666665,49273.95457799495,2458.9898386717146,2804.8052363772895,293.15279822688547,75742.11155174806,24509.041472912093,19852.323593058794,1200.000000000001,0.7918569444444444,9.094947017729282e-13,7.275957614183426e-12
65,2025-03-07,1200.000000000001,14713.730894089416,16951.478020203715,13945.106597436697,154.49444093319997,14099.601038369898,0.0010824909311588,0.06733259782075837,0.14418200617129243,0,77.59334121180984,71680.36145,50758.07591666667,43439.6747016069,7318.401215059763,2357.102824194735,891.6180388646817,35006.85998287816,18921.293224407662,15326.247511770207,1200.000000000004,0.6085013888888889,1.8189894035458565e-12,3.637978807091713e-12
66,2025-03-08,1200.000000000004,13579.980788864052,14781.331174289164,13014.516089781897,1674.518054126652,14689.03414390855,0.009595409144628442,0.032078147091051404,0.1666799247628881,0,694.1771070922239,72344.71158333334,53281.57206666666,44400.60364334627,8880.968423320399,1040.5532475774341,514.5007492958792,32438.07208140489,19121.511850719686,15488.42459908295,1199.9999999999982,0.5972631944444444,4.547473508864641e-13,7.275957614183426e-12
67,2025-03-09,1199.9999999999982,48651.57103542261,53917.83194882857,46732.90720551919,2238.6721691152798,48971.579374634464,0.00447336775808823,0.065859240894913,0.045106418026934866,0,526.4840111622133,117692.9865,54359.461449999995,51907.500858117244,2451.9605918827506,4925.199770989897,182.35181676327136,74783.73124355768,23248.305395178766,18831.127370094797,1200.0000000000016,0.7838090277777777,1.8189894035458565e-12,4.3655745685100555e-11
68,2025-03-10,1200.0000000000016,48466.12932808137,53040.92696749359,46347.977360933,10126.010508502155,56473.98786943516,0.023302176407724074,0.02187971527958289,0.01550294532865332,0,2748.3300919396215,117943.06436666666,49900.99291666666,49127.380551634065,773.6123650325999,1582.842571967145,169.10764356700167,72342.92365057321,23808.524799716317,19284.905087770218,1200.0000000000014,0.802451388888889,9.094947017729282e-13,0.0
69,2025-03-11,1200.0000000000014,49709.73252382648,56122.98097435397,47399.462526142364,1528.6469996688065,48928.109525811175,0.0030049230038174824,0.049045793297020045,0.058532921468080014,0,353.0771095977253,117499.55295,53560.63415,50425.57375751748,3135.0603924825145,3674.4446150492113,260.9949110789403,74918.649858447,22433.201312810845,18170.893063376785,1200.0000000000002,0.7893930555555556,2.2737367544323206e-13,0.0
70,2025-03-12,1200.0000000000002,47044.14941091441,50819.17061496463,45117.2369138163,2079.1994180627325,47196.43633187903,0.005066186300594567,0.04368627604700101,0.056563166556994345,0,598.3785961776143,118112.23683333333,55676.70215,52527.451572945385,3149.250577054615,3178.3571897382753,147.46076808479722,72754.13418893288,23378.47140473405,18936.561837834583,1200.000000000001,0.7801680555555556,2.2737367544323206e-13,0.0
71,2025-03-13,1200.000000000001,47205.168047757565,55659.84787827594,44732.99589359404,17032.614921043725,61765.61081463777,0.03411782990096578,0.027906803644272508,0.016349768931753047,0,4033.9993063452653,118237.27705,50691.65903333333,49862.862121371116,828.7969119622119,1968.404364466803,76.70463559999087,70534.92723702849,21838.961129884672,17689.558515206587,1199.999999999999,0.7996374999999999,9.094947017729282e-13,5.093170329928398e-11
72,2025-03-14,1199.999999999999,13674.996674187634,14413.61915127076,13157.225354863498,163.2700632789889,13320.495418142487,0.0011343636113396126,0.05522743160656189,0.20480108887857365,0,81.79767699173686,72108.86895,56079.44296666667,44594.31198338946,11485.130983277202,1876.011365190318,803.5382504988316,33968.83234684805,20297.491797579503,16440.968356039393,1200.0000000000025,0.5913868055555556,9.094947017729282e-13,3.637978807091713e-12
73,2025-03-15,1200.0000000000025,13802.345303567074,15411.730928102417,13210.56235886151,1466.2577223912426,14676.820081252754,0.007397717798522746,0.04242385876796587,0.1327843225233871,0,537.9988921358074,72724.98178333332,51800.85663333333,44922.51497914507,6878.341654188269,1381.6999798166064,410.545951130349,32568.936912922305,18485.384578541525,14973.161508618636,1199.9999999999995,0.6047722222222222,1.8189894035458565e-12,1.8189894035458565e-12
74,2025-03-16,1199.9999999999995,48345.15909606613,56428.79722600914,45904.2252022793,2885.2941836253776,48789.519385904685,0.0058342567107541295,0.0577494233132025,0.03710372723308669,0,688.3443696071164,117983.21598333333,54632.16905,52605.11195141691,2027.057098583081,4257.862970942184,303.8207826469709,73729.9651954925,23571.167261021365,19092.645481427306,1200.0000000000005,0.784895138888889,4.547473508864641e-13,7.275957614183426e-12
75,2025-03-17,1200.0000000000005,46379.13164238251,50602.041286815205,44421.243609813784,1149.5605784949882,45570.80418830877,0.0018917715512110922,0.09253998403382077,0.08120057585367216,0,222.6494454802376,117693.6218,59835.490366666665,54976.81409240648,4858.676274260186,6825.527608410129,204.7969730728795,73757.60520896123,22279.591396657648,18046.469031292694,1200.0,0.7601756944444445,2.2737367544323206e-13,0.0
76,2025-03-18,1200.0,45225.615569286936,56883.04323824563,42341.71453479125,5923.076423235763,48264.79095802701,0.010520963640361434,0.04111729063641339,0.034662107303079275,0,1233.6190062281478,117253.42358333332,56127.465216666664,54181.96899467672,1945.4962219899494,2841.7173558087698,183.41666268788867,69112.4661140039,22365.77112146723,18116.27460838846,1200.0000000000005,0.7760166666666666,2.2737367544323206e-13,2.9103830456733704e-11
77,2025-03-19,1200.0000000000005,44145.66371050895,54666.66234689631,41727.684383000655,3938.931739856881,45666.61612285754,0.00677643756166352,0.051314480839855015,0.036699190693411946,0,794.7511549216186,117281.55799999999,57816.08755,55694.28392785555,2121.80362214445,3545.4998976648985,313.6021349320263,69093.55487254923,23378.578540681418,18936.64861795195,1200.0000000000005,0.7718381944444445,4.547473508864641e-13,2.9103830456733704e-11
78,2025-03-20,1200.0000000000005,45201.196603668635,54626.466040591746,42645.530926205014,4038.073925604475,46683.60485180949,0.008835158903136032,0.03242949615973145,0.02261186167413605,0,1039.4421473108064,117648.38173333331,55439.41991666666,54185.83142221665,1253.5884944500096,2241.454021928186,141.69164121273275,69117.7565907255,22692.11980936167,18380.617045582956,1200.000000000001,0.7786381944444444,4.547473508864641e-13,4.3655745685100555e-11
79,2025-03-21,1200.000000000001,12773.138574766868,14150.637337049864,12216.580735771578,854.1448939401407,13070.72562971172,0.005109662579074944,0.040875582623551024,0.2409124191381998,0,370.92845505037303,72593.53221666666,60560.06769999999,45970.39528721984,14589.672412780154,1282.2665843553918,383.8474479369404,31369.989173355454,18166.66666666667,14715.000000000002,1200.0000000000014,0.5702902777777777,1.8189894035458565e-12,0.0
80,2025-03-22,1200.0000000000014,13183.195369897321,14413.773249617381,12667.863933205215,348.44238919302984,13016.306322398244,0.001924619067904727,0.05311628569446132,0.1924097219579115,0,138.45118626637202,71936.92953333333,56055.7298,45270.06241503418,10785.667384965815,1729.653948781834,697.4747255175614,32563.533503288483,18989.415247138513,15381.426350182199,1199.9999999999995,0.5873881944444445,4.547473508864641e-13,1.8189894035458565e-12
81,2025-03-23,1199.9999999999995,44209.92112399987,51753.09250395404,41910.03897784201,1462.0649113671016,43372.10388920911,0.003400023739343363,0.049904104988661595,0.05155585956467887,0,400.3187177764145,117739.97726666665,58970.257150000005,55929.994853881595,3040.2622961184,3460.2463346687364,105.44294840254236,69337.90988646961,22960.825833629886,18598.268925240205,1200.000000000004,0.7671784722222222,4.547473508864641e-13,1.4551915228366852e-11
82,2025-03-24,1200.000000000004,42168.07022566707,49377.58140146103,40060.027884288334,5163.217158934164,45223.2450432225,0.01065906642638102,0.04113264586150758,0.04455934518835717,0,1251.6426937321748,117425.17061666667,59426.67353333333,56778.65987396572,2648.013659367609,2744.7795211241605,215.29507491987874,66729.95290324267,23026.369780157183,18651.359521927323,1200.0000000000016,0.7674861111111111,4.547473508864641e-13,1.4551915228366852e-11
83,2025-03-25,1200.0000000000016,42680.267894702636,50134.418571851646,40547.9223920345,6153.779788892173,46701.70218092667,0.014877328844775588,0.021228929265104692,0.03216556412141208,0,1756.315798776028,118053.16781666665,57103.043099999995,55266.291505639194,1836.7515943608078,1419.5019324662494,86.84961124225902,66866.39324761296,22786.74311396318,18457.261922310176,1200.0,0.7712756944444445,2.2737367544323206e-13,2.1827872842550278e-11
84,2025-03-26,1200.0,44374.48267902787,51189.63982114056,42079.11779695854,389.3280549892782,42468.44585194782,0.001070441436862123,0.07844647889020387,0.07667793670865054,0,125.99591090755337,117704.62779999999,62112.07293333333,57349.44733610811,4762.625597225219,5512.458641743683,281.67026734707815,70270.31320881963,22352.63024602383,18105.630499279294,1200.0000000000064,0.7566111111111112,4.547473508864641e-13,1.4551915228366852e-11
85,2025-03-27,1200.0000000000064,42871.87814840442,48562.731765782366,40874.62373923577,3306.8297513204743,44181.45349055625,0.006986152912131006,0.05630220528447224,0.0341738487983187,0,824.0348885727072,117952.59836666666,59235.60896666667,57211.30022236347,2024.3087443031984,3842.2660803602766,251.3172981777218,68243.61605281467,22277.733781822095,18044.964363275903,1200.000000000001,0.7664159722222222,4.547473508864641e-13,0.0
86,2025-03-28,1200.000000000001,12432.901897832568,13257.456747210092,11960.27138357215,1277.6983141161995,13237.96969768835,0.00598121666871409,0.047450252520899364,0.2474834310944006,0,430.00023671870065,71891.76726666666,61069.8865,45956.10145243438,15113.785047565616,1463.0687975320639,517.6721703062929,30833.741019347755,17617.549863135882,14270.215389140065,1200.0000000000018,0.5747680555555555,4.547473508864641e-13,5.4569682106375694e-12
87,2025-03-29,1200.0000000000018,12726.745292428404,13796.358693781021,12135.266602117234,579.4455010807845,12714.712103198019,0.002606455120257736,0.03551130544660616,0.2888730942322934,0,187.97305356716146,72118.27746666667,64411.06828333333,45804.443685519305,18606.624597814032,1097.1097592231097,519.6255873019718,30894.661444443213,16589.81773862067,13437.752368282741,1200.000000000006,0.5630868055555556,1.8189894035458565e-12,1.8189894035458565e-12
88,2025-03-30,1200.000000000006,40624.4782229116,47221.688046175484,38549.77291795,3249.742815412139,41799.51573336214,0.0072289993607794825,0.05156421065626633,0.04794323377857722,0,852.983653165013,117994.70585,62649.086149999996,59645.48636669632,3003.599783303674,3371.1364497545455,180.88233427751925,65377.44700926337,22785.22313206663,18456.030736973975,1200.000000000001,0.7520270833333333,4.547473508864641e-13,0.0
89,2025-03-31,1200.000000000001,41894.29677297981,48204.776497442675,39675.0105918896,4119.761334314498,43794.7719262041,0.007941183077683827,0.04410902065348269,0.05646140133864528,0,929.7192946036436,117075.66561666667,60124.27613333333,56729.57524837366,3394.700884959665,2944.968733988492,166.06921616342618,66765.67945418593,22306.686475498238,18068.41604515357,1200.0000000000034,0.7607041666666667,2.2737367544323206e-13,7.275957614183426e-12
90,2025-04-01,1200.0000000000034,42565.47057567071,49711.336578999406,40261.13912381709,8087.684703346734,48348.823827163826,0.022292634251337935,0.022408658221365306,0.03939814490715298,0,2629.798446139973,117967.1463,57758.29478333333,55482.72511586951,2275.5696674638248,1470.2040684231997,113.49498532868358,65608.75059540373,21949.62528242811,17779.196478766775,1200.0,0.7731090277777778,2.2737367544323206e-13,1.4551915228366852e-11
91,2025-04-02,1200.0,42776.873666882835,47379.32477647348,40808.52676047402,8479.075538353096,49287.602298827114,0.01414381792347261,0.04882741579685046,0.025788622948401445,0,1668.7814043450312,117986.62945,57551.29404999999,56067.12542755196,1484.1686224480293,3311.2316049568676,134.9709567788217,67815.00824728172,21674.12140759488,17556.038340151856,1200.0000000000032,0.772320138888889,2.2737367544323206e-13,3.637978807091713e-11
92,2025-04-03,1200.0000000000032,43187.98722754772,51144.152834890265,40861.04372232856,1657.706173866836,42518.7498961954,0.0035225691855811816,0.06805556458208911,0.062106655494970596,0,415.25615251685747,117884.45609999998,62020.92583333333,58169.01355912337,3851.9122742099553,4669.489378270416,234.51356396071856,68612.89604963962,23203.719573940616,18795.012854891902,1199.9999999999998,0.7644638888888888,9.094947017729282e-13,2.1827872842550278e-11
93,2025-04-04,1199.9999999999998,12202.503813968593,13081.797898118113,11661.657606636209,517.1999115265585,12178.857518162768,0.002298610564226517,0.057928886756805104,0.2857727978602181,0,164.89255695852157,71735.75181666667,65304.949566666655,46642.571414879894,18662.37815178677,1744.9417086655503,466.54574031311824,30122.13433327486,15696.626523515479,12714.267484047537,1200.0000000000032,0.5595027777777778,4.547473508864641e-13,1.8189894035458565e-12
94,2025-04-05,1200.0000000000032,12101.369683250863,12546.161899435014,11526.067511018755,3258.2183241563753,14784.285835175131,0.014634488015780649,0.03524155985819209,0.2362064236498491,0,1062.5039660046907,72602.74256666665,60558.62758333332,46254.29074073106,14304.336842602266,1045.9780040295911,313.6118699382482,29680.241403572487,15972.12457723022,12937.420907556483,1200.000000000003,0.5755284722222221,4.547473508864641e-13,0.0
95,2025-04-06,1200.000000000003,41076.18890440066,49469.99953397666,38908.46966554613,1447.1152355198365,40355.584901065966,0.0035011877100164504,0.04441361181541805,0.05727943066712159,0,410.35821310555286,117205.43058333333,62795.354316666664,59198.47217286781,3596.8821437988427,2878.114608791898,216.15380384833554,64802.534429158244,21640.34641662138,17528.680597463324,1200.0000000000005,0.7556868055555556,2.2737367544323206e-13,7.275957614183426e-12
96,2025-04-07,1200.0000000000005,40995.99070696826,47770.87024691024,38491.97733493002,790.1922734828373,39282.16960841286,0.0023653185120362493,0.04747497299631816,0.07314482294078853,0,276.77808163999435,117015.14203333334,63772.422750000005,59107.80017944613,4664.6225705538645,3103.7810422957173,252.8597308919941,65377.20500728722,23105.26558869634,18715.26512684403,1200.000000000001,0.7517159722222222,4.547473508864641e-13,0.0
97,2025-04-08,1200.000000000001,40814.93689882571,45457.74658599314,38510.00132257144,2758.615371875556,41268.616694447,0.005424871581584369,0.06303397132758562,0.057661560644656634,0,638.5794831424319,117713.29026666666,63360.09664999999,59706.654594564716,3653.44205543528,4153.218922571347,129.32884193571056,65888.58095243905,22305.14209985519,18067.165100882707,1200.0000000000007,0.7519159722222222,9.094947017729282e-13,3.637978807091713e-11
98,2025-04-09,1200.0000000000007,40156.17148974589,46682.423268646264,38172.341786137906,8176.73468579815,46349.07647193606,0.019485377924783172,0.025621048409682712,0.022428369597260932,0,2292.9909998141875,117677.52253333332,58543.21151666666,57230.18273136024,1313.0287853064226,1644.5336497240523,172.9410332297649,64186.82106320637,22184.197779440263,17969.200201346608,1200.0000000000002,0.7662708333333333,2.2737367544323206e-13,2.9103830456733704e-11
99,2025-04-10,1200.0000000000002,40587.001697444866,46567.83292749356,38290.17228624398,2245.2692494932676,40535.44153573725,0.00410815274565515,0.0618685823963182,0.04314668895153665,0,483.4009957899098,117668.70068333333,63208.06278333333,60480.84415919165,2727.218624141683,4017.454154677684,111.1195160237977,64935.28700791378,21590.830572950144,17488.572764089622,1200.0000000000011,0.7580270833333334,9.094947017729282e-13,0.0
100,2025-04-11,1200.0000000000011,11843.822964844305,12472.942132097856,11304.047369128435,836.8952060559127,12140.942575184348,0.004013342426620962,0.038469138783292486,0.2916783558103914,0,289.32986917659554,72091.99675,66775.34658333333,47298.42328323763,19476.923300095703,1126.5091399282765,411.61262816103493,29283.450983247127,17058.345355642345,13817.259738070303,1199.9999999999984,0.5514784722222222,9.094947017729282e-13,0.0
101,2025-04-12,1199.9999999999984,11276.984579942147,11877.783241536352,10792.285060552404,567.9605703748225,11360.245630927226,0.0024992790393151654,0.045351165436030516,0.24865629915084322,0,179.84106112194712,71957.17576666665,62932.01521666667,47283.57321478578,15648.442001880885,1338.6365731373699,391.40582001709123,29517.13721724673,17333.333333333332,14039.999999999998,1199.9999999999982,0.5638673611111111,9.094947017729282e-13,1.8189894035458565e-12
102,2025-04-13,1199.9999999999982,40157.54036431488,45277.49526435353,38109.538000232,2847.333055709718,40956.87105594172,0.005504682498939439,0.05212978566230649,0.04843749188392941,0,645.6060199143656,117283.06219999999,63006.703716666656,59954.81701675748,3051.886699909186,3358.648191018203,207.06051274888955,64428.58239961539,22001.23438168499,17820.99984916484,1200.0000000000005,0.7562548611111111,4.547473508864641e-13,2.1827872842550278e-11
103,2025-04-14,1200.0000000000005,39250.16742864134,44212.93988206611,36991.7178081057,2099.117222712963,39090.835030818664,0.004742681937917911,0.053682439610884085,0.057156858749014904,0,559.1687106809732,117901.37268333332,65373.34088333332,61636.80607251344,3736.534810819884,3406.0982229602746,126.63797900202485,63449.02071607212,22162.56112616261,17951.674512191712,1200.0000000000016,0.7465972222222221,4.547473508864641e-13,2.1827872842550278e-11
104,2025-04-15,1200.0000000000016,38830.83991912346,42752.54702942788,36718.96811045008,1787.219968740174,38506.18807919025,0.0031687278233998774,0.065957841556036,0.08394060728889038,0,370.9214723226975,117056.90516666666,66917.47633333332,61300.38273167338,5617.093601659949,4213.282945608404,36.35678104025067,63878.42364472938,22332.541870579724,18089.358915169578,1200.0000000000023,0.738532638888889,2.2737367544323206e-13,0.0
105,2025-04-16,1200.0000000000023,39769.80465496072,44734.70648009982,37677.19975738399,2905.3109703029804,40582.51072768697,0.006368457785188703,0.028652186389941537,0.043454838126674354,0,750.9996523702963,117924.88506666665,62145.29311666667,59444.77946394718,2700.51365271948,1826.2530001287705,139.43118769791408,63738.69607276755,21283.715445219383,17239.8095106277,1200.000000000001,0.7623541666666667,9.094947017729282e-13,0.0
106,2025-04-17,1200.000000000001,39078.45666754053,45224.114576589316,36936.686184165665,499.84754684898815,37436.53373101465,0.0010768578688026057,0.05068996454713013,0.04769532744318711,0,126.51684634205219,117487.04263333333,64618.700283333324,61536.69021436658,3082.0100689667506,3198.5330647630767,142.44056703907597,63099.92704353086,20711.14652160005,16776.028682496042,1200.0,0.7477673611111111,9.094947017729282e-13,1.4551915228366852e-11
107,2025-04-18,1200.0,11545.017640764643,12173.227440208155,11043.613974797257,341.40009237709245,11385.01406717435,0.0014666007886849628,0.05832427319881198,0.2655959263474689,0,104.84753875193155,71490.16935,65136.05216666666,47836.18205284377,17299.870113822893,1667.7505930858197,400.89434175815427,28594.45135991494,15666.666666666668,12690.0,1200.0000000000027,0.5594201388888889,1.7053025658242404e-13,0.0
108,2025-04-19,1200.0000000000027,11360.443231506166,11736.720689493937,10866.684746950821,563.1689879854158,11429.853734936238,0.0034986905642010275,0.05655172672489292,0.2579215742783259,0,251.5747982000007,71905.41535,65120.736099999995,48324.69332692459,16796.04277307541,1601.5287315347314,356.7933620805749,28319.71407921256,15959.182951167628,12926.938190445784,1200.0,0.5579763888888889,4.547473508864641e-13,0.0
109,2025-04-20,1200.0,38449.25082811179,41291.29195286392,36789.619608627894,1467.3895159759504,38257.00912460384,0.003550289724559066,0.047098237635585606,0.06604570604922029,0,416.0862031281655,117197.81635000001,65240.07146666667,60931.24488394907,4308.826582717591,2971.5966937436306,232.19301719616726,63093.585724711,21259.53026762343,17220.21951677498,1199.9999999999995,0.7454388888888889,4.547473508864641e-13,2.1827872842550278e-11
110,2025-04-21,1199.9999999999995,37125.53287709526,40839.340097314336,35376.54340924918,1231.0939959473815,36607.63740519656,0.002933829665542475,0.06369159400148407,0.07389309027773656,0,347.60494404418444,118481.63788333331,69964.7275,64794.817574585264,5169.909925414738,3917.132258647682,174.01139250495362,61501.55793802884,21427.36274827538,17356.16382610306,1200.0000000000023,0.7339520833333333,9.094947017729282e-13,1.4551915228366852e-11
111,2025-04-22,1200.0000000000023,37658.37099336814,40783.36041696657,36072.14512255039,1500.1625850054122,37572.3077075558,0.0036839190010145026,0.04373705613946729,0.049880689356680406,0,434.0061851738372,117811.00101666666,65658.0717,62383.00182177365,3275.069878226349,2706.6601430805763,150.14355507016774,61884.82678051461,21231.737224445744,17197.707151801056,1200.0000000000032,0.7509583333333334,9.094947017729282e-13,1.4551915228366852e-11
112,2025-04-23,1200.0000000000032,38454.09542356299,42671.38933665452,36561.88204757204,1266.648241122307,37828.53028869435,0.0027609054886232787,0.043914437792457094,0.06315144348060488,0,325.87109604432095,118030.51476666666,66630.59805,62422.77960316652,4207.818446833477,2729.5679816071925,94.58185215897345,62156.505213782635,21318.37532926657,17267.884016705924,1200.0000000000045,0.7479125,3.183231456205249e-12,0.0
113,2025-04-24,1200.0000000000045,37431.18553401191,43398.93409424025,35442.16861349151,1076.852676458067,36519.021289949575,0.0017367983199678947,0.059538094755102834,0.08879293207676181,0,204.06994632502455,117497.77966666667,70407.67296666667,64155.96924325457,6251.703723412092,3634.4230274694837,138.24525806485417,61043.656879161186,21753.937455472536,17620.68933893276,1200.0000000000032,0.7361847222222223,9.094947017729282e-13,0.0
114,2025-04-25,1200.0000000000032,10618.288721033954,11271.516089023648,10144.360534480204,496.3331623448465,10640.69369682505,0.0017814747842240914,0.058374997419261665,0.2999242154695982,0,127.84454714997418,71763.3212,69762.96354999999,48839.36143843207,20923.60211156792,1618.3511839035987,245.6722289805752,27723.361977736047,16122.22816017857,13059.004809744647,1199.9999999999982,0.5406916666666667,4.547473508864641e-13,0.0
115,2025-04-26,1199.9999999999982,10337.433740446491,11061.235798273568,9930.624315677838,1792.7994139453544,11723.423729623193,0.00887210217684492,0.028894407214203312,0.3252705198434355,0,639.6867680260343,72100.92436666667,72030.73073333333,48601.25750299948,23429.47323033386,787.9291563569593,278.3059589295352,27269.26185111856,17594.982316794238,14251.935676603332,1200.0000000000005,0.5378048611111111,2.2737367544323206e-13,1.8189894035458565e-12
116,2025-04-27,1200.0000000000005,34546.8839506087,39790.08983865958,32916.5613861521,4255.507329001558,37172.068715153655,0.009110638469378705,0.04684845251806452,0.04420854056830141,0,1066.2410019606168,117032.52253333334,68459.05135,65432.57660112609,3026.474748873904,2679.7362952774647,142.08368014670236,57200.10269803837,20234.619959829386,16390.042167461797,1200.0000000000034,0.7337826388888888,4.547473508864641e-13,2.1827872842550278e-11
117,2025-04-28,1200.0000000000034,35138.73976055798,39147.732797770324,33533.13286099262,22264.421454054493,55797.55431504711,0.04997910818286567,0.017349935781623953,0.01477762628196916,0,5874.409472205223,117537.3008,60915.33348333332,60015.1494502751,900.1840330582224,982.5624951203762,242.805983222421,56632.05371405752,19783.91241155298,16024.969053357918,1200.0000000000016,0.7660520833333333,9.094947017729282e-13,7.275957614183426e-12
118,2025-04-29,1200.0000000000016,36497.625118886695,42856.97931829099,34402.90600775,2748.5899902400706,37151.495997990074,0.005746369365671124,0.04461227641392227,0.10044428009853475,0,673.7776607298812,117252.75871666666,69819.545,62806.57106566775,7012.973934332251,2705.076614733401,112.94739912093155,60635.25182250553,21288.514833590303,17243.69701520814,1200.000000000001,0.7303826388888888,4.547473508864641e-13,0.0
119,2025-04-30,1200.000000000001,36920.73522222666,44347.53282981485,34826.883860298745,1847.6299303924438,36674.51379069119,0.00459610941924928,0.05396264959279142,0.07873014130284042,0,540.8833965462611,117682.88071666665,69426.02628333334,63960.105423951776,5465.9208593815465,3259.6784738736787,112.09171078256315,60406.19759169723,20276.50268880196,16423.967177929586,1200.000000000001,0.7294423611111112,9.094947017729282e-13,1.4551915228366852e-11
120,2025-05-01,1200.000000000001,36126.969134115585,41490.31753069299,34270.34220527941,14673.47855966934,48943.82076494875,0.025650591505237515,0.029555101728850706,0.06397838080520747,0,3087.422773744298,120364.58391666666,69353.20511666666,64916.099349650896,4437.105767015763,1704.3310065333387,0.0,57666.2202745737,18951.72355141527,15350.896076646368,1200.000000000004,0.7473263888888889,1.8189894035458565e-12,0.0
121,2025-05-02,1200.000000000004,12571.516074280375,13338.016132902476,11995.121349556826,4929.554053859763,16924.67540341659,0.019901100458581178,0.02459571111072604,0.20123579628407706,0,1487.8267034067396,74761.02673333333,60470.70664999999,48301.83584542641,12168.870804573582,714.2107329423984,217.4443423842115,29038.019259826786,16500.0,13365.000000000004,1200.000000000002,0.5869513888888889,4.547473508864641e-13,9.094947017729282e-12
122,2025-05-03,1200.000000000002,13642.019593761295,15109.922650955737,13003.341851356068,1585.263141608244,14588.604992964312,0.004672122069609495,0.07275909221960834,0.2599038819806515,0,349.91787823673855,74894.84928333333,66027.67763333333,48866.827898262956,17160.84973507037,2274.5849882418233,231.56449382719114,31261.865958641385,16197.962998624898,13120.35002888617,1200.0000000000023,0.5698243055555555,4.547473508864641e-13,3.637978807091713e-12
123,2025-05-04,1200.0000000000023,39988.33750855995,51578.0951972163,37908.08667435649,4116.08582372579,42024.172498082284,0.007677392749551738,0.04118882479305196,0.07290044239117222,0,926.4316297807908,120670.08423333333,68935.4169,63909.99451157011,5025.422388429889,2567.2238396558614,37.56404858011297,62328.1643153101,20472.201763640507,16582.48342854881,1200.000000000001,0.7461284722222222,2.2737367544323206e-13,5.093170329928398e-11
124,2025-05-05,1200.000000000001,42145.932716873656,50352.43545251984,39817.76697818765,5196.697012618743,45014.46399080639,0.009995110051843505,0.07343558043720888,0.0458749054148744,0,1205.531851438316,120612.16386666667,65536.15706666667,62529.69205997898,3006.4650066876857,4820.078149689946,132.33803875157196,65636.82238218782,20039.295992089123,16231.829753592188,1200.0,0.7604611111111113,4.547473508864641e-13,7.275957614183426e-12
125,2025-05-06,1200.0,41654.57390390908,51019.19198478662,39705.87402132464,3668.089587655615,43373.96360898026,0.007421807802579119,0.07085290062859718,0.0617048007905573,0,898.1663257303805,121017.19009999999,68147.10773333334,63942.104026195346,4205.00370713798,4604.6871700934935,252.2595446975671,64989.395342199714,20818.57304912839,16863.044169794,1200.0,0.7532361111111112,2.2737367544323206e-13,4.3655745685100555e-11
126,2025-05-07,1200.0,41844.7598257012,53343.180212437444,39607.567290767896,2465.8813807203896,42073.44867148829,0.004747125826693765,0.042803776312279086,0.04455217837756842,0,575.1627858733881,121160.21501666667,66092.36906666667,63147.81005061245,2944.5590160542183,2751.728155405324,169.29103867567414,64287.041763087094,20677.791520132992,16749.01113130773,1200.0000000000014,0.7587291666666667,9.094947017729282e-13,3.637978807091713e-11
127,2025-05-08,1200.0000000000014,42712.8115997543,53618.31565287094,40404.35558376302,4659.134397324184,45063.4899810872,0.01133586176963552,0.05883099496605768,0.037099024551624636,0,1365.3532823952278,120445.47738333332,64618.964983333324,62221.66441491607,2397.300568417256,3824.8629426948137,298.2661820552595,65014.41875836969,21225.420776829465,17192.590829231875,1200.0000000000005,0.7616590277777777,4.547473508864641e-13,1.4551915228366852e-11
128,2025-05-09,1200.0000000000005,14702.68950433502,17800.445968259493,13935.799505742434,161.43733700153504,14097.236842743969,0.0011485951332515201,0.08764401673272855,0.25698105096731194,0,85.28758253717785,74253.82544999999,65754.4396,48856.79460582536,16897.644994174632,2775.007965858562,814.0015687667301,31662.263658236716,14534.26769459985,11772.756832625877,1200.000000000003,0.5667381944444444,9.094947017729282e-13,1.8189894035458565e-11
129,2025-05-10,1200.000000000003,14121.43660896229,17490.351621489117,13202.405138034823,1427.4332501725896,14629.838388207412,0.00688716567700784,0.0610907605051901,0.22435603106886162,0,514.1130542684857,74647.98705,62526.941766666656,48498.6452770235,14028.296489643166,1901.1484452528857,448.6879576931286,31120.06512165403,16500.0,13365.0,1200.000000000001,0.5753076388888889,2.2737367544323206e-13,1.0913936421275139e-11
130,2025-05-11,1200.000000000001,44546.5980926661,58600.15562576513,41925.81961295598,2297.8337245041016,44223.653337460084,0.0038411891259747867,0.06843049556973842,0.07595561858538656,0,463.7970459450905,120743.09041666667,65259.01133333333,60302.222759239245,4956.788574094086,4743.631387874053,144.4271484940291,69320.43014418558,23448.95261229031,18993.651615955154,1199.9999999999982,0.7607819444444445,1.8189894035458565e-12,0.0
131,2025-05-12,1199.9999999999982,47634.32147630928,58490.566007534835,44478.52010845402,339.7683385905674,44818.288447044586,0.0009000708494486394,0.0964155066450469,0.13537423742835095,0,108.41227697215561,120448.60361666666,68517.40838333333,59241.916472872676,9275.491910460649,7012.154577308832,315.79822350411575,72728.49380052564,22643.505962583506,18341.23982969264,1200.0000000000018,0.7517881944444444,4.547473508864641e-13,0.0
132,2025-05-13,1200.0000000000018,42283.989538409485,52707.29030757358,39740.467954766296,722.3607433754703,40462.82869814177,0.001938898333111462,0.06842341053832349,0.06150356983759411,0,233.1905882331696,120269.6316,67140.41883333333,63011.04339469209,4129.375438641236,4522.303044012597,253.9751711334501,66092.92066024223,22585.499094849787,18294.254266828328,1200.0,0.7564458333333334,2.2737367544323206e-13,2.9103830456733704e-11
133,2025-05-14,1200.0,42126.430977701464,50758.488292183676,39880.48484925185,650.200133380267,40530.68498263212,0.001779664042415737,0.06616517914205854,0.07528511435892196,0,214.61325557589583,120592.00526666666,67577.85648333334,62490.24982985476,5087.606653478566,4393.092785797087,190.50387933998957,66395.8420843234,20658.43809447538,16733.334856525056,1200.000000000001,0.747551388888889,9.094947017729282e-13,2.9103830456733704e-11
134,2025-05-15,1200.000000000001,42511.66418019541,52831.0992065064,40055.03060780324,1114.5249254661655,41169.555533269406,0.002274096135243858,0.06688971992341096,0.07093298085853623,0,271.9780541357792,119598.30981666666,66833.25153333333,62092.56978160566,4740.68175172767,4428.746102348123,477.8675836465368,66209.66730641207,21417.324418379874,17348.032778887693,1200.0,0.7527770833333334,2.2737367544323206e-13,7.275957614183426e-12
135,2025-05-16,1200.0,13307.676071827627,17159.810430732225,12421.776749407603,673.3492599368828,13095.126009344487,0.0035861376061782284,0.06309401313615869,0.30913017773971846,0,267.81757888793595,74681.34474999999,71965.83821666666,49719.02585756068,22246.812359105985,1892.7109128406053,434.38589881756565,29998.264791876227,15666.66666666667,12690.0,1200.0000000000025,0.5453854166666666,9.094947017729282e-13,0.0
136,2025-05-17,1200.0000000000025,13514.791855036601,17531.418770391516,12528.26492330229,2025.3288583823012,14553.59378168459,0.008062025843317413,0.05429046657090781,0.23534384462166724,0,606.8652096971165,75274.53043333333,64825.73134999999,49569.39450367965,15256.33684632034,1626.6507113914804,338.855461506003,29961.99543186723,15253.781784279967,12355.563245266776,1200.0000000000005,0.5734159722222222,4.547473508864641e-13,1.4551915228366852e-11
137,2025-05-18,1200.0000000000005,41901.29253885903,49393.626043530974,39728.42873059089,2720.872875955558,42449.30160654645,0.006335111075452701,0.0623169670098446,0.06317835907812056,0,764.5657847622699,120687.037,67010.8689,62777.23216249894,4233.636737501061,4077.9837834780888,514.8574417681253,65439.38158662093,19480.533203347,15779.231894711069,1200.0,0.75068125,4.547473508864641e-13,0.0
138,2025-05-19,1200.0,39322.495064802235,46752.55815820853,37401.46886075808,1553.383957840449,38954.852818598534,0.002393292865964693,0.09261787968446096,0.08369834676121621,0,287.3683895598564,120072.38798333332,72557.17143333334,66484.25613869318,6072.915294640145,5856.742874111315,154.2434352580924,63235.553373329225,20651.59794147125,16727.794332591715,1199.9999999999982,0.7317597222222223,9.094947017729282e-13,0.0
139,2025-05-20,1199.9999999999982,39737.19582171201,51550.33824451735,37293.47407903703,3853.30266754563,41146.776746582655,0.007870671132230738,0.03646706949474503,0.03817537304841237,0,947.9245661703643,120437.57771666667,65910.18289999999,63394.03708010341,2516.1458198965893,2268.271705095163,185.21923710579426,62200.54796073002,19218.110253348295,15566.669305212119,1199.9999999999995,0.7565819444444445,9.094947017729282e-13,0.0
140,2025-05-21,1199.9999999999995,40596.904742727216,49786.05433334771,38316.26755468348,2253.1593749601534,40569.42692964363,0.005302768368489787,0.05070246827728619,0.08453198846879448,0,637.8331596106948,120283.05128333332,68920.43599999999,63094.454498783714,5825.981501216287,3231.9574944379247,153.74225033493508,63743.59285158874,20037.523588826065,16230.394106949108,1200.0000000000014,0.7458243055555555,4.547473508864641e-13,3.637978807091713e-11
141,2025-05-22,1200.0000000000014,40214.67862892326,47986.78309740808,37893.94508404503,1240.2397415506891,39134.184825595716,0.002170848597443552,0.055900841754832765,0.07672707863379878,0,259.9150079365461,119729.68001666665,68913.0492,63625.552255136754,5287.496944863244,3538.747250596348,242.70780422627365,63304.00651418482,19359.677398783348,15681.338693014513,1200.0000000000023,0.7461930555555555,4.547473508864641e-13,0.0
142,2025-05-23,1200.0000000000023,13934.396432173573,17298.863052918998,12899.95864286683,284.74388827901777,13184.702531145847,0.0018836797561416184,0.08513620841658114,0.2650223241945155,0,141.24468320987054,74983.38438333332,68562.43549999999,50391.85949135344,18170.576008646556,2618.453997468678,609.6184531820568,30756.056044406927,16198.43886834831,13120.735483362138,1200.0000000000014,0.5569743055555555,9.094947017729282e-13,0.0
143,2025-05-24,1200.0000000000014,13468.444596359213,14591.635756019296,12711.05381509269,701.7794050706864,13412.833220163377,0.0027435054693471126,0.06569020030951214,0.28972528653440677,0,204.92289770644174,74693.81781666665,70939.31643333333,50386.40265313088,20552.91378020245,1935.6286452562786,718.4659275952893,29466.01831226253,14260.165650429582,11550.734176847958,1199.9999999999986,0.553204861111111,1.8189894035458565e-12,5.4569682106375694e-12
144,2025-05-25,1199.9999999999986,40174.61781800344,47833.57149844873,37903.179618859576,701.342661502392,38604.52228036197,0.0010859584950997363,0.07636316072433015,0.08216768667997683,0,130.66239320908048,120319.8776,71774.86741666666,65877.29259927712,5897.574817389544,4851.482377829906,249.25005661493572,63531.7125667923,21679.250130703473,17560.19260586981,1200.0000000000018,0.7379618055555556,9.094947017729282e-13,2.1827872842550278e-11
145,2025-05-26,1200.0000000000018,38620.26041671341,45931.53559436251,36414.143140237364,8345.504045125495,44759.64718536286,0.02102000166479303,0.040621608869781285,0.02861629165441761,0,2509.955714876888,119407.96936666666,64828.13641666666,62972.995557554954,1855.1408591117045,2457.4995184346085,306.265680103307,60497.345792297274,20045.065786971314,16236.503287446765,1200.000000000001,0.7524722222222222,2.2737367544323206e-13,3.637978807091713e-11
146,2025-05-27,1200.000000000001,38699.66934855623,45204.37991904639,36353.08460323693,921.1272509209878,37274.21185415792,0.0030877266496156792,0.06739675469621938,0.04910747432241065,0,370.67178801040734,120046.82734999999,70656.46005,67186.69975238219,3469.7602976178086,4091.872863193784,188.54990199940983,60713.203204475925,20754.340156185935,16811.015526510604,1200.0,0.7429215277777778,4.547473508864641e-13,7.275957614183426e-12
147,2025-05-28,1200.0,39082.008147162254,44952.349949615425,36920.14310787079,5395.823068868658,42315.96617673945,0.013361310010176361,0.051434545234364644,0.05185152112033901,0,1602.3129776548885,119921.84721666666,67648.02311666666,64140.370217283635,3507.652899383023,3145.666044550869,193.25632038026004,61158.62462120448,19160.727550237956,15520.18931569274,1200.0000000000045,0.7512673611111111,2.2737367544323206e-13,2.9103830456733704e-11
148,2025-05-29,1200.0000000000045,39902.54931262795,48731.61263549917,37373.40869689906,3491.68640087164,40865.095097770696,0.00722594029169725,0.04153453385560638,0.03817814574264408,0,870.2872936638939,120439.31426666665,66329.19076666667,63796.865254585224,2532.325512081442,2581.7291696335683,94.82414420605153,62158.61669734577,19525.79823730848,15815.89657221987,1200.0,0.7595125,4.547473508864641e-13,3.637978807091713e-11
149,2025-05-30,1200.0,13764.497532263522,16966.75987603367,12846.153884889114,702.972135331117,13549.126020220232,0.0035646998802501663,0.06679199910878543,0.26924257674397445,0,265.9701876809368,74612.22448333332,68015.99121666666,49703.1904816958,18312.800734970864,2034.2192415153168,675.2095627099707,30456.031690294883,16334.416169015789,13230.877096902792,1200.0000000000005,0.5609930555555556,4.547473508864641e-13,1.0913936421275139e-11
150,2025-05-31,1200.0000000000005,12896.174657908934,17067.706820448475,11901.32868332621,1282.1907070971804,13183.519390423391,0.005447956368403145,0.06998671616464949,0.24166383112692305,0,407.3890932159393,74778.33258333334,66389.15103333333,50345.29444935407,16043.856583979254,2132.427703050479,646.2479418346335,30469.034981349432,19287.948924742137,15623.238629041134,1199.9999999999995,0.5663548611111112,9.094947017729282e-13,0.0
151,2025-06-01,1199.9999999999995,46692.34112105622,50949.04194889972,44694.795461081114,38203.1467817182,82897.94224279931,0.07026203378001297,0.015942255290922656,0.011979381820410695,0,9011.004657300087,128248.56003333331,57023.73373333333,56340.6246541163,683.1090792170334,1074.5050814149886,0.0,67399.81651321315,18044.108999374756,14615.728289493547,1200.0000000000025,0.8191805555555556,9.094947017729282e-13,0.0
152,2025-06-02,1200.0000000000025,56580.92592816383,72263.87882034124,53087.77528977859,9772.918361836337,62860.69365161493,0.016474876487671104,0.0745830326295819,0.055544702108228455,0,2110.111027275008,128080.53698333334,59439.72953333333,56138.16746301066,3301.562070322669,5955.060994626092,0.0,79844.71514053363,21354.713962420457,17297.31830956058,1200.0,0.8099458333333333,9.094947017729282e-13,2.9103830456733704e-11
153,2025-06-03,1200.0,60746.13632640779,75548.5465414273,57375.134259611994,852.2223493229151,58227.35660893491,0.0014619538648000625,0.10328250918317798,0.05363098943795296,0,187.24243205781977,128076.84056666667,59884.473733333325,56672.81015504355,3211.663578289771,8711.83062208035,0.0,84349.52530664581,23267.93002631671,18847.023321316534,1200.0,0.806282638888889,4.547473508864641e-13,7.275957614183426e-12
154,2025-06-04,1200.0,58036.42991738723,73194.26856935427,54566.95276380568,3755.0218484294564,58321.974612235135,0.00786763085289873,0.055774643345960544,0.05940684810794809,0,1011.3040392030101,128539.84358333334,58894.58276666666,55395.84123386632,3498.7415328003435,4523.424218048184,32.1429342890367,81101.80445243118,23229.152578052424,18815.613588222463,1200.0000000000018,0.8136590277777778,4.547473508864641e-13,2.1827872842550278e-11
155,2025-06-05,1200.0000000000018,60030.60681337492,76519.28899261386,56184.4179576811,3054.2620461918277,59238.68000387293,0.005391745208715539,0.05833957850251837,0.047080492284526744,0,692.6015947856433,128455.92066666666,57306.60264999999,54608.57958608423,2698.0230639157644,4786.67725421693,0.0,82048.54023774446,21616.43946174073,17509.31596400999,1200.0,0.8220694444444444,2.2737367544323206e-13,7.275957614183426e-12
156,2025-06-06,1200.0,22240.187891689326,39334.693442093194,19475.51520840727,5828.449163109435,25303.964371516704,0.020257618134502373,0.038949896801597564,0.12072073587866435,0,1676.2655346871938,82747.41500000001,51892.419599999994,45627.92851936357,6264.491080636424,1563.134884172906,236.7091187170039,40131.93904300133,15204.600495590526,12315.726401428332,1200.0,0.6492826388888889,4.547473508864641e-13,0.0
157,2025-06-07,1200.0,21937.730058404493,24719.104174820233,20362.950176011,2628.7861985860245,22991.736374597025,0.009658964453793665,0.057527497485808744,0.1233697651198584,0,803.2081865179098,83156.75975,52030.246583333326,45611.287283219186,6418.9593001141475,2435.8685437127147,192.25297258300316,42342.68219843233,15643.665273019524,12671.368871145814,1200.0,0.6502881944444445,1.7053025658242404e-13,7.275957614183426e-12
158,2025-06-08,1200.0,69692.47690863458,97409.32749381287,65347.77356736255,159.27993352223726,65507.05350088479,0.00038120422906958535,0.1670117100632713,0.15240620937023158,0,48.895902512822886,128266.94665,63082.023383333326,53467.93132007518,9614.092063258144,15905.307155668179,3.245800000000031,95234.68234438504,24084.26295423622,19508.252992931335,1200.0000000000018,0.7970791666666668,2.2737367544323206e-13,0.0
159,2025-06-09,1200.0000000000018,60487.87353796999,67121.45165778117,57486.04849218177,2174.628580087888,59660.67707226966,0.0042861196922577395,0.06885093500989825,0.05239757320731184,0,549.348480556049,128169.18798333332,57236.47525,54237.422847959635,2999.0524020403673,5745.782902766208,0.0,83452.50361436885,22759.495035710563,18435.19097892556,1200.0,0.81925625,2.2737367544323206e-13,0.0
160,2025-06-10,1200.0,64076.43916107184,94838.05188802916,59407.94906570224,707.0629307991161,60115.01199650136,0.0015435791095201974,0.09267778767963669,0.04765669476524217,0,196.67434776688617,127414.49178333333,55796.047549999996,53136.99234280271,2659.055207197288,8016.538787525156,0.0,86499.03054695556,23166.66666666667,18765.0,1200.0,0.8168180555555556,9.094947017729282e-13,0.0
161,2025-06-11,1200.0,59653.15378007466,77789.16993292017,55981.34185326002,10107.475419674469,66088.81727293448,0.01526957578879743,0.04774168685674722,0.00579052904683916,0,1958.119663190402,128236.67731666667,52152.23099999999,51850.24199153703,301.98900846296567,3949.2525589071297,0.0,82721.26141577653,22861.54313121154,18517.849936281345,1200.0,0.8316965277777778,2.2737367544323206e-13,0.0
162,2025-06-12,1200.0,61616.97851346917,67689.05139834393,58558.675948383265,2121.030503817168,60679.70645220044,0.003569051576479922,0.06941138719705782,0.05277051450859213,0,455.84573797903965,127721.81298333334,55269.42154999999,52352.82573821423,2916.595811785769,5932.22667952315,16.929916666666713,85464.74748706077,24223.417809110004,19620.968425379102,1200.0,0.8219833333333333,9.094947017729282e-13,1.4551915228366852e-11
163,2025-06-13,1200.0,23778.039924051514,40389.28065535929,21467.049915801228,2685.8509322101877,24152.900848011417,0.007963412669209108,0.1322943050070413,0.11759552305879696,0,652.1206016677045,81889.59039999999,53544.276699999995,47247.70947465854,6296.567225341454,5722.099205690383,664.2764669521625,43252.800680919914,15140.3404452822,12263.67576067858,1199.999999999999,0.6400291666666666,9.094947017729282e-13,2.1827872842550278e-11
164,2025-06-14,1199.999999999999,21185.504157633834,24462.76312679511,19557.90017983999,1556.593770929175,21114.493950769167,0.007310402639924696,0.06355099931582929,0.1332164967574183,0,601.3036969278209,82253.15711666667,56059.81436666666,48591.72228786814,7468.0920787985215,2502.3565309698643,387.0225750633518,39375.5654184745,18031.869371424124,14605.814190853536,1199.9999999999998,0.6368673611111111,9.094947017729282e-13,0.0
165,2025-06-15,1199.9999999999998,65524.02467048928,94748.71455367724,60947.257592730035,219.8188409135031,61167.07643364354,0.0003143427544776059,0.12181917154504403,0.05569255365490298,0,40.03748599370908,127368.88451666664,56741.91018333333,53581.808305966355,3160.1018773669775,10822.717665898936,9.417383333333305,88842.48290834183,22438.469128436598,18175.159994033645,1200.0,0.8178270833333333,2.2737367544323206e-13,2.9103830456733704e-11
166,2025-06-16,1200.0,62502.82962322499,81184.29362825665,58290.252307589486,2241.368577847347,60531.62088543683,0.004809057274959875,0.06680385754132022,0.04752426694428017,0,613.7253107201781,127618.63201666667,54924.57919999999,52314.32883629693,2610.2503637030577,5657.346675828974,0.0,84685.92808925343,22831.59759881537,18493.59405504045,1200.0,0.8232416666666666,4.547473508864641e-13,0.0
167,2025-06-17,1200.0,62857.58990451002,78278.2827402177,58918.2194817804,5618.158742613188,64536.378224393586,0.008601513738626056,0.059929406482771765,0.05546850744805587,0,1095.073806280489,127311.75459999999,52674.743383333334,49752.95398765047,2921.7893956828566,5171.641863892068,0.0,86295.56285325115,24527.33780678971,19867.14362349966,1200.0,0.8286263888888888,9.094947017729282e-13,8.731149137020111e-11
168,2025-06-18,1200.0,66355.91766996364,88641.87347391533,62069.76408727132,284.0072942461556,62353.77138151747,0.000675926947528729,0.1002584147383697,0.08925782896924726,0,85.78126632582507,126909.07891666667,55980.68801666667,50983.97334009424,4996.714676572423,8958.915463529975,0.0,89358.23977377657,24000.000000000004,19440.0,1200.0,0.82005,2.2737367544323206e-13,4.3655745685100555e-11
169,2025-06-19,1200.0,60605.22538410788,76496.47335378284,57259.573289841996,1726.9942008115188,58986.56749065351,0.002987258198507197,0.09494178480416582,0.07188734403199645,0,380.4245441692664,127349.06689999998,59089.562699999995,54841.77097748487,4247.791722515125,8015.862320068604,0.0,84429.23562689214,22560.536465671983,18274.034537194304,1200.0000000000018,0.8079104166666666,9.094947017729282e-13,0.0
170,2025-06-20,1200.0000000000018,21080.646559309276,30123.106983770693,19322.417749718166,274.20319101632174,19596.620940734487,0.0017802998404653234,0.11378777246161323,0.1415154498420164,0,144.44833007540387,81137.07971666666,58736.49886666666,50424.37680740525,8312.122059261419,4399.916094641763,658.1016072594239,38667.74082536938,16007.729180432541,12966.260636150364,1200.000000000001,0.6213069444444445,9.094947017729282e-13,1.4551915228366852e-11
171,2025-06-21,1200.000000000001,20177.152596474923,33816.99298508782,18050.72103758991,1489.4536608859473,19540.174698475857,0.005315220230024352,0.10537842468009598,0.1753249470618473,0,432.7017929120933,81408.0648,62073.3244,51190.322085617125,10883.002314382875,3912.9577051543456,475.6497234107456,37132.43690094212,15572.571320559258,12613.782769653002,1199.999999999999,0.6095256944444445,9.094947017729282e-13,3.637978807091713e-12
172,2025-06-22,1199.999999999999,53363.03211019232,60785.17189011124,50283.93473275249,9641.543008414408,59925.4777411669,0.017103602488482663,0.04271304145183443,0.049643263908658204,0,2164.280655729157,126539.46191666665,59082.12081666666,56149.09150068165,2933.0293159850116,3238.0484337436346,0.0,75809.36228563906,22869.60048231355,18524.376390673977,1200.0,0.8074916666666668,2.2737367544323206e-13,7.275957614183426e-12
173,2025-06-23,1200.0,55689.67200483404,61376.89535037485,52719.59394588468,3259.860862016708,55979.454807901384,0.005600194246284227,0.06866794883701599,0.0540434886025143,0,709.4934984980085,126690.87308333332,59629.587083333325,56406.99617342257,3222.5909099107585,5445.019254728009,0.0,79294.91628841008,22502.703275101652,18227.189652832334,1200.0000000000018,0.8048722222222222,9.094947017729282e-13,7.275957614183426e-12
174,2025-06-24,1200.0000000000018,56962.135189481065,75603.15943759834,53071.86985845129,25097.18517759283,78169.05503604413,0.04202933432102207,0.027481722140944846,0.004714482309780405,0,5342.468259701747,127112.84501666666,50844.05276666667,50604.34937934067,239.70338732599146,2127.5469521031323,33.46666666666681,77416.79874323863,21525.040772866225,17435.283026021643,1199.9999999999982,0.8405347222222221,9.094947017729282e-13,4.3655745685100555e-11
175,2025-06-25,1199.9999999999982,59879.067463061954,80616.20462841785,55647.6540809788,3284.409087064588,58932.06316804339,0.006696846536485366,0.07533949396782715,0.04493634507504804,0,845.8814212388203,126310.40843333333,55872.98706666667,53362.25923946524,2510.7278272014296,6211.614718806282,0.0,82448.32015275919,21760.19821749285,17625.760556169203,1200.0,0.8163465277777777,2.2737367544323206e-13,4.3655745685100555e-11
176,2025-06-26,1200.0,56131.7264132312,62879.4088163822,52971.23506466577,2107.588008191732,55078.82307285751,0.0036686235719617013,0.07009262307949676,0.0499583039984859,0,464.8052345794831,126697.44536666665,59150.061533333326,56195.02477772192,2955.0367556114134,5623.30990930746,0.0,80226.84359992757,24031.14913818341,19465.230801928556,1200.0000000000018,0.8059743055555556,9.094947017729282e-13,2.1827872842550278e-11
177,2025-06-27,1200.0000000000018,19353.344107986813,27980.244016753673,17633.505471098917,357.01617478558785,17990.521645884506,0.0016775041064687982,0.11690136243617931,0.16627679557550717,0,133.46768698652414,79563.255,59791.60913333333,49849.65196433944,9941.957168993895,4325.358013001621,351.92069570948985,37000.065036564396,14435.005153574997,11692.354174395748,1199.9999999999993,0.6051201388888889,9.094947017729282e-13,3.637978807091713e-12
178,2025-06-28,1199.9999999999993,18478.070588460363,22284.073182056138,17154.294381316453,1695.465156725264,18849.75953804172,0.0065949634640425124,0.08964190992245022,0.1465742517057184,0,531.9601255682053,80661.5728,58884.64668333333,50253.67365876814,8630.973024565195,3253.4009498689384,403.66276307293606,36293.302459569146,14527.893320861147,11767.59358989753,1200.0000000000005,0.6229888888888888,1.7053025658242404e-13,0.0
179,2025-06-29,1200.0000000000005,58457.936407206085,87864.52641689638,53742.01692668684,4741.1505679101265,58483.167494596964,0.010068334279155877,0.049379677649218356,0.06095076695185193,0,1272.4845019665736,126384.80871666667,57117.04018333333,53635.71277813942,3481.3274051939115,3934.0503675321197,23.9013591680025,79669.42181110801,22288.729725511686,18053.87107766447,1200.0,0.8118270833333334,2.2737367544323206e-13,0.0
180,2025-06-30,1200.0,58845.03820700587,86512.61845723483,54268.294329021715,4568.438197131285,58836.732526153,0.008695009526324451,0.07238876084449536,0.04168362119144673,0,1095.113152287123,125947.32058333333,56069.6366,53732.45110762352,2337.185492376477,5893.545783189091,2.5850333333333992,81415.20471457625,23154.303024374378,18754.985449743246,1200.0000000000002,0.8101881944444445,9.094947017729282e-13,2.9103830456733704e-11
181,2025-07-01,1200.0000000000002,63154.43931356242,85332.86184902757,58719.24333416658,25855.2161491654,84574.45948333199,0.04412295688132503,0.02185791428722082,0.03471061956816163,0,6245.465606301869,141546.85106666666,62680.30703333333,60504.63474148373,2175.672291849599,1769.7962741633467,0.0,80968.21365971108,23166.666666666668,18765.0,1200.0,0.8907618055555555,2.2737367544323206e-13,1.4551915228366852e-11
182,2025-07-02,1200.0,73971.24288303134,85119.67321353062,70119.42672371658,996.7337863943571,71116.16051011093,0.0023649219935343705,0.10316157060141447,0.11559869527551894,0,333.92381227413756,141198.65821666666,68293.89184999999,60399.207056852596,7894.684793147395,9762.293383958444,0.0,94631.10465501764,23175.17854483827,18771.894621318996,1200.0000000000018,0.8753215277777778,2.2737367544323206e-13,4.3655745685100555e-11
183,2025-07-03,1200.0000000000018,65752.2934250686,79452.03462380763,61782.93865233258,20748.2643233168,82531.20297564939,0.027562546660803676,0.0318784076827794,0.009475101113089666,0,3901.9067641430556,141565.53863333334,61805.119699999996,61219.509941535885,585.60975846411,2632.079780289444,0.0,82566.22496584998,18368.5434626639,14878.520204757759,1200.0,0.9014361111111112,2.2737367544323206e-13,4.3655745685100555e-11
184,2025-07-04,1200.0,26235.592431513673,35263.15745541309,24340.773736212985,7483.120929670415,31823.8946658834,0.028557999090629664,0.08711740651403309,0.15312126546462676,0,2735.715400575308,95795.06574999998,66914.19828333333,56668.211564638375,10245.986718694956,3761.0628872081343,202.90813984840509,43172.346809960334,14827.56314798668,12010.326149869206,1200.000000000001,0.6903083333333333,2.2737367544323206e-13,2.1827872842550278e-11
185,2025-07-05,1200.000000000001,25633.865970639785,29180.43045336978,24091.007028211352,4698.074115346831,28789.08114355818,0.011330382743351127,0.04164836676629126,0.16471701122499147,0,1086.2759141071115,95872.83489999999,67082.75493333332,56033.08403597611,11049.670897357215,1828.986107033994,241.6679523059655,43914.95391157359,16267.499485878192,13176.674583561336,1200.0000000000027,0.68431875,9.094947017729282e-13,0.0
186,2025-07-06,1200.0000000000027,66165.80384614499,83364.99584533648,62150.93674106418,22923.66285081219,85074.59959187637,0.030051571202228722,0.04496328460943526,0.018943029170997244,0,4244.621392022985,141244.57465,61450.5931,60286.53272233161,1164.060377668382,3802.1876780470375,0.0,84562.05348594957,21297.080380300733,17250.635108043596,1199.9999999999982,0.8986708333333334,4.547473508864641e-13,0.0
187,2025-07-07,1199.9999999999982,67322.47076451137,82202.79393483941,63441.80506359578,4030.14553416562,67471.9505977614,0.007024113192768305,0.06032230345900484,0.07364890690740702,0,993.8796647649663,141495.39415,68085.91138333332,63071.45843415625,5014.45294917708,5244.8853756964745,0.0,86947.69720226133,22488.188292031966,18215.432516545887,1200.0,0.8773902777777778,2.2737367544323206e-13,0.0
188,2025-07-08,1200.0,74362.05891874136,91543.89787436221,69686.17792440363,972.8879280356114,70659.06585243923,0.0012505839310937737,0.1193684649481562,0.05249941695878191,0,176.68903458713618,141285.227,65713.83998333334,62263.90169808564,3449.938285247691,11272.30436544856,0.0,94432.85016980252,22715.31335277234,18399.403815745594,1200.0000000000018,0.8836034722222222,2.2737367544323206e-13,8.731149137020111e-11
189,2025-07-09,1200.0000000000018,70883.45982132634,88954.03057287056,65831.18721826485,772.4733181717147,66603.66053643657,0.001412493528787076,0.07377570768462564,0.06476011040740492,0,198.58346097302967,140590.70496666664,66531.97995,62223.361582814745,4308.6183671852505,6569.917910563343,0.0,89052.59084261511,22704.80531143622,18390.89230226334,1200.0,0.8791770833333333,2.2737367544323206e-13,5.820766091346741e-11
190,2025-07-10,1200.0,68989.71980422005,85814.44860835689,64585.09964578389,1331.9910912689463,65917.09073705284,0.0024192129370423075,0.07188406893525923,0.06373765365007275,0,339.81121859398877,140463.54225,67609.91886666667,63300.62127463355,4309.29759203312,6285.530971211056,0.0,87439.83283517211,22795.747932571543,18464.555825382944,1200.0,0.8775076388888888,2.2737367544323206e-13,8.731149137020111e-11
191,2025-07-11,1200.0,30265.650114333534,39830.65718841826,28105.30969150486,2147.280698970249,30252.590390475107,0.006416685191133608,0.12313256680132452,0.11202192021132057,0,607.92373892816,94741.0884,62222.31125,55252.048463788546,6970.262786211454,5937.799313864296,716.8624812118472,48222.81763560559,14142.313911821857,11455.2742685757,1200.0000000000005,0.7069465277777778,9.094947017729282e-13,2.1827872842550278e-11
192,2025-07-12,1200.0000000000005,26851.03313025936,31088.409680711302,25393.01354447635,1298.2140216590133,26691.227566135363,0.00426634851507127,0.05680522067808846,0.13176276344564394,0,406.66139100149724,95318.37109999999,64234.12776666666,55770.46158461009,8463.666182056568,2538.3253016812446,202.42784097767912,44684.718611794,14751.143919719358,11948.426574972678,1200.000000000002,0.6942819444444444,4.547473508864641e-13,7.275957614183426e-12
193,2025-07-13,1200.000000000002,64823.25959061597,81238.99081934069,61816.335407097096,958.7053555713778,62775.040762668476,0.0017357807074070586,0.08936575543613448,0.07243389492425685,0,242.82420663599527,139893.36648333335,70625.64608333333,65509.95545597542,5115.690627357919,7688.53064904798,0.0,86034.41677995563,22133.154264135435,17927.854953949703,1200.0000000000036,0.8542875,9.094947017729282e-13,4.3655745685100555e-11
194,2025-07-14,1200.0000000000036,64696.12875833362,79592.14528931459,61020.63656257504,1873.8760439861426,62894.512606561184,0.002573167734812476,0.0543901824765016,0.056964267988196496,0,362.9772766588809,141062.42346666666,69254.74424999999,65309.698439088985,3945.0458109110095,4597.75177737674,38.21809317217185,84532.75146416589,23721.230751043073,19214.196908344893,1200.0,0.8722152777777779,2.2737367544323206e-13,2.9103830456733704e-11
195,2025-07-15,1200.0,70808.4162808094,84899.61679327769,66910.55838772035,863.279162468648,67773.837550189,0.0018110641748182255,0.09713163031007536,0.08293867420948221,0,252.7252448747817,139545.16266666667,66796.11208333334,61256.13110479368,5539.980978539642,8901.182901248789,14.149077456748614,91640.414897118,24677.771586390863,19988.994984976598,1200.0,0.8721083333333334,4.547473508864641e-13,1.1641532182693481e-10
196,2025-07-16,1200.0,64745.79756883862,78810.37905645948,61228.74555951642,4966.444991250845,66195.19055076726,0.008640530613526981,0.050134328890786346,0.057541266173613353,0,1212.8303726205306,140365.26538333332,68230.702,64304.6210150055,3926.080984994493,4158.956567946982,0.0,82956.2629033479,20786.80178786116,16837.309448167543,1200.0,0.8758020833333333,2.2737367544323206e-13,1.0186340659856796e-10
197,2025-07-17,1200.0,64917.662877375355,84991.55159821743,60690.00668019556,6398.947483138387,67088.95416333395,0.00927356018573373,0.06367145079490354,0.04238643805738165,0,1294.3029986862493,139569.15928333334,66848.74321666667,64015.26310309961,2833.480113567053,5331.696046346064,0.0,83737.62463054838,21822.817908709767,17676.482506054912,1200.0,0.8748208333333334,2.2737367544323206e-13,1.0186340659856796e-10
198,2025-07-18,1200.0,28044.594677891302,31216.89752476512,26860.281193172304,177.4367357803706,27037.717928952676,0.0005323727806055366,0.11754775080986869,0.11699933267179655,0,49.88230376686511,93698.0732,62423.8251,55120.27922047905,7303.545879520943,5596.092198694536,751.6259857646021,47606.96959439157,14375.472285149266,11644.132550970906,1200.0000000000018,0.6942027777777777,9.094947017729282e-13,7.275957614183426e-12
199,2025-07-19,1200.0000000000018,28272.77307728294,36093.665863699265,26506.062631987726,199.4273908054504,26705.490022793176,0.00045649490804553216,0.08376084771288837,0.17864766473105848,0,43.16822295735767,94564.52240000002,67381.70335,55344.119400921554,12037.583949078438,3954.061555723705,715.478009340505,47206.56086573118,17683.08697129418,14323.300446748286,1200.0000000000016,0.6802993055555555,4.547473508864641e-13,1.0913936421275139e-11
200,2025-07-20,1200.0000000000016,64887.555219687194,81684.1552631936,61140.59100064989,2401.3479382491137,63541.938938899,0.004607431490582068,0.06953284037278241,0.04213742416021039,0,639.283601648768,138750.53876666666,66660.56055,63851.656235347255,2808.9043146527374,5851.247199203304,0.0,84150.8439441471,21263.146396174554,17223.14858090139,1200.0000000000018,0.8676124999999999,2.2737367544323206e-13,0.0
201,2025-07-21,1200.0000000000018,68263.79754346359,83294.28827755722,63667.373222013426,2642.322394547943,66309.69561656137,0.004280101682565184,0.061303892181918965,0.05363655349829181,0,592.5493459650485,138442.8198,64453.070449999985,60996.029888679404,3457.040561320595,5288.901244867084,0.0,86273.49841299307,21738.7189619497,17608.362359179264,1200.0,0.8791791666666667,2.2737367544323206e-13,4.3655745685100555e-11
202,2025-07-22,1200.0,67357.09731705979,82350.63889441603,63014.558050811494,3916.4055564696664,66930.96360728116,0.0056169244599096595,0.07800002097717161,0.0421315297300332,0,783.6444230081777,139514.85881666664,65719.71419999999,62950.84210733342,2768.8720926665846,6772.359781911983,0.0,86825.10205855023,22486.15784375356,18213.787853440383,1200.0000000000018,0.8751333333333333,9.094947017729282e-13,0.0
203,2025-07-23,1200.0000000000018,66830.01510685665,87823.09810425305,62631.87569679894,2852.7689831299267,65484.64467992887,0.004504705532437826,0.057470197681512965,0.05299350851573564,0,628.181338081796,139450.03365,65233.48653333333,61776.535209218004,3456.9513241153263,4959.368967273373,0.0,86294.62168821988,22578.608517085853,18288.67289883954,1200.0000000000018,0.8755840277777778,2.2737367544323206e-13,4.3655745685100555e-11
204,2025-07-24,1200.0000000000018,66057.90410262562,81200.73800220311,62320.43351919169,5288.1353765359545,67608.56889572764,0.007725004169500471,0.061233159315308615,0.05245861812772738,0,1073.020209469111,138902.21751666663,65285.74551666666,61860.945523423856,3424.7999932428065,5224.782571978459,0.0,85326.03299258863,21752.624404402515,17619.62576756603,1200.0,0.8774458333333334,2.2737367544323206e-13,5.820766091346741e-11
205,2025-07-25,1200.0,26814.178003992194,30917.127819454992,25295.007311110705,360.27809229211334,25655.285403402817,0.0014198119339473235,0.08510175129505777,0.16977742044775784,0,131.1265035401885,92354.83968333332,65849.52011666667,54669.758453536255,11179.761663130404,3810.5341862274863,588.8986102143683,44776.21351193957,14856.978890741224,12034.152901500396,1199.9999999999995,0.67696875,9.094947017729282e-13,2.546585164964199e-11
206,2025-07-26,1199.9999999999995,26488.05730098224,30662.483615088768,25026.229778745834,913.231976367519,25939.461755113352,0.003972295368834946,0.07838216690333667,0.14897979359200997,0,370.1690291546068,93187.68993333331,64718.598366666665,55076.83494043647,9641.763426230193,3544.982115342881,283.5615323126357,45226.89605806208,19250.876035075344,15593.209588411026,1200.0000000000016,0.6880090277777778,9.094947017729282e-13,0.0
207,2025-07-27,1200.0000000000016,64085.87134818101,71006.27054337302,60606.92117491215,6069.2868698397515,66676.20804475191,0.0097484743490401,0.06206210234667219,0.03181761402430365,0,1346.3637058089685,138110.19628333332,64425.00648333333,62375.15649353337,2049.84998979996,5200.18692462223,0.0,83790.0542842482,22111.533029657818,17910.341754022833,1200.0,0.87713125,2.2737367544323206e-13,2.9103830456733704e-11
208,2025-07-28,1200.0,66474.56128615477,85106.04769850623,62614.453826807905,6157.775961477903,68772.22978828581,0.009545700169163672,0.043549815064106344,0.02104565716488637,0,1319.4925737283947,138228.99843333333,60274.121199999994,59005.61270930999,1268.5084906900095,3746.3537675568987,0.0,86024.56203412525,23022.711138281124,18648.39602200771,1200.0,0.8862368055555556,4.547473508864641e-13,1.4551915228366852e-11
209,2025-07-29,1200.0,71605.72898666446,82704.21824377975,67499.52574176808,1784.610811036425,69284.13655280451,0.002510311501611805,0.08880949112294603,0.061516918426548155,0,347.21309550887355,138314.74511666666,62245.49916666666,58416.34787201106,3829.151294655604,8208.91465773349,0.0,92432.85322251468,24593.44429281296,19920.689877178498,1200.0000000000036,0.8846277777777778,2.2737367544323206e-13,5.820766091346741e-11
210,2025-07-30,1200.0000000000036,67760.77159308399,78408.09732759338,63927.52217699945,2098.4321368737865,66025.95431387324,0.0036069811606776283,0.0596715834748968,0.05638307334466844,0,499.2940746898077,138424.36443333334,64321.11038333333,60694.488498979335,3626.6218843539978,5166.951368605898,0.0,86589.81491214456,22064.640441444597,17872.358757570124,1200.0000000000036,0.8796965277777778,2.2737367544323206e-13,0.0
211,2025-07-31,1200.0000000000036,68642.09717948966,82423.56868612349,64376.73747165502,1039.005755938808,65415.743227593826,0.0018541059583936565,0.0745598411299826,0.045315210835514375,0,254.79738478427237,137423.31371666666,62728.31745,59885.770519396174,2842.5469306038253,6574.381737272221,0.0,88175.90860756914,22730.426620056387,18411.645562245678,1200.0,0.8814312499999999,2.2737367544323206e-13,2.9103830456733704e-11
212,2025-08-01,1200.0,25645.92522210902,29928.767915966353,24267.977716399393,913.8574569846623,25181.835173384054,0.003206617866750704,0.06765280917353958,0.229009989856567,0,297.3157619138958,92719.4241,71468.06443333333,55101.16372238719,16366.900710946144,2958.7889976408724,376.25705260427435,43734.90227214565,16204.797927376783,13125.886321175194,1200.0000000000045,0.6663972222222222,1.8189894035458565e-12,7.275957614183426e-12
213,2025-08-02,1200.0000000000045,25298.720696910874,27752.336025354944,24251.55482374432,380.4443012965768,24631.9991250409,0.0010889487189412602,0.09061667630049063,0.22132479729226454,0,99.70658854312599,91562.24421666667,70635.21928333332,55001.89369375493,15633.325589578402,3968.7448720220123,361.7375526549164,43797.069524613806,15820.753502990894,12814.810337422623,1200.0000000000045,0.6621874999999999,4.547473508864641e-12,7.275957614183426e-12
214,2025-08-03,1200.0000000000045,58643.30238288726,71641.89931383602,55359.981996946066,3026.3276796336686,58386.30967657974,0.004191228005573065,0.07009055720075434,0.08895728982191486,0,578.6513584709234,138062.48614999998,75223.00616666666,68531.3714058228,6691.6347608438555,5513.884560046231,0.0,78668.00864848722,22114.003698603785,17912.34299586907,1200.0,0.83336875,2.2737367544323206e-13,4.3655745685100555e-11
215,2025-08-04,1200.0,55599.086506606734,59675.78297689189,53211.230967200114,5291.622182529111,58502.85314972923,0.008934658809967274,0.04672582440852312,0.038902680559463616,0,1235.7714848859532,138312.10695,72896.45186666667,70060.5844857794,2835.8673808872486,3471.291955684408,0.0,74290.65189594001,20018.994531162993,16215.385570242022,1200.0000000000018,0.8447847222222222,1.8189894035458565e-12,0.0
216,2025-08-05,1200.0000000000018,57287.80372738259,65193.711714549645,54417.98700071662,2037.8957563323197,56455.88275704894,0.0034695986422341126,0.061542593401939995,0.03567972695335817,0,473.45621689556066,136458.49728333333,71306.18755,68762.00224813104,2544.185301868948,4663.94452677578,0.0,75784.01021086576,20510.66771464873,16613.64084886547,1200.0,0.8445958333333334,4.547473508864641e-13,2.9103830456733704e-11
217,2025-08-06,1200.0,57627.38745406704,60627.16307523675,55005.81575104261,12092.869601826536,67098.68535286914,0.018853160847382876,0.04298602860850574,0.0561954775910405,0,2577.5303937183194,136716.08779999998,68601.68853333333,64746.583882650855,3855.1046506824737,3292.6150560173537,0.0,76597.33086777494,20593.3804638251,16680.63817569833,1200.0000000000018,0.8577486111111111,2.2737367544323206e-13,2.1827872842550278e-11
218,2025-08-07,1200.0000000000018,56869.67645271266,58761.24650320108,54615.395780862615,3137.8236560307287,57753.21943689334,0.005709381475925367,0.06254509176187992,0.07947792537755395,0,781.3331625183973,136850.75446666667,73462.76921666667,67624.10072683597,5838.668489830701,4828.516669795749,0.0,77200.56896196996,20667.009025588988,16740.27731072708,1200.0000000000018,0.8411048611111112,1.8189894035458565e-12,0.0
219,2025-08-08,1200.0000000000018,23662.55988167153,24913.103914035102,22618.838233998737,933.8943328724074,23552.732566871146,0.003141109710516588,0.06142240250445894,0.2687570834841172,0,284.9087529191463,90703.21611666666,74928.04486666666,54790.60205713425,20137.44280953241,2538.6316573527,430.1757022928384,41330.71247365176,14390.52530206821,11656.325494675253,1200.0000000000014,0.6379520833333333,4.547473508864641e-13,7.275957614183426e-12
220,2025-08-09,1200.0000000000014,23064.699942596595,24103.668838614936,22051.06099236713,2890.6866301940086,24941.74762256114,0.009271634993628972,0.036905367370147185,0.2448848373413105,0,837.2641665120827,90303.83174999998,71381.90275,53901.557105953005,17480.345644046993,1501.102846661695,460.366210226764,40674.377566986084,16567.884381909033,13419.986349346316,1200.000000000003,0.6529750000000001,1.3642420526593924e-12,3.637978807091713e-12
221,2025-08-10,1200.000000000003,57701.26264286272,61155.70128116578,55254.69286201661,3004.887086191385,58259.57994820799,0.0054581142732778865,0.05638200758847541,0.04772080601886482,0,745.226059616382,136535.44471666665,71230.82566666667,67831.63325246409,3399.1924142025773,4288.844032616207,0.0,76067.6005707334,20106.163860689398,16285.99272715841,1200.0000000000018,0.8486909722222223,9.094947017729282e-13,7.275957614183426e-12
222,2025-08-11,1200.0000000000018,55213.22777634195,58479.194295456226,53041.93083493327,4378.425689700976,57420.35652463425,0.006878607990516136,0.050804751034531456,0.05901114886041533,0,938.3952719100413,136422.26351666666,71861.01018333333,67620.40941414483,4240.600769188505,3852.370998507251,0.0,75826.98310811198,21637.648836804885,17526.495557811955,1200.0000000000018,0.8396298611111112,2.2737367544323206e-13,2.9103830456733704e-11
223,2025-08-12,1200.0000000000018,55688.40531268562,59255.74706707602,53796.25382800189,10057.762784817616,63854.01661281951,0.01496675683945266,0.030957439933701862,0.03378445010476141,0,2045.021684936099,136637.5967,68877.05305,66550.07968786926,2326.9733621307296,2297.0281352943985,0.0,74199.55074494824,20315.933065574765,16455.905783115566,1199.9999999999982,0.8573708333333333,9.094947017729282e-13,1.4551915228366852e-11
224,2025-08-13,1199.9999999999982,56924.69930297163,60556.98481852143,54746.31097722175,5113.635562493044,59859.946539714794,0.008130071343012621,0.05690127572648682,0.04227864554573691,0,1110.1449588459864,136547.99718333333,70427.01773333334,67449.4588137424,2977.558919590928,4335.580793707407,0.0,76194.79068532112,20372.718320361913,16501.90183949315,1200.0,0.8531652777777778,2.2737367544323206e-13,7.275957614183426e-12
225,2025-08-14,1200.0,56503.701227634374,59673.60271448858,54313.06838329588,4837.1957877859495,59150.26417108183,0.006966327090086754,0.04842909873054137,0.04775558261993428,0,946.9750250203426,135936.05536666664,70009.76438333333,66666.40729612292,3343.3570872104074,3681.902583894742,0.0,76026.6591864693,21168.860826585107,17146.777269533934,1200.0000000000018,0.8501201388888889,9.094947017729282e-13,0.0
226,2025-08-15,1200.0000000000018,23804.255680098602,24914.884141794202,22736.708792881167,1598.760741939478,24335.469534820644,0.006214274467304532,0.045332235518681104,0.2663930943781829,0,559.0862042523759,89968.05776666666,72808.33088333334,53412.694322811534,19395.63656052179,1847.179841427037,275.6496920176419,40747.60091339036,13834.179686015414,11205.685545672484,1200.0000000000018,0.6512152777777778,1.8189894035458565e-12,0.0
227,2025-08-16,1200.0000000000018,23832.811226895145,24564.278768906708,23011.2684877204,1725.29991168607,24736.56839940647,0.004256741078143552,0.045467740589855206,0.26831259262169965,0,383.8879382128507,90183.53034999999,73254.24998333334,53599.212249747055,19655.03773358627,1900.5362100864095,476.59174276794886,41799.662473451746,16958.443992406854,13736.339633849551,1200.0000000000005,0.6473409722222221,7.617018127348274e-12,3.637978807091713e-12
228,2025-08-17,1200.0000000000005,55781.90834174127,58934.365379219045,53366.30652787135,3317.562109498889,56683.86863737024,0.005342581410665136,0.052414815618589836,0.061692639579482025,0,723.2205253910632,135369.1165,72203.72288333334,67749.28463119504,4454.438252138282,3919.390660916338,0.0,74776.38935977212,20844.143976009982,16883.756620568085,1200.0,0.8399,9.094947017729282e-13,0.0
229,2025-08-18,1200.0,55878.06236745837,58932.25446240032,53863.95566548733,4551.34724022031,58415.30290570764,0.006735814276358832,0.06587416582937677,0.03876858273891036,0,914.1185323036746,135710.17471666663,71316.0591,68551.23656216862,2764.822537831371,4951.076735346341,0.0,75159.61186013825,20861.66053998704,16897.9450373895,1200.0000000000018,0.8475611111111111,9.094947017729282e-13,0.0
230,2025-08-19,1200.0000000000018,56790.57328727231,59711.432858890345,54651.90622465372,3409.191793354174,58061.0980180079,0.005970614524350115,0.044297952752436164,0.06795686357231066,0,808.2091475843724,135364.48288333332,71046.82283333334,66218.70358680237,4828.11924653096,3350.7829852266727,0.0,75641.93776522543,20808.340163432495,16854.75553238032,1200.0000000000018,0.8429152777777777,4.547473508864641e-13,1.4551915228366852e-11
231,2025-08-20,1200.0000000000018,56808.23967130366,61470.261543273635,54123.789382207935,15096.400829779677,69220.19021198762,0.027187292692104386,0.03826125713350875,0.008213169059274989,0,3671.5909625346876,135048.05366666667,64397.36259999999,63868.45617399476,528.9064260052323,2840.8747500065842,0.0,74249.3833930663,20528.95848906587,16628.456376143353,1200.0000000000036,0.866348611111111,2.2737367544323206e-13,0.0
232,2025-08-21,1200.0000000000036,64039.38894093237,68111.75110979003,61520.27373051095,1365.694281877646,62885.96801238859,0.002397192411902695,0.102827472708739,0.11071005159989232,0,323.5533721439365,134971.7989,69127.38041666667,61474.284563772104,7653.095852894553,8898.216603391704,0.0,86535.40118209548,23490.6506032622,19027.426988642386,1200.0,0.8472069444444443,4.547473508864641e-13,0.0
233,2025-08-22,1200.0,24054.168178511176,25058.083273303528,23015.602988689716,3562.1772704108807,26577.780259100597,0.01095400757811763,0.03614879492675824,0.2385081312201074,0,991.6852608617022,90531.7304,69301.161,52772.27059850621,16528.890401493787,1491.9769009092256,267.6879484518663,41273.212673676906,14451.438335177527,11705.665051493792,1199.999999999999,0.6604708333333333,1.8189894035458565e-12,1.0913936421275139e-11
234,2025-08-23,1199.999999999999,24568.98741900958,25256.951494946243,23549.16734104285,400.3411516061315,23949.50849264898,0.0016396857636336811,0.059147993877669454,0.2196096068226371,0,147.07513371736513,89697.14623333333,67167.14008333333,52416.59085823152,14750.549225101822,2540.0314308306624,376.42303197125506,42943.66155653536,15230.141328152518,12336.41447580354,1200.0000000000036,0.6591965277777778,4.320099833421409e-12,0.0
235,2025-08-24,1200.0000000000036,57829.663224019554,63293.27822620567,55527.02773117884,2107.008265552526,57634.03599673136,0.003431434596697983,0.06435960378788841,0.07384845409890399,0,463.4772531112333,135068.0714,71334.48191666666,66066.5407031746,5267.941213492054,5001.161693493687,0.0,77706.53327786393,21933.253371874147,17765.93523121806,1200.0,0.8410215277777777,2.2737367544323206e-13,1.4551915228366852e-11
236,2025-08-25,1200.0,58392.4756493908,64196.27266392861,55971.84791366721,8567.021469088639,64538.869382755845,0.016055054588540753,0.03777043210345566,0.029744536158580324,0,2159.5913015489587,134511.61375,63738.52673333333,61842.65382021906,1895.872913114272,2930.3772633876947,0.0,77583.89566106105,21811.314576007302,17667.164806565917,1200.0,0.8601569444444443,2.2737367544323206e-13,0.0
237,2025-08-26,1200.0,63363.88907578462,69376.63207865044,60306.10286033661,395.78875751301734,60701.89161784962,0.0008355013202226814,0.10500326326592416,0.10380744446074833,0,112.26544676325386,134368.96393333335,68840.14555,61694.025964148546,7146.119585851457,9020.95560459801,0.0,85911.19289075948,22776.65665126284,18449.0918875229,1200.0,0.8444180555555555,4.547473508864641e-13,2.9103830456733704e-11
238,2025-08-27,1200.0,57831.701929564544,63391.40145020649,55436.93042101492,2419.532917117838,57856.46333813276,0.004187509866785347,0.04523398487624805,0.04293637111534428,0,560.2401701049981,133788.3821,65874.23323333333,63045.83270828819,2828.4005250451455,3530.656581298641,0.0,78053.1848113288,22843.257939070216,18503.03893064688,1200.0000000000018,0.8533875,2.2737367544323206e-13,4.3655745685100555e-11
239,2025-08-28,1200.0000000000018,60501.81316347211,65441.1728535336,57800.526912662026,10552.132820666307,68352.65973332833,0.015890451555401985,0.06102258791240769,0.043083277127765295,0,2137.9619992315074,134543.81656666665,63776.021583333335,61028.34157135224,2747.680011981091,4903.162504009984,0.0,80349.96010080764,21417.287372182887,17348.002771468142,1200.0000000000018,0.863504861111111,2.2737367544323206e-13,7.275957614183426e-12
240,2025-08-29,1200.0000000000018,25428.238037222458,26918.722511507403,24364.192009158094,744.3300178334507,25108.522026991544,0.0018427641307596134,0.07989659908774896,0.2248212551888003,0,162.7682829529468,88328.33254999999,65773.1122,50985.9185575222,14787.193642477796,3536.565923128933,569.5201140113065,44264.28613369122,15676.602036979635,12698.047649953507,1200.0,0.6645076388888889,4.547473508864641e-13,0.0
241,2025-08-30,1200.0,24737.15289544981,26462.936902039382,23703.43709124117,1618.2171580717031,25321.654249312873,0.0060011615651384305,0.04755400125386585,0.2769849762334231,0,534.2539339381824,89025.08758333331,70512.36774999999,50981.50124460385,19530.866505396138,2053.931527898167,253.3333210246186,43191.56062038407,17762.96508773681,14388.001721066812,1200.0000000000023,0.6546625,4.547473508864641e-13,3.637978807091713e-12
242,2025-08-31,1200.0000000000023,58346.48843482657,64030.88360235227,55476.02211957621,2028.6523131009603,57504.67443267717,0.0034272685935556302,0.05075251532113104,0.061073857683687977,0,457.07890922502884,133365.35983333332,66718.73675,62643.966116895055,4074.7706331049426,3981.592123200725,0.0,78451.12893435196,22132.74738914732,17927.52538520933,1200.0000000000018,0.846538888888889,2.2737367544323206e-13,2.1827872842550278e-11
243,2025-09-01,1200.0000000000018,51923.14792131127,57497.364818296264,49615.55635111194,753.1012647480511,50368.65761585999,0.0020376167942919897,0.17405845665605546,0.09273448967900916,0,247.0887871543897,121263.61926666666,67689.48473333333,61412.33490995258,6277.149823380748,13497.638227139205,304.5460033111523,77546.58111102828,21790.53321588543,17650.331904867202,1200.0,0.7517326388888889,2.2737367544323206e-13,5.820766091346741e-11
244,2025-09-02,1200.0,40327.82514836433,45772.81894729879,38327.425633032624,8628.989379071816,46956.41501210444,0.01254276990492987,0.06267875094417037,0.047534977795715076,0,1524.358249209754,121532.82414999999,67475.0683,64267.642426595135,3207.425873404858,3999.129258505517,0.0,63803.58890794821,21387.558817092555,17323.92264184497,1199.9999999999995,0.7539930555555555,9.094947017729282e-13,0.0
245,2025-09-03,1199.9999999999995,44043.6938967273,48548.180119716184,41965.97770373695,2623.7575296286022,44589.73523336555,0.004712018021236483,0.03866260097441625,0.06517446980142594,0,572.1978602195875,121433.71643333332,65885.99918333333,61591.9141192224,4294.085064110933,2551.3339227475626,224.0033924599063,65989.7124985416,20761.951207593538,16817.180478150764,1200.0000000000002,0.7609944444444445,4.547473508864641e-13,2.9103830456733704e-11
246,2025-09-04,1200.0000000000002,43796.702555451244,49389.38554357374,41395.58518680263,2926.0571695889057,44321.64235639154,0.005271532278099048,0.05238110326401804,0.07625320341674977,0,638.1778812697506,121061.17303333333,67135.60748333333,62016.302349399644,5119.3051339336835,3478.2669381592177,244.90811453657523,66403.0866365606,22490.62516421512,18217.406383014244,1199.999999999999,0.7569979166666667,9.094947017729282e-13,2.1827872842550278e-11
247,2025-09-05,1199.999999999999,19990.584708289316,20853.64795254812,19100.5716301462,0.0,19100.5716301462,0.0,0.1956451901285896,0.3160211816412869,0,0.0,75132.98045,68308.71878333332,46721.716757021975,21587.002026311362,8025.90730462225,1462.0776552319746,41022.768304946054,16439.57711638842,13316.05746427462,1200.0000000000016,0.5586402777777777,6.366462912410498e-12,1.0913936421275139e-11
248,2025-09-06,1200.0000000000016,17363.145485542293,21129.652084267,16206.698972265272,2781.101268871723,18987.800241136996,0.011373199834049797,0.10812911607611307,0.301073451479566,0,862.3885060889311,75826.37416666666,68105.29046666666,47600.59560184895,20504.694864817713,3813.435715936061,1038.4116372557808,35267.427075347114,16064.15612329733,13011.96645987084,1200.0000000000002,0.5657111111111112,9.094947017729282e-13,3.637978807091713e-12
249,2025-09-07,1200.0000000000002,41756.77451745806,47109.251997217405,39269.07689235269,5277.6599422006575,44546.73683455335,0.014565124411057485,0.03349551404707928,0.0463460845187149,0,1759.1904230635578,120781.00903333332,65820.02541666667,62769.52495568187,3050.5004609847965,2111.559510580974,324.64257920692864,63040.06881677029,22903.01617049727,18551.44309810279,1200.0,0.7593138888888888,2.2737367544323206e-13,3.637978807091713e-11
250,2025-09-08,1200.0,41965.103570387866,47145.53782957522,39689.28318448052,18345.707352696703,58034.99053717722,0.0320594565270967,0.02973161471786949,0.048648377295992,0,3892.037015480234,121400.59243333332,62005.022899999996,58988.57915171417,3016.443748285824,1933.1182368172476,25.193333333333385,65018.94549492437,23898.198203341388,19357.540544706524,1200.000000000002,0.7735236111111111,4.547473508864641e-13,2.9103830456733704e-11
251,2025-09-09,1200.000000000002,45384.052833401605,52365.16855789917,42285.902645829556,9428.180440073602,51714.083085903156,0.014231445147466843,0.0788394093173528,0.12951490103227675,0,1723.1751940368663,121082.23558333333,67979.40131666667,59175.05588290515,8804.345433761508,5523.3647952283645,12.70081666666681,70058.42437244966,22833.443442964934,18495.089188801598,1200.000000000001,0.7518833333333333,4.547473508864641e-13,0.0
252,2025-09-10,1200.000000000001,47159.39043810769,52185.98851262782,44452.10470579854,7600.368834747542,52052.47354054608,0.015481998760495125,0.06445094616748767,0.004881428344711136,0,1877.576124978275,121274.78848333332,59958.78983333333,59666.10529712632,292.6845362070112,4432.495603309854,321.0684262432791,68773.1657467246,22571.024504961708,18282.52984901899,1200.0,0.7818236111111112,4.547473508864641e-13,0.0
253,2025-09-11,1200.0,48714.60451257925,55300.5393220429,45477.795013575305,1136.7557399603577,46614.55075353567,0.0023303896765230576,0.10261799715822247,0.11548540156224764,0,281.3870457402578,120746.77835,67250.69256666666,59484.2193302659,7766.473236400762,7518.7612188672665,360.6088193442598,73269.42083340799,23204.625374750623,18795.746553548,1200.0,0.7530638888888889,4.547473508864641e-13,6.548361852765083e-11
254,2025-09-12,1200.0,15990.094690808273,20233.033148404626,15005.910880117424,1655.007629284236,16660.91850940166,0.007932061932920285,0.04067283875207068,0.2707882379924793,0,600.3557730204036,75687.22711666666,64135.570916666664,46768.4126755008,17367.158241165867,1367.521417595995,710.6332823670737,33622.47287267043,16978.20791874679,13752.3484141849,1200.0000000000011,0.5750854166666666,9.094947017729282e-13,1.4551915228366852e-11
255,2025-09-13,1200.0000000000011,16724.011177867364,21044.589753772838,15525.780398493362,825.0807837671674,16350.861182260529,0.0036353288325990433,0.0540048665071618,0.31546243271633684,0,272.88080798221307,75063.58311666666,67056.48163333333,45902.68080788364,21153.800825449693,1880.8379700347189,792.7523087530984,34827.1941341674,17187.275550414593,13921.693195835818,1200.0000000000018,0.5665159722222222,4.547473508864641e-13,1.4551915228366852e-11
256,2025-09-14,1200.0000000000018,46612.21884189444,52731.30696647673,44609.575688984856,4152.179803095093,48761.75549207995,0.010096949637293193,0.04669533373114622,0.049673270977789244,0,1224.1309072878125,121237.69566666667,61138.37091666666,58101.42805098249,3036.942865684172,3251.726182560754,181.3527786171975,69637.0691187891,22588.702364288372,18296.848915073584,1200.0000000000023,0.7759062499999999,4.547473508864641e-13,3.637978807091713e-11
257,2025-09-15,1200.0000000000023,46537.55499325566,54889.92651944266,43767.141475164666,5676.794024379084,49443.935499543746,0.010438363478123823,0.07818565060129423,0.10272251938638324,0,1260.5370855513281,120760.02988333334,65692.99925,58944.84886099221,6748.150389007784,5509.131786090613,93.98199828013719,70462.18511609365,22654.881025963725,18350.45363103062,1200.0000000000034,0.761726388888889,9.094947017729282e-13,2.1827872842550278e-11
258,2025-09-16,1200.0000000000034,47736.56746803896,53223.97391204128,44626.47686420668,4259.230691649247,48885.70755585592,0.012040083377862318,0.0330484608546113,0.06483843885397826,0,1467.00418293735,121843.35746666667,62351.58748333332,58308.80789084674,4042.779592486584,2273.6385023593457,305.5985027080585,68797.10714401097,21843.81445295263,17693.489706891633,1200.0,0.7779465277777776,4.547473508864641e-13,0.0
259,2025-09-17,1200.0,47028.75257641213,55130.05008277427,44297.02103942487,2699.7635517241615,46996.78459114903,0.005990067073194651,0.058014423344584405,0.03186490522363267,0,724.347632862313,120924.79499999998,60964.6766,59022.04295815158,1942.6336418484161,4035.218563140651,219.3988525601029,69555.43691562583,21696.921531257787,17574.506440318808,1200.0,0.778054861111111,1.8189894035458565e-12,0.0
260,2025-09-18,1200.0,47894.728398491876,55665.38432200488,44581.851497451455,776.1026927058238,45357.95419015728,0.0016309436046980103,0.06545273212254214,0.04123108575384521,0,197.02470100940923,120804.11636666665,61848.06525,59298.00236796784,2550.062882032164,4607.487486334017,186.74654156246777,70394.12010651856,22583.14095227714,18292.344171344477,1200.0,0.7698256944444445,4.547473508864641e-13,0.0
261,2025-09-19,1200.0,17509.20318143133,21425.082608430115,16344.988558696892,554.1711358898244,16899.159694586717,0.0028599754135722843,0.06625507686878601,0.23036675966339268,0,215.3193306531739,75287.12646666667,59185.77414999999,45551.339140895114,13634.435009104887,2400.3891358012797,952.9220837791843,36229.512502945225,17661.75414866516,14306.02086041878,1200.0,0.5932520833333333,9.094947017729282e-13,7.275957614183426e-12
262,2025-09-20,1200.0,16293.970794187795,19820.811230808213,15404.707574899681,984.2593461198942,16388.966921019575,0.0033363517701604332,0.06386779791094663,0.23215152940268785,0,251.3298064869451,75330.72763333333,59685.2939,45829.26163826608,13856.032261733915,2264.5504155241033,618.2462490543111,35456.84193905753,17494.258346835846,14170.349260937033,1200.0000000000005,0.5874611111111112,4.547473508864641e-13,7.275957614183426e-12
263,2025-09-21,1200.0000000000005,51815.1711422012,58997.02137321587,48655.96741217536,788.788413454619,49444.75582562998,0.0023864215774238268,0.07471246027669928,0.1031276781784359,0,288.4283600081313,120862.28298333334,62574.7955,56121.60212759455,6453.19337240544,5587.500343046696,253.0165393286644,74786.72663640392,23652.40662262066,19158.449364322736,1200.0,0.7738493055555556,2.2737367544323206e-13,5.093170329928398e-11
264,2025-09-22,1200.0,49341.039760873624,57017.30486718852,46331.39864653024,2237.1239142335476,48568.522560763784,0.005259869625597435,0.039662114683743095,0.06115894254010545,0,637.5910957875622,121218.04173333332,60604.02184999999,56897.54395997655,3706.4778900234446,2818.947343422545,365.393583607816,71074.05557923994,22141.09460337037,17934.28662873,1200.0,0.7821659722222223,2.2737367544323206e-13,3.637978807091713e-11
265,2025-09-23,1200.0,50734.32292976549,57758.34267901575,47788.599254720284,1054.3807409796245,48842.979995699905,0.0021572006359416324,0.06774562656500824,0.04511706722146337,0,261.41449435712445,121182.28133333333,59065.66575,56400.79613787676,2664.869612123237,5005.4599429998525,230.95927505316047,73886.09710763613,21734.77467622981,17605.16748774614,1200.0000000000036,0.7817520833333333,4.547473508864641e-13,3.637978807091713e-11
266,2025-09-24,1200.0000000000036,49546.573046559824,56346.82314036855,46800.886497718566,1877.7237893438564,48678.61028706242,0.003615586213584419,0.06315018107205113,0.057052894872989764,0,437.53724936533825,121014.19341666665,59950.968316666665,56530.592023761936,3420.3762929047234,4610.26207133499,208.07965242975092,73004.73241834281,21791.192373887883,17650.865822849184,1200.0000000000036,0.7761097222222222,3.637978807091713e-12,3.637978807091713e-11
267,2025-09-25,1200.0000000000036,49905.08802539275,60286.1043925536,46836.19360438481,1938.5402847559237,48774.733889140734,0.003998847703805184,0.05396534261436286,0.06954914383830968,0,482.04648350288,120546.34714999999,60210.89825,56023.28182697692,4187.616423023079,3922.3369129166094,298.31886343299425,72682.51664676137,23267.589636271423,18846.747605379853,1199.9999999999995,0.7776076388888888,4.547473508864641e-13,3.637978807091713e-11
268,2025-09-26,1199.9999999999995,16928.920242258646,18877.102271260537,15911.76116826273,398.1199826602941,16309.881150923024,0.0013747227167462115,0.07253569487795576,0.2117651820611835,0,101.99666350860537,74194.35371666666,56500.11021666666,44535.354090157314,11964.75612650935,2641.8582199093285,802.8533837762649,36421.49185107224,17998.827812557392,14579.05052817149,1199.9999999999995,0.5928138888888889,9.094947017729282e-13,3.637978807091713e-12
269,2025-09-27,1199.9999999999995,17941.707657780327,21576.58468730189,16527.079505750422,1517.6598105008538,18044.739316251274,0.006442472950412837,0.05256633991833098,0.22430309043045132,0,489.2785801976024,75945.77175,58144.46949999999,45102.48529971088,13041.984200289116,1896.870495876808,542.5273306277836,36085.268611507985,17325.594289009878,14033.731374097995,1200.0000000000045,0.5996840277777777,1.8189894035458565e-12,3.637978807091713e-12
270,2025-09-28,1200.0000000000045,50857.06232390159,59814.67970648688,47861.987453040085,2653.9863117245122,50515.973764764596,0.005083241937889366,0.06516076272261336,0.01682102022111302,0,611.9695631525468,120389.61958333333,56901.99041666666,55944.84088524633,957.1495314203291,4769.17095342352,411.7239329296576,73190.83991888925,21984.925776850774,17807.78987924913,1200.0000000000005,0.7893881944444444,4.547473508864641e-13,0.0
271,2025-09-29,1200.0000000000005,51996.85442332741,62429.47039990967,48723.66588324704,1102.9699708065948,49826.63585405364,0.0024414906563518675,0.06204418043049213,0.0533014102624794,0,295.6923876117553,121111.4148,58351.523199999996,55241.30472247621,3110.2184775237847,4649.376338715749,195.21552382783477,74936.54209719843,23776.48707759376,19258.95453285095,1200.0,0.7877583333333333,9.094947017729282e-13,5.820766091346741e-11
272,2025-09-30,1200.0,51945.246224745846,60150.98697157941,49033.20864143866,1359.874889200368,50393.08353063903,0.002609091684777923,0.05458262580240501,0.0228818796710203,0,315.4821174672633,120916.45506666665,55494.2803,54224.46685574553,1269.8134442544722,4135.109588767375,467.17299275656876,75758.71493864947,25157.50665090353,20377.580387231865,1200.0000000000018,0.7938243055555556,9.094947017729282e-13,0.0
273,2025-10-01,1200.0000000000018,49778.29516091222,54789.15358288981,46889.40349643689,82.2318948865652,46971.635391323456,0.0003032999160412384,0.15110084325972273,0.13495218133322173,0,35.5523474740487,117218.45471666666,67556.93318333334,58439.977686059785,9116.955497273546,11530.233894358566,1342.1747340871675,76308.2034859302,24699.3167071139,20006.446532762267,1200.0000000000002,0.7381555555555556,4.547473508864641e-13,0.0
274,2025-10-02,1200.0000000000002,46020.4352008799,52486.7572994529,43531.375303376946,80.83449073756259,43612.20979411451,0.00031761433498199724,0.11540833819304576,0.09418868441725795,0,37.23447154163591,117231.70978333332,65500.92666666665,59331.48055582204,6169.44611084462,8200.7385737686,805.2202430458043,71058.45818567343,22050.02427836515,17860.519665475764,1200.0000000000027,0.7419722222222223,4.547473508864641e-13,0.0
275,2025-10-03,1200.0000000000027,31923.4481662092,36830.299752032835,30265.204403829568,0.0,30265.204403829568,0.0,0.401827558098705,0.3450247643002738,0,0.0,71524.19113333334,63707.03743333333,41726.531858628776,21980.50557470455,26605.196354125655,5558.172323949483,66210.4821282326,22365.54829185739,18116.094116404493,1200.0,0.5579645833333333,4.547473508864641e-13,1.4551915228366852e-11
276,2025-10-04,1200.0,14841.22551465745,17632.956182172104,13880.194602041433,821.9328079790654,14702.127410020497,0.004039489278840873,0.04896225342306616,0.251540914606054,0,292.4485810350452,72397.41483333333,59301.43239999999,44384.695856654915,14916.736543345081,1651.941699229401,904.59923082809,33739.086413273,18222.500460905976,14760.22537333384,1200.0000000000018,0.5858305555555555,9.094947017729282e-13,7.275957614183426e-12
277,2025-10-05,1200.0000000000018,44836.42795938539,54628.87516789587,41709.77921741362,487.7628794121748,42197.5420968258,0.0017726107471021618,0.05346436652668294,0.0702623446503873,0,208.4668603940661,117604.4209,62868.45983333333,58451.17444088463,4417.285392448697,3604.015567728671,618.098021789153,67409.67492675674,22330.43020272431,18087.648464206693,1200.0000000000014,0.752561111111111,9.094947017729282e-13,3.637978807091713e-11
278,2025-10-06,1200.0000000000014,45390.92012225806,49613.56601972084,43181.82761603874,528.9919009479496,43710.81951698669,0.0016142170545813618,0.05126759629519244,0.05662010145689074,0,190.30995361567258,117896.13613333332,60163.02688333333,56756.59019724535,3406.436686087978,3549.3011261416527,359.34693945225547,69230.88622499909,23015.800931225724,18642.79875429284,1200.0000000000005,0.7684895833333333,9.094947017729282e-13,0.0
279,2025-10-07,1200.0000000000005,44863.47231769954,53214.78956738988,42091.3286632181,1482.363432785829,43573.69209600393,0.00309381046118408,0.05091572904471281,0.03599122981480715,0,363.0808669508554,117357.17863333333,59585.615633333335,57441.05604741727,2144.5595859160658,3464.351779886272,753.0161677166304,68040.89511993382,22476.23922824056,18205.753774874855,1199.9999999999998,0.7657534722222222,4.547473508864641e-13,0.0
280,2025-10-08,1199.9999999999998,46291.101290143175,54776.0529972522,43510.0830782079,772.5853047733033,44282.6683829812,0.001723433248902582,0.06039123614789572,0.06887749255402381,0,202.31565997798606,117391.06235,60912.56668333333,56717.06182515556,4195.50485817777,4208.313988623407,604.8918960681552,69684.18361759336,23154.172989659746,18754.880121624396,1200.0000000000014,0.7606854166666666,1.8189894035458565e-12,2.9103830456733704e-11
281,2025-10-09,1200.0000000000014,44903.43276523609,51209.145228464986,42516.89385239284,535.6114896604352,43052.50534205327,0.0010116861802580935,0.06373155242877276,0.06836654511228085,0,118.8053328196039,117432.98973333332,61673.00805,57456.637562939606,4216.370487060385,4390.091720113465,408.70414912407875,68884.11709443122,22251.44414536618,18023.669757746608,1200.0,0.7578034722222222,4.547473508864641e-13,0.0
282,2025-10-10,1200.0,14395.580849555192,16065.886911009286,13529.379966416767,496.3362754005295,14025.716241817297,0.0028422539519087544,0.03643691923608193,0.2999132224348151,0,205.69826747977925,72371.53011666666,63027.91919999999,44125.012849366845,18902.90635063315,1228.4934958175152,863.132315535531,33715.62474472294,18858.841755525566,15275.661821975707,1200.000000000004,0.5595319444444445,9.094947017729282e-13,1.0913936421275139e-11
283,2025-10-11,1200.000000000004,14418.629926238606,16077.186785381404,13687.791618220595,343.78220186958015,14031.573820090176,0.001218220709284316,0.04903667041867971,0.24337908520141402,0,87.45723999795035,71790.96475000001,57684.65116666666,43645.41353556065,14039.237631106012,1676.5807418565882,642.9993747904514,34190.346276404656,20066.695712190656,16254.02352687443,1200.0000000000045,0.5845513888888889,1.8189894035458565e-12,0.0
284,2025-10-12,1200.0000000000045,43753.57817194043,48754.81342860426,41657.66814055651,3072.2604040443166,44729.92854460083,0.005579627927466611,0.044726924416247905,0.047873631242349876,0,656.7745673142231,117709.38418333331,59194.428199999995,56360.57597275144,2833.852227248556,3050.4576025190468,136.37545227668056,68201.81897888132,22752.380425357565,18429.428144539637,1200.0000000000023,0.76634375,9.094947017729282e-13,1.4551915228366852e-11
285,2025-10-13,1200.0000000000023,45329.395932474945,49976.99332542834,43229.7985429237,873.0317568639788,44102.83029978768,0.001519867596534591,0.07629805992300306,0.053278896377464066,0,178.85460488425758,117677.75383333332,60650.358533333325,57418.974365779824,3231.3841675535095,5321.288518700481,241.76088603376616,69743.43153771553,21581.354054273885,17480.89678396185,1200.0000000000018,0.764651388888889,4.547473508864641e-13,0.0
286,2025-10-14,1200.0000000000018,44754.94775968422,48895.26396737881,42715.93428104286,2795.8560017129425,45511.7902827558,0.005657071250767805,0.03451187845144025,0.024648886788343788,0,667.7167303770716,118032.22918333333,57258.3999,55847.04408318318,1411.3558168168151,2362.3015770756992,340.2577150934975,68448.94230835806,22257.44550745149,18028.530861035702,1200.0000000000025,0.7730666666666666,9.094947017729282e-13,6.548361852765083e-11
287,2025-10-15,1200.0000000000025,46557.540021891444,49982.48264767199,44649.522473617224,3009.4902660979224,47659.012739715145,0.005969994403105211,0.04498981436816689,0.030497866231611763,0,700.5339534234809,117342.48076666666,55422.45711666666,53732.19043329533,1690.266683371339,3211.0806788173713,527.8425429233791,71373.50362328705,24867.494850518116,20142.670828919676,1200.000000000002,0.7760555555555556,2.2737367544323206e-13,2.1827872842550278e-11
288,2025-10-16,1200.000000000002,46409.85031310005,51149.054860042714,44250.668910340806,5129.545179945276,49380.214090286085,0.009926628520361346,0.030948684134753976,0.03823801623647076,0,1168.6944986460503,117733.27633333334,54766.80338333333,52672.62946634182,2094.1739169915018,2185.707442767244,112.88260868466625,70623.59851069705,23331.874162629927,18898.818071730242,1200.0000000000007,0.7822208333333331,2.2737367544323206e-13,4.3655745685100555e-11
289,2025-10-17,1200.0000000000007,36395.11165145645,38575.28882592877,34950.41842628471,0.0,34950.41842628471,0.0,0.4024012313833448,0.30715947380122477,0,0.0,71943.17253333333,55938.973216666665,38756.78763845452,17182.18557821214,29626.02534684937,6083.240756917961,73623.09813268522,24881.300705468875,20153.85357142979,1200.000000000003,0.58880625,2.2737367544323206e-13,7.275957614183426e-12
290,2025-10-18,1200.000000000003,14098.000161133772,15194.186085972307,13503.832311047001,1222.980975187802,14726.813286234803,0.006081566360326614,0.024930313771537295,0.22933809769981006,0,435.78498503028726,71656.70145,55580.10818333333,42833.47190261801,12746.636280715313,848.7574015050595,938.4436180384993,34045.195310541094,20371.314361293946,16500.764632648097,1200.0000000000036,0.5830680555555555,4.547473508864641e-13,1.8189894035458565e-12
291,2025-10-19,1200.0000000000036,47548.72459326413,52696.12169913351,45071.885586836164,5362.498195263543,50434.38378209971,0.009431508252526461,0.03377438709972346,0.03513388319766365,0,1112.8354234217995,117991.24738333334,54105.52485,52204.587659571815,1900.937190428188,2423.485734513552,84.72751487696462,71755.13584770262,24068.938410381048,19495.840112408652,1200.0,0.7893604166666667,2.2737367544323206e-13,0.0
292,2025-10-20,1200.0,48492.66866401969,51873.3969360431,46643.0351264465,1887.317535960241,48530.35266240674,0.003170806290894172,0.048771900346132914,0.02415511569378974,0,373.84858449272014,117903.31864999999,53462.53628333333,52171.142534125975,1291.3937492073483,3584.084528358462,174.2575783573194,73486.66963809708,23000.0,18630.0,1200.0,0.7871270833333333,9.094947017729282e-13,0.0
293,2025-10-21,1200.0,51220.53284581884,54901.57760116949,48792.60723066145,1327.5137315160805,50120.120962177534,0.0036909783855113617,0.040315595041035185,0.035894289626557295,0,434.80038739237136,117800.84898333333,51338.26763333334,49495.51698597675,1842.750647356579,3045.4260619708775,337.6976185789199,75539.65305165641,22557.882953381144,18271.88519223873,1200.0,0.79530625,9.094947017729282e-13,7.275957614183426e-12
294,2025-10-22,1200.0,49996.61264392423,53776.321935761494,47827.14765233068,4118.127130874111,51945.27478320479,0.006997813919881545,0.03948532724549336,0.04564118685757036,0,823.4466653430736,117671.98653333331,52117.08983333333,49738.40399777738,2378.685835555947,2951.377414506259,217.39502074165512,74746.18093340262,23511.96119969388,19044.68857175204,1200.0000000000011,0.7929506944444444,4.547473508864641e-13,1.4551915228366852e-11
295,2025-10-23,1200.0000000000011,50220.82384830328,53483.623265243834,47880.53248318931,332.4207931260986,48212.953276315406,0.0008377807666363835,0.06479264250862624,0.053025549590733696,0,98.19797221854867,117212.01551666667,53832.518483333326,50978.019604901245,2854.4988784320794,4915.288621733479,257.7187345236579,75861.83294004526,23963.30339074349,19410.27574650223,1200.0,0.7813361111111112,7.275957614183426e-12,7.275957614183426e-12
296,2025-10-24,1200.0,37873.459775428935,41579.27692236109,36304.60031869175,0.0,36304.60031869175,0.0,0.4028799706073681,0.3147457730226272,0,0.0,72135.51853333332,53715.46781666666,36808.75137543787,16906.7164412288,30159.530079737087,5131.581340824656,74859.83985321884,22326.111972429582,18084.15069766796,1200.0000000000005,0.5963583333333333,4.547473508864641e-13,2.9103830456733704e-11
297,2025-10-25,1200.0000000000005,15102.068528728567,16022.130286022413,14503.284062530089,956.2442828622079,15459.528345392297,0.004984011613767342,0.0363098340552533,0.1920357907519375,0,359.06208709616686,72042.787,52644.35426666666,42534.7540664422,10109.600200224468,1260.454133112427,713.3373397171159,34713.850005328364,18900.46150545887,15309.37381942168,1200.0000000000027,0.5985090277777778,9.094947017729282e-13,0.0
298,2025-10-26,1200.0000000000027,50219.89852250814,52175.04488536744,48318.551281961336,1551.2517378737884,49869.803019835126,0.003503066545375176,0.04451881445354663,0.05022850107581537,0,411.3382861720088,117422.34435,52878.03233333333,50222.048029391495,2655.984303941833,3353.49664802607,432.1402481846038,75327.6269637704,25015.958069069686,20262.926035946446,1200.000000000001,0.7873305555555555,4.547473508864641e-13,0.0
299,2025-10-27,1200.000000000001,49757.11975382866,52714.068083519844,47839.59311410672,2251.2670042549657,50090.860118361685,0.0043570372898663265,0.06994000533884533,0.04404404191758145,0,513.2178811221145,117790.56431666666,54237.98265,51849.122668638345,2388.859981361655,5264.981461361252,215.33436939871763,75278.53959766618,23000.0,18630.0,1200.0000000000014,0.7828958333333333,9.094947017729282e-13,0.0
300,2025-10-28,1200.0000000000014,49214.130380491704,53620.613538231875,47276.87095407066,2548.580185912867,49825.45113998353,0.005231258812963974,0.03432704399603927,0.022480295226754345,0,614.7469056329246,117514.14480000001,51541.723099999996,50383.04994821637,1158.673151783624,2524.5578911270104,133.37870462166416,73544.28454189937,23000.0,18629.999999999993,1200.0000000000032,0.7930666666666668,9.094947017729282e-13,1.4551915228366852e-11
301,2025-10-29,1200.0000000000032,50918.569271053515,55221.460201803944,48681.92791906382,7014.062786410388,55695.99070547421,0.015761176767755666,0.03071705430946777,0.00819444216309074,0,1855.4311757827745,117721.61451666665,48409.357716666666,48012.670034705065,396.68768196159544,2296.20611791117,188.92002893395795,74753.46088779814,23235.90228828518,18821.080853510997,1200.0000000000002,0.8069569444444444,9.094947017729282e-13,0.0
302,2025-10-30,1200.0000000000002,52685.114154408024,55702.33847306567,50508.47502527924,1374.4017208398318,51882.876746119066,0.0028887315459716133,0.05896479978880444,0.06731095998374684,0,337.7391412769732,116916.07056666666,52128.252916666665,48619.45017057028,3508.802746096384,4553.404976639031,176.6190867572967,77222.42749823733,23860.643052745265,19327.120872723663,1200.000000000001,0.7919604166666666,4.547473508864641e-13,2.1827872842550278e-11
303,2025-10-31,1200.000000000001,16016.124018642751,17464.688085642785,15400.288945953387,372.6558458352229,15772.94479178861,0.0019358231785887058,0.04857311552440687,0.13285973968751905,0,138.8933560110335,71748.98903333332,47844.69696666666,41488.0629822471,6356.6339844195645,1766.9739514874288,939.2564036755637,36377.61202695687,18680.784087993063,15131.435111274383,1199.9999999999982,0.6177326388888889,1.8189894035458565e-12,1.4551915228366852e-11
304,2025-11-01,1199.9999999999982,15338.350286128925,17134.10595850522,14735.197467939519,494.46566792652527,15229.663135866043,0.003272216895901746,0.042355932348893635,0.15280568525546373,0,235.51522434053499,71974.20948333332,49430.17105,41876.95989040997,7553.211159590034,1523.8568867848812,809.8403158467848,35977.4133699287,19905.1673616537,16123.185562939494,1200.0000000000002,0.6046034722222222,1.8189894035458565e-12,7.275957614183426e-12
305,2025-11-02,1200.0000000000002,53207.643509818,59744.302471114825,51227.02771121301,2078.1294665488363,53305.15717776185,0.0042234960123713194,0.04763432883482841,0.03198311303352331,0,497.7104386683726,117843.23631666665,49046.85238333333,47478.18135961865,1568.6710237146822,3714.580326997097,131.32888409382872,77981.16228061845,22462.676584988847,18194.76803384097,1199.9999999999995,0.8022444444444444,4.547473508864641e-13,5.093170329928398e-11
306,2025-11-03,1199.9999999999995,53583.79650179078,60496.10423568894,51526.93383539621,1439.353357328331,52966.287192724536,0.003923379890221734,0.030015533169805115,0.04373533679864068,0,462.2091281306209,117808.91503333332,48303.98475,46191.39370824234,2112.5910417576533,2352.3418484698263,268.19505459189725,78370.81670887073,24184.040046571758,19589.072437723124,1200.0000000000005,0.8054708333333334,9.094947017729282e-13,7.275957614183426e-11
307,2025-11-04,1200.0000000000005,53632.94741733199,58173.85495058679,51606.67293563201,1110.802337047137,52717.47527267914,0.0024070057344425383,0.06193010618910712,0.04980838432470447,0,282.57431523925175,117396.61073333332,49816.5387,47335.25739470388,2481.2813052961133,4897.925898325592,113.74904539599606,79087.9622161392,22618.464468565347,18320.956219537933,1200.0000000000032,0.7975826388888889,9.094947017729282e-13,0.0
308,2025-11-05,1200.0000000000032,54785.40109348958,57819.07152469966,52749.30442431513,640.6595399553902,53389.96396427052,0.001384498969137633,0.04478424723916179,0.035100600469189856,0,163.044700946379,117764.40761666666,48086.38755,46398.52647260082,1687.8610773991752,3563.114859520117,330.2447376603044,79561.78967331922,23503.12438431237,19037.530751293023,1200.000000000001,0.8089555555555555,9.094947017729282e-13,7.275957614183426e-12
309,2025-11-06,1200.000000000001,55065.69104369493,58174.881759524185,53372.809676224264,3009.7618744762412,56382.57155070051,0.0051842550659501425,0.0458052702369021,0.020100854685126894,0,610.2547045893994,117713.09413333333,46343.50958333333,45411.965431599965,931.544151733369,3664.5171317748236,261.30826879958704,80002.08519286453,23080.97786919027,18695.592074044118,1200.0000000000011,0.8150673611111112,2.2737367544323206e-13,7.275957614183426e-12
310,2025-11-07,1200.0000000000011,15689.528083327546,17316.565511669185,15100.553200041966,1037.4926083155997,16138.045808357565,0.0045898917067016985,0.046979170661836975,0.15103872696149134,0,331.44699796333595,72212.37866666666,48893.91688333333,41509.0419211137,7384.874962219635,1706.685012653952,505.0136142203888,36328.54706906011,19710.308918927007,15965.350224330874,1200.000000000001,0.6155340277777778,4.547473508864641e-13,5.4569682106375694e-12
311,2025-11-08,1200.000000000001,15623.345691552899,17278.527116462323,14965.552715023621,447.3566843004319,15412.909399324053,0.002426985444228905,0.035851865190104255,0.1438515495276661,0,174.82757324101775,72034.86681666666,48243.65971666666,41303.734511538714,6939.925205127944,1300.6604241535226,608.831461244979,36278.73800307962,20068.11255681155,16255.171171017357,1199.9999999999982,0.6173409722222222,1.8189894035458565e-12,3.637978807091713e-12
312,2025-11-09,1199.9999999999982,54706.871269355324,58574.43581009216,52357.7689742638,3922.473818616611,56280.24279288042,0.007228620202444211,0.03188937583585287,0.029105227126816256,0,852.092907983822,117877.67016666666,46530.85298333333,45176.56193884893,1354.2910444844124,2519.401604394233,201.23005027074805,79004.41881843601,23340.90444177423,18906.132597837128,1200.0000000000018,0.8103173611111111,9.094947017729282e-13,5.820766091346741e-11
313,2025-11-10,1200.0000000000018,55859.19689894231,59442.94559763509,53750.23701787571,4183.563701886438,57933.80071976215,0.008495685696783889,0.0198503872609654,0.015913600265185766,0,1006.059973286448,118420.10276666665,44561.65966666666,43852.52322757808,709.1364390885843,1588.6510915508961,182.56339883042608,80031.2392229689,24728.97456202865,20030.469395243206,1200.0000000000002,0.8189729166666666,2.2737367544323206e-13,2.1827872842550278e-11
314,2025-11-11,1200.0000000000002,56441.62018796914,60342.30779164739,54185.925413147284,633.0596057648747,54818.98501891216,0.0014853960647541703,0.049367274568691756,0.027569606307752056,0,175.214152117024,117957.86744999999,46398.84778333333,45119.649816813515,1279.1979665198141,4017.2363444184325,154.26748293026947,81374.48095962187,23894.598164230054,19354.62451302634,1200.0000000000014,0.8138590277777777,4.547473508864641e-13,0.0
315,2025-11-12,1200.0000000000014,56064.57226418815,58797.878529213245,54009.00851450008,1495.5163543038839,55504.524868803965,0.0026606286780291866,0.053555252217728534,0.02525554777664017,0,312.40227610491297,117416.71383333333,46460.726083333335,45287.33499599832,1173.3910873350171,4324.0235263832665,200.41778864513014,80739.48580811414,23147.725957134993,18749.658025279343,1200.0000000000014,0.8123951388888888,9.094947017729282e-13,0.0
316,2025-11-13,1200.0000000000014,57199.64552322938,61146.35219200256,55143.27082941516,3229.911586832829,58373.18241624799,0.006878879658666802,0.027806741077597473,0.04982421952467714,0,810.1951840722674,117780.10726666667,45384.23595,43123.00181506745,2261.2341349325443,2242.4666081942573,190.62440592712323,80644.7113646447,22972.158331559818,18607.44824856345,1200.0000000000005,0.8185361111111111,9.094947017729282e-13,7.275957614183426e-12
317,2025-11-14,1200.0000000000005,16059.135010983277,17524.674737700596,15334.673486231066,624.6665720822734,15959.340058313339,0.0036331636167818166,0.028580615713559,0.0902533761426284,0,260.6355031555033,71737.89309999999,44139.4378,40155.70451751245,3983.7332824875507,1047.743462342692,544.7693479487914,36659.23340642481,19711.40798316469,15966.240466363395,1200.0000000000036,0.6290784722222222,1.1368683772161603e-13,7.275957614183426e-12
318,2025-11-15,1200.0000000000036,16544.473397906375,18727.09545172612,15705.721197109844,946.5250397898893,16652.246236899733,0.0043625925744829736,0.03880872074720832,0.07883310819745863,0,316.14389495561977,72466.97681666666,44255.0899,40766.32360962503,3488.7662903749583,1441.4858246540196,456.21979804339077,37143.34811609867,20321.75358586979,16460.62040455453,1200.0000000000055,0.6287680555555555,9.094947017729282e-13,0.0
319,2025-11-16,1200.0000000000055,58269.449362856416,61828.311396432466,56272.713425695765,3044.3059560668116,59317.01938176258,0.006306825235767893,0.03533431509422982,0.03164485137340635,0,746.4775392198941,118360.27023333333,43925.725849999995,42535.70278400775,1390.0230659922431,2923.3294307169963,196.6572068314099,82733.43979983873,23870.332906235057,19334.9696540504,1200.0000000000005,0.8205798611111111,4.547473508864641e-13,0.0
320,2025-11-17,1200.0000000000005,57968.56421649428,60799.98961779718,56200.44890043048,947.7537843451114,57148.20268477559,0.0021731516446285683,0.05523522777105387,0.029637009852455855,0,254.8448645641638,117269.71065,44573.95631666666,43252.917534146676,1321.0387825199869,4593.0862164173395,252.59032468403348,83155.0154089227,23933.634823853517,19386.244207321346,1200.000000000004,0.815854861111111,9.094947017729282e-13,1.4551915228366852e-11
321,2025-11-18,1200.000000000004,58418.76322317293,61405.08975174985,56442.006152976835,2291.7988033082684,58733.8049562851,0.005207404022572715,0.0325479083902087,0.02475706198935082,0,613.3472428735436,117783.6865,42893.134666666665,41831.22667280643,1061.9079938602392,2690.299660341946,253.06477664438057,82656.60662702558,23021.73476694324,18647.60516122402,1199.9999999999993,0.8219124999999999,9.094947017729282e-13,0.0
322,2025-11-19,1199.9999999999993,58985.652036902036,64026.01374232685,57105.59174017721,3305.7675674220386,60411.35930759925,0.005793803740688737,0.0404837787207197,0.006970213097977683,0,684.7099957551077,118179.70134999999,42811.389749999995,42512.98524042191,298.40450957807747,3349.4015412248627,117.45454266040201,82734.40985662316,22555.51399428908,18269.96633537415,1200.0000000000036,0.8290138888888889,9.094947017729282e-13,3.637978807091713e-11
323,2025-11-20,1200.0000000000036,59322.361176370076,61818.396216604975,57444.421419257735,1561.4999972281496,59005.921416485886,0.0027995568979930076,0.04171757347514657,0.03471812053498407,0,329.91786225161627,117846.45723333332,43053.381199999996,41558.64872205978,1494.732477940217,3509.2045418774205,249.37468669021507,84118.13654425622,23166.66666666666,18765.0,1200.0000000000005,0.8211791666666666,9.094947017729282e-13,1.4551915228366852e-11
324,2025-11-21,1200.0000000000005,44499.065769836074,46544.31808363533,43160.17357111885,0.0,43160.17357111885,0.0,0.37217960437099745,0.32396811402323944,0,0.0,71999.1771,43134.793033333335,29160.49548554156,13974.297547791768,31265.93134192479,5240.1890241392375,84007.6430162416,24541.268609048122,19878.427573328976,1200.0000000000045,0.6326340277777778,9.094947017729282e-13,0.0
325,2025-11-22,1200.0000000000045,16929.501692036978,17963.66180259646,16101.488433993994,1143.0262399489866,17244.51467394298,0.005836996516918732,0.03137099917497736,0.07571715434108027,0,423.47357275103366,72549.91013333332,42330.08065,39124.967400153575,3205.113249846426,1211.124359825042,389.553170531304,38606.49618043018,21075.52362971113,17071.174140066018,1200.0,0.636675,4.547473508864641e-13,7.275957614183426e-12
326,2025-11-23,1200.0,59768.37644418324,63577.26021168522,57815.820444067744,2880.9811070220676,60696.80155108981,0.0054651449474857,0.04171188449419405,0.02973088699163379,0,643.6994851780934,117782.69219999999,42550.595916666665,41285.52895804157,1265.0669586250908,3500.453716754266,197.84488193860864,83919.8170785475,22989.761700390998,18621.706977316706,1200.0000000000005,0.8264944444444444,9.094947017729282e-13,2.9103830456733704e-11
327,2025-11-24,1200.0000000000005,59576.575951458515,63146.82173137804,57681.97119614126,1486.8115254386657,59168.782721579926,0.002991685791707377,0.052176285460867756,0.03284252565171788,0,352.94618900802675,117975.68781666666,43813.74411666666,42374.79010161724,1438.954015049428,4407.8687710687545,157.5405595027554,84480.31001315068,24562.890297567166,19895.941141029405,1200.0000000000027,0.8210506944444445,9.094947017729282e-13,1.4551915228366852e-11
328,2025-11-25,1200.0000000000027,59904.24333597722,62458.35783415605,57861.75868358608,977.3713348520655,58839.13001843815,0.0021867209440872117,0.037617745383152414,0.022147817355835975,0,257.33855181047085,117682.39221666666,41513.73175,40594.293201441826,919.4385485581689,3193.8073261413547,235.95776427182454,84901.6147462081,24426.785223055624,19785.696030675055,1200.000000000001,0.8241243055555556,9.094947017729282e-13,0.0
329,2025-11-26,1200.000000000001,60377.32212719328,65799.73668374534,58356.335702715616,2056.01846750637,60412.35417022199,0.004065073763203273,0.0317559442826627,0.01664479220180643,0,478.40404624955517,117686.43673333332,40928.76985,40247.51898077119,681.2508692288101,2690.542525513587,286.5331252603621,84725.6344061071,25200.23710010821,20412.19205108765,1200.000000000001,0.8299340277777778,9.094947017729282e-13,0.0
330,2025-11-27,1200.000000000001,60595.49089647359,64236.81585547846,58748.32034201975,1952.5001328805156,60700.82047490027,0.003631251283088276,0.04226107474439115,0.029068803121970622,0,425.575902242124,117198.14164999999,41417.248916666664,40213.29906205443,1203.9498546122343,3582.3973430453943,133.3208166270971,84768.24985433782,23648.763205062576,19155.498196100685,1200.0,0.8285638888888889,9.094947017729282e-13,1.4551915228366852e-11
331,2025-11-28,1200.0,17072.31350273792,18596.240776183793,16200.082560046048,930.3165048823276,17130.399064928377,0.004013825623966213,0.043592550958803426,0.06977746534140482,0,289.954834677284,72239.02128333334,41317.78273333333,38434.73258067447,2883.050152658861,1723.322605695168,424.28336885564346,39532.501947953715,20371.379502217536,16500.817396796203,1200.0000000000002,0.6340243055555557,9.094947017729282e-13,1.8189894035458565e-11
332,2025-11-29,1200.0000000000002,17197.37030622897,18466.708694517212,16454.877692955328,5491.861312344773,21946.7390053001,0.026878697071265552,0.03153129158649877,0.030747508647708432,0,1939.4646384778034,72156.19988333333,37226.74978333333,36082.11997244421,1144.6298108891197,1265.629163875747,540.2107648936302,40138.83035535629,22096.711337766304,17898.33618359071,1200.0000000000032,0.6504381944444445,1.8189894035458565e-12,0.0
333,2025-11-30,1200.0000000000032,63640.21580595188,68953.29382658159,61545.39699104813,2805.0146626209144,64350.41165366905,0.005356047062174228,0.03532881379534863,0.014260665710233184,0,632.0608709772598,118008.83443333332,37764.00631666666,37225.46644670555,538.5398699611176,3107.6808037669407,136.1965825721627,87964.48195993765,24048.933989200188,19479.636531252152,1200.000000000003,0.8395993055555555,9.094947017729282e-13,0.0
334,2025-12-01,1200.000000000003,67381.8434072274,69000.21960084965,65605.2324726757,19558.07013586257,85163.30260853827,0.03537547629241108,0.025917446738080226,0.004746583727907344,0,4432.242654368175,125291.39163333333,38992.4639,38807.38290534125,185.08099465875455,2314.045254131859,146.2002149853663,89285.23235785635,25122.214816395877,20348.994001280662,1200.0000000000064,0.9076055555555556,1.5916157281026244e-12,4.3655745685100555e-11
335,2025-12-02,1200.0000000000064,71065.10349576532,78909.05863779297,68992.10484839903,15455.785082466306,84447.88993086533,0.02315284356213216,0.015061268310024096,0.003080302096852795,0,2903.381020804618,125400.62359999999,36762.81365,36649.57307802769,113.24057197230354,1394.5735450214156,459.4830915348773,92593.36706014664,25745.47853906668,20853.83761664402,1200.0,0.9153138888888888,2.2737367544323206e-13,0.0
336,2025-12-03,1200.0,74976.02523952092,78693.86650099601,73213.3713582377,1625.467713238121,74838.83907147581,0.0031420909576060285,0.03968265363681231,0.0381882413600657,0,391.5765850244054,124622.93113333332,37460.18256666666,36029.644073418676,1430.538493247992,3861.670384514532,373.76671270682334,97313.81423877827,25666.66666666667,20790.0,1200.000000000001,0.9120326388888889,2.2737367544323206e-13,4.3655745685100555e-11
337,2025-12-04,1200.000000000001,75951.33485521206,85707.54014427816,73592.02890922481,2083.529484793062,75675.55839401788,0.0034630947341056516,0.055539193734589216,0.03494129271700697,0,434.0513106574894,125336.25094999999,38565.042199999996,37217.52977184608,1347.5124281539265,5451.104018912825,182.501601112137,98148.77840975815,25423.699590719716,20593.19666848297,1200.0000000000002,0.9050854166666666,4.547473508864641e-13,4.3655745685100555e-11
338,2025-12-05,1200.0000000000002,22225.524605000046,25248.916733527498,21265.336579218845,3005.367677079263,24270.704256298108,0.010856356530874913,0.03624879488800801,0.03226174222136193,0,856.2198985830527,78868.07108333333,37556.443400000004,36344.807104278036,1211.6362957219699,1750.6896174655749,482.2370088854354,48296.491590255486,23139.583597011697,18743.06271357947,1200.0000000000014,0.7171770833333333,9.094947017729282e-13,1.4551915228366852e-11
339,2025-12-06,1200.0000000000014,25650.802855551556,29363.034507787746,24341.16401221993,3475.020373503279,27816.18438572321,0.014186994568147707,0.04946991508862999,0.05271421187719437,0,1127.452107981288,79470.82115,35806.19033333333,33918.695229586854,1887.495103746482,2599.7074313597095,1005.4568381166592,52551.28145463945,23797.070382795915,19275.627010064694,1199.9999999999998,0.7271965277777777,9.094947017729282e-13,7.275957614183426e-12
340,2025-12-07,1199.9999999999998,76901.88533714754,82701.69028263692,74724.8939712759,2055.7745316530277,76780.66850292894,0.003031976764013081,0.04967310275277751,0.05007701201989834,0,379.20164149740106,125067.46291666667,37414.78166666666,35541.16119542313,1873.6204712435383,4907.472058684262,155.672309023563,98795.35979680385,24132.186049210028,19547.070699860124,1199.999999999999,0.9101083333333333,9.094947017729282e-13,0.0
341,2025-12-08,1199.999999999999,79745.0643575567,87957.51804530444,77545.5190308757,847.8832739344472,78393.40230481015,0.0011911830094913675,0.07112982284327563,0.050597174355655895,0,148.19549981019418,124410.35393333333,36563.14281666666,34713.15110458103,1849.9917120856303,7269.555001265934,413.53719122466225,102201.22461549437,26153.289968745637,21184.164874683964,1200.0000000000002,0.9085152777777777,4.547473508864641e-13,4.3655745685100555e-11
342,2025-12-09,1200.0000000000002,75961.37908773511,85987.58819532345,73527.34695533104,2808.948111967062,76336.29506729811,0.004275553539888889,0.05191859616540911,0.03788789470739377,0,533.138785111162,124694.68108333333,37306.22681666666,35892.772423106646,1413.4543935600161,5123.53720449548,214.78610910532632,98684.04739165597,26720.811594419207,21643.857391479556,1200.0000000000005,0.9057770833333332,9.094947017729282e-13,0.0
343,2025-12-10,1200.0000000000005,76466.50159640737,86241.9766840246,73852.39595098924,2418.0787253600042,76270.47467634924,0.004319875491580075,0.032257361624474054,0.03915815961523462,0,537.3007765085578,124378.76451666666,35991.146049999996,34581.79900823887,1409.3470417611209,3140.796029454845,258.16633082895294,97366.79850071449,24779.849518481424,20071.67810996995,1200.0000000000055,0.9161590277777777,9.094947017729282e-13,0.0
344,2025-12-11,1200.0000000000055,75092.90031305364,84026.85930077183,72808.57766211836,1054.0039770285355,73862.5816391469,0.0022862808331916293,0.05812596287764706,0.043981681286824253,0,283.01367216046856,123787.79896666665,37826.544266666664,36162.86925254818,1663.6750141184825,5709.988824864124,328.0482512285338,98234.73955835248,25551.507580535865,20696.72114023405,1200.000000000002,0.8976340277777778,9.094947017729282e-13,1.0186340659856796e-10
345,2025-12-12,1200.000000000002,25512.467145961444,33921.59231619376,23827.35261546503,1743.4379304022377,25570.79054586727,0.007443374964103682,0.043422714970602544,0.04669728552882221,0,585.5085558302657,78661.70368333333,34947.2902,33315.34661107199,1631.9435889280105,2265.89211380271,896.9898173158931,52182.18426316119,22412.914819007936,18154.46100339643,1200.0000000000023,0.7237798611111111,1.8189894035458565e-12,1.4551915228366852e-11
346,2025-12-13,1200.0000000000023,26107.445730513966,33618.68299866338,24459.61006432458,958.2625760437061,25417.87264036829,0.0030004477433663054,0.05621780179843751,0.0395983149545007,0,236.5557728075415,78840.15755,35041.62416666666,33654.03489639776,1387.5892702689098,2975.774427393185,752.0008124267747,52932.955971179435,22397.967634551453,18142.35378398668,1200.000000000002,0.7296965277777777,4.547473508864641e-13,0.0
347,2025-12-14,1200.000000000002,77748.79628358544,87157.03351311224,75235.51600873054,1722.9671622266462,76958.48317095719,0.0026265709656920024,0.04335075410170987,0.03217046632339008,0,327.0674085664998,124522.58585,35743.86405,34593.96727531164,1149.8967746883582,4295.932310500786,141.40770798948108,99097.06069752875,26621.944804824372,21563.775291907747,1200.0,0.9207375000000001,4.547473508864641e-13,5.820766091346741e-11
348,2025-12-15,1200.0,78572.43267183675,89508.49490662117,75719.26257222735,1493.0947064438392,77212.35727867119,0.002812532342476248,0.044614777354453246,0.030454087265201345,0,349.6124670106777,124305.22548333333,34835.66751666667,33774.77905817256,1060.8884584941065,4452.019635841671,174.0076140358923,99788.0052268666,26216.54746757337,21235.403448734432,1199.9999999999998,0.9144402777777779,2.2737367544323206e-13,7.275957614183426e-11
349,2025-12-16,1199.9999999999998,77567.01442704504,88740.70042567905,74839.95640085492,1552.3522021371932,76392.30860299211,0.002928805720989013,0.03931723947146075,0.0337947694834216,0,365.0666808849002,124646.94338333333,35228.85205,34038.30111580469,1190.5509341953143,3900.9271948667383,135.95724184400456,99216.71122659334,25980.269490730738,21044.01828749189,1200.0000000000023,0.9109138888888888,9.094947017729282e-13,0.0
350,2025-12-17,1200.0000000000023,78013.51142380178,88446.4398693787,75209.38644091251,1541.5085054911442,76750.89494640366,0.002699387632878389,0.04793762300399471,0.044108931273045195,0,335.98347832919217,124466.55465,36274.70758333333,34674.66899959027,1600.0385837430613,4761.735693228527,276.4395008347874,99331.91082152164,25462.28134409373,20624.44788871592,1200.0000000000002,0.9088097222222221,4.547473508864641e-13,2.9103830456733704e-11
351,2025-12-18,1200.0000000000002,76619.48644926009,85650.70771366684,74249.69132757708,1133.7646717443258,75383.4559993214,0.0027790909742627426,0.06106500609335063,0.023999383086994577,0,345.48369290022356,124315.35926666667,36949.0923,36062.33687917558,886.7554208244215,6035.047620990862,214.9626880223277,98829.88649448474,24591.249952003614,19918.912461122927,1199.9999999999998,0.9094777777777777,4.547473508864641e-13,0.0
352,2025-12-19,1199.9999999999998,25221.656016495985,27986.78446661167,23852.005726183506,1664.401764309616,25516.407490493122,0.006047752279175092,0.04387091644170795,0.07573967531259722,0,475.3129630173914,78593.32543333333,35684.93413333333,32982.168808523245,2702.765324810084,2303.448527956745,627.3835158872706,52505.13813672839,23360.328584693107,18921.86615360141,1200.0000000000025,0.7250944444444445,9.094947017729282e-13,7.275957614183426e-12
353,2025-12-20,1200.0000000000025,25151.55492216242,29621.896302439683,23713.384948619518,1503.6032644031884,25216.988213022705,0.006606503904585397,0.056641723667447054,0.05887818133667497,0,519.7238853187131,78668.52011666665,35812.16786666666,33703.61255295362,2108.555313713044,2975.114430848038,654.7041980563188,52525.13938868506,23421.774112559848,18971.637031173475,1200.0000000000048,0.7189708333333333,9.094947017729282e-13,0.0
354,2025-12-21,1200.0000000000048,76807.8694679458,87421.04161030005,74044.1321545053,3397.9226947745356,77442.05484927984,0.0055723469557338295,0.039719696744202004,0.03255395319980491,0,693.0686821856133,124376.44096666665,35338.659100000004,34188.24604551474,1150.41305448526,3902.0735892934363,157.14258397514755,98240.26639536297,24662.757805937195,19976.83382280913,1200.0,0.9100763888888888,2.2737367544323206e-13,1.4551915228366852e-11
355,2025-12-22,1200.0,77521.09295855621,86601.31938368942,74845.3462183532,1885.9831038963007,76731.3293222495,0.003802458730663043,0.04218070729128249,0.024486541406805538,0,474.23677358997963,124718.45381666666,35781.02673333333,34904.87314064955,876.1535926837826,4143.332842928039,54.02601018724636,98228.15000032833,24691.827604136357,20000.38035935045,1200.0000000000014,0.9192854166666665,9.094947017729282e-13,0.0
356,2025-12-23,1200.0000000000014,75806.74744809903,80944.27394216375,73698.2819399613,543.299292142456,74241.58123210377,0.0008827896514459571,0.04877238016081768,0.025576175584586646,0,109.42765187931457,123956.65456666666,36698.562033333335,35759.95316706695,938.6088662663785,4779.679295725234,251.99776545118266,97999.71377171151,25688.226120077386,20807.463157262682,1200.0000000000023,0.9126888888888889,2.2737367544323206e-13,0.0
357,2025-12-24,1200.0000000000023,76548.76668835453,83621.14969701084,74185.59451499562,817.2440387572005,75002.83855375282,0.0015215330487988704,0.05088911614570706,0.03378651069836826,0,188.60067245067728,123954.37128333331,36099.81196666666,34880.1252834458,1219.6866832208657,5034.7451733380585,158.45528256432226,98935.59870292192,25561.85747148785,20705.10455190516,1200.000000000001,0.9082652777777778,9.094947017729282e-13,1.4551915228366852e-11
358,2025-12-25,1200.000000000001,75237.5441887813,83775.27102156791,72842.96400351441,3159.314703960897,76002.27870747531,0.006490666399728946,0.03375754001870823,0.037761598846725385,0,803.4786712987509,123789.8579,35977.40936666667,34618.84486661818,1358.5645000484872,3255.250812937866,122.42075297993779,96430.33263483728,24658.561614928465,19973.434908092055,1200.0,0.9102520833333334,4.547473508864641e-13,1.4551915228366852e-11
359,2025-12-26,1200.0,25300.638533083482,31029.632456113988,23735.05067817565,1023.089236131275,24758.139914306925,0.004864276473202988,0.051363997788313,0.04475435744950168,0,380.7284160522548,78270.30764999999,35262.685216666665,33684.52639785071,1578.1588188159585,2668.4073167456327,845.3576308222257,51950.92733519242,22274.260797513296,18042.151245985766,1200.0000000000014,0.7237750000000001,4.547473508864641e-13,1.4551915228366852e-11
360,2025-12-27,1200.0000000000014,18654.834454352036,22255.564598165318,17551.200197503647,21881.39821133357,39432.59840883722,0.07548646213660129,0.0025388177034134803,0.006593990888395112,0,5918.831894145373,78409.18393333333,35070.374866666665,34839.121134343266,231.25373232340092,106.92239218414136,20.468466591901347,42115.03332452051,22823.21874157775,18486.807180677977,1199.9999999999995,0.7212277777777778,9.094947017729282e-13,1.8189894035458565e-11
361,2025-12-28,1199.9999999999995,78324.66101364272,92348.1431663916,75316.73581913734,659.9508249607497,75976.68664409808,0.0009096738563209875,0.0643757769475061,0.043589740808096314,0,112.35497305258423,123511.26975,36702.015,35102.18367901514,1599.831320984863,6461.774943599776,712.038088010567,100375.87505730451,25817.531198746743,20912.20027098486,1200.0000000000023,0.9058916666666667,9.094947017729282e-13,5.820766091346741e-11
362,2025-12-29,1200.0000000000023,79482.66231718604,93546.28608063352,76625.20302371134,262.36920927672753,76887.57223298807,0.0004213504344426151,0.06767310111604587,0.05078344896492116,0,52.11148677530991,123677.30638333333,36153.54011666667,34317.5386572507,1836.0014594159716,6880.535937439295,623.2308559827916,101673.1289680452,25587.92597534626,20726.220040030472,1200.0000000000005,0.90653125,1.8189894035458565e-12,2.9103830456733704e-11
363,2025-12-30,1200.0000000000005,73681.9296255077,91583.62591302778,70670.45375101622,1705.0037251509139,72375.45747616714,0.0025741158097070845,0.04361135323777605,0.02129459515245655,0,317.9715398635302,123526.50905,37302.10644999999,36507.77319481341,794.3332551865881,4189.514943611763,392.7720086685338,96064.7774621865,25166.97997149027,20385.25377690712,1200.0,0.9004583333333334,4.547473508864641e-13,1.4551915228366852e-11
364,2025-12-31,1200.0,77941.43797864365,94079.19948600997,74733.1738458056,2880.5632940902324,77613.73713989583,0.0051613769207102785,0.03593737336328216,0.012828355317014149,0,638.9356495924899,123791.70508333332,35145.28215,34694.42598286308,450.85616713691496,3673.7435282070605,157.53391937759534,102226.2670972105,29561.295782884696,19624.649584136605,6000.0,0.9102437499999999,9.094947017729282e-13,7.275957614183426e-11
