date,strategy,soc_initial_kwh,soc_final_kwh,zero_plan_kwh,final_plan_kwh,used_plan_kwh,emergency_kwh,curtail_kwh,spill_kwh,charge_kwh,discharge_kwh,plan_cost_yuan,adjustment_cost_yuan,market_cost_yuan,emergency_cost_yuan,total_cost_yuan,alternative_total_cost_yuan,max_solver_eq_residual,max_solver_ub_violation,simultaneous_charge_discharge_count,soft_terminal_deviation_kwh
2025-02-01,S6_12,6000.0,6000.000000000004,51868.30692697806,53106.196079909976,44896.17028975192,3.4049788813330224,4827.6105338599655,1624.381945444053,21417.930821030972,17348.523965035085,27631.61269087223,1058.0084273564316,28689.62111822866,13.602890630925424,28703.224008859586,28703.224008859583,1.1254996934439987e-11,2.0372681319713593e-10,0,3.637978807091713e-12
2025-02-02,S6_12,6000.000000000004,6000.000000000004,98867.75183414768,98867.75183414767,87610.05378343459,43.537618630352995,3819.723688591704,566.913483594471,25845.664630940566,20934.98835106186,63449.261397272196,7.275957614183426e-12,63449.2613972722,136.73773580612394,63585.99913307832,63585.99913307832,9.094947017729282e-13,1.7462298274040222e-10,0,0.0
2025-02-03,S6_12,6000.000000000004,6000.000000000006,103072.2583239474,103072.25832394738,86709.24266797291,32.622412591578154,1645.7487784773298,582.695884077657,22613.17851583956,18316.674597830046,66316.14009894637,0.0,66316.14009894637,162.55017896046633,66478.69027790683,66478.69027790682,9.094947017729282e-13,1.4551915228366852e-10,0,2.7284841053187847e-12
2025-02-04,S6_12,6000.000000000006,6000.000000000014,98875.82472732317,98880.81192732316,87744.0121094824,134.40904318616424,1535.1353963256672,499.4424939783087,24468.312170339857,19819.332857975285,63487.307859349414,3.7591019999963464,63491.06696134941,332.9268539534311,63823.99381530284,63823.993815302834,3.637978807091713e-12,1.5688783605583012e-11,0,7.275957614183426e-12
2025-02-05,S6_12,6000.000000000014,5997.980561229916,90752.97991106953,90789.13738728486,85773.95075244848,563.3916643666487,775.7027005264466,179.96297637887767,24395.090797208042,19761.841040631607,57251.381916445054,48.58537112376507,57299.96728756882,2135.903326541079,59435.870614109896,59435.87061410989,9.094947017729282e-13,1.0267342531733448e-11,0,2.019438770097622
2025-02-06,S6_12,5997.980561229916,5944.851844246575,97174.11445240909,97196.42454407577,86136.1443451655,139.50363840984272,1188.5487428876058,296.61335994519743,24038.128996636162,19518.7003325603,61821.826764098965,25.98233275500388,61847.80909685397,612.6018011446679,62460.410897998634,62460.410897998634,9.094947017729282e-13,8.334666290465975e-12,0,53.12871698334129
2025-02-07,S6_12,5944.851844246575,5938.531500659363,49461.19958237683,49462.39962404349,40710.91661855749,24.861396869793282,4071.854067744013,812.0021177584622,21325.94985519286,17279.707691934706,25971.388285527544,1.397568525004317,25972.78585405255,130.46153386971943,26103.247387922267,26103.247387922263,8.469669410260394e-12,1.1148415524075972e-11,0,6.320343587211937
2025-02-08,S6_12,5938.531500659363,5870.550452111906,37313.901932641216,37489.043574135656,36219.01498093093,796.0364129402662,1479.8031095331385,432.65535604514156,18876.911343783988,15351.481132157734,19454.80967779062,207.34953972923176,19662.159217519853,3196.3760163362895,22858.535233856142,22858.535233856142,9.094947017729282e-13,1.000444171950221e-11,0,67.98104854745634
2025-02-09,S6_12,5870.550452111906,5869.550868568918,91364.28525901762,91374.37207692358,85599.87270102567,174.22700534237927,1443.6522245226681,213.72803414680868,24011.595295897754,19450.291814865875,57703.52655395174,13.50109124413575,57717.02764519588,650.4904178702376,58367.51806306611,58367.518063066105,9.094947017729282e-13,1.738698074404965e-11,0,0.9995835429881481
2025-02-10,S6_12,5869.550868568918,5822.10813015669,88498.77030081348,89013.23364569341,80069.24035819195,154.27944781380785,1254.765383120949,367.13708792805676,22724.622190496986,18449.64243887357,55700.8595502952,581.3950260487618,56282.25457634396,622.3806106761625,56904.635187020125,56904.63518702012,1.8189894035458565e-12,3.54702933691442e-11,0,47.44273841222821
2025-02-11,S6_12,5822.10813015669,5822.108130156688,89586.85406395476,89661.7165060208,80366.46096403855,152.5860908750414,740.8194206792642,124.37816663040178,23332.90702247689,18899.65468820628,56656.659307481896,100.54249527381762,56757.20180275571,777.3087460309433,57534.51054878665,57534.51054878665,1.8189894035458565e-12,1.3738343795921537e-11,0,1.8189894035458565e-12
2025-02-12,S6_12,5822.108130156688,5822.10813015669,88116.23253782178,88130.76754038317,80290.01116558295,340.45713810434006,773.7695211001646,248.4536375899704,22850.047429809696,18508.53841814586,55349.45457331952,20.383967930720246,55369.83854125024,1399.3890947307193,56769.22763598096,56769.227635980955,1.3642420526593924e-12,8.412825991399586e-12,0,1.8189894035458565e-12
2025-02-13,S6_12,5822.10813015669,5777.084113960128,84126.50026176736,84135.01776732298,76534.3522028068,344.3976469306332,1178.5522321152796,221.2513904775317,22052.572763446322,17903.10555296843,52481.639849290885,10.488884894162766,52492.12873418505,1088.7653194854174,53580.89405367046,53580.89405367046,1.1368683772161603e-12,1.6751044995544362e-11,0,45.024016196562116
2025-02-14,S6_12,5777.084113960128,5777.084113960126,41415.06768919978,41623.03057371565,38362.78348996773,364.32921811250503,4824.8181682323575,424.2659453702999,19348.561988478526,15672.335210667603,21221.024014962044,257.5877009740507,21478.611715936095,1264.1748365273254,22742.78655246342,22742.78655246342,9.094947017729282e-13,5.059064278611913e-12,0,1.8189894035458565e-12
2025-02-15,S6_12,5777.084113960126,5714.739190152816,41115.03151353114,41136.536400289064,38793.22302499624,256.9631746490128,5783.850860123896,428.3486369883769,19021.084389260817,15463.188786727838,21477.45443727953,29.250946968117205,21506.70538424765,969.1449263420309,22475.85031058968,22475.850310589674,1.3642420526593924e-12,6.448175327022909e-12,0,62.3449238073099
2025-02-16,S6_12,5714.739190152816,5714.739190152816,88817.4461252669,88824.00486183938,79621.0682815856,697.5968348288969,645.6087739980221,88.58890676626788,22142.570187632922,17935.481851982666,55742.222456258256,9.21633663168177,55751.43879288994,2631.1357543377108,58382.57454722765,58382.57454722765,1.8189894035458565e-12,1.0246026249660645e-11,0,0.0
2025-02-17,S6_12,5714.739190152816,5714.73919015282,91440.40490736807,91440.40490736812,77528.06304926112,113.68868780024293,2231.4390691722124,126.46414747308427,21578.870282891334,17478.884929141983,57041.955590008896,7.275957614183426e-12,57041.9555900089,532.3187715461545,57574.27436155506,57574.27436155506,1.8189894035458565e-12,9.158895863947691e-12,0,3.637978807091713e-12
2025-02-18,S6_12,5714.73919015282,5699.268301010349,80896.35876833278,80946.25660654421,78086.0004811125,287.62089479783106,1734.9913937135389,192.70424577769154,22991.90396481043,18637.36601172468,50329.66305547251,65.3141498872501,50394.97720535976,1127.4852105525745,51522.462415912334,51522.462415912334,1.0231815394945443e-12,1.5710099887655815e-11,0,15.470889142470696
2025-02-19,S6_12,5699.268301010349,5671.500591584845,83362.145671457,83362.14567145698,79265.05407507738,214.37226786538065,1903.6193569489003,151.89457594421594,24050.39981683836,19505.814790122025,52122.573727761366,0.0,52122.573727761366,898.0786915516686,53020.65241931303,53020.65241931303,2.7284841053187847e-12,8.245848448495963e-12,0,27.76770942550411
2025-02-20,S6_12,5671.500591584845,5647.1155918166,84427.30223784236,84523.72535872927,76933.44516343702,205.54218951426174,1632.6445682562537,244.84576592738392,22580.577816977497,18312.2145315432,52276.95060653103,131.9447960146208,52408.89540254565,991.0131168191584,53399.908519364806,53399.908519364806,5.4569682106375694e-12,2.511058028176194e-11,0,24.384999768245507
2025-02-21,S6_12,5647.1155918166,5624.438628032779,38411.3950495258,38460.19709242283,36529.94248698568,179.54134208147195,6669.041869601788,831.2443622564571,19312.34121726849,15663.405653392914,19746.682020802444,62.32400010084166,19809.006020903285,626.400048549199,20435.406069452485,20435.406069452485,3.637978807091713e-12,3.765876499528531e-12,0,22.67696378382061
2025-02-22,S6_12,5624.438628032779,5596.82912140591,38448.458534750505,38582.36532513092,36303.6384431533,276.179596180986,4726.582831495584,502.1117556163879,18585.31118343768,15078.950614548708,19909.95381868162,175.7156771222908,20085.66949580391,998.4056956653916,21084.075191469303,21084.0751914693,3.637978807091713e-12,2.546585164964199e-11,0,27.609506626869006
2025-02-23,S6_12,5596.82912140591,5560.487725222086,83577.96018985068,83605.66211131944,76762.49564894092,360.0311510511843,1094.954229723942,145.48425906088198,23068.115181259884,18717.880553385952,51834.187362295525,34.45857795658958,51868.645940252114,1374.350552767164,53242.99649301928,53242.99649301928,1.8189894035458565e-12,9.093170660889882e-12,0,36.341396183824145
2025-02-24,S6_12,5560.487725222086,5560.487725222086,79426.88799091053,79426.88799091056,74906.54798197668,263.7346220689982,2340.5495978333543,282.160198215101,22865.995743844884,18521.45655251435,49383.28733671113,7.275957614183426e-12,49383.28733671114,1281.336600685659,50664.6239373968,50664.6239373968,3.637978807091713e-12,1.1640466368589841e-11,0,0.0
2025-02-25,S6_12,5560.487725222086,5560.487725222088,82482.67092719379,82552.56219925755,71434.06186714767,189.32390054114398,1843.5893170394938,238.4108484892862,19579.27562540364,15859.213256576955,51273.861464910515,100.09955058497872,51373.96101549549,651.7514194604669,52025.71243495596,52025.71243495596,9.094947017729282e-13,1.7358559034619248e-11,0,1.8189894035458565e-12
2025-02-26,S6_12,5560.487725222088,5548.545393631243,75910.20726026408,77292.46003187209,74648.55552598613,294.8892774608066,1566.467765349852,127.67410475766815,23395.80525493599,18961.35035492991,46305.86653987048,1327.5275269409394,47633.39406681142,1360.310884158384,48993.704950969804,48993.704950969804,3.637978807091713e-12,8.22941714773151e-12,0,11.942331590844333
2025-02-27,S6_12,5548.545393631243,5548.277635448914,77795.20869951161,77820.20685292927,73005.89744718852,142.64746478485165,1598.192485300188,152.60966833241946,23375.787056341444,18934.628498000668,47899.418718070054,34.66360114725103,47934.082319217305,763.3438723073076,48697.42619152461,48697.42619152461,3.637978807091713e-12,1.617195266589988e-11,0,0.2677581823290893
2025-02-28,S6_12,5548.277635448914,5548.277635448917,35291.83188002385,35463.39257932378,33978.074671094044,212.45595499067832,6993.8764811275605,512.7894060685231,17848.795730992835,14457.52454210419,18307.75603619217,177.5395896705486,18485.29562586272,762.685904384077,19247.981530246798,19247.981530246798,9.094947017729282e-13,4.293010391620555e-12,0,2.7284841053187847e-12
2025-03-01,S6_12,5548.277635448917,5511.397520100006,42305.10698313717,42314.87851979346,36902.90959960782,166.9333952080635,9097.684977436214,808.919903133404,18619.285709089156,15114.813528176237,21685.271031446733,11.379931589930493,21696.650963036664,561.4659110522884,22258.11687408895,22258.116874088948,1.8189894035458565e-12,2.3296919948734285e-12,0,36.880115348911204
2025-03-02,S6_12,5511.397520100006,5511.397520100009,83006.28366829404,83009.25471017262,78098.74659745905,773.5297213338883,1692.7190167737062,114.32668525694703,24773.2818426085,20066.358292512894,51215.00495091577,3.560793691445724,51218.565744607215,3632.5591627449903,54851.124907352205,54851.1249073522,1.8189894035458565e-12,1.2917666936118621e-11,0,3.637978807091713e-12
2025-03-03,S6_12,5511.397520100009,5473.270729418798,85041.68819177266,85842.24776595764,77433.18807495157,346.72980206978036,1107.4929557181913,238.5578713890652,23426.49751680972,19009.77710022896,52813.75452375068,1055.4997971728299,53869.25432092351,1271.1698801208715,55140.42420104438,55140.42420104437,9.094947017729282e-13,1.7266188478970435e-11,0,38.12679068121179
2025-03-04,S6_12,5473.270729418798,5411.11653325574,75832.21453562107,76716.86185641208,74404.95450220318,765.6543275458282,1422.67624323857,195.1949694490031,23206.41294881506,18853.13326508696,46798.508276774184,975.3347948766823,47773.84307165087,2072.722416316272,49846.565487967135,49846.565487967135,1.8189894035458565e-12,3.610622911764949e-11,0,62.15419616305735
2025-03-05,S6_12,5411.11653325574,5405.908652174639,79066.74797768459,79071.05131168025,72362.66387764893,129.75839217897033,1725.1875944958888,169.75311131049682,23535.245475409756,19068.23592805489,48614.496881077466,6.300080969631381,48620.7969620471,611.2614913716235,49232.05845341872,49232.05845341872,1.8189894035458565e-12,2.1184831666687387e-11,0,5.2078810811008225
2025-03-06,S6_12,5405.908652174639,5405.908652174641,75109.04594536123,75259.82951007358,72107.23836410134,273.44169969069867,1672.7800006944328,355.62652910954614,23219.049477130284,18807.43007647554,46036.49021632677,192.91271200413757,46229.40292833091,989.7176863720052,47219.120614702915,47219.120614702915,1.8189894035458565e-12,6.545519681822043e-11,0,1.8189894035458565e-12
2025-03-07,S6_12,5405.908652174641,5405.908652174643,36746.11936635786,36746.11936635787,33314.0538705169,75.15921029145653,8296.511498222177,834.4174638180405,17557.88729176208,14221.888706327287,19415.44673247674,0.0,19415.44673247674,161.8857472652997,19577.33247974204,19577.33247974204,1.3642420526593924e-12,1.2708056829069392e-11,0,1.8189894035458565e-12
2025-03-08,S6_12,5405.908652174643,5379.1202225845545,31415.167086754547,31441.03606547213,30540.992535634774,732.979272804675,8820.137560684727,425.0038412904876,15735.791981203416,12770.101091405846,16506.518800205453,33.6935728246317,16540.212373030085,2162.613765202722,18702.826138232806,18702.826138232806,2.7284841053187847e-12,1.6715517858756357e-11,0,26.788429590088526
2025-03-09,S6_12,5379.1202225845545,5379.12022258455,77648.99437563043,78095.97766884972,68663.28927001015,491.7475728705267,1300.5543541469112,196.42274066818266,22760.708937187148,18436.17423912159,47248.24666921559,492.0761462350638,47740.32281545065,2211.785787381873,49952.10860283252,49952.10860283252,2.7284841053187847e-12,3.2102320801641326e-11,0,4.547473508864641e-12
2025-03-10,S6_12,5379.12022258455,5374.779178663571,76458.54013105373,76469.22645005677,73825.28838396985,514.6972631898128,1677.2515586945917,202.49196149438603,23274.092718418702,18855.922041448022,46499.0418827837,12.623825073853368,46511.66570785755,2133.378167454928,48645.043875312476,48645.043875312476,1.8189894035458565e-12,1.6370904631912708e-11,0,4.341043920979246
2025-03-11,S6_12,5374.779178663571,5368.253694461143,67208.65622583398,71865.05435069794,68973.9539639736,553.3159236520524,1044.7344079032819,373.15142445994877,21980.72732128749,17810.262066025047,40969.97951064116,3811.5234507468485,44781.50296138801,2560.7800567546205,47342.28301814263,47342.283018142625,9.094947017729282e-13,3.2606806144031e-11,0,6.525484202427833
2025-03-12,S6_12,5368.253694461143,5356.16084610398,75954.87402241983,76179.22097970016,67857.1985257697,407.72263900426924,1484.7804961766863,245.02950813304653,21634.00021395961,17534.423736828743,46406.66077666036,243.00423867331847,46649.66501533368,1301.0083945298497,47950.67340986353,47950.67340986353,5.4569682106375694e-12,7.87192533380221e-12,0,12.092848357163348
2025-03-13,S6_12,5356.16084610398,5339.0038906973095,77135.09483016914,77664.71178520165,72976.68552755094,441.7795248674722,1595.0847279810428,105.19293408090653,22042.16122924103,17869.591855551236,47058.564445390424,562.0617506691997,47620.626196059624,1864.1650313102812,49484.791227369904,49484.7912273699,1.8189894035458565e-12,2.632993822970775e-11,0,17.156955406670022
2025-03-14,S6_12,5339.0038906973095,5339.003890697311,33507.89961902917,33582.361935230205,31279.029442971954,148.11966772305794,11670.60016966369,560.3568577802403,16667.189999567094,13500.423899649342,17489.032080830795,91.83906225426836,17580.871143085064,514.9083982773202,18095.779541362383,18095.77954136238,9.094947017729282e-13,2.8848035071860068e-12,0,1.8189894035458565e-12
2025-03-15,S6_12,5339.003890697311,5339.003890697311,32140.55058972258,32356.32300383459,30994.759499252144,385.4062384334138,7161.072185525779,293.0734328215374,15799.447207043393,12797.552237705151,16648.336692247758,278.36370083151996,16926.700393079278,1336.4612068525491,18263.161599931827,18263.161599931827,1.8189894035458565e-12,6.149747378003667e-12,0,0.0
2025-03-16,S6_12,5339.003890697311,5312.109306119628,73254.05566668371,73952.52625516841,68890.46446663937,499.6577125863014,1393.1680055059378,394.91753512770913,22501.025428308305,18250.03572304963,44931.68242053168,556.6642764801145,45488.346697011795,1987.302036819945,47475.64873383174,47475.64873383174,1.8189894035458565e-12,1.262101534393878e-11,0,26.894584577683418
2025-03-17,S6_12,5312.109306119628,5312.10930611963,70502.8507192368,70918.25703815799,63595.092061685216,300.14176372734835,1634.7730541373282,309.2355142056905,21542.599072295878,17449.505248559664,42136.56439198792,503.2317105398106,42639.79610252773,1554.4913888750111,44194.28749140274,44194.287491402734,1.8189894035458565e-12,1.5913492745767144e-11,0,1.8189894035458565e-12
2025-03-18,S6_12,5312.10930611963,5312.109306119632,78800.40095278049,78800.40095278047,67183.02902151117,193.46792843379592,2090.8393589545744,352.5542188665777,20037.605291879576,16230.460286422454,48617.99758051015,1.4551915228366852e-11,48617.997580510164,636.1137602336439,49254.11134074381,49254.11134074381,9.094947017729282e-13,3.637978807091713e-11,0,1.8189894035458565e-12
2025-03-19,S6_12,5312.109306119632,5312.109306119634,66658.56600363902,67865.8282890813,64957.880861188685,621.4394831219915,1605.5071204923304,322.48912390937744,22030.808683731386,17844.955033822414,40524.213641074486,1133.1271178970856,41657.34075897157,2203.4571104875313,43860.7978694591,43860.79786945909,1.8189894035458565e-12,1.0199840971836238e-11,0,2.7284841053187847e-12
2025-03-20,S6_12,5312.109306119634,5312.109306119633,73765.5459620643,73765.54596206431,66673.2513765572,723.9077829225765,822.2302586694993,196.52997005899283,21944.40586360316,17774.968749518564,45123.07547821461,0.0,45123.07547821461,3335.7828163810073,48458.858294595615,48458.858294595615,1.8189894035458565e-12,2.000888343900442e-11,0,9.094947017729282e-13
2025-03-21,S6_12,5312.109306119633,5312.109306119634,31262.658994582787,31262.658994582776,29514.25868287055,363.4843935976986,14491.319518027456,433.8945843638642,15363.497144264567,12444.43268685429,16378.824109242743,1.8189894035458565e-12,16378.824109242745,1133.4025804636426,17512.22668970639,17512.22668970639,9.094947017729282e-13,5.4711790653527714e-12,0,9.094947017729282e-13
2025-03-22,S6_12,5312.109306119634,5257.930990043073,32888.69431679954,32888.69431679954,30523.559665147124,81.6028929016257,11051.77858379218,691.0600649059604,15946.761370979837,12965.637194962574,17258.511857569858,3.637978807091713e-12,17258.51185756986,171.21513209660685,17429.72698966647,17429.726989666466,1.8189894035458565e-12,8.455458555545192e-13,0,54.178316076561714
2025-03-23,S6_12,5257.930990043073,5240.713110432452,75334.66045895754,75337.33594207416,66247.87775045644,299.21433949437517,3609.7122103933316,89.86177464719333,21543.65305206929,17465.85506382569,45981.183018360294,3.750004016699677,45984.933022376994,1220.7628627994866,47205.69588517648,47205.69588517648,9.094947017729282e-13,2.9103830456733704e-11,0,17.217879610620912
2025-03-24,S6_12,5240.713110432452,5240.7131104324535,69968.85847049142,70651.2183229392,65154.98041673795,192.73454259652672,2844.9897739660923,386.40231879180476,21672.76728022758,17554.941496984342,42223.53866763256,837.22450848273,43060.76317611529,586.0305029469787,43646.79367906227,43646.79367906227,1.8189894035458565e-12,1.922373371598951e-11,0,1.8189894035458565e-12
2025-03-25,S6_12,5240.7131104324535,5217.836867776971,77675.54629028641,77675.54629028635,66236.70953996008,408.5759345367478,1656.7643654598742,110.52771701471079,20781.35417760805,16853.485502252464,47568.26933514291,0.0,47568.26933514291,1289.6094479159954,48857.878783058906,48857.878783058906,1.0231815394945443e-12,4.1676884166008676e-11,0,22.8762426554822
2025-03-26,S6_12,5217.836867776971,5157.694703208365,69992.42771219563,70097.45732289249,62312.427409548465,179.77088663947382,2581.5828496588447,248.3850399591396,21704.228884289598,17634.55334438633,42424.955872387916,121.15876601872151,42546.11463840664,557.7394058068305,43103.85404421347,43103.85404421347,9.094947017729282e-13,2.106226304476877e-11,0,60.14216456860595
2025-03-27,S6_12,5157.694703208365,5150.508449443898,72346.38736234726,72363.91858060566,64117.07590010674,470.89528463983834,1769.726217555211,281.5554878983405,20137.724777268795,16318.024697975748,44114.78458187237,24.89370036675973,44139.67828223913,1603.2203808492993,45742.89866308843,45742.898663088425,5.684341886080801e-13,6.963318810448982e-13,0,7.186253764467438
2025-03-28,S6_12,5150.508449443898,5150.508449443899,32284.060247484995,32284.060247485,30565.0379327201,145.45329194749638,16256.415078896842,563.3378904457444,16151.881519254423,13083.024030596083,16492.070410757166,3.637978807091713e-12,16492.07041075717,447.56301052243197,16939.633421279603,16939.633421279603,1.8189894035458565e-12,2.3916424396475122e-12,0,9.094947017729282e-13
2025-03-29,S6_12,5150.508449443899,5150.508449443902,30827.667218264898,31148.809495578622,29684.557370404757,183.70814067466654,18847.702377070495,392.81322716024397,15371.266965870273,12450.726242354918,15576.193829518012,423.7392770708411,15999.933106588853,884.3927163317102,16884.325822920564,16884.32582292056,1.8189894035458565e-12,6.59383658785373e-12,0,2.7284841053187847e-12
2025-03-30,S6_12,5150.508449443902,5104.317551200932,70206.97028375705,70206.97028375708,60301.73407561072,784.7991141576014,1666.3908971308101,263.8338889038299,20275.055327117683,16464.366623384005,42173.46791879494,0.0,42173.46791879494,3176.8081463877666,45350.276065182705,45350.276065182705,9.094947017729282e-13,2.7284841053187847e-11,0,46.190898242969524
2025-03-31,S6_12,5104.317551200932,5101.925763904044,64355.72069591225,66079.16619011934,63264.26345890504,562.1048350227178,2531.6496498460806,169.46244044681714,21979.049099309206,17805.182379007663,38401.270826381005,1421.2237859877423,39822.49461236875,2201.75485141761,42024.24946378636,42024.24946378635,1.8189894035458565e-12,3.5146996424373356e-11,0,2.391787296887742
2025-04-01,S6_12,5101.925763904044,5081.18640071694,76686.05685797893,76781.73894800215,67528.39141155571,447.68577578123904,3680.7509674515463,141.92238169525774,20859.04078100987,16914.488459486387,45826.41302174375,105.5307367705027,45931.94375851425,1754.268483865921,47686.21224238017,47686.21224238017,1.8189894035458565e-12,4.9112713895738125e-11,0,20.739363187104573
2025-04-02,S6_12,5081.18640071694,5064.023270307359,72091.46181951728,72116.04591895526,67537.1896088084,391.21800564178,3273.0992072595213,190.92608562036537,21286.809152310132,17257.76223073983,43475.82251574268,24.996540060652478,43500.81905580333,1631.8608282698294,45132.67988407316,45132.67988407316,3.637978807091713e-12,5.218225851422176e-11,0,17.163130409580845
2025-04-03,S6_12,5064.023270307359,5060.64290438576,73404.00176098381,73406.69645293072,63685.2184789556,182.2234553298791,3761.367219185388,212.06161456824702,21229.079806287395,17198.59697242224,44746.429072234125,3.772029787309293,44750.201102021434,641.4463392435146,45391.64744126495,45391.64744126495,1.8189894035458565e-12,1.4921397450962104e-11,0,3.38036592159915
2025-04-04,S6_12,5060.64290438576,5060.6429043857615,30281.687194038972,30284.75260848865,28492.974480948036,136.56109344979706,18938.532166081895,368.36049754942076,15220.214004034286,12328.373343267769,15247.454191195186,4.259699919266495,15251.713891114452,629.7914971783482,15881.5053882928,15881.5053882928,1.3642420526593924e-12,6.252776074688882e-12,0,1.8189894035458565e-12
2025-04-05,S6_12,5060.6429043857615,5041.735023140805,29102.510724995296,29128.057661914612,28188.81813415046,748.3886469256729,13887.826161504927,176.68686645186096,14976.820331086692,12148.241561300681,14585.340050119288,27.1178664045583,14612.457916523847,3013.0616008470793,17625.519517370925,17625.519517370925,1.8189894035458565e-12,3.410605131648481e-12,0,18.907881244956116
2025-04-06,S6_12,5041.735023140805,5041.735023140806,68187.69136794002,68753.9923129308,62269.402476797004,204.78901540045334,3772.436438952104,124.74104108590609,21931.251292067198,17764.31354657443,40399.37526220153,749.3379596526865,41148.71322185422,802.1739477266071,41950.88716958083,41950.88716958083,9.094947017729282e-13,8.709477583579428e-12,0,9.094947017729282e-13
2025-04-07,S6_12,5041.735023140806,5041.735023140809,61708.41256135227,62984.88411676861,59741.317803305355,161.41448667260823,2478.5607831938933,318.54435905606056,20331.094023129943,16468.186158735258,36513.42722839333,1427.3450439271255,37940.77227232046,634.7979300781416,38575.5702023986,38575.570202398594,9.094947017729282e-13,2.0881962825569644e-11,0,2.7284841053187847e-12
2025-04-08,S6_12,5041.735023140809,5041.73502314081,69910.84175407793,69948.61935377592,61775.36314399348,304.8130750977276,3471.700333754076,173.86565360984605,21481.140079266337,17399.72346420574,42099.598059695505,53.342845485763974,42152.94090518127,1476.9846675793992,43629.925572760665,43629.925572760665,1.8189894035458565e-12,6.934897101018578e-12,0,9.094947017729282e-13
2025-04-09,S6_12,5041.73502314081,5041.735023140812,70272.95588186724,70284.9387519232,65708.46414553154,167.00335343495505,2484.3446267484655,153.3948797979707,21596.931451333643,17493.51447558024,42164.44824862563,16.31700883236772,42180.765257458,627.5412257401881,42808.30648319819,42808.30648319819,2.2282620193436742e-11,1.3251622021925868e-11,0,1.8189894035458565e-12
2025-04-10,S6_12,5041.735023140812,5041.735023140814,67724.80018384979,67790.18245111179,60511.816683881254,370.1337736540664,2331.57374605103,214.6174304098679,20395.375689865436,16520.254308790998,41020.27726361081,56.68599427075969,41076.96325788157,1513.8680779472868,42590.83133582886,42590.83133582885,4.547473508864641e-13,2.0371260234242072e-11,0,1.8189894035458565e-12
2025-04-11,S6_12,5041.735023140814,5041.735023140815,27844.043873431885,27895.079783978457,26972.95329433818,687.5498899788723,19165.189448735295,332.80081509571556,14978.225020101974,12132.362266282593,13842.066794693332,60.25711540218799,13902.32391009552,2565.9761520689385,16468.300062164457,16468.300062164457,9.094947017729282e-13,4.0394354527961696e-12,0,1.8189894035458565e-12
2025-04-12,S6_12,5041.735023140815,5029.659735211784,29575.25500121779,29603.921508332372,27528.685961566956,165.58454879590954,15502.38787321104,336.5647939907559,14952.76343314318,12122.606139982105,15121.070259337455,44.90479643089748,15165.975055768353,485.26069913479114,15651.235754903144,15651.235754903142,1.3642420526593924e-12,2.3021584638627246e-12,0,12.07528792903122
2025-04-13,S6_12,5029.659735211784,5029.659735211786,66001.07197499518,66001.07197499515,60788.08321028017,238.46298387996308,2469.2010256806298,296.9618668143977,20968.551675430346,16984.526857098583,39219.24468725643,-7.275957614183426e-12,39219.244687256425,985.3978167382274,40204.642503994655,40204.642503994655,1.8189894035458565e-12,2.3035795493342448e-11,0,1.8189894035458565e-12
2025-04-14,S6_12,5029.659735211786,5029.659735211786,67438.24173262223,67438.24173262223,58369.5728237613,462.5449865936359,2431.5533391542936,191.35369109769556,19374.62621106811,15693.447230965166,40727.86405150084,0.0,40727.86405150084,1896.0667172614023,42623.93076876224,42623.93076876224,1.8189894035458565e-12,1.5266010677805752e-11,0,0.0
2025-04-15,S6_12,5029.659735211786,5024.6052306568945,61246.49332595141,61675.44315242195,57267.184329437376,428.1396612571972,3568.316384444507,43.27807621513432,20783.419741057958,16839.119044356343,35901.54377477916,489.08315184328967,36390.62692662245,2078.631175934503,38469.25810255695,38469.258102556945,1.8189894035458565e-12,2.523847797419876e-11,0,5.054504554891537
2025-04-16,S6_12,5024.6052306568945,5024.605230656895,66556.30207092247,67271.32918538079,62046.33024399196,324.7547343303147,2645.983797147671,136.97597811014555,20044.91185823402,16236.378605169559,39041.439912822854,892.9498387082931,39934.38975153115,1157.945862124002,41092.33561365515,41092.33561365515,1.8189894035458565e-12,1.553246420371579e-11,0,9.094947017729282e-13
2025-04-17,S6_12,5024.605230656895,4995.091611513321,60278.08777864873,63587.32744199801,58814.97300115899,184.9368579854126,2050.301038422242,125.34710494245803,20960.429594783844,17004.510229004125,36360.135914987106,2382.178076612705,38742.31399159981,683.40065986401,39425.71465146382,39425.71465146382,9.43600753089413e-12,6.180300715641351e-11,0,29.513619143574033
2025-04-18,S6_12,4995.091611513321,4995.091611513322,28524.49024123382,28524.490241233816,26841.2127576556,233.61602097909062,17499.278497070474,390.91647082707635,14897.45593370419,12066.939306300394,14263.945369903915,3.637978807091713e-12,14263.945369903919,774.2210541783415,15038.166424082261,15038.166424082257,1.8189894035458565e-12,6.616041048346233e-12,0,9.094947017729282e-13
2025-04-19,S6_12,4995.091611513322,4995.091611513319,27970.85039652823,28315.23795676465,26781.26690284865,284.7026447180642,17221.657684793347,264.81703062884753,14709.555695497456,11914.740113352937,13693.025752335125,472.314716952902,14165.340469288027,697.7984733163938,14863.13894260442,14863.13894260442,1.8189894035458565e-12,4.04298816647497e-12,0,3.637978807091713e-12
2025-04-20,S6_12,4995.091611513319,4995.09161151332,61297.06405745396,61386.71172518778,57823.32678475793,445.97314594928025,2135.432373082802,288.2439069048005,20462.519828348828,16574.64106096255,36382.746138194954,104.64311907136289,36487.38925726632,1610.1406371674602,38097.52989443378,38097.52989443377,1.8189894035458565e-12,2.7355895326763857e-12,0,9.094947017729282e-13
2025-04-21,S6_12,4995.09161151332,4995.0916115133205,63650.29280389029,63652.83616859481,54842.455600729845,488.85446765349866,2926.3360229857185,182.26270961847467,19504.215539188575,15798.414586742749,37596.40938032714,2.9620025348704075,37599.37138286201,1822.5518856069812,39421.92326846899,39421.92326846899,9.094947017729282e-13,4.026645683552488e-11,0,9.094947017729282e-13
2025-04-22,S6_12,4995.0916115133205,4984.561375774153,60049.53398071135,60368.77876803241,57937.48741646443,368.83272386188173,2355.297986359577,167.50030861390258,19158.26179395469,15527.669265268562,35535.163513996056,428.7240533874501,35963.88756738351,1592.2691303100203,37556.15669769353,37556.15669769352,9.094947017729282e-13,1.5552004128949193e-11,0,10.530235739167438
2025-04-23,S6_12,4984.561375774153,4984.561375774153,56595.446931601,59345.76958088459,58035.25005920414,413.05562395828235,2845.94356934975,252.77615462229403,20787.732855387992,16838.063612864273,33241.397043279605,2220.2113540196588,35461.608397299264,1547.520479742205,37009.12887704147,37009.12887704147,9.094947017729282e-13,5.8264504332328215e-12,0,0.0
2025-04-24,S6_12,4984.561375774153,4984.561375774152,58781.46738589206,59330.92102177674,55085.87578233246,187.38743739900417,4298.6218943601,150.9322789664045,19650.53866528932,15916.936318884349,34657.80998677079,727.0643526015847,35384.87433937238,985.3587154725244,36370.2330548449,36370.2330548449,9.094947017729282e-13,5.4569682106375694e-12,0,9.094947017729282e-13
2025-04-25,S6_12,4984.561375774152,4984.561375774152,27921.749074405576,27921.74907440557,25833.381620024615,106.40788086660467,20774.191994795947,338.8027750137798,14875.984637271047,12049.54755618954,14025.533178076495,1.8189894035458565e-12,14025.533178076497,403.2943097924551,14428.827487868952,14428.827487868952,2.7284841053187847e-12,9.663381206337363e-13,0,0.0
2025-04-26,S6_12,4984.561375774152,4984.561375774152,27367.64936797693,27398.505435736814,26098.872804240462,271.8111920707381,23126.339986917952,338.6678855508103,14923.592055311115,12088.109564802,13655.078786357877,39.959230962296715,13695.038017320174,979.3999184181506,14674.437935738324,14674.437935738324,1.8189894035458565e-12,3.282707439211663e-12,0,0.0
2025-04-27,S6_12,4984.561375774152,4962.381156935999,57667.0265915881,58230.598865849526,55681.734287474865,647.4010412310182,3685.2406866924503,145.86516349064254,20760.63416917779,16836.075873988342,34157.15581890449,605.6999001556323,34762.85571906012,2485.501915176622,37248.357634236745,37248.35763423674,1.8189894035458565e-12,4.091171845743702e-12,0,22.18021883815345
2025-04-28,S6_12,4962.381156935999,4962.381156935995,70227.17126408478,70239.41310297366,63320.01388643924,232.79473899174695,2533.1441908882857,224.8996790847607,21962.091783112,17789.294344320722,41245.39353420178,17.922052133333636,41263.31558633511,763.9994903499836,42027.315076685096,42027.315076685096,4.547473508864641e-12,1.9340973267389927e-11,0,3.637978807091713e-12
2025-04-29,S6_12,4962.381156935995,4962.381156935995,60000.61530455226,60605.18833482617,56101.220156485884,141.94288467251587,5050.720811752089,74.27011979691281,19394.51785759324,15709.559464650527,35337.9343217624,805.5171068203272,36143.451428582724,802.3458330458104,36945.79726162853,36945.79726162853,2.7284841053187847e-12,1.3276491017677472e-11,0,0.0
2025-04-30,S6_12,4962.381156935995,4962.381156935994,56400.03312460784,56400.03312460783,53610.61519115565,1011.0700010961436,2571.259310731726,157.71445311588377,19136.089447741346,15500.232452670482,33727.48593140821,0.0,33727.48593140821,3892.5431084110382,37620.02903981925,37620.02903981925,2.9274360713316128e-12,9.322320693172514e-12,0,9.094947017729282e-13
2025-05-01,S6_12,4962.381156935994,4962.381156935993,60253.14549030577,60253.145490305775,57445.02321037433,2252.9547980572797,4594.3664547008775,0.0,21538.067124898596,17445.83437116786,36055.94807905595,0.0,36055.94807905595,10382.013149061322,46437.96122811727,46437.96122811727,9.094947017729282e-13,2.205524651799351e-11,0,9.094947017729282e-13
2025-05-02,S6_12,4962.381156935993,4948.940483266601,30712.398854382962,30712.398854382955,29374.709945527437,496.5054386370263,12601.146942309962,214.4562068131459,14617.835568476117,11852.543416768107,16369.995071319236,0.0,16369.995071319236,1981.9167073385904,18351.911778657824,18351.911778657824,9.094947017729282e-13,4.106937012693379e-12,0,13.4406736693918
2025-05-03,S6_12,4948.940483266601,4948.940483266603,32063.591833729013,32063.591833729024,29465.5433283541,172.21969698320495,17309.477964502326,670.7038586300666,14686.366064236372,11895.956512031464,17491.03900151283,3.637978807091713e-12,17491.039001512832,633.2573923520065,18124.29639386484,18124.296393864835,9.094947017729282e-13,2.0747847884194925e-12,0,1.8189894035458565e-12
2025-05-04,S6_12,4948.940483266603,4923.214284213751,65934.38525151937,66034.40822476635,57356.18787979785,844.3752109542646,3045.819610373285,39.35357991214562,17915.13761200479,14534.415044871452,39356.31529072864,165.84129853249033,39522.15658926113,3428.8078382107524,42950.96442747189,42950.96442747189,1.8189894035458565e-12,7.865708084864309e-12,0,25.72619905285228
2025-05-05,S6_12,4923.214284213751,4923.214284213755,67223.8748463492,67267.396040533,61636.83424513729,345.670986501799,2689.1695200903646,356.4296626344302,20320.522362706775,16459.623113792488,41493.311740648765,75.4934790525731,41568.80521970134,1320.3443098815353,42889.14952958287,42889.14952958287,9.094947017729282e-13,6.399886870456228e-11,0,3.637978807091713e-12
2025-05-06,S6_12,4923.214284213755,4240.9288952081415,59151.899230011346,61034.78380118194,58317.51448988896,579.9921842572187,2319.0223870566765,436.75769785423654,20451.058277229764,17179.41405466116,36270.05080189997,2054.626307730723,38324.67710963069,2125.865655465825,40450.542765096514,40450.542765096514,1.8189894035458565e-12,2.0605739337042905e-12,0,682.2853890056131
2025-05-07,S6_12,4240.9288952081415,4240.92889520814,64087.73257621573,65387.10911765149,61659.304404141476,160.97365071571517,2555.987314468932,258.6830426368306,20725.061830270788,16787.300082519345,39888.979459074544,905.5610319701445,40794.54049104469,729.656738602913,41524.1972296476,41524.197229647594,9.094947017729282e-13,3.9960923459148034e-11,0,1.8189894035458565e-12
2025-05-08,S6_12,4240.92889520814,4240.92889520814,71714.63545892546,72227.12100232315,62839.653378062714,283.16486482746575,3121.372528770313,348.251210310895,20140.43212531036,16313.750021501399,43222.81297847802,814.1873587906739,44037.00033726869,1235.0802909375561,45272.08062820625,45272.08062820625,4.547473508864641e-13,1.780620095814811e-11,0,0.0
2025-05-09,S6_12,4240.92889520814,4240.928895208144,31669.061369899155,31784.73589716987,28733.685578829896,133.89851786788847,17050.126094086474,642.2312477164355,14083.37318365723,11407.532278762354,17367.617994966593,194.26456802423127,17561.882562990824,431.4811276278965,17993.36369061872,17993.36369061872,2.7284841053187847e-12,8.261835660050565e-12,0,4.547473508864641e-12
2025-05-10,S6_12,4240.928895208144,4240.928895208142,30293.059272900267,30421.707027645945,28656.42008617897,386.19842883458125,13818.172986050295,512.2354280617525,13637.70956614831,11046.544748580138,16176.834914331987,170.11599265200493,16346.950906983991,1247.9873608464457,17594.938267830436,17594.938267830436,9.094947017729282e-13,1.0913936421275139e-11,0,1.8189894035458565e-12
2025-05-11,S6_12,4240.928895208142,4240.928895208142,67146.27195682656,67186.58336895531,62014.46335392674,357.09633191689204,2780.0630408056554,229.50863913563023,20410.046960889442,16532.13803832045,40324.6998661961,46.43134981299954,40371.1312160091,1743.6839595425836,42114.81517555168,42114.81517555168,4.547473508864641e-13,2.1714186004828662e-11,0,0.0
2025-05-12,S6_12,4240.928895208142,4240.928895208146,63726.37793434004,66066.75641811611,60323.50711311674,35.344078309054,4586.767754299528,428.23759292293676,17961.31900457897,14548.66839370897,38499.41147668776,2525.3620689102536,41024.773545598015,138.91883791417504,41163.69238351219,41163.69238351219,1.8189894035458565e-12,3.281996896475903e-11,0,3.637978807091713e-12
2025-05-13,S6_12,4240.928895208146,4160.037782966437,68641.2648256914,69325.52463487194,58424.76046133773,215.5230392821942,2217.964482269518,128.72498505019757,17037.806671847906,13873.425405214351,41132.59866466126,934.2342664411699,42066.83293110243,1114.7677929558315,43181.60072405826,43181.60072405826,4.547473508864641e-13,3.893774191965349e-11,0,80.89111224170938
2025-05-14,S6_12,4160.037782966437,3747.9326202993984,67048.45551688834,67166.27209507654,59258.029892001694,197.4247653917608,2775.3868411180893,454.0041537319777,18856.892240054578,15644.97736084454,41443.65019850785,99.92794959275489,41543.578148100605,733.5224601750716,42277.10060827568,42277.10060827567,9.094947017729282e-13,9.521272659185342e-13,0,412.10516266703826
2025-05-15,S6_12,3747.9326202993984,3747.9326202993993,66699.45842858672,66725.70843935279,59214.24071372891,145.88077856903524,2364.3683920343597,589.7269188025504,19162.988937514314,15522.021039386602,41407.96172602191,36.744765070332505,41444.70649109224,474.6678677878462,41919.374358880086,41919.374358880086,3.637978807091713e-12,5.4001247917767614e-12,0,9.094947017729282e-13
2025-05-16,S6_12,3747.9326202993993,3741.8680616839224,29562.206751746147,29562.206751746147,27194.949902895252,275.2730192548249,21633.029997706482,560.0987147935634,13510.767258266449,10949.179581949753,16057.684587209846,1.8189894035458565e-12,16057.684587209847,798.3483406475711,16856.032927857417,16856.032927857417,9.094947017729282e-13,6.906475391588174e-12,0,6.064558615476926
2025-05-17,S6_12,3741.8680616839224,3741.8680616839224,29646.274039600637,29669.367521394128,27638.548118695817,407.8953065453965,14774.789608676365,254.433746955476,13518.005190926568,10949.584204650522,15923.340632790063,38.78342032154433,15962.124053111607,1770.0405459032797,17732.164599014886,17732.164599014886,9.094947017729282e-13,3.8617997688561445e-12,0,0.0
2025-05-18,S6_12,3741.8680616839224,3596.9164459134718,68998.5872664979,69329.56719958827,61329.50030828184,249.5834492167926,3791.1579651665165,527.0227147255086,19553.639114737016,15968.904137130383,41373.21090222023,573.8984865462699,41947.1093887665,639.3445942386805,42586.45398300518,42586.45398300518,9.094947017729282e-13,1.1823431123048067e-11,0,144.95161577045064
2025-05-19,S6_12,3596.9164459134718,3596.916445913472,63485.226650488985,63640.34812405456,55882.6304097663,191.59697617804818,4629.767305906541,356.80513846724557,18802.30732405555,15229.868932484997,38234.06660171992,182.2539635301291,38416.32056525005,1052.4937441913223,39468.81430944137,39468.81430944137,9.094947017729282e-13,1.169730978745065e-11,0,4.547473508864641e-13
2025-05-20,S6_12,3596.916445913472,3596.9164459134745,62865.711379457745,63219.51868629332,60632.67592882083,458.42197641351686,2813.062904155474,164.45421124453992,18874.66301667175,15288.477043504117,37728.073322068245,397.4753960732269,38125.54871814147,2004.8263100502086,40130.37502819168,40130.37502819168,1.8189894035458565e-12,2.2591706283492385e-11,0,2.2737367544323206e-12
2025-05-21,S6_12,3596.9164459134745,3596.916445913475,58768.14934849857,60443.18907039242,57794.225761871654,327.5178882895384,2797.2855221877094,368.97049606846724,18909.854466166747,15316.982117595071,36235.10429994293,1494.1717093810512,37729.27600932398,1047.5819507096933,38776.857960033674,38776.857960033674,2.6147972675971687e-12,8.128608897095546e-12,0,4.547473508864641e-13
2025-05-22,S6_12,3596.916445913475,3471.7530111165147,61276.89030589165,61291.29751800959,57952.82526633857,142.8220194450696,3524.0521907057723,354.22517417777226,18491.50629237194,15090.76718813854,37488.13166009779,23.34959470940521,37511.48125480719,589.2202266913586,38100.70148149855,38100.70148149855,9.094947017729282e-13,1.34718902700115e-11,0,125.16343479696025
2025-05-23,S6_12,3471.7530111165147,3471.753011116515,28759.376423235197,29529.794271111867,27180.293404935306,172.3813768594838,18062.10356100798,370.21339419867445,13154.783911867316,10655.374968612521,15144.665344104757,1109.140409074138,16253.805753178895,592.766257983071,16846.572011161967,16846.572011161967,2.2737367544323206e-13,4.334310688136611e-12,0,4.547473508864641e-13
2025-05-24,S6_12,3471.753011116515,3471.7530111165183,30803.92692391484,30803.926923914834,27624.32441983685,43.726124347260566,20392.774091239222,1003.573999349205,13248.426685591337,10731.225615328985,17266.53978862142,-3.637978807091713e-12,17266.539788621416,95.05576755906964,17361.595556180484,17361.595556180484,1.8189894035458565e-12,8.640199666842818e-12,0,3.183231456205249e-12
2025-05-25,S6_12,3471.7530111165183,3470.959921049003,63899.12868281559,64292.5662762425,56664.28115770419,259.72791972700327,4588.466455753052,272.67965845678077,18518.771373414733,15000.918593526701,37901.55352762267,532.8067546334714,38434.360282256144,1227.214147122577,39661.57442937872,39661.574429378714,9.094947017729282e-13,4.6270542952697724e-11,0,0.7930900675155499
2025-05-26,S6_12,3470.959921049003,3470.9599210490046,60732.750495758846,63961.02286638327,60804.83517256278,363.50065022673743,2446.2765309888023,359.0682191200708,19911.358540424524,16128.200417743858,37375.47246191767,2326.0142453646404,39701.48670728231,1075.619508467198,40777.10621574951,40777.10621574951,1.8189894035458565e-12,2.7135627078678226e-11,0,1.8189894035458565e-12
2025-05-27,S6_12,3470.9599210490046,3470.9599210490046,57290.59911270665,58166.158164498265,55049.86741504133,583.5130392664358,2604.374639198797,245.45490100282314,17858.861126874457,14465.67751276831,35453.9324158261,598.319465241635,36052.251881067736,2029.7255061055148,38081.97738717325,38081.97738717325,1.8189894035458565e-12,9.833911462919787e-12,0,0.0
2025-05-28,S6_12,3470.9599210490046,3470.9599210490064,65775.16156007795,65790.58596271485,61111.79069702624,130.20507694622302,4772.77274595527,273.84735764467337,20639.745107223735,16718.193536851213,39461.57893391128,16.939694253989728,39478.51862816527,368.3259918987108,39846.84462006398,39846.84462006398,9.094947017729282e-13,1.007549599307822e-11,0,1.8189894035458565e-12
2025-05-29,S6_12,3470.9599210490064,3428.980511336566,64913.47855220133,65142.75571472352,60554.85903865739,360.75452569459117,2839.372091573498,240.18973245290988,19808.9984687725,16083.070228446912,38939.96201212981,295.32144960723963,39235.283461737046,1476.4251392734614,40711.708601010505,40711.708601010505,1.2505552149377763e-12,1.4566126083082054e-12,0,41.97940971244043
2025-05-30,S6_12,3428.980511336566,3428.980511336565,29451.48913224879,29475.896891166838,27417.517291547072,222.86858354189516,17854.678751481042,683.3327116957018,13190.216553924036,10684.075408678471,15970.512253219673,35.11256352874989,16005.624816748423,689.5255742448,16695.15039099322,16695.15039099322,1.8189894035458565e-12,6.078693104427657e-12,0,9.094947017729282e-13
2025-05-31,S6_12,3428.980511336565,3428.9805113365637,31611.91025810814,31611.910258108128,27855.20676326102,401.5160120112208,16856.912667715347,560.7920525507765,12893.876342137472,10444.039837131346,17312.196875423862,0.0,17312.196875423862,1200.8733768635095,18513.070252287373,18513.070252287373,9.094947017729282e-13,9.652723065300961e-12,0,1.3642420526593924e-12
2025-06-01,S6_12,3428.9805113365637,3428.9805113365637,80897.3016196958,81004.57441000022,72675.07839733736,4871.803430485991,2152.0120789314733,0.0,21947.59709943079,17777.55365053894,49513.247959413115,173.5358231559585,49686.78378256907,19173.169872468305,68859.95365503737,68859.95365503737,9.094947017729282e-13,3.3310243452433497e-11,0,0.0
2025-06-02,S6_12,3428.9805113365637,3372.4330053674394,87025.61416238977,87304.3749458365,74021.52275976539,651.708454397286,2005.5395285746204,0.0,21461.984162948826,17435.09992736076,54757.327826491266,450.0938794377362,55207.421705929,2549.16156981813,57756.58327574713,57756.58327574713,2.7284841053187847e-12,1.2732925824820995e-11,0,56.54750596912436
2025-06-03,S6_12,3372.4330053674394,3372.433005367438,82106.85285882988,82130.96846922288,75161.14923684772,365.72881609633737,3057.470354612138,0.0,22510.74139472941,18233.70052973082,51412.9285866546,49.02982607616286,51461.95841273076,1444.4257274286392,52906.384140159396,52906.384140159396,9.094947017729282e-13,9.094947017729282e-12,0,1.3642420526593924e-12
2025-06-04,S6_12,3372.433005367438,3372.433005367437,92821.73452874384,92823.80831694823,75024.38851057105,504.6244980999131,2190.1379560996,3.4516666666667106,19421.908259147294,15731.745689909316,58559.78693614123,4.193821885754005,58563.980758026984,1625.260366879979,60189.24112490696,60189.24112490696,9.094947017729282e-13,4.18367562815547e-11,0,9.094947017729282e-13
2025-06-05,S6_12,3372.433005367437,3349.6461784262888,82322.48422666674,83070.29038447009,77733.32536217815,552.7176240162374,2805.8158183361893,0.0,22902.196291781907,18571.287140590375,50813.516752768046,964.9008309525161,51778.41758372056,2337.8665704222512,54116.28415414281,54116.28415414281,1.8189894035458565e-12,1.5916157281026244e-11,0,22.78682694114832
2025-06-06,S6_12,3349.6461784262888,2851.55423880918,43742.88653711222,43813.33129766932,40867.75623064763,362.9677876599103,7206.235850837776,897.8614025098473,14315.337424291107,12043.706059331189,25337.971091379688,104.0892124644779,25442.060303844166,1169.6821660372777,26611.742469881443,26611.742469881443,1.8189894035458565e-12,7.531752999057062e-12,0,498.0919396171089
2025-06-07,S6_12,2851.55423880918,2851.5542388091803,47494.262739722646,47755.59769137304,42440.198483664324,432.57355206741136,8874.564614537663,215.47272578520892,13980.113309169452,11323.891780427257,25877.376031837597,373.93620163828746,26251.312233475885,1644.086362365056,27895.39859584094,27895.39859584094,9.094947017729282e-13,1.5006662579253316e-11,0,4.547473508864641e-13
2025-06-08,S6_12,2851.5542388091803,2851.5542388091794,81446.50219352474,81722.4562529176,71025.39219414971,159.56789848033236,2322.08436030729,3.245800000000031,19340.561398190053,15665.854732533946,50896.34931772071,320.50347980294464,51216.85279752366,560.4340382080615,51777.28683573172,51777.28683573172,9.094947017729282e-13,1.0459189070388675e-11,0,9.094947017729282e-13
2025-06-09,S6_12,2851.5542388091794,2851.554238809179,90488.04210293587,90488.04210293584,76829.5818851694,191.46315571360947,2013.5605210750714,0.0,21446.167297234693,17371.395510760103,57803.27320745915,0.0,57803.27320745915,609.9422729504215,58413.21548040957,58413.21548040956,1.4779288903810084e-11,1.6115109247039072e-11,0,4.547473508864641e-13
2025-06-10,S6_12,2851.554238809179,2851.554238809179,82578.96125045673,82818.3625690931,77372.91374381588,362.96261540770547,1789.5374019304045,0.0,22778.393283998987,18450.498560039177,51651.140629371635,315.1834971946664,51966.3241265663,1110.9648179488383,53077.28894451514,53077.28894451513,9.094947017729282e-13,4.685363208523086e-12,0,0.0
2025-06-11,S6_12,2851.554238809179,2851.55423880918,88508.48966683261,88508.48966683258,81838.74648850094,287.0370919310468,1343.3036377603921,0.0,24726.492768447282,20028.459142442298,56487.167393893986,0.0,56487.167393893986,1305.179317293179,57792.346711187165,57792.346711187165,9.094947017729282e-13,3.4017233474514796e-11,0,9.094947017729282e-13
2025-06-12,S6_12,2851.55423880918,2851.55423880918,85902.32955200027,85903.75075094242,78402.88752032608,266.92255919208094,1855.207075151426,0.0,22959.008268596943,18596.796697563535,54260.88954874016,2.882830994167307,54263.77237973433,1027.8766970514528,55291.64907678578,55291.64907678578,9.094947017729282e-13,3.0610181056545116e-11,0,0.0
2025-06-13,S6_12,2851.55423880918,2355.8395035999138,43541.592091856844,44053.79616401566,37668.222918483625,59.0001338558539,5801.011497359371,1222.6919166666644,14759.732631588362,12401.526693274911,25647.089286201775,783.3197180775569,26430.409004279332,161.78364261142613,26592.19264689076,26592.19264689076,1.8189894035458565e-12,1.0743406164692715e-11,0,495.7147352092661
2025-06-14,S6_12,2355.8395035999138,2318.5638823721865,41386.92479855812,41393.28490079468,37541.39472928079,211.99823354396847,8538.383334809501,498.0862512661022,13458.572030811125,10934.991404061968,23996.863804464832,4.015450547052751,24000.879255011885,587.7965149320164,24588.6757699439,24588.6757699439,1.8189894035458565e-12,1.2732925824820995e-11,0,37.27562122772724
2025-06-15,S6_12,2318.5638823721865,2287.733394914219,79918.91475861176,82003.66977561866,75958.80690533174,302.9850108899385,1124.455362837301,11.313844444444385,23825.241127993602,19326.192752386974,49940.32350649024,1762.4857179085957,51702.809224398836,1140.6011729392978,52843.410397338135,52843.41039733813,1.8189894035458565e-12,7.531752999057062e-12,0,30.830487457967592
2025-06-16,S6_12,2287.733394914219,1726.7325307246433,84397.08607466493,85669.26505523187,77622.39603273354,263.79186648340976,1158.2086996868256,0.0,23888.564003337186,19854.63762047374,53195.560697065666,1477.8617535555823,54673.42245062125,1057.2974608678746,55730.71991148913,55730.71991148912,9.094947017729282e-13,9.00968188943807e-12,0,561.0008641895756
2025-06-17,S6_12,1726.7325307246433,1627.3573870669295,85725.14811297524,86484.16240738054,79807.0945771991,609.1426086061126,1365.7392731542918,0.0,23699.601711980045,19286.115015995783,53695.26992286436,1035.6815360546243,54730.951458918986,2446.914070256748,57177.86552917573,57177.865529175724,1.8189894035458565e-12,2.0051516003150027e-11,0,99.3751436577138
2025-06-18,S6_12,1627.3573870669295,1447.0966535787327,84511.80521578962,85297.7366517703,77245.2830482284,398.0842615213536,2508.3290329521274,0.0,22994.115983878994,18787.468607081373,52850.94258252736,991.960368727152,53842.90295125451,1473.217798892852,55316.12075014736,55316.12075014736,4.547473508864641e-13,9.322320693172514e-12,0,180.26073348819682
2025-06-19,S6_12,1447.0966535787327,1200.0,80049.61064989271,84363.74500844096,74046.57317870931,381.34422183542574,2335.5041193266857,0.0,21343.663523362702,17510.754442144647,49748.880914671856,5305.426918836129,55054.307833507984,1561.7636050710323,56616.07143857902,56616.07143857902,1.8189894035458565e-12,1.5418777365994174e-11,0,247.09665357873268
2025-06-20,S6_12,1200.0,1200.0000000000011,38084.35622021645,38236.92080948694,33411.0859573145,36.05298858367263,7895.817783888763,620.2154527195893,13318.551890999097,10788.027031709273,22489.130516557685,165.07124430358817,22654.201760861273,116.43355017275826,22770.63531103403,22770.63531103403,3.637978807091713e-12,7.951861391575221e-12,0,1.1368683772161603e-12
2025-06-21,S6_12,1200.0000000000011,1199.9999999999984,39483.05413241325,39483.05413241326,33243.11856796915,112.16938733100022,10814.61184180783,684.4560781144113,13270.945449357363,10749.465813979463,23388.758903087466,3.637978807091713e-12,23388.75890308747,291.8863769107363,23680.645279998207,23680.645279998207,1.8189894035458565e-12,2.1316282072803006e-14,0,2.7284841053187847e-12
2025-06-22,S6_12,1199.9999999999984,1199.999999999999,78451.7724668688,80623.22736215308,72009.6029704824,562.0971857692308,1119.7003391973444,0.0,21024.519563443708,17029.860846389405,48251.142222034905,2570.9621830651013,50822.104405100006,2386.9381764788423,53209.04258157885,53209.04258157885,9.094947017729282e-13,1.6427748050773516e-11,0,6.821210263296962e-13
2025-06-23,S6_12,1199.999999999999,1199.9999999999964,77549.6331948511,77704.13335145898,72700.23423396054,620.1975946593002,2051.7278674352306,21.64653333333331,22030.375936059183,17844.604508207936,48530.25980735832,278.9484680787573,48809.20827543708,2203.2164811398325,51012.42475657691,51012.42475657691,1.8189894035458565e-12,9.194778272103576e-11,0,2.7284841053187847e-12
2025-06-24,S6_12,1199.9999999999964,1199.999999999999,89513.67407600256,89563.80504821324,82295.4764766906,457.97018587141514,1772.907725965905,38.366176853721754,24596.73952495964,19923.359015217313,56787.86374426245,79.95686131356342,56867.82060557602,1360.6628231470231,58228.48342872304,58228.48342872304,9.094947017729282e-13,1.5621282045685803e-11,0,2.7284841053187847e-12
2025-06-25,S6_12,1199.999999999999,1200.0000000000014,81254.21447138497,82778.35716610942,76075.46959866036,458.7043404646444,1837.1774203743064,0.0,22418.81658991569,18159.241437831715,50413.72164305599,1689.775676556499,52103.49731961249,2186.418332800571,54289.91565241307,54289.91565241307,1.8189894035458565e-12,2.9537261525547365e-11,0,2.2737367544323206e-12
2025-06-26,S6_12,1200.0000000000014,1199.9999999999995,78056.96579795639,78587.34017751315,72983.64309341708,431.0980275799018,1758.9340460985127,0.0,21623.28021876384,17514.856977198728,49079.638806447045,538.3411304761539,49617.9799369232,1842.9173776271641,51460.89731455036,51460.897314550355,9.094947017729282e-13,1.4551915228366852e-11,0,1.8189894035458565e-12
2025-06-27,S6_12,1199.9999999999995,1200.0000000000002,39060.57839290233,39060.57839290233,33613.112005173454,115.12082934458022,10596.368829551917,793.1110304301038,13511.090041417623,10943.982933548274,23031.252190700427,-3.637978807091713e-12,23031.252190700423,412.74630670392617,23443.998497404347,23443.998497404347,4.547473508864641e-13,3.637978807091713e-12,0,6.821210263296962e-13
2025-06-28,S6_12,1200.0000000000002,1199.9999999999995,35635.174299574326,35848.97484344448,32673.051997229944,357.12724578319467,8247.428181645062,527.4509915563689,13044.073437605526,10565.699484460481,20483.538849022058,255.5781646019168,20739.117013623974,1175.217232346499,21914.334245970473,21914.33424597047,1.8189894035458565e-12,1.5916157281026244e-11,0,6.821210263296962e-13
2025-06-29,S6_12,1199.9999999999995,1200.0,74712.3737672989,77799.37082158255,75055.72571418114,828.6172659189355,2427.4449262900353,0.0,22048.050107772033,17858.920587295353,45816.76021938554,3318.5400231461826,49135.300242531725,3020.975067056972,52156.275309588695,52156.275309588695,2.2737367544323206e-13,3.3651303965598345e-11,0,4.547473508864641e-13
2025-06-30,S6_12,1200.0,1199.9999999999973,82566.33202875155,82603.58744894549,75957.19161437018,468.90980220114415,2195.4626690262508,20.306699999999978,22803.41086427246,18470.762800060696,51776.43783466237,48.80800208436267,51825.24583674673,1589.1657054291431,53414.411542175876,53414.411542175876,1.8189894035458565e-12,1.1755929563150858e-11,0,2.7284841053187847e-12
2025-07-01,S6_12,1199.9999999999973,1200.000000000001,72266.5688599328,72881.15500349246,72863.79202271935,10428.559033332922,411.7379542204242,0.0,21126.67930788703,17112.61023938849,44597.40839520807,668.814546905749,45266.22294211382,38132.88804442999,83399.1109865438,83399.1109865438,4.547473508864641e-13,2.2467361304734368e-11,0,3.637978807091713e-12
2025-07-02,S6_12,1200.000000000001,1200.0000000000018,86930.93365858789,86937.67085719193,80308.63419167916,245.30544482201014,3552.3164785931667,0.0,21562.404164428364,17465.54737318697,55220.369582596635,13.655964710451372,55234.02554730709,728.545790886228,55962.57133819332,55962.57133819332,3.183231456205249e-12,1.2988721209694631e-11,0,9.094947017729282e-13
2025-07-03,S6_12,1200.0000000000018,1199.9999999999982,97602.42307177576,97602.42307177577,88324.0191788064,172.26550843873937,4058.211938628488,0.0,24619.230606754034,19941.57679147076,62269.706666028265,0.0,62269.706666028265,902.3101095496281,63172.0167755779,63172.0167755779,1.8189894035458565e-12,8.731149137020111e-11,0,3.637978807091713e-12
2025-07-04,S6_12,1199.9999999999982,1199.9999999999986,42078.850055010094,42078.8500550101,40532.575582383084,1703.3266866153072,10331.734027495004,429.21125679438774,13653.102726538571,11059.013208496244,25613.69074475734,0.0,25613.69074475734,4264.133036829533,29877.82378158687,29877.82378158687,1.8189894035458565e-12,3.282707439211663e-12,0,4.547473508864641e-13
2025-07-05,S6_12,1199.9999999999986,1200.000000000002,51184.63182901941,51184.63182901942,44457.53591608878,353.93733602603305,12992.85254001804,327.24438107648916,14217.34928607168,11516.052921718061,30658.78062678838,-3.637978807091713e-12,30658.780626788375,1711.3275039727719,32370.108130761146,32370.108130761142,1.8189894035458565e-12,0.0,0,3.410605131648481e-12
2025-07-06,S6_12,1200.000000000002,1200.0,89917.86893262097,94341.78860026268,86235.31753666271,208.2826835134302,2100.9398699505196,0.0,23940.414738029474,19391.735937803885,56816.13494998342,4780.88120582702,61597.01615581044,1096.3942197397084,62693.41037555015,62693.41037555015,3.410605131648481e-12,1.4551915228366852e-11,0,2.0463630789890885e-12
2025-07-07,S6_12,1200.0,1200.0,88323.4810471314,88323.48104713138,78878.54626645253,834.4276479166634,2251.8413960463968,0.0,21324.472377137616,17272.82262548147,55734.62231120879,0.0,55734.62231120879,3041.3599129258932,58775.982224134685,58775.98222413468,1.8189894035458565e-12,2.9103830456733704e-11,0,0.0
2025-07-08,S6_12,1200.0,1200.0000000000018,105194.22448401741,106196.71457168575,83598.1021197075,0.0,3798.869598058218,0.0,22251.818447276786,18023.972942294196,67991.34325223045,1171.8538847131276,69163.19713694358,0.0,69163.19713694358,69163.19713694358,1.8189894035458565e-12,1.6612489162071142e-11,0,1.8189894035458565e-12
2025-07-09,S6_12,1200.0000000000018,1200.0,91836.9047314236,93267.0994549793,82412.17096745146,129.58793249136727,4151.593868948014,0.0,22797.05270699019,18465.612692662056,58141.93736028837,2150.6391959675166,60292.57655625589,427.81477543778857,60720.391331693674,60720.391331693674,9.094947017729282e-13,2.970068635477219e-11,0,1.8189894035458565e-12
2025-07-10,S6_12,1200.0,1199.9999999999982,88983.3328956106,92035.17697453233,80414.82252201345,73.67359427534967,3230.3556378084104,0.0,23181.668921826626,18777.15182667957,56447.31120096668,4363.758831619605,60811.070032586285,227.46874405519185,61038.53877664148,61038.53877664148,1.8189894035458565e-12,0.0,0,1.8189894035458565e-12
2025-07-11,S6_12,1199.9999999999982,1200.0000000000002,53591.548126313224,53591.54812631323,45701.10643603986,237.92158958278117,9790.64291886838,723.2748778724431,15296.4898888517,12390.156809969876,31894.458099966767,3.637978807091713e-12,31894.45809996677,932.439257851094,32826.89735781786,32826.89735781786,1.8189894035458565e-12,6.920686246303376e-12,0,2.0463630789890885e-12
2025-07-12,S6_12,1200.0000000000002,1200.0000000000052,45981.62254478698,46812.09994300375,42579.32420578499,154.90433571042087,8557.922296982862,405.8903541280217,14137.750300269388,11451.577743218211,27627.93548569344,957.0745088870171,28585.009994580458,428.18722552051497,29013.197220100974,29013.197220100974,1.8189894035458565e-12,1.5276668818842154e-11,0,5.002220859751105e-12
2025-07-13,S6_12,1200.0000000000052,1199.9999999999995,95662.30157380344,95665.1915040567,77002.90345574381,49.89251041436165,3842.579074384448,0.0,20749.98153565132,16807.485043877576,62275.19796126092,5.857744126791658,62281.05570538771,223.0471260624047,62504.102831450116,62504.10283145011,4.547473508864641e-13,9.094947017729282e-12,0,5.6843418860808015e-12
2025-07-14,S6_12,1199.9999999999995,1199.9999999999982,92212.27062816039,92212.2706281604,78612.02404910549,70.01187041602702,2924.2682134254305,0.0,20789.939418049962,16839.85092862048,58071.58257956593,0.0,58071.58257956593,384.6132819551717,58456.195861521104,58456.195861521104,5.4569682106375694e-12,7.407408020299044e-12,0,1.3642420526593924e-12
2025-07-15,S6_12,1199.9999999999982,1200.0000000000005,94389.3747640194,94401.93796710226,79976.36134801096,62.81544693173978,3146.537888650737,0.0,21808.359594518988,17664.771271560385,59563.61541681462,21.304508790301043,59584.91992560492,264.47739814422266,59849.39732374914,59849.39732374914,9.094947017729282e-13,1.3201884030422661e-11,0,2.2737367544323206e-12
2025-07-16,S6_12,1200.0000000000005,1200.0000000000018,88565.0149560307,88600.72873491587,79440.75061862581,333.56704396115174,3645.0307038375313,0.0,21024.86092324264,17030.13734782654,56766.58627487928,48.78486852549395,56815.37114340477,1069.6509659280919,57885.022109332866,57885.022109332866,1.8189894035458565e-12,7.275957614183426e-12,0,1.3642420526593924e-12
2025-07-17,S6_12,1200.0000000000018,1199.9999999999995,88808.2051762672,88974.76170703844,79752.86754351706,135.4295510721454,2945.6101933246496,0.0,22222.478076830892,18000.207242233028,56384.41278047123,223.12612561070273,56607.538906081936,507.7516079705357,57115.290514052474,57115.290514052474,4.547473508864641e-13,0.0,0,2.2737367544323206e-12
2025-07-18,S6_12,1199.9999999999995,1199.9999999999973,54492.22269969378,54837.085506223106,44151.76462332802,29.09750802919416,9254.993031863,767.7647184466541,15178.190952881805,12294.334671834267,32521.26400617102,346.3478307543337,32867.61183692535,135.41067044417548,33003.022507369526,33003.022507369526,9.094947017729282e-13,2.000888343900442e-11,0,2.2737367544323206e-12
2025-07-19,S6_12,1199.9999999999973,1200.0000000000011,55927.34967194925,55927.34967194927,43842.55839181968,6.3396728974518055,13202.749555582637,787.7005548207633,14082.257391124911,11406.628486811167,34091.28869313504,0.0,34091.28869313504,42.76109369331243,34134.04978682835,34134.04978682834,1.8189894035458565e-12,4.714451051768265e-12,0,3.865352482534945e-12
2025-07-20,S6_12,1200.0000000000011,1200.0000000000005,93780.10515411546,93780.10515411546,79817.53789880083,79.30113496257002,3423.1589496947845,0.0,23072.115091589207,18688.41322418726,58997.80248714599,7.275957614183426e-12,58997.802487146,337.4798427582305,59335.28232990423,59335.28232990423,1.8189894035458565e-12,1.2069456545305002e-11,0,6.821210263296962e-13
2025-07-21,S6_12,1200.0000000000005,1200.000000000001,94613.92289838321,94613.92289838319,81773.22645042239,43.08614786997572,3488.750969150178,0.0,22830.590942853563,18492.778663711397,59853.23555079724,7.275957614183426e-12,59853.235550797246,198.0916197493494,60051.327170546596,60051.327170546596,1.8189894035458565e-12,5.7411853049416095e-12,0,4.547473508864641e-13
2025-07-22,S6_12,1200.000000000001,1199.9999999999982,84588.031051667,85187.26623035426,80005.40676310124,776.1482491174663,2659.7993976385924,0.0,22771.636831123287,18445.025833209867,53634.83295892692,420.61404974262405,54055.447008669544,2672.859015387463,56728.306024057005,56728.306024057005,1.8189894035458565e-12,3.47437634218295e-11,0,2.7284841053187847e-12
2025-07-23,S6_12,1199.9999999999982,1200.0000000000034,99359.16362426184,99359.16362426188,79984.49549548225,74.35083702916836,1936.905269417934,0.0,20554.704981193634,16649.311034766844,63701.165045883085,-1.4551915228366852e-11,63701.16504588307,353.94576344563075,64055.110809328704,64055.1108093287,1.8189894035458565e-12,4.508748929765716e-11,0,5.229594535194337e-12
2025-07-24,S6_12,1200.0000000000034,1200.0,100748.30548379882,100956.36990981917,81244.87547626383,1.1279171630376368,3549.6850183844144,0.0,21472.875658118304,17393.029283075834,64865.67347868567,279.2149697014029,65144.88844838707,7.0838837424578776,65151.97233212953,65151.97233212953,9.094947017729282e-13,3.282707439211663e-11,0,3.410605131648481e-12
2025-07-25,S6_12,1200.0,1200.0000000000036,45075.89267273296,45096.203764659396,40654.07718936924,194.11858094661648,11116.925569441277,612.8482747843905,13753.170312755492,11140.067953331945,27103.10477009625,19.710631702389946,27122.81540179864,770.2415849902162,27893.05698678886,27893.056986788855,9.094947017729282e-13,4.9826809345177026e-12,0,3.637978807091713e-12
2025-07-26,S6_12,1200.0000000000036,1200.0,47166.27494482608,47244.092132182624,41638.138849750096,51.87905726949407,10092.125179585804,353.7701896919252,14605.426163553557,11830.395192478374,27687.71774897344,126.00036162187462,27813.718110595313,132.8152003035126,27946.533310898827,27946.533310898823,1.8189894035458565e-12,1.3983481039758772e-11,0,3.637978807091713e-12
2025-07-27,S6_12,1200.0,1200.0,88041.26008665448,88298.82706398684,80839.73267588287,249.07993927521247,3099.406277697373,0.0,22653.771249793346,18349.554712332607,55662.519343368156,294.0733370468006,55956.59268041496,691.0191665545211,56647.61184696948,56647.61184696948,9.094947017729282e-13,2.0236257114447653e-11,0,0.0
2025-07-28,S6_12,1200.0,1200.0000000000027,92277.77063115948,92277.77063115952,83925.52679591083,453.9955621084762,2072.802178457662,0.0,22904.43655909654,18552.5936128682,58501.48005422365,0.0,58501.48005422365,2103.753149477112,60605.23320370076,60605.23320370075,9.094947017729282e-13,2.6995294888365606e-11,0,2.7284841053187847e-12
2025-07-29,S6_12,1200.0000000000027,1200.0,86669.65003648953,89188.15390653313,82247.36825388095,254.29064547435144,2148.893362751364,0.0,22544.8399294943,18261.32034289039,54306.12740351815,2968.7991257682734,57274.92652928642,1071.7391695357621,58346.66569882219,58346.66569882219,1.8189894035458565e-12,3.297362383136715e-11,0,2.7284841053187847e-12
2025-07-30,S6_12,1200.0,1200.0,82506.56896431503,87823.27501482189,82024.2376929287,76.73343347358849,3654.712071037052,0.0,22857.921080869433,18514.91607550424,52143.73990819999,5197.750530563033,57341.49043876302,305.69201632698895,57647.18245509001,57647.18245509001,1.8189894035458565e-12,1.4551915228366852e-11,0,0.0
2025-07-31,S6_12,1200.0,1199.999999999998,85168.76984742521,86081.17248883945,80814.56413694356,315.3003988664084,2071.933215532882,0.0,22962.816071633846,18599.881018023414,53664.598800356274,1026.5430306591807,54691.141831015455,1169.7190147404583,55860.86084575592,55860.86084575591,1.8189894035458565e-12,1.2988721209694631e-11,0,2.0463630789890885e-12
2025-08-01,S6_12,1199.999999999998,1200.0000000000005,43389.586861007876,43439.97735920693,39421.65298017723,467.4926321047754,15655.103027925332,504.4752918515394,13043.198030728781,10564.990404890312,26276.66030110811,31.86526307776876,26308.52556418588,1498.0578909549042,27806.583455140782,27806.583455140782,9.094947017729282e-13,0.0,0,2.5011104298755527e-12
2025-08-02,S6_12,1200.0000000000005,1199.9999999999973,47660.378843158585,47660.811629854965,40615.60671468329,183.891715602471,16881.280977662766,343.3307786720228,13936.114424303352,11288.25268368572,28400.97125232689,0.5040233866056951,28401.475275713496,966.7170587894298,29368.192334502924,29368.192334502924,1.8189894035458565e-12,1.2732925824820995e-11,0,3.183231456205249e-12
2025-08-03,S6_12,1199.9999999999973,1200.000000000001,74784.60809367117,74787.29894921088,68831.51049975188,539.5317108751126,2785.1534607562025,0.0,19717.940876512854,15971.532109975422,47281.711584479126,5.6314224735760945,47287.3430069527,2499.7848530510123,49787.12786000371,49787.12786000371,2.2737367544323206e-13,1.318767317570746e-11,0,3.637978807091713e-12
2025-08-04,S6_12,1200.000000000001,1200.0000000000007,80753.18943547586,80808.80085732487,72583.62550681582,377.9863907522547,3629.170480849578,0.0,20614.664912553544,16697.878579168366,51455.268053826556,95.65184671639145,51550.91990054295,1575.1365882735133,53126.05648881646,53126.05648881646,2.1600499167107046e-12,5.803713065688498e-11,0,2.2737367544323206e-13
2025-08-05,S6_12,1200.0000000000007,1199.9999999999984,79329.51565994766,79386.68328172002,72750.78572721285,205.5097485575012,3829.5697996729714,0.0,20917.978646126357,16943.562703362353,50375.15279963719,104.89979603649408,50480.05259567368,827.772781911915,51307.8253775856,51307.8253775856,1.8189894035458565e-12,8.185452315956354e-12,0,2.2737367544323206e-12
2025-08-06,S6_12,1199.9999999999984,1199.9999999999998,83740.37051205683,83817.35556785781,75510.49129182879,762.3200639041952,3970.927974522817,0.0,22039.39007654474,17851.905962001245,53783.97524820226,133.1687433283514,53917.14399153061,2442.853258342824,56359.997249873435,56359.99724987343,2.2737367544323206e-13,1.312372432948905e-11,0,1.3642420526593924e-12
2025-08-07,S6_12,1199.9999999999998,1200.0000000000005,84245.90938252091,84757.71258232663,70529.75498612583,612.6929653667326,4126.032975759281,0.0,19096.998556490966,15468.568830757673,52461.841054010394,710.8213983425812,53172.662452352975,1930.996967937653,55103.65942029063,55103.65942029063,1.8189894035458565e-12,2.0619950191758107e-11,0,6.821210263296962e-13
2025-08-08,S6_12,1200.0000000000005,1199.999999999999,41899.210485434276,41899.21048543427,39216.676992492285,273.46406123819264,20546.34742782858,477.63678104220435,14163.082078208885,11472.096483349194,24760.88986655817,0.0,24760.88986655817,965.1283657023768,25726.018232260547,25726.018232260547,9.094947017729282e-13,8.384404281969182e-12,0,1.3642420526593924e-12
2025-08-09,S6_12,1199.999999999999,1200.0000000000016,40790.12640117769,40854.06302822839,38958.67768304026,519.3795058429519,17598.99392025762,346.74931033635585,13738.868201522253,11128.483243233022,23965.937683421515,39.025570751127816,24004.963254172642,1799.7184020005086,25804.68165617315,25804.68165617315,1.8189894035458565e-12,1.2505552149377763e-12,0,2.5011104298755527e-12
2025-08-10,S6_12,1200.0000000000016,1200.0000000000005,79363.09062246582,79406.70140829007,72696.21406739877,167.4747412811936,3684.1274720224296,0.0,20394.43308767125,16519.490801013708,50645.225663232355,72.74539828515117,50717.971061517506,748.7709867453731,51466.74204826288,51466.74204826287,1.8189894035458565e-12,1.7177370637000422e-11,0,1.1368683772161603e-12
2025-08-11,S6_12,1200.0000000000005,1200.0000000000007,76937.5675242843,77792.98783967843,72506.93017757231,522.934643110289,4448.012223155044,0.0,21161.048758916815,17140.449494722627,47981.684240429386,1045.7433678340458,49027.42760826343,2104.5020902114866,51131.929698474916,51131.92969847491,9.094947017729282e-13,0.0,0,2.2737367544323206e-13
2025-08-12,S6_12,1200.0000000000007,1199.9999999999955,83840.41044904615,83990.54405728952,74565.0631542121,504.0939250270767,3288.9720436403604,0.0,21156.007292625403,17136.365907026575,52479.062659733296,249.17597167949134,52728.23863141279,1789.636578569414,54517.8752099822,54517.8752099822,1.8189894035458565e-12,2.1827872842550278e-11,0,5.229594535194337e-12
2025-08-13,S6_12,1199.9999999999955,1199.9999999999995,76097.42484791635,76123.57557008801,72138.78665095732,514.977745632069,2756.8670864026053,0.0,19873.251895719906,16097.334035533117,47663.68016023346,39.70720462403551,47703.387364857495,1989.6354275761794,49693.02279243367,49693.02279243367,9.094947017729282e-13,2.6972202249453403e-11,0,4.092726157978177e-12
2025-08-14,S6_12,1199.9999999999995,1200.0,78888.26300935663,80407.98183266312,73523.10380192965,385.4890457217806,3878.429184717418,0.0,21599.32989263517,17495.457213034486,50129.16886673337,1207.2434241816954,51336.41229091507,1590.1267299519238,52926.53902086699,52926.53902086699,1.8189894035458565e-12,3.68913788406644e-11,0,4.547473508864641e-13
2025-08-15,S6_12,1200.0,1199.9999999999995,42635.980844397796,42650.86833518946,39228.816258782346,547.9564960873267,19632.399915385064,337.28400610444453,13933.483947614945,11286.121997568103,25659.216402572496,12.585426979454496,25671.80182955195,1353.4328697810774,27025.23469933303,27025.234699333025,9.094947017729282e-13,1.2121859072067309e-11,0,4.547473508864641e-13
2025-08-16,S6_12,1199.9999999999995,1200.0000000000007,44106.39304396372,44110.97285188771,38503.68673959319,599.6817634307894,19334.367276552053,317.79218040808587,13273.308838932517,10751.380159535342,27029.550932733648,2.913444810845249,27032.464377544493,2493.208698722142,29525.673076266634,29525.67307626663,9.094947017729282e-13,5.030642569181509e-12,0,1.1368683772161603e-12
2025-08-17,S6_12,1200.0000000000007,1200.000000000001,80609.17468983689,80839.78090921922,71151.425204958,301.9370384745579,4284.869464088201,0.0,21068.942961461657,17065.84379878395,50260.789485198926,348.69560566471773,50609.48509086364,1403.455069037991,52012.940159901635,52012.940159901635,1.8189894035458565e-12,2.937383669632254e-11,0,2.2737367544323206e-13
2025-08-18,S6_12,1200.000000000001,1200.000000000001,77910.78300072151,77962.15104923822,71294.02900318979,532.1156287616204,3437.3646630972517,0.0,21024.549222039423,17029.884869851943,49664.09073692271,78.22513158563379,49742.31586850835,1963.235419640587,51705.551288148934,51705.551288148934,1.8189894035458565e-12,3.7054803669889225e-11,0,0.0
2025-08-19,S6_12,1200.000000000001,1200.0000000000002,76045.60827045124,76045.89823301742,71988.87865272809,483.5841400057976,4344.712230352992,0.0,20053.10795989954,16243.017447518618,48420.23773216171,0.5881745673250407,48420.825906729035,2137.0486498737396,50557.87455660277,50557.87455660277,6.139089236967266e-12,2.3213431177282473e-11,0,6.821210263296962e-13
2025-08-20,S6_12,1200.0000000000002,1200.0000000000005,84735.82527122182,85142.81353004862,76892.156756564,414.0236628911996,2454.557084678664,0.0,22110.16983215721,17909.23756404734,53015.058928505234,521.6039706146839,53536.66289911992,1986.7492724395609,55523.41217155948,55523.41217155948,2.2737367544323206e-12,2.5570656703166605e-11,0,2.2737367544323206e-13
2025-08-21,S6_12,1200.0000000000005,1199.9999999999989,81235.3995954691,81269.31673139016,73536.70315593734,294.1648711705368,3864.7526438207483,0.0,21693.141578704097,17571.444678750326,51138.848056752046,41.71130725516559,51180.55936400721,1152.5935592566188,52333.15292326383,52333.15292326383,1.8189894035458565e-12,2.950262256717906e-11,0,1.5916157281026244e-12
2025-08-22,S6_12,1199.9999999999989,1199.9999999999995,42764.13796181531,42770.20855973108,39787.61555040566,715.9435294014761,16369.788690503374,292.52313030371147,13740.409784210815,11129.731925210754,25607.124746980193,3.5139656035462394,25610.63871258374,2770.5162751380667,28381.154987721806,28381.154987721802,9.094947017729282e-13,1.0231815394945443e-12,0,6.821210263296962e-13
2025-08-23,S6_12,1199.9999999999995,1200.0000000000002,42418.47639242197,42729.46720070982,40372.308509441296,134.76609990299482,14829.245289458617,410.3224836210096,14407.898348761355,11670.397662496698,24969.07134809575,410.51377043298635,25379.585118528736,350.57186404220624,25730.15698257094,25730.156982570938,9.094947017729282e-13,2.4506618956365855e-11,0,6.821210263296962e-13
2025-08-24,S6_12,1200.0000000000002,1200.000000000001,75104.15412934561,75191.14981159651,71449.5288366189,308.5048787265114,3788.40660556285,0.0,22294.934876048625,18058.897249599377,48328.19134139918,126.80228807658568,48454.993629475764,1035.419290889151,49490.41292036491,49490.41292036491,9.094947017729282e-13,1.389821591146756e-11,0,6.821210263296962e-13
2025-08-25,S6_12,1200.000000000001,1200.0000000000005,97316.41149327354,97329.44189143792,76641.00963737002,142.633864129189,2206.6881500008035,0.0,20020.359657009187,16216.491322177442,62153.88326829348,26.779526598431403,62180.66279489191,353.58145094713944,62534.24424583905,62534.24424583905,4.547473508864641e-13,7.887024366937112e-11,0,4.547473508864641e-13
2025-08-26,S6_12,1200.0000000000005,1200.0000000000016,78361.86110905299,78629.6466689655,71705.75026253863,165.01839953604014,2341.7863435923464,0.0,21053.494395521015,17053.330460372024,50346.03651199145,191.63807447597355,50537.67458646742,543.5978248861381,51081.27241135356,51081.27241135356,2.2737367544323206e-13,2.6005864128819667e-11,0,1.1368683772161603e-12
2025-08-27,S6_12,1200.0000000000016,1200.0,77287.2168514564,79417.69196207388,74974.13425686897,231.40135329437024,3316.074947153716,0.0,20922.69366496281,16947.381868619876,49508.54208756669,1983.3034759432485,51491.84556350994,874.6856048550277,52366.53116836496,52366.53116836496,1.8189894035458565e-12,2.958699951705057e-11,0,1.5916157281026244e-12
2025-08-28,S6_12,1200.0,1200.0,77034.51754121008,79307.5026198517,75362.3533892998,929.0023415413956,1400.7355805387892,0.0,21699.079826152945,17576.254659183887,48414.84841472008,2464.018467905007,50878.86688262509,3432.6000654314043,54311.46694805649,54311.46694805649,1.5916157281026244e-12,4.3868908505828585e-11,0,0.0
2025-08-29,S6_12,1200.0,1199.9999999999995,45696.626163699955,45699.189069381595,40775.8239482544,236.6980200268756,14960.235777786533,615.0540724758383,15168.482989573155,12286.471221554257,27608.781394449536,3.2968623576307436,27612.078256807166,1090.9931118449988,28703.071368652167,28703.071368652163,2.2737367544323206e-12,4.050093593832571e-12,0,4.547473508864641e-13
2025-08-30,S6_12,1199.9999999999995,1199.9999999999998,44082.392073304494,44100.09870273033,40481.57959485043,466.30252991715935,19334.026734169795,350.87689157336956,14475.045608900518,11724.786943209416,26463.58086057794,11.326837843116664,26474.907698421055,1482.4364519142487,27957.344150335302,27957.344150335302,9.094947017729282e-13,8.118727912176382e-12,0,2.2737367544323206e-13
2025-08-31,S6_12,1199.9999999999998,1200.0,76386.46565344186,76771.49113555846,72782.00484185504,746.2594260635548,2951.296795600877,0.0,20686.023099917908,16755.678710933505,48971.63375623376,275.4912688427503,49247.12502507651,2868.874385923516,52115.999411000026,52115.999411000026,1.8189894035458565e-12,5.494382726567437e-11,0,2.2737367544323206e-13
2025-09-01,S6_12,1200.0,1200.0000000000023,85731.26161987844,85896.05924253237,63480.8061263103,0.0,5984.638391861574,269.96092411971233,19221.433036819293,15569.360759823627,54231.60025490564,170.18276539396174,54401.783020299605,0.0,54401.783020299605,54401.7830202996,1.8189894035458565e-12,2.5210056264768355e-11,0,2.2737367544323206e-12
2025-09-02,S6_12,1200.0000000000023,1200.0000000000014,62121.49850799129,63287.324663389096,58884.38801728847,2090.461430588694,2965.190232531827,0.0,20799.49139655441,16847.588031209074,36862.1731228916,992.3523717516873,37854.52549464329,10816.892474480974,48671.41796912426,48671.41796912426,9.094947017729282e-13,8.109068971862143e-13,0,9.094947017729282e-13
2025-09-03,S6_12,1200.0000000000014,1200.0,68086.18985544705,68349.6537740293,63015.96307731034,477.8351823048044,3880.8193669787706,238.283906919458,20141.988082720774,16315.010347003827,41848.43147158157,306.86859031541826,42155.30006189699,1969.368279626244,44124.66834152323,44124.668341523226,2.2737367544323206e-13,1.0459189070388675e-11,0,1.3642420526593924e-12
2025-09-04,S6_12,1200.0,1200.0000000000005,66579.55202154563,66579.55202154565,60718.84214890498,342.9408763000551,2775.733468164237,233.90243783067297,21718.85036426383,17592.268795053707,42271.15778767131,0.0,42271.15778767131,1396.0153590306136,43667.17314670193,43667.17314670192,1.0459189070388675e-11,1.9184653865522705e-11,0,4.547473508864641e-13
2025-09-05,S6_12,1200.0000000000005,1200.000000000006,40906.938490918816,40957.5665909412,32154.06214469061,0.0,21164.900593646613,1398.9278805128154,14557.747388760572,11791.775384896058,24192.222756539843,58.09405072665686,24250.3168072665,0.0,24250.3168072665,24250.3168072665,1.8189894035458565e-12,1.0913936421275139e-11,0,5.4569682106375694e-12
2025-09-06,S6_12,1200.000000000006,1200.0,36202.80811533466,36202.808115334665,31455.654381290642,417.4480952863504,20072.87229883286,1466.2980282672502,13751.833944615191,11138.985495138308,21344.30338786248,0.0,21344.30338786248,1288.247519809033,22632.550907671513,22632.550907671513,1.8189894035458565e-12,9.094947017729282e-13,0,5.9117155615240335e-12
2025-09-07,S6_12,1200.0,1200.0,62884.07068696904,64246.61352315542,59920.025712902956,1140.0933824829185,1836.585645300458,274.5165666066122,20989.648772695575,17001.61550588342,39203.88468162529,980.7409035308665,40184.62558515616,3098.140104819286,43282.765689975444,43282.76568997544,1.8189894035458565e-12,1.3859136061000754e-11,0,0.0
2025-09-08,S6_12,1200.0,1200.0000000000023,71430.37773517056,72348.21540697351,65584.04814797477,1409.5737479176526,3655.5429475153887,19.66478934632164,20646.55066156513,16723.706035867748,42984.1030582826,1162.8226940417662,44146.925752324365,6585.295083842814,50732.22083616718,50732.22083616717,1.8189894035458565e-12,5.1812776291626506e-11,0,2.2737367544323206e-12
2025-09-09,S6_12,1200.0000000000023,1200.0000000000007,60901.18983800001,62034.25578606248,59334.53314711519,1352.1018757022523,3669.6491724161633,75.2294109137066,20204.85354116264,16365.931368341746,37055.83896845138,1414.5676669212553,38470.40663537264,6773.939445829062,45244.3460812017,45244.3460812017,9.094947017729282e-13,3.2514435588382185e-11,0,1.5916157281026244e-12
2025-09-10,S6_12,1200.0000000000007,1200.0,73878.63394587673,75001.98471672754,66476.7618563805,607.7408169409129,1466.4652433634335,318.49327678356747,20966.02896407598,16982.483460901545,45463.54437618432,1757.2993738540317,47220.84375003835,2393.8503090751346,49614.694059113484,49614.694059113484,2.2737367544323206e-13,3.410605131648481e-12,0,6.821210263296962e-13
2025-09-11,S6_12,1200.0,1199.9999999999998,74675.09958435198,74744.48493589423,60283.6940747451,274.7902574274585,2573.046881504942,412.14790186731716,21458.967186668255,17381.763421201293,46599.81496297862,115.6869173052255,46715.501880283846,1181.1535238696383,47896.655404153484,47896.65540415348,9.094947017729282e-13,2.091837814077735e-11,0,2.2737367544323206e-13
2025-09-12,S6_12,1199.9999999999998,1200.0,34678.353539410884,34684.95154486715,32577.431678288893,544.5067901810754,17686.994225620467,1020.7337474132869,15066.075239137996,12203.520943701777,19933.31204346166,4.154764035814878,19937.466807497476,1713.206921053892,21650.673728551366,21650.673728551366,1.8189894035458565e-12,1.4547030247058501e-11,0,2.2737367544323206e-13
2025-09-13,S6_12,1200.0,1200.0000000000043,35611.10041442079,35641.48063965262,32994.34091193207,124.1185856013297,21100.77090475032,1129.7031792034386,15162.54700129636,12281.66307105005,20404.556036656315,42.55130273221948,20447.107339388534,480.708334653064,20927.815674041598,20927.815674041598,2.7284841053187847e-12,4.504840944719035e-12,0,4.320099833421409e-12
2025-09-14,S6_12,1200.0000000000043,1200.0,77587.18711616917,77813.13954079336,67817.76773833083,536.0580587272556,4091.5362515690135,402.77635134668606,19790.465495486093,16030.277051343754,48954.066426159014,385.6051409645952,49339.67156712361,1578.003371472945,50917.67493859655,50917.67493859655,9.094947017729282e-13,2.3021584638627246e-11,0,4.320099833421409e-12
2025-09-15,S6_12,1200.0,1199.9999999999986,62872.7476589156,62878.8819741171,60100.3201193796,861.6203006062365,1532.5649315626995,216.81307229487732,21818.58833049966,17673.05654770474,39969.80686793613,7.144023483655474,39976.95089141979,3145.0322628040285,43121.98315422382,43121.98315422382,9.094947017729282e-13,7.275957614183426e-12,0,1.3642420526593924e-12
2025-09-16,S6_12,1199.9999999999986,1200.0000000000014,77736.34080634938,77736.34080634938,67300.80181869978,633.2310510528959,4043.289368243892,226.5165686348497,21960.2997344242,17787.8427848836,48316.60134419621,-7.275957614183426e-12,48316.601344196206,2146.0918271134233,50462.69317130963,50462.69317130963,4.547473508864641e-13,1.531930138298776e-11,0,2.7284841053187847e-12
2025-09-17,S6_12,1200.0000000000014,1199.999999999999,75143.24447699686,75143.24447699689,66569.30749119208,64.5936474907799,2229.746888287623,341.6873177826915,21591.308066381986,17488.959533769408,47570.66240212135,7.275957614183426e-12,47570.66240212136,191.99732043766028,47762.659722559016,47762.65972255901,9.094947017729282e-13,2.9558577807620168e-12,0,2.2737367544323206e-12
2025-09-18,S6_12,1199.999999999999,1200.0,67782.60903559192,71604.45012300367,65834.24639866121,141.14541810333404,2730.614356064982,237.44243399883385,21322.54689491607,17271.26298488201,43183.95198777275,3048.692240468248,46232.644228241,479.6691403961358,46712.31336863714,46712.31336863714,1.8189894035458565e-12,1.5916157281026244e-11,0,9.094947017729282e-13
2025-09-19,S6_12,1200.0,1200.0000000000002,36685.156781043974,36694.09815944729,33370.65739020995,193.62987267818596,13226.673050050033,1368.6943691116821,15092.460668735557,12224.893141675797,21465.816342588172,16.3975938538606,21482.213936442033,418.7285651066716,21900.942501548703,21900.9425015487,9.094947017729282e-13,4.504840944719035e-12,0,2.2737367544323206e-13
2025-09-20,S6_12,1200.0000000000002,1200.0,36413.35083772382,36413.35083772382,33028.005526015935,294.452072181783,13832.810882021942,981.8234853615463,15065.207881478438,12202.818383997528,21180.3358112913,0.0,21180.3358112913,984.6760514094983,22165.011862700798,22165.011862700794,1.8189894035458565e-12,1.1368683772161603e-12,0,2.2737367544323206e-13
2025-09-21,S6_12,1200.0,1200.0000000000018,74447.17685435977,74732.55297524053,66133.99656827416,101.1576690543041,3785.8673384982458,294.71227228103953,20353.090227451918,16486.003084236047,46331.37542480344,512.4150523216449,46843.79047712508,393.6017788302847,47237.39225595537,47237.39225595536,9.094947017729282e-13,1.7919887795869727e-11,0,1.8189894035458565e-12
2025-09-22,S6_12,1200.0000000000018,1200.0000000000018,80199.0552830428,80199.05528304278,67030.83175487118,125.07796092269223,2116.5326076642286,297.190517988265,21727.19319372654,17599.026486918487,50931.980225917156,7.275957614183426e-12,50931.98022591716,405.7142628612887,51337.69448877845,51337.69448877844,1.1368683772161603e-12,1.1596057447604835e-11,0,0.0
2025-09-23,S6_12,1200.0000000000018,1200.0000000000002,78594.07758719634,78594.07758719633,69112.54939541059,44.958594510758985,2588.939345184268,274.6700459456314,21985.70008135846,17808.417065900358,49839.75177904557,7.275957614183426e-12,49839.751779045575,151.07913005029846,49990.83090909587,49990.830909095865,1.8189894035458565e-12,2.248867758680717e-12,0,1.5916157281026244e-12
2025-09-24,S6_12,1200.0000000000002,1199.9999999999995,68138.08288103777,69597.16248833566,66120.8000480759,626.3223991983181,1330.0580904994706,364.59610932539886,20996.01656552295,17006.773418073604,43621.369335847456,1011.2194135453319,44632.58874939279,1967.402833764885,46599.99158315767,46599.991583157665,1.8189894035458565e-12,1.432454155292362e-11,0,6.821210263296962e-13
2025-09-25,S6_12,1199.9999999999995,1199.9999999999986,74827.62946429192,75004.80902888565,68698.84740286483,317.45648884534523,4159.942853079062,461.9784109838238,21362.80909288059,17303.875365233278,47383.8446522182,288.7323781058076,47672.577030324006,961.0841780190101,48633.661208343015,48633.661208343015,1.8189894035458565e-12,7.425171588693047e-12,0,9.094947017729282e-13
2025-09-26,S6_12,1199.9999999999986,1199.9999999999986,37219.60012807767,37380.50245727851,33109.89096698572,109.83387406665662,11569.86822013832,967.5555354096241,15726.618871075985,12738.561285571546,21412.10185712753,274.0107787903107,21686.11263591784,251.7027067194487,21937.815342637292,21937.81534263729,1.8189894035458565e-12,7.503331289626658e-12,0,0.0
2025-09-27,S6_12,1199.9999999999986,1200.0000000000002,36502.09892156391,36519.0724711078,34308.99877845076,317.4884394393532,12968.393417890358,911.4528820086593,15501.782463110967,12556.443795119885,21121.242433521467,10.795177509913628,21132.03761103138,968.7729950129672,22100.81060604435,22100.81060604435,9.094947017729282e-13,1.765698698363849e-12,0,1.5916157281026244e-12
2025-09-28,S6_12,1200.0000000000002,1200.0,73880.83734865811,75997.64566313845,70127.75030136442,297.8013875479518,2498.4439700303496,326.99585560529215,21644.64577163192,17532.163075021857,46602.70627244353,1867.0020888904546,48469.708361333986,1087.4683588275343,49557.17672016152,49557.17672016152,9.094947017729282e-13,1.7891466086439323e-11,0,2.2737367544323206e-13
2025-09-29,S6_12,1200.0,1199.9999999999993,78140.81924957679,78140.81924957677,67624.5142391405,431.79144340735934,1196.9455109012517,210.03390081921964,20470.7087938282,16581.274123000836,49826.500136736606,7.275957614183426e-12,49826.50013673661,1686.8656807458603,51513.365817482474,51513.365817482474,9.094947017729282e-13,1.1809220268332865e-11,0,6.821210263296962e-13
2025-09-30,S6_12,1199.9999999999993,1200.000000000001,77228.47641695695,77378.04418389668,71603.34646022493,285.2520633422767,1672.4433838267453,406.1681377063468,23093.748607197118,18705.936371829674,49579.79489880496,174.5694909233207,49754.36438972828,1107.9508302312265,50862.315219959506,50862.315219959506,1.8189894035458565e-12,4.6210146820158116e-11,0,1.5916157281026244e-12
2025-10-01,S6_12,1200.000000000001,1200.000000000003,73530.74020957094,73530.74020957094,59992.65800115513,45.10732895962467,5043.233504886265,1164.4780963055302,21939.643134682272,17771.110939092643,45760.05398577519,0.0,45760.05398577519,123.14213280418777,45883.19611857938,45883.19611857938,3.637978807091713e-12,1.745092959026806e-11,0,2.0463630789890885e-12
2025-10-02,S6_12,1200.000000000003,1200.0000000000002,78810.99960089463,78847.526355141,60224.29855681394,18.76906982401033,3782.4942406237897,921.2140739570435,20045.137870476075,16236.561675085622,49302.40274093137,48.38540105649008,49350.78814198786,63.735152275670416,49414.523294263534,49414.52329426353,4.547473508864641e-13,2.8421709430404007e-11,0,2.7284841053187847e-12
2025-10-03,S6_12,1200.0000000000002,1200.0000000000005,69657.99244029453,70131.17640522418,39352.71842378396,0.0,22206.297866255896,5227.879925797413,21586.247009108705,17484.860077378053,42168.6022991948,659.0167326820083,42827.619031876806,0.0,42827.619031876806,42827.6190318768,1.8189894035458565e-12,9.15179043659009e-12,0,2.2737367544323206e-13
2025-10-04,S6_12,1200.0000000000005,1200.0,37125.98322144325,37125.98322144326,33628.203140905905,138.12978836760294,16348.077322141651,1272.5277351182674,16051.291782527658,13001.546343847405,20176.163510974216,3.637978807091713e-12,20176.16351097422,543.1387906862454,20719.302301660464,20719.302301660464,1.8189894035458565e-12,1.3574918966696714e-11,0,4.547473508864641e-13
2025-10-05,S6_12,1200.0,1199.9999999999989,77128.87081537754,77136.97944825186,62618.66908157037,219.75293710605382,3517.8708938786817,768.2285105581809,20086.11340827838,16269.751860705494,47522.18365120963,5.109548307897057,47527.293199517524,575.0602087158329,48102.35340823336,48102.35340823336,1.3642420526593924e-12,2.9615421226480976e-11,0,1.1368683772161603e-12
2025-10-06,S6_12,1199.9999999999989,1199.9999999999986,67104.51380485052,67750.21344355134,63562.8079884797,214.16360893811893,1585.5884589875186,431.7775420867441,21192.08603338718,17165.589687043615,41534.33678588771,472.0047809149837,42006.341566802694,800.1950347349318,42806.53660153763,42806.53660153763,1.8189894035458565e-12,1.963940121640917e-11,0,2.2737367544323206e-13
2025-10-07,S6_12,1199.9999999999986,1200.000000000001,71356.54162689768,71616.97495068323,65774.00032944712,52.158556644119244,3385.7347972063017,528.5419894591768,21791.153154872492,17650.834055446707,43711.25116598251,289.00541614751273,44000.25658213002,131.21427866979005,44131.47086079981,44131.4708607998,6.821210263296962e-13,1.6207479802687885e-11,0,2.2737367544323206e-12
2025-10-08,S6_12,1200.000000000001,1200.0,71711.88527379512,71714.30110712841,63738.72640136262,26.892009429797582,2511.295389696331,701.3993673807612,21444.35782657202,17369.929839523335,44264.07354363449,3.395816124997509,44267.46935975949,106.84672676108985,44374.31608652058,44374.31608652058,2.2737367544323206e-13,1.7978507571569935e-11,0,9.094947017729282e-13
2025-10-09,S6_12,1200.0,1200.0000000000032,77350.09407514412,77411.25480153383,61594.259061486155,119.116641463968,1974.7684122682615,321.14510032332487,19249.89740539584,15592.416898370628,47715.54330176856,45.32857369259,47760.87187546115,471.9981276554039,48232.87000311655,48232.87000311655,1.8189894035458565e-12,1.5520029705839988e-11,0,3.183231456205249e-12
2025-10-10,S6_12,1200.0000000000032,1200.000000000001,34055.820651429545,34058.73925575052,32251.707574222117,179.04786528614213,19090.417562015526,886.394779663877,16370.16937453787,13259.837193375675,18165.992818894796,1.8562323481455678,18167.84905124294,598.1368876427816,18765.985938885722,18765.985938885722,1.8189894035458565e-12,8.753886504564434e-12,0,2.2737367544323206e-12
2025-10-11,S6_12,1200.000000000001,1200.000000000001,33997.76357267916,34000.02346964012,31917.43378578411,92.23642664861443,14254.163297579113,437.09906148798103,16905.759315959513,13693.665045927215,17829.47476723827,3.1634037659350724,17832.638171004204,374.16806883829895,18206.806239842503,18206.806239842503,1.8189894035458565e-12,1.0373923942097463e-12,0,0.0
2025-10-12,S6_12,1200.000000000001,1200.0000000000016,69265.19973350123,69443.9675708834,63846.92787662774,1051.4747700264793,2418.4450343614244,125.35322786025506,20208.675795259023,16369.027394159806,41704.85942720003,225.9065553039618,41930.76598250399,4835.910526180186,46766.67650868418,46766.67650868418,9.094947017729282e-13,1.0544454198679887e-11,0,6.821210263296962e-13
2025-10-13,S6_12,1200.0000000000016,1200.0000000000014,73921.54932284068,74222.82693923789,62672.43517435753,309.2168879548951,1572.3787510690552,294.2575607236065,21513.791844840853,17426.171394321093,45224.53368521773,350.56563831632957,45575.09932353406,1414.7706069077256,46989.86993044178,46989.869930441775,9.094947017729282e-13,7.119105305264384e-11,0,2.2737367544323206e-13
2025-10-14,S6_12,1200.0000000000014,1200.0000000000016,75445.92781696215,75470.09336478653,66013.45948342705,410.2820776753442,1265.5884410919834,236.32226461609787,21831.587221373586,17683.58564931261,46636.46047337025,15.295246927198605,46651.75572029745,1668.2975249758979,48320.053245273346,48320.05324527334,9.094947017729282e-13,2.4556356947869062e-11,0,2.2737367544323206e-13
2025-10-15,S6_12,1200.0000000000016,1200.0000000000018,78101.57162384538,78119.02595939257,67970.92377615857,97.65328517693612,1633.9041421532659,346.05045438027435,21939.993762115562,17771.394947313605,48314.113493340694,24.304773811702034,48338.418267152396,345.9076075821887,48684.32587473458,48684.325874734575,9.094947017729282e-13,2.1586288312391844e-11,0,2.2737367544323206e-13
2025-10-16,S6_12,1200.0000000000018,1200.0000000000032,73413.28133934725,73905.21577274484,69077.32039762185,356.73803758908844,2058.9543987761886,126.83442482932185,22535.771903186567,18253.975241581113,45286.74142923924,616.5736901553391,45903.31511939458,1506.6766681901204,47409.9917875847,47409.991787584695,1.8189894035458565e-12,8.01492205937393e-12,0,1.3642420526593924e-12
2025-10-17,S6_12,1200.0000000000032,1199.9999999999998,64600.46695927454,70650.89207157314,42789.86924047367,0.0,17306.441519685926,5257.304645840957,22220.651359368927,17998.727601088838,39534.149367882725,5947.24214286761,45481.391510750334,0.0,45481.391510750334,45481.391510750334,4.547473508864641e-13,2.0101253994653234e-11,0,3.410605131648481e-12
2025-10-18,S6_12,1199.9999999999998,1200.000000000001,33621.18650079918,33637.159893229305,31878.72827351932,240.66015162093254,12339.307294937427,620.6947805485756,16225.226752566217,13142.433669578637,17917.345957068457,18.602612824124662,17935.948569892582,733.5273440688928,18669.475913961476,18669.475913961476,9.094947017729282e-13,1.2960299500264227e-11,0,1.1368683772161603e-12
2025-10-19,S6_12,1200.000000000001,1200.0000000000005,75792.6455498113,75792.6455498113,69729.32532467024,492.2555845465719,1856.1444415829396,144.68382345523025,22815.947951817318,18480.91784097203,46838.20181063315,0.0,46838.20181063315,2337.747144073409,49175.94895470656,49175.94895470656,1.8189894035458565e-12,1.1823431123048067e-11,0,4.547473508864641e-13
2025-10-20,S6_12,1200.0000000000005,1200.0000000000007,80663.74558120883,80670.48776035107,70999.36883857335,100.62295627892524,2406.345997899257,252.06827565862704,21056.81660330394,17056.021448676183,50806.07697333165,4.233414283429738,50810.31038761508,325.07889609436506,51135.389283709446,51135.38928370944,1.8189894035458565e-12,8.412825991399586e-12,0,2.2737367544323206e-13
2025-10-21,S6_12,1200.0000000000007,1200.000000000002,79955.98919613018,80009.27740704217,73012.52794236511,160.9898527171534,1715.6157702487883,466.4034157874777,23836.406626557808,19307.489367511815,49870.7314269307,59.2809845256852,49930.01241145639,462.24219219814574,50392.25460365453,50392.254603654525,9.094947017729282e-13,3.092992528763716e-11,0,1.3642420526593924e-12
2025-10-22,S6_12,1200.000000000002,1200.0,77052.49667109424,77533.6343065134,71808.4888328205,220.1004931027236,1772.0380591171077,387.48682330683823,22706.14601841712,18391.978274917874,47784.77738525523,531.0664740666616,48315.84385932189,842.5779519880549,49158.42181130994,49158.42181130994,1.5916157281026244e-12,1.5006662579253316e-11,0,2.0463630789890885e-12
2025-10-23,S6_12,1200.0,1200.0000000000018,88151.81950118902,88226.55179014541,68630.87593586298,198.04099822674948,1613.421166581679,265.29306738643527,18793.18771993836,15222.482053150065,55202.372804491184,71.05704706740653,55273.42985155859,776.8384595787993,56050.26831113739,56050.26831113739,4.547473508864641e-13,1.715516617650792e-11,0,1.8189894035458565e-12
2025-10-24,S6_12,1200.0000000000018,1200.0000000000014,75730.7645135601,76698.05189147695,44596.91688088231,0.0,17536.919748815566,4616.746430283527,21174.73676377141,17151.53677865484,47023.02793923256,1056.217434884391,48079.24537411695,0.0,48079.24537411695,48079.24537411695,9.094947017729282e-13,4.722267021861626e-11,0,4.547473508864641e-13
2025-10-25,S6_12,1200.0000000000014,1199.9999999999995,36062.139712095464,36062.13971209545,34393.49008798774,292.0667918341545,11354.392241065365,658.7439456682918,17231.515577657396,13957.527617902491,18969.12713951919,3.637978807091713e-12,18969.127139519194,1082.0457559581669,20051.17289547736,20051.17289547736,9.094947017729282e-13,5.766054300693213e-12,0,1.8189894035458565e-12
2025-10-26,S6_12,1199.9999999999995,1200.0000000000018,76467.7015398414,76513.23714052486,69371.7128376832,512.6162613773752,1333.59499303531,250.24131604610614,19769.37249111823,16013.19171780576,47457.0508643708,53.13907028849644,47510.1899346593,2160.7421840398792,49670.93211869918,49670.93211869918,9.094947017729282e-13,7.226219622680219e-11,0,2.2737367544323206e-12
2025-10-27,S6_12,1200.0000000000018,1200.0000000000011,72807.05444766532,74503.6616615471,70302.28723338283,136.54798323569008,2228.0600269783586,329.4099429897567,22783.071473598488,18454.287893614786,45525.33839006873,1446.7626593130917,46972.101049381825,598.3940269280533,47570.495076309875,47570.495076309875,9.094947017729282e-13,4.7702286565254326e-11,0,6.821210263296962e-13
2025-10-28,S6_12,1200.0000000000011,1200.0,71787.99500934962,73475.49404111352,71273.87592427114,402.0520711228259,1412.6787485241962,215.9383086236627,21446.78546445329,17371.896226207155,44685.85163742697,1806.7953398702302,46492.6469772972,1349.5185630711555,47842.165540368354,47842.165540368354,9.094947017729282e-13,2.000888343900442e-11,0,1.1368683772161603e-12
2025-10-29,S6_12,1200.0,1199.9999999999986,80354.78652544739,80473.7297900105,76155.60659513735,146.58471541668382,2216.71324299669,300.85468372212904,23538.771493869746,19066.404910034504,50196.585572102034,110.98192431422649,50307.56749641626,379.07983919856196,50686.64733561482,50686.64733561482,1.8189894035458565e-12,7.65965069149388e-12,0,1.3642420526593924e-12
2025-10-30,S6_12,1199.9999999999986,1200.000000000002,72287.26668180396,72997.67208167518,70239.22096459857,573.7792669589966,1393.7149875214782,295.0903689026509,22823.038027018185,18486.660801884726,44785.9237060045,815.1207971474796,45601.04450315198,2351.819017230816,47952.863520382794,47952.863520382794,9.094947017729282e-13,7.048583938740194e-12,0,3.410605131648481e-12
2025-10-31,S6_12,1200.000000000002,1200.000000000001,37611.02939558799,37611.462454840956,34436.5283618033,65.65848518873386,6314.0087900946855,891.5290194043807,17854.51037277,14462.153401943699,20683.332166049055,0.5043408060046204,20683.83650685506,158.59681997097897,20842.433326826038,20842.433326826038,9.094947017729282e-13,8.666400930223972e-12,0,1.1368683772161603e-12
2025-11-01,S6_12,1200.000000000001,1200.000000000001,35661.33387383059,35661.33387383058,34014.68199497094,224.39006723023982,7474.95968751243,889.2585045490544,17530.607562138743,14199.792125332386,19206.99090108503,0.0,19206.99090108503,594.5695007490815,19801.560401834115,19801.56040183411,1.3642420526593924e-12,3.2667202276570606e-12,0,0.0
2025-11-02,S6_12,1200.000000000001,1200.0000000000018,78481.05094732702,79499.43289212356,74687.06491700812,506.7182290462498,1715.7345231455124,69.9383673326488,24272.243801278386,19660.51747903549,49223.36204177303,737.4814581071478,49960.843499880175,2087.417952994325,52048.2614528745,52048.2614528745,2.0463630789890885e-12,3.001332515850663e-11,0,9.094947017729282e-13
2025-11-03,S6_12,1200.0000000000018,1200.0000000000014,82670.68030455653,82694.89768515325,75632.25774343654,132.28723209195982,1552.1218113951404,412.97902740856955,22602.70449153392,18308.190638142485,51465.91520698657,25.47435757022322,51491.38956455679,418.38707525454424,51909.77663981133,51909.77663981133,1.8189894035458565e-12,8.276046514765767e-12,0,4.547473508864641e-13
2025-11-04,S6_12,1200.0000000000014,1200.0000000000005,78426.58861849611,78591.34421745132,74304.79723678292,228.84966285665266,2436.7774021881064,139.40605211790876,23038.90216842218,18661.51075642196,49063.926621402155,159.87985779926385,49223.80647920142,764.6791428710438,49988.48562207246,49988.48562207246,3.637978807091713e-12,7.651834721400519e-11,0,9.094947017729282e-13
2025-11-05,S6_12,1200.0000000000005,1200.0000000000014,84908.24399097484,84914.79600222096,75682.81528948221,164.7595331360485,1412.9801233309133,412.8536237626655,22861.6895203053,18517.96851144729,53161.79131418378,10.257805668377841,53172.049119852156,600.8518892526448,53772.901009104804,53772.901009104804,9.094947017729282e-13,3.409272864018931e-11,0,9.094947017729282e-13
2025-11-06,S6_12,1200.0000000000014,1200.0000000000011,79595.39493061256,80461.19760254843,77143.72490532226,253.98690626598932,1226.2169372141534,382.50411486860594,23260.03268160775,18840.626472102278,49664.92622730415,1028.1835269853327,50693.109754289486,1064.725486180233,51757.83524046972,51757.83524046972,1.8189894035458565e-12,2.7284841053187847e-11,0,2.2737367544323206e-13
2025-11-07,S6_12,1200.0000000000011,1200.000000000001,35727.640176150744,35984.45273539805,34855.868249217085,273.6614769569825,7771.3555029822255,564.3870504111094,18291.186260249397,14815.860870802017,18868.537259729874,340.4798077026171,19209.01706743249,1074.1093222565826,20283.126389689074,20283.126389689074,5.4569682106375694e-12,5.002220859751105e-12,0,2.2737367544323206e-13
2025-11-08,S6_12,1200.000000000001,1200.0,37317.18325304301,37317.18325304301,35187.378132206104,114.85240401894544,7320.013388751981,783.093052222358,17936.405238161668,14528.488242910958,19880.58035082534,0.0,19880.58035082534,318.83372629683765,20199.41407712218,20199.41407712218,2.3305801732931286e-12,7.275957614183426e-12,0,9.094947017729282e-13
2025-11-09,S6_12,1200.0,1200.000000000001,81339.13420075997,81448.63570638446,77909.29285081515,202.08851351172154,1991.8608252145666,236.60960678187791,23874.17762630043,19338.08387730335,50933.37843779239,176.90466175851907,51110.28309955091,709.8522379421928,51820.1353374931,51820.1353374931,2.0463630789890885e-12,4.640554607249214e-11,0,9.094947017729282e-13
2025-11-10,S6_12,1200.000000000001,1200.0000000000011,81346.18785239378,83358.34293820875,79989.93376329895,294.27251672313344,1589.8385519226142,254.62097206270403,24112.124505456566,19530.820849419815,51022.636380294585,1969.3052001238393,52991.941580418425,981.2962689230711,53973.237849341494,53973.237849341494,1.8189894035458565e-12,1.0629719326971099e-11,0,2.2737367544323206e-13
2025-11-11,S6_12,1200.0000000000011,1200.0000000000011,84935.74056810811,84972.70455422065,77954.10828947905,94.88660160115535,1918.7611498217514,278.6440049869741,22592.47405055161,18299.903980946816,53653.33424469624,62.99107849795837,53716.3253231942,232.30891195048164,53948.63423514468,53948.63423514468,9.094947017729282e-13,3.5559111211114214e-11,0,0.0
2025-11-12,S6_12,1200.0000000000011,1200.000000000005,81553.73065900529,82519.65970716985,77028.59296364106,181.82602016515983,1535.1340803338517,235.63665444809874,23598.213152759276,19114.55265373501,51133.35975798852,1125.9980002352095,52259.35775822373,759.1964759973413,53018.55423422107,53018.55423422107,2.7284841053187847e-12,8.08597633294994e-12,0,3.865352482534945e-12
2025-11-13,S6_12,1200.000000000005,1199.9999999999995,79611.95202232615,80237.95612388165,77692.01335285898,580.5850663162332,1524.4276668115144,75.9466030957658,22507.12017158563,18230.767338984377,50070.17821161814,709.120507346619,50779.29871896476,2261.954802905207,53041.25352186997,53041.25352186997,1.8189894035458565e-12,9.549694368615746e-12,0,5.4569682106375694e-12
2025-11-14,S6_12,1199.9999999999995,1199.9999999999986,36399.95707153127,36773.478301185554,35522.54799865811,183.7105018916945,4107.503267507596,531.7322696044467,18255.619281251325,14787.051617813586,19562.492590959766,247.2937164934301,19809.786307453196,529.9764863973905,20339.762793850587,20339.762793850583,1.8189894035458565e-12,8.622436098448816e-12,0,9.094947017729282e-13
2025-11-15,S6_12,1199.9999999999986,1200.0000000000018,41429.65320003322,41433.14641436422,38222.37473420352,184.52895588320763,6049.169991491989,575.9562335316671,18788.897623138993,15219.00707474258,21832.616098946113,4.379771335610712,21836.995870281724,735.2832636773642,22572.279133959088,22572.279133959088,9.094947017729282e-13,1.0459189070388675e-11,0,3.183231456205249e-12
2025-11-16,S6_12,1200.0000000000018,1200.0000000000014,83325.14622193895,83390.08083816449,80429.93802687335,433.353362977396,1627.0746784793766,208.9055109464805,24172.45693206091,19579.690114969348,52486.20175237561,79.01788746404054,52565.21963983965,1673.2625940539203,54238.48223389357,54238.48223389357,1.8189894035458565e-12,4.558842192636803e-11,0,4.547473508864641e-13
2025-11-17,S6_12,1200.0000000000014,1200.000000000003,80137.68170113035,82116.80063904745,78705.40988026783,153.73094780617134,1350.6122215744635,359.26699348235843,23439.511998335918,18986.004718652097,50477.18147774445,1921.2446212898212,52398.426099034274,476.85472215743073,52875.28082119171,52875.28082119171,5.002220859751105e-12,2.375877272697835e-11,0,1.5916157281026244e-12
2025-11-18,S6_12,1200.000000000003,1200.0000000000005,84255.38107072026,84282.37381700918,79864.69614285798,282.6147871634265,399.98899215692524,261.78212903330075,24184.14723946248,19589.159263964604,53023.50806975669,25.762173027120298,53049.27024278381,1171.456169150358,54220.72641193416,54220.72641193416,9.094947017729282e-13,7.702283255639486e-12,0,2.5011104298755527e-12
2025-11-19,S6_12,1200.0000000000005,1199.9999999999995,83465.06072420158,85675.48947842875,81520.6393741885,252.12174382855642,1610.8153009550451,145.80820054101184,24462.24219221565,19814.41617569467,52524.43155051353,2327.957057500382,54852.38860801391,886.736014364801,55739.12462237872,55739.12462237872,1.8189894035458565e-12,1.7501111670981118e-11,0,9.094947017729282e-13
2025-11-20,S6_12,1199.9999999999995,1200.0000000000002,81420.30374517322,82461.5419982143,79927.46381233458,422.2746565555232,767.9991581555013,285.4727622468546,23701.00271133891,19197.812196184525,50973.03633793701,1164.31480990188,52137.35114783889,1904.897400722404,54042.24854856129,54042.24854856129,9.094947017729282e-13,2.6840751843337785e-11,0,6.821210263296962e-13
2025-11-21,S6_12,1200.0000000000002,1200.0,82695.92011838325,83246.00195429764,52818.79754703805,0.0,14538.15203299098,4955.731908085891,23476.471259444854,19015.941720150342,52004.24759086421,402.9665034691352,52407.21409433334,0.0,52407.21409433334,52407.21409433334,9.094947017729282e-13,1.5916157281026244e-11,0,2.2737367544323206e-13
2025-11-22,S6_12,1200.0,1200.0000000000007,44063.9883031543,44063.98830315431,38959.0118518901,352.59842227329005,5120.390621627335,381.09881354499186,18896.27029293553,15305.978937277776,23066.541195923273,0.0,23066.541195923273,1029.1794820740943,24095.720677997368,24095.720677997368,9.094947017729282e-13,5.17630383001233e-12,0,6.821210263296962e-13
2025-11-23,S6_12,1200.0000000000007,1200.0,82367.67086135305,83704.14524579399,81236.48761434894,416.18954766944546,1636.505271151033,202.6839786197263,24112.587520601417,19531.195891687148,51860.88696350859,1537.123788328172,53398.01075183676,1743.234298398716,55141.24505023548,55141.24505023548,9.094947017729282e-13,2.955857780762017e-11,0,6.821210263296962e-13
2025-11-24,S6_12,1200.0,1200.0000000000007,82637.96331839515,82733.2145188469,79777.85805930088,203.08171245085487,1164.9341528575817,144.44372778355682,23734.83258479265,19225.214393682058,52197.2905546922,64.85784429397609,52262.14839898617,775.3751903780308,53037.5235893642,53037.5235893642,1.8189894035458565e-12,1.8449242134011e-11,0,6.821210263296962e-13
2025-11-25,S6_12,1200.0000000000007,1200.0000000000016,93099.83224039614,93150.18599591007,82330.97936245752,150.6443696582387,1611.3334869758814,197.87432678658377,23703.9760615087,19200.22060982206,59544.53411208607,57.909266645459866,59602.44337873153,437.40763840470737,60039.851017136236,60039.851017136236,9.094947017729282e-13,6.220801651579677e-12,0,9.094947017729282e-13
2025-11-26,S6_12,1200.0000000000016,1200.0000000000018,89197.71304568392,89475.9009912734,82813.97153875955,266.1247825160743,1350.7771556819152,296.89374262414424,24603.99231387493,19929.23377423869,56510.29374435802,383.26242100632953,56893.55616536435,1104.0133103879814,57997.56947575233,57997.56947575233,9.777068044058979e-12,5.723421736547607e-12,0,2.2737367544323206e-13
2025-11-27,S6_12,1200.0000000000018,1200.0000000000016,86273.31523234962,86386.87390109654,82131.69834960907,206.2489289931175,1663.0073880562088,201.5689240394379,24697.253858806474,20004.775625633247,54579.51377037678,143.41196962734102,54722.925740004124,839.7737368240205,55562.699476828144,55562.69947682814,1.8189894035458565e-12,1.546585082223828e-11,0,2.2737367544323206e-13
2025-11-28,S6_12,1200.0000000000016,1200.000000000001,40731.51080469094,40915.707652267534,38425.92977400061,305.37407871145206,3827.415231146043,297.6333474365637,19394.824863839116,15709.808139709683,21604.75541624074,122.45406426892441,21727.209480509664,1127.7019212986424,22854.911401808306,22854.911401808306,9.094947017729282e-13,1.0224709967587842e-11,0,6.821210263296962e-13
2025-11-29,S6_12,1200.000000000001,1199.999999999999,50038.858813256884,50038.858813256884,41435.59027353269,307.95863376971744,2492.2430700016066,642.1035394823987,19367.116830623163,15687.364632804769,26120.807621559354,0.0,26120.807621559354,760.9756944831423,26881.783316042496,26881.783316042496,9.094947017729282e-13,1.9099388737231493e-11,0,1.8189894035458565e-12
2025-11-30,S6_12,1199.999999999999,1200.0,87992.42716817147,88288.72087384768,85054.1538578028,562.4943804176191,608.1839256578223,75.60924010629367,24673.82608310332,19985.799127313698,55496.25142200313,326.0033942479131,55822.25481625104,2384.6444101033076,58206.89922635435,58206.89922635435,1.8189894035458565e-12,2.8251179173821583e-11,0,9.094947017729282e-13
2025-12-01,S6_12,1200.0,1200.0000000000027,91130.150175691,91130.15017569107,86925.72921612568,4270.62222937117,208.72253329766954,149.42812305090695,23890.910820078687,19351.63776426375,58410.32256536738,7.275957614183426e-12,58410.32256536739,15577.419974010612,73987.742539378,73987.742539378,2.0463630789890885e-12,3.001332515850663e-11,0,2.7284841053187847e-12
2025-12-02,S6_12,1200.0000000000027,1199.999999999999,99435.28056365487,99436.19984582195,93302.80162413038,996.0305213723084,493.25233421772236,412.75938717590975,25026.37091636367,20271.36044225457,63957.06668510049,1.6018951403166284,63958.66858024081,3737.265107502191,67695.933687743,67695.93368774299,1.8189894035458565e-12,2.1827872842550278e-11,0,3.637978807091713e-12
2025-12-03,S6_12,1199.999999999999,1200.0000000000002,93063.14395978178,96649.94551924427,92932.16265747031,229.0385246454489,843.3000209099694,330.45503717998315,25393.145038732146,20568.447481373034,59506.50011690741,3545.8654146648114,63052.36553157222,603.5192624506286,63655.88479402285,63655.88479402285,9.094947017729282e-13,3.54702933691442e-11,0,1.1368683772161603e-12
2025-12-04,S6_12,1200.0000000000002,1199.999999999998,100365.37627199345,100408.95752730577,91937.21260039306,272.6355155038603,599.324391364341,162.1637351343586,24616.585470517213,19939.43423111895,64831.81433611098,63.96063926377974,64895.77497537476,1317.3086187591189,66213.08359413389,66213.08359413389,1.3642420526593924e-12,7.204015162187716e-11,0,2.2737367544323206e-12
2025-12-05,S6_12,1199.999999999998,1199.9999999999998,49262.29620978137,49357.71313097687,46879.360682476094,840.1437233568608,1901.3180237688816,402.534474655552,21600.127495132565,17496.10327105737,25802.417268332094,66.34051051771166,25868.757778849806,2982.770877823426,28851.528656673232,28851.52865667323,1.8189894035458565e-12,1.000444171950221e-11,0,1.8189894035458565e-12
2025-12-06,S6_12,1199.9999999999998,1200.0000000000005,57121.10602296924,57136.74327975502,51446.05515076384,51.116571233312754,2661.3719961781185,1069.1993955666628,21589.31322939845,17487.343715812738,30868.906390618846,19.95029466260894,30888.856685281455,161.3707754317819,31050.227460713235,31050.22746071323,9.094947017729282e-13,1.8189894035458565e-12,0,6.821210263296962e-13
2025-12-07,S6_12,1200.0000000000005,1200.000000000001,103972.64857025545,103972.90543352824,93505.7045204249,461.223514345023,1391.921872782073,151.60270601979516,25109.06424193716,20338.342035969108,67227.63202507599,0.36105985936592333,67227.99308493536,2219.4410637552805,69447.43414869063,69447.43414869063,1.8189894035458565e-12,1.7124079931818414e-11,0,4.547473508864641e-13
2025-12-08,S6_12,1200.000000000001,1200.0,107270.97333996708,107341.19182646368,94387.67286102661,25.561982401254795,1535.2703012649404,349.1381649266599,24640.08031878739,19958.46505821779,69538.117752569,98.28534644088359,69636.40309900988,168.3219810595152,69804.7250800694,69804.72508006939,1.8189894035458565e-12,6.81108502931238e-11,0,9.094947017729282e-13
2025-12-09,S6_12,1200.0,1200.0,101146.11301458578,101159.11559910262,93054.18159101938,448.2168560132285,1137.565102037159,133.37566529300614,25489.491647556784,20646.488234520995,65310.11605778378,15.71097225054109,65325.82703003432,1985.811462047588,67311.63849208191,67311.6384920819,9.094947017729282e-13,2.2538415578310378e-11,0,0.0
2025-12-10,S6_12,1200.0,1200.0000000000043,96711.84818840848,98502.52861327051,93988.86310059759,379.0252971102616,946.1294213864908,249.78810999671543,25180.802103463146,20396.449703805138,61920.3331757641,2037.1658876343572,63957.499063398456,1346.9958303192452,65304.4948937177,65304.494893717696,1.8189894035458565e-12,1.3415046851150692e-11,0,4.320099833421409e-12
2025-12-11,S6_12,1200.0000000000043,1200.0000000000014,101171.02408580459,101176.42380699764,91670.66639548018,297.5009458806172,1050.1032052769356,281.6450713814961,24606.128235275475,19930.96387057314,65188.20837952166,8.700570758373942,65196.908950280034,1042.9714164093607,66239.8803666894,66239.8803666894,9.094947017729282e-13,1.028332974328805e-11,0,2.9558577807620168e-12
2025-12-12,S6_12,1200.0000000000014,1200.0,54181.26631499763,54745.08647088381,51123.597770661276,174.97469916660714,2754.4367098288863,777.0782512638202,21329.70539685187,17277.06137145002,28643.441609359896,578.4761439292961,29221.91775328919,619.420392913271,29841.338146202463,29841.338146202463,9.094947017729282e-13,1.0363265801061061e-11,0,1.3642420526593924e-12
2025-12-13,S6_12,1200.0,1200.0000000000039,56172.86813391169,56231.18131541723,51323.17559831889,189.36166669201754,2958.510370130946,717.6791967545282,21251.654288379625,17213.83997358748,30004.17824546918,63.890949374279444,30068.069194843458,874.0446458380395,30942.113840681497,30942.113840681497,1.8189894035458565e-12,6.721734280290548e-12,0,3.865352482534945e-12
2025-12-14,S6_12,1200.0000000000039,1199.9999999999995,95524.84416960063,97920.83070806714,93906.07466563657,332.3676304196313,495.9293766640062,124.68437268659636,25468.982877397964,20629.876130692366,61066.5673916488,2369.5139421344065,63436.08133378321,1605.465477539113,65041.54681132232,65041.54681132231,1.8189894035458565e-12,5.9543481256696396e-12,0,4.320099833421409e-12
2025-12-15,S6_12,1199.9999999999995,1200.0,96182.68379459981,98269.29569649199,94646.70731211641,405.8789780325111,602.4956464826405,158.68368807996433,25378.152573261203,20556.30358434158,61454.731082720944,2202.4251385877433,63657.15622130869,1502.4951682605904,65159.65138956928,65159.65138956927,9.094947017729282e-13,2.34123831432953e-11,0,4.547473508864641e-13
2025-12-16,S6_12,1200.0,1200.000000000003,101804.76400116905,101844.77617155563,94840.76635276443,191.9418755255092,750.9463922476248,167.21025153449375,24718.2118482868,20021.751597112307,65835.50309268021,48.179349648882635,65883.6824423291,719.6348519669195,66603.31729429602,66603.31729429601,4.547473508864641e-12,3.241837093909128e-11,0,2.9558577807620168e-12
2025-12-17,S6_12,1200.000000000003,1200.0000000000036,101681.48153593048,101708.44085416733,93502.36437087102,338.03621233884314,691.524580671563,308.32746962390945,24466.849822356693,19818.148356108926,65524.083747928256,16.920665485529753,65541.00441341379,1436.2933171331176,66977.29773054691,66977.29773054691,5.002220859751105e-12,1.2713528146912623e-11,0,6.821210263296962e-13
2025-12-18,S6_12,1200.0000000000036,1200.0000000000002,97540.62115845343,97598.22773411994,92993.52265966914,174.38478348673152,799.1876653175351,207.12113640306734,25238.58776193998,20443.25608717139,62886.748487836245,100.20030576169665,62986.94879359794,512.563971435047,63499.51276503299,63499.51276503299,9.094947017729282e-13,1.2825296380469808e-11,0,3.410605131648481e-12
2025-12-19,S6_12,1200.0000000000002,1199.9999999999998,53469.577915230555,53924.03683103811,50801.684205257945,311.24589627710577,3255.0368540693785,820.3620018398999,21732.315503293557,17603.175557667775,28440.43863924931,397.8897735986393,28838.32841284795,1193.6349799636055,30031.963392811555,30031.963392811555,9.094947017729282e-13,1.4782841617488884e-11,0,4.547473508864641e-13
2025-12-20,S6_12,1199.9999999999998,1199.9999999999998,53142.48029943397,53142.48029943399,49724.292964801854,393.82257505869364,2454.131773400469,706.4929401850627,21584.93987513161,17483.80129885661,28410.55487580988,3.637978807091713e-12,28410.554875809885,1193.1580984403536,29603.712974250237,29603.712974250237,7.503331289626658e-12,5.770939282001564e-12,0,0.0
2025-12-21,S6_12,1199.9999999999998,1200.0000000000027,100632.36431400132,100644.17891823502,94613.72544581193,238.57671724832443,882.7805634719314,124.03662263698413,25303.700580445886,20495.997470161165,64502.74111348154,7.439656285976525,64510.18076976752,1169.0810929014913,65679.26186266901,65679.26186266901,1.8189894035458565e-12,1.9383605831535533e-11,0,2.9558577807620168e-12
2025-12-22,S6_12,1200.0000000000027,1200.0,97827.57836661529,97835.08125755082,94019.49479438484,504.28610461551796,690.2727951944967,85.38108274502906,25319.473356460654,20508.773418733126,63045.18613645047,5.017130923537479,63050.20326737401,2062.492849166288,65112.6961165403,65112.69611654029,9.094947017729282e-13,2.3646862246096134e-11,0,2.7284841053187847e-12
2025-12-23,S6_12,1200.0,1200.000000000001,99975.03621095512,100015.38999780586,92763.30952131725,97.16435984222562,659.2120920761324,174.8026961184155,25096.666103324205,20328.299543692592,64305.25550474371,63.05387602116389,64368.30938076488,443.7806282701299,64812.090009035004,64812.090009035004,1.8189894035458565e-12,4.226752281510926e-11,0,9.094947017729282e-13
2025-12-24,S6_12,1200.000000000001,1200.0000000000018,99597.58312742441,99621.81399409057,93916.07290223171,100.29390945797667,1194.5205573200133,102.61243638368774,25603.55000694373,20738.87550562441,64364.814184784394,35.13037616307702,64399.94456094747,351.55330729987406,64751.497868247345,64751.49786824734,1.8189894035458565e-12,2.9103830456733704e-11,0,9.094947017729282e-13
2025-12-25,S6_12,1200.0000000000018,1200.000000000001,96065.03630007058,97052.10719435135,92753.77757165025,456.59064447002635,560.9884732486889,145.0635207066539,24694.040467534673,20002.172778703083,61379.46986630725,1040.650545978795,62420.12041228604,1871.2369128533799,64291.35732513943,64291.35732513943,1.8189894035458565e-12,2.637534635141492e-11,0,9.094947017729282e-13
2025-12-26,S6_12,1200.000000000001,1199.9999999999984,51779.471459028755,51842.53806702276,49379.166489784,352.5102706095974,1789.5800282961536,850.6196083435038,21493.97205484533,17410.117364424717,27481.37940870801,47.52146179648844,27528.900870504498,1290.1699001531192,28819.070770657618,28819.070770657614,1.8189894035458565e-12,1.9745982626773184e-11,0,2.5011104298755527e-12
2025-12-27,S6_12,1199.9999999999984,1200.0000000000032,43791.11892746337,43920.10119175062,43722.25729490396,4648.572255196854,843.2166993211591,164.1686818528957,21182.29001189516,17157.654909635075,22063.666602434743,114.999543043843,22178.666145478586,18158.14933413953,40336.81547961812,40336.81547961812,1.8189894035458565e-12,2.5472957076999592e-11,0,4.774847184307873e-12
2025-12-28,S6_12,1200.0000000000032,1200.0000000000127,102244.9401147543,102244.94011475425,93516.03216498141,14.582083079363883,1194.2957379992517,769.4884247114801,25039.870186053075,20282.294850703,66498.32091885839,0.0,66498.32091885839,42.6787871653766,66540.99970602377,66540.99970602377,2.4101609596982598e-11,1.546140993013978e-11,0,9.549694368615746e-12
2025-12-29,S6_12,1200.0000000000127,1200.0,102620.881886143,103491.48505965949,94384.42405333498,6.884370445496984,1400.6784692397755,580.2483515962936,25719.028085672366,20832.412749394636,66080.9493470653,896.8917425607797,66977.84108962608,30.260250293181993,67008.10133991926,67008.10133991925,9.094947017729282e-13,2.523847797419876e-11,0,1.2732925824820995e-11
2025-12-30,S6_12,1200.0,1200.0,96863.62579943356,98179.1241309962,92044.19038057905,183.05927784811627,969.4563880879801,313.3970039385914,24842.07192842439,20122.078262023755,61931.913649036665,1874.9724489052678,63806.88609794193,658.8455541025372,64465.73165204447,64465.73165204447,1.1368683772161603e-12,2.3959501049830578e-11,0,0.0
2025-12-31,S6_12,1200.0,6000.000000000002,106905.7171718345,107018.60656181515,99761.67587472155,269.3742486828288,965.1862492904753,251.52300590728225,30778.51544670164,20610.59751182834,67385.78981979951,202.46158838266274,67588.25140818217,815.1047971593803,68403.35620534155,68403.35620534154,1.8189894035458565e-12,1.5262457964126952e-11,0,0.0
