day_index,date,s0,E_C,CVaR,cost_plan,cost_emergency,cost_total,emergency_rate,unextracted_ratio,curtailment_rate,soc_violate_count,emergency_kwh,load_kwh,pv_kwh,pv_used_kwh,curtail_kwh,unextracted_kwh,spill_kwh,plan_total_kwh,charge_kwh,discharge_kwh,final_soc,price_mean,eq_residual,ub_violation
31,2025-02-01,1200.0000000000005,22126.543613179885,25502.00117151079,20795.773682320767,368.9502017289219,21164.72388404969,0.0012963372134252179,0.1092327629637168,0.10465598555208586,0,98.91727848317277,76305.20628333333,41927.03035,37539.11566744853,4387.914682551465,5423.828178775944,993.7680918823994,49653.85871066491,24047.837382131256,19478.74827952632,1200.0,0.6514930555555556,9.094947017729282e-13,1.8189894035458565e-11
32,2025-02-02,1200.0,67151.0964967274,73687.45029263632,64787.06391658544,956.7346746454601,65743.7985912309,0.0016605019484777603,0.08337248730199869,0.03863780392723139,0,202.093004726706,121705.97265,43349.69469999999,41674.75769587606,1674.9370041239415,7698.40563217409,249.95545750717326,92337.48303907849,24000.000000000004,19440.0,1200.0,0.8363881944444445,2.2737367544323206e-13,0.0
33,2025-02-03,1200.0,80017.72682697176,167867.3511836212,69366.62050721483,56.893220689161254,69423.51372790399,0.00013069531712766558,0.10347220922444939,0.04126863594607359,0,16.023738470502053,122603.769,42386.85249999999,40637.60491527758,1749.247584722419,10002.920286200158,269.6842663566781,96672.53034582522,23419.923405349797,18970.137958333333,1200.0000000000018,0.8447902777777778,2.2737367544323206e-13,2.9103830456733704e-11
34,2025-02-04,1200.0000000000018,71100.40044535672,76726.25093890297,68954.80011033131,656.2453169361262,69611.04542726744,0.0019122226086376792,0.08091808728090237,0.05294724526418949,0,232.4843893361566,121578.09884999998,40383.2349,38245.05385718832,2138.181042811677,7770.619729218575,282.8426812211269,96030.68968058188,25666.666666666664,20790.0,1200.000000000003,0.8491895833333333,9.094947017729282e-13,0.0
35,2025-02-05,1200.000000000003,66424.42064275141,71187.3061070233,64413.77084473041,3513.1220039110776,67926.8928486415,0.006659004295406803,0.05058354053819559,0.0256529967944296,0,812.3391552429007,121991.08443333334,41242.65745,40184.65969064139,1057.997759358608,4602.306146987976,295.7697677435924,90984.2628258253,26800.53328234046,21708.43195869578,1200.0000000000023,0.8482541666666665,4.547473508864641e-13,0.0
36,2025-02-06,1200.0000000000023,72001.56869824277,76960.13163726556,69457.10469104178,552.0243147294008,70009.12900577117,0.0011537175122954453,0.10366491803473828,0.03692414680015398,0,141.04446102298203,122252.1627,41981.10548333333,40430.988981633986,1550.1165016993493,10011.959708335995,201.2629326713685,96580.01856501706,24666.666666666668,19980.000000000004,1200.0000000000005,0.8439645833333334,4.547473508864641e-13,1.4551915228366852e-11
37,2025-02-07,1200.0000000000005,21542.793273650015,23047.189780924633,20510.636161226437,150.6948075639682,20661.330968790404,0.0006199999770102734,0.11706449706026288,0.1448207741677045,0,47.22452834757144,76168.59693333332,44362.91726666666,37938.24524377017,6424.672022896491,5781.23641586384,808.0694621131418,49385.053206077966,24276.948246765227,19664.328079879837,1199.999999999999,0.6440388888888888,1.8189894035458565e-12,0.0
38,2025-02-08,1199.999999999999,16036.532002465752,16648.50558790668,15467.097439445102,3866.5586059371244,19333.656045382228,0.015235054002976632,0.030127541162988162,0.03550496217180064,0,1154.0063983684129,75746.78751666666,44169.6248,42601.38394233337,1568.2408576666273,1133.7954024631779,602.1389955311668,37633.18739917784,20557.135922203208,16651.2800969846,1200.0,0.642351388888889,9.094947017729282e-13,0.0
39,2025-02-09,1200.0,66210.11830732394,73213.14304529499,63734.89921344332,1603.8458849940876,65338.74509843741,0.0030458907966490587,0.05129497392078191,0.043302459949899896,0,370.22164082569725,121547.90356666666,41992.48759999999,40174.109587504325,1818.3780124956677,4639.95899697827,169.44909277212128,90456.40619964158,24439.08300818192,19795.657236627354,1200.0,0.8413840277777778,4.547473508864641e-13,1.4551915228366852e-11
40,2025-02-10,1200.0,60919.20878195466,65702.97991809792,58851.96011588047,913.2802936907315,59765.240409571205,0.0021433985865135017,0.06072804138133839,0.05068912367398294,0,260.374840078126,121477.56451666665,47150.92693333333,44760.88776666666,2390.0391666666665,5251.2459918664235,330.6378921216468,86471.51912724327,23333.333333333336,18900.0,1200.000000000001,0.8180638888888889,4.547473508864641e-13,0.0
41,2025-02-11,1200.000000000001,62476.951233008804,70313.13738134393,60003.68092895114,1948.7990816075271,61952.48001055866,0.0029989370516687345,0.06906454752475931,0.03624447256726198,0,364.19475904235884,121441.28161666667,46220.68448333333,44545.44015253708,1675.2443307962465,6036.198110010304,189.37930777161364,87399.3724181912,24432.359449063457,19790.211153741402,1200.0000000000032,0.8284923611111111,9.094947017729282e-13,0.0
42,2025-02-12,1200.0000000000032,61825.8745552588,68228.83334392261,59987.09279879911,2152.5095501039677,62139.60234890308,0.003891315687140458,0.06604003542326072,0.05262365823018102,0,472.2650645767217,121363.85288333334,46097.116749999994,43671.31783275124,2425.7989172487523,5804.61480674678,152.17395758186376,87895.39208366734,24833.33333333333,20115.0,1200.0000000000025,0.8264243055555556,9.094947017729282e-13,0.0
43,2025-02-13,1200.0000000000025,58375.70816415681,62490.66476154104,56253.93495254079,1187.0715003626544,57441.00645290344,0.0028453163693813875,0.06672050220505646,0.05474326166652838,0,345.166136033332,121310.28371666666,49980.80469999999,47244.692430004245,2736.1122699957514,5627.817981437944,226.528790763261,84349.15498899581,25128.331927186955,20353.948861021432,1200.0000000000018,0.8147909722222221,9.094947017729282e-13,1.4551915228366852e-11
44,2025-02-14,1200.0000000000018,17474.46280915678,20095.479011459494,16415.97509916844,1774.6986551328453,18190.673754301286,0.0073316936044186065,0.03871518905777635,0.10927594964571402,0,556.2749344083834,75872.63794999999,46070.83613333333,41036.401763891256,5034.434369442075,1574.5648659324022,645.8232182316027,40670.468212943786,21947.994089891712,17777.875212812287,1200.000000000001,0.6311,1.8189894035458565e-12,7.275957614183426e-12
45,2025-02-15,1200.000000000001,17961.519096582524,19606.430514754167,17041.457187109543,2122.5337973021587,19163.990984411703,0.006812137003113084,0.059049035453574115,0.1061786287116591,0,518.0940296374224,76054.55225,46774.46115,41808.01300636622,4966.448143633774,2375.9542893155754,407.95341619658217,40236.97035972099,19603.249685328825,15878.632245116352,1200.0,0.6378472222222222,1.8189894035458565e-12,0.0
46,2025-02-16,1200.0,62699.851494950926,67883.30060852127,60409.17461454055,2321.7892533757745,62730.963867916325,0.005158814914313781,0.06311231677678165,0.05976963230009219,0,625.6454791721535,121276.97728333331,45899.59818333333,43156.19607719352,2743.4021061398125,5569.806902326469,152.35401869615816,88252.29664799028,26500.000000000004,21465.0,1200.0000000000014,0.8303222222222222,1.8189894035458565e-12,4.3655745685100555e-11
47,2025-02-17,1200.0000000000014,63894.428544775736,67897.96131513217,62092.18071106106,358.3573765555729,62450.53808761663,0.0006711301862929131,0.12263696460705176,0.08384839684945679,0,81.18015754250972,120960.37281666666,49776.50964999999,45602.82911508598,4173.680534914015,11181.490022133108,89.75169079162913,91175.52817749829,24357.489055449398,19729.566134914014,1200.0000000000002,0.8173527777777777,2.2737367544323206e-13,4.3655745685100555e-11
48,2025-02-18,1200.0000000000002,54657.814979482755,58458.72537988045,52947.31603663575,5011.087017848847,57958.403054484595,0.010203271898192331,0.04051615908421696,0.02499644169678,0,1237.9759501470216,121331.27123333333,49239.883449999994,48009.06157418583,1230.8218758141672,3238.1936871996477,267.2791957299827,79923.5110235581,22809.49700856835,18475.69257694036,1200.0,0.8145215277777778,9.094947017729282e-13,1.4551915228366852e-11
49,2025-02-19,1200.0,55040.48541875577,58854.30657887991,53143.18762201451,2430.4805244169816,55573.6681464315,0.00503019134225674,0.029373892693694892,0.02072050630846965,0,613.0132926742413,121866.79411666666,48987.466733333335,47972.42161984935,1015.0451134839803,2369.5293718577814,141.98510371038105,80667.87049870312,25657.87799469419,20782.881175702292,1200.0000000000002,0.8164298611111112,2.2737367544323206e-13,1.4551915228366852e-11
50,2025-02-20,1200.0000000000002,57949.836062715236,63333.96577822231,55989.27416785047,1133.4301440664285,57122.704311916896,0.00181297356619254,0.07094746833203115,0.04391259966243946,0,219.56062972838652,121105.25703333333,50112.12329999999,47911.56969129229,2200.5536087077044,5934.878534623624,182.72573307056007,83651.73098000683,24000.000000000004,19440.0,1200.0000000000023,0.8168069444444445,4.547473508864641e-13,0.0
51,2025-02-21,1200.0000000000023,16407.694308934882,18727.65813543004,15526.908750577402,945.7056780633188,16472.61442864072,0.004274385460622331,0.038396829949893053,0.1273109706522874,0,324.00697537734436,75802.00203333332,50241.74,43845.41531334014,6396.324686659853,1457.08485885732,807.2284658943747,37948.05093959009,21321.88352748712,17270.72565726457,1200.0000000000005,0.62085,2.2737367544323206e-13,1.4551915228366852e-11
52,2025-02-22,1200.0000000000005,16624.179190011906,20896.748960029017,15614.51361954763,1251.5032751396056,16866.016894687236,0.005414986576918329,0.051732270786760834,0.0773221163483487,0,409.81832598508106,75682.24226666667,47837.47938333333,44138.584236643495,3698.895146689832,1934.280693487964,470.56150799930816,37390.2143492023,20271.22338777339,16419.690944096437,1200.0000000000014,0.6352840277777778,9.094947017729282e-13,0.0
53,2025-02-23,1200.0000000000014,55808.83599037774,59258.48245483118,53905.538204152595,4503.3380896763165,58408.876293828915,0.007929481080838111,0.05955381071547323,0.030212334761261197,0,960.5943146230907,121142.14093333333,49610.287249999994,48111.44464400067,1498.842605999328,4842.947036864847,162.0438946165931,81320.52304768057,22344.369165734537,18098.939024244977,1200.0,0.8153784722222223,2.2737367544323206e-13,7.275957614183426e-12
54,2025-02-24,1200.0,54124.966934174256,58686.33416123251,52245.03930011454,3051.6560772521034,55296.69537736665,0.006840666749569552,0.05906644457514131,0.04083795108157996,0,825.1827110081911,120628.98854999998,52425.954933333334,50284.98635036075,2140.968582972582,4673.207867240048,250.56203848094412,79117.81216651751,24606.435642976194,19931.212870810716,1200.000000000004,0.8082493055555555,9.094947017729282e-13,2.1827872842550278e-11
55,2025-02-25,1200.000000000004,55413.73327953747,59233.06408249676,53523.158830597094,1126.4562088470102,54649.61503944411,0.002542656938721433,0.09752414948451586,0.06915769772948728,0,307.89880308871176,121093.33288333332,55272.00965,51449.52471372399,3822.484936276004,7972.9205333082455,201.6189893397907,81753.29470137163,22330.767432647204,18087.92162044424,1200.0000000000011,0.7940965277777778,4.547473508864641e-13,0.0
56,2025-02-26,1200.0000000000011,50128.171388617266,59713.11417217123,47665.332591723505,9334.58562713493,56999.91821885844,0.018469094924115886,0.026079723210093164,0.011719936903110016,0,2235.8821899838713,121060.73411666666,52245.88608333333,51633.56759498959,612.3184883437403,1924.9555552598845,196.789127651875,73810.42888196389,23670.525617678628,19173.125750319687,1199.9999999999975,0.8055381944444444,1.8189894035458565e-12,1.4551915228366852e-11
57,2025-02-27,1199.9999999999975,50416.18483448269,53651.91099785339,48634.38180751292,2509.974186780145,51144.35599429306,0.0037425024562317585,0.05770531987652503,0.019338600223968643,0,451.3438835532948,120599.48893333334,53642.90473333333,52605.52604384297,1037.3786894903685,4409.7586309368335,62.66511055558374,76418.58047702734,23176.514366304556,18772.976636706688,1200.0000000000005,0.7979118055555556,4.547473508864641e-13,5.093170329928398e-11
58,2025-02-28,1200.0000000000005,15059.063315567395,16157.49809438567,14447.72149559101,1139.7056492602674,15587.427144851277,0.0055617542228302225,0.04645997372309952,0.13306607235340834,0,419.2734424794247,75385.10795,52092.51439999999,45160.768109778626,6931.746290221365,1651.9489593743822,471.15168865518734,35556.39030749272,19095.911903795866,15467.688642074656,1200.0,0.6166784722222222,4.547473508864641e-13,0.0
59,2025-03-01,1200.0,17749.236744048183,19326.90994975033,16971.980492166625,150.4730703076939,17122.45356247432,0.0007576978096481067,0.11228536718237322,0.20355938874762666,0,54.73924190552202,72244.16014999998,48585.39421666667,38695.38106785952,9890.013148807142,4849.419774935304,881.6267230247229,43188.3503311603,20859.28417350168,16896.020180536358,1200.0000000000032,0.6142222222222222,9.094947017729282e-13,7.275957614183426e-12
60,2025-03-02,1200.0000000000032,53883.412880986776,57560.7222949367,52103.259607565386,5538.561280429804,57641.82088799519,0.01033129764683724,0.03719302903355373,0.016548246607846723,0,1217.6510496682972,117860.41708333333,45502.110016666666,44749.1298789335,752.9801377331726,2982.760083004417,148.4213914613773,80196.7508565521,27220.70119660408,22048.767969249304,1200.000000000002,0.8122930555555556,9.094947017729282e-13,0.0
61,2025-03-03,1200.000000000002,58619.254352009564,65447.517057764366,56713.51400624434,2563.316995835644,59276.83100207998,0.005102628225645405,0.08245363243171724,0.04405073140566808,0,601.8996247602856,117958.7456,45941.59896666666,43917.83793023911,2023.761036427551,7028.0071849195965,197.84725777492918,85235.87109081866,24057.940016439698,19486.931413316153,1200.0000000000036,0.81185,9.094947017729282e-13,0.0
62,2025-03-04,1200.0000000000036,51525.945319747836,56249.21271973653,49483.481797007,4314.053343906793,53797.535140913795,0.010073381576459076,0.03337811841561167,0.017179735480510584,0,1190.0594777279484,118139.02498333334,48939.56705,48098.79823355029,840.7688164497117,2543.704103298848,303.67610471026137,76208.73266807942,23743.079936922237,19231.894748907012,1200.000000000001,0.8006277777777778,4.547473508864641e-13,2.1827872842550278e-11
63,2025-03-05,1200.000000000001,52600.478505057145,57442.07529598864,50702.43365630813,887.2443699010639,51589.67802620919,0.0017351949563596855,0.07441176746106024,0.0567212821850613,0,204.8804442196186,118073.44383333332,51942.971816666664,48996.69985472283,2946.271961943836,5935.815803235861,237.89302332157592,79769.85369070934,24864.63857768957,20140.357247928547,1200.0000000000002,0.7945006944444444,4.547473508864641e-13,6.548361852765083e-11
64,2025-03-06,1200.0000000000002,48730.67657271407,50882.27033957963,47144.16971323803,3435.309489399062,50579.47920263709,0.006877729454520849,0.04114148589833655,0.022561070960429863,0,809.3271747667968,117673.59855,51732.944416666665,50565.79378669027,1167.1506299763905,3060.3041381051007,341.7757685312265,74384.87140856612,24654.283754667707,19969.969841280843,1200.0000000000014,0.7918569444444444,4.547473508864641e-13,7.275957614183426e-12
65,2025-03-07,1200.0000000000014,15752.837355546251,17038.28380759405,14771.189908511868,86.84624590859785,14858.036154420466,0.0007977712541298129,0.0980532210528692,0.1517611891389159,0,57.184531850444785,71680.36145,50758.07591666667,43054.96995714996,7703.105959516703,3589.0594866922956,827.6823952054333,36603.17782683666,19043.31044178598,15425.081457846645,1199.9999999999982,0.6085013888888889,9.094947017729282e-13,0.0
66,2025-03-08,1199.9999999999982,13308.670439551643,14700.01195604823,12734.639987558598,3100.3021076090026,15834.9420951676,0.014097925190878723,0.023078874906976975,0.17119834895971192,0,1019.9103318575308,72344.71158333334,53281.57206666666,44159.85489887543,9121.717167791237,738.0164339808362,464.0724472217815,31978.00746160838,19005.116988449416,15394.144760644025,1200.0,0.5972631944444444,4.547473508864641e-13,0.0
67,2025-03-09,1200.0,49576.56458683095,53972.141055345666,47715.27741663806,4014.686913168043,51729.964329806106,0.007402118749833471,0.08250561088238915,0.05900556297263125,0,871.1774620955476,117692.9865,54359.461449999995,51151.9508242537,3207.510625746296,6322.405048149778,158.22941021251472,76630.00104516889,23576.359858714975,19096.851485559127,1200.0000000000018,0.7838090277777777,4.547473508864641e-13,0.0
68,2025-03-10,1200.0000000000018,49745.72293535824,53097.13822048214,47577.855124783906,6892.219649839681,54470.07477462359,0.01285157696010355,0.02761018671471678,0.02124267848366491,0,1515.7543686186632,117943.06436666666,49900.99291666666,48840.96216812228,1060.03074854439,2051.370668924944,194.73969916753128,74297.60219011929,23500.75785316363,19035.613861062542,1200.0000000000023,0.802451388888889,4.547473508864641e-13,0.0
69,2025-03-11,1200.0000000000023,42639.80698174794,45626.50484037173,40968.70630888319,20934.0549420142,61902.7612508974,0.0452282879559587,0.032031987707075424,0.0016716003149215095,0,5314.303615519017,117499.55295,53560.63415,53471.102177087465,89.53197291253575,2093.568018347905,247.86018648978563,65358.66701414426,22647.850799542415,18344.75914762936,1200.0,0.7893930555555556,4.547473508864641e-13,7.275957614183426e-12
70,2025-03-12,1200.0,48737.86119487778,50299.317856397705,47031.629575230516,1581.06449272059,48612.6940679511,0.004149011954764764,0.06964951094637575,0.05986425779315172,0,490.049082625507,118112.23683333333,55676.70215,52343.65769941987,3333.0444505801247,5231.346662604944,161.04170778001287,75109.59648564711,23361.463494601052,18922.785430626856,1200.0000000000025,0.7801680555555556,9.094947017729282e-13,7.275957614183426e-12
71,2025-03-13,1200.0000000000025,51321.24345180437,59140.90563062419,48831.23708687208,5337.010753530874,54168.24784040295,0.009552427795323185,0.04147450990819402,0.04489620177422722,0,1129.4530517357482,118237.27705,50691.65903333333,48415.79608110247,2275.862952230861,3162.4620889535145,95.99786464930037,76250.74041751881,22632.908140811734,18332.655594057513,1200.0000000000002,0.7996374999999999,9.094947017729282e-13,1.4551915228366852e-11
72,2025-03-14,1200.0000000000002,13588.482093125456,14933.356920367472,12956.974905910229,408.63814256868176,13365.61304847891,0.0020750467599410043,0.04681781446796166,0.20787897182209822,0,149.62927487770799,72108.86895,56079.44296666667,44421.706022399994,11657.736944266664,1581.9739405152704,776.0685535863909,33789.9997787775,20496.96648396604,16602.54285201249,1200.0000000000005,0.5913868055555556,4.547473508864641e-13,0.0
73,2025-03-15,1200.0000000000005,13821.657042119472,15016.696592594511,12969.000018083434,1479.8126646480066,14448.81268273144,0.007057452142380364,0.033905968739919946,0.1359628065737133,0,513.2530784913587,72724.98178333332,51800.85663333333,44757.86678254278,7042.989850790552,1101.9012505805763,366.5554333003682,32498.73964766647,18823.268639401715,15246.847597915388,1200.0000000000014,0.6047722222222222,9.094947017729282e-13,0.0
74,2025-03-16,1200.0000000000014,47571.399315799084,51016.10169040219,45334.81567797887,4895.060223285604,50229.87590126447,0.010143513159422534,0.04636798567377468,0.032808815684477535,0,1196.7643039179327,117983.21598333333,54632.16905,52839.752285195325,1792.416764804668,3349.0308420815018,327.1306950727037,72227.22301641159,24233.484658091133,19629.122573053814,1200.0000000000005,0.784895138888889,4.547473508864641e-13,0.0
75,2025-03-17,1200.0000000000005,43591.765783403294,50804.75071827287,41377.19540362024,3416.591793331276,44793.78719695151,0.006311319183072165,0.0700281386393133,0.052407495419270284,0,742.8020129915803,117693.6218,59835.490366666665,56699.66217936578,3135.8281873008746,4861.612468654908,190.84161461642202,69423.69971726813,21684.673822916713,17564.585796562536,1200.0000000000036,0.7601756944444445,4.547473508864641e-13,0.0
76,2025-03-18,1200.0000000000036,49936.5816284235,52770.54579924777,48043.01372645833,574.9622712589548,48617.97599771729,0.001622135673056507,0.08809610187945674,0.07912249142352631,0,190.2009611825301,117253.42358333332,56127.465216666664,51686.52033143668,4440.944885229979,6760.740754808446,231.95527895470866,76742.79123109524,23017.8574032525,18644.46449663453,1200.0,0.7760166666666666,9.094947017729282e-13,5.820766091346741e-11
77,2025-03-19,1200.0,41488.54520923663,50172.94737918003,39369.21629839735,7483.21386787994,46852.430166277285,0.016195027869703456,0.02583560539389835,0.011987668265910238,0,1899.3781004122422,117281.55799999999,57816.08755,57123.00747201778,693.080077982223,1669.758527392107,339.7039289247208,64630.12969637853,22955.235855219555,18593.741042727837,1200.000000000001,0.7718381944444445,9.094947017729282e-13,0.0
78,2025-03-20,1200.000000000001,47301.85028524239,50243.68767218731,45612.062417648616,6667.2700987994485,52279.33251644806,0.01273122163208729,0.06349719822376468,0.05420534566086472,0,1497.8076225034763,117648.38173333331,55439.41991666666,52434.30699684592,3005.112919820744,4640.774280547624,145.75826639377476,73086.28428286701,24123.60327337727,19540.118651435587,1200.0000000000014,0.7786381944444444,4.547473508864641e-13,1.4551915228366852e-11
79,2025-03-21,1200.0000000000014,12862.123582089409,13989.984420109997,12330.174795373954,1417.528494278944,13747.703289652898,0.007137039029978034,0.04616130877515321,0.24282328559625674,0,518.1028727543178,72593.53221666666,60560.06769999999,45854.67308515425,14705.394614845742,1455.7179751252934,405.83407726658874,31535.457155600587,18174.467602371653,14721.31875792104,1199.999999999999,0.5702902777777777,1.8189894035458565e-12,0.0
80,2025-03-22,1199.999999999999,13617.537702936237,14350.840083968005,13065.966432856832,255.32384340802255,13321.290276264855,0.001518395516694052,0.06393727083511096,0.19612784030106747,0,109.22871128814927,71936.92953333333,56055.7298,45061.64057782581,10994.089222174189,2130.566825309572,763.536193758462,33322.76772970387,19276.865612718248,15614.261146301784,1200.0000000000014,0.5873881944444445,1.5347723092418164e-12,1.8189894035458565e-12
81,2025-03-23,1200.0000000000014,48153.53927445774,50987.031498756645,46012.64536501547,854.981905376057,46867.62727039153,0.002081997393145615,0.07896957394995278,0.09857843330362123,0,245.13432573822394,117739.97726666665,58970.257150000005,53157.06158864133,5813.195561358669,5919.451243602291,110.35761937378015,74958.63213538117,24163.378526936773,19572.336606818782,1200.0000000000002,0.7671784722222222,2.2737367544323206e-13,0.0
82,2025-03-24,1200.0000000000002,44620.952109151425,51133.15235115134,42295.8643350287,1864.7477293275945,44160.6120643563,0.004371761173986762,0.05389607609130261,0.06796954441135807,0,513.3548017507145,117425.17061666667,59426.67353333333,55387.46960739015,4039.2039259431763,3779.2596987319116,262.3781569658147,70121.24022405007,23975.032425402882,19419.776264576332,1200.0000000000036,0.7674861111111111,4.547473508864641e-13,0.0
83,2025-03-25,1200.0000000000036,49360.861832381874,56920.452824372915,47196.886814572135,1449.2505087747784,48646.13732334691,0.0035880435024810992,0.09032423013716354,0.08374449006819824,0,423.5799017319016,118053.16781666665,57103.043099999995,52320.97787424814,4782.065225751846,6926.718103236447,101.19679256019617,76687.264233725,22898.62788021979,18547.888582978034,1200.0000000000002,0.7712756944444445,2.2737367544323206e-13,0.0
84,2025-03-26,1200.0000000000002,43703.77845921668,47129.91262544326,41746.37634081096,1111.1690980330031,42857.54543884396,0.0022333707137253875,0.07835038509057551,0.057923655195506144,0,262.87806859846705,117704.62779999999,62112.07293333333,58514.3146372648,3597.7582960685295,5402.123678978735,268.2262229534922,68948.27220994141,22897.301125644444,18546.813911772,1200.0000000000023,0.7566111111111112,9.094947017729282e-13,2.1827872842550278e-11
85,2025-03-27,1200.0000000000023,45555.26536574891,50240.79337167051,43460.379500180105,666.423350854581,44126.802851034685,0.002040830676107573,0.057810806968507204,0.0691143175282028,0,240.72128107328933,117952.59836666666,59235.60896666667,55141.58027956801,4094.028687098657,4135.891663920275,278.3991545831499,71541.84279374145,23985.553522171896,19428.29835295924,1200.0000000000036,0.7664159722222222,2.2737367544323206e-13,0.0
86,2025-03-28,1200.0000000000036,12928.137529609898,13528.61375332525,12443.201573071254,823.1229232013668,13266.32449627262,0.004284812269378796,0.043718149538864715,0.2638741691754068,0,308.0427264515382,71891.76726666666,61069.8865,44955.1209381761,16114.765561823891,1403.4754481588022,552.5205728257961,32102.809999108853,18516.896716238087,14998.686340152852,1199.9999999999964,0.5747680555555555,9.094947017729282e-13,1.8189894035458565e-12
87,2025-03-29,1199.9999999999964,12469.482651063981,13751.658066043927,11978.931982734754,1799.515051109236,13778.44703384399,0.0077308069779270005,0.034331585557554195,0.2913120119844049,0,557.5324826753822,72118.27746666667,64411.06828333333,45647.350387650615,18763.71789568272,1053.887986313515,542.7383764842496,30697.329272682582,16775.30691339024,13587.99859984609,1200.000000000001,0.5630868055555556,9.094947017729282e-13,1.2732925824820995e-11
88,2025-03-30,1200.000000000001,42749.410056068904,45503.47551456854,40668.20244115245,2336.1201942822468,43004.32263543469,0.0052881638743335945,0.08452556196730078,0.06769761178492811,0,623.9753408385889,117994.70585,62649.086149999996,58407.89263713678,4241.193512863217,5863.636607740333,176.0385883905701,69371.16383809096,22992.898789133877,18624.24801919844,1200.0,0.7520270833333333,9.094947017729282e-13,0.0
89,2025-03-31,1200.0,39821.91406513001,41333.06833922025,38354.20385998036,4332.432108883451,42686.63596886382,0.009735817950610418,0.032841092891143335,0.032750654427870576,0,1139.8273668904062,117075.66561666667,60124.27613333333,58155.16674296466,1969.1093903686667,2113.8543654000614,226.46191044900104,64366.13947065479,22342.903621021775,18097.751933027634,1200.0000000000011,0.7607041666666667,4.547473508864641e-13,0.0
90,2025-04-01,1200.0000000000011,48761.5624860735,55301.80860607327,46332.218212922686,2807.9044232535703,49140.12263617625,0.006314186799239968,0.06787567345624335,0.10490906771926406,0,744.86659791147,117967.1463,57758.29478333333,51698.9259245594,6059.3688587739325,5107.59004869907,128.4951045408451,75249.19884576503,23630.3153420842,19140.5554270882,1200.0000000000023,0.7731090277777778,2.2737367544323206e-13,0.0
91,2025-04-02,1200.0000000000023,45147.06112098703,47835.83324359384,43027.05710410621,2698.2651531161723,45725.32225722238,0.0055435318221914625,0.040433836696051266,0.06109140793559092,0,654.0626349491873,117986.62945,57551.29404999999,54035.40446797029,3515.8895820296957,2856.0263050373405,122.66988595551891,70634.5610115267,22940.539333964894,18581.836860511565,1200.0000000000014,0.772320138888889,9.094947017729282e-13,0.0
92,2025-04-03,1200.0000000000014,45172.97787489117,47721.81463265778,43285.6307387083,668.2706344992382,43953.90137320754,0.0017571169336603918,0.07140002767702858,0.08500622648995018,0,207.13677402865503,117884.45609999998,62020.92583333333,56748.7609648286,5272.164868504735,5057.333513015423,271.077736031222,70830.97412639395,24073.707980024024,19499.703463819464,1199.9999999999993,0.7644638888888888,9.094947017729282e-13,2.9103830456733704e-11
93,2025-04-04,1199.9999999999993,11847.485658147121,12784.762259294983,11442.508063731813,824.1769676863338,12266.685031418147,0.003081861565411994,0.05250995255638085,0.2872417354071577,0,221.07965638971865,71735.75181666667,65304.949566666655,46546.64252246043,18758.30704420624,1563.9026168130954,273.59708930658707,29782.97523948257,15670.767871296657,12693.321975750288,1200.0000000000027,0.5595027777777778,1.8189894035458565e-12,0.0
94,2025-04-05,1200.0000000000027,11869.714409365435,12499.282020423721,11286.577056973672,5242.020693029962,16528.597750003635,0.02366817942682644,0.027766584297311332,0.2445535625462245,0,1718.3747379475558,72602.74256666665,60558.62758333332,45748.79946491911,14809.828118414222,809.761023111126,220.19400546581608,29163.14856881896,15776.974612852742,12779.349436410725,1200.0,0.5755284722222221,4.547473508864641e-13,3.637978807091713e-12
95,2025-04-06,1200.0,42124.857185361514,50235.77990164332,39938.649018809156,1259.1946776350387,41197.84369644419,0.002679446363744013,0.05937041442317975,0.07314215319622766,0,314.04566478756385,117205.43058333333,62795.354316666664,58202.36689122563,4592.987425441029,3981.754021813994,197.30079769881593,67066.29994921197,22095.932117784403,17897.705015405365,1200.0000000000016,0.7556868055555556,9.094947017729282e-13,0.0
96,2025-04-07,1200.0000000000016,38139.615032113004,45252.338509998095,35933.35634331766,5622.833148174714,41556.189491492376,0.013004958350352867,0.023844620556694892,0.05022474810622735,0,1521.777048504125,117015.14203333334,63772.422750000005,60569.4688812574,3202.953868742593,1454.736366412037,277.6131582724944,61008.99626199286,22909.21386177126,18556.463228034718,1200.0000000000039,0.7517159722222222,1.8189894035458565e-12,1.4551915228366852e-11
97,2025-04-08,1200.0000000000039,44686.85748339937,49542.89577166228,42363.25169582132,1014.1383680380573,43377.39006385938,0.0020291901516261996,0.08582306005451498,0.10144424253727044,0,238.86264932463615,117713.29026666666,63360.09664999999,56932.5796382525,6427.517011747495,6123.439679640924,151.4746971184851,71349.58454931929,23856.958913001865,19324.13671953151,1200.0000000000045,0.7519159722222222,4.547473508864641e-13,7.275957614183426e-12
98,2025-04-09,1200.0000000000045,43214.601806732724,53064.6856002559,40428.209766703556,4168.585753738977,44596.79552044253,0.01012510538290717,0.04199579645613677,0.041261065877270214,0,1191.497316849433,117677.52253333332,58543.21151666666,56127.65620961052,2415.5553070561473,2845.3052125637814,174.765982710687,67752.14313498279,23019.48912018393,18645.78618734899,1200.0000000000027,0.7662708333333333,9.094947017729282e-13,1.4551915228366852e-11
99,2025-04-10,1200.0000000000027,42188.691570185205,48691.019556253785,39942.100081835204,1288.3638034083588,41230.46388524356,0.0025203150485502163,0.08021120907872414,0.04491345575081489,0,296.5621970755561,117668.70068333333,63208.06278333333,60369.17025241935,2838.892530913971,5342.4889484603045,109.45776652463519,66605.26639383857,21843.954973764317,17693.603528749096,1200.0000000000014,0.7580270833333334,4.547473508864641e-13,0.0
100,2025-04-11,1200.0000000000014,11103.061725282694,11489.51390707909,10673.303137190978,3007.698851566332,13681.00198875731,0.012973564306173873,0.02869275659642357,0.2887068177597456,0,935.2901557966029,72091.99675,66775.34658333333,47496.84876645506,19278.49781687827,803.5643489712314,363.4207587840749,28005.826009460252,16731.489862929557,13552.50678897294,1200.0000000000057,0.5514784722222222,1.8189894035458565e-12,1.8189894035458565e-12
101,2025-04-12,1200.0000000000057,11589.181162639543,12808.906999252902,11053.07404161609,481.04845501393464,11534.122496630025,0.002485811045824029,0.06388269875232758,0.24487884031048687,0,178.87194234708113,71957.17576666665,62932.01521666667,47521.29631200742,15410.718904659247,1903.6348897167916,344.9358149646713,29798.911550326957,17333.333333333332,14040.000000000004,1200.0,0.5638673611111111,4.547473508864641e-13,3.637978807091713e-12
102,2025-04-13,1200.0,39968.756408193454,44077.409422980774,38163.59850707014,1876.0096237410842,40039.608130811226,0.004177320198749412,0.04813467425006082,0.046755488558223916,0,489.9289046992436,117283.06219999999,63006.703716666656,60060.79450195065,2945.9092147160122,3092.0243014322273,200.91272556327021,64236.94248701227,22166.666666666668,17955.0,1200.0000000000011,0.7562548611111111,4.547473508864641e-13,0.0
103,2025-04-14,1200.0000000000011,42401.385496232906,46688.87550921616,40368.78627764888,1589.9253042260766,41958.71158187495,0.0030841711232274596,0.08164361439632928,0.08968835071183658,0,363.6280090188155,117901.37268333332,65373.34088333332,59510.11375898448,5863.227124348843,5572.1846584295,139.5328355385485,68250.09769141268,23740.785695340077,19230.03641322546,1200.0000000000005,0.7465972222222221,9.094947017729282e-13,2.1827872842550278e-11
104,2025-04-15,1200.0000000000005,34861.15516895671,40801.43096752712,33375.65645514747,8618.285627066061,41993.942082213536,0.016924192620853713,0.03391107042312321,0.05778991374214673,0,1981.0936106416727,117056.90516666666,66917.47633333332,63050.32114818785,3867.1551851454783,1974.493404375216,5.24462650789917,58225.62896831627,22212.634366294824,17992.233836698804,1200.0000000000014,0.738532638888889,4.547473508864641e-13,1.4551915228366852e-11
105,2025-04-16,1200.0000000000014,40972.359032807544,46735.9884982344,38929.32463977104,1948.8516417833725,40878.17628155441,0.004175948219157289,0.04321408440014402,0.055788472301614385,0,492.4482137884746,117924.88506666665,62145.29311666667,58678.302152951794,3466.9909637148653,2844.4418331229253,143.39439967394628,65822.10111834385,21474.369398003182,17394.23921238258,1200.000000000005,0.7623541666666667,9.094947017729282e-13,0.0
106,2025-04-17,1200.000000000005,37096.081464661984,40697.66874001051,35376.34165224599,3819.520537920299,39195.862190166285,0.01214892794311761,0.04327710806140427,0.016946648906078443,0,1427.3416152023533,117487.04263333333,64618.700283333324,63523.629856864565,1095.0704264687615,2561.4754649100305,162.26513333582488,59187.76876855193,20673.457942314075,16745.500933274405,1200.0000000000014,0.7477673611111111,9.094947017729282e-13,7.275957614183426e-12
107,2025-04-18,1200.0000000000014,11345.944125419675,12218.596348732406,10843.215977192414,912.8053232257089,11756.021300418124,0.004570001553701195,0.050726868198744085,0.268094999062904,0,326.7101850038615,71490.16935,65136.05216666666,47673.4023220829,17462.649844583764,1433.692770456686,362.5698132421216,28262.98609327871,15666.66666666667,12690.000000000002,1200.0000000000018,0.5594201388888889,2.2737367544323206e-13,7.275957614183426e-12
108,2025-04-19,1200.0000000000018,11039.049231965137,11725.401908663987,10634.02963339596,1002.7820414727269,11636.811674868686,0.005534961732172557,0.044270361948556304,0.2606598541496408,0,397.99372229822313,71905.41535,65120.736099999995,48146.37452605675,16974.36157394325,1242.2722973038444,360.8230577349934,28061.03773778511,16299.448847901313,13202.553566800067,1200.0000000000005,0.5579763888888889,4.547473508864641e-13,0.0
109,2025-04-20,1200.0000000000005,36654.2498936072,39420.905761461974,35073.90959571833,6697.290794020904,41771.200389739235,0.015797457788225836,0.03850469134243779,0.04774431995504683,0,1851.4275566613687,117197.81635000001,65240.07146666667,62125.22862067201,3114.8428459946545,2301.4416673954793,226.86815171553508,59770.42243834207,21162.90761349709,17141.955166932647,1200.0000000000014,0.7454388888888889,2.2737367544323206e-13,2.9103830456733704e-11
110,2025-04-21,1200.0000000000014,39386.04259692478,42044.11217036786,37760.94081253641,1356.0301976759188,39116.971010212335,0.0033323186123898917,0.09818036918671952,0.10008775326941927,0,394.8185671450709,118481.63788333331,69964.7275,62962.115116417845,7002.612383582153,6460.9364339307,167.53629317798857,65806.80524477643,21334.885883670162,17281.25756577283,1199.9999999999998,0.7339520833333333,2.751221472863108e-11,0.0
111,2025-04-22,1199.9999999999998,34619.00229189498,38506.58746373455,32942.11225598913,12657.678617893907,45599.79087388304,0.031019489231909284,0.016235789662357704,0.033899960955532514,0,3654.4370774369454,117811.00101666666,65658.0717,63432.26563295444,2225.8060670455543,907.2501657868039,181.52433678630996,55879.64519460621,21403.012556620117,17336.440170862297,1200.0000000000014,0.7509583333333334,4.547473508864641e-13,0.0
112,2025-04-23,1200.0000000000014,33952.617073329326,38164.498937706514,32508.626921844476,9685.110507352925,42193.7374291974,0.02328812656899131,0.016980157265414388,0.020317551063582278,0,2748.709566889331,118030.51476666666,66630.59805,65276.8274717221,1353.7705782779008,934.4402625252003,131.31143102638146,55031.30789185868,20845.149843430903,16884.57137317903,1200.0,0.7479125,9.094947017729282e-13,0.0
113,2025-04-24,1200.0,34851.090243095474,41575.22499230614,33078.71685533099,3239.8005765417474,36318.51743187274,0.009122195981366151,0.03495954741615633,0.05513022503763125,0,1071.837773494712,117497.77966666667,70407.67296666667,66526.08211163839,3881.5908550282793,1961.7255620213507,123.56373231713985,56114.15784847237,21731.625118948992,17602.616346348685,1200.0000000000034,0.7361847222222223,9.094947017729282e-13,0.0
114,2025-04-25,1200.0000000000034,10805.024617913694,11647.980137914476,10320.644682870587,1309.1428254645816,11629.787508335168,0.0054649169212766515,0.07652083018530688,0.29817041667545635,0,392.1805883528915,71763.3212,69762.96354999999,48961.711639781824,20801.25191021817,2124.8931196876247,220.04684081026863,27768.8194775445,15865.52918516489,12851.078639983563,1200.0000000000002,0.5406916666666667,2.2737367544323206e-13,0.0
115,2025-04-26,1200.0000000000002,10451.057050678979,11241.239553154277,10066.510455298945,1431.3748547716098,11497.885310070555,0.006047743054304821,0.03520906546747579,0.32045614616604023,0,436.04786454746557,72100.92436666667,72030.73073333333,48948.04035700558,23082.69037632775,959.9884966101928,307.55800630506707,27265.378500232495,17268.3992221243,13987.403369920681,1200.0000000000014,0.5378048611111111,2.2737367544323206e-13,0.0
116,2025-04-27,1200.0000000000014,34488.8950388402,37792.74342555386,33218.900393460455,3983.5386928645034,37202.43908632496,0.007576926077046696,0.04780824908035847,0.04408243413635829,0,886.7467718453684,117032.52253333334,68459.05135,65441.20972782605,3017.841622173945,2745.2761082335087,155.614350092412,57422.64485819409,20090.46508529611,16273.276719089848,1200.0000000000023,0.7337826388888888,9.094947017729282e-13,2.9103830456733704e-11
117,2025-04-28,1200.0000000000023,43036.19433667806,46764.2783781299,40929.47761713083,1575.4247605039263,42504.90237763476,0.0033656287390797287,0.07436824951054252,0.05233881921560344,0,395.5869174863388,117537.3008,60915.33348333332,57727.09685669095,3188.236626642378,5105.967586681936,255.32079852383742,68657.89661968726,20431.532677151496,16549.541468492716,1200.0,0.7660520833333333,9.094947017729282e-13,3.637978807091713e-11
118,2025-04-29,1200.0,35077.94548228005,39248.59993857448,33681.44919760357,2578.330799798899,36259.77999740247,0.005056731341234227,0.049897017017558054,0.07786878693949345,0,592.915699848743,117252.75871666666,69819.545,64382.78172618263,5436.763273817375,2949.2865656720383,120.9851262269217,59107.47258967858,19790.20845865435,16030.06885151002,1200.0000000000036,0.7303826388888888,4.547473508864641e-13,2.1827872842550278e-11
119,2025-04-30,1200.0000000000036,34015.06727068567,37013.20553880082,32661.06078476352,5335.864981929659,37996.92576669318,0.012476964394741795,0.04911703347530163,0.038119516340797764,0,1468.3251125724955,117682.88071666665,69426.02628333334,66779.53973994915,2646.48654338418,2747.368885943969,114.92103510894026,55935.15510918379,19146.57538939934,15508.726065413466,1200.0000000000045,0.7294423611111112,1.8189894035458565e-12,0.0
120,2025-05-01,1200.0000000000045,36246.89974779505,39366.20434493607,34701.724288631325,11916.755860057441,46618.480148688766,0.021016096775374807,0.03519592951031694,0.05279869935517653,0,2529.5937439203885,120364.58391666666,69353.20511666666,65691.4460903939,3661.759026272774,2041.9322390824268,7.207905281052263,58016.14753444365,20123.491093304183,16300.027785576389,1200.0000000000025,0.7473263888888889,1.8189894035458565e-12,7.275957614183426e-12
121,2025-05-02,1200.0000000000025,13530.195555776785,14660.600201186582,13007.016234447337,1998.005125195201,15005.021359642538,0.007838688054016215,0.04269290098748642,0.20469201001268728,0,586.0283671605669,74761.02673333333,60470.70664999999,48092.83615892393,12377.870491076073,1316.1865816836992,242.5820034079856,30829.16717394029,16780.191482103994,13591.955100504238,1200.000000000004,0.5869513888888889,9.094947017729282e-13,1.2732925824820995e-11
122,2025-05-03,1200.000000000004,13218.039722510226,14329.037788425405,12802.701218917453,1441.0736144430614,14243.774833360514,0.004460048246459244,0.05782786084884879,0.2637498943966175,0,334.0346412149602,74894.84928333333,66027.67763333333,48612.88463028776,17414.79300304557,1798.6637891520713,246.36352588456452,31103.75799397875,16372.635090060594,13261.834422949089,1200.0000000000002,0.5698243055555555,9.094947017729282e-13,3.637978807091713e-12
123,2025-05-04,1200.0000000000002,40611.96088399281,41741.23924089181,39306.55248077945,3835.5184331010987,43142.07091388055,0.007189345711770885,0.06557005062515417,0.08895380897259811,0,867.5389526219465,120670.08423333333,68935.4169,62803.34899363098,6132.067906369011,4264.214483756607,47.15573714514005,65032.96006486163,19591.545036207805,15869.151479328319,1199.999999999999,0.7461284722222222,1.2505552149377763e-12,0.0
124,2025-05-05,1199.999999999999,44170.75875178995,50054.636048167755,42031.66112680035,1190.4470192860115,43222.10814608636,0.0038814115932860878,0.07259144668664766,0.058124354703530244,0,468.14545112340136,120612.16386666667,65536.15706666667,61726.91022741745,3809.2468392492037,4910.088494171574,176.1912761660359,67640.04188216195,21771.86275630814,17635.208832609598,1199.9999999999982,0.7604611111111113,9.094947017729282e-13,3.637978807091713e-11
125,2025-05-06,1199.9999999999982,38512.80723715555,40207.08712016283,36995.63331292401,7376.291712961354,44371.925025885364,0.014049767907789196,0.038644489877588235,0.03280128024586757,0,1700.2634337578043,121017.19009999999,68147.10773333334,65911.79535462693,2235.312378706396,2308.444515742175,221.7231274486743,59735.411776801615,20000.593799976337,16200.480977980831,1200.0000000000002,0.7532361111111112,9.094947017729282e-13,2.1827872842550278e-11
126,2025-05-07,1200.0000000000002,41069.56824551702,46997.01514032014,39544.85220736842,4592.782453530422,44137.634660898846,0.009924117115927325,0.04946556446610687,0.028025885692309623,0,1202.4081636163367,121160.21501666667,66092.36906666667,64240.07188607032,1852.2971805963405,3114.2322204068714,145.70413725840558,62957.57976320478,20946.8865187342,16966.9780801747,1200.0000000000027,0.7587291666666667,9.094947017729282e-13,7.275957614183426e-12
127,2025-05-08,1200.0000000000027,44687.689143272626,49795.84097696613,42579.35409910429,1495.332462551859,44074.68656165615,0.002836859550497947,0.07776371312344459,0.06939300696307435,0,341.68690282919357,120445.47738333332,64618.964983333324,60134.860696298216,4484.104287035107,5426.546362055722,278.44890724570007,69782.50065607658,21624.082118785525,17515.50651621628,1200.000000000002,0.7616590277777777,4.547473508864641e-13,2.1827872842550278e-11
128,2025-05-09,1200.000000000002,14536.742445246608,18284.08050689524,13786.217624685232,247.39339618217213,14033.611020867404,0.00136733844136489,0.08671595932988972,0.2561025126699305,0,101.5301099561836,74253.82544999999,65754.4396,48914.56239923682,16839.877200763178,2732.0670575365816,778.5424824486518,31505.931303176832,14513.625380971629,11756.03655858702,1200.0000000000018,0.5667381944444444,2.0463630789890885e-12,1.0913936421275139e-11
129,2025-05-10,1200.0000000000018,13833.935548253989,16855.406270433894,13033.66004661503,1808.9085664680276,14842.568613083058,0.009406786686044402,0.05523640332664724,0.2207055363981087,0,702.1976907219549,74647.98705,62526.941766666656,48726.89954472119,13800.04222194547,1693.1511131503398,602.8510187849035,30652.81247835206,16515.371220315603,13377.45068845564,1200.0000000000007,0.5753076388888889,4.547473508864641e-13,1.8189894035458565e-12
130,2025-05-11,1200.0000000000007,41411.9343526208,44156.3878392,39437.54303682335,3684.1478601461276,43121.69089696948,0.006406512115145469,0.04256816487246547,0.057602462039413736,0,773.5420715744798,120743.09041666667,65259.01133333333,61499.93161027533,3759.0797230580038,2795.036067115732,143.10350679492478,65660.24341170638,22381.51106830987,18129.02396533099,1200.0000000000045,0.7607819444444445,1.8189894035458565e-12,0.0
131,2025-05-12,1200.0000000000045,40642.083865295215,45440.90831806279,38498.6915156026,1158.6146914012756,39657.30620700388,0.002097360423626235,0.060184474760286495,0.05052229118098654,0,252.62413430664049,120448.60361666666,68517.40838333333,65055.75192602399,3461.6564573093347,3776.866540737555,309.8965551957457,62754.83097228539,18567.580631663477,15039.74031164742,1200.000000000001,0.7517881944444444,9.094947017729282e-13,1.4551915228366852e-11
132,2025-05-13,1200.000000000001,43241.711982286215,47387.11026656063,40892.68881980714,1140.6783731822486,42033.36719298939,0.0026662886600864605,0.06916449964211835,0.08975375883217998,0,320.6735548878562,120269.6316,67140.41883333333,61114.31387347478,6026.104959858554,4716.160494721259,280.9559130178658,68187.58928531756,22925.41424179511,18569.58553585404,1200.0000000000018,0.7564458333333334,4.547473508864641e-13,2.1827872842550278e-11
133,2025-05-14,1200.0000000000018,41922.75636332536,46972.607556400326,39796.75349660245,4172.06729620745,43968.8207928099,0.009388280531121987,0.07242079666072893,0.06351138339211641,0,1132.1515752540067,120592.00526666666,67577.85648333334,63285.89333140293,4291.963151930403,4715.218166053457,261.10996661989486,65108.620499480676,20833.326351566302,16874.9943447687,1200.0000000000016,0.747551388888889,4.547473508864641e-13,7.275957614183426e-12
134,2025-05-15,1200.0000000000016,42557.05689058942,46289.18151505593,40695.23158128099,1206.5558393900897,41901.78742067108,0.002881959716583043,0.07328958009927672,0.05124288141208855,0,344.6775110630516,119598.30981666666,66833.25153333333,63408.523150626446,3424.728382706885,4773.786874352578,467.2425342906521,65135.95613300136,21314.829312531383,17265.01174315042,1200.0000000000043,0.7527770833333334,4.547473508864641e-13,7.275957614183426e-12
135,2025-05-16,1200.0000000000043,13118.10588724478,14582.292561137485,12388.009190568,661.1419077114633,13049.151098279464,0.0036856594412473997,0.07231089371379099,0.3000842855913999,0,275.2500033628894,74681.34474999999,71965.83821666666,50370.02106843198,21595.817148234677,2137.2806492868795,455.8085787993429,29556.828017453496,15408.763742958698,12481.098631796547,1200.0000000000014,0.5453854166666666,9.094947017729282e-13,0.0
136,2025-05-17,1200.0000000000014,13591.387981338854,17116.738466716775,12657.564032841137,1281.3147105960545,13938.878743437192,0.004879985255189358,0.06477546691843422,0.22693180344773398,0,367.33859860596925,75274.53043333333,64825.73134999999,50114.71122492619,14711.020125073803,1937.0911180900707,360.02987671548914,29904.703281093614,14816.324613088898,12001.222936602011,1200.0000000000005,0.5734159722222222,2.2737367544323206e-13,0.0
137,2025-05-18,1200.0000000000005,43920.31897849207,46242.56843746989,41734.45980240041,770.2882075498528,42504.74800995026,0.0024237251626956753,0.07459042379729273,0.0886421862786517,0,292.512208388084,120687.037,67010.8689,61070.87897627189,5939.989923728108,5152.952713203952,522.335349570568,69083.301191687,21496.670071433975,17412.302757861522,1200.0,0.75068125,2.2737367544323206e-13,7.275957614183426e-12
138,2025-05-19,1200.0,39063.50236316471,44003.236055684836,37145.84364356841,1691.399037247918,38837.24268081633,0.0026895295763163965,0.0800161652483927,0.0877906508082445,0,322.93823878011244,120072.38798333332,72557.17143333334,66187.33013239563,6369.8413009377,5039.318205617277,165.6472462095869,62978.751730651114,22166.666666666668,17955.0,1199.9999999999982,0.7317597222222223,9.094947017729282e-13,2.1827872842550278e-11
139,2025-05-20,1199.9999999999982,39812.943663086255,46349.11257766776,37896.944001349664,3545.182697690791,41442.126699040455,0.00697572341729296,0.04002853361263349,0.04916557469592593,0,840.1392312001925,120437.57771666667,65910.18289999999,62669.6708794079,3240.5120205920894,2535.051363499849,189.5508225745857,63331.10745530173,19361.777174572242,15683.039511403511,1200.000000000001,0.7565819444444445,2.2737367544323206e-13,3.637978807091713e-11
140,2025-05-21,1200.000000000001,37050.568532394966,41457.86172638378,35246.66046594773,5980.388603735298,41227.04906968303,0.013762080623731236,0.032949482445053344,0.023300293867725613,0,1655.3450494296321,120283.05128333332,68920.43599999999,67314.56958770822,1605.8664122917753,1873.870558912207,155.64502782402087,56871.01647308358,18570.338106062554,15041.973865910666,1199.9999999999995,0.7458243055555555,3.637978807091713e-12,3.637978807091713e-11
141,2025-05-22,1199.9999999999995,39473.24580861685,44398.61083482628,37212.308030117056,3225.710862285746,40438.018892402804,0.010005585957371447,0.05304618909756446,0.058302162240580734,0,1197.9656050553365,119729.68001666665,68913.0492,64895.26942504848,4017.779774951522,3235.33981725127,283.17634789116005,60990.99430688068,20189.648185133687,16353.61502995828,1200.0000000000018,0.7461930555555555,4.547473508864641e-13,0.0
142,2025-05-23,1200.0000000000018,13483.79670271796,13830.878620005393,13163.289050741632,430.0915696211299,13593.380620362763,0.0025903354344927547,0.08404361273117396,0.26178087289753516,0,194.23211756633896,74983.38438333332,68562.43549999999,50614.10128682905,17948.33421317095,2592.8404365886868,1034.4324950548416,30851.13017311945,16046.34875019992,12997.54248766194,1200.000000000003,0.5569743055555555,1.8189894035458565e-12,1.8189894035458565e-12
143,2025-05-24,1200.000000000003,13604.591254558743,14332.739430830452,12906.942897554092,972.478355122027,13879.421252676118,0.0034624881482528003,0.07413380223373348,0.289111532927795,0,258.6264589379621,74693.81781666665,70939.31643333333,50429.9419144424,20509.374518890916,2199.5944836776334,759.8648426817599,29670.601229148084,14241.539260538975,11535.646801036573,1200.0000000000005,0.553204861111111,1.1368683772161603e-13,1.8189894035458565e-12
144,2025-05-25,1200.0000000000005,39573.67921601243,43346.16450977731,37615.85280845688,1656.486022499434,39272.338830956316,0.002960987346568998,0.08139465808269536,0.0866721785603003,0,356.2656351143306,120319.8776,71774.86741666666,65553.98329178744,6220.884124879212,5204.210378088566,204.43736193635596,63937.984392061604,21682.673573360342,17562.965594421876,1200.0000000000018,0.7379618055555556,4.547473508864641e-13,0.0
145,2025-05-26,1200.0000000000018,38342.413803026626,43598.856312663906,36332.01318658647,5851.279974354559,42183.29316094103,0.014761254516835527,0.03662170820192804,0.017521933396565603,0,1762.6114271598665,119407.96936666666,64828.13641666666,63692.22212815036,1135.9142885163023,2209.332005674043,332.01542153763876,60328.48040544781,20178.93245726155,16344.935290381856,1200.0000000000023,0.7524722222222222,2.2737367544323206e-13,3.637978807091713e-11
146,2025-05-27,1200.0000000000023,36132.27416805229,38695.840743044384,34513.288557686246,3192.760317180544,37706.04887486679,0.008111697365680393,0.04318464929504284,0.024474073057728522,0,973.783533173284,120046.82734999999,70656.46005,68927.20868473582,1729.2513652641765,2448.0964380114947,192.57008752238835,56689.04293481228,20539.69093256584,16637.149655378333,1200.0,0.7429215277777778,4.547473508864641e-13,1.4551915228366852e-11
147,2025-05-28,1200.0,40936.54542963497,44820.005617348004,38802.52183980492,849.3212682761111,39651.843108081026,0.0020347206022050548,0.04957271307735608,0.0710447289828938,0,244.00745318623854,119921.84721666666,67648.02311666666,62841.98764811454,4806.035468552118,3195.0129063819722,223.7078791368183,64451.03985727577,22086.668191532117,17890.20123514102,1200.0000000000005,0.7512673611111111,2.2737367544323206e-13,0.0
148,2025-05-29,1200.0000000000005,40569.15220114378,45472.33539164198,38449.021748515166,4361.246457453865,42810.268205969034,0.008645368914495114,0.043428757010492834,0.0555170655615428,0,1041.2423036441478,120439.31426666665,66329.19076666667,62646.78873422955,3682.4020324371127,2764.9938853174963,97.73984419466046,63667.35029163845,21333.333333333336,17280.0,1200.0,0.7595125,4.547473508864641e-13,2.1827872842550278e-11
149,2025-05-30,1200.0,13896.847467878542,16741.082544666144,13022.660260716935,668.338248370891,13690.998509087825,0.003234536721122569,0.07806405119623377,0.26073403586500776,0,241.33597993598204,74612.22448333332,68015.99121666666,50281.907323386244,17734.083893280418,2370.953480039325,822.8349448855035,30371.89902019474,16258.575869783248,13169.446454524432,1200.0000000000014,0.5609930555555556,9.094947017729282e-13,0.0
150,2025-05-31,1200.0000000000014,13505.081952375907,14306.036541311496,12643.57203668368,1221.0758065139157,13864.647843197596,0.005568136237665272,0.10011704549759201,0.25124843890489307,0,416.3759434494441,74778.33258333334,66389.15103333333,49708.98047598716,16680.170557346166,3227.600681706142,542.395306858823,32238.273369580922,20080.53272168019,16265.231504560952,1200.0000000000007,0.5663548611111112,4.547473508864641e-13,1.8189894035458565e-12
151,2025-06-01,1200.0000000000007,53456.521327731505,59485.607555564435,51412.02190743908,19469.142623882297,70881.16453132138,0.03608596713060735,0.061358021182599254,0.01680124905902817,0,4627.973321910589,128248.56003333331,57023.73373333333,56065.66378060389,958.0699527294395,4650.448059698608,0.0,75792.0149650694,18877.073550273322,15290.429575721391,1200.0000000000005,0.8191805555555556,4.547473508864641e-13,0.0
152,2025-06-02,1200.0000000000005,60884.850963366895,66317.02563798842,58074.70636224444,3287.5172285821996,61362.22359082664,0.006336415395056251,0.10551767006416121,0.07597682416839462,0,811.5714863482649,128080.53698333334,59439.72953333333,54923.68765396233,4516.041879370999,9042.829749389379,0.0,85699.67232872735,22692.44598060654,18380.881244291297,1200.0,0.8099458333333333,2.2737367544323206e-13,2.9103830456733704e-11
153,2025-06-03,1200.0,56509.54043768039,65759.5224859489,53761.04996993379,1417.5655164096675,55178.61548634346,0.00229287863444885,0.05906221637786283,0.05868025200182519,0,293.66465130302174,128076.84056666667,59884.473733333325,56370.437723664654,3514.036009668681,4759.1790671158,0.0,80579.0801460609,23195.594143400536,18788.43125615443,1200.0,0.806282638888889,9.094947017729282e-13,7.275957614183426e-12
154,2025-06-04,1200.0,65735.66194379676,74424.72982128222,62810.06739464234,2167.7334018822235,64977.80079652456,0.005098065402379227,0.12747886019838264,0.10951056865550374,0,655.3045293994292,128539.84358333334,58894.58276666666,52445.00351716037,6449.579249506296,11742.027708252945,32.104181685848516,92109.60695742021,25768.10279319945,20872.163262491555,1200.0,0.8136590277777778,9.094947017729282e-13,0.0
155,2025-06-05,1200.0,56946.56485033649,67534.55782643503,53782.06386169372,4809.425513021844,58591.489374715566,0.008269983270556768,0.045724261591219846,0.031628190191575874,0,1062.3283149173005,128455.92066666666,57306.60264999999,55494.09852215273,1812.5041278472656,3643.5318967798676,0.0,79684.87122555333,21799.18683777284,17657.341338596,1200.0000000000018,0.8220694444444444,9.094947017729282e-13,0.0
156,2025-06-06,1200.0000000000018,22391.135584686817,29352.716456938357,20529.01501018421,2469.543687334692,22998.5586975189,0.009999592385401079,0.05574631578846473,0.1132377555936259,0,827.4404209456231,82747.41500000001,51892.419599999994,46016.23847217331,5876.181127826681,2301.816814472238,264.7257992925071,41290.92267203316,14845.494480986108,12024.850529598749,1199.9999999999995,0.6492826388888889,4.547473508864641e-13,7.275957614183426e-12
157,2025-06-07,1199.9999999999995,22997.7898875127,26953.391837367977,21311.453611787503,2266.3605465463993,23577.814158333902,0.008591190558458061,0.06937403194556135,0.16376062812974942,0,714.4155692361653,83156.75975,52030.246583333326,43509.74072110091,8520.505862232414,3139.6474257250916,154.31723635376272,45256.810620273754,15948.644729115704,12918.402230583715,1200.000000000001,0.6502881944444445,2.2737367544323206e-13,1.0913936421275139e-11
158,2025-06-08,1200.000000000001,57547.472195225964,65214.71509288296,54012.74249774613,4120.2184559722355,58132.960953718364,0.007229428544536082,0.08776731913978714,0.08180399710803928,0,927.2967254319967,128266.94665,63082.023383333326,57921.661724913865,5160.361658419465,7056.970759630882,3.245800000000031,80405.44964568457,20669.709928418666,16742.46504201912,1200.0,0.7970791666666668,9.094947017729282e-13,2.9103830456733704e-11
159,2025-06-09,1200.0,63972.44301778369,75375.15689939198,60421.93110193011,1136.8168043343187,61558.74790626443,0.0025261719072490777,0.1060706341228422,0.04753177578739442,0,323.7774020584227,128169.18798333332,57236.47525,54515.92394155625,2720.5513084437503,9206.839660670328,0.0,86799.13848735674,22435.853615619817,18173.041428652054,1200.0000000000018,0.81925625,2.2737367544323206e-13,0.0
160,2025-06-10,1200.0000000000018,58785.40414106237,67702.01615397091,55324.30624596289,2242.713844407609,57567.020090370504,0.0042087448894649335,0.05809067719761837,0.021435980838967264,0,536.2550911368759,127414.49178333333,55796.047549999996,54600.004543828094,1196.0430061719062,4720.808006248595,0.0,81266.18992904667,22458.683023314243,18191.533248884538,1200.0000000000018,0.8168180555555556,4.547473508864641e-13,2.9103830456733704e-11
161,2025-06-11,1200.0000000000018,62371.289580241355,66888.5109385741,59286.61113230566,6907.176985854102,66193.78811815976,0.011886998891578366,0.06334487202298342,0.02305551695188649,0,1524.3492411229092,128236.67731666667,52152.23099999999,50949.8343541008,1202.3966458992,5422.8531195381265,0.0,85608.39964394517,23279.225278758393,18856.1724757943,1200.0000000000018,0.8316965277777778,9.094947017729282e-13,0.0
162,2025-06-12,1200.0000000000018,61113.33824561381,66466.17629761207,58726.80411448963,2545.8973279781044,61272.70144246773,0.004335488064844069,0.07141542539807573,0.05428914083854234,0,553.7363958094879,127721.81298333334,55269.42154999999,52268.89213940728,3000.5294105927164,6111.781161196,16.929916666666713,85580.68690522258,23962.05989075455,19409.268511511185,1200.0000000000018,0.8219833333333333,9.094947017729282e-13,0.0
163,2025-06-13,1200.0000000000018,22465.34515780067,28844.731117231564,20721.63391024966,302.47498223819485,21024.108892487857,0.0016530053204545031,0.11421388902813721,0.09851519758977195,0,135.36392862103997,81889.59039999999,53544.276699999995,48269.35170109807,5274.924998901922,4774.535004220783,572.3138330311144,41803.45354534377,15640.683883215774,12668.953945404777,1200.0000000000014,0.6400291666666666,9.094947017729282e-13,1.8189894035458565e-11
164,2025-06-14,1200.0000000000014,21626.859569035827,23606.900741746736,20170.356940615653,1221.8754656806207,21392.232406296273,0.004824492128678406,0.06801442000126032,0.16016489637281647,0,396.82970906830656,82253.15711666667,56059.81436666666,47081.00000795018,8978.814358716494,2795.332612615956,399.910635682543,41099.117107286336,16466.033996524482,13337.48753718483,1200.0000000000032,0.6368673611111111,1.3642420526593924e-12,0.0
165,2025-06-15,1200.0000000000032,57197.78860691692,66124.4119917292,53979.89955681719,11246.266653772273,65226.166210589465,0.02077414475216419,0.07992274394275842,0.018394483515297877,0,2645.9796438709172,127368.88451666664,56741.91018333333,55698.172051839494,1043.7381314938377,6350.150286165733,9.417383333333305,79453.60698218498,21417.402588050838,17348.096096321176,1200.0000000000018,0.8178270833333333,2.2737367544323206e-13,2.9103830456733704e-11
166,2025-06-16,1200.0000000000018,59916.54226476558,62707.989024377035,57487.63349489181,2433.436573370997,59921.07006826281,0.0044520486547714455,0.07105919651223727,0.02274709722676908,0,568.1643589935729,127618.63201666667,54924.57919999999,53675.20445679822,1249.3747432017785,5950.040974977127,0.0,83733.58083147557,23201.456082229346,18793.17942660577,1200.0,0.8232416666666666,4.547473508864641e-13,0.0
167,2025-06-17,1200.0,60678.05213465097,69486.39476005945,57510.806137732914,4051.873196605828,61562.67933433874,0.006835475872492147,0.056124589640820476,0.018467797466211397,0,870.236426852941,127311.75459999999,52674.743383333334,51701.95689094527,972.7864923880588,4710.985871486442,0.0,83938.00117979042,23618.17908474842,19130.725058646218,1200.0,0.8286263888888888,9.094947017729282e-13,7.275957614183426e-11
168,2025-06-18,1200.0,61184.408960843066,70539.02005547022,57931.63170641485,1906.3714988264278,59838.00320524128,0.0037840386743372683,0.08087591833934055,0.049660859702407696,0,480.2288627451871,126909.07891666667,55980.68801666667,53200.63892302672,2780.049093639939,6816.905822324818,0.0,84288.45028655289,22333.333333333336,18090.0,1200.0,0.82005,9.094947017729282e-13,0.0
169,2025-06-19,1200.0,55533.504085938344,61736.639471667455,53111.24657528075,5128.829255070435,58240.07583035118,0.008450038632759404,0.05470082169207181,0.06286489820264977,0,1076.1045351508617,127349.06689999998,59089.562699999995,55374.9033560254,3714.659343974591,4341.221525287467,0.0,79363.0039001164,21703.807189501124,17580.08382349591,1200.0,0.8079104166666666,1.8189894035458565e-12,7.275957614183426e-12
170,2025-06-20,1200.0,20524.288341235577,22411.92367739013,19398.329856577744,101.53231289236797,19499.86216947011,0.0006919369566185927,0.12228520181603855,0.13512024381295795,0,56.141744008070475,81137.07971666666,58736.49886666666,50800.00881908313,7936.4900475835275,4719.716956414366,640.0874483878288,38595.97797871355,15553.91800176787,12598.673581431973,1200.0,0.6213069444444445,9.094947017729282e-13,3.637978807091713e-12
171,2025-06-21,1200.0,19263.529162330313,26021.94661906505,17871.92497236997,794.3230469086648,18666.24801927863,0.002663412295922208,0.091507180125506,0.1746631858839642,0,216.82324077555188,81408.0648,62073.3244,51231.399801887186,10841.92459811281,3363.0191935201065,436.1370417831737,36751.42419324453,15749.611582126265,12757.185381522277,1200.0000000000014,0.6095256944444445,9.094947017729282e-13,0.0
172,2025-06-22,1200.0000000000014,53026.55960674891,58595.51841781709,50535.50411577835,7318.489238561972,57853.993354340324,0.012966451019047968,0.0454733248907385,0.050225766354281075,0,1640.767734919144,126539.46191666665,59082.12081666666,56114.67602081336,2967.444795853306,3488.6920500089313,0.0,76719.5286113655,23404.307370644266,18957.488970221857,1200.0,0.8074916666666668,2.2737367544323206e-13,1.4551915228366852e-11
173,2025-06-23,1200.0,54031.70923684981,58385.20250985132,51166.44208407553,4721.0783704299,55887.52045450543,0.010079289504933558,0.04772326647768167,0.0460303789615636,0,1276.953987439711,126690.87308333332,59629.587083333325,56884.81459256594,2744.772490767391,3648.282816258841,0.0,76446.62835401265,22469.689654874324,18200.448620448202,1200.0,0.8048722222222222,9.208633855450898e-12,1.4551915228366852e-11
174,2025-06-24,1200.0,66010.46840566167,73913.75272002834,62881.009880853846,2217.203815819029,65098.21369667287,0.0047430522989198864,0.07305316076824031,0.04942446459807093,0,602.902871778548,127112.84501666666,50844.05276666667,48331.1126806781,2512.940085988567,6532.785985163795,33.46666666666681,89425.09696314069,24631.657090001103,19951.64224290089,1200.0,0.8405347222222221,2.2737367544323206e-13,1.4551915228366852e-11
175,2025-06-25,1200.0,56008.155693051965,63309.927810177986,53020.59108389054,7298.7630113360065,60319.35409522655,0.012157236939861267,0.04605849838630616,0.053109202916533954,0,1535.585563294684,126310.40843333333,55872.98706666667,52905.61725899018,2967.369807676477,3669.074033958867,0.0,79661.17356204853,21699.441668637905,17576.5477515967,1200.0000000000018,0.8163465277777777,2.2737367544323206e-13,1.4551915228366852e-11
176,2025-06-26,1200.0000000000018,53086.10720116207,59444.82529957529,50163.77394861263,6226.761300361694,56390.53524897432,0.012375439334924722,0.04626035018918383,0.03755345947463104,0,1567.9365490251225,126697.44536666665,59150.061533333326,56928.77209461936,2221.2894387139654,3515.5908248212418,0.0,75995.76765943343,22523.369008368558,18243.928896778532,1200.0,0.8059743055555556,2.2737367544323206e-13,5.093170329928398e-11
177,2025-06-27,1200.0,19600.400664956276,25068.392729257954,18381.524497120543,883.3446450208128,19264.869142141357,0.003943567667926798,0.12470142122763962,0.17459715303780426,0,313.7630799730152,79563.255,59791.60913333333,49352.16440310415,10439.444730229176,4710.204149049327,345.99118869220945,37771.85618799769,14833.333333333334,12015.0,1199.9999999999995,0.6051201388888889,9.094947017729282e-13,7.275957614183426e-12
178,2025-06-28,1199.9999999999995,17895.96719921066,19644.661696829022,16891.140159927767,1693.6901251079448,18584.83028503571,0.0063349666264544,0.07122411683492959,0.1366051024541996,0,510.98837172532194,80661.5728,58884.64668333333,50840.70349017724,8043.943193156094,2489.1931910208496,397.33205532877366,34948.740702392315,14485.97114708027,11733.63662913502,1200.0,0.6229888888888888,2.2737367544323206e-13,0.0
179,2025-06-29,1200.0,53365.3961719176,62807.61006074983,49986.720600720386,15611.106650449681,65597.82725117006,0.028879455171467575,0.03439365052371544,0.05024672861502083,0,3649.9244176874795,126384.80871666667,57117.04018333333,54247.095765948136,2869.9444173851894,2584.868827938725,23.9013591680025,75155.40771563,21362.363134169707,17303.514138677463,1200.0000000000018,0.8118270833333334,2.2737367544323206e-13,0.0
180,2025-06-30,1200.0000000000018,57836.40767445943,68768.9519686189,54436.101420825216,2458.5782295,56894.67965032522,0.005252014023355728,0.06593672281780212,0.04665520177507887,0,661.4770939077462,125947.32058333333,56069.6366,53453.69639097164,2615.940209028347,5381.944684337082,2.5850333333333992,81622.87196481688,23190.500782592244,18784.30563389972,1200.0,0.8101881944444445,2.2737367544323206e-13,0.0
181,2025-07-01,1200.0,55494.4604065896,66109.86875159688,52385.165042359135,48043.72082191578,100428.88586427491,0.08170326184665086,4.055935219835648e-05,0.01866094482890257,0,11564.839436268758,141546.85106666666,62680.30703333333,61510.63328192562,1169.673751407707,2.9494488219052073,0.0,72719.32765298759,22342.104503649498,18097.10464795609,1200.0000000000018,0.8907618055555555,2.2737367544323206e-13,0.0
182,2025-07-02,1200.0000000000018,64361.94116440315,69305.76709792425,61785.37017647207,2394.707408288258,64180.07758476033,0.005221088169191967,0.05019499997455396,0.03902645473956985,0,737.2106439208185,141198.65821666666,68293.89184999999,65628.6233707269,2665.268479273103,4168.600792724736,0.0,83048.12819679214,21298.437905518265,17251.734703469803,1200.0,0.8753215277777778,4.547473508864641e-13,0.0
183,2025-07-03,1200.0,74272.97538708041,99647.39289660341,70094.98322277296,1991.7704927645518,72086.75371553752,0.0026189865560549484,0.06981946107215183,0.04620583383943216,0,370.75824248137747,141565.53863333334,61805.119699999996,58949.362608715586,2855.757091284415,6495.416700062046,0.0,93031.6075248654,22583.01601403668,18292.24297136971,1200.0,0.9014361111111112,4.547473508864641e-13,0.0
184,2025-07-04,1200.0,23747.882958571052,25296.338384607996,22714.0825874508,12283.749843939779,34997.832431390576,0.04304394563174424,0.01265353901774606,0.15727278940312012,0,4123.397601932364,95795.06574999998,66914.19828333333,56390.415668640024,10523.782614693304,489.69243728965955,216.80737992742058,38700.03772090056,14275.186443451972,11562.901019196095,1200.0,0.6903083333333333,2.2737367544323206e-13,7.275957614183426e-12
185,2025-07-05,1200.0,26045.333220421435,27071.304085284664,25031.6123924981,3824.9910991349943,28856.603491633094,0.009238065850855232,0.06399182934269398,0.16883177726844478,0,885.6795621143715,95872.83489999999,67082.75493333332,55757.054193875134,11325.700739458196,2926.7440555631065,405.8717083049263,45736.214851580204,16702.620756324643,13529.122812622958,1200.0000000000014,0.68431875,9.094947017729282e-13,1.0913936421275139e-11
186,2025-07-06,1200.0000000000014,68390.8305623221,85675.21112057405,65315.470911181124,15036.87451070207,80352.34542188319,0.01921346642680259,0.054484909171731044,0.022905825678291105,0,2713.797893005787,141244.57465,61450.5931,60043.0165266238,1407.5765733761982,4783.055240722943,0.0,87786.7892859512,23768.283236093906,19252.309421236067,1200.0,0.8986708333333334,2.2737367544323206e-13,2.9103830456733704e-11
187,2025-07-07,1200.0,66137.35486162073,89931.36994277629,62029.525686208755,6294.190315389595,68323.71600159835,0.00951193734329886,0.060760597741894816,0.04933041761212748,0,1345.8953235201761,141495.39415,68085.91138333332,64727.2049412912,3358.706442042137,5143.165368062135,0.0,84646.39189215694,21478.59283634844,17397.660197442237,1200.0,0.8773902777777778,2.2737367544323206e-13,0.0
188,2025-07-08,1200.0,80784.9352999632,104514.84866082114,76207.6739248255,0.0,76207.6739248255,0.0,0.15387068219570593,0.09783124727164244,0,0.0,141285.227,65713.83998333334,59284.97305475471,6428.866928578627,15741.886457664163,0.0,102305.95090000499,24020.055247871198,19456.244750775666,1200.0,0.8836034722222222,9.094947017729282e-13,5.820766091346741e-11
189,2025-07-09,1200.0,72317.51494086582,96196.49405453789,68186.54323296664,618.3803278139131,68804.92356078055,0.001012853224933616,0.09079056049677593,0.08607461995984418,0,142.39774892117885,140590.70496666664,66531.97995,60805.265060627775,5726.714889372222,8406.010791372024,0.0,92586.83662020712,23883.071956407344,19345.28828468995,1200.0000000000018,0.8791770833333333,9.094947017729282e-13,2.9103830456733704e-11
190,2025-07-10,1200.0000000000018,65550.51499237322,73656.84625980876,62910.11735969797,2529.3283958311513,65439.44575552912,0.004637424977550615,0.0628238903462576,0.0481062970278545,0,651.3891392653861,140463.54225,67609.91886666667,64357.45602763766,3252.4628390290113,5343.176825516721,0.0,85050.07881663305,22380.025831680898,18127.820923661533,1200.0,0.8775076388888888,4.547473508864641e-13,1.4551915228366852e-11
191,2025-07-11,1200.0,32451.074635787874,49192.50533828849,29720.983795241642,294.9471757398783,30015.93097098152,0.0010401655335382219,0.14373344083633705,0.12899762568644013,0,98.54641476357784,94741.0884,62222.31125,54195.78083402732,8026.530415972672,7388.9087448713835,718.6486610707374,51407.02610246984,15014.250238519104,12161.542693200476,1199.9999999999995,0.7069465277777778,4.547473508864641e-13,1.4551915228366852e-11
192,2025-07-12,1199.9999999999995,26596.374085483374,29002.852356599124,25361.18830109272,2916.8293322468453,28278.017633339565,0.009639044831292227,0.05664800058827855,0.13732227230894017,0,918.7780522786493,95318.37109999999,64234.12776666666,55413.351381965214,8820.776384701454,2522.1704652130798,236.7119467593942,44523.5566837457,14623.329505353131,11844.896899336036,1200.000000000002,0.6942819444444444,4.547473508864641e-13,0.0
193,2025-07-13,1200.000000000002,68899.81497005596,91217.47649764203,65530.28345161586,832.6546978325587,66362.93814944843,0.0017075393094700552,0.10948876924811089,0.08746672331947115,0,238.8734224043924,139893.36648333335,70625.64608333333,64448.25223810352,6177.393845229808,9800.003455673193,0.0,89506.92863727009,23687.81241458677,19187.128055815287,1200.0000000000018,0.8542875,2.0463630789890885e-12,0.0
194,2025-07-14,1200.0000000000018,63870.00119168323,73099.71399714255,61100.72678137924,3473.7866822866454,64574.51346366589,0.004891694902839173,0.06339962132622066,0.06263245180559715,0,690.0343378540342,141062.42346666666,69254.74424999999,64917.14981845291,4337.594431547081,5419.7620351393525,49.04598333333331,85485.7161883057,24008.783470912167,19447.11461143886,1200.0,0.8722152777777779,9.094947017729282e-13,2.9103830456733704e-11
195,2025-07-15,1200.0,70855.10465051405,76540.42496475461,68134.5446226044,350.3439731626452,68484.88859576704,0.0005367030926841871,0.12223344754417813,0.06862640866361769,0,74.89432037231796,139545.16266666667,66796.11208333334,62212.13479836169,4583.9772849716455,11409.05442177293,40.047620946151824,93338.23639106163,24373.688423209886,19742.68762280001,1200.0,0.8721083333333334,9.094947017729282e-13,4.3655745685100555e-11
196,2025-07-16,1200.0,65849.2731963733,74912.22744079484,63075.78198471306,4902.115606340552,67977.89759105361,0.009316153060636857,0.06217609179757839,0.06299774409380997,0,1307.6642967080454,140365.26538333332,68230.702,63932.321696062994,4298.380303937009,5254.918297993985,0.0,84516.70322255044,21771.081757864013,17634.576223869844,1200.0,0.8758020833333333,4.547473508864641e-13,4.3655745685100555e-11
197,2025-07-17,1200.0,62623.22908993853,76305.03122285864,59770.548594720975,7875.172142525373,67645.72073724635,0.011673888242315536,0.04625518821439882,0.04772083649825512,0,1629.3147675475693,139569.15928333334,66848.74321666667,63658.66527151027,3190.0779451563913,3809.6868916349413,0.0,82362.36925415904,22481.595359203267,18210.09224095465,1200.0,0.8748208333333334,4.547473508864641e-13,7.275957614183426e-11
198,2025-07-18,1200.0,30378.584438745595,33570.6854413255,28790.734996183648,304.6165336425835,29095.351529826232,0.0008629848641715097,0.1592927464905692,0.1294994607676893,0,80.86001897363417,93698.0732,62423.8251,54339.97341049345,8083.8516895065495,8133.391802161167,801.1085594098586,51059.39838034431,14987.674990738793,12140.016742498417,1200.0000000000005,0.6942027777777777,4.547473508864641e-13,0.0
199,2025-07-19,1200.0000000000005,29399.991954579986,33588.95813831589,27918.6772391529,695.6382739458272,28614.31551309873,0.0021293126497364165,0.13410245887336247,0.17308960369775814,0,201.35743376260274,94564.52240000002,67381.70335,55718.631020668596,11663.0723293314,6597.252812953144,667.1959880429122,49195.614072842276,17298.05961198645,14011.428285709026,1200.0000000000016,0.6802993055555555,9.094947017729282e-13,0.0
200,2025-07-20,1200.0000000000016,69339.32953162616,87362.01752204722,65441.485919740066,1516.1790269392318,66957.6649466793,0.002516577759831209,0.10889100740721615,0.07046171558372367,0,349.17652002479133,138750.53876666666,66660.56055,61963.54309187431,4697.017458125691,9865.933513556145,0.0,90603.74909252915,22631.560127397042,18331.56370319161,1200.0,0.8676124999999999,2.2737367544323206e-13,1.4551915228366852e-11
201,2025-07-21,1200.0,71759.51831014063,91849.97502878215,68001.67429063546,1487.4720431865283,69489.14633382199,0.002443572977715521,0.09660557302458134,0.07615350826814418,0,338.2951334220193,138442.8198,64453.070449999985,59544.74301657864,4908.327433421353,8845.226432877076,0.0,91560.20875344743,21869.477213531718,17714.276542960688,1200.0,0.8791791666666667,2.2737367544323206e-13,0.0
202,2025-07-22,1200.0,66497.38221544558,89345.77549044734,61942.58920138032,3892.9017308155107,65835.49093219583,0.006247097321893587,0.05592362040403721,0.044265500183699895,0,871.5629008779601,139514.85881666664,65719.71419999999,62810.59817900718,2909.116020992804,4753.904492232297,0.0,85007.0946388354,23265.749525376916,18845.2571155553,1200.0000000000018,0.8751333333333333,2.2737367544323206e-13,1.4551915228366852e-11
203,2025-07-23,1200.0000000000018,74744.46094059767,96997.64274749553,70525.57836546657,697.5516867565134,71223.13005222309,0.0011729442130925503,0.11119103694123247,0.10506958102596196,0,163.5671099853289,139450.03365,65233.48653333333,58379.431434413265,6854.055098920065,10720.486706051073,0.0,96415.02589563173,25197.38991568024,20409.88583170099,1200.0,0.8755840277777778,4.547473508864641e-13,0.0
204,2025-07-24,1200.0,72033.14082741019,83780.62447592044,68387.94757808965,458.27204859045133,68846.2196266801,0.0009618767327424602,0.09848517637652908,0.08165168840422735,0,133.60681115561383,138902.21751666663,65285.74551666666,59955.054166502116,5330.691350164549,9110.087291749187,0.0,92502.11683552711,24097.226340889403,19518.753336120415,1200.0,0.8774458333333334,4.547473508864641e-13,1.1641532182693481e-10
205,2025-07-25,1200.0,26185.32488802805,29971.744913380393,24717.495249410218,1222.2056168497143,25939.700866259933,0.0035253533307157475,0.07480038333117466,0.1650429532166273,0,325.583441685358,92354.83968333332,65849.52011666667,54981.52084871429,10867.999267952375,3270.669591368194,588.5668975463797,43725.305215181594,14833.333333333332,12015.0,1200.0000000000014,0.67696875,4.547473508864641e-13,3.637978807091713e-12
206,2025-07-26,1200.0000000000014,25748.611614596935,31052.65039771883,24323.610299119515,1055.193660430065,25378.80395954958,0.003905945528734063,0.0588719253145876,0.1476471067811675,0,363.9860408281595,93187.68993333331,64718.598366666665,55163.084562895936,9555.513803770726,2602.454434652056,266.9579995759782,44205.35630091252,19343.813353027675,15668.488815952416,1200.000000000005,0.6880090277777778,9.094947017729282e-13,0.0
207,2025-07-27,1200.000000000005,64841.5637478717,72076.271421041,61586.06057629991,4901.193555712101,66487.254132012,0.00846181276914974,0.0566982100305983,0.055389957046637725,0,1168.6626224600868,138110.19628333332,64425.00648333333,60856.508141492144,3568.4983418411903,4824.398637488721,0.0,85089.08191078942,21998.198704840044,17818.54095092044,1200.0,0.87713125,4.547473508864641e-13,0.0
208,2025-07-28,1200.0,70422.59250541533,92154.77756271264,66501.23934115432,2998.778053408534,69500.01739456285,0.004150830151481055,0.06995853050473129,0.043611305817343064,0,573.7650945061074,138228.99843333333,60274.121199999994,57645.48806747519,2628.6331325248007,6363.598342041234,0.0,90962.43583348088,24153.116947829592,19564.024727741962,1200.0000000000055,0.8862368055555556,1.8189894035458565e-12,0.0
209,2025-07-29,1200.0000000000055,66639.78924408394,87862.88381596789,62699.65498410957,5781.6150345337,68481.27001864326,0.009538774041309626,0.06340053308209577,0.025188710264852247,0,1319.3531002492173,138314.74511666666,62245.49916666666,60677.6153228664,1567.8838438002686,5448.320002691846,0.0,85934.92416912256,21941.197225682496,17772.369752802828,1200.0,0.8846277777777778,4.547473508864641e-13,0.0
210,2025-07-30,1200.0,62571.74820306697,86669.55860633057,58578.360060585306,12580.206627270596,71158.5666878559,0.02184388764154098,0.03959050715226307,0.00854144545137878,0,3023.7262635334546,138424.36443333334,64321.11038333333,63771.715127621974,549.3952557113549,3112.93988220963,0.0,78628.4416675296,20455.677595484514,16569.098852342457,1200.0,0.8796965277777778,2.2737367544323206e-13,2.9103830456733704e-11
211,2025-07-31,1200.0,66044.5211778597,85801.0266456281,61983.01488835261,4474.540462118167,66457.55535047078,0.007259346071944232,0.0602214844395499,0.03595070500142159,0,997.6033926226439,137423.31371666666,62728.31745,60473.190214119524,2255.1272358804763,5137.304789982327,0.0,85306.84419011846,22194.838369534886,17977.819079323257,1200.0,0.8814312499999999,4.547473508864641e-13,0.0
212,2025-08-01,1200.0,25367.3557865604,28189.011254368765,24270.13462474562,1029.0372346143715,25299.17185935999,0.004096376068937964,0.08361451364074504,0.2164498309800666,0,379.81363000895,92719.4241,71468.06443333333,55998.81396626582,15469.250467067508,3622.149172926651,378.15124630906575,43319.62257759987,15676.450813889081,12697.925159250153,1200.0,0.6663972222222222,2.2737367544323206e-13,0.0
213,2025-08-02,1200.0,26777.70388280028,29756.78512988281,25325.89333753934,576.8433431477177,25902.736680687056,0.001442401995638038,0.14409829153424342,0.22364142241543147,0,132.0695637832174,91562.24421666667,70635.21928333332,54838.25837018275,15796.960913150579,6745.922217497608,402.8064604942484,46814.72726478864,16179.380547874189,13105.298243778092,1200.000000000001,0.6621874999999999,9.094947017729282e-13,1.4551915228366852e-11
214,2025-08-03,1200.000000000001,55414.049345988395,62869.9143761556,52871.53345710205,3224.7021844597143,56096.23564156176,0.004520883255268285,0.05287733735780718,0.053558227549060394,0,624.1643818162444,138062.48614999998,75223.00616666666,71194.19528546795,4028.8108811987063,3918.478292100543,0.0,74105.06065358814,20749.767783009484,16807.311904237682,1200.0,0.83336875,9.094947017729282e-13,2.1827872842550278e-11
215,2025-08-04,1200.0,58392.81211664927,59995.157736455905,55838.86083899546,2104.6902464754276,57943.551085470885,0.004161569253017221,0.06788623914404197,0.03843026317232613,0,575.5954116031495,138312.10695,72896.45186666667,70095.02203710185,2801.4298295648045,5209.888051244111,0.0,76744.39057066775,20489.54220067711,16596.52918254846,1200.0000000000018,0.8447847222222222,2.2737367544323206e-13,0.0
216,2025-08-05,1200.0000000000018,58109.7405563809,65368.04216602589,55539.69656685014,2380.239472573013,57919.936039423155,0.005787156794279905,0.06152762609975703,0.04780318932129396,0,789.7067196904684,136458.49728333333,71306.18755,67897.52436676766,3408.6631832323446,4713.943335960054,0.0,76615.06927501416,21736.103906204793,17606.24416402589,1200.0000000000018,0.8445958333333334,9.094947017729282e-13,2.9103830456733704e-11
217,2025-08-06,1200.0000000000018,63036.92222412479,74165.5438294322,59429.768822332204,6160.434631985639,65590.20345431785,0.010405311965128304,0.07049303455103909,0.05025808980991454,0,1422.5735442108717,136716.08779999998,68601.68853333333,65153.89870991328,3447.789823420051,5638.356873825728,0.0,79984.5957793658,22140.122945601277,17933.49958593704,1200.0,0.8577486111111111,9.094947017729282e-13,1.4551915228366852e-11
218,2025-08-07,1200.0,59880.91192426688,66098.43796169209,57268.99505153837,3056.613357799494,60325.60840933786,0.005425828384086421,0.0946243053736783,0.10847073142822525,0,742.5287079688816,136850.75446666667,73462.76921666667,65494.20890699192,7968.560309674744,7807.921963738768,0.0,82514.9725845248,21542.28299515892,17449.249226078726,1200.0,0.8411048611111112,4.547473508864641e-13,1.4551915228366852e-11
219,2025-08-08,1200.0,23873.04979537656,25243.305851732228,22928.14335855273,518.8170778335387,23446.960436386267,0.0019180703596558021,0.06254836725999628,0.27283193611120626,0,173.97515035883276,90703.21611666666,74928.04486666666,54485.28131666666,20442.763549999996,2623.875750277243,463.3795158738651,41949.54824912561,14833.333333333332,12014.999999999998,1199.9999999999995,0.6379520833333333,9.094947017729282e-13,0.0
220,2025-08-09,1199.9999999999995,23528.182216387344,24302.95856059506,22536.540733137655,1797.0706467522098,24333.611379889866,0.006086998958122618,0.043601109186658375,0.24534341317824063,0,549.6793297767301,90303.83174999998,71381.90275,53868.823090157755,17513.07965984224,1800.3044488134774,454.91053672955377,41290.33601201039,16577.85103369394,13428.059337292092,1200.0000000000005,0.6529750000000001,4.547473508864641e-13,1.4551915228366852e-11
221,2025-08-10,1200.0000000000005,58220.21781490061,69301.66148375144,55338.05618647945,2268.1643604429237,57606.22054692238,0.003864076458562494,0.051519006592580095,0.040677913350656694,0,527.5833976890325,136535.44471666665,71230.82566666667,68333.30431230227,2897.5213543643995,3878.0138518301637,0.0,75273.45941465971,19583.623979758777,15862.735423604605,1200.0,0.8486909722222223,9.094947017729282e-13,0.0
222,2025-08-11,1200.0,53788.05430101155,59359.98747831714,51291.39994095194,6098.009558915024,57389.40949986696,0.010588130284025051,0.030519604773702455,0.054737712140238766,0,1444.4566997560642,136422.26351666666,71861.01018333333,67927.50289381127,3933.5072895220665,2243.3534380931974,0.0,73505.3240278592,22166.666666666664,17955.0,1200.0000000000018,0.8396298611111112,2.2737367544323206e-13,3.637978807091713e-11
223,2025-08-12,1200.0000000000018,58704.21076478867,62153.88617252169,57061.09511602859,6326.74584618473,63387.84096221332,0.010732680600859355,0.057730819752455545,0.0746735907547441,0,1466.4876834501342,136637.5967,68877.05305,63733.756178151496,5143.296871848499,4625.6667893467475,0.0,80124.73769091071,21377.46349034529,17315.745427179685,1200.0,0.8573708333333333,2.2737367544323206e-13,7.275957614183426e-12
224,2025-08-13,1200.0,56011.664515051794,60859.22478011261,53575.0485994965,5913.510628002155,59488.559227498656,0.008748545698144091,0.04868231382678989,0.03290739350478538,0,1194.5963933484422,136547.99718333333,70427.01773333334,68109.44814741402,2317.5695859192983,3639.577008516412,0.0,74761.7917559529,20411.90581508229,16533.643710216653,1200.0,0.8531652777777778,2.2737367544323206e-13,7.275957614183426e-12
225,2025-08-14,1200.0,57329.59905103055,65631.28855002853,54455.050957404994,4194.438034328699,58649.48899173369,0.006588716808087515,0.052505102637168365,0.032522355542514,0,895.6441728194716,135936.05536666664,70009.76438333333,67732.88193461092,2276.8824487224,3957.520626917323,0.0,75374.01944084182,21626.155550990712,17517.18599630248,1200.0,0.8501201388888889,9.094947017729282e-13,0.0
226,2025-08-15,1200.0,24985.520021796256,27689.388057831096,23466.838410516684,1858.6484437841993,25325.486854300885,0.007039444854377951,0.07429404975440829,0.26586952632332755,0,633.3251813039399,89968.05776666666,72808.33088333334,53450.81443898939,19357.516444343935,3112.4314841699097,250.2426700726752,41893.41534697039,13930.647612391978,11283.8245660375,1200.0000000000045,0.6512152777777778,1.7053025658242404e-13,0.0
227,2025-08-16,1200.0000000000045,25910.934768203657,28627.189753582385,24772.64904885561,2119.0543101724097,26891.70335902802,0.005669305849986668,0.11210253961439565,0.2640375903379571,0,511.27801618570516,90183.53034999999,73254.24998333334,53912.37433571966,19341.87564761367,4965.703304847892,437.81169627545376,44296.08215771608,16487.837676305826,13355.148517807716,1200.0000000000055,0.6473409722222221,4.547473508864641e-12,1.4551915228366852e-11
228,2025-08-17,1200.0000000000055,57954.034580132866,63257.94819484276,55037.88361085209,3322.6353951461847,58360.51900599828,0.004440418131444751,0.0734652741827784,0.08873017641617567,0,601.0954793442568,135369.1165,72203.72288333334,65797.0738139905,6406.649069342827,5799.890023449272,0.0,78947.36782740917,21981.739985761415,17805.20938846675,1200.0000000000018,0.8399,2.2737367544323206e-13,0.0
229,2025-08-18,1200.0000000000018,58048.89874245713,61345.58051619167,55654.85241893566,2337.66423619555,57992.516655131214,0.004278931681830028,0.06033681367294223,0.05891711015463045,0,580.6945661418333,135710.17471666663,71316.0591,67114.32299021116,4201.736109788835,4636.47704805936,0.0,76843.25316201718,22061.152387600778,17869.533433956633,1200.0000000000018,0.8475611111111111,1.8189894035458565e-12,0.0
230,2025-08-19,1200.0000000000018,56615.78781065715,60392.78942301619,54314.58461671836,3177.9955010581284,57492.58011777649,0.005867789049600739,0.04521635508839119,0.0570507075593258,0,794.2902303676899,135364.48288333332,71046.82283333334,66993.5513208496,4053.2715124837314,3378.86646773956,0.0,74726.64395735532,19848.08503947228,16076.94888197255,1200.0,0.8429152777777777,2.2737367544323206e-13,0.0
231,2025-08-20,1200.0,62117.86359118366,67291.5945685956,59849.64342841951,3714.113668437321,63563.75709685683,0.005417265987687651,0.06887010170725766,0.06183504384165472,0,731.59122783185,135048.05366666667,64397.36259999999,60415.34886034206,3982.0137396579353,5797.404990632764,0.0,84178.83590872964,23580.617576863904,19100.300237259762,1200.0,0.866348611111111,2.2737367544323206e-13,0.0
232,2025-08-21,1200.0,59716.24105690613,67340.76320508924,56979.56197043639,1249.3305054728435,58228.89247590923,0.002282344000530804,0.06214500077579781,0.07863364387011428,0,308.05207546026514,134971.7989,69127.38041666667,63691.64260330858,5435.737813358079,4981.886845209392,0.0,80165.52873146915,22165.98771067697,17954.450045648344,1200.0000000000018,0.8472069444444443,2.2737367544323206e-13,1.4551915228366852e-11
233,2025-08-22,1200.0000000000018,24601.587871635777,27703.180387920922,23403.94134016991,2504.9244169753033,25908.865757145213,0.007840441306833897,0.050813602061562206,0.23234567435523382,0,709.80871860731,90531.7304,69301.161,53199.33601385437,16101.824986145628,2115.182035255315,228.52819909320363,41626.29590188683,14000.0,11340.000000000002,1200.0000000000005,0.6604708333333333,4.547473508864641e-13,1.8189894035458565e-11
234,2025-08-23,1200.0000000000005,24036.98277582571,24843.78480573294,23063.762483328377,963.9254726217566,24027.687955950132,0.0034854635366712437,0.04484442826893332,0.22176545510471865,0,312.6361325397517,89697.14623333333,67167.14008333333,52271.788694670526,14895.351388662806,1899.8201983113167,425.74287110928793,42364.687691368046,15402.122188549394,12475.718972725008,1200.0000000000005,0.6591965277777778,4.547473508864641e-13,0.0
235,2025-08-24,1200.0000000000005,57028.47031481097,60403.863791941716,55139.46998629098,2194.920463500213,57334.390449791186,0.0039013193225155094,0.05316123528528112,0.05202641749487139,0,526.9436768077244,135068.0714,71334.48191666666,67623.20437868981,3711.277537976853,3985.7725108944696,0.0,74975.16732832618,21428.79722594336,17357.32575301412,1200.0,0.8410215277777777,2.2737367544323206e-13,7.275957614183426e-12
236,2025-08-25,1200.0,72793.7411775847,81373.74694881919,69583.65702708797,968.2381826520214,70551.89520974,0.001815501686653907,0.15039790312967932,0.1140097342485129,0,244.20606163766385,134511.61375,63738.52673333333,56471.71423907426,7266.812494259068,14595.717500024135,0.0,97047.34704604957,24504.926824933595,19848.990728196208,1200.0,0.8601569444444443,2.2737367544323206e-13,4.3655745685100555e-11
237,2025-08-26,1200.0,57249.5552880017,63183.907440402814,55141.25405950524,2192.6306180036877,57333.884677508926,0.004946223958966068,0.06663937722024818,0.030613106749105293,0,664.6189887485008,134368.96393333335,68840.14555,66732.7348256539,2107.410724346096,5069.588774974982,0.0,76074.97228282323,21230.38625745959,17196.612868542274,1200.0,0.8444180555555555,4.547473508864641e-13,1.4551915228366852e-11
238,2025-08-27,1200.0,57674.40561546808,60759.05638794496,55331.35876033455,9155.375050906574,64486.73381124112,0.015232852357163935,0.04077033736143917,0.05876597485952621,0,2037.9786716331341,133788.3821,65874.23323333333,62003.069699252694,3871.163534080633,3150.508816175374,0.0,77274.53389078757,23035.217607884435,18658.52626238639,1200.0000000000018,0.8533875,2.2737367544323206e-13,0.0
239,2025-08-28,1200.0000000000018,56606.41356048294,60970.2151627765,54040.37417453798,12216.518032577551,66256.89220711554,0.021110337446884356,0.03699718254629471,0.018875407322011713,0,2840.2653691140426,134543.81656666665,63776.021583333335,62572.22319857051,1203.798384762827,2803.4119836935197,0.0,75773.66141828774,20204.849661116357,16365.928225504249,1200.0,0.863504861111111,4.547473508864641e-13,0.0
240,2025-08-29,1200.0,26208.307433705,28862.591133339818,25122.765826702143,602.8092732638472,25725.57509996599,0.0012594768624064477,0.09362240582446814,0.2279169658917784,0,111.2474911416673,88328.33254999999,65773.1122,50782.30403011649,14990.808169883514,4239.423406342902,631.2744381886937,45282.1455399401,15666.666666666664,12689.999999999998,1200.000000000001,0.6645076388888889,2.2737367544323206e-13,0.0
241,2025-08-30,1200.000000000001,25496.79290658947,27717.11198584459,24065.03600489284,1550.7958883849678,25615.83189327781,0.005706427896204616,0.06656593118491012,0.27223719078535685,0,508.01524324759237,89025.08758333331,70512.36774999999,51316.278838116006,19196.08891188399,2908.7619042819642,258.43012244086765,43697.45682970861,17523.533163242297,14194.061862226255,1200.0000000000014,0.6546625,9.094947017729282e-13,0.0
242,2025-08-31,1200.0000000000014,54868.6052849388,58275.04211176314,52691.65921304656,9371.709928630553,62063.36914167711,0.015989362042304906,0.05053738252635832,0.02181449605525311,0,2132.4270222774353,133365.35983333332,66718.73675,65263.30113035565,1455.4356196443457,3716.1520882143723,0.0,73532.73759827536,20247.125417688174,16400.171588327423,1200.0000000000018,0.846538888888889,2.2737367544323206e-13,7.275957614183426e-12
243,2025-09-01,1200.0000000000018,56207.79450975037,61463.49242748648,53462.30644189635,0.0,53462.30644189635,0.0,0.20239998982212704,0.13912907796903695,0,0.0,121263.61926666666,67689.48473333333,58271.909134185466,9417.575599147869,17169.73389389081,288.1060472091241,84830.705322564,23058.711836751925,18677.55658776906,1200.0,0.7517326388888889,4.547473508864641e-13,0.0
244,2025-09-02,1200.0,37642.68775708141,42017.021793769614,35449.20740380135,17390.119060632736,52839.32646443409,0.029926258103384767,0.025472405017322005,0.04430909300858854,0,3637.022663546173,121532.82414999999,67475.0683,64485.309222934426,2989.7590770655643,1502.0014281625402,0.0,58965.82702501526,21333.33333333333,17279.999999999993,1200.0000000000023,0.7539930555555555,4.547473508864641e-13,7.275957614183426e-12
245,2025-09-03,1200.0000000000023,44699.96409198184,48581.66773320347,42305.61827237879,4404.3397760234875,46709.95804840228,0.008072230504469804,0.0482049806214227,0.08078181548659008,0,980.2409500642894,121433.71643333332,65885.99918333333,60563.60855415567,5322.390629177658,3232.9338143190657,240.3132948781755,67066.3855195561,19490.90253287102,15787.631051625525,1200.000000000002,0.7609944444444445,2.2737367544323206e-12,0.0
246,2025-09-04,1200.000000000002,44363.37075571112,49962.92182318961,41969.384015984295,1660.3908046541776,43629.77482063847,0.0031826902141521376,0.05463249460622675,0.07005114025520086,0,385.3002107269686,121061.17303333333,67135.60748333333,62432.681627400234,4702.925855933096,3627.686484985329,279.5258996194841,66401.62619577438,22374.85587349187,18123.633257528418,1199.9999999999986,0.7569979166666667,9.094947017729282e-13,0.0
247,2025-09-05,1199.9999999999986,20067.698637389636,21280.67199204436,19098.93483147248,0.0,19098.93483147248,0.0,0.2014127886591715,0.30976721761823506,0,0.0,75132.98045,68308.71878333332,47148.9170267537,21159.801756579633,8208.400656259662,1481.53064302515,40754.11849914768,16211.177771666142,13131.053995049571,1200.0000000000025,0.5586402777777777,9.094947017729282e-13,0.0
248,2025-09-06,1200.0000000000025,17794.289497076963,20801.224957162754,16854.59846914192,6563.762059522528,23418.36052866445,0.024675286198119064,0.12598921767471064,0.31438199922536686,0,1871.0374839281617,75826.37416666666,68105.29046666666,46694.213091931684,21411.07737473498,4533.685793686367,1157.202915166828,35984.712639392776,15961.580735435626,12928.880395702858,1199.9999999999998,0.5657111111111112,2.2737367544323206e-13,0.0
249,2025-09-07,1199.9999999999998,40444.655339621604,46788.34869614661,38485.13550738482,5643.033202099567,44128.16870948438,0.013890390872973144,0.03315522475450061,0.02391836869683603,0,1677.6954255051,120781.00903333332,65820.02541666667,64245.717781115716,1574.307635550952,2036.1708699833555,323.7120012709528,61413.27302288784,22083.128025900085,17887.333700979063,1199.9999999999986,0.7593138888888888,1.8189894035458565e-12,5.820766091346741e-11
250,2025-09-08,1199.9999999999986,44605.5930400069,51706.42388310135,41627.38139518718,15482.179535300893,57109.56093048807,0.02672029274250327,0.05789064137664781,0.07078857712958506,0,3243.8593689319937,121400.59243333332,62005.022899999996,57615.77555402166,4389.247345978338,3999.4094832765973,15.334086995650182,69085.59636186545,23841.554111650155,19311.658830436627,1200.0,0.7735236111111111,4.547473508864641e-13,7.275957614183426e-12
251,2025-09-09,1200.0,39382.09221437147,44983.31040172966,37386.28153736303,12227.33296653366,49613.61450389669,0.021857775711838584,0.028917535093306218,0.05677202278261878,0,2646.5883480685006,121082.23558333333,67979.40131666667,64120.073196368074,3859.3281202985854,1744.5423037696273,56.39842593219987,60328.18143526524,22166.666666666664,17955.0,1200.0000000000018,0.7518833333333333,4.547473508864641e-13,2.1827872842550278e-11
252,2025-09-10,1200.0000000000018,49566.76621867619,57170.16819739822,47186.66580724617,1640.076162125884,48826.74196937206,0.003552231572814067,0.08022602761483434,0.0382317865715116,0,430.7961326368444,121274.78848333332,59958.78983333333,57666.45817733921,2292.3316559941195,5922.667062574107,352.24690079721756,73824.75785799677,23012.156427727125,18639.84670645897,1200.0000000000036,0.7818236111111112,2.2737367544323206e-13,7.275957614183426e-12
253,2025-09-11,1200.0000000000036,48521.711128018855,55900.46835597719,46156.85625565517,3402.772684453083,49559.628940108254,0.0056814822886638045,0.1285145783499004,0.09711809023393521,0,686.0206826087391,120746.77835,67250.69256666666,60719.4337376825,6531.258828984169,9465.128545031002,436.2296453833326,73650.23226595162,23197.632346465907,18790.082200637386,1199.9999999999993,0.7530638888888889,9.094947017729282e-13,3.637978807091713e-11
254,2025-09-12,1199.9999999999993,16255.777903027707,20413.751928260674,15171.40038773712,2855.8038410745394,18027.204228811657,0.01285060348225556,0.05234968887677532,0.2776205817223252,0,972.6265443477041,75687.22711666666,64135.570916666664,46330.21640968822,17805.354506978438,1779.785806720492,584.4284132267555,33998.02071240361,17102.222788555926,13852.800458730298,1200.0000000000007,0.5750854166666666,9.094947017729282e-13,1.0913936421275139e-11
255,2025-09-13,1200.0000000000007,16967.18314116419,21100.845654729208,15754.663431537336,309.1415692111474,16063.805000748484,0.0015396861791689249,0.060045704771166476,0.3142608204158341,0,115.5743614836295,75063.58311666666,67056.48163333333,45983.25670104269,21073.224932290643,2112.0938215726273,844.3448277941502,35174.7694464041,17124.098646826194,13870.519903929217,1200.0000000000018,0.5665159722222222,4.547473508864641e-13,0.0
256,2025-09-14,1200.0000000000018,50878.6280585392,59417.09621847768,47817.373657632226,2664.4184321834014,50481.79208981563,0.006279755420225669,0.0698237210075671,0.09437548652538741,0,761.3430764984201,121237.69566666667,61138.37091666666,55368.40741603665,5769.963500630011,5218.511883502137,159.6195376218201,74738.38128644825,22380.55100627739,18128.24631508468,1200.0000000000005,0.7759062499999999,4.547473508864641e-13,2.9103830456733704e-11
257,2025-09-15,1200.0000000000005,43272.24349982587,49572.23558055145,41037.805902152315,2939.6516502823993,43977.45755243472,0.006268404445004659,0.035226098089792865,0.042077443926619426,0,756.9727080995822,120760.02988333334,65692.99925,62928.80575768667,2764.1934923133267,2242.939094941803,109.77840292631822,63672.65228253362,22345.701932202257,18100.018565083825,1200.0,0.761726388888889,9.094947017729282e-13,2.9103830456733704e-11
258,2025-09-16,1200.0,51082.16459243102,57854.252135922296,48570.581895737494,2387.626107280654,50958.208003018146,0.005280590599286223,0.0771719194165043,0.10121209249800862,0,643.4048880239509,121843.35746666667,62351.58748333332,56040.85284357252,6310.734639760809,5842.788551591254,275.3522506483207,75711.32862534052,23337.305726477724,18903.217638446957,1200.0,0.7779465277777776,2.2737367544323206e-13,4.3655745685100555e-11
259,2025-09-17,1200.0,48952.53548481983,54110.48722669777,46155.658324402495,2165.534716179416,48321.193040581915,0.0054198382829187125,0.06741940731114521,0.05627635766867663,0,655.3928332950973,120924.79499999998,60964.6766,57533.80665450319,3430.8699454968005,4864.3330595867465,193.47858970814445,72150.33850917013,22931.21761933445,18574.2862716609,1200.0,0.778054861111111,2.2737367544323206e-13,2.1827872842550278e-11
260,2025-09-18,1200.0,44985.94430468876,51237.75121924074,42637.06039258481,6761.675186128281,49398.735578713095,0.015648606646198666,0.05612381905141864,0.02117892238083916,0,1890.4160982635767,120804.11636666665,61848.06525,60538.18987666517,1309.8753733348258,3736.2190868300067,207.0626121301201,66571.00585772711,22380.072458047805,18127.858691018726,1200.0000000000018,0.7698256944444445,4.547473508864641e-13,1.4551915228366852e-11
261,2025-09-19,1200.0000000000018,17674.711178863563,21220.67096701496,16503.899404937358,273.3675128498605,16777.26691778722,0.0018659127758196789,0.078570213963346,0.2232603073571888,0,140.4792111289052,75287.12646666667,59185.77414999999,45971.940022097835,13213.834127902157,2850.440102339128,898.2797912083299,36278.889397818035,17660.32774121399,14304.865470383333,1200.0,0.5932520833333333,4.547473508864641e-13,3.637978807091713e-12
262,2025-09-20,1200.0,16361.365372490536,17425.63606199773,15659.028157303426,2975.7993614610514,18634.827518764476,0.01088430179802138,0.08123430883927245,0.23801531637949652,0,819.9223742257489,75330.72763333333,59685.2939,45479.279789188266,14206.014110811733,2900.15283687479,510.87675898013987,35701.083425390345,17150.14926113732,13891.620901521226,1200.0,0.5874611111111112,2.2737367544323206e-13,1.0913936421275139e-11
263,2025-09-21,1200.0,50337.64641889793,59102.27634814303,47368.579808789174,814.9748144232738,48183.55462321245,0.0022069787136488684,0.07198725522979862,0.0870753036546277,0,266.7404858272225,120862.28298333334,62574.7955,57126.076180711265,5448.719319288732,5290.486870267905,225.23137729288442,73491.9931782306,23720.04533618407,19213.23672230909,1200.0000000000005,0.7738493055555556,4.547473508864641e-13,0.0
264,2025-09-22,1200.0000000000005,52799.546555598776,54489.47403127753,50768.77739917175,1381.35865350734,52150.13605267909,0.0032461287852077656,0.09240185665787365,0.09187145717298645,0,393.4893745570895,121218.04173333332,60604.02184999999,55036.24205209699,5567.779797903009,7182.526856927866,312.9853479104004,77731.41273039383,23408.369573033215,18960.779354156904,1200.0,0.7821659722222223,4.547473508864641e-13,0.0
265,2025-09-23,1200.0,52885.61072732159,59261.5242887968,49850.99659037043,275.2433274157909,50126.23991778622,0.00067297047936226,0.0849956700448463,0.05754228718375421,0,81.55209795910558,121182.28133333333,59065.66575,55666.89224871386,3398.773501286135,6500.775850537467,230.95927505316047,76483.61201349975,22726.525796046146,18408.48589479738,1200.0,0.7817520833333333,9.094947017729282e-13,0.0
266,2025-09-24,1200.0,45299.51168905281,53952.816197379616,42380.48088785057,12420.864927895676,54801.345815746245,0.0335255886775171,0.03749778648567991,0.020946849015545957,0,4057.072072628664,121014.19341666665,59950.968316666665,58695.18443500166,1255.783881664996,2435.4018668537387,197.21135541252022,64947.883464635925,21333.333333333336,17280.0,1200.000000000001,0.7761097222222222,9.094947017729282e-13,0.0
267,2025-09-25,1200.000000000001,49667.90391272095,55559.41042731986,47046.822580867956,4386.3281644997305,51433.15074536769,0.008734783013944711,0.06584534779535642,0.07638485720124467,0,1052.9461854789024,120546.34714999999,60210.89825,55611.69738521507,4599.2008647849225,4829.4186359449195,275.912103723015,73344.87245711689,22935.990200752254,18578.152062609322,1200.0000000000023,0.7776076388888888,4.547473508864641e-13,2.9103830456733704e-11
268,2025-09-26,1200.0000000000023,17221.882834558364,21437.928793879026,16128.541802367821,467.3872600611618,16595.929062428982,0.002101343317247098,0.09068717910878235,0.20508896491879736,0,155.90780935998487,74194.35371666666,56500.11021666666,44912.56109453253,11587.549122134133,3315.995133648493,781.1824282959114,36565.203220962954,17590.214980233708,14248.0741339893,1200.0000000000027,0.5928138888888889,9.094947017729282e-13,3.637978807091713e-12
269,2025-09-27,1200.0000000000027,18315.440733288895,20249.403657645606,17246.868868219644,1832.563527112462,19079.432395332107,0.007988384780681089,0.06581513364513986,0.22684119187500368,0,606.6840472047797,75945.77175,58144.46949999999,44954.9087376802,13189.560762319798,2423.457424708985,765.7245086275022,36822.1910446268,17099.10603250157,13850.275886326275,1200.0000000000023,0.5996840277777777,4.547473508864641e-13,7.275957614183426e-12
270,2025-09-28,1200.0000000000023,51732.73375380921,56276.76414656973,48576.93733517446,2159.410206042802,50736.34754121726,0.004727359908238565,0.05094890645606571,0.046231925375434746,0,569.1250609863424,120389.61958333333,56901.99041666666,54271.30184200963,2630.688574657036,3762.8845784946143,411.4080427797561,73856.04206715265,21750.29876600486,17617.74200046394,1200.000000000001,0.7893881944444444,4.547473508864641e-13,7.275957614183426e-12
271,2025-09-29,1200.000000000001,53157.18581677828,60212.74031466566,50270.51221785438,1281.1651558187605,51551.67737367314,0.0028073260969198014,0.07076199034162897,0.06802359295942689,0,339.99923540291906,121111.4148,58351.523199999996,54382.24293728064,3969.280262719355,5417.482552229156,202.2949913941926,76559.21669351455,23948.771171446162,19398.50464887139,1200.000000000001,0.7877583333333333,9.094947017729282e-13,0.0
272,2025-09-30,1200.000000000001,52245.667858516405,61619.93612032038,48981.92458943962,9463.346848349498,58445.271437789124,0.02173002115928898,0.0618329126149167,0.033016978411440065,0,2627.5171271048816,120916.45506666665,55494.2803,53662.026845376495,1832.2534546235038,4614.054218311589,455.7654104944902,74621.33066651764,25918.9470711909,20994.34712766463,1200.000000000001,0.7938243055555556,4.547473508864641e-13,0.0
273,2025-10-01,1200.000000000001,45647.82440747047,55495.024238220314,42853.51782341633,219.29049768319877,43072.80832109953,0.000621594578275306,0.12444581701296976,0.09760362036092003,0,72.86235592568946,117218.45471666666,67556.93318333334,60963.13192415923,6593.801259174108,8819.612961849321,1259.0904976135282,70871.10819426048,24262.86472745201,19652.92042923613,1200.0000000000036,0.7381555555555556,2.2737367544323206e-13,4.3655745685100555e-11
274,2025-10-02,1200.0000000000036,50502.26837354578,56379.20070047939,47810.07028298298,76.94118827776862,47887.011471260754,0.00030370716628949027,0.15686431407585996,0.13534215984113165,0,35.60411037756808,117231.70978333332,65500.92666666665,56635.88978000442,8865.036886662241,12235.1995528017,704.8907875769914,77998.61698872267,23675.31976522445,19177.009009831807,1200.0000000000025,0.7419722222222223,4.547473508864641e-13,0.0
275,2025-10-03,1200.0000000000025,32929.691036994525,37307.69058449754,31050.369846644844,0.0,31050.369846644844,0.0,0.42748083915390106,0.34798480942891996,0,0.0,71524.19113333334,63707.03743333333,41537.95615281376,22169.08128051957,29747.62401429195,5513.635995066621,69588.20440506867,22845.839027318507,18505.129612127992,1200.0000000000005,0.5579645833333333,7.958078640513122e-13,2.1827872842550278e-11
276,2025-10-04,1200.0000000000005,16042.086916509692,21816.92050645982,14684.064781738663,287.5792872861971,14971.64406902486,0.0011874075704704163,0.09635611973715708,0.25915622394331134,0,85.96523845558721,72397.41483333333,59301.43239999999,43933.09710478646,15368.335295213537,3518.9039813894115,1019.1507959102289,36519.77675095652,18965.102545082074,15361.733061516483,1200.0,0.5858305555555555,1.7053025658242404e-13,1.4551915228366852e-11
277,2025-10-05,1200.0,48189.092490713265,56588.1670716678,44793.36068337185,1087.6145070788161,45880.97519045067,0.003110439133905789,0.09528472934351051,0.11193591537590888,0,365.8013930876878,117604.4209,62868.45983333333,55831.2212336156,7037.238599717726,6998.636466828285,574.6272122988169,73449.71765200209,23521.345787254122,19052.290087675836,1200.000000000001,0.752561111111111,2.2737367544323206e-13,0.0
278,2025-10-06,1200.000000000001,42640.95082829214,44462.186670971125,40524.75657434187,4930.84316399954,45455.59973834141,0.012639561761649602,0.04173609878881717,0.014624693684737558,0,1490.1554941171157,117896.13613333332,60163.02688333333,59283.16104401795,879.8658393153809,2694.068270147476,359.89261066513825,64550.07411639846,23017.334949408305,18644.041309020726,1200.0000000000011,0.7684895833333333,4.547473508864641e-13,2.1827872842550278e-11
279,2025-10-07,1200.0000000000011,45787.944527245185,52405.48015411496,43819.75893068062,716.965072968321,44536.72400364894,0.0015568851294563639,0.07148012402260336,0.057949132578195395,0,182.71164624919078,117357.17863333333,59585.615633333335,56132.68089324391,3452.9347400894258,5092.227057247827,847.2738219474122,71239.76247771436,22413.028971994216,18154.553467315316,1200.0000000000011,0.7657534722222222,1.8189894035458565e-12,2.9103830456733704e-11
280,2025-10-08,1200.0000000000011,44823.879482023236,51997.94870862267,42078.670752539285,1385.1291209952753,43463.79987353456,0.002713950262476752,0.0645134002768746,0.0382085102875768,0,318.5935044772072,117391.06235,60912.56668333333,58585.18825257048,2327.3784307628493,4370.494375291732,620.9041979723845,67745.52816212934,22457.099978488957,18190.25098257605,1200.0000000000005,0.7606854166666666,4.547473508864641e-13,3.637978807091713e-11
281,2025-10-09,1200.0000000000005,50969.01044644902,55995.61335014232,48554.07409852986,459.7180770192057,49013.79217554907,0.0008456435407232101,0.1349871659964863,0.11657639519128618,0,99.30644923580837,117432.98973333332,61673.00805,54483.39109092782,7189.616959072174,10573.720306788498,413.9808618844452,78331.30082206283,23648.98663273784,19155.67917251765,1200.0000000000007,0.7578034722222222,4.547473508864641e-13,0.0
282,2025-10-10,1200.0000000000007,14745.148785989668,16377.17662108104,13803.517322607448,674.8274727909426,14478.34479539839,0.0033166766568505177,0.05392320274873222,0.29758384632828017,0,240.03296455850256,72371.53011666666,63027.91919999999,44271.828578395936,18756.090621604057,1837.133460862338,840.7203600245612,34069.442600115784,18589.053713245557,15057.1335077289,1200.0000000000027,0.5595319444444445,4.547473508864641e-13,1.4551915228366852e-11
283,2025-10-11,1200.0000000000027,14432.69453952194,16020.493267607191,13729.353372474056,435.8933723892734,14165.246744863329,0.0014312310982308816,0.049645023342585574,0.24673169691446503,0,102.74946132219702,71790.96475000001,57684.65116666666,43452.01929839602,14232.63186827064,1707.972314141955,611.3811043940225,34403.69646632543,20253.40556582992,16405.258508322233,1200.0000000000023,0.5845513888888889,4.547473508864641e-13,7.275957614183426e-12
284,2025-10-12,1200.0000000000023,43724.119612247785,51406.877290202414,41012.95047604875,6564.528360865778,47577.478836914524,0.011699936003414424,0.04186891159368313,0.06385446480131013,0,1377.1922619463219,117709.38418333331,59194.428199999995,55414.599668069415,3779.828531930579,2856.5519733177293,144.0454543151941,68226.08624363439,22673.139803599304,18365.243240915435,1200.0000000000023,0.76634375,4.547473508864641e-13,7.275957614183426e-12
285,2025-10-13,1200.0000000000023,46294.01793281069,52335.87586047201,43730.97883763749,938.6837219004024,44669.662559537894,0.001506122427046055,0.08271453381050396,0.062089202931769866,0,177.23710421278818,117677.75383333332,60650.358533333325,56884.6261144726,3765.732418860733,5862.00879440219,187.80530251493383,70870.36007277563,22129.765059002893,17925.109697792344,1200.0000000000027,0.764651388888889,4.547473508864641e-13,0.0
286,2025-10-14,1200.0000000000027,49847.43644485472,53697.82897635492,47190.827150774705,1873.4149510772131,49064.242101851916,0.00378801824557672,0.07768137782432614,0.07408674655450988,0,447.1082377125597,118032.22918333333,57258.3999,53016.31133849193,4242.088561508073,5845.957563530094,402.99694104688535,75255.58540877755,23356.95419511443,18919.13289804269,1199.9999999999995,0.7730666666666666,9.094947017729282e-13,1.4551915228366852e-11
287,2025-10-15,1199.9999999999995,52044.79660952689,59237.835567796006,49592.58234938796,177.9330589898261,49770.51540837778,0.00044593785366498455,0.09239719802444757,0.07700678857054025,0,52.32745401681206,117342.48076666666,55422.45711666666,51154.55167942368,4267.905437242983,7304.939255464487,539.3222658372769,79060.18160346874,26738.51815231996,21658.199703379167,1200.0000000000016,0.7760555555555556,4.547473508864641e-13,2.9103830456733704e-11
288,2025-10-16,1200.0000000000016,48685.14465863186,57040.253145555995,46381.18060514339,2103.8778436551233,48485.05844879851,0.004273215106030155,0.045855706143116466,0.047444176121415015,0,503.0996149100226,117733.27633333334,54766.80338333333,52168.43751800756,2598.3658653257744,3352.137447368844,119.49946370675843,73101.86080019712,24044.65625634616,19476.171567640395,1200.0,0.7822208333333331,2.2737367544323206e-13,2.1827872842550278e-11
289,2025-10-17,1200.0,32599.186422483093,36476.823991222394,31250.141031192794,0.0,31250.141031192794,0.0,0.3575764050140556,0.2863811083601028,0,0.0,71943.17253333333,55938.973216666665,39919.10806635156,16019.865150315103,23443.194205962107,5730.123246570873,65561.35661423355,22968.287866941024,18604.31317222222,1200.0000000000007,0.58880625,4.547473508864641e-13,7.275957614183426e-12
290,2025-10-18,1200.0000000000007,14747.317409486339,16020.276312798671,14001.25720421772,709.2052795127881,14710.462483730507,0.00382023607870788,0.054955319285554416,0.22033649010016984,0,273.7455161604892,71656.70145,55580.10818333333,43333.782226829935,12246.325956503393,1897.4267135360174,837.7537069478051,34526.716216072935,19696.64257147126,15954.280482891718,1200.0000000000011,0.5830680555555555,2.1600499167107046e-12,0.0
291,2025-10-19,1200.0000000000011,48454.46731282172,63745.07618612987,45208.474667388065,5062.087792007056,50270.56245939512,0.009073387727290059,0.030885576777603847,0.028868717475296436,0,1070.5803359355818,117991.24738333334,54105.52485,52543.567739252714,1561.9571107472807,2202.472897040342,71.70094270127959,71310.72580899406,24523.435058460058,19863.982397352647,1200.0,0.7893604166666667,4.547473508864641e-13,4.3655745685100555e-11
292,2025-10-20,1200.0,52234.64597692174,61333.92841285215,49517.32542598808,813.8763570225397,50331.20178301062,0.002332139097157075,0.06440933505366903,0.05118885371635545,0,274.9669391082339,117903.31864999999,53462.53628333333,50725.850334220435,2736.6859491128953,4940.534674936662,239.08836082952666,76705.25818687564,24332.28302335847,19709.14924892036,1199.999999999999,0.7871270833333333,9.094947017729282e-13,7.275957614183426e-12
293,2025-10-21,1199.999999999999,50262.82586746953,56964.72374682035,47717.307375251694,6924.982015891301,54642.28939114299,0.013657861290283754,0.04817102678970693,0.02242748986226141,0,1608.9076552920305,117800.84898333333,51338.26763333334,50186.879156440686,1151.3884768926464,3583.3185457119394,437.1841952594881,74387.42299090071,22957.1477806772,18595.28970234853,1200.0,0.79530625,4.547473508864641e-13,0.0
294,2025-10-22,1200.0,47606.494103425044,61736.252673210576,44768.38494192423,9067.180235502175,53835.56517742641,0.02226524301944178,0.020060874377378277,0.014731994392946363,0,2619.9953767451466,117671.98653333331,52117.08983333333,51349.30115813198,767.7886752013485,1395.0776483206437,177.85004480666726,69542.21546264246,22455.777742415557,18189.1799713566,1200.0000000000007,0.7929506944444444,4.547473508864641e-13,0.0
295,2025-10-23,1200.0000000000007,56367.294991256065,69823.96572411022,52970.74625311387,1436.2157089154016,54406.96196202927,0.002789021201270482,0.1245351670267847,0.09572462559845249,0,326.90679631962803,117212.01551666667,53832.518483333326,48679.420806494476,5153.097676838856,10396.906914048905,189.2354303225468,83485.71060102858,24704.63338318194,20010.75304037737,1200.000000000001,0.7813361111111112,2.2737367544323206e-13,4.3655745685100555e-11
296,2025-10-24,1200.000000000001,36615.52546073045,44644.88438782088,34628.13381252806,0.0,34628.13381252806,0.0,0.3880503567639298,0.29926640855943953,0,0.0,72135.51853333332,53715.46781666666,37640.23267908268,16075.23513758399,27644.869317111206,5045.057468485969,71240.4172171112,21343.181985596704,17287.977408333332,1200.0000000000018,0.5963583333333333,2.2737367544323206e-13,1.4551915228366852e-11
297,2025-10-25,1200.0000000000018,14485.101312351364,15258.651281781184,13902.651561449695,3152.1464076682355,17054.79796911793,0.013718883075196264,0.022702487747436887,0.19582805734433714,0,988.3465712642694,72042.787,52644.35426666666,42335.11264047827,10309.2416261884,764.4633444292385,662.7898228955048,33673.10899729685,18560.673903761286,15034.145862046647,1200.0000000000014,0.5985090277777778,9.094947017729282e-13,7.275957614183426e-12
298,2025-10-26,1200.0000000000014,53921.220302722846,65674.89317827934,50879.292679338294,1981.1329134975838,52860.425592835876,0.0037703431552617793,0.08248690191177475,0.06513015606200546,0,442.7225322948142,117422.34435,52878.03233333333,49434.07783521156,3443.9544981217705,6524.953662758585,409.47479990492957,79102.90617700078,24331.23016759818,19708.296435754524,1200.0000000000005,0.7873305555555555,4.547473508864641e-13,5.820766091346741e-11
299,2025-10-27,1200.0000000000005,48448.269419906996,61233.81841897264,45570.08290330856,4330.384602264,49900.46750557256,0.008784756223257254,0.043261004567118205,0.026318938925508174,0,1034.7613929218212,117790.56431666666,54237.98265,52810.496497191874,1427.486152808122,3095.877105911869,199.29187168742897,71562.76505573755,22748.892903080443,18426.60325149516,1200.0000000000005,0.7828958333333333,9.094947017729282e-13,5.820766091346741e-11
300,2025-10-28,1200.0000000000005,47355.05170230437,54405.33286828427,45122.3992276994,13906.426949400216,59028.82617709962,0.028566445859203444,0.02273347663694415,0.028939384229049625,0,3356.961455119794,117514.14480000001,51541.723099999996,50050.13737138182,1491.5857286181827,1593.327398845845,137.38016351393685,70087.27368415486,22365.89551735099,18116.375369054294,1200.0000000000023,0.7930666666666668,3.865352482534945e-12,1.4551915228366852e-11
301,2025-10-29,1200.0000000000023,54496.04826111104,67789.50436197268,51456.02479412127,1890.499518092604,53346.52431221388,0.0036217094236295553,0.046817134060996475,0.027900426287709033,0,426.35348065989746,117721.61451666665,48409.357716666666,47058.716000057466,1350.6417166091967,3677.7341294301477,192.8471419731867,78555.3025231863,23411.45376754565,18963.277551711974,1199.9999999999989,0.8069569444444444,9.094947017729282e-13,1.4551915228366852e-11
302,2025-10-30,1199.9999999999989,47490.15112708036,53085.53257529543,45296.82636439733,10416.313566775485,55713.13993117282,0.023023334646324743,0.023100180295742383,0.0268657743937719,0,2691.797818189685,116916.07056666666,52128.252916666665,50727.78703426601,1400.4658824006485,1608.7171354057941,157.97388739702114,69640.89088526717,23040.600780281013,18662.88663202762,1200.0000000000002,0.7919604166666666,9.094947017729282e-13,0.0
303,2025-10-31,1200.0000000000002,16644.69801183552,18757.597015177085,15867.258221390359,196.95458209074837,16064.212803481107,0.0014108139634799255,0.06663989162196124,0.13279346111677676,0,101.2244755937947,71748.98903333332,47844.69696666666,41491.234060379655,6353.462906287016,2471.287864997553,901.5801766557722,37084.21194645427,18709.544249689745,15154.730842248688,1200.0000000000027,0.6177326388888889,9.094947017729282e-13,1.0913936421275139e-11
304,2025-11-01,1200.0000000000027,15117.983427230874,17658.89970787378,14371.7146322502,1031.1983594534802,15402.912991703679,0.005526132573254293,0.03148569640501651,0.15104192149870574,0,397.73902346007634,71974.20948333332,49430.17105,41964.143034598295,7466.028015401696,1111.9620666755336,841.1533648900104,35316.4196329597,19741.98303220635,15991.006256087145,1200.0000000000023,0.6046034722222222,1.8189894035458565e-12,3.637978807091713e-12
305,2025-11-02,1200.0000000000023,53337.7581381881,58828.10498423098,51206.78015946668,6317.345241062603,57524.12540052929,0.012290271059288961,0.05203387706530317,0.030005788799420046,0,1448.325316835678,117843.23631666665,49046.85238333333,47575.1628894427,1471.6894938906316,4030.0895387938012,145.41547403051607,77451.26379370094,23452.68773941228,18996.677068923942,1200.000000000004,0.8022444444444444,4.547473508864641e-13,1.4551915228366852e-11
306,2025-11-03,1200.000000000004,55009.77277297467,60614.52268538469,52998.19131850872,608.1970400495261,53606.388358558244,0.0015485299288366132,0.053174709746135584,0.04683152405384746,0,182.43063081288625,117808.91503333332,48303.98475,46041.83552628369,2262.149223716306,4290.13550687727,244.89830365488,80679.99858126261,24001.662602598477,19441.346708104767,1200.0000000000018,0.8054708333333334,4.547473508864641e-13,5.820766091346741e-11
307,2025-11-04,1200.0000000000018,51729.36210666054,58635.94067639123,49090.200822344144,2179.6187466766223,51269.819569020765,0.004526122394462938,0.03641682727953577,0.025589698988690502,0,531.3514288741881,117396.61073333332,49816.5387,48541.74847000855,1274.7902299914513,2745.516618078416,116.41867385309376,75391.42817148278,22136.7476057931,17930.765560692413,1200.0000000000007,0.7975826388888889,2.2737367544323206e-13,1.4551915228366852e-11
308,2025-11-05,1200.0000000000007,59530.066054322895,65403.59238088095,57292.10017360959,825.9552314490403,58118.055405058636,0.001699026864248048,0.09726832184004068,0.05341863983305357,0,200.0848921929741,117764.40761666666,48086.38755,45517.67813259392,2568.7094174060812,8296.659807276106,424.98968255037414,85296.62741503958,23833.333333333332,19305.0,1200.0,0.8089555555555555,9.094947017729282e-13,0.0
309,2025-11-06,1200.0,54124.13644762145,59633.808702444105,52058.91172541769,3008.113224350377,55067.02494976806,0.005511660571922527,0.03135231464714131,0.010967020680820021,0,648.7946197336983,117713.09413333333,46343.50958333333,45835.25935531114,508.25022802219746,2454.7266351825597,273.20137369577185,78294.90941289658,22831.269714367103,18493.32846863735,1200.0000000000007,0.8150673611111112,9.094947017729282e-13,0.0
310,2025-11-07,1200.0000000000007,15452.598637538695,16671.097393153497,14790.888555299935,988.6337240081107,15779.522279308045,0.004872826098716485,0.02750603147817496,0.1605613936614445,0,351.8783634173308,72212.37866666666,48893.91688333333,41043.4414469785,7850.475436354831,996.6251217850875,542.1886919357798,36232.96667045093,20405.757897153897,16528.663896694656,1200.0000000000002,0.6155340277777778,9.094947017729282e-13,0.0
311,2025-11-08,1200.0000000000002,15780.710624194946,16799.32815567716,15074.745547801016,616.8006909469923,15691.546238748007,0.00281444448332718,0.03864771170523764,0.14608848282122422,0,202.73813351937562,72034.86681666666,48243.65971666666,41195.81666291542,7047.843053751245,1411.2380411610716,630.0485682683282,36515.43594416269,20199.143760533803,16361.306446032382,1200.0,0.6173409722222222,9.094947017729282e-13,0.0
312,2025-11-09,1200.0,55403.32397019337,62169.61605746176,53268.66384009382,2295.4229653497387,55564.086805443556,0.0043850436560256304,0.04291787697549606,0.028752657495013427,0,516.8987297514234,117877.67016666666,46530.85298333333,45192.96730455273,1337.885678780607,3443.8786657200744,216.37258125082758,80243.45350741266,23238.93751620662,18823.53938812736,1200.0000000000018,0.8103173611111111,9.094947017729282e-13,2.1827872842550278e-11
313,2025-11-10,1200.0000000000018,57913.559648817274,65390.466075241275,55657.532924764775,4318.760133929904,59976.29305869468,0.008496033215965114,0.04444516982817679,0.017828012448027498,0,1006.101126543602,118420.10276666665,44561.65966666666,43767.21384342456,794.4458232420981,3656.4235732381862,209.46396779867882,82268.18768774583,25029.012368476186,20273.50001846571,1200.0000000000016,0.8189729166666666,9.094947017729282e-13,0.0
314,2025-11-11,1200.0000000000016,58558.690543015044,66224.85776330307,56064.1743722449,984.3765497233012,57048.550921968206,0.002250703029548709,0.06291559702852548,0.04972268665800613,0,265.48812962882005,117957.86744999999,46398.84778333333,44091.77241371012,2307.0753696232055,5257.0582901597645,159.0504786244769,83557.31390065729,23897.885395852616,19357.287170640615,1200.0000000000023,0.8138590277777777,9.094947017729282e-13,1.4551915228366852e-11
315,2025-11-12,1200.0000000000023,55784.62626836342,64120.246782392656,53430.46743014603,2226.319531389913,55656.786961535945,0.0037075626886983733,0.05222908729762006,0.016912295534332655,0,435.32982723804076,117416.71383333333,46460.726083333335,45674.96855307232,785.7575302610111,4183.8526454095245,208.26506176662906,80105.796633367,23196.12354298886,18788.860069820978,1200.000000000001,0.8123951388888888,9.094947017729282e-13,0.0
316,2025-11-13,1200.000000000001,55789.68005977024,62059.34037233303,53390.29739252032,10366.833203818518,63757.13059633884,0.020171812643461542,0.026581219556799582,0.0440957507621059,0,2375.8382569100036,117780.10726666667,45384.23595,43382.983993020185,2001.2519569798067,2090.4832735691725,180.18199692494466,78645.1227003397,22911.433753205965,18558.26134009683,1200.0,0.8185361111111111,2.2737367544323206e-13,4.3655745685100555e-11
317,2025-11-14,1200.0,15801.257121271901,17801.035480603874,15202.125134732229,892.4701537502543,16094.595288482484,0.004333616434036845,0.03097258752290136,0.08171217919989417,0,310.88451248133833,71737.89309999999,44139.4378,40532.708148703816,3606.7296512961825,1120.8236182759574,527.5931299612346,36187.60032390617,19183.59545712702,15538.71232027288,1200.0000000000018,0.6290784722222222,4.547473508864641e-13,0.0
318,2025-11-15,1200.0000000000018,17977.886464084295,22585.986663511692,16926.15921724151,805.527496041733,17731.686713283245,0.00359056052019996,0.07044732528691178,0.130413257430046,0,260.1970659761691,72466.97681666666,44255.0899,38483.63946828147,5771.450431718529,2893.8147308087296,422.5045156081313,41077.70904037948,21253.944797650474,17215.69528609688,1200.0000000000032,0.6287680555555555,9.094947017729282e-13,7.275957614183426e-12
319,2025-11-16,1200.0000000000032,57199.1679041421,64390.89097336084,55120.8365313362,4605.773700971148,59726.61023230735,0.008494627854597698,0.030628871432928532,0.019852253221418686,0,1005.426448401784,118360.27023333333,43925.725849999995,43053.70121749118,872.0246325088165,2497.2179278005005,254.24561300431526,81531.50315279941,23573.142339759095,19094.24529520487,1200.0,0.8205798611111111,4.547473508864641e-13,0.0
320,2025-11-17,1200.0,54550.74822171875,62107.39825075175,52491.71374276886,7221.926555423914,59713.64029819277,0.014937770578967996,0.02685513208567737,0.00992699527613102,0,1751.7480335516598,117269.71065,44573.95631666666,44131.470862872644,442.4854537940204,2100.2680427011724,328.32130194166484,78207.32499101381,23117.073119975215,18724.82922717993,1199.9999999999986,0.815854861111111,9.094947017729282e-13,0.0
321,2025-11-18,1199.9999999999986,58441.68500201336,61073.26012271635,57000.99285288539,5354.603318312242,62355.596171197634,0.00932581071186747,0.05097400566386119,0.01576024888437727,0,1098.4283652449399,117783.6865,42893.134666666665,42217.128188888884,676.0064777777774,4252.3891821247535,286.5748053548556,83422.69999666812,23240.031912222792,18824.425848900457,1199.9999999999998,0.8219124999999999,9.094947017729282e-13,5.093170329928398e-11
322,2025-11-19,1199.9999999999998,58152.81558576455,67166.75363591273,55957.95848860628,4520.506051229164,60478.46453983545,0.008073702359990033,0.02562074402654025,0.008167099776681903,0,954.1477336924121,118179.70134999999,42811.389749999995,42461.74485833333,349.64489166666687,2082.0028147105995,131.132557783528,81262.3869374705,22554.96214211636,18269.51933511425,1200.0000000000036,0.8290138888888889,9.094947017729282e-13,1.4551915228366852e-11
323,2025-11-20,1200.0000000000036,56462.52727723244,62066.75671047053,54663.18275834454,6509.326549782912,61172.50930812745,0.011728289891026242,0.030886504579957567,0.012743912159855453,0,1382.1374130629595,117846.45723333332,43053.381199999996,42504.71269180242,548.6685081975721,2507.13169390886,282.8075492422478,81172.39966142859,23278.17520952387,18855.32191971434,1200.0000000000005,0.8211791666666666,9.094947017729282e-13,7.275957614183426e-12
324,2025-11-21,1200.0000000000005,43241.926648300134,47410.93840514427,41826.86548911664,0.0,41826.86548911664,0.0,0.3636743543525774,0.3121440984778039,0,0.0,71999.1771,43134.793033333335,29670.52194891684,13464.27108441649,29687.611737497966,5143.019414098853,81632.40377603372,23542.72354396705,19069.606070613307,1200.0000000000023,0.6326340277777778,4.547473508864641e-13,2.9103830456733704e-11
325,2025-11-22,1200.0000000000023,18141.72583632985,20104.12560690945,17402.460937081836,1066.537098032497,18468.99803511433,0.00560766380190537,0.05073978201331784,0.14796289532665424,0,406.83550488618084,72549.91013333332,42330.08065,36066.799357615215,6263.281292384783,2169.4626141099084,397.6518703240911,42756.64041166914,21648.68766528005,17535.43700887684,1200.0000000000036,0.636675,9.094947017729282e-13,0.0
326,2025-11-23,1200.0000000000036,57971.19616492096,63296.52379271895,55913.59782004655,4762.5799844167495,60676.177804463296,0.008643410295337956,0.02503097506205563,0.018137451067864123,0,1018.0441343741014,117782.69219999999,42550.595916666665,41778.83656531967,771.7593513470006,2041.459749298332,208.1605575641837,81557.3402249509,22746.88640937978,18424.977991597618,1200.0000000000018,0.8264944444444444,9.094947017729282e-13,0.0
327,2025-11-24,1200.0000000000018,56456.54850751484,61974.110670132235,54988.92028490045,3047.7088047003062,58036.629089600756,0.006775723287738328,0.028344720090535444,0.013778927713674538,0,799.3706153263352,117975.68781666666,43813.74411666666,43210.03770361768,603.706413048983,2299.794765218233,203.294429955611,81136.61937293764,24564.477263374487,19897.22658333333,1200.0000000000027,0.8210506944444445,9.094947017729282e-13,0.0
328,2025-11-25,1200.0000000000027,67247.92793419074,71602.73431805827,65224.00800024132,397.4895370347757,65621.4975372761,0.001193818053174392,0.10095835752887772,0.0695752944044433,0,140.4913643690062,117682.39221666666,41513.73175,38625.401641666656,2888.330108333335,9427.05694376035,300.7825532744755,93375.69642081264,24901.88270077279,20170.524987625962,1200.0,0.8241243055555556,2.2737367544323206e-13,1.4551915228366852e-11
329,2025-11-26,1200.0,62464.73794788933,66547.12425876502,60850.82588963342,2075.418954151251,62926.244843784676,0.0035539920436866456,0.06262488294662899,0.022495026860514113,0,418.2566598000984,117686.43673333332,40928.76985,40008.07607285644,920.69377714355,5512.496447713742,287.25899889012135,88024.05989982728,26127.37080287704,21163.1703503304,1200.0000000000014,0.8299340277777778,4.547473508864641e-13,0.0
330,2025-11-27,1200.0000000000014,60107.32777253711,66427.9771475363,58103.419728097084,2295.9203757449577,60399.34010384204,0.004385444435937211,0.04004948027452471,0.01817418728709488,0,513.9659382011736,117198.14164999999,41417.248916666664,40664.524077938935,752.7248387277275,3365.5519791339584,153.2800840669255,84034.84779488563,23665.074199078248,19168.710101253382,1200.0000000000018,0.8285638888888889,2.2737367544323206e-13,2.9103830456733704e-11
331,2025-11-28,1200.0000000000018,17410.66929278317,19487.546993177657,16515.307617341867,984.8621750807396,17500.169792422606,0.004628728305235933,0.0467004685764327,0.08413162356911244,0,334.374802556706,72239.02128333334,41317.78273333333,37841.650589702156,3476.1321436311737,1883.7874054718272,424.35886775516457,40337.655336128184,20876.38511487755,16909.871943050817,1200.0,0.6340243055555557,4.547473508864641e-13,3.637978807091713e-12
332,2025-11-29,1200.0,21906.79239061663,25381.64592416016,20805.60113448132,856.7227436452549,21662.323878126575,0.0053962134938821855,0.10138392812657515,0.15661136075705356,0,389.37025947770354,72156.19988333333,37226.74978333333,31396.61784320315,5830.131940130183,5099.114582992558,516.4688433511794,50295.09782483915,22680.540093910207,18371.237476067272,1200.0,0.6504381944444445,9.094947017729282e-13,1.0913936421275139e-11
333,2025-11-30,1200.0,62693.47076465157,70449.07355415668,60595.778607810396,7363.143264553455,67958.92187236385,0.012598384597282831,0.03839081373246009,0.01093022009615207,0,1486.7206820682063,118008.83443333332,37764.00631666666,37351.23741591302,412.7689007536436,3348.543633910619,135.69756209526258,87222.5230037093,24038.97617027015,19471.57069791882,1199.9999999999993,0.8395993055555555,9.094947017729282e-13,4.3655745685100555e-11
334,2025-12-01,1199.9999999999993,70447.79732834463,75215.21349366427,68618.17989944195,13143.015772578627,81761.19567202058,0.026983036384273615,0.03037727460636416,0.028027910881324117,0,3380.742179078508,125291.39163333333,38992.4639,37899.58659676755,1092.877303232448,2791.9159859662864,151.20614645657577,91908.04712221843,26072.9585910963,21119.096458788,1200.0000000000025,0.9076055555555556,9.094947017729282e-13,4.3655745685100555e-11
335,2025-12-02,1200.0000000000025,77497.48772021521,79772.11135994326,75806.96252844435,5750.648218981145,81557.6107474255,0.010337344762033322,0.05906165628173178,0.027758995939348736,0,1296.309479527172,125400.62359999999,36762.81365,35742.31485517061,1020.4987948293842,5894.6313773515585,480.808430865426,99804.70830742369,26669.83807318149,21602.56883927701,1200.0000000000032,0.9153138888888888,9.094947017729282e-13,0.0
336,2025-12-03,1200.0000000000032,70956.70583790554,76846.67122837121,68876.47540321511,12205.913368415622,81082.38877163074,0.02130775054198839,0.02632444863210557,0.013629633041070864,0,2655.4343284004644,124622.93113333332,37460.18256666666,36949.614024631475,510.56854203518674,2435.8759107175783,360.7448361606687,92532.83686051297,24833.33333333333,20115.0,1200.0000000000014,0.9120326388888889,2.2737367544323206e-13,4.3655745685100555e-11
337,2025-12-04,1200.0000000000014,77806.33463028204,83010.41238982555,75720.03224367951,3122.9490133173913,78842.9812569969,0.004535350828036306,0.0695143726511079,0.05080949937026518,0,568.4438695290487,125336.25094999999,38565.042199999996,36605.57171262485,1959.47048737515,6973.142966470734,173.53600908405724,100312.24767673422,26333.333333333332,21330.0,1200.0000000000002,0.9050854166666666,2.2737367544323206e-13,2.9103830456733704e-11
338,2025-12-05,1200.0000000000002,23593.366886438336,27579.57033651584,22197.02494523871,2222.550634508163,24419.575579746874,0.009094060486351958,0.0455124764494166,0.06902724417426509,0,717.2310088737391,78868.07108333333,37556.443400000004,34964.02561111123,2592.417788888767,2295.2390428044323,458.0521278302917,50430.98556404425,23636.210158216614,19145.330228155453,1200.0000000000014,0.7171770833333333,9.094947017729282e-13,0.0
339,2025-12-06,1200.0000000000014,27287.116688756727,31870.086803073842,25812.530382528974,629.2823101796573,26441.81269270863,0.002855712465562165,0.06338983219066464,0.07186891032534011,0,226.94581460651636,79470.82115,35806.19033333333,33232.83845117494,2573.351882158393,3485.928521779104,985.0617638448882,54991.91907140706,23736.27316612909,19226.38126456456,1199.9999999999995,0.7271965277777777,9.094947017729282e-13,7.275957614183426e-12
340,2025-12-07,1199.9999999999995,80817.08308170192,85969.47872205895,78581.28674382668,2260.990030321319,80842.276774148,0.003426529449110444,0.07732338559328371,0.07526150104136715,0,428.54734480948673,125067.46291666667,37414.78166666666,34598.88903729831,2815.8926293683576,7955.213846985525,157.15712402073393,102882.37880360626,24894.638410742828,20164.65711270169,1200.0000000000018,0.9101083333333333,1.8189894035458565e-12,2.9103830456733704e-11
341,2025-12-08,1200.0000000000018,84483.05837004555,90050.9095297382,82156.33999698181,159.79937901885813,82316.13937600068,0.00015409712409803484,0.09869436711097955,0.08524864663119099,0,19.171277749145304,124410.35393333333,36563.14281666666,33446.184374962875,3116.958441703785,10565.939133790936,466.0538789240336,107057.16489280266,26737.755786665213,21657.58218719882,1200.0000000000018,0.9085152777777777,4.547473508864641e-13,8.731149137020111e-11
342,2025-12-09,1200.0000000000018,78223.5610559734,86323.30229736569,75775.56900970917,2226.9328877669577,78002.50189747613,0.003416423040086406,0.06812041968671938,0.05098266482290958,0,426.0097814293265,124694.68108333333,37306.22681666666,35404.25595906511,1901.9708576015573,6880.099202551645,199.4357487564772,100999.07243955186,26605.906028446574,21550.783883041724,1200.0000000000023,0.9057770833333332,9.094947017729282e-13,0.0
343,2025-12-10,1200.0000000000023,76003.74585102432,85105.99459714268,72453.66214893266,4467.579011365511,76921.24116029817,0.007751780503289206,0.030845481937806965,0.01972797617359168,0,964.1568818034959,124378.76451666666,35991.146049999996,35281.113578265344,710.0324717346582,2963.5811651352724,273.04357480630824,96078.29020505087,24779.849518481424,20071.67810996995,1200.0000000000014,0.9161590277777777,2.2737367544323206e-13,0.0
344,2025-12-11,1200.0000000000014,77521.63131187152,84378.73897996166,74874.08881726344,781.605191369375,75655.69400863282,0.001704926140297178,0.07622480409495776,0.0536908149999576,0,211.04905430812198,123787.79896666665,37826.544266666664,35795.60627635736,2030.9379903093068,7674.397277620619,314.4095761387815,100681.10202107135,25848.165954267206,20937.014422956436,1200.0000000000014,0.8976340277777778,9.094947017729282e-13,1.6007106751203537e-10
345,2025-12-12,1200.0000000000014,27040.7344902822,32063.13417546143,25301.670641300967,936.8463684222402,26238.517009723208,0.003776785834677109,0.05917383558030812,0.08921420624230009,0,297.08840820278147,78661.70368333333,34947.2902,31829.495444487686,3117.794755512313,3242.0178533298717,794.8718163235221,54788.02956637732,22189.579295163505,17973.559229082442,1200.0000000000014,0.7237798611111111,4.547473508864641e-13,2.9103830456733704e-11
346,2025-12-13,1200.0000000000014,27558.833541404114,32838.466129942804,25513.258566474375,1258.5048100096274,26771.763376484003,0.0040263855901745095,0.05674003370152112,0.08554943585127749,0,317.4408742864081,78840.15755,35041.62416666666,32043.83298789584,2997.7911787708244,3091.2195427366405,657.0789747071566,54480.3966631019,22385.339251791374,18132.124793951018,1200.0000000000011,0.7296965277777777,9.094947017729282e-13,0.0
347,2025-12-14,1200.0000000000011,73419.01539170483,79318.17305959165,70964.39877017468,7332.100560246151,78296.49933042083,0.010758031550167291,0.02332722452853948,0.0037998441241709636,0,1339.6179072827151,124522.58585,35743.86405,35608.042938214436,135.82111178555823,2212.542057087455,163.6133490892347,94848.06280235098,25773.591535112926,20876.609143441477,1200.000000000001,0.9207375000000001,9.094947017729282e-13,0.0
348,2025-12-15,1200.000000000001,74389.91704519212,78570.00329103414,71660.90165351138,10866.020568256972,82526.92222176836,0.019653403949863212,0.0358269723098993,0.006770175300267146,0,2443.0208095027806,124305.22548333333,34835.66751666667,34599.82394087701,235.84357578965523,3430.9053329074327,179.98716718238438,95763.19492561318,25736.429960893918,20846.508268324076,1200.0,0.9144402777777779,2.2737367544323206e-13,2.9103830456733704e-11
349,2025-12-16,1200.0,79978.23384850512,86662.68753567137,76810.70556107789,1311.9301481278721,78122.63570920576,0.0024578571580859076,0.04678652685277357,0.05881084854677406,0,306.3643820282547,124646.94338333333,35228.85205,33157.013367610736,2071.838682389261,4731.043241465444,138.7207013434347,101119.77869938815,26665.521699394383,21599.072576509447,1200.0,0.9109138888888888,9.094947017729282e-13,1.4551915228366852e-11
350,2025-12-17,1200.0,79286.18970545437,85128.59992448107,76509.2486887244,1338.606739003042,77847.85542772744,0.002233950826666067,0.05752289274264967,0.05170994367449563,0,278.0521626526447,124466.55465,36274.70758333333,34398.94449739037,1875.7630859429657,5790.132529857032,302.4657629377268,100657.88165003055,25135.396669888436,20359.671302609633,1200.000000000001,0.9088097222222221,2.2737367544323206e-13,7.275957614183426e-11
351,2025-12-18,1200.000000000001,74024.89495229513,82021.54979121799,71226.3952619643,2936.6873873698614,74163.08264933416,0.00563214543023245,0.030666825323154727,0.019472319167808692,0,700.162182601462,124315.35926666667,36949.0923,36229.60778177358,719.4845182264224,2915.139337972588,197.6710230206711,95058.39966328489,24000.0,19439.999999999996,1200.000000000001,0.9094777777777777,9.094947017729282e-13,4.3655745685100555e-11
352,2025-12-19,1200.000000000001,24083.701520425042,27604.127180502248,22889.71592382764,3424.5647419138313,26314.28066574147,0.014509561646001872,0.039981934134782196,0.04171792083457454,0,1140.3547003392368,78593.32543333333,35684.93413333333,34196.232876171925,1488.7012571614066,2015.5728168231926,675.8076532098562,50412.08887065195,23494.58180945647,19030.611265659743,1200.0,0.7250944444444445,1.8189894035458565e-12,1.4551915228366852e-11
353,2025-12-20,1200.0,25903.877108657885,30983.226135280645,24188.7202450179,1463.6849195645855,25652.405164582484,0.006587686856517223,0.04643843052077507,0.08284711750993709,0,518.2435759942257,78668.52011666665,35812.16786666666,32845.232987131334,2966.934879535326,2457.7612235800652,607.869302381568,52925.15694475379,23970.962448689796,19416.479583438733,1200.0000000000007,0.7189708333333333,4.547473508864641e-13,1.4551915228366852e-11
354,2025-12-21,1200.0000000000007,76470.23321508568,82833.0065080672,73602.3401983026,2974.050839811097,76576.3910381137,0.004950700466933437,0.03706380067086868,0.02866335891103245,0,615.7505043691956,124376.44096666665,35338.659100000004,34325.734430782075,1012.9246692179231,3627.1323707564848,155.24157569658246,97861.8572597529,24444.880430444347,19800.353148659924,1200.0000000000014,0.9100763888888888,4.547473508864641e-13,2.9103830456733704e-11
355,2025-12-22,1200.0000000000014,74743.40494427453,79250.02236600507,72238.36503420728,4912.324408710377,77150.68944291766,0.010035513588250845,0.023529106506344846,0.013158650258574194,0,1251.6137379827937,124718.45381666666,35781.02673333333,35310.196716656705,470.8300166766268,2238.191836914351,89.22153702908065,95124.38716322702,24422.791722402282,19782.461295145848,1200.0,0.9192854166666665,2.2737367544323206e-13,1.1641532182693481e-10
356,2025-12-23,1200.0,77517.57615002476,83653.3427026067,74948.25659110567,692.0623278157868,75640.31891892146,0.0011852479015760059,0.05759464134704814,0.03691955797819648,0,146.91936471152349,123956.65456666666,36698.562033333335,35343.66734462724,1354.8946887060902,5719.614117294307,262.1827752006674,99308.09505053808,25580.159477448437,20719.929176733232,1200.0000000000014,0.9126888888888889,4.547473508864641e-13,4.3655745685100555e-11
357,2025-12-24,1200.0000000000014,76801.7947001078,85024.30944134951,74258.49534950008,552.6329729273666,74811.12832242745,0.0012486912810262128,0.046349165343372904,0.03606269441249146,0,154.78074266658427,123954.37128333331,36099.81196666666,34797.95547936436,1301.856487302302,4571.199192562509,188.80919096407968,98625.27531396222,25598.062469122444,20734.43059998918,1200.0000000000005,0.9082652777777778,9.094947017729282e-13,0.0
358,2025-12-25,1200.0000000000005,72815.97884909788,79544.28203086522,70410.32709262086,5421.817597890198,75832.14469051106,0.010913563179454182,0.021703510836950105,0.018639870720358203,0,1350.9884351673054,123789.8579,35977.40936666667,35306.7951072186,670.6142594480709,2038.493656373431,144.14362921761858,93924.60379741451,24262.59028531256,19652.698131103178,1200.0,0.9102520833333334,2.2737367544323206e-13,0.0
359,2025-12-26,1200.0,24643.862324522113,26401.230239027755,23435.10077204377,1085.324722221568,24520.42549426534,0.0051274726678646795,0.043603305576343496,0.039168796509661874,0,401.3288631807347,78270.30764999999,35262.685216666665,33881.48827503079,1381.1969416358786,2234.7074258784514,795.0707904524306,51250.871839654006,22282.121639656016,18048.518528121367,1200.0000000000005,0.7237750000000001,9.094947017729282e-13,7.275957614183426e-12
360,2025-12-27,1200.0000000000005,18952.30022199455,23680.22955918128,17824.48569629436,20929.947609796985,38754.43330609135,0.07229510413356341,0.0015603735742875412,0.02117218512037493,0,5668.60011748806,78409.18393333333,35070.374866666665,34327.858397748656,742.5164689180108,66.69619486056604,36.229693224129164,42743.73519240044,22253.07308536383,18024.989199144704,1200.0000000000007,0.7212277777777778,9.094947017729282e-13,1.0913936421275139e-11
361,2025-12-28,1200.0000000000007,75670.02115291075,79868.64540756277,73516.36470737628,1412.8145160839981,74929.17922346028,0.0024891887641666547,0.04963643195339444,0.03723561127684178,0,307.44286490965686,123511.26975,36702.015,35335.39303638318,1366.6219636168162,4881.158450038314,690.9656984154416,98338.22170419949,25777.177405466155,20879.51369842759,1200.000000000001,0.9058916666666667,4.547473508864641e-13,2.9103830456733704e-11
362,2025-12-29,1200.000000000001,78481.80944644344,91443.18797855046,75575.86030183035,187.46071445797762,75763.32101628833,0.00032714352915612713,0.06831939241427169,0.03145662632463806,0,40.46023048676727,123677.30638333333,36153.54011666667,35016.271714903865,1137.268401762795,6901.724840058303,635.609642783253,101021.46105468813,25597.642810020476,20734.09067611659,1200.0000000000005,0.90653125,2.2737367544323206e-13,2.9103830456733704e-11
363,2025-12-30,1200.0000000000005,74562.6361597943,96373.40336400626,71260.02896944192,2489.112071828238,73749.14104127015,0.003437519652197211,0.049430207933926204,0.025009997507929097,0,424.62480242669164,123526.50905,37302.10644999999,36369.18086064499,932.9255893550057,4783.1608214855,425.3954921334465,96765.94579329289,25393.084698661292,20568.398605915652,1200.0000000000007,0.9004583333333334,9.094947017729282e-13,0.0
364,2025-12-31,1200.0000000000007,80083.39177864697,95318.62651955173,77290.79186867614,2555.598182805052,79846.3900514812,0.0049221640818605215,0.056182535705391945,0.02810016820445701,0,609.3230843934538,123791.70508333332,35145.28215,34157.69380999189,987.5883400081004,5899.674245980026,136.22895265783427,105009.0419007881,29623.42375369609,19674.973240493833,5999.999999999999,0.9102437499999999,9.094947017729282e-13,0.0
