date,strategy,soc_initial_kwh,soc_final_kwh,zero_plan_kwh,final_plan_kwh,used_plan_kwh,emergency_kwh,curtail_kwh,spill_kwh,charge_kwh,discharge_kwh,plan_cost_yuan,adjustment_cost_yuan,market_cost_yuan,emergency_cost_yuan,total_cost_yuan,alternative_total_cost_yuan,max_solver_eq_residual,max_solver_ub_violation,simultaneous_charge_discharge_count,soft_terminal_deviation_kwh
2025-02-01,S18,6000.0,6000.000000000002,53989.05400358685,53989.05400358685,46761.450834283576,9.802292784443637,6708.3222354124955,1342.7173331189051,22852.829606333024,18510.791981129758,23389.068776211054,0.0,23389.068776211054,39.84141902237116,23428.910195233424,23428.91019523342,9.094947017729282e-13,1.7141843500212417e-12,0,1.8189894035458565e-12
2025-02-02,S18,6000.000000000002,6000.000000000002,133229.74792658852,133229.74792658846,90660.34173697747,3.545119884901851,5890.1124735290205,1224.1630999999993,27333.333333333325,22139.999999999993,103564.93863353497,1.4551915228366852e-11,103564.93863353498,7.857758224884953,103572.79639175987,103572.79639175987,2.2737367544323206e-13,1.546140993013978e-11,0,0.0
2025-02-03,S18,6000.000000000002,6000.000000000002,136091.9189685234,135597.25348284323,92312.46493333335,0.0,5923.674683333334,1136.8737500000007,26499.999999999993,21465.0,107419.79403362416,-244.15289376035798,107175.6411398638,0.0,107175.6411398638,107663.94692738456,2.2737367544323206e-13,2.9103830456733704e-11,0,0.0
2025-02-04,S18,6000.000000000002,5932.7981879447725,99679.90295022122,99686.23711688787,87926.47193869043,139.5543649078861,1668.610402939271,474.62741455313096,25202.137720818868,20474.21318471299,73199.54457949405,4.225205875001848,73203.76978536905,368.53968694682453,73572.30947231587,73572.30947231587,2.2737367544323206e-13,3.4924596548080444e-10,0,67.20181205522931
2025-02-05,S18,5932.7981879447725,5932.7981879447725,91046.3886283325,91046.3886283325,86763.7007246194,763.953887706029,1635.2828933420353,191.61812360594786,26064.87690549529,21112.550293451204,64813.04342515679,0.0,64813.04342515679,3279.3323947164426,68092.37581987324,68092.37581987322,9.094947017729282e-13,4.001776687800884e-11,0,0.0
2025-02-06,S18,5932.7981879447725,5932.7981879447725,97005.41804685377,97005.41804685383,86952.87360319728,110.01669795993693,1648.3459526842876,421.3935177926097,24853.12428428242,20131.030670268774,70152.9255083845,-1.4551915228366852e-11,70152.92550838449,448.2679431641929,70601.19345154868,70601.19345154868,9.094947017729282e-13,2.58924409690664e-11,0,0.0
2025-02-07,S18,5932.7981879447725,5932.7981879447725,49423.41563317548,49415.885249571525,43066.237213971624,10.756789176338202,6514.670090462418,722.3098663101243,21233.338840572476,17199.004460863704,20891.681553864517,-2.379930695722578,20889.301623168794,20.05468795392585,20909.35631112272,20914.11617251417,9.094947017729282e-13,1.1475265182525618e-11,0,0.0
2025-02-08,S18,5932.7981879447725,5932.798187944773,37667.96383117957,37697.70841774434,36511.860743175006,1411.4068129100265,1837.5345432291604,453.88475784440504,21340.450201814787,17285.764663469985,15589.397898675528,16.90337294652636,15606.301271622055,4585.075591413291,20191.376863035344,20191.376863035344,9.094947017729282e-13,3.183231456205249e-12,0,9.094947017729282e-13
2025-02-09,S18,5932.798187944773,5932.798187944776,91309.73125308214,91310.22237401849,86199.16723171032,198.29987446022847,2148.428523470348,132.66334349203714,24005.04880285026,19444.089530308705,64858.60565827302,0.5707807521903305,64859.176439025214,881.1292429466356,65740.30568197185,65740.30568197185,9.094947017729282e-13,7.275957614183426e-12,0,2.7284841053187847e-12
2025-02-10,S18,5932.798187944776,5932.798187944778,87809.268200455,87809.26820045499,81892.92988817031,191.74353625032302,2920.2332212781544,339.6588918194416,23674.440673630295,19176.296945640544,60408.069805134,1.4551915228366852e-11,60408.069805134015,661.5940948219738,61069.66389995599,61069.66389995599,2.2737367544323206e-13,6.821210263296962e-13,0,1.8189894035458565e-12
2025-02-11,S18,5932.798187944778,5932.798187944778,88684.76030393035,88684.76030393034,81639.99599794693,298.9236502512519,1942.7000755130734,172.79478886227741,24225.408686786897,19622.581036297383,61591.98773337367,7.275957614183426e-12,61591.98773337368,1449.948619003539,63041.93635237722,63041.93635237722,9.094947017729282e-13,6.184563972055912e-11,0,0.0
2025-02-12,S18,5932.798187944778,5894.776282409283,87938.88656107355,87953.83515992679,81231.04852605639,353.55816686402227,1715.747391361207,240.61844938073796,23135.391756984685,18773.887038139543,60758.72017005571,20.206355126450944,60778.92652518216,1628.3481006297498,62407.274625811915,62407.274625811915,9.094947017729282e-13,7.853628858356387e-11,0,38.021905535494625
2025-02-13,S18,5894.776282409283,5870.822496259525,84540.50165738651,84540.50165738654,79166.78470165758,379.4126652215341,3382.725094543525,297.6246311295297,23989.08964249578,19452.721017956366,56869.95299080617,7.275957614183426e-12,56869.952990806174,1305.2747776498306,58175.227768456,58175.227768456,2.2737367544323206e-12,9.07363073565648e-12,0,23.953786149758344
2025-02-14,S18,5870.822496259525,5870.822496259526,41440.303862960995,41433.84372143069,39484.903142932075,374.57056268709323,5800.710650101453,408.8726249768261,20253.097967758993,16405.009353884783,16861.217788562284,-1.0232864183963102,16860.194502143888,1141.0919002619391,18001.286402405825,18003.33297524262,9.094947017729282e-13,1.48073775463331e-11,0,9.094947017729282e-13
2025-02-15,S18,5870.822496259526,5870.822496259527,42017.59647755498,42039.640096015275,39215.614244827986,528.4137112577196,5577.867417493338,567.8128801901414,22727.666096853805,18409.40953845159,18028.87918976183,20.281847166355874,18049.161036928184,2069.773724085051,20118.934761013235,20122.467015656195,4.661160346586257e-12,6.002309760333446e-12,0,9.094947017729282e-13
2025-02-16,S18,5870.822496259527,5870.822496259529,89567.94653934264,89552.95221677219,82336.21510538874,556.4199060685534,2348.601183499841,162.17285366995281,26339.37828572372,21334.89641143622,61933.219020913544,-4.465718994950294,61928.753301918594,2056.077059544371,63984.83036146296,63993.76179945287,1.8189894035458565e-12,5.250244683452365e-13,0,1.8189894035458565e-12
2025-02-17,S18,5870.822496259529,5846.536427871726,90931.04788087482,90937.57887980014,80158.78893073135,97.911731429103,4367.784080391588,176.8472668703987,23947.70320937257,19419.497061140806,62283.73545194841,9.110074870593962,62292.845526819,417.00801989136363,62709.853546710365,62710.31102082305,3.069544618483633e-12,2.7398527890909463e-11,0,24.286068387802516
2025-02-18,S18,5846.536427871726,5841.779421276079,80130.04289852844,80128.27729198917,76610.9176963926,920.2274410612591,1033.0629683358088,159.45905508570922,22376.403350711058,18129.168020012043,53395.652182106016,-0.3817241337892483,53395.27045797223,3790.713686836619,57185.98414480885,57186.74759307643,9.094947017729282e-13,1.1606271499431386e-11,0,4.757006595646999
2025-02-19,S18,5841.779421276079,5836.356225259167,81260.05307067482,81266.16247331789,78314.33267573414,509.01544446173904,1360.4519706469832,155.91017520201206,23329.15509173037,18901.49650071683,54237.98637064552,13.488520522143517,54251.474891167665,2181.2562045308578,56432.731095698524,56434.0646685475,2.0463630789890885e-12,2.5920599000528455e-11,0,5.423196016911788
2025-02-20,S18,5836.356225259167,5757.325024116175,84060.49307651154,84060.49307651156,77594.09746235429,226.34890934470081,2228.165858448194,272.2722793430853,23147.382008437373,18820.50750786297,56490.282727814374,-7.275957614183426e-12,56490.28272781437,1218.005552307032,57708.2882801214,57708.2882801214,1.8189894035458565e-12,3.637978807091713e-11,0,79.03120114299236
2025-02-21,S18,5757.325024116175,5742.60959224419,38734.87569388156,38734.87569388156,37121.80328106607,277.66823811463945,7348.703644409797,793.9142698513739,19525.44979090005,15828.858219313828,16260.137285242254,3.637978807091713e-12,16260.137285242257,746.4788386573225,17006.61612389958,17006.616123899577,9.094947017729282e-13,1.5432988220709376e-11,0,14.715431871984947
2025-02-22,S18,5742.60959224419,5742.60959224419,39007.70880785561,39001.744405620855,36786.26481144929,327.8372859758684,4753.682452594833,602.1216972207354,20597.552969874978,16684.01790559873,16443.403294995696,-0.9592666732023645,16442.444028322494,1053.5179148356058,17495.9619431581,17497.880476504513,9.094947017729282e-13,5.002220859751105e-12,0,0.0
2025-02-23,S18,5742.60959224419,5701.792263420965,83084.84939863207,83085.03406816945,77589.70759295282,356.30393047970824,2020.0086933529367,168.9508349544259,22431.231093330312,18206.032781538463,55755.55917379429,0.2457305199059192,55755.804904314195,1507.2440281039117,57263.0489324181,57263.0489324181,9.094947017729282e-13,1.0913936421275139e-11,0,40.81732882322467
2025-02-24,S18,5701.792263420965,5701.792263420967,78768.2477283485,78767.79154648566,74362.10705896697,851.2975973649276,2358.8623284936857,237.4627048006654,23231.82108616261,18817.775079791718,52647.9620353201,-0.2264486767089693,52647.73558664339,3239.753934643308,55887.489521286705,55887.94241864014,9.094947017729282e-13,1.1823431123048067e-11,0,1.8189894035458565e-12
2025-02-25,S18,5701.792263420967,5701.792263420967,81230.03662321626,81175.67656411017,75281.7392174224,258.7783743006458,4954.812151040544,165.6235420773561,24203.992975114666,19605.234309842876,53101.61365497604,-13.48240739123139,53088.13124758481,976.8772290864982,54065.00847667131,54091.973291453774,4.547473508864641e-13,1.1368683772161603e-13,0,0.0
2025-02-26,S18,5701.792263420967,5701.792263420968,75921.5899025925,75917.7961229769,73459.93186901511,880.491475189728,1033.9710631389855,211.40689254955612,22527.354500962865,18247.157145779922,49475.000026035035,-1.9209803083649604,49473.07904572667,3699.0335494139376,53172.11259514061,53175.95455575734,9.094947017729282e-13,4.462918923309189e-11,0,9.094947017729282e-13
2025-02-27,S18,5701.792263420968,5701.79226342097,76508.45208951189,76493.94118098136,72132.33385678478,285.5411673304484,984.8081010818119,117.77167218419618,22940.584478153854,18581.87342730462,48857.902132761454,-5.498183242219966,48852.403949519234,1440.1320540393756,50292.53600355861,50303.53237004305,1.8189894035458565e-12,7.37898631086864e-12,0,1.8189894035458565e-12
2025-02-28,S18,5701.79226342097,5701.79226342097,35544.56865691207,35544.56865691206,33787.90284815122,319.2603986779206,6933.178074559543,511.81652001732215,17734.605801327798,14365.030699075514,14667.848463722843,1.8189894035458565e-12,14667.848463722845,973.4848999967548,15641.3333637196,15641.3333637196,9.094947017729282e-13,6.0254023992456496e-12,0,0.0
2025-03-01,S18,5701.79226342097,5701.792263420969,42863.588155609425,42869.909623182226,37682.62642366874,48.779543273650916,9731.646900098523,749.4111663321731,18903.06298514938,15311.481017970997,17265.408925157033,3.4002284139205585,17268.809153570954,180.62631342838662,17449.43546699934,17449.435466999337,1.3642420526593924e-12,1.7136514429694216e-11,0,9.094947017729282e-13
2025-03-02,S18,5701.792263420969,5701.79226342097,82614.47850278678,82649.46158357547,77541.83564313797,693.581805444256,1023.8913603761637,125.88259197301022,24880.71805034929,20153.381620782948,54900.84798959377,31.49649663978198,54932.34448623355,3369.911609731144,58302.256095964694,58302.256095964694,1.8189894035458565e-12,4.7624126864320715e-12,0,9.094947017729282e-13
2025-03-03,S18,5701.79226342097,5615.712516156601,84899.69021032954,84897.14977849722,77725.48477242047,800.8741861415903,1947.367795184481,194.52244611902722,23393.651876121854,19026.329792196633,56788.31451293155,-0.23362702525628265,56788.080885906296,3486.308526393422,60274.389412299715,60275.700475941536,9.094947017729282e-13,2.142286348316702e-11,0,86.07974726436896
2025-03-04,S18,5615.712516156601,5614.23685422852,75067.3147002352,75067.31470023523,72611.57246261105,1969.4828401550706,815.2795065337166,327.2099506709468,22318.0842524388,18078.9763402107,49002.17035567107,0.0,49002.17035567107,7346.773961179037,56348.94431685011,56348.94431685011,9.094947017729282e-13,3.54702933691442e-11,0,1.4756619280806262
2025-03-05,S18,5614.23685422852,5611.892478690555,77811.80346162916,77811.80346162913,72892.53334520706,180.2787682692777,2248.755808777595,286.0273803296441,23208.77287203473,18801.215964332303,49904.24110835998,0.0,49904.24110835998,708.0898695345596,50612.33097789454,50612.33097789454,9.094947017729282e-13,5.099920485918119e-12,0,2.344375537964879
2025-03-06,S18,5611.892478690555,5611.892478690555,74018.37436981649,73855.17391004457,71439.76476832325,655.3545138033794,1237.1687222549112,371.64455347881847,23924.483542418886,19378.831669359308,47264.66753890946,-80.4739540564915,47184.19358485297,2802.7222885477386,49986.91587340071,50147.8637815137,1.8189894035458565e-12,7.099075735832313e-12,0,0.0
2025-03-07,S18,5611.892478690555,5600.527464503286,37207.98402371825,37212.652191321264,34025.66860423404,70.47297580432564,9040.807487245322,815.030612741913,17517.08662887547,14199.068682157671,15460.16429506757,4.699911142703058,15464.864206210274,117.79855046547428,15582.662756675747,15582.662756675745,9.094947017729282e-13,4.774847184307873e-12,0,11.36501418726948
2025-03-08,S18,5600.527464503286,5600.527464503288,31539.65843229288,31539.658432292883,30690.694602292595,1350.0403746688935,9410.664200829162,460.0359453344678,16352.080600690526,13245.185286559326,13072.581426683275,1.8189894035458565e-12,13072.581426683277,4176.442294188219,17249.023720871497,17249.023720871497,7.275957614183426e-12,3.694378136742671e-12,0,1.8189894035458565e-12
2025-03-09,S18,5600.527464503288,5600.527464503289,77660.28664561588,77665.77803687034,72098.91673109126,814.5086004251192,4293.0064608964685,362.8656395585763,25915.937795059697,20991.909613998363,48889.210453125925,7.330183615995338,48896.54063674192,3894.1281309316587,52790.66876767358,52790.668767673575,1.3642420526593924e-12,2.1511681325137033e-11,0,9.094947017729282e-13
2025-03-10,S18,5600.527464503289,5600.527464503288,74354.84344738521,74354.51296733321,72115.84057673822,1446.686231143979,1108.165633056317,266.3012578902633,21820.99193124023,17675.003464304587,48285.77707388419,-0.0746058717413689,48285.702468012445,6474.525315199829,54760.22778321227,54760.37699495575,9.094947017729282e-13,3.1515678955429394e-11,0,9.094947017729282e-13
2025-03-11,S18,5600.527464503288,5567.82987344091,67007.65321152617,67010.75032406668,64926.028344255275,3781.4722469137214,228.4368022024736,376.12040715252704,22070.802177737525,17906.777595923537,42313.07432859698,4.315826325204398,42317.390154922185,15190.873268633917,57508.2634235561,57508.2634235561,1.8189894035458565e-12,1.7109869077103212e-11,0,32.697591062377796
2025-03-12,S18,5567.82987344091,5567.82987344091,74726.29839672783,74718.68129519119,69916.14888971753,320.32915175423,3271.4151939101075,197.1517365924759,22801.981198083366,18469.60477044753,47032.28697805968,-3.474921721004648,47028.81205633868,1092.6604620347412,48121.47251837342,48128.42236181543,9.094947017729282e-13,8.58335624798201e-12,0,0.0
2025-03-13,S18,5567.82987344091,5526.77256740455,77297.69403907895,77311.87807393934,73585.84912417216,895.849686088998,2475.488611864083,195.76167409632149,22640.958331930688,18376.127824296593,50097.8346030333,14.841076059325133,50112.67567909262,4045.719862467395,54158.39554156002,54158.39554156002,1.8189894035458565e-12,1.0459189070388675e-11,0,41.05730603636039
2025-03-14,S18,5526.77256740455,5526.772567404549,33478.22343685405,33478.22343685406,31380.979219681554,101.3423021238612,11701.609322021612,597.0861063051401,16601.05321129126,13446.853101145914,13643.41775201717,0.0,13643.41775201717,284.976594505442,13928.394346522613,13928.394346522613,9.094947017729282e-13,4.879652237832488e-12,0,9.094947017729282e-13
2025-03-15,S18,5526.772567404549,5526.772567404549,32322.254988840737,32322.25498884073,31167.675009102597,487.73485478208664,7078.197166291543,462.02369023903384,16795.072933442672,13604.009076088567,13343.976729319675,-1.8189894035458565e-12,13343.976729319673,1358.0023865894645,14701.979115909136,14701.979115909136,1.8189894035458565e-12,4.703792910731863e-12,0,0.0
2025-03-16,S18,5526.772567404549,5510.499772217102,72973.68137129507,72973.6813712951,69500.99824394178,1134.5955262984137,2240.7299698432034,368.39412079793226,24684.569799654753,20009.147053389046,46306.466613061115,0.0,46306.466613061115,4854.235372332291,51160.7019853934,51160.7019853934,1.8189894035458565e-12,6.247447004170681e-11,0,16.272795187446718
2025-03-17,S18,5510.499772217102,5489.974171915271,70254.55885283145,70295.70533111876,65119.222850935534,867.7560304813433,3703.3612903971502,321.74261365014445,21695.876759515188,17592.13321547895,42385.47260698178,62.770550313129206,42448.243157294906,3983.4550011453634,46431.69815844027,46431.69815844027,4.547473508864641e-13,1.000266536266281e-11,0,20.52560030183122
2025-03-18,S18,5489.974171915271,5489.974171915271,78711.76118810136,78711.76118810137,71487.10368135312,109.70996931460913,5683.961941956173,245.8774878469169,23900.08344314745,19359.067588949423,49791.29090714935,7.275957614183426e-12,49791.290907149356,328.66144616285715,50119.95235331221,50119.952353312205,9.094947017729282e-13,1.0913936421275139e-11,0,0.0
2025-03-19,S18,5489.974171915271,5489.974171915272,66685.81825638759,66685.81825638757,64256.111820955965,875.9422417336981,1102.9253478075284,375.0613982616662,22045.246666423507,17856.64979980304,41155.35982264955,7.275957614183426e-12,41155.35982264956,3502.773235588964,44658.13305823853,44658.13305823851,9.094947017729282e-13,1.3509193763638905e-11,0,9.094947017729282e-13
2025-03-20,S18,5489.974171915272,5489.9741719152735,73322.95642707219,73180.51209409999,67917.52328859168,1263.2520030040505,2222.383919758521,374.4995058348337,23025.947628082584,18651.01757874688,46209.9911362908,-63.36744637450465,46146.6236899163,5337.79508277048,51484.418772686775,51611.15366543579,4.547473508864641e-13,9.094947017729282e-12,0,1.8189894035458565e-12
2025-03-21,S18,5489.9741719152735,5489.974171915274,30877.634498649226,30877.634498649226,29459.78432304631,468.757346033289,14521.228069605786,436.31933519063267,15460.682882192235,12523.153134575714,12413.16397178559,0.0,12413.16397178559,1086.3842706493156,13499.548242434907,13499.548242434905,4.547473508864641e-13,5.115907697472721e-12,0,9.094947017729282e-13
2025-03-22,S18,5489.974171915274,5489.974171915274,33375.64708558083,33375.64708558082,31264.711516375657,100.2477852270564,11004.358643952764,775.1830883012898,19495.883347449108,15791.665511433785,13752.70192069533,1.8189894035458565e-12,13752.701920695332,171.93559211520753,13924.63751281054,13924.63751281054,2.7284841053187847e-12,3.637978807091713e-12,0,0.0
2025-03-23,S18,5489.974171915274,5489.974171915277,74765.75060242717,74746.87424650413,69140.61204609874,240.28684782677578,5607.535538953597,215.77322676629512,25199.31585020508,20411.445838666124,46254.370925548385,-4.47909555114893,46249.891829997236,837.917492134262,47087.8093221315,47096.7675132338,2.1600499167107046e-11,2.376054908381775e-11,0,2.7284841053187847e-12
2025-03-24,S18,5489.974171915277,5484.423313006423,69533.88658269233,69536.08022035268,66052.54197246351,213.87680097459645,3711.3703531477104,334.84632338837696,22245.79361361385,18024.088600045186,42647.332097415085,10.68521015013539,42658.01730756522,768.5339582461515,43426.55126581137,43430.213298514696,4.547473508864641e-13,3.704059281517402e-11,0,5.550858908854025
2025-03-25,S18,5484.423313006423,5435.698379154888,76903.92083981942,76903.92083981937,70473.48055627791,460.5998153827897,5315.7544849569085,151.72559816218643,24001.726380743785,19485.25080886885,47739.568965182625,7.275957614183426e-12,47739.56896518263,1435.0087265897296,49174.57769177236,49174.57769177236,2.2737367544323206e-12,1.2732925824820995e-11,0,48.72493385153484
2025-03-26,S18,5435.698379154888,5381.172054701612,67987.02138895358,67963.82413314604,63380.889659575274,427.54241417160233,3716.8666880433357,305.9145302830791,22327.208846114427,18134.112857360633,41479.92218691525,-4.5408628243385465,41475.381324090915,1622.8694258853977,43098.250749976316,43107.33247562498,4.547473508864641e-13,2.2737367544323206e-13,0,54.526324453276175
2025-03-27,S18,5381.172054701612,5312.5113179934515,72421.41068611995,72736.18259815923,68176.87996656426,278.9986788536852,5088.35695546722,305.47468534044697,23193.959303408617,18848.901698798334,44472.089444757046,508.4092446602517,44980.4986894173,800.6326673549999,45781.1313567723,45781.1313567723,5.4569682106375694e-12,2.2875923377796425e-11,0,68.66073670816058
2025-03-28,S18,5312.5113179934515,5261.9292869771,32309.950388345867,32309.95038834588,30508.726746862416,186.68494956899315,16220.292173313586,535.7912638098658,16647.21747661055,13529.76998396926,12847.196342016723,1.8189894035458565e-12,12847.196342016725,487.72373699517135,13334.920079011896,13334.920079011894,9.094947017729282e-13,1.4551915228366852e-11,0,50.58203101635172
2025-03-29,S18,5261.9292869771,5261.9292869771,31482.21886429195,31490.816129157472,30273.82620821051,541.8109126870899,18854.090845418763,665.7747785671063,18887.170071465265,15298.607757886864,12446.613790164387,9.591968410471964,12456.205758574859,1735.6291819500577,14191.834940524917,14191.834940524917,3.183231456205249e-12,7.496225862269057e-13,0,0.0
2025-03-30,S18,5261.9292869771,5261.929286977101,68028.58100142414,68137.88283713823,62717.215307796934,756.0343837192675,3448.514805386224,302.07621291661815,23037.04722743873,18660.00825422537,40450.814578682905,68.78724261835305,40519.60182130126,2783.9694184061273,43303.57123970739,43303.57123970738,4.547473508864641e-13,5.9117155615240335e-12,0,9.094947017729282e-13
2025-03-31,S18,5261.929286977101,5261.929286977099,63250.99284224333,63191.03098102581,61205.19033377909,1659.988202055487,1592.932370374586,261.71638062442526,21363.896323696004,17304.756022193757,38165.11547275404,-33.95595591059828,38131.15951684344,5882.799882282633,44013.95939912608,44081.871310947274,1.8189894035458565e-12,1.8189894035458565e-11,0,1.8189894035458565e-12
2025-04-01,S18,5261.929286977099,5261.9292869771,76094.63076252883,76039.4720242428,70218.97764906229,598.6535134917854,6046.848366994324,153.52726579446664,23202.126384729556,18793.72237163094,47409.93344140201,-30.339844993170118,47379.59359640884,2332.070338549171,49711.663934958015,49772.343624944355,2.7284841053187847e-12,9.07363073565648e-12,0,9.094947017729282e-13
2025-04-02,S18,5261.9292869771,5261.9292869771,72295.6121623288,72297.32126012792,68731.04574709309,294.66649187920433,4065.6801606907748,135.685232233354,23100.060242358762,18711.048796310595,44359.24452511709,4.086854980952921,44363.33138009804,1277.5477938737006,45640.87917397174,45641.5152369701,4.547473508864641e-13,3.6919800550094806e-11,0,0.0
2025-04-03,S18,5261.9292869771,5261.929286977101,72033.1201458251,72029.44529890058,66464.2904024168,173.13847493734292,6124.960354301547,134.20388173978552,23761.75986655875,19247.0254919126,44412.35840696772,-0.7621632521477295,44411.596243715576,540.8441102113457,44952.44035392692,44953.9646804312,9.094947017729282e-13,1.6502355038028327e-12,0,9.094947017729282e-13
2025-04-04,S18,5261.929286977101,5261.9292869771,30086.495039013273,30086.495039013273,28405.48506482307,136.8154648288709,18830.674717319194,389.8918679606029,15215.429970379704,12324.49827600756,11641.137726443849,0.0,11641.137726443849,477.5290936647132,12118.666820108561,12118.666820108561,9.094947017729282e-13,4.263256414560601e-12,0,9.094947017729282e-13
2025-04-05,S18,5261.9292869771,5261.929286977103,29340.269533146755,29340.26953314675,28483.50699203195,1720.347949174275,14826.6706306463,311.54055854487393,15902.782993061719,12881.25422437999,11515.722855889142,0.0,11515.722855889142,5194.334214909677,16710.05707079882,16710.05707079882,1.8189894035458565e-12,3.291589223408664e-12,0,3.637978807091713e-12
2025-04-06,S18,5261.929286977103,5261.929286977103,66892.76541003682,66892.76541003681,63194.1808378619,273.6759241972479,4657.523372771776,186.34871425281187,22178.465307199604,17964.556898831685,40136.20343624772,7.275957614183426e-12,40136.20343624773,1072.2239979817398,41208.42743422947,41208.42743422947,4.547473508864641e-13,1.3147927191425879e-11,0,0.0
2025-04-07,S18,5261.929286977103,5240.128046109789,60777.054973663486,60776.50643091582,59317.88624693626,1874.0483051176582,3690.8351857962016,214.02507219391782,21389.348039531902,17344.99302880143,36229.03949961273,-0.10307118227501633,36228.936428430454,7055.199673727927,43284.13610215838,43284.34224452295,4.547473508864641e-13,1.1752376849472057e-11,0,21.801240867314846
2025-04-08,S18,5240.128046109789,5240.128046109789,68586.9336565801,68577.06039884644,63658.65860336773,415.84255765443004,5317.812193759155,110.64605043687413,22593.94368504986,18301.09438489039,40955.291492896045,1.1928322649328038,40956.48432516098,1799.1388519173072,42755.62317707828,42760.71650964976,9.094947017729282e-13,7.73070496506989e-12,0,0.0
2025-04-09,S18,5240.128046109789,5240.128046109788,67487.3900787514,67495.5936682364,64663.3892790847,1538.3222383684151,2594.8289818015614,176.60785528124381,22610.335072124544,18314.37140842088,40990.74745213036,12.121350288769463,41002.86880241913,4897.1881388231295,45900.056941242256,45900.82153067771,9.094947017729282e-13,1.6484591469634324e-11,0,9.094947017729282e-13
2025-04-10,S18,5240.128046109788,5240.128046109791,65650.83405338647,65704.94776846096,61247.504216581445,284.6148387907682,2776.129274300264,206.7033459009283,21519.202816689573,17430.55428151855,39794.342489060626,46.043415520391136,39840.38590458102,1285.8968214385975,41126.28272601961,41126.28272601961,9.094947017729282e-13,4.2103209807464737e-11,0,3.637978807091713e-12
2025-04-11,S18,5240.128046109791,5240.128046109791,27938.218051632648,27958.150077897637,27017.018675692656,859.9378945009389,19340.1909079723,338.2555132683908,15167.684117295958,12285.824135009721,10889.591650947303,20.572840909409933,10910.164491856713,2441.4536891410175,13351.61818099773,13351.61818099773,9.094947017729282e-13,3.637978807091713e-12,0,0.0
2025-04-12,S18,5240.128046109791,5240.12804610979,30086.81449338606,30086.814493386053,28066.73977547441,125.20429152331512,15364.310479290718,473.9931757057197,17518.31506316466,14189.835201163378,11810.070486100733,-1.8189894035458565e-12,11810.07048610073,305.1301160408074,12115.200602141538,12115.200602141538,1.1937117960769683e-12,3.5296210398882977e-12,0,9.094947017729282e-13
2025-04-13,S18,5240.12804610979,5240.128046109792,64993.33683828644,64985.31092033997,61627.03815720594,269.29003173995255,3260.4732566082557,288.87645511836774,21424.315757294327,17353.695763408403,38944.649196702405,-1.780549896422599,38942.86864680598,1073.5356112874347,40016.40425809342,40019.96535788626,2.7284841053187847e-12,8.185452315956354e-12,0,1.8189894035458565e-12
2025-04-14,S18,5240.128046109792,5232.679491493159,66034.12099956904,66034.12099956904,61417.23166912981,747.645288040969,5339.277033295586,141.4523522227214,21909.576162144393,17753.46039049193,39668.92850480735,0.0,39668.92850480735,2557.0022412783296,42225.93074608568,42225.93074608568,1.8189894035458565e-12,3.809574877777777e-11,0,7.448554616633373
2025-04-15,S18,5232.679491493159,5232.679491493159,60979.66533611869,60974.32159602562,58458.451818396716,1099.0735361170925,5193.530918547331,76.4290853915096,21832.297459166493,17684.160941924867,35294.274420880894,24.054171771022084,35318.32859265192,4661.634586887774,39979.96317953969,39987.784296180194,9.094947017729282e-13,1.7180923350679222e-11,0,0.0
2025-04-16,S18,5232.679491493159,5232.67949149316,64301.97847922745,64291.37339618789,62226.720716518095,1019.7607627082283,3218.28437761742,185.08808310033442,21386.931939518818,17323.414871010253,38096.46060876043,-2.155182588547177,38094.305426171886,4104.732284706508,42199.037710878394,42203.348076055496,9.094947017729282e-13,1.1571188451853232e-11,0,9.094947017729282e-13
2025-04-17,S18,5232.67949149316,5222.895981434294,59850.635448074325,59863.36541583262,57281.66812566998,886.5596508448065,1274.3134094397558,113.44886142132202,20636.46481424578,16724.341658592064,35756.90814614122,21.671189607564884,35778.579335748786,3297.930716355555,39076.51005210434,39078.01303964546,2.7284841053187847e-12,1.056221776707389e-11,0,9.783510058865431
2025-04-18,S18,5222.895981434294,5222.895981434294,28447.79343281766,28431.99848995182,26947.53864494757,267.6887328452955,17622.415582491714,353.90435088085894,15183.106637299808,12298.316376212848,10994.61767127832,-2.35265673986396,10992.265014538456,779.5100167062799,11771.775031244735,11776.480344724465,9.094947017729282e-13,7.467804152838653e-12,0,0.0
2025-04-19,S18,5222.895981434294,5222.895981434294,27875.73979575233,27861.842283344216,26749.370163442254,373.41684044866844,16935.37071394028,431.10728207104677,15640.156620418902,12668.526862539311,10752.07147331535,-1.9150772098364541,10750.156396105514,869.264624948659,11619.421021054173,11623.25117547385,2.0463630789890885e-12,5.002220859751105e-12,0,0.0
2025-04-20,S18,5222.895981434294,5222.895981434292,59642.294415725,59642.294415725024,57408.37489272334,1456.2720904978873,2677.8927590240246,285.3036657670626,20756.345658404225,16812.639983307425,35496.278804926274,0.0,35496.278804926274,5291.129312141811,40787.40811706809,40787.40811706808,2.2737367544323206e-12,9.478640095039736e-12,0,2.7284841053187847e-12
2025-04-21,S18,5222.895981434292,5215.306890566073,62005.949132011556,61994.76623551352,57944.41239522036,510.4636970478661,5822.6808491348565,200.49384476514456,20640.11156219103,16725.320547156127,35977.58922500721,-7.018944986979477,35970.57028002023,1885.0534178319572,37855.623697852185,37869.661587826144,1.8189894035458565e-12,7.275957614183426e-12,0,7.589090868218591
2025-04-22,S18,5215.306890566073,5215.306890566075,59217.89720855822,59238.3703665209,57791.65600776614,1705.3664159877912,3077.3145808265613,128.42021096532665,21780.83323839674,17642.474923101356,35047.71935152443,41.18213316629408,35088.90148469072,5689.709819983367,40778.611304674094,40779.12847040173,2.0463630789890885e-12,5.6417093219351955e-12,0,1.8189894035458565e-12
2025-04-23,S18,5215.306890566075,5203.194257033494,56604.58884356115,56634.783117042,55622.54093458162,1726.984153646081,1786.762732975447,211.9149582153384,20851.747634471383,16900.816954101145,33541.372341550355,42.53443660635094,33583.90677815671,5953.607386132311,39537.514164289016,39537.514164289016,1.8189894035458565e-12,1.0238920822303044e-11,0,12.11263353258073
2025-04-24,S18,5203.194257033494,5203.194257033494,58869.76314402322,58864.80596808821,56444.760661056695,416.47669952434904,5547.758009933887,161.44487083086176,21378.567262190983,17316.639482374696,34368.58553737821,-1.0147339139002725,34367.57080346431,1572.0596732968654,35939.63047676117,35941.65994458898,1.3642420526593924e-12,2.346922656215611e-11,0,0.0
2025-04-25,S18,5203.194257033494,5203.194257033498,27878.276997903522,27844.458947162126,25741.17541296667,193.27146805601308,20796.716897315942,263.703321836198,15124.573746687032,12250.904734816488,10615.885538044775,-12.844226063369206,10603.041311981406,693.3642627448696,11296.405574726276,11322.094026853012,2.0463630789890885e-12,6.366462912410498e-12,0,3.637978807091713e-12
2025-04-26,S18,5203.194257033498,5203.1942570334995,27681.578493708614,27681.578493708614,26386.38576651668,309.4873652942903,23241.55481479343,371.1552694600135,15857.733759074752,12844.764344850553,10796.791510686255,0.0,10796.791510686255,956.6552750727371,11753.446785758992,11753.446785758992,9.094947017729282e-13,3.8049563499953365e-12,0,1.8189894035458565e-12
2025-04-27,S18,5203.1942570334995,5203.1942570334995,56800.053138737116,56899.458937018935,54719.09221712535,1729.9690123500595,3933.577235671327,158.53650995940427,19913.033160585892,16129.556860074565,33227.46933556358,180.35707192918198,33407.826407492765,8239.950145794875,41647.77655328764,41647.98434128046,1.8189894035458565e-12,2.851763269973162e-11,0,0.0
2025-04-28,S18,5203.1942570334995,5203.1942570334995,67344.35209513674,67356.9593390085,63475.68132126536,471.8480891120187,3181.975553982901,120.49606343730534,21174.160401528916,17151.069925238422,40259.54202645784,21.323814932795358,40280.86584139064,2094.352440233412,42375.21828162405,42375.218281624046,9.094947017729282e-13,1.8962609260597674e-12,0,0.0
2025-04-29,S18,5203.1942570334995,5203.194257033503,60012.59114590834,60025.01185911643,56933.91350256769,430.08432268819837,6145.729330896305,93.31061488415094,19430.232435835518,15738.488273026765,34698.38772240653,25.333345717415796,34723.721068123945,1932.8510904638515,36656.5721585878,36658.094096351924,9.094947017729282e-13,1.4784617974328285e-11,0,3.637978807091713e-12
2025-04-30,S18,5203.194257033503,5203.194257033502,56656.10551426313,56634.28272614448,53547.683198643455,1509.943391995014,3137.6586936228823,169.07204978441155,18389.691652093912,14895.650238196064,33313.91364871003,-8.686643133420148,33305.22700557661,5486.241549940219,38791.46855551683,38808.84184178368,1.8189894035458565e-12,6.0254023992456496e-12,0,9.094947017729282e-13
2025-05-01,S18,5203.194257033502,5203.194257033504,60163.30864480625,60157.95048761126,57334.08475988193,2460.98652143606,4829.081949790539,0.0,20813.73963961807,16859.129108090638,36432.40008614238,-3.3865415651744115,36429.0135445772,11624.08605042697,48053.09959500417,48059.87267813452,9.094947017729282e-13,3.092281986027956e-11,0,1.8189894035458565e-12
2025-05-02,S18,5203.194257033504,5203.194257033504,30950.52308867932,30972.502068199457,29702.143103923576,479.26101926369944,12566.130965704582,294.83428655339236,15947.993618926115,12917.874831330153,13255.508327166744,13.10979678093463,13268.61812394768,1687.0239239087564,14955.642047856436,14955.642047856436,1.3642420526593924e-12,2.2737367544323206e-12,0,0.0
2025-05-03,S18,5203.194257033504,5203.194257033505,32851.531571260886,31666.61881949985,29185.7945763574,207.3734776149112,17228.425177861212,324.28647798148864,15648.867095419031,12675.582347289412,14594.892035322504,-482.0806341325624,14112.811401189942,852.189385465893,14965.000786655835,15929.162054920958,9.094947017729282e-13,3.410605131648481e-12,0,9.094947017729282e-13
2025-05-04,S18,5203.194257033505,5061.267469303968,65733.7313435456,65974.10949627453,61313.22315888399,570.1045780197022,6314.436333387922,60.51289937640888,20533.92252506632,16760.211354260293,40309.786350826,422.3709188134162,40732.157269639414,2159.789029344034,42891.94629898345,42891.94629898344,1.8189894035458565e-12,2.1756818568974268e-11,0,141.92678772953695
2025-05-05,S18,5061.267469303968,5061.26746930397,67619.04587337983,67619.04587337983,62821.86699517339,666.5442480763719,4037.498879997479,299.3291374241885,21450.402241200343,17374.82581537228,42467.193360731355,0.0,42467.193360731355,1775.880768723806,44243.07412945516,44243.07412945516,9.094947017729282e-13,5.9117155615240335e-12,0,1.8189894035458565e-12
2025-05-06,S18,5061.26746930397,5061.26746930397,58829.10214508473,58837.8089226018,56891.51171296791,1898.9309687563793,1953.484388188875,251.64243695609014,19553.860473224577,15838.626983311908,37060.188058067724,11.139015816464962,37071.32707388419,8566.085184186915,45637.412258071105,45637.412258071105,9.094947017729282e-13,1.3603340676127118e-11,0,0.0
2025-05-07,S18,5061.26746930397,5061.267469303971,64944.90400825946,64659.503912168555,61075.540863097565,700.6231043133645,2259.2987245482786,371.4583961287908,21460.846824915123,17383.285928181245,41249.18346778246,-97.99802860234195,41151.18543918012,2158.437410278051,43309.62284945817,43533.99452120284,4.547473508864641e-13,1.0800249583553523e-12,0,9.094947017729282e-13
2025-05-08,S18,5061.267469303971,5061.267469303971,71514.64072210938,71690.19116189875,65555.07758126901,308.2886301219595,5444.4229944284,415.2667097668982,21985.074248398327,17807.910141202647,44283.53938972452,321.1844900866563,44604.72387981118,1426.1298717507498,46030.85375156193,46033.38571579224,9.094947017729282e-13,1.5335288594542362e-11,0,0.0
2025-05-09,S18,5061.267469303971,5061.267469303973,31888.361839869845,32298.18438952536,29181.40754066458,102.09581115660029,16940.965792090818,842.9952439884156,15790.297188115524,12790.140722373571,13929.286476628124,557.6631789364401,14486.949655564564,221.63755947580478,14708.587215040368,14713.385200599292,5.4001247917767614e-12,2.7284841053187847e-12,0,1.8189894035458565e-12
2025-05-10,S18,5061.267469303973,5061.2674693039735,30560.181727652558,30560.181727652554,28853.511452487313,514.4008451459702,13771.12687555542,628.0857674093244,14987.654585974768,12140.000214639562,13461.322332259548,1.8189894035458565e-12,13461.32233225955,1275.7651684247164,14737.087500684265,14737.087500684263,9.094947017729282e-13,1.5916157281026244e-12,0,9.094947017729282e-13
2025-05-11,S18,5061.2674693039735,5061.2674693039735,67134.23872721393,66525.81613279738,62972.39119689541,479.38749673911366,3771.74056942153,192.47677031453532,21070.959318763697,17067.47704819859,41357.77420335202,-215.21853643519717,41142.55566691682,2128.0586721082905,43270.61433902511,43721.745189187975,1.8189894035458565e-12,5.24824628200804e-11,0,0.0
2025-05-12,S18,5061.2674693039735,5061.267469303975,64185.74672708257,64191.628318152085,60495.206465754425,382.5896637888137,4872.586131338677,442.7839177505384,19111.741300635127,15480.510453514442,39836.52742878387,8.573595302012109,39845.10102408588,1659.1370899864228,41504.2381140723,41504.2381140723,1.8189894035458565e-12,4.8260062612826005e-11,0,1.8189894035458565e-12
2025-05-13,S18,5061.267469303975,5061.267469303975,69186.68197928433,69256.269850633,64167.466762973265,387.8487150441804,7076.8851880648535,160.22570411614095,22047.325364051496,17858.333544881712,41819.45907430859,127.42034093726397,41946.87941524585,1746.0767860882427,43692.95620133409,43694.24752681868,9.094947017729282e-13,2.3945290195115376e-11,0,0.0
2025-05-14,S18,5061.267469303975,5061.267469303974,67562.62542301146,66829.85620924507,61778.92189151592,578.1890022405458,4914.712661714298,405.7917754185005,21170.829859422898,17148.37218613255,41754.53078653519,-326.5253607135601,41428.00542582163,1987.7763163160323,43415.78174213767,44068.83246356478,9.094947017729282e-13,7.312150884786206e-11,0,9.094947017729282e-13
2025-05-15,S18,5061.267469303974,5058.620659568414,66739.50551385593,66711.8969168665,61928.19701219881,269.8244748405757,4809.679009974737,506.9936914132295,21677.224374105772,17560.933871787678,42051.062224527355,10.630266539053991,42061.69249106641,892.8053220168663,42954.497813083275,43026.921381515545,4.547473508864641e-13,2.3606228083394853e-11,0,2.646809735560055
2025-05-16,S18,5058.620659568414,5058.620659568414,30313.83249864725,30398.18017090168,27972.767477279373,236.96282672537728,21619.32055788637,716.9721846539451,16620.689621742684,13462.758593611576,13005.689513072677,59.71895631087136,13065.408469383548,656.3121744421348,13721.720643825684,13721.720643825684,1.8189894035458565e-12,4.209965709378594e-12,0,0.0
2025-05-17,S18,5058.620659568414,5058.620659568413,30157.927592424196,30248.96653579637,28279.836520897494,293.54078595280214,14788.183230996781,324.0698913072754,15854.342637962684,12842.017536749769,12951.84716284682,155.07573614017383,13106.922898986993,1037.2912152324268,14144.21411421942,14144.21411421942,9.094947017729282e-13,2.177813485104707e-12,0,9.094947017729282e-13
2025-05-18,S18,5058.620659568413,4962.322690580465,68850.54437288303,68880.4203965959,63587.067648662094,289.3270164316025,5857.816672892443,426.30362045834056,21067.23391490561,17151.127643162694,41944.26684054817,49.498534226855554,41993.76537477502,731.4773118682252,42725.24268664325,42725.24268664324,9.094947017729282e-13,4.654054919228656e-12,0,96.29796898794848
2025-05-19,S18,4962.322690580465,4962.322690580466,63556.32030758388,63404.718494415545,58508.2508846314,220.88254208089856,7011.915080424866,363.1301195499857,20204.587772302388,16365.716095564938,38360.62770659677,-51.381362606240145,38309.24634399053,1234.1335551172726,39543.37989910781,39646.14262432029,4.547473508864641e-13,4.547473508864641e-12,0,9.094947017729282e-13
2025-05-20,S18,4962.322690580466,4930.973580520031,62832.98072342463,62844.29700416828,60290.446521836544,1065.4054054438154,3143.1850403271483,79.45612256374613,19126.47445672194,15520.658508999162,38132.004057871876,31.406844779623498,38163.4109026515,4390.515946983469,42553.92684963497,42556.008426606546,4.547473508864641e-13,1.7820411812863313e-11,0,31.349110060435123
2025-05-21,S18,4930.973580520031,4930.973580520034,58887.973765414565,58653.69477383215,56459.77474584943,1421.5238829825985,2809.0625811597097,296.33250133297156,17964.675068452558,14551.386805446577,36948.665065996305,-89.6739679814782,36858.99109801483,5236.547276308349,42095.53837432318,42274.88631028615,1.8189894035458565e-12,2.9558577807620168e-12,0,3.637978807091713e-12
2025-05-22,S18,4930.973580520034,4930.973580520035,61301.18762941312,61301.77515542657,58404.19412510123,938.123163375283,4358.178962677835,375.59160510715174,19957.452126446584,16165.536222421739,37768.7812452263,4.079060150514124,37772.86030537682,2559.7263722513867,40332.586677628206,40334.63047591733,9.094947017729282e-13,1.475868316447304e-10,0,9.094947017729282e-13
2025-05-23,S18,4930.973580520035,4930.973580520038,29354.116509993146,29357.18539583585,27582.06781484414,250.34650765901844,18057.80402512418,377.3343022487114,15664.879535773307,12688.552423976374,12217.240448691555,3.075944280149997,12220.316392971705,880.145208912562,13100.461601884266,13100.461601884264,9.094947017729282e-13,1.1056044968427159e-11,0,2.7284841053187847e-12
2025-05-24,S18,4930.973580520038,4930.97358052004,31338.98158901155,31197.49799315749,28210.249850462165,229.3048889618687,20564.715741781238,1137.1556943603605,15700.957473416327,12717.775553467227,14213.980866033064,-81.283668507107,14132.697197525957,826.0592812841173,14958.756478810074,15121.323815824288,5.4569682106375694e-12,7.936762358440319e-12,0,1.8189894035458565e-12
2025-05-25,S18,4930.97358052004,4799.190260824147,64167.042582819704,64336.64826977494,59208.779079052285,335.90394631031836,7107.616488267371,288.40394801881996,19590.828386681038,15987.175980937945,38473.811210332155,294.37602601139224,38768.18723634355,1546.7790030372728,40314.96623938082,40314.96623938082,9.094947017729282e-13,2.220801320618193e-11,0,131.78331969589271
2025-05-26,S18,4799.190260824147,4799.190260824147,60981.90225366401,60925.01520045216,57647.01899033862,2319.8410193858635,1411.7101339323376,327.84765623727276,19197.20668186767,15549.737412312817,37738.77821529958,-31.819095859624213,37706.959119439955,7428.434984349574,45135.39410378953,45199.032295508776,1.8189894035458565e-12,2.0335733097454067e-11,0,0.0
2025-05-27,S18,4799.190260824147,4737.072539314108,57802.220865982745,57844.513446790406,54798.833066679676,900.5970485025308,2781.6530655331985,174.24201569088734,17942.493070090182,14589.325336132079,35971.506762731085,50.17414855462266,36021.68091128571,3418.147825291313,39439.82873657702,39439.82873657702,1.8189894035458565e-12,2.489741746103391e-11,0,62.11772151003879
2025-05-28,S18,4737.072539314108,4537.7562038045235,65958.04805858903,66113.80126848398,61850.08107636623,166.87595415303576,5613.110804306462,275.66022690869136,21230.245269803843,17375.883370499734,40328.86499135761,279.5653941687924,40608.4303855264,533.7048524300012,41142.135237956405,41145.42783683075,1.8189894035458565e-12,2.4556356947869062e-11,0,199.31633550958486
2025-05-29,S18,4537.7562038045235,4537.7562038045235,65181.68841876865,65092.43091460373,62176.083999432274,702.9752592604234,4481.17165506695,232.02890360393815,21345.974736956832,17290.239536935016,39755.850785064176,-15.923957739381876,39739.926827324794,2918.8311332976314,42658.757960622424,42697.71033783827,9.094947017729282e-13,1.4551915228366852e-11,0,0.0
2025-05-30,S18,4537.7562038045235,4537.756203804525,29825.744562845503,29922.43329949044,27851.02785576933,212.93583860445491,17791.174483539227,782.095842510643,15234.000535038176,12339.540433380922,13079.820956357884,132.9225584725773,13212.743514830461,553.3694492347852,13766.112964065247,13767.920552232075,3.183231456205249e-12,4.575895218295045e-12,0,1.8189894035458565e-12
2025-05-31,S18,4537.756203804525,4537.756203804525,32227.074408933346,32237.086212099992,28502.70737624224,357.7389927819217,16750.640037326837,669.5121481131392,16058.487545179865,13007.374911595696,13694.58068238188,9.422107960139328,13704.00279034202,991.8665277259734,14695.869318067993,14695.869318067993,2.5011104298755527e-12,8.185452315956354e-12,0,0.0
2025-06-01,S18,4537.756203804525,4537.756203804527,81478.56900612208,81486.78966662432,76669.7414964135,3856.7217739454895,4416.06913931869,0.0,25713.51490021217,20827.947069171867,55644.56903954727,13.698189072041714,55658.26722861931,15839.565441698827,71497.83267031814,71504.17202651476,2.7284841053187847e-12,4.087041816092096e-11,0,1.8189894035458565e-12
2025-06-02,S18,4537.756203804527,4145.5800535764565,87659.70070007042,87916.43310856339,78725.88357079502,422.0252237556034,6081.9125839798835,0.0,25148.14366197911,20722.954901408346,60053.982655278494,440.18968770337233,60494.17234298187,1696.3228632381033,62190.49520621997,62190.49520621997,1.8189894035458565e-12,1.2647660696529783e-11,0,392.1761502280706
2025-06-03,S18,4145.5800535764565,3481.6413411335952,81209.18693024693,81261.72012639423,75341.4238785752,309.4301090318869,4100.282199576198,8.150305734502922,20776.83942190336,17426.7847729403,55218.36369306035,79.24161901179468,55297.60531207215,1317.8209475379047,56615.42625961005,56615.42625961005,4.547473508864641e-13,4.5066173015584354e-12,0,663.9387124428613
2025-06-04,S18,3481.6413411335952,3481.6413411335952,92705.65226951352,92744.93330813211,80173.39444786422,471.9212036502312,6416.848907064261,3.4516666666667106,24103.969795351954,19524.215534235085,64183.423580373084,55.972950887800835,64239.396531260885,1817.3050842222506,66056.70161548314,66069.86125966719,1.8189894035458565e-12,3.772981926886132e-12,0,0.0
2025-06-05,S18,3481.6413411335952,3305.7993419746495,82476.23155590732,82523.76003582463,77589.38593021192,1031.6864392528435,3504.13974077679,0.0,21715.117954022724,17747.50334200147,56343.1862807628,76.35209481155471,56419.53837557435,4780.23698206754,61199.77535764189,61199.77535764189,2.5011104298755527e-12,2.155786660296144e-11,0,175.84199915894578
2025-06-06,S18,3305.7993419746495,2556.89475914696,43602.31625903713,43368.147366621924,41072.49009475279,204.33160056739302,7986.8271672479705,624.3668060030507,13077.086561126736,11266.454239057575,22227.819246605,-104.52128401237132,22123.297962592627,712.5696367855061,22835.867599378133,23044.91016740287,9.094947017729282e-13,1.1048939541069558e-11,0,748.9045828276894
2025-06-07,S18,2556.89475914696,2556.8947591469573,47825.488522415704,47825.48852241568,43316.59904300736,501.6343809462171,9500.277648609173,330.7323472173405,15056.369797159903,12195.659535699528,23256.807161892888,0.0,23256.807161892888,1597.3117559421464,24854.118917835036,24854.118917835036,1.8189894035458565e-12,5.4569682106375694e-12,0,2.7284841053187847e-12
2025-06-08,S18,2556.8947591469573,1972.887519392576,81301.51265312431,82336.3032197082,73838.33888984275,507.6820514577195,5490.569493907566,113.45769818214171,21487.77367538454,17930.70319284042,54919.38572155041,1638.7626053738568,56558.14832692427,2079.568268263228,58637.71659518749,58639.49613204315,2.2737367544323206e-13,1.0278000672769849e-11,0,584.0072397543813
2025-06-09,S18,1972.887519392576,1972.887519392576,90662.63674316178,89664.18103898953,79144.26866574187,225.87642357283755,4345.900270181394,0.0,21534.37939894738,17442.847313147384,63819.09366787152,-438.9074215141154,63380.18624635741,830.0504830131121,64210.23672937052,65088.051572398734,9.094947017729282e-13,1.887201506178826e-11,0,0.0
2025-06-10,S18,1972.887519392576,1972.8875193925765,82323.8749980744,82326.73400393651,77229.05674652806,549.1672288683809,2068.369894829948,0.0,21533.73603806926,17442.326190836102,56487.71359356904,5.769759730312217,56493.48335329935,2291.2429366937863,58784.72628999314,58784.72628999313,9.094947017729282e-13,6.956923925827141e-11,0,4.547473508864641e-13
2025-06-11,S18,1972.8875193925765,1972.8875193925765,87838.6692588711,87191.03362261214,79927.36372804508,1108.4548641932724,852.1848398974602,0.0,21574.67071407506,17475.483278400803,61713.32475916849,-206.40138728085003,61506.92337188764,4826.910463295626,66333.83383518326,66746.63660974498,9.094947017729282e-13,1.546140993013978e-11,0,0.0
2025-06-12,S18,1972.8875193925765,1972.8875193925755,85323.60592182494,85373.87932260106,78958.66227998285,289.665840799458,2538.8855077547782,0.0,22405.532524706206,18148.481345012035,59185.009506548406,38.21263419277966,59223.222140741185,1064.4205256798136,60287.642666421,60287.642666420994,1.8189894035458565e-12,9.134026868196088e-12,0,9.094947017729282e-13
2025-06-13,S18,1972.8875193925755,1950.0000000000007,43875.55901672885,44160.5071557405,37785.66600156932,101.66905086852762,5740.5725119623485,1128.543666675817,14176.336532910575,11503.431359110884,22321.887370014745,381.6166418653884,22703.504011880133,189.8583485971694,22893.362360477302,22893.362360477302,9.094947017729282e-13,8.72546479513403e-12,0,22.88751939257486
2025-06-14,S18,1950.0000000000007,1950.000000000001,41522.78194171687,41523.37945516907,38458.12993698072,249.3107014002378,9322.237154996528,525.7040362650406,14032.403669049329,11366.246971929953,21316.8291275277,1.4659923992185213,21318.29511992692,665.3637329319189,21983.658852858836,22004.771916422975,4.547473508864641e-13,1.6900258970053983e-11,0,2.2737367544323206e-13
2025-06-15,S18,1950.000000000001,1876.5828049520876,79140.60013163103,79127.5213346127,72871.06295678555,2795.288848131012,956.1328091877996,11.306688888888857,21779.01815289292,17707.080179386387,54254.07537658074,-8.37369979097275,54245.701676789766,11613.149977255325,65858.8516540451,65875.59905362704,2.0463630789890885e-12,2.525268882891396e-11,0,73.41719504791331
2025-06-16,S18,1876.5828049520876,1876.5828049520871,85146.40414302066,85151.46476298325,76482.31963902315,1380.7854310978128,847.6704279453402,0.0,22744.11487109964,18422.733045590707,59415.704222235654,10.355546629456512,59426.05976886511,5991.704224550471,65417.76399341558,65417.76399341558,2.7284841053187847e-12,1.1183942660863977e-11,0,4.547473508864641e-13
2025-06-17,S18,1876.5828049520871,1876.5828049520885,84871.5418373619,84894.78987076695,79341.8408852021,807.1772005769179,1248.265762737481,0.0,22440.742665130852,18177.001558755997,59107.1533328601,48.16661907030357,59155.3199519304,3789.3508949201046,62944.67084685051,62944.67084685051,2.2737367544323206e-13,1.9941381879107212e-11,0,1.3642420526593924e-12
2025-06-18,S18,1876.5828049520885,1364.4092251261316,84066.08293223893,84208.47420482068,76832.50279608187,498.3328758493752,2572.9194663951657,0.0,22581.48172304961,18751.956417513546,58291.392113457914,243.1459328773126,58534.53804633523,1966.6474102471097,60501.18545658234,60501.18545658233,4.547473508864641e-13,1.2896350654045818e-11,0,512.173579825957
2025-06-19,S18,1364.4092251261316,1200.0,79413.32458795398,79805.15198577271,75230.04231987886,928.3585335767486,4078.2636506986173,0.0,20887.3752914236,17066.74228866663,53481.89003121267,723.5446466850626,54205.434677897734,4126.957603680757,58332.39228157849,58332.39228157849,1.8189894035458565e-12,1.6825651982799172e-11,0,164.40922512613156
2025-06-20,S18,1200.0,1200.000000000001,38246.59250107706,38376.07453411006,34028.497766147506,21.10512037593122,8479.083539284718,682.1278820165827,13093.740080116597,10605.929464894445,19480.203521819458,130.5476750938069,19610.751196913265,40.63739072298591,19651.38858763625,19666.63593401955,9.094947017729282e-13,3.318234575999668e-12,0,9.094947017729282e-13
2025-06-21,S18,1200.000000000001,1200.0000000000018,39614.22836830452,39614.22836830452,33552.768149582975,51.64625175702156,10602.345858345343,1078.2954325339215,13626.487949793227,11037.455239332518,20137.75389749645,-3.637978807091713e-12,20137.753897496445,112.63751739632016,20250.391414892765,20250.391414892765,9.902123565552756e-11,1.5305090528272558e-11,0,9.094947017729282e-13
2025-06-22,S18,1200.0000000000018,1200.0,79698.14284639677,78031.90857885384,73323.92131589442,1431.0911748854064,3354.6887692076034,0.0,20752.540113538063,16809.557491965836,53776.16999648223,-745.6843712338086,53030.485625248424,6799.735057070262,59830.220682318686,61321.58942478631,4.547473508864641e-13,1.3415046851150692e-11,0,1.8189894035458565e-12
2025-06-23,S18,1200.0,1200.0000000000002,77463.18634360144,77537.27963416038,73810.38973317858,672.8770835445329,3005.7128098410403,21.495866666666643,23130.379685344196,18735.607545128798,52157.97079431274,118.76287914918066,52276.733673461924,2353.0145131139407,54629.74818657587,54630.76155906955,9.094947017729282e-13,1.0913936421275139e-11,0,2.2737367544323206e-13
2025-06-24,S18,1200.0000000000002,1200.0000000000005,89321.55110874283,89250.63896395177,82877.95397721625,607.1649500238777,2509.3369203386324,30.440962637884695,24613.414706650612,19936.865912387006,63181.28301552815,-10.308971156096959,63170.97404437205,2298.5830764883003,65469.55712086035,65581.40414531036,2.7284841053187847e-12,5.652367462971597e-12,0,2.2737367544323206e-13
2025-06-25,S18,1200.0000000000005,1200.0000000000005,81034.12195110059,81034.12195110058,75962.99648529824,1300.021907067096,2850.9551720753834,0.0,20919.167650648993,16944.525797025686,54809.46620548413,7.275957614183426e-12,54809.46620548414,6470.666094769487,61280.13230025362,61280.13230025362,9.094947017729282e-13,3.637978807091713e-12,0,0.0
2025-06-26,S18,1200.0000000000005,1199.9999999999995,77520.67951808339,79504.2512448196,72899.06430683033,1519.3521386096645,2760.1411694800267,0.0,21636.270750666376,17525.379308039766,51817.63122005218,2852.7868154477474,54670.418035499926,5603.110848981833,60273.52888448176,60291.172686712016,9.094947017729282e-13,7.275957614183426e-12,0,9.094947017729282e-13
2025-06-27,S18,1199.9999999999995,1199.9999999999995,39625.07764006805,38525.53305344737,33036.37574573202,141.86479768208613,10367.700518280322,446.33013664846214,13645.07379904557,11052.50977722691,19761.53543604284,-424.4127746766644,19337.122661366175,393.14097694972736,19730.2636383159,20579.089187669237,9.094947017729282e-13,8.526512829121202e-12,0,0.0
2025-06-28,S18,1199.9999999999995,1200.0000000000014,35581.4158030406,35562.900797104856,32525.600291349194,419.55845195303266,8035.506045747795,515.5500405653711,13774.61337011789,11157.436829795492,17703.947484587887,-10.275828294328676,17693.671656293558,1166.7914017092423,18860.4630580028,18881.014714591456,1.8189894035458565e-12,7.275957614183426e-12,0,1.8189894035458565e-12
2025-06-29,S18,1200.0000000000014,1200.0000000000007,74744.80613991403,74605.32928318884,72382.2392340802,3574.2599680209737,2698.7042384556576,14.068333333333385,20926.095247256977,16950.137150278166,50223.96835770139,-43.88788082033716,50180.080476881056,15165.521411906473,65345.601888787525,65433.3776504282,9.094947017729282e-13,3.092281986027956e-11,0,6.821210263296962e-13
2025-06-30,S18,1200.0000000000007,1199.999999999999,82422.41231121145,82673.71410398609,76777.0276696174,621.6322409180436,3113.136894950967,20.306699999999978,23092.275432900733,18704.7431006496,55610.5958267845,248.03709050697944,55858.63291729148,2574.7487262326013,58433.38164352408,58433.38164352407,9.094947017729282e-13,5.4569682106375694e-12,0,1.5916157281026244e-12
2025-07-01,S18,1199.999999999999,1199.999999999999,72521.80001594807,72248.1815933961,72233.68402914853,12047.616437078063,1340.1084060439066,0.0,21445.515930786147,17370.867903936774,52830.29240479936,-167.84015045243723,52662.45225434692,50516.1723985358,103178.62465288272,103514.3049537876,1.8189894035458565e-12,1.4924950164640904e-11,0,0.0
2025-07-02,S18,1199.999999999999,1200.0000000000002,86952.80564330518,86947.45221562542,80383.29501379067,193.15774279463483,3599.355512985442,0.0,21433.320404911537,17360.98952797835,64948.575614524336,33.581163038659724,64982.156777562996,646.1977156897912,65628.35449325279,65664.45745368303,2.2737367544323206e-13,3.637978807091713e-11,0,1.1368683772161603e-12
2025-07-03,S18,1200.0000000000002,1200.0,101766.32773555855,100023.3424404583,88450.86156020901,274.76398304402164,4180.778883523154,0.0,25181.19855998205,20396.770833585462,77342.3351752187,-1038.9482696904306,76303.38690552827,1810.7894664190158,78114.17637194728,80192.07291132814,4.547473508864641e-13,8.185452315956354e-12,0,2.2737367544323206e-13
2025-07-04,S18,1200.0,1200.0000000000016,44042.52650616631,42240.30657917475,40130.3469469288,1850.3947641141235,10370.71657569662,206.0243273100017,13279.649165103296,10756.515823733671,26736.524338684518,-902.9970152532842,25833.527323431234,5397.393341149478,31230.920664580713,33036.914695087275,9.094947017729282e-13,1.8189894035458565e-12,0,1.5916157281026244e-12
2025-07-05,S18,1200.0000000000016,1199.9999999999989,51326.02952595099,51301.24040924935,43934.39437256714,123.67107591239409,11583.769863638701,864.134705555554,14842.531119045327,12022.450206426722,29501.390317161346,-15.177250414613809,29486.21306674673,430.68863310415634,29916.90169985089,29947.25620068012,1.8189894035458565e-12,1.7210951184444986e-11,0,2.7284841053187847e-12
2025-07-06,S18,1199.9999999999989,1200.0,95330.28510343807,95330.28510343801,84692.70014790246,1418.3495500150702,1489.9513766992904,34.628333333333444,25223.62335728901,20431.134919404103,72242.51728250147,1.4551915228366852e-11,72242.51728250149,7663.8151611278045,79906.33244362929,79906.33244362929,1.1368683772161603e-12,5.7980287238024175e-12,0,1.1368683772161603e-12
2025-07-07,S18,1200.0,1200.0,88470.36337800702,88491.17078205278,81160.19337771977,790.6281611640853,4288.941141682492,0.0,22381.04016070881,18128.64253017414,65610.08366932537,104.72967520890234,65714.81334453427,3363.898735875346,69078.71208040962,69118.13007610392,2.2737367544323206e-13,1.2668976978602586e-11,0,0.0
2025-07-08,S18,1200.0,1200.0,104406.00560616246,104514.27799477856,87568.86215322584,0.0,7343.737894666952,0.0,24493.353904695945,19839.616662803717,78452.74358606956,219.7933322142635,78672.53691828382,0.0,78672.53691828382,78672.5369182838,2.2737367544323206e-13,1.4551915228366852e-11,0,0.0
2025-07-09,S18,1200.0,1200.0000000000005,92009.13934494811,91993.60633266311,84032.42365768433,246.2695621670417,5680.7122945216815,0.0,23890.82057191051,19351.564663247515,67914.41778243409,37.28221071329608,67951.69999314738,1303.2518787387112,69254.95187188609,69274.10459003621,1.8189894035458565e-12,3.240074875066057e-11,0,4.547473508864641e-13
2025-07-10,S18,1200.0000000000005,1199.9999999999986,88567.45345305567,88567.4534530557,81012.01956350752,380.65712969218237,4249.3646268055545,0.0,22577.308858214772,18287.620175153963,66251.28414232319,0.0,66251.28414232319,1477.877112281562,67729.16125460475,67729.16125460475,9.094947017729282e-13,2.9103830456733704e-11,0,1.8189894035458565e-12
2025-07-11,S18,1199.9999999999986,1199.9999999999995,54050.195850038726,54117.2748280903,45606.383050528144,113.75455683675352,9471.288338079574,896.9442500000001,14911.19931202795,12078.071442742637,31276.639499562192,58.00726246002159,31334.646762022214,334.01148550533424,31668.658247527546,31705.956308536453,1.8189894035458565e-12,1.4196643860486802e-11,0,9.094947017729282e-13
2025-07-12,S18,1199.9999999999995,1200.0000000000011,46251.77036017105,46233.72275932322,42679.912152006116,480.9749751523486,8719.673212357304,517.0510039474873,14946.945144843872,12107.025567323532,26884.413606908383,20.345119902263832,26904.758726810647,1514.0381131063975,28418.796839917046,28439.934822693165,9.094947017729282e-13,1.4551915228366852e-11,0,1.5916157281026244e-12
2025-07-13,S18,1200.0000000000011,1200.0,99553.05317031288,99221.14715442606,81124.80079041139,0.0,7315.706106891044,0.0,23901.969913265093,19360.59562974473,73582.14242935328,-195.2154584788368,73386.92697087444,0.0,73386.92697087444,73777.35788783213,6.821210263296962e-13,7.008793545537628e-11,0,1.1368683772161603e-12
2025-07-14,S18,1200.0,1199.9999999999993,95214.8328167952,95184.11393124644,81556.36961555252,51.124714109631554,5590.987668997846,0.0,22151.723389461225,17942.895945463602,69378.91853981338,-17.509764762813575,69361.40877505057,339.70992105396044,69701.11869610453,69736.13822563016,4.547473508864641e-13,1.1368683772161603e-12,0,6.821210263296962e-13
2025-07-15,S18,1199.9999999999993,1200.0000000000018,94090.85930073739,94125.53122402792,82346.08586207843,85.67770499800162,5314.685016543242,0.0,22989.620879999384,18621.5929127995,69109.50519300633,70.54683504809509,69180.05202805443,400.452499142455,69580.50452719688,69580.50452719687,2.0463630789890885e-12,3.6060043839825084e-11,0,2.5011104298755527e-12
2025-07-16,S18,1200.0000000000018,1200.0,89203.14932994613,88989.98198155283,81286.3910716656,576.7370386676603,5508.68660275548,0.0,22209.884864444364,17990.00674019994,67187.3499027405,-133.5704212498822,67053.77948149062,2157.962891124659,69211.74237261528,69478.88321511506,2.2737367544323206e-13,3.694822225952521e-12,0,1.8189894035458565e-12
2025-07-17,S18,1200.0,1200.0,91405.71372232774,89668.69517937214,80224.49347382988,292.2412335916316,3643.3838694126307,0.0,21857.55142811685,17704.616656774655,67513.12725788736,-1072.0869332899601,66441.0403245974,1396.0126203384655,67837.05294493587,69981.22681151578,2.2737367544323206e-13,1.0913936421275139e-11,0,0.0
2025-07-18,S18,1200.0,1200.0000000000014,54299.475116514484,54299.475116514484,44564.76316529764,25.927731218087388,9649.44721215669,885.5987244695904,14638.930841523465,11857.533981634011,30719.28138819319,3.637978807091713e-12,30719.281388193194,62.03364451413326,30781.315032707327,30781.315032707324,5.6274984672199935e-11,3.126388037344441e-12,0,1.3642420526593924e-12
2025-07-19,S18,1200.0000000000014,1199.9999999999995,59910.60114802109,59910.60114802108,44140.15119709624,36.216147094415646,12874.988269887499,1148.6458242913811,15631.127368483107,12661.213168471322,34539.15739346649,-7.275957614183426e-12,34539.157393466485,140.74489963055663,34679.90229309704,34679.90229309704,1.3642420526593924e-12,5.229594535194337e-12,0,1.8189894035458565e-12
2025-07-20,S18,1199.9999999999995,1200.0,97104.94588512117,97000.55084565762,80820.89514537562,192.56650626602783,4477.394422515095,0.0,23400.468486630787,18954.37947417094,70753.11584340096,-54.9559026081115,70698.15994079284,937.317325150332,71635.47726594318,71745.38907115938,4.547473508864641e-13,1.4551915228366852e-11,0,4.547473508864641e-13
2025-07-21,S18,1200.0,1200.0,98519.16380013835,98519.16380013834,82739.9379381506,107.35455725778439,4489.483430497177,0.0,22989.78797321677,18621.728258305586,73513.16104395293,0.0,73513.16104395293,501.05770589797197,74014.2187498509,74014.2187498509,4.547473508864641e-13,1.3510970120478305e-11,0,0.0
2025-07-22,S18,1200.0,1200.0,84791.7618393279,84812.13018090551,80216.50478843,1489.7735618411002,3560.8536556071385,0.0,22896.21093682776,18545.930858830492,62559.64745440763,41.26063114423596,62600.90808555187,5698.527362872386,68299.43544842425,68310.78921973034,4.547473508864641e-13,6.366462912410498e-12,0,0.0
2025-07-23,S18,1200.0,1200.0,99141.48041530087,99124.71893863018,86010.57041194467,65.4595599274196,7030.838352922674,0.0,25413.9184330671,20585.27393078436,72974.99002011755,-9.044784568206524,72965.94523554934,264.69344358349736,73230.63867913284,73248.72824826927,2.2737367544323206e-13,8.003553375601768e-11,0,0.0
2025-07-24,S18,1200.0,1199.9999999999998,103753.82513887348,102814.70348914075,86041.61201137761,0.0,7507.606538643876,0.0,25881.755119651156,20964.221646917453,77812.1623614074,-667.0836338207009,77145.0787275867,0.0,77145.0787275867,78479.24599522812,1.8189894035458565e-12,2.100364326906856e-11,0,2.2737367544323206e-13
2025-07-25,S18,1199.9999999999998,1200.0000000000005,44844.98491819318,45155.145780139464,40488.26084743814,238.98213169235595,10905.21850096283,791.2099545136704,13292.078720986054,10766.583763998706,25963.86945173362,399.13535399063403,26363.004805724253,816.9115525935504,27179.9163583178,27193.587252391422,3.069544618483633e-12,8.235190307459561e-12,0,6.821210263296962e-13
2025-07-26,S18,1200.0000000000005,1200.0000000000005,47668.65901585983,47803.8701855316,42313.60131070191,123.70989249214563,10637.621750223056,551.227373408298,14628.265857347555,11848.89534445152,26747.425697253246,231.98780256579994,26979.413499819046,329.704471875421,27309.117971694468,27309.117971694468,1.8189894035458565e-12,1.1368683772161603e-13,0,0.0
2025-07-27,S18,1200.0000000000005,1200.0000000000018,88698.3637537703,88657.89344126929,81932.65519979568,1029.1798177827882,5003.394969505925,0.0,22490.790779329138,18217.540531256607,64893.698414666505,-11.317522890902183,64882.3808917756,4455.519523577169,69337.90041535278,69360.53546113457,1.8189894035458565e-12,4.001776687800884e-11,0,1.3642420526593924e-12
2025-07-28,S18,1200.0000000000018,1200.0,91411.6366445919,91674.46733579105,85278.80224252361,455.27241221174785,3331.8989896681787,0.0,23406.833851230935,18959.53541949706,67750.09141366289,447.7989534850349,68197.89036714792,2134.4903934619933,70332.38076060991,70332.38076060991,9.094947017729282e-13,2.9103830456733704e-11,0,1.8189894035458565e-12
2025-07-29,S18,1200.0,1200.0,85938.85481097485,86397.27555533651,81080.34960347925,727.3775672886039,1533.619918796192,0.0,22130.848957745617,17925.987655773955,62810.691299964914,976.6971807533191,63787.38848071823,3270.011282160866,67057.3997628791,67116.54075544381,2.2737367544323206e-13,8.01492205937393e-12,0,0.0
2025-07-30,S18,1200.0,1199.9999999999986,82792.28381199381,82803.25568908425,78446.43205889546,1406.0159363881382,1629.8738357184689,0.0,21680.63215560579,17561.312046040694,62004.23203397141,26.6561956528094,62030.88822962422,5648.272226352496,67679.16045597671,67679.16045597671,9.094947017729282e-13,1.4551915228366852e-11,0,1.3642420526593924e-12
2025-07-31,S18,1199.9999999999986,1200.0,85305.88443770242,85656.84454512452,80134.89486448355,790.8157161289668,2000.0006315478308,0.0,22266.914117884327,18036.20043548631,62347.83379731709,571.2339324012064,62919.0677297183,3669.710001062968,66588.77773078126,66588.77773078126,2.2737367544323206e-13,2.1827872842550278e-11,0,1.3642420526593924e-12
2025-08-01,S18,1200.0,1199.9999999999977,43413.35921498323,43382.250820365545,39229.05687029188,363.0119653939666,15408.999038979064,527.0734349608235,12655.982605680614,10251.345910601303,25210.639504227678,-16.311905758084322,25194.327598469594,913.16554337287,26107.493141842464,26140.11695335863,2.9558577807620168e-12,4.462208380573429e-12,0,2.2737367544323206e-12
2025-08-02,S18,1199.9999999999977,1200.000000000001,48663.65014412612,48628.76454512419,41810.05039149302,171.37999941804227,16376.039778050768,866.1986384031668,20064.03705854635,16251.870017422538,26435.11958849564,-14.722599721986626,26420.396988773653,702.4958801762264,27122.89286894988,27152.338068393852,2.6147972675971687e-11,1.2864376230936614e-11,0,3.183231456205249e-12
2025-08-03,S18,1200.000000000001,1200.0,74803.33498992652,74861.17793154772,71221.07755922725,514.1580078552925,5096.9870386206285,0.0,19993.51865857134,16194.750113442788,53698.10253617259,101.30414570453286,53799.406681877124,2478.5009164047883,56277.90759828191,56277.90759828191,2.2737367544323206e-13,8.316014543652273e-12,0,9.094947017729282e-13
2025-08-04,S18,1200.0,1200.0,80957.65642280497,80868.18090942578,73659.5596793618,172.13944132637062,4424.569753318772,0.0,21007.759389663504,17016.285105627445,58969.81884180616,-58.794308702134,58911.02453310403,633.5849152431583,59544.60944834718,59662.19806575145,2.2737367544323206e-13,1.8488321984477807e-11,0,0.0
2025-08-05,S18,1200.0,1199.9999999999986,79781.81710669221,79684.87354729453,73824.49380806528,284.84454918532424,4757.493909712293,0.0,22102.814285289332,17903.279571084367,58005.41854737742,-41.083427061086695,57964.33512031633,1166.6215806519126,59130.95670096824,59286.99328490119,1.8189894035458565e-12,3.75948161490669e-11,0,1.3642420526593924e-12
2025-08-06,S18,1199.9999999999986,1199.9999999999993,83948.77860398144,83951.48087876593,76117.77802597133,926.479548334784,4669.394000106542,0.0,22423.496355436357,18163.032047903456,62603.50980646657,134.937747709424,62738.447554176,3873.248145128019,66611.69569930402,66729.49933020791,6.821210263296962e-13,8.110134785965784e-11,0,6.821210263296962e-13
2025-08-07,S18,1199.9999999999993,1200.0000000000005,84490.86571754825,84715.08867037756,76110.3509157798,843.7198392957358,9209.921081864899,0.0,22927.181174792855,18571.01675158222,58830.43162942472,464.2777815501249,59294.70941097484,3280.0702952453926,62574.77970622024,62574.77970622024,1.8189894035458565e-12,2.389155540072352e-11,0,1.1368683772161603e-12
2025-08-08,S18,1200.0000000000005,1200.0000000000018,41872.13735796268,41939.293109096296,39054.29626719942,192.89963774419414,20420.75935779797,477.3795865317767,13546.766897967747,10972.881187353876,23176.915867309064,86.86784682209691,23263.78371413116,677.1765797754297,23940.96029390659,23949.674465545642,2.2737367544323206e-12,1.1851852832478471e-11,0,1.3642420526593924e-12
2025-08-09,S18,1200.0000000000018,1199.9999999999975,41504.968076004574,41532.821568213876,39566.7086884614,491.7566979773039,17545.309122714873,493.3724373586924,16304.499086132328,13206.644259767187,23050.7287127187,19.10474736708784,23069.83346008579,1620.8436573062525,24690.677117392042,24692.85672503595,1.8189894035458565e-12,4.007461029686965e-12,0,4.320099833421409e-12
2025-08-10,S18,1199.9999999999975,1200.0000000000005,80086.9634373908,80109.93835779293,74336.1666633952,390.71606762190095,4802.44651459735,33.153629950013624,24140.334402472465,19553.6708660027,58989.27210674963,49.23509081060911,59038.50719756024,1833.7362201953092,60872.24341775555,60885.76197964436,9.094947017729282e-13,2.3646862246096134e-11,0,2.9558577807620168e-12
2025-08-11,S18,1200.0000000000005,1200.0000000000005,77341.12320157012,77389.96164786817,73580.5911875553,793.4479601424412,5730.8908895350405,0.0,21483.65749910191,17401.762574272547,54078.64915244764,118.33857136817096,54196.98772381581,3445.3968246727536,57642.38454848856,57658.671742959836,2.2737367544323206e-13,5.512390544026857e-11,0,0.0
2025-08-12,S18,1200.0000000000005,1200.0000000000023,84361.28264549664,84428.3621862082,76997.7059665646,548.4869847329579,5557.176734636883,0.0,22255.11877189812,18026.64620523748,60563.77521592055,113.44994365787716,60677.225159578426,2452.9047759168166,63130.12993549524,63142.880215156554,1.3642420526593924e-12,2.3661073100811336e-11,0,1.8189894035458565e-12
2025-08-13,S18,1200.0000000000023,1200.0,76273.1405312014,76367.43415094855,72319.62491230127,793.2440326808245,3023.824572577784,0.0,20884.55222318069,16916.487300776364,54578.59030152575,169.906087541327,54748.49638906708,3972.4958895430673,58720.992278610145,58720.99227861014,4.547473508864641e-13,1.9255708139098715e-11,0,2.2737367544323206e-12
2025-08-14,S18,1200.0,1200.0,79073.5353823218,79044.49361641453,73492.2363914746,482.99619826425123,3834.748962538063,0.0,22179.961283512865,17965.768639645423,57408.47459222454,18.331121709634317,57426.805713934176,2549.8449029786157,59976.65061691279,60088.53611939163,4.547473508864641e-13,1.0800249583553523e-11,0,0.0
2025-08-15,S18,1200.0,1200.0000000000027,42634.96036366002,42615.10118679661,38729.97380265029,590.9771623260211,19319.014013430467,269.9422418182887,13538.251717864376,10965.983891470145,23981.37593855068,50.00229670606859,24031.378235256747,1636.4720513527145,25667.85028660946,25751.509352773053,1.8189894035458565e-12,2.7713831229903008e-11,0,2.7284841053187847e-12
2025-08-16,S18,1200.0000000000027,1200.000000000001,44728.126506125845,44648.947715956965,38806.37686682242,559.0539348101626,19306.97899212541,386.98886560312735,14432.539880196708,11690.357302959335,25360.99935230893,-49.42526177590116,25311.574090533028,2490.0362628066296,27801.610353339656,27900.46087689146,2.7284841053187847e-12,1.2448708730516955e-11,0,1.8189894035458565e-12
2025-08-17,S18,1200.000000000001,1199.9999999999973,80814.77280304616,80870.17854447951,74093.67173763145,367.23636201342396,7184.7498583335655,0.0,21635.60328760326,17524.838662958646,56804.69414651899,132.24795940866898,56936.94210592766,2141.844610168599,59078.786716096256,59078.786716096256,2.7284841053187847e-12,1.4059420294643132e-11,0,3.637978807091713e-12
2025-08-18,S18,1199.9999999999973,1199.9999999999989,78301.04155282927,78253.61372315737,72794.52645180607,497.91178041964304,4620.287680531974,0.0,22515.973342247584,18237.93840722055,56911.44880878884,0.5410917727203923,56911.98990056156,2126.9792235932346,59038.96912415479,59131.11605242288,1.1368683772161603e-12,4.581313106655216e-11,0,1.5916157281026244e-12
2025-08-19,S18,1199.9999999999989,1200.0000000000014,76280.71095067947,76308.09954440028,72368.66565780567,577.5058045010479,4741.393551371037,0.0,20458.515057556233,16571.397196620546,55469.13241481504,56.379054822617036,55525.511469637655,2699.6831507227835,58225.19462036044,58242.394075921664,1.5916157281026244e-12,1.0453859999870474e-11,0,2.5011104298755527e-12
2025-08-20,S18,1200.0000000000014,1200.0000000000005,85055.43931266238,85041.58155406016,78684.48060475597,605.3134818783842,4192.739379248223,0.0,23401.91389852351,18955.550257804058,61126.65638744377,33.89643909177539,61160.552826535546,3207.7096218668016,64368.26244840235,64423.81160252405,1.8189894035458565e-12,4.1154635255225e-11,0,9.094947017729282e-13
2025-08-21,S18,1200.0000000000005,1200.0000000000025,81654.12700996932,81694.27588680813,75974.32849882709,286.34002034221584,6121.131738001484,0.0,22605.885778076317,18310.767480241822,58407.06493810868,101.37433469534881,58508.439272804026,1308.6397268944102,59817.07899969844,59832.80266435197,4.547473508864641e-13,4.7547743520226504e-11,0,2.0463630789890885e-12
2025-08-22,S18,1200.0000000000025,1200.0000000000005,42736.40046317136,42830.21191815557,39497.57163015428,595.4783600185119,16091.586029940347,251.55002361835534,13259.708087442556,10740.363550828473,24164.973693169097,100.11150066721893,24265.085193836316,2527.693848203326,26792.77904203964,26792.779042039638,2.2737367544323206e-13,1.992361831071321e-11,0,2.0463630789890885e-12
2025-08-23,S18,1200.0000000000005,1199.9999999999993,42511.11378755878,42511.11378755877,40418.056220874256,192.02980360184648,14756.237154017084,462.0174876799289,15062.238067258435,12200.412834479335,23478.828506426085,0.0,23478.828506426085,529.541193829188,24008.369700255273,24008.369700255273,2.7284841053187847e-12,6.73949784868455e-12,0,1.1368683772161603e-12
2025-08-24,S18,1199.9999999999993,1199.999999999999,75059.56942999955,75084.87165200057,71513.83710875778,466.4991695731964,4132.233563673349,0.0,21655.3327964438,17540.81956511948,55415.782062189865,36.71874675705476,55452.50080894692,1984.3505801025503,57436.85138904947,57457.48726503083,1.5916157281026244e-12,2.000888343900442e-11,0,2.2737367544323206e-13
2025-08-25,S18,1199.999999999999,1200.000000000003,97677.5954785567,97677.59547855669,83158.16220043205,191.36381073254518,7691.267495889788,0.0,25711.428940043097,20826.257441434915,70299.24494055149,0.0,70299.24494055149,612.1389991946544,70911.38393974614,70911.38393974614,1.8189894035458565e-12,7.186162775951743e-11,0,3.865352482534945e-12
2025-08-26,S18,1200.000000000003,1200.0000000000023,78366.55542035017,78515.12941536268,72110.0438439092,454.7174887505255,2886.8181048405713,0.0,21837.499181504278,17688.374337018482,57042.075226078116,170.45716608624207,57212.53239216436,1402.7163199266588,58615.248712091015,58615.24871209101,1.8189894035458565e-12,3.47597506333841e-11,0,6.821210263296962e-13
2025-08-27,S18,1200.0000000000023,1200.0,77997.13830029636,78054.33628319368,74679.46725809378,1413.484056161823,3909.032655130121,0.0,22472.472591888396,18202.702799429604,56218.02844260435,113.59750890423311,56331.625951508584,6090.828160283207,62422.45411179179,62422.45411179179,6.821210263296962e-13,4.788525131971255e-11,0,2.2737367544323206e-12
2025-08-28,S18,1200.0,1199.9999999999945,77258.46427245688,77260.14841625415,74006.8915941995,2065.8719712167003,1208.6913112855966,0.0,21559.354056827553,17463.07678603032,55509.01775873205,1.4571212133814697,55510.47487994543,8925.929715703714,64436.404595649146,64436.404595649146,3.637978807091713e-12,2.5298874106738367e-11,0,5.4569682106375694e-12
2025-08-29,S18,1199.9999999999945,1199.9999999999998,45468.448820734906,45488.12163376057,40745.23372227426,145.31714400642406,14814.853664791295,612.8915109725218,15303.080739562483,12395.495399045607,25482.049660584857,16.8619394459638,25498.91160003082,755.1624668460039,26254.074066876823,26263.586492532377,6.252776074688882e-12,6.757261417078553e-12,0,5.229594535194337e-12
2025-08-30,S18,1199.9999999999998,1200.0000000000023,44230.09169208651,44206.68799787029,40784.515679590884,443.97118575255274,19372.830690139042,374.9933664956984,15620.752501975598,12652.809526600233,24858.915197909122,-10.696958558139158,24848.218239350983,1467.6131578766085,26315.83139722759,26351.095172752695,3.89945853385143e-11,8.348877145181177e-11,0,2.5011104298755527e-12
2025-08-31,S18,1200.0000000000023,1199.9999999999989,77001.37029666809,77005.41643142083,71814.78748359998,1410.0460729851943,2540.0662525786806,0.0,21253.390635121996,17215.246414448826,55245.37689219108,10.026928837585729,55255.40382102867,6197.273950440745,61452.67777146941,61452.6777714694,9.094947017729282e-13,2.1373125491663814e-11,0,3.410605131648481e-12
2025-09-01,S18,1199.9999999999989,1200.0000000000007,85845.44376497096,85851.46918106485,68290.51074674437,0.0,10010.04864791766,306.6501775795807,23156.19677849374,18756.519390579935,54636.30487721256,41.992655705580546,54678.29753291814,0.0,54678.29753291814,54706.43855415668,1.8189894035458565e-12,1.1326051208015997e-11,0,1.8189894035458565e-12
2025-09-02,S18,1200.0000000000007,1200.0000000000014,62385.41004495966,62455.673859040915,59806.522885822735,2243.181583615775,3916.845965244318,0.0,21447.908706285343,17372.80605209112,37576.39605650028,70.73304262880993,37647.12909912909,11530.78447176311,49177.9135708922,49177.9135708922,1.3642420526593924e-12,2.4556356947869062e-11,0,6.821210263296962e-13
2025-09-03,S18,1200.0000000000014,1200.0000000000018,68231.8010558474,68231.73917079908,64134.52108631298,595.8730158720605,5137.582409461409,121.25643601351317,20651.77898268497,16727.94097597482,43593.36845781391,-0.03047529204195598,43593.337982521865,2699.332369615258,46292.670352137124,46292.73130272121,9.094947017729282e-13,6.27520257978631e-12,0,4.547473508864641e-13
2025-09-04,S18,1200.0000000000018,1199.9999999999986,66170.2666652816,66143.9187577308,61843.47655905918,999.2510749779547,4619.383956838679,310.49083121028684,20985.72261046385,16998.435314475737,43291.5322784938,-12.420243694774399,43279.11203479903,3579.4572319822983,46858.56926678133,46883.40975417087,2.9558577807620168e-12,3.292655037512304e-11,0,3.183231456205249e-12
2025-09-05,S18,1199.9999999999986,1199.9999999999995,41422.41916074544,41433.481174805514,33226.5524082166,0.0,21223.034576979942,1882.9128570297512,17349.17530284325,14052.831995303033,20097.920917001706,5.6304776489814685,20103.551394650687,0.0,20103.551394650687,20103.551394650687,9.094947017729282e-13,1.000444171950221e-11,0,9.094947017729282e-13
2025-09-06,S18,1199.9999999999995,1199.9999999999989,36117.64657610524,35928.012230365595,31462.47589710418,974.6594056353583,20644.55018292682,1307.951969197104,14544.997108503148,11781.447657887551,17378.501909856623,-108.62443355884534,17269.877476297777,3228.4807336714903,20498.35820996927,20715.60707708696,1.8189894035458565e-12,1.0260237104375847e-11,0,6.821210263296962e-13
2025-09-07,S18,1199.9999999999989,1199.999999999999,63350.785065268676,63341.22428501876,60958.697188513484,1307.9085062160302,2409.071557565143,408.9134360444748,23619.142549753786,19131.505465300565,40267.44999115214,-2.755515361779544,40264.69447579036,3666.7857991275446,43931.48027491791,43936.99130564147,2.9558577807620168e-12,1.9042545318370685e-12,0,2.2737367544323206e-13
2025-09-08,S18,1199.999999999999,1199.9999999999995,70874.10978120848,70880.36295879474,66701.55826772373,1984.693762875654,4756.357986943384,15.334086995650182,23784.160122773672,19265.16969944668,43706.157156615736,3.9591993887370336,43710.11635600447,9536.078482623661,53246.19483862814,53246.19483862814,9.094947017729282e-13,8.185452315956354e-12,0,4.547473508864641e-13
2025-09-09,S18,1199.9999999999995,1199.9999999999998,60718.11851729142,61116.493590194914,59329.005645343124,2307.114744118114,4418.536102865459,53.59745366231675,21374.487190877906,17313.334624611107,38039.40378744444,559.3259724593299,38598.72975990377,10507.59313899393,49106.3228988977,49106.3228988977,9.094947017729282e-13,1.559341544776771e-11,0,2.2737367544323206e-13
2025-09-10,S18,1199.9999999999998,1200.0,73882.38690469542,74374.27746809128,68753.62344944685,599.5006394151127,3381.8892082451084,346.30671272682184,22678.57640994753,18369.6468920575,47304.2093925652,813.536001059947,48117.74539362515,2621.7301354182996,50739.47552904345,50739.47552904345,2.2737367544323206e-13,2.8194335754960775e-11,0,2.2737367544323206e-13
2025-09-11,S18,1200.0,1199.9999999999995,75030.31584392604,75285.71609216272,64589.585577029,414.32747441531166,6620.872767200177,372.62343926808205,23759.637166540488,19245.306104897794,47357.08155515553,403.1720168107786,47760.25357196631,2046.1983747004797,49806.451946666784,49806.45194666678,2.2737367544323206e-13,3.228706191293895e-11,0,4.547473508864641e-13
2025-09-12,S18,1199.9999999999995,1200.0000000000005,34624.15373020533,35068.920110240455,32609.86386712935,450.62689506446605,17644.959560057596,1031.5126512417608,14907.170267865602,12074.807916971138,16112.613731819289,665.8519465236714,16778.46567834296,1143.9414671028399,17922.4071454458,17931.945587196624,1.8189894035458565e-12,1.7280399333685637e-11,0,9.094947017729282e-13
2025-09-13,S18,1200.0000000000005,1200.0000000000002,36368.136091667024,36563.54828356732,33781.81699198499,170.43162263825099,21189.91187333317,1294.1390764855107,18216.29569195378,14755.199510482562,17006.584225620332,243.8619537080849,17250.446179328417,578.9986718694262,17829.444851197844,17829.44485119784,1.8189894035458565e-12,1.1368683772161603e-13,0,2.2737367544323206e-13
2025-09-14,S18,1200.0000000000002,1200.0000000000018,76561.79272650201,77094.61115885292,69459.38017620477,425.55267949801924,4766.70040463421,386.0423541052529,24383.501826122785,19750.63647915945,49734.72098786151,908.1998428179359,50642.920830679446,1429.3318796229373,52072.25271030238,52072.25271030238,3.637978807091713e-12,8.270717444247566e-12,0,1.5916157281026244e-12
2025-09-15,S18,1200.0000000000018,1200.0000000000036,62278.34816935664,62278.348169356635,60046.395505125576,1211.6974522775986,1489.1364105574137,318.23216807590563,23072.072344402775,18688.37859896626,41228.778974129775,-7.275957614183426e-12,41228.77897412977,4332.401781811136,45561.180755940906,45561.180755940906,6.821210263296962e-13,1.4411627446975216e-11,0,1.8189894035458565e-12
2025-09-16,S18,1200.0000000000036,1199.9999999999982,77071.41430372412,77051.32429168999,69628.14566941078,601.491390276867,6083.474457827626,289.7323211674303,22971.896301890876,18607.236004531616,50093.9869775889,-2.0399082482836093,50091.94706934062,2062.2297537211384,52154.17682306176,52164.603151642696,1.8189894035458565e-12,7.560174708487466e-12,0,5.4569682106375694e-12
2025-09-17,S18,1199.9999999999982,1200.0,73804.31219529081,73804.31219529081,67862.53040651634,427.7590238679912,3573.5563283311744,364.25315222103836,23117.69236753764,18725.330817705482,48288.099646971445,0.0,48288.099646971445,1092.0462817127436,49380.145928684185,49380.14592868418,4.547473508864641e-13,9.322320693172514e-12,0,1.8189894035458565e-12
2025-09-18,S18,1200.0,1200.0000000000016,66762.96972788053,66784.42582668996,62368.247872537795,2250.331750674706,1171.9542935335267,372.80466022665405,21672.471330450928,17554.70177766526,43691.09777641903,129.78211279235984,43820.87988921139,7356.0627471588605,51176.94263637025,51196.71216671312,1.8189894035458565e-12,3.0105695714155445e-11,0,1.5916157281026244e-12
2025-09-19,S18,1200.0000000000016,1200.0000000000025,36377.150638642444,36388.71610936911,33150.9227747673,181.7929617452059,13211.102448653715,1140.9537742878085,15154.248404759537,12274.941207855225,17458.43669327895,13.845603280449723,17472.2822965594,333.2448616399826,17805.52715819938,17805.527158199377,9.094947017729282e-13,5.4285465012071654e-12,0,9.094947017729282e-13
2025-09-20,S18,1200.0000000000025,1200.000000000001,37081.64607796735,36987.59016280055,33718.47504907494,717.6015397631877,14137.600741666463,1160.4664244467958,18381.977312587038,14889.401623195501,17265.254424110717,-38.87164878871408,17226.382775322003,2264.197361359722,19490.580136681725,19568.32343425916,3.240074875066057e-12,4.547473508864641e-12,0,1.5916157281026244e-12
2025-09-21,S18,1200.000000000001,1200.0000000000005,73379.46791928064,73435.98162681193,68470.12829776488,105.85582829460853,5541.320125714605,217.84448299945086,23838.58965269535,19309.257618683238,47574.472926207985,109.08438671960175,47683.55731292759,467.05889337407746,48150.61620630167,48150.61620630167,4.547473508864641e-13,8.79651906871004e-12,0,4.547473508864641e-13
2025-09-22,S18,1200.0000000000005,1199.999999999997,77979.11788493238,78083.90835185537,69976.14572420686,165.71165555253071,4749.717188984061,399.15011400361004,23047.211544412443,18668.241350974084,51667.85490199128,242.0307283957518,51909.885630387034,580.7268231931293,52490.612453580165,52506.282817546155,9.094947017729282e-13,2.091837814077735e-11,0,3.410605131648481e-12
2025-09-23,S18,1199.999999999997,1200.0,77160.34193384156,77111.50549539913,70407.11820545701,91.11933311385417,3838.7688586394006,237.05519874207187,22662.094199242296,18356.296301386257,50670.264708765535,-10.402415997996286,50659.86229276754,540.0472742975675,51199.90956706511,51220.71439906114,1.8189894035458565e-12,2.964384293591138e-11,0,2.9558577807620168e-12
2025-09-24,S18,1200.0,1200.0,66592.41943794058,66569.74951878704,63296.21235509555,4018.68414909502,1789.4224535096193,369.12408064069723,21542.762473896037,17449.637603855816,44337.12197140467,-5.194121486354561,44331.92784991831,11317.841926595947,55649.76977651426,55660.15801948697,4.547473508864641e-13,2.525268882891396e-11,0,0.0
2025-09-25,S18,1200.0,1200.0,73043.7519510297,73047.00915003924,68161.46055826877,503.65255866933785,3765.998471796667,435.9400577837172,21724.872038724978,17597.146351367235,47865.04139999313,6.633937222781242,47871.675337215915,2045.066708913201,49916.74204612912,49916.74204612912,4.547473508864641e-13,1.1141310096718371e-11,0,0.0
2025-09-26,S18,1200.0,1200.0000000000018,37306.64787667217,37339.52195481124,32987.742507923744,42.591175386571024,11532.945516203297,825.0029612926205,15674.430030602163,12696.288324787749,17117.756895651582,15.850164889016014,17133.6070605406,200.0297246392111,17333.63678517981,17333.63678517981,1.8189894035458565e-12,8.555822716971306e-12,0,1.8189894035458565e-12
2025-09-27,S18,1200.0000000000018,1200.0000000000014,36347.43959010928,36361.841902504624,34234.66180877456,527.5658121939471,13075.976665747316,789.7107761761287,16290.725942342444,13195.488013297381,17152.182608682284,17.826048669565353,17170.00865735185,1758.4743943787728,18928.48305173062,18928.48305173062,9.094947017729282e-13,9.976020010071807e-12,0,4.547473508864641e-13
2025-09-28,S18,1200.0000000000014,1200.0000000000014,75631.48434499386,75557.97003409077,70703.47531116311,291.0541473271956,2774.8029540308744,342.7615752621872,23101.767171213687,18712.43140868309,50106.68712736311,-45.418570064764936,50061.26855729835,1220.9988620645906,51282.267419362935,51378.81611366962,6.821210263296962e-13,1.0544454198679887e-11,0,0.0
2025-09-29,S18,1200.0000000000014,1200.0000000000007,76933.2733405368,76956.87808381987,70626.81801103322,218.55144537470815,3476.133519358178,217.12556813209324,23116.940889040303,18724.722120122642,51075.98369510854,34.540220227470854,51110.52391533601,824.9209276177717,51935.44484295378,51937.5756469744,1.3642420526593924e-12,1.404032445861958e-11,0,6.821210263296962e-13
2025-09-30,S18,1200.0000000000007,1200.0000000000014,75852.82428960291,75946.70138420159,70096.38117512445,2356.843204701284,1999.4121905270106,505.29811888476024,23822.838440775355,19296.499137028037,50878.30778313291,183.60500069607951,51061.912783828986,8588.748071048167,59650.660854877155,59659.728594901906,1.3642420526593924e-12,5.394973356942501e-11,0,6.821210263296962e-13
2025-10-01,S18,1200.0000000000014,1199.9999999999995,71649.04108221654,71661.36656232894,61542.49763051368,61.70486495015168,6767.4736400766,972.8777668597824,22117.523974705717,17915.194419511634,44457.05559480701,18.831471644400153,44475.88706645141,237.47874578077273,44713.36581223219,44717.074770543884,4.547473508864641e-13,3.817901550462466e-11,0,1.8189894035458565e-12
2025-10-02,S18,1199.9999999999995,1200.0,76856.77140390011,76816.85239530857,65203.03105946895,16.371278151428896,8226.246207371596,751.8766767603673,23739.454404324977,19228.95806750324,47619.2257525703,-24.748036477933056,47594.47771609237,52.94366947579803,47647.42138556817,47696.917458524025,9.094947017729282e-13,2.0904167286062147e-11,0,4.547473508864641e-13
2025-10-03,S18,1200.0,1199.999999999999,67653.2211128016,68098.49613926199,39119.55024209708,0.0,22041.707108159742,5128.307426413421,21749.378986968022,17616.996979444095,30589.38880456354,579.2497315186083,31168.638536082148,0.0,31168.638536082148,31168.638536082148,9.094947017729282e-13,8.512301974406e-12,0,9.094947017729282e-13
2025-10-04,S18,1199.999999999999,1200.0000000000005,36191.51988521234,36193.20878936974,32518.486575430197,137.90324920483988,15089.752963275827,1169.1658599266411,17376.255621574925,14074.767053475685,15501.35757344321,0.8230874411074183,15502.180660884318,541.4420111729693,16043.622672057287,16043.622672057285,4.547473508864641e-13,5.4569682106375694e-12,0,1.3642420526593924e-12
2025-10-05,S18,1200.0000000000005,1200.000000000002,75824.23116377054,76104.41763261434,67558.37843633207,228.49302222251305,7890.918082491243,733.7828613877589,23295.83920004694,18869.62975203802,46822.89382745291,408.3636142187461,47231.25744167165,678.3268335100623,47909.58427518172,47909.58427518172,9.094947017729282e-13,2.984279490192421e-11,0,1.5916157281026244e-12
2025-10-06,S18,1200.000000000002,1200.0,65782.99116830887,65852.37504374489,61997.37721622963,1781.156762762823,1332.1490100610395,459.5824787948386,22387.859158613606,18134.16591847703,41798.4556800606,109.22119959499105,41907.67687965559,5916.1967403651015,47823.87362002069,47823.87362002069,9.094947017729282e-13,1.646149883072212e-11,0,2.0463630789890885e-12
2025-10-07,S18,1200.0,1200.000000000001,69419.31206795177,69419.31206795176,65140.54108963171,343.1564558913499,2902.505525709921,720.9185351576576,21519.52886660794,17430.818381952435,43120.819086924384,7.275957614183426e-12,43120.81908692439,1350.0346579438594,44470.853744868255,44470.85374486825,4.547473508864641e-13,3.6770586575585185e-12,0,9.094947017729282e-13
2025-10-08,S18,1200.000000000001,1200.0000000000011,70603.0226267978,70574.9193085299,64555.980776081204,132.89415416424626,3461.8032439531385,629.5638475449598,21679.011432003652,17559.999259922966,44328.44701187579,-14.11208126823476,44314.334930607554,610.7556200746742,44925.09055068223,44953.3147132187,4.547473508864641e-13,3.4996343199097305e-11,0,2.2737367544323206e-13
2025-10-09,S18,1200.0000000000011,1200.0000000000011,76016.08233827332,76133.01222275956,67790.90787680491,45.24145644695318,7163.411344577887,455.93857459202,23456.935424992687,19000.11769424409,47488.22261545081,148.51023807260935,47636.73285352342,176.0035450520591,47812.73639857548,47812.73639857548,9.094947017729282e-13,8.640199666842818e-12,0,0.0
2025-10-10,S18,1200.0000000000011,1200.0,34157.02102800145,34157.02102800145,32215.439231185203,146.0220900970286,18995.584962582943,864.5304803230581,16619.657693208224,13461.922731498655,14286.811259348508,0.0,14286.811259348508,387.5060896832874,14674.317349031795,14674.317349031793,9.094947017729282e-13,8.526512829121202e-12,0,1.1368683772161603e-12
2025-10-11,S18,1200.0,1200.0000000000007,34616.54402009914,34616.544020099136,32546.122484951753,105.74461244916871,14245.971141442362,655.6033513531581,19178.83695406354,15534.857932791478,14419.56012979208,0.0,14419.56012979208,418.8537046840514,14838.413834476132,14838.41383447613,6.821210263296962e-13,5.10524955643632e-12,0,6.821210263296962e-13
2025-10-12,S18,1200.0000000000007,1199.9999999999984,68357.44095855398,68294.49278119353,65206.638426956124,1078.870566175688,3379.596977013246,137.82250564525202,22384.91330073672,18131.779773596747,41676.86898290299,-12.179392721343902,41664.689590181646,5098.403314083166,46763.09290426481,46787.45168970752,1.5916157281026244e-12,4.948930154569098e-12,0,2.2737367544323206e-12
2025-10-13,S18,1199.9999999999984,1200.0000000000018,72278.20804607854,72293.6238265179,65462.93890049372,326.30236858662283,3941.885408552488,497.43501871161504,22750.134430611626,18427.608888795425,45230.53343798754,9.797499258216703,45240.33093724576,1448.598160741697,46688.92909798746,46688.92909798745,9.094947017729282e-13,1.786659709068772e-11,0,3.410605131648481e-12
2025-10-14,S18,1200.0000000000018,1200.0000000000036,73771.15360647911,73767.2378020615,68982.65072482012,454.2452276538352,3951.9114736129222,350.2302995751879,22952.23629448706,18591.311398534526,46799.30641515752,-0.7645608125458239,46798.54185434498,1983.0840636418334,48781.625917986814,48783.155039611906,9.094947017729282e-13,5.684341886080802e-14,0,1.8189894035458565e-12
2025-10-15,S18,1200.0000000000036,1200.0000000000011,78439.67105696182,78438.91312045787,70124.61222448212,96.15766138429815,3491.5183026350373,358.6856846757951,23423.906571345382,18973.36432278977,49855.67958128374,-0.43516924374125665,49855.244412039996,364.5146083510579,50219.75902039105,50220.629358878534,9.094947017729282e-13,1.8616219676914625e-11,0,2.5011104298755527e-12
2025-10-16,S18,1200.0000000000011,1200.0000000000007,72405.52421698265,72405.52421698265,69688.31407053009,576.1801395722338,2469.8929879701877,189.00896491112564,24416.417406426208,19777.29809920523,46130.039318275594,-7.275957614183426e-12,46130.03931827559,2290.1753324180418,48420.214650693626,48420.214650693626,9.094947017729282e-13,7.275957614183426e-12,0,4.547473508864641e-13
2025-10-17,S18,1200.0000000000007,1200.0000000000014,64406.56256702897,64395.59284132548,41841.92041695447,0.0,15987.221812446745,5471.511960394146,23047.30172340481,18668.3143959579,31146.671521927914,-1.79245317994355,31144.87906874797,0.0,31144.87906874797,31148.463975107865,4.547473508864641e-13,2.3163693185779266e-12,0,6.821210263296962e-13
2025-10-18,S18,1200.0000000000014,1200.000000000001,33744.37077613123,33744.370776131225,32038.55437797958,292.08536524750946,12261.846939870771,670.1697293702331,17484.36740694427,14162.337599624854,13955.470970164264,1.8189894035458565e-12,13955.470970164266,777.0728816011898,14732.543851765457,14732.543851765455,9.094947017729282e-13,3.637978807091713e-12,0,4.547473508864641e-13
2025-10-19,S18,1200.000000000001,1200.0000000000005,75161.21761386516,75161.21761386514,70966.07526795483,492.25598134933404,3072.1396765643995,114.36477166616407,23084.75930389607,18698.655036155826,48665.05076632577,7.275957614183426e-12,48665.050766325774,2382.153391170487,51047.204157496264,51047.20415749626,4.547473508864641e-13,2.2282620193436742e-11,0,4.547473508864641e-13
2025-10-20,S18,1200.0000000000005,1200.0000000000016,81255.22029857153,81381.66564143493,73367.62697188804,101.69053272595893,3971.621216295059,318.67517775260046,24938.09865210371,20199.859908204013,53224.77352195508,145.10659302149725,53369.88011497658,329.4195423409217,53699.2996573175,53699.2996573175,1.8189894035458565e-12,2.2751578399038408e-11,0,1.1368683772161603e-12
2025-10-21,S18,1200.0000000000016,1199.9999999999998,78724.41167313859,78691.94868444525,72834.32022876965,329.23342405740686,1812.7843278332675,445.11748924390724,23384.581503946752,18941.511018196874,51544.693743243784,-18.27299965192651,51526.42074359186,1379.8140755603654,52906.234819152225,52942.7808184561,4.547473508864641e-13,2.297184664712404e-11,0,1.8189894035458565e-12
2025-10-22,S18,1199.9999999999998,1200.000000000001,77123.74182878964,77123.74182878964,73188.19490398624,253.82407677785514,3284.599969140013,195.12818212873128,23196.811207870156,18789.417078374827,50052.44647498798,7.275957614183426e-12,50052.446474987984,1146.3940082776112,51198.840483265594,51198.840483265594,1.3642420526593924e-12,2.4300561562995426e-11,0,1.1368683772161603e-12
2025-10-23,S18,1200.000000000001,1200.0000000000036,88545.98212610194,88679.60826433306,75636.28210094111,101.89922056877981,7045.5449912174245,592.0009627169857,24848.096496011225,20126.9581617691,57331.597780542725,131.45786887066788,57463.05564941339,401.66835264207367,57864.72400205547,57864.72400205546,9.094947017729282e-13,9.602985073797754e-12,0,2.7284841053187847e-12
2025-10-24,S18,1200.0000000000036,1200.0000000000007,76715.59961779873,76835.76833955085,45363.04783157296,0.0,17072.914323540765,5428.3123187493475,23377.739329558935,18935.968856942753,37194.55251343311,186.4840048139231,37381.036518247034,0.0,37381.036518247034,37381.03651824703,1.1368683772161603e-12,2.1827872842550278e-11,0,2.9558577807620168e-12
2025-10-25,S18,1200.0000000000007,1200.0000000000014,37271.94459221769,37266.52850245013,34281.04195219693,200.25677309009885,10748.000082492968,726.6685146029089,18990.512604514835,15382.315209657017,15263.59538066529,-2.1866901440098445,15261.40869052128,573.3266318073587,15834.735322328639,15839.10870261666,2.7284841053187847e-12,5.554223747594733e-12,0,6.821210263296962e-13
2025-10-26,S18,1200.0000000000014,1200.0000000000018,76689.89499722942,76738.34271595751,71327.46689356264,665.7943711050526,2764.412063154436,255.33376375438286,23311.596953116885,18882.39353202468,49631.16280642107,29.990265772306884,49661.153072193374,3088.094186547782,52749.247258741154,52749.247258741154,9.094947017729282e-13,2.0669688183261314e-11,0,4.547473508864641e-13
2025-10-27,S18,1200.0000000000018,1200.0,72916.26832241041,72916.26832241043,69527.23041621219,378.75305739973317,1623.033155234465,353.1348497485203,23038.07264190664,18660.838839944383,47130.85816261657,7.275957614183426e-12,47130.858162616576,1635.071477355845,48765.92963997242,48765.92963997242,4.547473508864641e-13,3.0595970201829914e-11,0,1.8189894035458565e-12
2025-10-28,S18,1200.0,1200.0000000000011,72788.70778383932,72789.83815981701,70044.2564057359,2626.6503645334237,2030.8645321343577,249.58869529141214,23252.79917286095,18834.76733001737,46954.21186098081,1.4965047569057788,46955.708365737715,11346.006798306538,58301.71516404425,58301.715164044246,2.2737367544323206e-13,8.164136033883551e-12,0,1.1368683772161603e-12
2025-10-29,S18,1200.0000000000011,1200.0000000000043,81595.14848714412,81595.14848714414,76107.42272392455,120.25526552464669,2246.54517483818,230.11672395686696,23361.89100344312,18923.13171278893,54194.59675449315,0.0,54194.59675449315,320.587064543564,54515.18381903671,54515.183819036705,2.2737367544323206e-12,5.298872451930947e-12,0,3.183231456205249e-12
2025-10-30,S18,1200.0000000000043,1200.0000000000005,73593.83357904418,73740.7469172745,71106.6905760596,782.3445406396252,2374.4940574793554,314.4619985299214,23222.428477315603,18810.167066625647,48330.6404316338,255.26458264086978,48585.90501427467,3171.2809613703025,51757.18597564497,51757.18597564497,9.094947017729282e-13,1.0551559626037488e-11,0,3.865352482534945e-12
2025-10-31,S18,1200.0000000000005,1199.9999999999993,37968.40721644245,37968.40721644243,34505.53830367807,58.63496494254656,6355.134277459088,890.8817034393144,17967.711689766,14553.846468710464,16593.83271517051,-3.637978807091713e-12,16593.832715170505,117.3233206830061,16711.15603585351,16711.15603585351,9.094947017729282e-13,1.8536283619141614e-11,0,1.1368683772161603e-12
2025-11-01,S18,1199.9999999999993,1200.0000000000027,36254.51130802375,36236.2321727015,34428.39854215981,261.49063057908205,7355.990266256977,1034.38076228753,19765.682688742338,16010.202977881298,15266.594034893153,-2.5947232589915075,15263.999311634161,565.1905249316566,15829.189836565818,15834.379283083807,1.0231815394945443e-11,7.23687776371662e-12,0,3.410605131648481e-12
2025-11-02,S18,1200.0000000000027,1200.0,78822.25881603487,78854.4397594247,74043.50585861101,920.4012194420704,1324.43222082316,150.37229720600772,24698.5190878452,20005.800461154628,52558.55931696225,20.32865082166245,52578.887967783914,3791.045271473838,56369.93323925775,56369.93323925775,4.547473508864641e-13,1.6370904631912708e-11,0,2.7284841053187847e-12
2025-11-03,S18,1200.0,1199.9999999999977,82876.91159816993,82896.02194020447,76305.36263150183,128.61551802554868,2183.1274363318057,367.68664424064536,23043.335713797933,18665.10192817633,55558.42734262996,41.48788521820825,55599.91522784817,401.6571995000436,56001.57242734821,56002.47844620213,9.094947017729282e-13,8.185452315956354e-12,0,2.2737367544323206e-12
2025-11-04,S18,1199.9999999999977,1200.0,78835.94458295108,79007.65238337759,74883.93941255017,258.62657457996124,2760.0180443025365,181.64425224934314,24320.166617078474,19699.33495983357,52221.197746064165,303.8307280132285,52525.02847407739,920.0584385573593,53445.08691263475,53445.086912634746,2.2737367544323206e-12,2.7284841053187847e-11,0,2.2737367544323206e-12
2025-11-05,S18,1200.0,1200.0000000000007,84910.79552152242,84976.62211438689,76290.01630423462,260.19321111052284,2197.4718037120915,304.36016523329613,23001.88147227925,18631.523992546197,57272.14694060304,71.5306257603952,57343.67756636343,1181.879859719448,58525.55742608288,58525.55742608287,1.8189894035458565e-12,2.248690122996777e-11,0,6.821210263296962e-13
2025-11-06,S18,1200.0000000000007,1200.0000000000005,79566.80352607704,79603.6404291805,76305.6926637501,329.6628806062339,672.0156102550887,300.1862941908196,22597.732052160052,18304.16296224965,53730.45545918576,67.22797648515552,53797.683435670915,1588.6938871587681,55386.377322829685,55386.377322829685,4.547473508864641e-13,5.7198690228688065e-12,0,2.2737367544323206e-13
2025-11-07,S18,1200.0000000000005,1200.0000000000023,36044.41972764772,36215.80169894383,35098.78918304595,288.4812471784978,7694.96238538563,619.9757759297938,19757.213081977276,16003.342596401595,14974.535284232374,242.3366505795675,15216.871934811941,849.0892255563801,16065.96116036832,16065.961160368319,1.8189894035458565e-12,2.540190280342358e-12,0,1.8189894035458565e-12
2025-11-08,S18,1200.0000000000023,1199.9999999999998,38891.28868562475,38891.28868562475,36536.46862640093,105.15670751782932,7941.926269372927,822.3982367613054,21505.756462023917,17419.662734239384,16226.93910127436,1.8189894035458565e-12,16226.939101274362,263.2345049636737,16490.173606238037,16490.173606238033,1.9326762412674725e-12,1.7905676941154525e-12,0,2.5011104298755527e-12
2025-11-09,S18,1199.9999999999998,1199.9999999999993,81899.47751799205,81909.69614583689,78526.95772519756,285.88761744047844,2461.3653160766653,250.9948526301647,25019.305213672866,20265.637223075024,55275.225235763966,19.664216493125423,55294.88945225709,1238.5661644914414,56533.455616748535,56533.455616748535,1.8189894035458565e-12,2.1373125491663814e-11,0,4.547473508864641e-13
2025-11-10,S18,1199.9999999999993,1200.0000000000025,81051.72091388091,81106.23135352571,78262.95639674545,718.136194663125,678.8806371573329,176.71710982502032,22458.167075927355,18191.11533150117,55703.57116792984,61.10484396380343,55764.67601189364,2709.2567528389054,58473.93276473255,58473.93276473255,4.547473508864641e-13,1.8189894035458565e-11,0,3.183231456205249e-12
2025-11-11,S18,1200.0000000000025,1200.0000000000005,84678.69582148289,84678.69582148288,79089.44191761488,134.2495737803671,2603.513834693719,348.53799610561896,24803.263125943322,20090.643132014102,57555.81338089893,7.275957614183426e-12,57555.81338089894,491.89289955147274,58047.70628045041,58047.70628045041,4.547473508864641e-13,2.1827872842550278e-11,0,2.0463630789890885e-12
2025-11-12,S18,1200.0000000000005,1200.0,80004.71874433415,80040.88095357237,75687.440709911,534.5331081586983,819.0101307562126,175.05625186407337,22483.78781815481,18211.8681327054,53907.14485913429,60.9911457431881,53968.13600487748,2666.376140879724,56634.5121457572,56634.5121457572,1.8189894035458565e-12,7.784883848671598e-12,0,4.547473508864641e-13
2025-11-13,S18,1200.0,1200.0,79628.04772411805,79627.47591311,77367.76751257587,1967.827437679229,2494.1452560907796,179.91632000052596,22450.852934195387,18185.19087669826,54648.16331203724,5.291158154286677,54653.45447019153,8708.680442068246,63362.134912259775,63367.49554855721,9.094947017729282e-13,1.8630430531629827e-11,0,0.0
2025-11-14,S18,1200.0,1200.0000000000005,36431.39344436847,36461.82364521168,34981.58168256791,224.19407697550088,3619.7353952012704,505.4332011873477,18327.115069235744,14844.963206080956,15612.697258179543,21.181608828215758,15633.87886700776,712.6471303239117,16346.525997331672,16346.52599733167,9.094947017729282e-13,7.617018127348274e-12,0,4.547473508864641e-13
2025-11-15,S18,1200.0000000000005,1200.0000000000002,42044.030627445776,42017.197035079895,38373.26039735556,186.45942472349134,5808.522723682158,556.1903889116694,20963.788383255614,16980.668590437046,17716.40705191518,-9.506869114135043,17706.900182801044,584.8213779488623,18291.721560749906,18317.285529261902,9.094947017729282e-13,5.4498627832799684e-12,0,2.2737367544323206e-13
2025-11-16,S18,1200.0000000000002,1200.0000000000007,81474.13117459872,81492.7057784721,78839.71785507443,814.9173311633914,515.4532136727133,247.13643516920547,23460.532389803066,19003.03123574049,56034.26052167262,42.048891460079176,56076.3094131327,3775.03942625804,59851.34883939074,59853.11633955739,1.8189894035458565e-12,9.548806190196046e-12,0,4.547473508864641e-13
2025-11-17,S18,1200.0000000000007,1200.0000000000014,77877.26382073195,77875.59930758481,75689.54041609827,1991.7935414668855,257.2981081856945,400.54314119552157,22777.570393950653,18449.832019100028,52954.1050496275,-0.851564926073479,52953.253484701425,8102.694144766834,61055.94762946826,61057.65075932041,4.547473508864641e-13,1.1368683772161603e-13,0,6.821210263296962e-13
2025-11-18,S18,1200.0000000000014,1200.0,83688.55988604567,83691.09439806119,79364.11253234763,636.1620791381744,505.9295957476448,346.8975471877003,22404.71386956367,18147.81823434659,57978.10397314147,1.5898993873779546,57979.69387252885,3083.6107536717595,61063.30462620061,61063.3046262006,4.547473508864641e-13,2.0966339775441156e-11,0,1.3642420526593924e-12
2025-11-19,S18,1200.0,1200.0,83281.22563302597,83301.52475784009,79896.4328312863,847.7906009429298,777.7916034467664,210.60531034908502,23092.183781228276,18704.668862794904,58182.08765276172,36.97532825135568,58219.06298101308,4117.026038585674,62336.08901959875,62336.08901959875,4.547473508864641e-13,2.9459101824613754e-11,0,0.0
2025-11-20,S18,1200.0,1200.0,80504.1464873378,80505.40648507039,78486.7649498472,1470.2730292415795,643.3552345278264,243.49199395634878,22511.13009090136,18234.01537363011,54866.401352380824,1.7530407544691116,54868.15439313529,6657.849606036994,61526.00399917229,61526.83205841337,4.547473508864641e-13,9.670486633694964e-12,0,0.0
2025-11-21,S18,1200.0,1200.000000000001,83029.19561232284,83033.25810100358,53172.92447034716,0.0,14143.260744561436,5469.49014500914,24714.681653209987,20018.8921391001,43037.188023994946,7.162056612425658,43044.35008060737,0.0,43044.35008060737,43045.39603723746,1.8189894035458565e-12,1.6825651982799172e-11,0,9.094947017729282e-13
2025-11-22,S18,1200.000000000001,1200.000000000002,45112.08459155838,45113.144943437896,41346.20834860177,334.1948052784125,6883.14261848172,417.6847136397839,21893.401781186,17733.655442760664,18727.426949314176,0.9846957728877896,18728.411645087064,813.2169803139104,19541.628625400976,19541.628625400976,1.2732925824820995e-11,1.2153833495176514e-11,0,1.1368683772161603e-12
2025-11-23,S18,1200.000000000002,1200.0000000000018,81771.6207293848,81777.52046214053,79622.99710614371,1020.6944045717813,968.0434001819488,187.99980257646564,22397.64223486185,18142.090210238104,56555.40988764254,3.7575397921100375,56559.16742743465,4893.383923781583,61452.551351216236,61452.551351216236,9.094947017729282e-13,7.275957614183426e-12,0,2.2737367544323206e-13
2025-11-24,S18,1200.0000000000018,1200.000000000001,80285.72102197257,80297.73061967183,78372.8500419076,1012.2221154769841,737.7136353586069,256.25791913541025,22258.720541529412,18029.563638638836,55320.57100771982,8.09436960324092,55328.66537732306,4068.1335145210946,59396.798891844155,59396.79889184415,9.094947017729282e-13,1.7280399333685637e-11,0,9.094947017729282e-13
2025-11-25,S18,1200.000000000001,1200.000000000002,91602.71296021494,91602.8901871528,82893.58733432143,128.62157334069911,2199.433083333334,234.60627863997513,23260.574100117028,18841.0650210948,64298.098499119005,4.0050440504273865,64302.10354316943,360.7398084596697,64662.843351629104,64666.30804002271,2.2737367544323206e-13,4.687095156441501e-11,0,1.1368683772161603e-12
2025-11-26,S18,1200.000000000002,1200.0,89028.43945872925,89043.11018815487,82420.21484064158,258.61880959154325,1231.7074904505992,278.4400217028958,23215.890814454,18804.871559707753,62752.10089165003,9.925129760929849,62762.02602141096,1251.4294452071795,64013.455466618136,64013.455466618136,2.2737367544323206e-13,1.8189894035458565e-12,0,2.0463630789890885e-12
2025-11-27,S18,1200.0,1200.000000000001,85809.8746525587,85823.11488330971,81338.17099853828,210.84600988689078,1070.0422704099312,285.14724222041457,23225.972434007745,18813.03767154628,60469.77914572051,22.29910407044372,60492.07824979095,917.4541726098394,61409.53242240079,61409.532422400785,6.821210263296962e-13,4.729372449219227e-11,0,9.094947017729282e-13
2025-11-28,S18,1200.000000000001,1199.9999999999998,40510.18156822269,40510.181568222695,38672.21278983823,276.1310311238189,4002.488729248855,335.11568400986044,19418.425566859623,15728.924709156296,16952.65227817357,0.0,16952.65227817357,795.3677917733985,17748.020069946968,17748.020069946968,1.8189894035458565e-12,1.2381207170619746e-11,0,1.1368683772161603e-12
2025-11-29,S18,1199.9999999999998,1200.0000000000016,50183.25314811962,50192.17737933324,44891.849244994235,303.4930811615658,5713.19034133924,498.04869085992834,21340.279968192885,17285.626774236232,21151.351534908295,4.492457992924756,21155.84399290122,646.5548506248741,21802.398843526094,21802.398843526094,1.1368683772161603e-12,6.366462912410498e-12,0,1.8189894035458565e-12
2025-11-30,S18,1200.0000000000016,1200.0,88236.03458830316,88242.23411299959,84938.35939236773,1080.5873276239122,622.6650239741616,233.8824600172975,25881.95325965037,20964.382140316808,61879.1817252343,8.436313206948398,61887.61803844125,5396.239983219787,67283.85802166104,67283.85802166104,9.094947017729282e-13,1.0913936421275139e-11,0,1.5916157281026244e-12
2025-12-01,S18,1200.0,1200.0,90402.86202859739,90402.86202859745,88256.39032696308,3228.371783592889,655.887670336807,179.4344150028029,22897.433115173902,18546.920823290864,68897.33512802536,1.4551915228366852e-11,68897.33512802537,12666.308124237878,81563.64325226325,81563.64325226325,4.547473508864641e-13,1.5916157281026244e-12,0,0.0
2025-12-02,S18,1200.0,1199.9999999999993,99659.65855003454,99696.3749319064,94543.63498104387,1018.6222488082321,1232.3206247995636,510.5864467737546,27271.264254098696,22089.72404581995,76078.68382542659,52.97995634652034,76131.66378177311,4409.398011504962,80541.06179327807,80541.06179327806,4.547473508864641e-13,5.5649707064731047e-11,0,6.821210263296962e-13
2025-12-03,S18,1199.9999999999993,1200.0000000000005,92455.8438548409,92458.40451644137,89624.92210182418,3203.15183302823,614.5200150396438,369.7118445459714,24637.33425579011,19956.240747189997,69116.12699521013,7.7886770511977375,69123.91567226133,14372.742236314021,83496.65790857535,83498.33518750638,9.094947017729282e-13,1.1368683772161603e-13,0,1.1368683772161603e-12
2025-12-04,S18,1200.0000000000005,1200.0,100151.42803316013,100144.97874625251,93863.66875675597,584.5303658838845,2403.9048940740154,182.8611639906129,26790.65428723833,21700.429972663063,76039.49874511958,8.820270323049044,76048.31901544263,2939.506740649238,78987.82575609186,78993.92958802078,2.2737367544323206e-13,1.7053025658242404e-12,0,4.547473508864641e-13
2025-12-05,S18,1200.0,1200.0000000000016,49426.51882712676,49426.51882712677,47246.9214353595,713.9652418603055,2248.0637255474326,392.3757945066796,21099.049862275533,17090.230388443182,22376.027479250537,3.637978807091713e-12,22376.02747925054,2294.8802523414533,24670.907731591993,24670.90773159199,1.8189894035458565e-12,6.527500762132377e-12,0,1.5916157281026244e-12
2025-12-06,S18,1200.0000000000016,1199.9999999999995,56512.71608577564,56494.08129563366,52243.6251588695,128.32530943695807,3339.0860116849603,1062.7486130056686,22660.44751025871,18354.962483309562,27251.046040882567,-3.1900720225676196,27247.85596886,362.48488163366625,27610.340850493667,27616.720994538806,9.094947017729282e-13,1.2802203741557605e-11,0,2.0463630789890885e-12
2025-12-07,S18,1199.9999999999995,1200.0000000000027,104576.86791597254,104574.90634622576,96622.42753013132,453.38228896807755,3805.6275834762873,201.95591011262024,28502.868818476225,23087.323742965764,80251.54717585158,7.2498588509479305,80258.79703470253,2370.816369504533,82629.61340420706,82640.92765267003,2.7284841053187847e-12,1.9063861600443488e-11,0,3.183231456205249e-12
2025-12-08,S18,1200.0000000000027,1200.0000000000014,106048.01373668865,106045.41019005064,95989.4397434034,52.346054214899254,2860.0958231390823,378.4914766296166,26084.14411148961,21128.1567303066,81679.68289307889,-1.5757057192531647,81678.10718735964,336.1908447453081,82014.29803210494,82028.19736885493,9.094947017729282e-13,4.835243316847482e-12,0,1.3642420526593924e-12
2025-12-09,S18,1200.0000000000014,1200.0000000000027,99519.1407767316,99534.15079920649,93483.77508636682,478.5797314674619,1724.4733467027286,178.1953458563214,24585.43083478215,19914.19897617355,75131.6135715885,8.900683809639304,75140.51425539814,2311.05853784167,77451.57279323981,77451.5727932398,9.094947017729282e-13,1.1709744285326451e-11,0,1.3642420526593924e-12
2025-12-10,S18,1200.0000000000027,1200.0000000000018,95892.11428573035,95809.75764116993,93355.12788011841,1064.5215563615657,959.6500480670422,270.7594808375119,25271.691794256614,20470.070353347866,72679.32533206961,-52.61336349733756,72626.71196857227,4996.010900986645,77622.72286955891,77738.88504308662,2.2737367544323206e-13,9.094947017729282e-13,0,9.094947017729282e-13
2025-12-11,S18,1200.0000000000018,1200.0000000000011,99351.3953367082,99554.39141038356,93050.86041225743,275.5427599792497,2161.4094844230713,327.21547930419763,25665.913202681233,20789.38969417181,74155.54848144989,424.87121812984697,74580.41969957974,983.4168563319238,75563.83655591166,75594.19844756802,4.547473508864641e-13,3.637978807091713e-12,0,6.821210263296962e-13
2025-12-12,S18,1200.0000000000011,1200.000000000001,54110.26487760728,54105.89249602836,50993.19478892382,211.64743323982907,2613.1926231563534,784.7459159606256,21539.422103754416,17446.93190404108,25276.678449135023,-0.7736929203856562,25275.904756214637,701.7082248772683,25977.612981091905,25979.160366932683,9.094947017729282e-13,1.2164491636212915e-11,0,2.2737367544323206e-13
2025-12-13,S18,1200.000000000001,1199.9999999999995,55052.91350436092,55052.91350436092,51788.83270064299,242.01338747612138,3127.664022393586,728.0411853189108,23034.776300385834,18658.168803312536,26259.26645081056,0.0,26259.26645081056,1001.020411693411,27260.28686250397,27260.28686250397,1.1368683772161603e-12,2.5931257141564856e-11,0,1.3642420526593924e-12
2025-12-14,S18,1199.9999999999995,1200.0000000000002,95186.38727385881,95186.14422493213,92318.1244366501,1579.2929849131815,209.52348126230254,157.61175748652533,25008.21254112859,20256.652158314166,72035.24297310138,-0.04891359650355298,72035.19405950488,7473.100608101414,79508.2946676063,79508.39249479931,9.094947017729282e-13,2.091837814077735e-11,0,6.821210263296962e-13
2025-12-15,S18,1200.0000000000002,1199.9999999999968,96240.86619173171,96234.75133446939,93452.87841445368,1488.9851075228719,562.3049976540999,169.18536522896295,24951.658907509627,20210.843715082803,72801.19166670041,28.858803953029565,72830.05047065344,7277.496678624891,80107.54714927833,80135.80903964429,2.2737367544323206e-12,2.864908310584724e-11,0,3.410605131648481e-12
2025-12-16,S18,1199.9999999999968,1199.9999999999975,99911.76804949957,99885.40199306769,95766.79352396735,228.3243185371433,1607.5297653109415,201.19130571475307,25096.344411292303,20328.038973146773,76208.42887600814,-17.014380973414518,76191.41449503473,759.2455147813466,76950.66000981607,77005.4502971951,1.5916157281026244e-12,8.405720564041985e-12,0,6.821210263296962e-13
2025-12-17,S18,1199.9999999999975,1200.0000000000011,100976.3146163346,100982.20977412166,94870.73761615214,328.013330607208,2018.6040844061463,344.27300690961454,24442.246256720777,19798.219467943833,77521.91603449776,3.781581508461386,77525.69761600622,1392.703274680056,78918.40089068627,78918.40089068626,6.821210263296962e-13,2.5483615218035993e-11,0,3.637978807091713e-12
2025-12-18,S18,1200.0000000000011,1200.000000000001,97594.14682090332,97591.0858829555,93059.08911296881,195.32065649478136,1062.1682337742,216.28215695328197,24261.53901089178,19651.84659882235,73597.96706738867,23.76076301278954,73621.72783040146,710.1875972381438,74331.9154276396,74340.54125524267,9.094947017729282e-13,4.3934633708886395e-11,0,2.2737367544323206e-13
2025-12-19,S18,1200.000000000001,1200.0000000000005,54211.74593036488,54204.84831799702,50437.363410185775,510.07142729741764,2802.4809623884694,1067.7191500595482,21941.281184395553,17772.4377593604,25532.403361590703,30.560155827544804,25562.963517418248,1652.4753582925873,27215.438875710835,27233.95064518686,9.094947017729282e-13,2.2737367544323206e-12,0,4.547473508864641e-13
2025-12-20,S18,1200.0000000000005,1199.9999999999998,52706.052348961806,52706.85169687087,50521.19692634505,463.79121656106213,3122.5232436914575,639.7107036355528,22981.062871468876,18614.660925889788,25027.50159351559,0.4375230780315178,25027.93911659362,1164.748806459942,26192.687923053563,26192.68792305356,9.094947017729282e-13,3.817746119239018e-11,0,6.821210263296962e-13
2025-12-21,S18,1199.9999999999998,1200.0,100765.47744050756,100749.47930274613,96350.20956792915,342.16133077566855,2093.4556482945595,211.41913571598013,28156.39077909295,22806.676531065303,76268.3129368168,-7.700262457758072,76260.61267435904,1770.2209086956075,78030.83358305466,78046.23410797014,4.547473508864641e-13,1.1368683772161603e-13,0,2.2737367544323206e-13
2025-12-22,S18,1200.0,1200.0,96311.3653591543,96325.47297679137,93474.97689885864,929.2574736979451,731.9857763729333,114.58145232266679,24317.0529501455,19696.812889617868,73679.13684272266,19.469199065686553,73698.60604178834,3867.8201985539836,77566.42624034232,77566.42624034232,1.8189894035458565e-12,9.08546297934773e-11,0,0.0
2025-12-23,S18,1200.0,1200.0000000000011,99874.39301828883,99898.8774009063,93763.5457692964,157.74063459728654,1708.4391023779185,230.2711536409331,24865.703234428798,20141.219619887335,75990.22263188112,52.91598283055646,76043.13861471167,801.479768732767,76844.61838344444,76848.58668024314,9.094947017729282e-13,1.935696047894453e-11,0,1.1368683772161603e-12
2025-12-24,S18,1200.0000000000011,1200.000000000001,98339.30044658933,98358.39471924925,94118.11800549089,207.7739635454741,1594.135134266621,132.0883385938887,24974.25883952211,20229.14966001291,74474.1269784698,26.383002518647118,74500.50998098844,761.5606421689265,75262.07062315737,75262.07062315737,2.2737367544323206e-13,7.332801033044234e-11,0,2.2737367544323206e-13
2025-12-25,S18,1200.000000000001,1200.000000000003,96553.49250500169,96606.74533705116,92418.42153250518,985.3843791500171,808.4096855257501,196.91145249982526,24137.03284366469,19550.996603368403,72506.74208649334,184.38301339981263,72691.12509989315,4448.288824812061,77139.41392470521,77154.30769685075,9.094947017729282e-13,3.3999469906120794e-12,0,2.0463630789890885e-12
2025-12-26,S18,1200.000000000003,1199.9999999999984,51322.95054028763,51322.74730634157,48878.567355507475,757.1559456441732,1475.4702873215952,1036.8217757055445,21662.151604164104,17546.342799372935,23827.87235829499,2.6097376566503954,23830.48209595164,1867.194246391639,25697.67634234328,25700.81875383901,1.8189894035458565e-12,2.971489720948739e-11,0,4.547473508864641e-12
2025-12-27,S18,1199.9999999999984,1200.000000000001,44181.646836279375,44219.51653658764,43991.8103917672,4761.927892127113,1069.4902651628604,250.30981657334883,21553.31123942852,17458.1821039371,19135.765247162828,84.99732182900334,19220.76256899183,17593.415320670458,36814.177889662285,36822.43649073053,9.094947017729282e-13,3.410605131648481e-12,0,2.5011104298755527e-12
2025-12-28,S18,1200.000000000001,1199.9999999999993,101246.46962647422,101249.47214954524,94409.20233895855,72.08283818350196,2035.2990315902186,745.8032238205,25741.727219638793,20850.799047907443,76669.16097194643,4.366203138415585,76673.52717508485,250.07162225848091,76923.59879734332,76923.59879734332,9.094947017729282e-13,2.3275603666661482e-11,0,1.5916157281026244e-12
2025-12-29,S18,1199.9999999999993,1199.999999999999,101675.81826169799,101675.81826169799,94244.68619592648,42.92862290870187,1458.4400188742136,581.3424099370886,24863.50591240621,20139.439789049047,76552.33408438435,0.0,76552.33408438435,207.11712657288098,76759.45121095722,76759.45121095721,4.547473508864641e-13,1.4779288903810084e-11,0,2.2737367544323206e-13
2025-12-30,S18,1199.999999999999,1200.0000000000011,95990.49680048884,96025.17657544075,91858.0468924899,478.17071753644314,1025.4842053408784,362.9023802287886,24860.14960240388,20136.72117794715,71072.7093129913,63.34401876090851,71136.0533317522,2412.3927090406773,73548.44604079289,73548.44604079289,9.094947017729282e-13,4.1382008930668235e-11,0,2.0463630789890885e-12
2025-12-31,S18,1200.0000000000011,6000.0,106634.39740141347,106548.507181343,99599.89863684445,410.0496994538909,1102.638445225312,244.4059092624202,29981.47920251216,19964.998154034856,78929.67209071005,-25.941401654374204,78903.73068905568,1790.262091247719,80693.9927803034,80745.87558361217,1.8189894035458565e-12,1.3642420526593924e-11,0,0.0
