date,issue_hour,strategy,changed_plan_kwh,expected_future_cost_yuan,cvar_future_cost_yuan,objective,soc_at_issue_kwh,terminal_target_kwh,clipped_load_scenario_cells,clipped_pv_scenario_cells,clipped_price_scenario_cells
2025-02-01,0,S6_12,0.0,30515.23561169093,88206.96410936257,42057.71586914773,6000.0,6000.0,6,32,0
2025-02-01,6,S6_12,4263.884113669022,26242.76064376412,106884.72511419468,42437.69475368288,10156.890854080428,6000.0,36,0,0
2025-02-01,12,S6_12,4890.325651960548,12589.884898955566,13414.51129828226,12756.84075468463,6450.893223548817,6000.0,18,0,0
2025-02-02,0,S6_12,0.0,106702.56985020245,137944.1701012107,112955.8372337374,6000.0,6000.0,0,0,0
2025-02-02,6,S6_12,2755.9567449806864,89865.97950873096,115060.13903272778,94909.02220380312,10800.0,6000.0,0,0,0
2025-02-02,12,S6_12,810.6566104938291,60504.0062604913,77229.51403996446,63851.769274333936,6450.0,6000.0,0,0,0
2025-02-03,0,S6_12,0.0,100591.67920790639,130480.90350104819,106574.32056653479,6000.0,6000.0,0,12,0
2025-02-03,6,S6_12,38149.74323145385,64221.148114733565,68835.07910475909,65147.88934322841,10800.0,6000.0,0,12,0
2025-02-03,12,S6_12,20009.132870563677,54266.654596765264,72305.97632443247,57877.18141554015,6519.343517345282,6000.0,0,0,0
2025-02-04,0,S6_12,0.0,78000.08581985565,153551.15306270283,93114.85699982612,6000.0,6000.0,0,46,0
2025-02-04,6,S6_12,26.071143484847312,69920.1893783988,196551.21390605828,95364.17421736858,10800.0,6000.0,0,16,0
2025-02-04,12,S6_12,5883.709911321254,39334.78396399991,44082.989728382134,40286.489516476504,6450.0,6000.0,0,0,0
2025-02-05,0,S6_12,0.0,64045.89179282072,74612.0011202746,66163.82985366395,6000.0,6000.0,0,8,0
2025-02-05,6,S6_12,317.13849839007514,51446.49903175038,53606.28221659711,51882.43349311098,10800.0,6000.0,0,3,0
2025-02-05,12,S6_12,1038.2751442434014,37616.33357966791,43381.71839407704,38787.6405646654,5842.651542688484,6000.0,0,0,0
2025-02-06,0,S6_12,0.0,69415.76005393943,80398.01524011619,71616.70592450809,5969.944076334773,5969.944076334773,0,33,0
2025-02-06,6,S6_12,5222.7788764651905,52739.65810611859,59121.969046438775,54028.395809836475,10800.0,5969.944076334773,0,0,0
2025-02-06,12,S6_12,1821.4678886765955,37218.93215321776,39468.57441837296,37671.05961243634,6449.999999999999,5969.944076334773,0,0,0
2025-02-07,0,S6_12,0.0,28495.35293650294,30502.63669920305,28900.64673864221,5969.944076334772,5969.944076334772,18,6,0
2025-02-07,6,S6_12,2423.7263550468447,16501.96782602001,17470.21429307396,16698.85113885228,10188.920510276414,5969.944076334772,18,12,0
2025-02-07,12,S6_12,2311.0063953398217,14515.93619982894,15420.495815207845,14699.545119780452,5768.734179855456,5969.944076334772,6,0,0
2025-02-08,0,S6_12,0.0,15771.110793978074,19669.216606572874,16554.593289830365,5968.548375323612,5968.548375323612,23,0,0
2025-02-08,6,S6_12,511.52849487579556,9870.410487032585,12077.255909219879,10314.785083650097,7629.788570102552,5968.548375323612,16,0,0
2025-02-08,12,S6_12,174.3653906631397,9305.724228328832,10531.264460792876,9552.694818842967,6646.952979717358,5968.548375323612,6,0,0
2025-02-09,0,S6_12,0.0,63638.797780324654,73919.60560453501,65699.30334516673,5968.548375323613,5968.548375323613,0,0,0
2025-02-09,6,S6_12,1322.5154271574138,49946.163000084765,62464.96184378305,52477.746900889964,10800.0,5968.548375323613,0,0,0
2025-02-09,12,S6_12,681.6753406949252,34802.11129732227,36681.42782828424,35180.15123876413,7052.063002276258,5968.548375323613,0,0,0
2025-02-10,0,S6_12,0.0,63406.50935374537,75101.55023639895,65749.80026454414,5968.548375323613,5968.548375323613,0,0,0
2025-02-10,6,S6_12,6422.34886622239,45373.52874142146,50437.76225300918,46390.03444738358,10800.0,5968.548375323613,0,0,0
2025-02-10,12,S6_12,2346.9581130397764,34224.03490521651,36147.00131106206,34617.74649219019,6449.999999999997,5968.548375323613,0,0,0
2025-02-11,0,S6_12,0.0,64106.637741420935,75154.78274689469,66320.65195607523,5955.4716373533265,5955.4716373533265,0,53,0
2025-02-11,6,S6_12,4693.984082566615,46026.353078292464,51995.86033437562,47223.90481554895,10800.0,5955.4716373533265,0,4,0
2025-02-11,12,S6_12,1471.6616921179716,34237.71856214097,35753.315320569156,34542.91385996021,6627.386986251122,5955.4716373533265,0,0,0
2025-02-12,0,S6_12,0.0,59119.150144922736,65220.394328306415,60343.59214826616,5955.471637353329,5955.471637353329,0,6,0
2025-02-12,6,S6_12,4600.882846997576,44450.896078794765,46744.778852202515,44916.9458897616,10800.0,5955.471637353329,0,0,0
2025-02-12,12,S6_12,1016.7521969629265,32739.19884462206,35299.89636388535,33253.52451657012,6449.999999999999,5955.471637353329,0,0,0
2025-02-13,0,S6_12,0.0,55581.659064156374,61116.13824024926,56692.894260129186,5955.471637353329,5955.471637353329,0,0,0
2025-02-13,6,S6_12,5121.901010598524,42105.79964641263,43740.893702507194,42439.827115169486,10800.0,5955.471637353329,0,0,0
2025-02-13,12,S6_12,1001.1943137610352,33051.47690585811,34997.63194617079,33451.43049766589,6539.082734198147,5955.471637353329,0,0,0
2025-02-14,0,S6_12,0.0,22028.11531455895,25283.73707390499,22682.90354958578,5939.473895824002,5939.473895824002,12,6,0
2025-02-14,6,S6_12,2021.9123826539558,12743.691479155792,13556.810872571328,12923.34478342251,9653.809682328634,5939.473895824002,12,17,0
2025-02-14,12,S6_12,224.99271788359874,12028.712785167347,13166.785702443776,12258.189178391285,6585.883405354546,5939.473895824002,12,9,0
2025-02-15,0,S6_12,0.0,15843.508702123345,18144.229455244174,16307.763976637429,5939.473895824001,5939.473895824001,16,6,9
2025-02-15,6,S6_12,4347.0473794956215,9732.004799285605,10746.690004276386,9938.011539969986,7031.625695610556,5939.473895824001,8,6,3
2025-02-15,12,S6_12,406.59537210652525,9431.129446889568,10231.968931752075,9593.355892515374,5557.1635936461,5939.473895824001,0,6,2
2025-02-16,0,S6_12,0.0,44386.59509650364,48552.19837825206,45224.46409199211,5939.473895824,5939.473895824,0,14,0
2025-02-16,6,S6_12,7342.743507523366,31187.655553870147,35803.09804499471,32114.492844090084,9874.074074074075,5939.473895824,0,11,0
2025-02-16,12,S6_12,1193.92131183609,22327.91102912942,26689.08208115045,23202.294854385458,6450.0,5939.473895824,0,0,0
2025-02-17,0,S6_12,0.0,61822.22111887616,71932.8757379625,63848.68286278432,5939.473895823998,5939.473895823998,0,8,0
2025-02-17,6,S6_12,7532.388986486574,45648.636977653805,51803.8549412448,46883.33014696909,10800.0,5939.473895823998,0,7,0
2025-02-17,12,S6_12,1542.4533823034994,32795.85638138032,36642.9778682965,33567.36293534255,6450.000000000001,5939.473895823998,0,0,0
2025-02-18,0,S6_12,0.0,54670.486542274106,61573.54217500763,56055.14170834427,5939.473895823997,5939.473895823997,0,0,0
2025-02-18,6,S6_12,10.203619532763554,40220.46470115371,43085.076637605256,40803.427323717944,9874.074074074075,5939.473895823997,0,0,0
2025-02-18,12,S6_12,242.36211611006945,31054.117497017756,37474.66571695946,32369.100717214835,6556.1170780286975,5939.473895823997,0,0,0
2025-02-19,0,S6_12,0.0,57673.240915355134,66645.16967908302,59471.84994671852,5885.361978939426,5885.361978939426,0,12,0
2025-02-19,6,S6_12,270.2437359043019,41616.2226669489,43427.98183625022,41982.201058765815,10376.243045673964,5885.361978939426,0,9,0
2025-02-19,12,S6_12,340.9368557614429,31773.643011986434,33536.01313768213,32128.34336650299,6651.679594655872,5885.361978939426,0,0,0
2025-02-20,0,S6_12,0.0,56697.996895348275,63553.764811479305,58073.343645241104,5885.361978939424,5885.361978939424,0,0,0
2025-02-20,6,S6_12,2191.740204977469,41911.65488318864,46075.29919847929,42747.958250950185,9874.074074074075,5885.361978939424,0,5,0
2025-02-20,12,S6_12,2114.826526765722,30147.210276743965,32212.07169718347,30568.562880187033,6765.112216912399,5885.361978939424,0,3,0
2025-02-21,0,S6_12,0.0,20858.90096256747,23384.910834573224,21367.63276690234,5873.404842733733,5873.404842733733,14,0,0
2025-02-21,6,S6_12,14.440631165929169,11296.43286514289,13038.429770803776,11661.189308172416,8729.38544492221,5873.404842733733,7,3,0
2025-02-21,12,S6_12,126.44255185079561,11504.126175709165,13935.262767433052,12027.36058945223,6370.19622020062,5873.404842733733,0,0,0
2025-02-22,0,S6_12,0.0,15947.867834593688,19952.06954673266,16752.447692563142,5807.337718071812,5807.337718071812,16,9,0
2025-02-22,6,S6_12,715.0639909669208,9604.027788329035,11874.255011234509,10061.169447601083,7017.817188927791,5807.337718071812,16,15,0
2025-02-22,12,S6_12,1163.5434677211751,9515.883837523812,12079.099180660249,10030.54768035162,6201.763368501255,5807.337718071812,6,1,0
2025-02-23,0,S6_12,0.0,54954.218137583804,63990.05287865791,56765.45016163407,5807.337718071813,5807.337718071813,0,5,0
2025-02-23,6,S6_12,484.6086710987968,43301.62011689314,49049.47984418564,44454.93532254233,10800.0,5807.337718071813,0,4,0
2025-02-23,12,S6_12,3143.8910329537266,32211.436575730157,37924.11447476645,33392.168720308124,6704.106739623198,5807.337718071813,0,0,0
2025-02-24,0,S6_12,0.0,53243.63657927911,63417.45705552626,55282.59971204926,5739.285601134013,5739.285601134013,0,16,0
2025-02-24,6,S6_12,353.6347632798618,39074.43642042684,46076.99569057027,40478.346581389305,9874.074074074075,5739.285601134013,0,0,0
2025-02-24,12,S6_12,283.62224559039475,30281.433950703067,34228.13150255232,31072.8861680484,5777.102812555349,5739.285601134013,0,0,0
2025-02-25,0,S6_12,0.0,54449.67618944485,65855.0399877855,56735.12620712158,5739.285601134014,5739.285601134014,0,2,0
2025-02-25,6,S6_12,2256.16733920793,39886.49868181671,45846.84371231735,41082.29430629139,9874.074074074075,5739.285601134014,0,6,0
2025-02-25,12,S6_12,3619.0222610523206,29444.53742189414,35849.02789124702,30727.35570700242,7094.5468596287665,5739.285601134014,0,4,0
2025-02-26,0,S6_12,0.0,48427.288259955225,53105.13546758407,49366.92991195389,5739.285601134015,5739.285601134015,0,0,0
2025-02-26,6,S6_12,422.18769785795837,36987.71054591266,44477.727873727476,38506.11757199734,9874.074074074075,5739.285601134015,0,0,0
2025-02-26,12,S6_12,844.8962068228504,29920.334757469263,32654.496636000968,30469.24120959467,6595.74953466103,5739.285601134015,0,0,0
2025-02-27,0,S6_12,0.0,51963.03217478442,61431.637002354546,53860.90250880791,5739.285601134016,5739.285601134016,0,8,0
2025-02-27,6,S6_12,837.2745662306945,37914.81737159818,43720.89142057962,39079.621022900494,9874.074074074075,5739.285601134016,0,0,0
2025-02-27,12,S6_12,398.6944636594359,30212.224175188592,33846.674359796176,30941.13440749047,6613.348415634058,5739.285601134016,0,6,0
2025-02-28,0,S6_12,0.0,19702.12871563542,21986.917472689016,20162.29643069619,5739.285601134015,5739.285601134015,7,9,0
2025-02-28,6,S6_12,312.97545039275076,10560.53728350692,11803.334491699572,10812.003982361884,6312.768594562726,5739.285601134015,7,4,0
2025-02-28,12,S6_12,225.38458693805381,10598.53657590974,12438.720700768372,10968.58851226232,5266.38212186957,5739.285601134015,0,0,0
2025-03-01,0,S6_12,0.0,17883.4316512942,19354.370778336757,18181.04031273364,5739.285601134015,5739.285601134015,8,14,0
2025-03-01,6,S6_12,5338.759616280809,9229.99480042442,10205.023684065127,9427.872182627025,8033.068980523331,5739.285601134015,8,9,1
2025-03-01,12,S6_12,223.2570880638345,9246.213995755355,12085.131229761611,9817.921048351303,6781.964254276364,5739.285601134015,12,3,2
2025-03-02,0,S6_12,0.0,39600.087986461825,46359.72733286515,40956.51068907584,5735.329244918432,5735.329244918432,0,31,2
2025-03-02,6,S6_12,2074.2538445822556,29356.97664710609,37100.46089336671,30909.305640966963,9874.074074074075,5735.329244918432,0,11,8
2025-03-02,12,S6_12,993.6415605501159,23697.29507928505,29113.911467418053,24782.91650782484,5982.012660075548,5735.329244918432,0,16,0
2025-03-03,0,S6_12,0.0,54958.2894529036,62401.59003333058,56451.19157561016,5735.329244918434,5735.329244918434,0,5,0
2025-03-03,6,S6_12,7363.234648820236,43084.63948262485,57291.40167947342,45979.00725584387,10800.0,5735.329244918434,0,14,0
2025-03-03,12,S6_12,1194.5734456695373,34004.98341216407,42616.866675863566,35758.997867972896,6449.999999999999,5735.329244918434,0,9,0
2025-03-04,0,S6_12,0.0,49988.079593291164,63228.01386755112,52640.09999235093,5679.645038246558,5679.645038246558,0,12,0
2025-03-04,6,S6_12,833.3039862219475,41194.660260438905,52190.14078838107,43403.73818388231,9874.074074074075,5679.645038246558,0,0,0
2025-03-04,12,S6_12,773.7969274539596,32150.761783435002,40093.63124573845,33758.618917382344,6602.584032999341,5679.645038246558,0,0,0
2025-03-05,0,S6_12,0.0,52929.92461151054,63679.43770686247,55084.02695083716,5647.140374237037,5647.140374237037,0,5,0
2025-03-05,6,S6_12,1246.9515968947762,38049.995938154236,43629.30653551745,39169.39449775788,9880.001791322058,5647.140374237037,0,6,0
2025-03-05,12,S6_12,1840.3191606452413,30069.347998200494,38273.27305642828,31712.199048416744,7014.665885757142,5647.140374237037,0,0,0
2025-03-06,0,S6_12,0.0,47460.42487316854,58852.994819774634,49743.26000789112,5647.140374237037,5647.140374237037,0,0,0
2025-03-06,6,S6_12,948.5935305688265,35988.45627829405,40206.54915417468,36835.738185458606,9874.074074074075,5647.140374237037,0,0,0
2025-03-06,12,S6_12,174.63537447039585,30530.55658980226,39267.250157815666,32286.052820908528,6608.634465475046,5647.140374237037,0,1,0
2025-03-07,0,S6_12,0.0,19728.21137872002,21511.519697453696,20088.038294770675,5635.798692422172,5635.798692422172,0,16,0
2025-03-07,6,S6_12,1291.4896416689205,11341.653391670192,14148.561536467769,11920.65317187372,7396.97342156521,5635.798692422172,0,6,0
2025-03-07,12,S6_12,250.3443736305025,10899.853422515956,11578.498355599748,11037.595675721428,4917.1522361652815,5635.798692422172,0,2,0
2025-03-08,0,S6_12,0.0,12965.74389117698,14204.980989014593,13216.560950910565,5635.798692422173,5635.798692422173,0,8,2
2025-03-08,6,S6_12,81.35612660931186,8110.587637176559,11118.10774381071,8714.838049387005,4727.063372127231,5635.798692422173,0,3,10
2025-03-08,12,S6_12,337.27833262029395,8200.207309241685,10644.698434425181,8691.05816571184,5539.8073202767,5635.798692422173,0,2,4
2025-03-09,0,S6_12,0.0,50899.75248714442,60855.745734481774,52895.63802626126,5635.798692422173,5635.798692422173,0,0,0
2025-03-09,6,S6_12,7048.964387460223,34189.08821247554,35785.40046903831,34511.785617097434,9947.334490734816,5635.798692422173,0,1,0
2025-03-09,12,S6_12,1698.9638441910683,28508.885683513705,30188.30527768024,28846.838841882047,6638.407035953236,5635.798692422173,0,0,0
2025-03-10,0,S6_12,0.0,48729.285710578064,59408.06393741637,50868.990641672455,5635.798692422175,5635.798692422175,0,2,0
2025-03-10,6,S6_12,886.5258397965257,36288.69325725084,37614.05756587228,36557.202451230514,9888.744082449657,5635.798692422175,0,2,0
2025-03-10,12,S6_12,581.5836934761064,27637.507207048966,30812.871432789514,28274.612587523934,6450.0,5635.798692422175,0,0,0
2025-03-11,0,S6_12,0.0,42400.631938234634,48364.496803430804,43597.39606055739,5635.7986924221705,5635.7986924221705,0,1,0
2025-03-11,6,S6_12,7663.113554326715,39036.552887307866,45621.92904322167,40359.77289823405,9914.608403544038,5635.7986924221705,0,6,0
2025-03-11,12,S6_12,2752.010272271864,28571.548303486747,33453.28597481992,29553.794160566227,7002.881854548083,5635.7986924221705,0,2,0
2025-03-12,0,S6_12,0.0,50009.89175767278,60097.63031211165,52031.56551992665,5628.30886209624,5628.30886209624,0,15,0
2025-03-12,6,S6_12,5332.60954788102,32213.097601611975,33972.021025755814,32568.21087431346,9874.074074074075,5628.30886209624,0,0,0
2025-03-12,12,S6_12,2246.08037093454,29353.272778462833,35298.69079978323,30544.350939503795,6683.993725544806,5628.30886209624,0,6,0
2025-03-13,0,S6_12,0.0,49325.88873989266,53637.41589136143,50192.29186410411,5628.308862096242,5628.308862096242,0,7,0
2025-03-13,6,S6_12,2774.0971897867557,38220.71782255891,47935.32743948058,40206.62507188666,9944.818528794372,5628.308862096242,0,7,0
2025-03-13,12,S6_12,528.5706472652989,27815.83568025512,33514.118538290175,28959.2001215984,7051.997700434644,5628.308862096242,0,0,0
2025-03-14,0,S6_12,0.0,17909.759262542033,20707.21101642034,18472.248489795933,5625.11895087884,5625.11895087884,0,0,0
2025-03-14,6,S6_12,420.5294461058003,11847.828067398868,14607.811591686008,12404.808138859125,5439.353569175584,5625.11895087884,0,4,0
2025-03-14,12,S6_12,431.1434523129224,10558.512399268388,11523.699658782189,10753.660486347455,4101.145995328615,5625.11895087884,0,1,0
2025-03-15,0,S6_12,0.0,13376.51806137797,17428.348978111135,14189.923536094358,5625.118950878841,5625.118950878841,0,1,6
2025-03-15,6,S6_12,1182.8104545329113,8874.29267266803,10514.316558549352,9205.15950683988,5033.625900062264,5625.118950878841,0,2,13
2025-03-15,12,S6_12,864.7218385856369,8183.080019062416,8878.203318613265,8324.069958182226,6544.959700617696,5625.118950878841,0,0,2
2025-03-16,0,S6_12,0.0,46067.45314672399,56304.10600562313,48119.24838517047,5625.118950878842,5625.118950878842,0,2,0
2025-03-16,6,S6_12,954.2066432430424,37481.78458770719,45399.22318067286,39068.96526400453,9923.856771576942,5625.118950878842,0,5,0
2025-03-16,12,S6_12,1792.7768711213266,30620.86764670209,36106.92195616067,31732.786670461952,7446.341005604362,5625.118950878842,0,3,0
2025-03-17,0,S6_12,0.0,44158.279698819926,50411.086692933946,45412.76036347574,5601.181193436578,5601.181193436578,0,0,0
2025-03-17,6,S6_12,4921.757606039377,30463.322500124443,36493.82727346304,31684.4592056048,9874.074074074075,5601.181193436578,0,0,0
2025-03-17,12,S6_12,1417.6781092306396,27261.684944604156,28706.03118709469,27552.432101605256,6505.825182375094,5601.181193436578,0,1,0
2025-03-18,0,S6_12,0.0,47404.41753440372,57425.69210149723,49412.98667047677,5601.181193436577,5601.181193436577,0,0,0
2025-03-18,6,S6_12,4757.047788475779,35632.49598936722,40637.14233702393,36637.04844472047,9916.17505048369,5601.181193436577,0,0,0
2025-03-18,12,S6_12,2723.4232063491395,25606.113347611183,30281.723685659945,26543.143448594015,7010.537539347296,5601.181193436577,0,0,0
2025-03-19,0,S6_12,0.0,41632.04494393609,49326.56231825946,43174.932703490056,5601.181193436577,5601.181193436577,0,0,0
2025-03-19,6,S6_12,2324.5620206306935,32728.700517210902,40429.1645124259,34272.26804242987,9891.385752445196,5601.181193436577,0,3,0
2025-03-19,12,S6_12,1526.8683963797466,26954.82437228929,31612.113257130368,27888.169908717304,6953.323175851323,5601.181193436577,0,0,0
2025-03-20,0,S6_12,0.0,48101.09978791915,57229.8851578675,49931.01986190887,5601.181193436579,5601.181193436579,0,6,0
2025-03-20,6,S6_12,6647.23338090057,32411.81977658738,40202.141083101764,33973.139716687205,9874.074074074075,5601.181193436579,0,2,0
2025-03-20,12,S6_12,1696.983273290667,28297.33640877225,32422.135063200774,29124.279657706425,6077.796040883814,5601.181193436579,0,2,0
2025-03-21,0,S6_12,0.0,17544.84053054846,19582.644936340184,17955.217204813453,5601.181193436578,5601.181193436578,0,0,0
2025-03-21,6,S6_12,273.0743105819288,10251.20515507891,11472.860193829089,10498.22859695642,4230.525868764975,5601.181193436578,0,0,0
2025-03-21,12,S6_12,178.897508606531,10115.318004602912,11284.894237449407,10351.259285756245,4806.884014223225,5601.181193436578,0,0,0
2025-03-22,0,S6_12,0.0,13678.9633391279,14545.98278198056,13855.895943516975,5601.1811934365805,5601.1811934365805,0,1,5
2025-03-22,6,S6_12,109.99864717912823,8075.586294346694,8829.050387622054,8229.165901265473,4834.3316143838,5601.1811934365805,0,2,4
2025-03-22,12,S6_12,267.7605809956668,7504.52701947878,9904.329139992971,7986.519439939569,5862.4578170661935,5601.1811934365805,0,0,8
2025-03-23,0,S6_12,0.0,33471.37732168236,41623.14603914905,35106.267419724965,5601.181193436582,5601.181193436582,0,0,53
2025-03-23,6,S6_12,1688.6445922960525,24697.793412240622,29437.439680363506,25649.293654465993,9874.074074074075,5601.181193436582,0,0,19
2025-03-23,12,S6_12,2717.840709117737,19853.543528091825,23747.80362432546,20634.3017536197,6328.6238001135725,5601.181193436582,0,0,12
2025-03-24,0,S6_12,0.0,43759.180405104176,49043.52289854468,44820.0713578756,5601.181193436599,5601.181193436599,0,0,0
2025-03-24,6,S6_12,2341.477366307545,33107.632065227015,40764.738196560735,34657.7482299686,9903.307755512542,5601.181193436599,0,0,0
2025-03-24,12,S6_12,2356.474018106648,27662.48050926004,32583.442892517116,28648.582326781252,6918.089389168221,5601.181193436599,0,0,0
2025-03-25,0,S6_12,0.0,49396.51631076348,58195.38342877795,51160.63373436648,5601.181193436599,5601.181193436599,0,0,0
2025-03-25,6,S6_12,8160.411386393246,32402.111169233885,38601.7116895847,33672.196481149556,9920.28655275465,5601.181193436599,0,0,0
2025-03-25,12,S6_12,1184.45411262351,27114.096284851934,28981.746871154537,27516.68424507976,6459.824993147244,5601.181193436599,0,0,0
2025-03-26,0,S6_12,0.0,43916.625968477354,52894.38701775796,45716.21618149448,5550.071848005508,5550.071848005508,0,0,0
2025-03-26,6,S6_12,1218.004972741749,32418.94993013028,39534.77713284801,33882.45142023911,9874.074074074075,5550.071848005508,0,0,0
2025-03-26,12,S6_12,2423.0386652444968,25673.801517335585,30518.614502206445,26664.957273213302,7020.908058909005,5550.071848005508,0,0,0
2025-03-27,0,S6_12,0.0,44180.13271106295,47695.395548975095,44887.38525508251,5511.78179958984,5511.78179958984,0,0,0
2025-03-27,6,S6_12,4928.919631186323,33587.49861805197,42354.14024049487,35369.90495017221,9874.074074074075,5511.78179958984,0,0,0
2025-03-27,12,S6_12,3757.6785158130942,26404.946746370235,32682.919861476796,27662.383700854818,7074.746119245192,5511.78179958984,0,0,0
2025-03-28,0,S6_12,0.0,16546.100165513504,19380.38917114281,17115.979894848046,5511.781799589842,5511.781799589842,0,0,0
2025-03-28,6,S6_12,29.39143462654448,9946.109247241575,11487.804323399208,10257.158313170567,5532.15580497203,5511.781799589842,0,0,0
2025-03-28,12,S6_12,69.04831465811242,9544.827512708702,11022.237606353046,9842.325327986437,4835.119564311874,5511.781799589842,0,0,0
2025-03-29,0,S6_12,0.0,12055.494232766525,15474.847997424822,12742.78235897042,5511.781799589843,5511.781799589843,0,0,57
2025-03-29,6,S6_12,442.06323315174245,7143.999732597697,9529.123500859338,7623.716812915363,4434.604452331496,5511.781799589843,0,0,52
2025-03-29,12,S6_12,217.9385561335788,7375.21624928406,8555.149988453111,7613.0449041626325,6339.885151339504,5511.781799589843,0,0,8
2025-03-30,0,S6_12,0.0,31362.253164982623,41361.76825121159,33366.31807972765,5511.781799589846,5511.781799589846,0,0,77
2025-03-30,6,S6_12,3483.1416103006754,20247.702507979928,23846.244843799992,20970.844537823814,9898.276261123505,5511.781799589846,0,0,57
2025-03-30,12,S6_12,2384.4886814787305,17827.699579425687,19437.144212398725,18151.525962913318,6868.2444719967625,5511.781799589846,0,0,24
2025-03-31,0,S6_12,0.0,40491.39935510073,48297.03222464424,42056.385743069004,5511.781799589847,5511.781799589847,0,0,0
2025-03-31,6,S6_12,6988.637048096662,34970.5196548364,43991.79533354809,36778.33519221367,9883.428008043678,5511.781799589847,0,0,0
2025-03-31,12,S6_12,4426.511539572612,26549.666638721235,34363.90041175504,28114.386539839594,7125.379808776841,5511.781799589847,0,4,0
2025-04-01,0,S6_12,0.0,46696.483305878886,53821.257256186705,48125.62823693084,5511.781799589845,5511.781799589845,0,0,0
2025-04-01,6,S6_12,4007.7404183254394,35282.87909957378,42706.83537000896,36771.184473620866,9912.255879694534,5511.781799589845,0,0,0
2025-04-01,12,S6_12,2040.3620347612343,26757.382513021967,34892.01860184389,28386.220153379334,7050.0,5511.781799589845,0,0,0
2025-04-02,0,S6_12,0.0,44791.15181684761,50539.71771293681,45945.041190222546,5511.781799589845,5511.781799589845,0,8,0
2025-04-02,6,S6_12,2150.5490273458126,33771.01319038724,37643.96325902549,34549.00644717719,9933.347174421056,5511.781799589845,0,0,0
2025-04-02,12,S6_12,2784.0126129332684,24925.439329681543,30762.529978415787,26094.64215692878,7527.327994270543,5511.781799589845,0,0,0
2025-04-03,0,S6_12,0.0,45872.78343153186,55769.58626626654,47856.437780362925,5511.781799589844,5511.781799589844,0,10,0
2025-04-03,6,S6_12,2966.775691416383,29881.463489030197,34697.50831071168,30848.17909878863,9927.826962425086,5511.781799589844,0,0,0
2025-04-03,12,S6_12,2547.037799397192,25697.178379876124,28918.552973732323,26343.33877604631,6925.041581214221,5511.781799589844,0,0,0
2025-04-04,0,S6_12,0.0,15411.528835076891,17973.13463807537,15926.647809571825,5511.781799589844,5511.781799589844,0,0,0
2025-04-04,6,S6_12,199.72502678104786,9046.760181654805,10212.301595854598,9282.546741076992,4112.6545148689165,5511.781799589844,0,0,0
2025-04-04,12,S6_12,199.72502678104786,9008.023701432186,10158.932619942192,9240.270568115768,4363.015397513573,5511.781799589844,0,0,0
2025-04-05,0,S6_12,0.0,11673.988210607778,14334.867317468364,12209.091891777001,5511.781799589845,5511.781799589845,0,0,43
2025-04-05,6,S6_12,111.69995040091365,6854.629022334125,7784.276483369585,7043.32243369618,3689.078136402142,5511.781799589845,0,0,38
2025-04-05,12,S6_12,88.4473517941726,6974.294817127929,7854.161552677397,7152.328142884768,5525.102528795157,5511.781799589845,0,0,2
2025-04-06,0,S6_12,0.0,39665.37932233026,50348.87580970046,41806.09078647099,5511.781799589845,5511.781799589845,0,0,0
2025-04-06,6,S6_12,3121.429888184085,27558.38247553986,29419.330095800862,27941.62359457862,9961.320020072793,5511.781799589845,0,12,0
2025-04-06,12,S6_12,868.6202173232803,25950.674302480118,30626.35276864481,26887.799726734454,6171.045334673517,5511.781799589845,0,4,0
2025-04-07,0,S6_12,0.0,37240.222976332974,44468.420082171986,38689.72648881886,5511.781799589846,5511.781799589846,0,0,0
2025-04-07,6,S6_12,2949.4902146129507,27777.7034481305,33477.85051442157,28921.56661079193,9929.971713072731,5511.781799589846,0,12,0
2025-04-07,12,S6_12,2300.9242807547234,25086.799109602263,31358.66059391018,26342.86703152164,8047.716577679486,5511.781799589846,0,0,0
2025-04-08,0,S6_12,0.0,43246.01564115,51604.87170013102,44921.86226680821,5511.781799589846,5511.781799589846,0,11,0
2025-04-08,6,S6_12,3278.641769299956,29499.27771167901,36636.47163589544,30929.957587336332,9959.585107710689,5511.781799589846,0,4,0
2025-04-08,12,S6_12,1345.5852217661463,24669.492680524607,28231.744884044703,25383.830739704066,6159.262616273156,5511.781799589846,0,0,0
2025-04-09,0,S6_12,0.0,42300.7910164162,50800.852721035066,44004.89116039242,5511.781799589848,5511.781799589848,0,0,0
2025-04-09,6,S6_12,1771.0197499290389,30959.80667525582,38871.34784879684,32545.54248354977,9947.83177814142,5511.781799589848,0,0,0
2025-04-09,12,S6_12,1278.0141390797228,25020.46078733171,27095.586443596574,25437.414639435945,6619.442221130565,5511.781799589848,0,0,0
2025-04-10,0,S6_12,0.0,43098.53956528705,50813.38135357165,44645.399800581574,5511.781799589848,5511.781799589848,0,20,0
2025-04-10,6,S6_12,1292.9233836726974,31494.527578388967,38271.47394012684,32853.048155233606,9943.32651457023,5511.781799589848,0,8,0
2025-04-10,12,S6_12,3027.26627643401,25133.6304887507,26314.60700001702,25371.628275581355,7136.813234177814,5511.781799589848,0,0,0
2025-04-11,0,S6_12,0.0,14228.381221296082,15752.13887509798,14535.930565951714,5511.781799589847,5511.781799589847,0,0,0
2025-04-11,6,S6_12,503.1211745102784,9326.389425988395,10828.485196778425,9629.387181390646,3061.6883654145904,5511.781799589847,0,0,0
2025-04-11,12,S6_12,461.3345308834402,8127.676539238632,9698.268878432042,8443.776142399696,5122.740596712601,5511.781799589847,0,0,0
2025-04-12,0,S6_12,0.0,11806.802862460008,13841.6538389764,12216.943644470959,5511.781799589848,5511.781799589848,0,0,52
2025-04-12,6,S6_12,751.3212217714422,6927.22644602582,8317.803578944528,7208.060975846105,3192.468038829005,5511.781799589848,0,0,49
2025-04-12,12,S6_12,162.73227532652737,7470.074047526009,8960.268945433689,7770.079102598435,6440.078748405542,5511.781799589848,0,16,12
2025-04-13,0,S6_12,0.0,40285.28292386928,44794.28447375042,41190.94776418849,5511.781799589849,5511.781799589849,0,23,0
2025-04-13,6,S6_12,2008.1700768346648,26439.436832023875,32840.4079376293,27722.83844650215,9972.175201161917,5511.781799589849,0,0,0
2025-04-13,12,S6_12,847.0209402530373,23622.9851073185,24971.69176053318,23910.87995323303,6366.868694581676,5511.781799589849,0,4,0
2025-04-14,0,S6_12,0.0,40130.53637833123,47940.5093597023,41696.490173598824,5481.1458992056105,5481.1458992056105,0,4,0
2025-04-14,6,S6_12,5585.9619600592,26401.218698992805,31091.474817738625,27352.488406300672,9979.82583224714,5481.1458992056105,0,0,0
2025-04-14,12,S6_12,663.4090720759392,24216.67821134206,29312.606495849785,25237.739634756148,6055.113345318406,5481.1458992056105,0,0,0
2025-04-15,0,S6_12,0.0,36735.31089149161,40400.96765567739,37472.38792287876,5481.145899205612,5481.145899205612,0,0,0
2025-04-15,6,S6_12,2552.154224896723,25865.757059836495,29967.87139118965,26689.40251266529,9956.733298869769,5481.145899205612,0,0,0
2025-04-15,12,S6_12,3356.2572747846466,24186.02883979221,28730.594735963907,25096.65792633572,8101.232555630814,5481.145899205612,0,0,0
2025-04-16,0,S6_12,0.0,39463.86718974116,47073.61805651597,40989.68250522873,5481.145899205614,5481.145899205614,0,0,0
2025-04-16,6,S6_12,4172.894359809922,29790.440951847606,32201.457354720795,30275.92823695526,9968.431434934053,5481.145899205614,0,3,0
2025-04-16,12,S6_12,4125.454746457895,23448.53432922996,30075.475344926188,24775.7116120838,7709.96876142775,5481.145899205614,0,8,0
2025-04-17,0,S6_12,0.0,35798.52893779762,38552.633381967054,36353.074338796294,5481.145899205616,5481.145899205616,0,4,0
2025-04-17,6,S6_12,3713.138664216375,28191.90821258332,35827.544682819505,29734.693352788807,9300.289814326092,5481.145899205616,0,0,0
2025-04-17,12,S6_12,1824.2907745089497,22666.58350836392,25174.7119222837,23182.52434123492,7229.900152210017,5481.145899205616,0,3,0
2025-04-18,0,S6_12,0.0,14700.606814191819,17104.01687944408,15184.075749790833,5457.625932126258,5457.625932126258,0,5,0
2025-04-18,6,S6_12,25.206561099241597,7997.675349687477,9096.216738966747,8219.982969602699,3233.2028230386964,5457.625932126258,0,0,0
2025-04-18,12,S6_12,48.47334587307016,7990.084954572818,9589.360688365234,8312.007468141941,4274.7634848607995,5457.625932126258,0,5,0
2025-04-19,0,S6_12,0.0,10075.221875093473,12051.67186565768,10473.33893366449,5457.625932126256,5457.625932126256,0,0,109
2025-04-19,6,S6_12,17.845507729384963,5827.681283414289,6862.692855798792,6037.278845855789,3212.448425185202,5457.625932126256,0,0,36
2025-04-19,12,S6_12,397.64680042949135,6633.733684722301,8387.96557725267,6986.525246849042,5377.191790446315,5457.625932126256,0,3,12
2025-04-20,0,S6_12,0.0,36597.439474765124,42348.58122845469,37751.421857464,5457.625932126257,5457.625932126257,0,22,0
2025-04-20,6,S6_12,691.9564748291882,24116.796549481038,28334.933330930253,24971.131071459837,9805.42696705996,5457.625932126257,0,13,0
2025-04-20,12,S6_12,625.9838696130265,23585.19160240859,28231.25277134082,24530.79436732055,6500.984388795935,5457.625932126257,0,10,0
2025-04-21,0,S6_12,0.0,38278.18686293416,45204.100782881076,39667.09816612343,5430.243240117127,5430.243240117127,0,10,0
2025-04-21,6,S6_12,5830.716314430358,22866.43820173389,25751.056332979726,23449.94189297784,9466.820942225684,5430.243240117127,0,0,0
2025-04-21,12,S6_12,1308.0860874579864,22826.827064660956,27638.845044818278,23791.069687446852,6411.966742884623,5430.243240117127,0,0,0
2025-04-22,0,S6_12,0.0,34778.33484072596,36720.24159038176,35170.65294561557,5430.243240117127,5430.243240117127,0,18,0
2025-04-22,6,S6_12,1465.3367283238745,25123.059614979735,30915.832763648086,26297.521876223876,9985.938805304424,5430.243240117127,0,7,0
2025-04-22,12,S6_12,1116.879147521005,22253.485666861652,25590.152302048482,22922.63359395631,6984.473176600453,5430.243240117127,0,0,0
2025-04-23,0,S6_12,0.0,33305.03660661565,37909.606499723726,34229.7224617269,5430.243240117131,5430.243240117131,0,13,0
2025-04-23,6,S6_12,2822.1486891158756,25235.334927187436,27732.498742264015,25751.433294774797,8881.44345454976,5430.243240117131,0,15,0
2025-04-23,12,S6_12,885.1052482394199,22214.013099024563,24763.942125884594,22725.8510191775,6210.902562581565,5430.243240117131,0,0,0
2025-04-24,0,S6_12,0.0,35337.33842438312,36896.84295089941,35653.10192287097,5430.243240117132,5430.243240117132,0,6,0
2025-04-24,6,S6_12,3078.5427685155028,22482.664629460265,24953.659679540495,22979.75609330164,9300.40068283247,5430.243240117132,0,3,0
2025-04-24,12,S6_12,1379.107628303285,22749.857686018026,25528.328774269114,23307.460824960563,5684.840924631236,5430.243240117132,0,10,0
2025-04-25,0,S6_12,0.0,14112.835977760522,15555.31732938513,14404.113663670407,5430.243240117134,5430.243240117134,0,19,0
2025-04-25,6,S6_12,251.46832091507244,8065.8153525116995,9344.943158590557,8324.15407407701,2442.951250122788,5430.243240117134,0,6,0
2025-04-25,12,S6_12,299.3388019156738,7522.909808627754,8065.619641636278,7633.7634820247995,2009.9558996565183,5430.243240117134,0,0,0
2025-04-26,0,S6_12,0.0,10761.942908020366,12646.038290747612,11141.672920553408,5430.2432401171345,5430.2432401171345,0,2,33
2025-04-26,6,S6_12,0.0,6195.0913696341595,7311.886660230813,6421.107026484438,2478.3657237642783,5430.2432401171345,0,0,22
2025-04-26,12,S6_12,58.07033122469724,6245.759078138134,6544.80395802951,6307.3643889194545,7873.1773774831,5430.2432401171345,0,3,4
2025-04-27,0,S6_12,0.0,33482.72367723514,39203.344807752546,34630.44735779665,5430.243240117134,5430.243240117134,0,16,0
2025-04-27,6,S6_12,1604.487215598026,23487.634882473198,26192.431392044717,24050.799263961908,9357.97609787286,5430.243240117134,0,22,0
2025-04-27,12,S6_12,561.089939885845,23046.9362219157,26746.19512002662,23791.537061457806,5014.020756090721,5430.243240117134,0,3,0
2025-04-28,0,S6_12,0.0,42119.65377007695,48640.37029897206,43427.62575685905,5425.0350352395,5425.0350352395,0,16,0
2025-04-28,6,S6_12,1586.9216254224548,28479.37988862675,33782.5372126133,29543.380883076472,10016.348393518927,5425.0350352395,0,8,0
2025-04-28,12,S6_12,2253.6712700211338,23621.886938818152,25269.37738973495,23953.29220235625,6893.947652935811,5425.0350352395,0,2,0
2025-04-29,0,S6_12,0.0,34968.26539605091,39502.775661586704,35878.67775923766,5425.035035239501,5425.035035239501,0,4,0
2025-04-29,6,S6_12,2927.9311587337656,23746.705652473775,26463.24601076211,24292.832285293527,9378.454595309717,5425.035035239501,0,12,0
2025-04-29,12,S6_12,592.2553191416332,23426.882113323398,27333.975134112265,24210.132958701113,6549.566037117185,5425.035035239501,0,5,0
2025-04-30,0,S6_12,0.0,33861.39226844082,35148.52695950052,34122.14337045392,5425.035035239503,5425.035035239503,0,24,0
2025-04-30,6,S6_12,433.60444650172775,22348.671198412576,23865.246010414925,22654.937031370147,7883.294210000709,5425.035035239503,0,0,0
2025-04-30,12,S6_12,1339.5758426379525,21441.43486840826,22415.905608978057,21638.188423651784,6105.697551480305,5425.035035239503,0,0,0
2025-05-01,0,S6_12,0.0,35501.8653763756,37358.64562056214,35876.986882574354,5425.035035239504,5425.035035239504,0,20,0
2025-05-01,6,S6_12,2237.329428111575,23646.678133032576,24688.945412484572,23858.282796454143,9389.783172054316,5425.035035239504,0,14,0
2025-05-01,12,S6_12,784.2239068283006,22496.740035745068,23674.018982031874,22734.183675565622,5186.036787056866,5425.035035239504,0,2,0
2025-05-02,0,S6_12,0.0,12781.319824596661,13357.29346430843,12899.445754029433,5425.0350352395035,5425.0350352395035,0,73,26
2025-05-02,6,S6_12,98.2097147467915,7932.655476722142,11098.415125612155,8568.353147149186,3356.511357126004,5425.0350352395035,0,37,57
2025-05-02,12,S6_12,274.5372238580281,7641.577558612844,8080.603645106772,7731.260725343722,5931.953004866405,5425.0350352395035,0,30,3
2025-05-03,0,S6_12,0.0,13963.286028192952,15504.37337673143,14274.30387788452,5425.0350352395035,5425.0350352395035,0,16,42
2025-05-03,6,S6_12,233.42641076607606,8986.557406865386,10360.879729099099,9263.969825463055,3071.9065999009094,5425.0350352395035,0,6,50
2025-05-03,12,S6_12,213.08307928291194,9059.197432286575,10547.973848283953,9358.660696548968,7490.056021967759,5425.0350352395035,0,2,17
2025-05-04,0,S6_12,0.0,37800.77042119151,41872.35735792398,38618.82973884063,5425.0350352395035,5425.0350352395035,0,9,0
2025-05-04,6,S6_12,5522.937295277547,25485.734942914867,27598.722976380675,25911.05362776524,9432.68943687502,5425.0350352395035,0,0,0
2025-05-04,12,S6_12,3546.312864250548,24282.687042233385,28861.924534794573,25218.379281339832,8153.166574771525,5425.0350352395035,0,0,0
2025-05-05,0,S6_12,0.0,42721.35031392087,46728.43546061661,43526.64238458581,5390.765793534662,5390.765793534662,0,53,0
2025-05-05,6,S6_12,1313.1039258256546,28565.071609879637,34925.59345392273,29852.714758028487,10025.012686930264,5390.765793534662,0,0,0
2025-05-05,12,S6_12,2632.4327455073153,25606.65795280763,27109.185737396743,25908.825489799954,7823.342826059519,5390.765793534662,0,0,0
2025-05-06,0,S6_12,0.0,36426.747943341885,38423.56965277703,36829.64759693766,5390.765793534662,5390.765793534662,0,6,0
2025-05-06,6,S6_12,2464.504156094807,27445.47446701336,33528.38113900088,28674.22427435724,8527.729310328461,5390.765793534662,0,0,0
2025-05-06,12,S6_12,2030.0350055246677,25827.40008106459,31513.700246919776,27290.41027566014,6496.171465612134,5390.765793534662,0,2,0
2025-05-07,0,S6_12,0.0,41512.98355980803,44510.73970589998,42116.41294954123,4781.496481610747,4781.496481610747,0,27,0
2025-05-07,6,S6_12,1297.2748316223847,29967.97950839799,33716.10249401201,30720.7025239963,9332.644524663317,4781.496481610747,0,35,0
2025-05-07,12,S6_12,470.35776604389866,26840.30966355606,30052.399532188312,27484.559959406473,6132.863375972553,4781.496481610747,0,6,0
2025-05-08,0,S6_12,0.0,41919.48284477108,46824.579712190214,42904.47464180852,4781.496481610748,4781.496481610748,0,1,0
2025-05-08,6,S6_12,4614.611108601666,29425.56753579116,36927.345077402875,30998.96918917838,10064.909261882709,4781.496481610748,0,8,0
2025-05-08,12,S6_12,1003.8847564330564,27279.870836638194,29591.496926085616,27743.97346148901,6874.223805973955,4781.496481610748,0,0,0
2025-05-09,0,S6_12,0.0,13997.662370924001,14768.238788198294,14154.579433115725,4781.496481610748,4781.496481610748,0,12,21
2025-05-09,6,S6_12,815.218901130821,9954.773330585982,14519.60733699127,10870.226265724725,2950.2570833894442,4781.496481610748,0,10,18
2025-05-09,12,S6_12,705.2189494981876,9041.13309031708,10325.96241129972,9299.881287669696,6146.5680196219455,4781.496481610748,0,3,8
2025-05-10,0,S6_12,0.0,13430.878191727224,16325.135424770853,14012.380583739492,4781.496481610752,4781.496481610752,0,4,8
2025-05-10,6,S6_12,617.9488423685897,8791.482060323286,12322.241551693562,9500.06470952666,3173.6024137384948,4781.496481610752,0,11,41
2025-05-10,12,S6_12,400.2942767359888,8190.547678466009,9409.312810859776,8436.101908302391,6108.91287112484,4781.496481610752,0,3,17
2025-05-11,0,S6_12,0.0,40338.88083092484,44080.1616488915,41090.94737367894,4781.496481610752,4781.496481610752,0,0,0
2025-05-11,6,S6_12,647.1639682555872,29303.35161733721,33067.685988188176,30059.172256647067,10104.90780683358,4781.496481610752,0,0,0
2025-05-11,12,S6_12,2793.899386232827,24871.99433812108,27769.437189292876,25453.225385002166,7545.9103617963065,4781.496481610752,0,0,0
2025-05-12,0,S6_12,0.0,40438.80333241787,45546.20859480715,41463.737412022536,4781.496481610754,4781.496481610754,0,5,0
2025-05-12,6,S6_12,3544.530768524315,31791.086404280384,37483.94094239526,32932.34638273055,9526.145600881775,4781.496481610754,0,10,0
2025-05-12,12,S6_12,2579.5808148461338,28235.132981452323,29928.089362205603,28575.331384480607,7730.962248965974,4781.496481610754,0,0,0
2025-05-13,0,S6_12,0.0,42490.56221238432,44943.70399437926,42985.172461725815,4781.496481610754,4781.496481610754,0,0,0
2025-05-13,6,S6_12,8827.39255394964,29213.04334122596,34064.56294228653,30186.089294220197,10105.57863701244,4781.496481610754,0,2,0
2025-05-13,12,S6_12,784.1016910208846,26590.520319059313,32727.953978819045,27879.87339697805,6854.9602556797245,4781.496481610754,0,0,0
2025-05-14,0,S6_12,0.0,43340.29663330853,46618.4090911071,43999.749762149135,4668.33026070874,4668.33026070874,0,33,0
2025-05-14,6,S6_12,266.77562883595675,31243.448346582416,34903.08980348768,31978.232887622115,10043.385032803193,4668.33026070874,0,3,0
2025-05-14,12,S6_12,4353.020594538335,28389.282974362457,31434.03309577523,29081.139930542216,6102.286618703447,4668.33026070874,0,2,0
2025-05-15,0,S6_12,0.0,42229.517812239435,44298.620295000524,42647.25818665061,4515.740137591736,4515.740137591736,0,28,0
2025-05-15,6,S6_12,315.8709685719276,31125.760666450744,32529.34391028562,31409.453249741033,10090.63086849407,4515.740137591736,0,24,0
2025-05-15,12,S6_12,4261.930829730974,26766.515427144,28982.59911244537,27211.300849529067,7935.296744718975,4515.740137591736,0,5,0
2025-05-16,0,S6_12,0.0,13352.65602185001,14321.304750278574,13549.284933052311,4515.740137591739,4515.740137591739,0,18,5
2025-05-16,6,S6_12,468.0980305402447,8613.567628315792,12356.513785557601,9364.540101608669,2127.141044173948,4515.740137591739,0,3,5
2025-05-16,12,S6_12,221.51811572054424,8318.945196457442,10618.56149980472,8780.71401940626,5313.221507810611,4515.740137591739,0,3,0
2025-05-17,0,S6_12,0.0,12999.684847502667,14415.830863295203,13285.756011704721,4515.74013759174,4515.74013759174,0,5,20
2025-05-17,6,S6_12,309.659454358891,8335.726506238572,9228.957509261885,8516.847351157727,2116.20210746189,4515.74013759174,0,0,17
2025-05-17,12,S6_12,123.44074196817294,8261.486449546917,9732.226187957716,8557.43183217686,6531.726893126247,4515.74013759174,0,0,11
2025-05-18,0,S6_12,0.0,42548.514885651995,45614.46964465231,43165.53283122522,4515.74013759174,4515.74013759174,0,17,0
2025-05-18,6,S6_12,3378.0589615269705,28750.36180776561,31473.80211901914,29308.51394707638,10094.44089259803,4515.74013759174,0,18,0
2025-05-18,12,S6_12,1620.7492982589602,27307.739555619533,32715.37819237385,28471.667667503654,7310.881629499584,4515.74013759174,0,3,0
2025-05-19,0,S6_12,0.0,40485.18257889295,43814.84311986536,41154.76863709007,4363.840183390456,4363.840183390456,0,7,0
2025-05-19,6,S6_12,3078.1593571762487,26790.33225413072,29680.296888610974,27370.918535602144,10084.794647410827,4363.840183390456,0,0,0
2025-05-19,12,S6_12,1768.036810143987,25422.713177313843,29541.50755967527,26248.17898628828,6407.547112952805,4363.840183390456,0,0,0
2025-05-20,0,S6_12,0.0,38287.55660474063,41124.36534885172,38858.3755645507,4363.840183390457,4363.840183390457,0,9,0
2025-05-20,6,S6_12,1540.4837450789282,28588.605503571212,30348.08954593895,28943.2196939539,10068.99182557285,4363.840183390457,0,2,0
2025-05-20,12,S6_12,1380.962664348855,26019.764184912157,27828.383403543594,26383.12000577707,7711.35234201934,4363.840183390457,0,0,0
2025-05-21,0,S6_12,0.0,38171.605710094846,41362.838033932036,38813.1024325576,4363.840183390459,4363.840183390459,0,9,0
2025-05-21,6,S6_12,3367.8673450838514,28314.12937219824,30346.889919476373,28723.269571881694,9524.313314017578,4363.840183390459,0,7,0
2025-05-21,12,S6_12,2019.9887154228318,26237.1680395345,29553.303260334447,26902.182755699974,5907.691270693978,4363.840183390459,0,1,0
2025-05-22,0,S6_12,0.0,39101.654651153905,43284.17891272528,39941.7701997912,4363.840183390459,4363.840183390459,0,10,0
2025-05-22,6,S6_12,896.710546061396,26383.082458323865,30477.735161811666,27207.184224382603,10109.922714997832,4363.840183390459,0,6,0
2025-05-22,12,S6_12,663.3265347732056,26276.76870813877,30478.304812177972,27200.157754002626,6565.624352168701,4363.840183390459,0,0,0
2025-05-23,0,S6_12,0.0,16238.212974971944,17607.00272987096,16514.657925028303,4210.768888937029,4210.768888937029,0,1,0
2025-05-23,6,S6_12,261.53914806356596,10298.012951259596,13414.28852405454,10935.450884093443,2376.810792644047,4210.768888937029,0,0,0
2025-05-23,12,S6_12,956.6434633932743,11387.631038777366,15136.909916652612,12139.919201566847,2974.4695194517863,4210.768888937029,0,0,0
2025-05-24,0,S6_12,0.0,14563.68716954401,15779.037214994283,14809.444040125885,4210.084765907383,4210.084765907383,0,8,7
2025-05-24,6,S6_12,1546.4233156386654,8815.659296748168,9498.825818026657,8954.63594820867,1970.6038668531078,4210.084765907383,0,0,27
2025-05-24,12,S6_12,1287.6607625701104,9490.419310195717,10474.66098526557,9729.752032423092,6549.289830296735,4210.084765907383,0,0,4
2025-05-25,0,S6_12,0.0,39587.37137666639,42157.216549688776,40104.89839527462,4133.303324039129,4133.303324039129,0,0,0
2025-05-25,6,S6_12,2761.643192838081,25952.105515104904,28600.811629026946,26484.355490915746,10121.931262994269,4133.303324039129,0,0,0
2025-05-25,12,S6_12,1809.980272543001,24738.722806169233,28977.882977154233,25588.111613288766,7615.587588837996,4133.303324039129,0,0,0
2025-05-26,0,S6_12,0.0,39454.37970199455,42124.106813138205,39991.79896574611,4133.30332403913,4133.30332403913,0,4,0
2025-05-26,6,S6_12,2826.458460175906,28317.963475320776,31695.19685878957,28996.183968187266,10089.85359662985,4133.30332403913,0,2,0
2025-05-26,12,S6_12,708.559604111907,27054.150304970637,27779.114883886476,27200.893343721338,5883.204461883206,4133.30332403913,0,1,0
2025-05-27,0,S6_12,0.0,37264.61320497076,40269.77633189284,37868.89045248258,4133.30332403913,4133.30332403913,0,0,0
2025-05-27,6,S6_12,3913.233049940011,29566.771127950524,33659.15086344223,30387.75473459614,9256.259286309863,4133.30332403913,0,0,0
2025-05-27,12,S6_12,3482.399895087927,24386.68414962362,25660.73861984052,24643.097513782526,7448.371643754141,4133.30332403913,0,0,0
2025-05-28,0,S6_12,0.0,41473.781199945224,46100.9291824457,42403.07212977869,4133.30332403913,4133.30332403913,0,12,0
2025-05-28,6,S6_12,2291.1085341287717,28660.11988589899,33727.96046811494,29756.18558826691,10097.258679222148,4133.30332403913,0,1,0
2025-05-28,12,S6_12,1177.2558666260234,25369.353349890614,26040.041526943034,25505.279583685686,5638.8403285849745,4133.30332403913,0,3,0
2025-05-29,0,S6_12,0.0,41184.98091728496,45277.57338059554,42007.3607432804,4133.303324039129,4133.303324039129,0,5,0
2025-05-29,6,S6_12,1270.540375280607,30542.45469256223,34543.84991307179,31345.569141242275,10136.914159785138,4133.303324039129,0,1,0
2025-05-29,12,S6_12,2896.873960623804,25297.34586778276,29679.150440811976,26210.232270821634,7207.912092330819,4133.303324039129,0,0,0
2025-05-30,0,S6_12,0.0,13408.677198327097,14134.893512898701,13556.57867692593,4067.6470501013036,4067.6470501013036,0,10,18
2025-05-30,6,S6_12,1273.8581863015236,10414.81632079592,12889.317631112606,10974.688424405524,2293.851426194366,4067.6470501013036,0,4,1
2025-05-30,12,S6_12,1201.9911664381489,8807.405077161833,9303.868212149944,8908.463848905458,5634.441697418455,4067.6470501013036,0,0,3
2025-05-31,0,S6_12,0.0,14646.764381292838,17426.732272107653,15205.59362612249,4067.647050101299,4067.647050101299,0,2,7
2025-05-31,6,S6_12,1332.44090292124,9150.531066200001,11238.341228071606,9570.407169364129,3191.7278643524814,4067.647050101299,0,0,0
2025-05-31,12,S6_12,332.4387187169512,8891.24112226819,9542.958623002483,9023.640722361024,3179.5174733609924,4067.647050101299,0,0,0
2025-06-01,0,S6_12,0.0,51788.747836687784,54055.86378522272,52246.81669306142,4067.647050101301,4067.647050101301,0,12,0
2025-06-01,6,S6_12,4975.799954991062,36367.76768675881,37932.86726695674,36684.312247380265,10127.584775642124,4067.647050101301,0,4,0
2025-06-01,12,S6_12,2827.8596152146547,30405.27649874803,31653.98769440619,30656.779016099197,6977.1350273865355,4067.647050101301,0,0,0
2025-06-02,0,S6_12,0.0,56239.71342900111,64724.00319911687,57941.18611586425,4067.647050101301,4067.647050101301,0,20,0
2025-06-02,6,S6_12,11451.860311324548,38558.843316442035,40488.04458961067,38948.111086319695,10040.020860685503,4067.647050101301,0,5,0
2025-06-02,12,S6_12,1301.181205193278,36580.53542075693,45652.526862378145,38598.382385673896,7699.647237772511,4067.647050101301,0,5,0
2025-06-03,0,S6_12,0.0,55984.7718442371,60254.093881338245,56969.38965937915,3688.657232179637,3688.657232179637,0,26,0
2025-06-03,6,S6_12,2413.864715785704,44490.228469453185,47776.2131510186,45314.73568781466,10033.309414351028,3688.657232179637,0,18,0
2025-06-03,12,S6_12,2982.299621677601,33592.354886032765,34936.43868256208,33973.63803389359,7580.464582018713,3688.657232179637,0,1,0
2025-06-04,0,S6_12,0.0,65365.10368253729,74291.28961362857,67154.68486875553,3480.1624074192932,3480.1624074192932,0,12,0
2025-06-04,6,S6_12,16723.108461525873,43005.901253246484,45714.37302192594,43550.438355257196,10040.756866844946,3480.1624074192932,0,0,0
2025-06-04,12,S6_12,4970.233344090861,39154.8281549687,46816.10349417095,40706.77193168551,7755.743037060516,3480.1624074192932,0,4,0
2025-06-05,0,S6_12,0.0,56819.10213054542,61950.72362908357,57849.35102182362,3446.7445201928485,3446.7445201928485,0,5,0
2025-06-05,6,S6_12,3336.839236852958,43306.09894631265,52724.21449925765,45259.0410045155,10062.155320687314,3446.7445201928485,0,1,0
2025-06-05,12,S6_12,1129.0778499465086,35900.39970890214,38717.192905107564,36520.82650437169,7800.0,3446.7445201928485,0,0,0
2025-06-06,0,S6_12,0.0,28745.06302067093,32514.3663292362,30241.735826424923,3342.6946498883244,3342.6946498883244,0,17,0
2025-06-06,6,S6_12,472.2925262613336,16969.59028393626,20147.878258506553,17990.480965292685,8078.671830321411,3342.6946498883244,0,9,0
2025-06-06,12,S6_12,924.8460290145454,17699.181482965258,22218.66961512309,19344.77461729962,8335.87297337686,3342.6946498883244,0,6,0
2025-06-07,0,S6_12,0.0,25903.837257163923,31485.37677898575,27022.85523925856,1949.9999999999982,1949.9999999999982,0,6,0
2025-06-07,6,S6_12,6527.341318661851,14636.12290952109,18506.79436709497,15412.004318593259,7581.131980205989,1949.9999999999982,0,3,0
2025-06-07,12,S6_12,584.9115222244094,14404.263743869527,15596.707984148907,14644.015206946127,8055.14065140813,1949.9999999999982,0,4,0
2025-06-08,0,S6_12,0.0,43521.07830153868,47959.48756023136,44412.66138728484,1949.9999999999993,1949.9999999999993,0,6,0
2025-06-08,6,S6_12,7543.277528784328,33296.48585553,41918.277287581084,35059.181212424075,10056.284886030982,1949.9999999999993,0,1,0
2025-06-08,12,S6_12,3413.612440203571,27863.056528804846,31021.89873458674,28496.34729186331,9175.178147189172,1949.9999999999993,0,0,0
2025-06-09,0,S6_12,0.0,64730.74253114356,75483.12242642559,66885.11001020002,1950.000000000001,1950.000000000001,0,30,0
2025-06-09,6,S6_12,5842.6781944834775,46668.81100480262,54230.68783890376,48184.099892799255,10051.974974904497,1950.000000000001,0,7,0
2025-06-09,12,S6_12,1514.0198733018813,38698.719237842444,41688.27462971351,39298.22019810248,7800.000000000001,1950.000000000001,0,11,0
2025-06-10,0,S6_12,0.0,57383.43596867102,60906.13704164351,58091.86768326549,1950.0000000000007,1950.0000000000007,0,6,0
2025-06-10,6,S6_12,3296.5941684826344,42708.56276171884,53676.17331036836,45090.07331040667,10074.58780372543,1950.0000000000007,0,11,0
2025-06-10,12,S6_12,1375.8917888165915,38019.35030586551,42447.98861916876,38906.698657725174,7785.540916009289,1950.0000000000007,0,7,0
2025-06-11,0,S6_12,0.0,64454.50549954206,74285.68221577842,66424.63907912666,1950.000000000002,1950.000000000002,0,12,0
2025-06-11,6,S6_12,429.1630431144433,46308.56828245032,55397.91027420928,48129.5168382792,10053.751322189613,1950.000000000002,0,0,0
2025-06-11,12,S6_12,432.42657924568255,41590.61168184667,49374.62044309655,43149.16159184864,5649.245314968124,1950.000000000002,0,8,0
2025-06-12,0,S6_12,0.0,62295.32236282041,74091.82572046432,64658.665367682515,1950.0000000000034,1950.0000000000034,0,6,0
2025-06-12,6,S6_12,1122.6422753975758,45082.48033949034,52013.4877916122,46479.44625377831,10067.182256276017,1950.0000000000034,0,6,0
2025-06-12,12,S6_12,1219.8190689702335,38255.51619756466,39317.09827779966,38469.43767316647,7898.559565094761,1950.0000000000034,0,8,0
2025-06-13,0,S6_12,0.0,29832.090820166235,34984.03091160359,30865.048839682055,1950.000000000005,1950.000000000005,0,1,0
2025-06-13,6,S6_12,1273.0171510554046,17727.767855872917,21199.188857530382,18424.219423339855,5346.185892502139,1950.000000000005,0,0,0
2025-06-13,12,S6_12,2130.110087607791,20083.112173113426,26226.604952604823,21313.296229427873,5999.947095244806,1950.000000000005,0,0,0
2025-06-14,0,S6_12,0.0,22032.55904932603,28095.264578299564,23247.625284422014,1950.000000000001,1950.000000000001,0,5,0
2025-06-14,6,S6_12,82.19982485508172,13385.588020508989,17294.15612064991,14169.337246391482,5919.861970251731,1950.000000000001,0,2,0
2025-06-14,12,S6_12,352.6688344455348,12933.430614460147,17816.151702048817,13918.092020714595,7592.20879039637,1950.000000000001,0,1,0
2025-06-15,0,S6_12,0.0,55632.72655609818,66340.8691308463,57778.29456418978,1937.5186389103465,1937.5186389103465,0,0,0
2025-06-15,6,S6_12,3213.404813259932,43883.30331890568,53078.74185105883,45977.3268867285,10092.781188037123,1937.5186389103465,0,0,0
2025-06-15,12,S6_12,408.2612086267453,38149.85187817444,48683.60292692035,40298.775640471125,7659.7385066406605,1937.5186389103465,0,0,0
2025-06-16,0,S6_12,0.0,59571.0660298342,68274.31275261608,61315.824479073715,1861.478041109876,1861.478041109876,0,3,0
2025-06-16,6,S6_12,941.7805566764537,45741.34073194742,53809.686815634006,47358.098487390074,10032.223709439219,1861.478041109876,0,2,0
2025-06-16,12,S6_12,1392.9328626273518,41468.397657476475,47218.25822824859,42654.591949046655,6326.169842605015,1861.478041109876,0,0,0
2025-06-17,0,S6_12,0.0,59668.30395508518,64567.93404561951,60652.2791867059,1796.7065320037243,1796.7065320037243,0,3,0
2025-06-17,6,S6_12,1736.850917089876,47496.143388979224,54165.45636194372,48832.999062693765,10068.85585920279,1796.7065320037243,0,1,0
2025-06-17,12,S6_12,1958.5383763838977,41103.49841181115,55469.35922715477,44112.82932765896,7768.866371365928,1796.7065320037243,0,0,0
2025-06-18,0,S6_12,0.0,59375.972125271335,67022.2504194943,60909.331560677994,1543.8302086985286,1543.8302086985286,0,0,0
2025-06-18,6,S6_12,1952.633987157647,47040.98131212965,59924.870206763815,49803.55257050891,10102.070873299876,1543.8302086985286,0,0,0
2025-06-18,12,S6_12,2975.065608807133,40232.74762881131,53603.793737127606,43091.356992237124,7791.6768285882445,1543.8302086985286,0,3,0
2025-06-19,0,S6_12,0.0,55559.52263525969,63169.58737017319,57085.31941448119,1199.999999999999,1199.999999999999,0,3,0
2025-06-19,6,S6_12,5707.31587896653,39109.07711296213,50913.59078492973,41472.71952631048,10050.82989897929,1199.999999999999,0,0,0
2025-06-19,12,S6_12,4800.894235277634,40551.69508325657,51329.92568972788,42708.99407860266,7670.955280189921,1199.999999999999,0,0,0
2025-06-20,0,S6_12,0.0,25951.227523285073,27851.559907870494,26333.65953486547,1200.0,1200.0,0,27,0
2025-06-20,6,S6_12,148.70150973330482,15840.423547189483,18228.673546552985,16320.118994993418,3221.9019946233084,1200.0,0,4,0
2025-06-20,12,S6_12,149.6290403536613,16224.104403887568,22812.332752106893,17543.041439428976,7346.647230479295,1200.0,0,12,0
2025-06-21,0,S6_12,0.0,19263.52509562574,24031.727720753042,20219.632014970106,1200.0000000000018,1200.0000000000018,0,0,3
2025-06-21,6,S6_12,1594.289860656174,11757.269665484022,13390.803837998441,12086.202302264406,2649.4873903348907,1200.0000000000018,0,4,4
2025-06-21,12,S6_12,360.68698802196656,11701.745533442383,13009.570399543332,11964.886387009594,5923.195440435992,1200.0000000000018,0,0,0
2025-06-22,0,S6_12,0.0,53330.675249169144,59863.902647298186,54641.07446100798,1199.9999999999986,1199.9999999999986,0,0,0
2025-06-22,6,S6_12,6912.478943915574,41247.55151187199,49086.540229087186,42817.84159900941,10131.755352357666,1199.9999999999986,0,0,0
2025-06-22,12,S6_12,2404.4050959595684,35868.62014377943,49432.33776337705,38582.91476358277,8099.195678215341,1199.9999999999986,0,0,0
2025-06-23,0,S6_12,0.0,53647.07223227042,61047.34645879916,55131.310787754395,1200.0000000000023,1200.0000000000023,0,27,0
2025-06-23,6,S6_12,315.5010002387109,39641.01753421198,47120.88531159421,41139.879789919985,10073.37912148772,1200.0000000000023,0,24,0
2025-06-23,12,S6_12,608.1478545190362,34410.7579413678,43727.754784827965,36275.75624851012,8439.576457694226,1200.0000000000023,0,7,0
2025-06-24,0,S6_12,0.0,63754.974322803806,67411.16184610155,64490.64684329935,1199.9999999999998,1199.9999999999998,0,29,0
2025-06-24,6,S6_12,4086.677791689413,46193.14954805509,56615.96482346115,48280.72552321767,10091.952807468391,1199.9999999999998,0,7,0
2025-06-24,12,S6_12,1432.1446838555894,37661.75469927706,40528.444948557175,38236.76430596877,7753.5187500103475,1199.9999999999998,0,29,0
2025-06-25,0,S6_12,0.0,57150.01969851833,69175.58779226468,59558.91381837699,1200.0,1200.0,0,50,0
2025-06-25,6,S6_12,2538.1653723549216,43534.9025079937,53031.667090154995,45436.95666516509,10800.0,1200.0,0,15,0
2025-06-25,12,S6_12,718.1309009672814,36090.347382729495,47676.538210217,38409.05243500542,8176.044708656705,1200.0,0,16,0
2025-06-26,0,S6_12,0.0,54445.715660033355,65436.13872798216,56647.6886379615,1200.0000000000011,1200.0000000000011,0,91,0
2025-06-26,6,S6_12,465.34780631097806,39689.39607814036,50939.352757229404,41941.91483321046,10058.647082226084,1200.0000000000011,0,19,0
2025-06-26,12,S6_12,1020.4944303504185,33512.2266810013,43147.921052431884,35440.588088344,8655.655832581131,1200.0000000000011,0,26,0
2025-06-27,0,S6_12,0.0,26264.59174179055,31715.01017817161,27357.135697367823,1200.0,1200.0,0,71,0
2025-06-27,6,S6_12,992.7825400756526,15164.443408424404,18019.523365053075,15737.498555770397,3462.685444942777,1200.0,0,54,0
2025-06-27,12,S6_12,616.1539486462513,15422.487584466637,20588.01918804075,16456.902792699304,6823.921825117723,1200.0,0,33,0
2025-06-28,0,S6_12,0.0,18740.742100380587,24609.54408540601,19916.987709415906,1200.0,1200.0,0,77,0
2025-06-28,6,S6_12,403.81144380461916,11606.436073300469,15762.368342529411,12439.861633915982,2468.1128416130136,1200.0,0,44,1
2025-06-28,12,S6_12,408.58363511053096,10419.643578660665,12174.913430098248,10772.172486102858,6865.481253886455,1200.0,0,48,2
2025-06-29,0,S6_12,0.0,48845.24897329386,59677.51954104849,51015.483571958255,1199.999999999999,1199.999999999999,0,129,0
2025-06-29,6,S6_12,5653.525070422873,41954.2828671228,51145.36118285232,43795.02647567555,10082.25600001342,1199.999999999999,0,75,0
2025-06-29,12,S6_12,3826.8203476633416,33430.62390081693,40198.08383133058,34785.572524686955,8011.2431428247555,1199.999999999999,0,54,0
2025-06-30,0,S6_12,0.0,55260.497923840434,68733.33961102842,57959.24199268874,1200.0000000000014,1200.0000000000014,0,160,0
2025-06-30,6,S6_12,2834.2267548511545,41279.79794275858,49177.59998391112,42862.23986246217,10058.148770073658,1200.0000000000014,0,65,0
2025-06-30,12,S6_12,1098.9099936221137,34281.75132003373,38192.2410634672,35065.35568360521,7480.4366145419435,1200.0000000000014,0,63,0
2025-07-01,0,S6_12,0.0,49461.40860701175,56554.67935999336,50883.94071508309,1199.9999999999977,1199.9999999999977,0,146,0
2025-07-01,6,S6_12,1113.8677292599245,36244.22612831707,45587.24847840514,38115.367525903705,10119.397192667544,1199.9999999999977,0,87,0
2025-07-01,12,S6_12,570.7129788573678,31034.110949356575,33946.30684794536,31617.850773902403,7674.162906227471,1199.9999999999977,0,90,0
2025-07-02,0,S6_12,0.0,59997.15136960749,77603.32524257094,63522.25434653698,1199.9999999999995,1199.9999999999995,0,234,0
2025-07-02,6,S6_12,1459.0414956206835,41712.05025251039,45437.73205247889,42459.75135859174,9992.76142189488,1199.9999999999995,0,107,0
2025-07-02,12,S6_12,995.7598808470781,38104.18843362031,46478.63515765751,39780.481721202246,7932.2131611938285,1199.9999999999995,0,117,0
2025-07-03,0,S6_12,0.0,75409.5364948129,93885.33007880124,79109.25300854974,1199.9999999999984,1199.9999999999984,0,203,0
2025-07-03,6,S6_12,952.7944591143385,54373.92890812388,66151.92606025026,56733.047375471506,9967.406748742902,1199.9999999999984,0,111,0
2025-07-03,12,S6_12,1459.6807658265243,46642.39363645107,53057.292285543335,47927.25826876198,7268.7137799470265,1199.9999999999984,0,93,0
2025-07-04,0,S6_12,0.0,33070.122349461024,44098.18728348947,35278.138952765636,1200.0,1200.0,0,200,0
2025-07-04,6,S6_12,901.9730368200056,20333.02382047396,21875.32719531758,20643.594905472375,3197.3446716365906,1200.0,0,112,0
2025-07-04,12,S6_12,948.2743552090818,20712.443576814687,24785.150890290064,21528.22282193969,7658.546910039991,1200.0,0,82,0
2025-07-05,0,S6_12,0.0,26575.100824496545,31120.831579727565,27486.931808876085,1200.0000000000014,1200.0000000000014,0,171,10
2025-07-05,6,S6_12,4387.828508937577,14829.62928967983,18438.107460862335,15553.484771720097,4050.4716192402966,1200.0000000000014,0,72,61
2025-07-05,12,S6_12,2636.533023546598,15066.498731906724,17171.595375657183,15488.847445223588,6712.559511927571,1200.0000000000014,0,100,5
2025-07-06,0,S6_12,0.0,51774.526112248735,64368.86601092549,54297.95283687304,1200.0,1200.0,0,180,50
2025-07-06,6,S6_12,2143.6411273121143,39897.75399735565,52363.262975001126,42394.30674270279,9432.120604741438,1200.0,0,111,35
2025-07-06,12,S6_12,647.7991393472385,38520.10151802287,46485.04027104411,40115.20473956874,6076.286512186361,1200.0,0,87,1
2025-07-07,0,S6_12,0.0,65425.91483342099,87360.95543772221,69816.96715830234,1200.0000000000036,1200.0000000000036,0,254,0
2025-07-07,6,S6_12,5324.550320786091,44423.16029953251,58097.608030105446,47160.71369442017,10062.496354116014,1200.0000000000036,0,88,0
2025-07-07,12,S6_12,1655.124933972838,41794.56069069409,53316.00910518133,44100.35922769494,7702.38876761535,1200.0000000000036,0,100,0
2025-07-08,0,S6_12,0.0,78769.94204464277,105913.93700949669,84203.17393965054,1199.9999999999995,1199.9999999999995,0,163,0
2025-07-08,6,S6_12,8082.279556182494,55526.64186115831,65405.16644089125,57505.41544048447,9964.09189687546,1199.9999999999995,0,92,0
2025-07-08,12,S6_12,3720.7743978001727,50391.089617766505,65868.50634490728,53488.359298141164,6808.105724578429,1199.9999999999995,0,105,0
2025-07-09,0,S6_12,0.0,68041.26861489251,74279.34004174461,69293.19012433011,1200.0000000000005,1200.0000000000005,0,212,0
2025-07-09,6,S6_12,2466.2607033536847,46390.40247870899,50186.44784246761,47152.56924794481,9993.510505288645,1200.0000000000005,0,123,0
2025-07-09,12,S6_12,2617.9138674934984,46835.164404484865,63399.84823108458,50149.71593043687,7325.148195216346,1200.0000000000005,0,80,0
2025-07-10,0,S6_12,0.0,67962.82113026858,89848.90030494759,72344.10903718445,1200.0,1200.0,0,179,0
2025-07-10,6,S6_12,1251.400453057594,49088.08286393519,66858.67798135676,52645.24391320937,10046.701636779298,1200.0,0,115,0
2025-07-10,12,S6_12,3196.2974832333484,46820.10543167842,51247.304987862255,47707.11870692428,7543.184876206655,1200.0,0,109,0
2025-07-11,0,S6_12,0.0,39718.40727301795,55095.85709776003,42796.5961650418,1200.0,1200.0,0,242,0
2025-07-11,6,S6_12,1894.0287027384884,25626.91219929119,35785.506025988754,27660.80474570146,5059.861748208454,1200.0,0,87,0
2025-07-11,12,S6_12,2525.834509964245,22623.381287583445,25721.73791629992,23244.282466948353,7571.764426722834,1200.0,0,90,0
2025-07-12,0,S6_12,0.0,27177.717969384696,40317.12707239794,29808.28646529528,1200.0000000000027,1200.0000000000027,0,194,11
2025-07-12,6,S6_12,787.5849855682934,18594.5649072725,30537.91555942573,20985.537730572785,3397.3649143101707,1200.0000000000027,0,99,18
2025-07-12,12,S6_12,861.0029880154676,18443.285672527865,31356.752964229177,21027.471492505676,6677.083261016294,1200.0000000000027,0,93,11
2025-07-13,0,S6_12,0.0,75295.82068984435,87447.82560506601,77730.54223197623,1200.0000000000027,1200.0000000000027,0,174,0
2025-07-13,6,S6_12,8965.63369507551,51664.61348231652,61396.778568629226,53613.855126238086,9967.922312671435,1200.0000000000027,0,75,0
2025-07-13,12,S6_12,5968.284316878577,45472.76606563096,52604.67483939622,46900.513218519984,7367.310187983516,1200.0000000000027,0,86,0
2025-07-14,0,S6_12,0.0,69498.62019316792,87483.5210142231,73099.59946190554,1200.0,1200.0,0,202,1
2025-07-14,6,S6_12,9446.74578194755,47862.66243768645,52754.89794431926,48843.938596534936,9989.762675536875,1200.0,0,102,0
2025-07-14,12,S6_12,1395.0183976721282,41910.22471024331,45386.51034008691,42606.98613574229,7366.164923994256,1200.0,0,105,0
2025-07-15,0,S6_12,0.0,69069.11729131862,75287.33875803233,70316.91357802063,1200.0000000000036,1200.0000000000036,0,142,0
2025-07-15,6,S6_12,7900.506732051268,45668.98022874492,51049.7083612537,46747.8578096963,9994.951472876706,1200.0000000000036,0,88,0
2025-07-15,12,S6_12,1989.6136837225113,43322.29033824401,49028.845217896545,44465.08495774471,7711.603392391905,1200.0000000000036,0,69,0
2025-07-16,0,S6_12,0.0,67867.49044894367,88187.98135921946,71935.60301220733,1200.0,1200.0,0,162,0
2025-07-16,6,S6_12,2875.1985458879503,47507.964223317125,57320.94275911945,49473.3603546741,9986.834972258974,1200.0,0,104,0
2025-07-16,12,S6_12,933.0202037184772,43503.68512743538,58279.327411984996,46460.34507779488,7951.800290375294,1200.0,0,66,0
2025-07-17,0,S6_12,0.0,70226.90034132006,81482.86200301914,72482.04566242847,1200.0,1200.0,0,158,0
2025-07-17,6,S6_12,1980.1779969994623,48793.13448010533,66779.87821150149,52393.34480042574,9967.113881482146,1200.0,0,80,0
2025-07-17,12,S6_12,1179.4643054671337,43733.59991823102,58838.86655957222,46756.127007954005,7882.181218511298,1200.0,0,66,0
2025-07-18,0,S6_12,0.0,40459.153545624715,46347.195031400195,41639.39761731437,1200.0,1200.0,0,136,0
2025-07-18,6,S6_12,2629.2891265757544,25443.157476300166,34602.64087835827,27277.219133866067,4419.800724677803,1200.0,0,82,0
2025-07-18,12,S6_12,2267.0748257215964,24526.96768880693,34653.21505205257,26553.578008639503,6460.2607413471405,1200.0,0,74,0
2025-07-19,0,S6_12,0.0,32603.679645864388,38869.86961252542,33859.745330562335,1200.0000000000005,1200.0000000000005,0,92,38
2025-07-19,6,S6_12,9406.849233948193,20109.80953082645,23886.76368905598,20867.498614026437,3156.2520859698534,1200.0000000000005,0,56,10
2025-07-19,12,S6_12,3691.34206300048,21199.49944262591,25133.378629398412,21987.869710997285,5950.041108348718,1200.0000000000005,0,72,19
2025-07-20,0,S6_12,0.0,69273.83018307578,79521.21332554692,71327.52793925803,1199.9999999999995,1199.9999999999995,0,167,4
2025-07-20,6,S6_12,3639.3825888469096,48373.20307227676,58475.703634144804,50396.77941489272,9956.097975696563,1199.9999999999995,0,69,4
2025-07-20,12,S6_12,2560.1494203282664,43092.15093559045,53260.17321063441,45127.33262164092,6998.912594093671,1199.9999999999995,0,23,0
2025-07-21,0,S6_12,0.0,71420.07901329767,83574.59099440575,73855.1425611424,1200.0,1200.0,0,146,0
2025-07-21,6,S6_12,7416.5597150807325,50778.747867193735,63027.476651836485,53231.28704344471,9958.348347018875,1200.0,0,66,0
2025-07-21,12,S6_12,2880.687327478133,44703.08060741274,48127.08049109766,45389.40800958078,7487.001382149056,1200.0,0,30,0
2025-07-22,0,S6_12,0.0,63714.57813444037,76267.53504569165,66229.31214313935,1200.000000000002,1200.000000000002,0,93,0
2025-07-22,6,S6_12,5500.933500501597,50864.87437991963,57600.42812280569,52215.1496601229,10031.943493112512,1200.000000000002,0,38,0
2025-07-22,12,S6_12,5808.86520221483,39609.77912105456,42452.04544641284,40179.92239883273,7397.667139885356,1200.000000000002,0,56,0
2025-07-23,0,S6_12,0.0,74716.59762253585,90517.42410463984,77881.34964694256,1199.9999999999984,1199.9999999999984,0,85,1
2025-07-23,6,S6_12,9674.083661156881,50659.72174470487,59121.96009812169,52355.183810108545,9919.80314144909,1199.9999999999984,0,35,0
2025-07-23,12,S6_12,1500.4953438327539,43863.78115570758,53628.57706581215,45818.29806422668,7699.79089526413,1199.9999999999984,0,24,0
2025-07-24,0,S6_12,0.0,77336.80151963622,97409.47695382893,81356.00272470039,1199.9999999999986,1199.9999999999986,0,50,0
2025-07-24,6,S6_12,8727.222844718699,51739.6040520207,59233.51148130044,53241.47571752446,9949.549687234658,1199.9999999999986,0,37,0
2025-07-24,12,S6_12,1369.319049792375,49675.78103153911,58096.1969680821,51361.56230874094,7759.562892014341,1199.9999999999986,0,54,0
2025-07-25,0,S6_12,0.0,32904.107206762565,38053.390243249705,33936.36968030846,1200.0,1200.0,0,44,0
2025-07-25,6,S6_12,228.98142362537388,20727.051058426896,24154.889426549693,21414.75091005401,2738.0034895123276,1200.0,0,33,0
2025-07-25,12,S6_12,436.8411789777916,21175.525772481356,29350.035799190584,22811.628177685343,7880.725376206091,1200.0,0,25,0
2025-07-26,0,S6_12,0.0,26273.222312231766,37529.64382223371,28527.142806459513,1200.0000000000007,1200.0000000000007,0,67,25
2025-07-26,6,S6_12,2272.5740259927416,17903.449297859024,28793.069994349706,20083.693678917025,3255.19903937419,1200.0000000000007,0,26,24
2025-07-26,12,S6_12,610.4507989954793,17183.484809338952,25085.946140100194,18765.446375763586,7272.237609802015,1200.0000000000007,0,7,4
2025-07-27,0,S6_12,0.0,66786.7627169191,88528.1715745069,71139.10396809077,1200.0000000000005,1200.0000000000005,0,39,0
2025-07-27,6,S6_12,3978.9552908804703,46319.41649549401,62092.42626464748,49476.917735120514,9965.034906604536,1200.0000000000005,0,13,0
2025-07-27,12,S6_12,844.2721015731491,40421.41340616853,56287.38824897629,43596.08671481583,7161.606312835123,1200.0000000000005,0,16,0
2025-07-28,0,S6_12,0.0,71478.16883834169,82474.92443089234,73681.75659377882,1200.0,1200.0,0,36,0
2025-07-28,6,S6_12,1055.7531340478397,49406.51883007418,62214.742715079024,51971.23603143586,10011.306178989333,1200.0,0,19,0
2025-07-28,12,S6_12,2659.0409183789357,42347.62580769319,49124.014400413,43704.428966060754,7842.979193371967,1200.0,0,14,0
2025-07-29,0,S6_12,0.0,63315.72461616415,70202.88831499506,64697.14599379387,1200.0,1200.0,0,3,0
2025-07-29,6,S6_12,2093.2890000630523,47813.781733568125,51905.2348008018,48635.076154034316,10035.909262701083,1200.0,0,3,0
2025-07-29,12,S6_12,1639.7894061808129,43826.861269255074,64586.66885865464,47980.419373234945,6449.999999999999,1200.0,0,14,0
2025-07-30,0,S6_12,0.0,62413.28451556202,82873.25771790236,66509.2006956076,1199.999999999998,1199.999999999998,0,17,0
2025-07-30,6,S6_12,3723.7477584674944,49658.44084638698,67540.42009236281,53237.77043388262,9988.474650610147,1199.999999999998,0,8,0
2025-07-30,12,S6_12,1385.7086992559177,45020.82813770515,66250.31806360015,49268.30161163478,7134.239856996673,1199.999999999998,0,15,0
2025-07-31,0,S6_12,0.0,65499.946855831,81554.10702406525,68714.80530586887,1199.9999999999995,1199.9999999999995,0,15,0
2025-07-31,6,S6_12,299.9897198384366,47830.12596446228,64651.637577461035,51197.34094330803,9997.833595775037,1199.9999999999995,0,4,0
2025-07-31,12,S6_12,269.6492233473415,42072.21587981559,58559.15814603258,45371.21820415395,7568.746088512138,1199.9999999999995,0,3,0
2025-08-01,0,S6_12,0.0,26828.233892595315,31315.26275839691,27727.89923552935,1199.9999999999993,1199.9999999999993,0,7,5
2025-08-01,6,S6_12,1097.9075109815517,15837.753170234731,17521.21049184494,16176.514150538731,2469.9612765786337,1199.9999999999993,0,1,16
2025-08-01,12,S6_12,550.7224400139708,16191.991465656847,19307.69681023268,16816.278518691055,8314.896925751545,1199.9999999999993,0,0,4
2025-08-02,0,S6_12,0.0,26983.846300087538,31249.751584132115,27840.650640575255,1200.000000000001,1200.000000000001,0,18,11
2025-08-02,6,S6_12,4355.0486360975665,16548.42794372079,20294.882859252142,17300.12843316227,3014.419222454603,1200.000000000001,0,1,0
2025-08-02,12,S6_12,323.7803557393457,16272.770808758802,18179.14087065135,16656.03926366765,3664.1210005223083,1200.000000000001,0,2,0
2025-08-03,0,S6_12,0.0,55167.2999111507,64061.264291430605,56949.67654970353,1200.0000000000007,1200.0000000000007,0,3,0
2025-08-03,6,S6_12,3009.693314894017,37930.3204308254,45716.85020109074,39490.02771341442,9994.705191480483,1200.0000000000007,0,1,0
2025-08-03,12,S6_12,2096.142792623083,35570.622398900865,41433.21549974969,36744.477609608584,7013.254321719708,1200.0000000000007,0,0,0
2025-08-04,0,S6_12,0.0,58637.312828480186,67914.0799565313,60496.463317238275,1199.999999999999,1199.999999999999,0,22,0
2025-08-04,6,S6_12,459.63260941768044,38885.472403072905,41530.800847829254,39417.13383861512,9996.707428064708,1199.999999999999,0,15,0
2025-08-04,12,S6_12,4476.340949180079,36344.81219757782,37056.49077748138,36488.510123280554,6879.052709194633,1199.999999999999,0,5,0
2025-08-05,0,S6_12,0.0,56788.91138140318,67056.63218219118,58846.420440295835,1200.0000000000016,1200.0000000000016,0,17,0
2025-08-05,6,S6_12,510.9420893917177,40224.50377337318,47570.98384369324,41696.42960578086,10019.596130189253,1200.0000000000016,0,3,0
2025-08-05,12,S6_12,1665.107466140541,36292.95038506463,39918.46917227425,37019.42568348526,7213.17930928482,1200.0000000000016,0,3,0
2025-08-06,0,S6_12,0.0,61242.444622756695,64992.38254342585,61996.48115509573,1199.9999999999943,1199.9999999999943,0,33,0
2025-08-06,6,S6_12,5756.884022099557,42079.190002078765,44368.725750813486,42539.93666117386,8329.211720526633,1199.9999999999943,0,0,0
2025-08-06,12,S6_12,1167.4648898845203,40304.362227411955,42336.174922706305,40712.342032355285,6421.172482381061,1199.9999999999943,0,8,0
2025-08-07,0,S6_12,0.0,60494.20699208691,63249.84644236546,61049.469100822425,1199.999999999999,1199.999999999999,0,6,0
2025-08-07,6,S6_12,9162.182320116535,41130.773057853716,42632.335293671495,41433.73216472571,10042.40558832819,1199.999999999999,0,2,0
2025-08-07,12,S6_12,3138.7455304161103,37505.222704072825,40121.41716639462,38029.821734945464,7034.555276538491,1199.999999999999,0,18,0
2025-08-08,0,S6_12,0.0,29609.08293802092,31309.751235401567,29951.660263143593,1200.0000000000034,1200.0000000000034,0,37,0
2025-08-08,6,S6_12,443.49331856464516,17563.631720654572,19116.37385052239,17876.308858390934,3294.665663107915,1200.0000000000034,0,10,0
2025-08-08,12,S6_12,299.0068076106297,17776.798357011452,18787.197651955226,17980.445519631125,4604.628033310391,1200.0000000000034,0,5,0
2025-08-09,0,S6_12,0.0,22645.870112630968,24396.206472080445,22998.880826881654,1200.0,1200.0,0,41,33
2025-08-09,6,S6_12,436.56285782307185,13653.317671440196,14715.936920202616,13868.282065396226,2924.1103359821495,1200.0,0,9,47
2025-08-09,12,S6_12,337.50877360528915,13566.042298129641,15267.5460034131,13907.808480080068,8486.930163325238,1200.0,0,19,10
2025-08-10,0,S6_12,0.0,57023.672342491824,61376.81603113418,57898.66496036512,1199.9999999999955,1199.9999999999955,0,42,0
2025-08-10,6,S6_12,1926.8370210759385,39804.254905996626,41040.94827895657,40054.728308466096,8688.706391873868,1199.9999999999955,0,11,0
2025-08-10,12,S6_12,2199.3629400583977,37308.48930303907,39069.085422655065,37662.45605331801,6509.978747252535,1199.9999999999955,0,20,0
2025-08-11,0,S6_12,0.0,53688.794044290524,57899.35564928815,54534.789734547296,1199.9999999999986,1199.9999999999986,0,22,0
2025-08-11,6,S6_12,707.1782570635131,38308.54466444299,40992.473937869734,38847.999336874826,9999.569130315573,1199.9999999999986,0,10,0
2025-08-11,12,S6_12,1821.7006066173212,36314.487569639045,38553.56482738469,36763.643687872944,6948.733888008206,1199.9999999999986,0,20,0
2025-08-12,0,S6_12,0.0,59760.75143994677,63212.88640777545,60455.202170641445,1200.0000000000018,1200.0000000000018,0,24,0
2025-08-12,6,S6_12,5283.377362936534,42264.96244460367,44373.96854425939,42689.47841350691,9999.345017438009,1200.0000000000018,0,39,0
2025-08-12,12,S6_12,2185.7921053655123,37876.65321137673,40315.8645289009,38365.8816721657,7503.545300737605,1200.0000000000018,0,22,0
2025-08-13,0,S6_12,0.0,56661.71502825651,59204.18212035594,57173.98180135333,1199.9999999999989,1199.9999999999989,0,44,0
2025-08-13,6,S6_12,112.96232690845399,37559.574794431996,39354.31459014498,37921.012654700164,10008.94260952134,1199.9999999999989,0,5,0
2025-08-13,12,S6_12,440.2875244728871,35341.77750969151,38175.254735951145,35909.790848296085,7496.35813794806,1199.9999999999989,0,12,0
2025-08-14,0,S6_12,0.0,58613.01839029864,60376.91008176773,58969.80726229738,1199.9999999999982,1199.9999999999982,0,99,0
2025-08-14,6,S6_12,1846.6214338631144,41307.56751925612,43149.76440246827,41678.91710468669,9920.169957924512,1199.9999999999982,0,37,0
2025-08-14,12,S6_12,2223.7152432572816,37091.89993578557,38789.97724867795,37432.86824195521,6612.544013728122,1199.9999999999982,0,31,0
2025-08-15,0,S6_12,0.0,30258.432176512426,32366.401732128117,30682.474850150647,1200.000000000001,1200.000000000001,0,82,0
2025-08-15,6,S6_12,1734.0594334580837,19000.501958741435,19742.473661949465,19151.011656161507,3138.092613895579,1200.000000000001,0,27,0
2025-08-15,12,S6_12,457.3723244209446,18386.434768412353,19313.20420647828,18573.344166613362,4583.500964035104,1200.000000000001,0,20,0
2025-08-16,0,S6_12,0.0,24279.736104476106,27092.90080647416,24844.968043462173,1200.0000000000016,1200.0000000000016,0,61,39
2025-08-16,6,S6_12,3793.673068799403,15240.072478061735,16666.430525166947,15527.60642215726,2607.011859526312,1200.0000000000016,0,24,40
2025-08-16,12,S6_12,427.5436482728256,15784.123658064802,16548.97848605923,15938.431438961312,8314.555729521544,1200.0000000000016,0,38,6
2025-08-17,0,S6_12,0.0,58709.85062287785,63446.11471693643,59661.00938364955,1200.0000000000018,1200.0000000000018,0,66,0
2025-08-17,6,S6_12,3239.3761272670977,38830.07192286247,41057.530624320825,39278.257028800246,9963.75772009565,1200.0000000000018,0,15,0
2025-08-17,12,S6_12,3510.6668033478204,35524.940647532596,38426.47904443739,36106.48627722882,7703.093744552534,1200.0000000000018,0,37,0
2025-08-18,0,S6_12,0.0,57739.343991175774,61631.25099058992,58521.78529761181,1200.0000000000002,1200.0000000000002,0,102,0
2025-08-18,6,S6_12,279.0734140667645,39767.00610066883,40677.84972864649,39951.99871859417,9972.782136128468,1200.0000000000002,0,56,0
2025-08-18,12,S6_12,3045.5380663907126,35994.714237890934,37426.67934437164,36282.41576237706,7466.684043486581,1200.0000000000002,0,48,0
2025-08-19,0,S6_12,0.0,56593.59150949094,59598.66034222998,57198.29807804321,1200.0000000000027,1200.0000000000027,0,59,0
2025-08-19,6,S6_12,1095.5707133819262,37334.44099867679,39450.65169130981,37760.31469849473,8638.436849529766,1200.0000000000027,0,17,0
2025-08-19,12,S6_12,1066.6194430590333,36638.43352112557,38663.049375206676,37044.79268226686,6603.636465451133,1200.0000000000027,0,20,0
2025-08-20,0,S6_12,0.0,61182.66450820737,64579.222286789314,61866.19928291717,1200.000000000002,1200.000000000002,0,109,0
2025-08-20,6,S6_12,5064.532160433829,41795.4839919718,44234.911881892236,42286.26595485767,9929.547706504782,1200.000000000002,0,62,0
2025-08-20,12,S6_12,986.4581154876098,36674.74243273008,39641.87791650285,37269.60870348048,6557.82377022539,1200.000000000002,0,61,0
2025-08-21,0,S6_12,0.0,59372.68627081079,62621.55417961531,60026.53918853831,1200.0000000000011,1200.0000000000011,0,111,0
2025-08-21,6,S6_12,5666.959442708604,41055.25506049793,42393.60418147606,41325.559585813055,9931.895610104008,1200.0000000000011,0,76,0
2025-08-21,12,S6_12,1229.1685628422779,38707.2939511183,39778.427335452616,38922.999493814044,7058.132277690632,1200.0000000000011,0,46,0
2025-08-22,0,S6_12,0.0,30093.813628294374,31967.749095657608,30470.992877301145,1200.000000000001,1200.000000000001,0,97,0
2025-08-22,6,S6_12,1820.9003751782216,18204.070115179293,19459.8596309893,18457.321743645003,2922.1070193319692,1200.000000000001,0,38,0
2025-08-22,12,S6_12,257.6056502104011,18314.884335506522,18976.545794250953,18448.859649094473,3831.319951620774,1200.000000000001,0,23,0
2025-08-23,0,S6_12,0.0,23544.08732924263,24878.233934866144,23813.620170181945,1199.9999999999961,1199.9999999999961,0,96,52
2025-08-23,6,S6_12,288.02496314166694,14573.114137777733,15857.883004746036,14832.383943240804,3520.4057637226806,1199.9999999999961,0,58,68
2025-08-23,12,S6_12,161.7254764317846,14746.130941852065,16152.819643592766,15028.972959574987,6654.0203635435855,1199.9999999999961,0,67,28
2025-08-24,0,S6_12,0.0,56783.591970343914,61864.789523406296,57803.74117817034,1200.0000000000014,1200.0000000000014,0,127,0
2025-08-24,6,S6_12,3959.603209886378,38247.88585517309,38937.945857720086,38388.59270156906,8793.384224971645,1200.0000000000014,0,53,0
2025-08-24,12,S6_12,2638.3355215693628,36729.16736729515,38928.36046699025,37170.47776073979,7119.002147883714,1200.0000000000014,0,80,0
2025-08-25,0,S6_12,0.0,69730.276926853,73665.49996038165,70521.96720022525,1200.0000000000011,1200.0000000000011,0,145,0
2025-08-25,6,S6_12,12861.503878809555,46760.68422191841,48914.288146337654,47194.38010644103,9919.832129601078,1200.0000000000011,0,80,0
2025-08-25,12,S6_12,2617.9439950779797,41995.69589426008,44127.577311380555,42423.52627348766,7728.072923231368,1200.0000000000011,0,69,0
2025-08-26,0,S6_12,0.0,57731.748733400316,61450.54528972492,58479.45332537219,1200.0000000000016,1200.0000000000016,0,161,0
2025-08-26,6,S6_12,689.7168594974445,42321.844850954236,44362.888799428554,42732.95203401524,9557.69752823748,1200.0000000000016,0,70,0
2025-08-26,12,S6_12,2595.789753952841,37415.72773668337,39980.94491303107,37930.108678041746,7290.229381842362,1200.0000000000016,0,80,0
2025-08-27,0,S6_12,0.0,57464.34450118612,59656.29042229348,57906.780325674954,1199.9999999999984,1199.9999999999984,0,167,0
2025-08-27,6,S6_12,5127.249620973124,45874.6221258434,47469.687629383516,46196.656415436235,9956.1605140115,1199.9999999999984,0,88,0
2025-08-27,12,S6_12,3793.27784502632,37779.9080261631,41012.52144014838,38427.834571711704,7900.10883994352,1199.9999999999984,0,80,0
2025-08-28,0,S6_12,0.0,56217.74629828184,59384.021188908155,56854.894255490195,1200.0000000000032,1200.0000000000032,0,136,0
2025-08-28,6,S6_12,5077.714343701244,45355.20172446452,49234.38971557259,46133.99241929909,9970.596488011302,1200.0000000000032,0,95,0
2025-08-28,12,S6_12,2538.3371837687396,37998.37156390075,39931.746431678366,38386.47506377694,6719.364210336849,1200.0000000000032,0,83,0
2025-08-29,0,S6_12,0.0,25428.078067594757,27191.433572572914,25783.514762649957,1200.0000000000014,1200.0000000000014,0,196,50
2025-08-29,6,S6_12,1564.5106426857685,15759.063980177694,16618.68938822065,15933.192031914577,4115.52539230047,1200.0000000000014,0,73,39
2025-08-29,12,S6_12,406.73035977191313,15772.06033468912,16640.04989521068,15946.987049251184,6646.348043071949,1200.0000000000014,0,88,21
2025-08-30,0,S6_12,0.0,24538.527767200583,26245.52788703927,24882.747808743647,1200.000000000002,1200.000000000002,0,173,48
2025-08-30,6,S6_12,1259.3299509813892,15561.463297104488,16448.954519544284,15741.275396542153,3524.088228629392,1200.000000000002,0,93,29
2025-08-30,12,S6_12,303.80151534163787,15502.920119549006,16572.56111953548,15718.28576593446,7218.173154947537,1200.000000000002,0,87,13
2025-08-31,0,S6_12,0.0,56811.652905243296,59877.8642402003,57428.73842582204,1199.9999999999998,1199.9999999999998,0,184,0
2025-08-31,6,S6_12,1412.2276880047966,41062.47440094428,43126.32354689731,41477.964010905955,7970.029516589105,1199.9999999999998,0,87,0
2025-08-31,12,S6_12,974.0267867904529,38473.87825585905,38974.38789965457,38575.54859167086,5290.862695427182,1199.9999999999998,0,93,0
2025-09-01,0,S6_12,0.0,61231.86356286193,65540.27080502536,62097.73158489501,1200.0000000000025,1200.0000000000025,0,202,0
2025-09-01,6,S6_12,8064.329987135484,40784.04047692145,42411.7217650873,41112.34561929298,9890.569599815408,1200.0000000000025,0,88,0
2025-09-01,12,S6_12,773.981214761548,38198.29920579525,40725.902592192266,38705.238811348354,6361.110578496701,1200.0000000000025,0,102,0
2025-09-02,0,S6_12,0.0,38881.22559085591,42514.7199484817,39611.79673589651,1200.000000000001,1200.000000000001,0,172,0
2025-09-02,6,S6_12,3512.3654699075523,27210.99693493953,31843.783903145977,28140.330161777038,9919.236230445704,1200.000000000001,0,92,0
2025-09-02,12,S6_12,3936.164766537339,23633.717436145194,25808.253318733117,24069.95061662935,6903.8231744310415,1200.000000000001,0,82,0
2025-09-03,0,S6_12,0.0,42884.603840037526,46090.01028779705,43529.41501512746,1200.0000000000005,1200.0000000000005,0,209,0
2025-09-03,6,S6_12,2530.9732170213847,29032.34229019075,33073.6126307857,29843.14141713103,9212.913804985614,1200.0000000000005,0,120,0
2025-09-03,12,S6_12,874.439417598192,27191.959975585556,30278.607895610097,27810.68690381027,6286.139643015979,1200.0000000000005,0,114,0
2025-09-04,0,S6_12,0.0,43331.314370063315,47171.33867890092,44103.09544242135,1200.0000000000005,1200.0000000000005,0,239,0
2025-09-04,6,S6_12,1399.3118767519036,29939.50251149287,32958.30394245049,30546.04163101048,8604.14514523979,1200.0000000000005,0,128,0
2025-09-04,12,S6_12,2650.804878270231,28421.873624915348,29418.82628266616,28622.611692288192,6710.96427029022,1200.0000000000005,0,119,0
2025-09-05,0,S6_12,0.0,24504.438850830473,27282.176047190034,25063.119733464704,1200.0000000000014,1200.0000000000014,0,244,0
2025-09-05,6,S6_12,1084.4602357689828,15178.11785308933,16409.21722589797,15426.63808442254,3545.7884929406823,1200.0000000000014,0,102,0
2025-09-05,12,S6_12,396.79829846795377,14663.887468734167,15443.697639321103,14821.746766560927,2861.9440154164204,1200.0000000000014,0,101,0
2025-09-06,0,S6_12,0.0,20088.364784626505,22006.274338048926,20474.560217924307,1199.9999999999984,1199.9999999999984,0,217,9
2025-09-06,6,S6_12,585.2876256446968,11814.168572862576,13630.465918744627,12179.671227370203,2974.0578845164873,1199.9999999999984,0,112,40
2025-09-06,12,S6_12,252.4304445410215,11605.91318819918,13032.413621782223,11892.620989393137,7258.90214866743,1199.9999999999984,0,102,10
2025-09-07,0,S6_12,0.0,29316.672633727154,32740.525859714475,30005.71166127673,1200.0,1200.0,0,218,84
2025-09-07,6,S6_12,2251.175884969707,20521.474784712696,23723.05021185931,21164.902436751065,9196.80670562189,1200.0,0,130,94
2025-09-07,12,S6_12,2299.110165975267,19023.66781706339,21240.56169511609,19468.73656566986,7160.959173626212,1200.0,0,125,45
2025-09-08,0,S6_12,0.0,42923.21394552514,46173.281148347945,43577.52668233587,1200.0,1200.0,0,219,0
2025-09-08,6,S6_12,2846.382983519098,28310.73392742887,33877.221571478425,29427.041196436898,9885.028792227055,1200.0,0,105,0
2025-09-08,12,S6_12,655.4995325629251,26395.087744243625,33060.08303190656,27729.699723486337,6967.904524552889,1200.0,0,117,0
2025-09-09,0,S6_12,0.0,37299.37899746985,41206.46786767971,38084.65810484516,1199.9999999999932,1199.9999999999932,0,250,0
2025-09-09,6,S6_12,2546.0458293790584,28276.36789815103,33992.40550933671,29422.26030298862,9581.404203249815,1199.9999999999932,0,129,0
2025-09-09,12,S6_12,3159.002044937595,24753.83624421867,28650.72139852288,25534.506725971063,7145.5151509682055,1199.9999999999932,0,123,0
2025-09-10,0,S6_12,0.0,46790.182728658285,55017.45424362386,48439.737799366696,1199.9999999999998,1199.9999999999998,0,264,0
2025-09-10,6,S6_12,5328.264939441995,31013.446908328657,36722.61893614168,32158.179751547515,9887.23674744802,1199.9999999999998,0,133,0
2025-09-10,12,S6_12,2461.270901976598,30008.740894871928,34245.65397640778,30857.624083626717,6648.276130263959,1199.9999999999998,0,133,0
2025-09-11,0,S6_12,0.0,48377.34070967743,55703.97413138294,49846.9642816315,1200.0000000000023,1200.0000000000023,0,274,0
2025-09-11,6,S6_12,12189.981866636866,32649.847183630387,38223.06351949312,33767.29711809769,9135.33258215206,1200.0000000000023,0,135,0
2025-09-11,12,S6_12,735.644454944293,29856.26254496459,33131.81838320899,30512.978440640174,5555.253579373571,1200.0000000000023,0,139,0
2025-09-12,0,S6_12,0.0,20614.426173316515,24957.940891586375,21485.827032745397,1199.9999999999968,1199.9999999999968,0,293,0
2025-09-12,6,S6_12,985.5445349967355,11865.438832107182,15337.313135469816,12561.992911800144,3929.39087353593,1199.9999999999968,0,139,0
2025-09-12,12,S6_12,973.7141345034453,11724.664066259185,14622.030558387067,12305.649756753666,5177.158055347614,1199.9999999999968,0,145,0
2025-09-13,0,S6_12,0.0,16399.262055858693,20939.586381742498,17310.610039282736,1199.9999999999986,1199.9999999999986,0,288,35
2025-09-13,6,S6_12,560.7531995130588,10146.333463543886,11603.10573934725,10440.143509331923,4039.046528063216,1199.9999999999986,0,137,50
2025-09-13,12,S6_12,487.63021495856526,9561.125421857452,12471.224757746788,10144.757888716278,6570.7623247771435,1199.9999999999986,0,143,33
2025-09-14,0,S6_12,0.0,37774.51608700122,47702.47642711268,39764.51287888426,1200.0,1200.0,0,299,64
2025-09-14,6,S6_12,6329.9736439879,24046.203826043264,30194.39172955109,25279.046095084097,9938.306145595874,1200.0,0,146,83
2025-09-14,12,S6_12,1515.1061231098347,22258.547841785494,25266.738128665715,22861.85478160043,6685.064392617592,1200.0,0,145,16
2025-09-15,0,S6_12,0.0,41783.74141534102,50516.9628675827,43534.558327504084,1200.0,1200.0,0,294,0
2025-09-15,6,S6_12,129.29925632877172,29237.43154282102,34042.22974671599,30201.39794741528,9445.943783190602,1200.0,0,156,0
2025-09-15,12,S6_12,126.66384671339773,27358.86179821893,32788.45089304089,28446.38371237942,7118.052271038154,1200.0,0,152,0
2025-09-16,0,S6_12,0.0,49348.30272216261,58503.47773593865,51183.47158951647,1200.0000000000023,1200.0000000000023,0,286,0
2025-09-16,6,S6_12,5149.578520554825,33962.68444833688,41290.2163593166,35431.10832980473,9877.92250171811,1200.0000000000023,0,154,0
2025-09-16,12,S6_12,2632.6047087533775,29839.635172515642,36802.89917230812,31233.64766478394,7137.774040040447,1200.0000000000023,0,150,0
2025-09-17,0,S6_12,0.0,50041.778218258325,59921.436426444896,52021.87285989564,1200.000000000001,1200.000000000001,0,304,0
2025-09-17,6,S6_12,1229.9231084474027,32412.130698019973,38364.403131039944,33605.45854343634,9893.69401562878,1200.000000000001,0,158,0
2025-09-17,12,S6_12,2286.4905460454347,29575.34447719694,35849.36601836746,30831.540194470832,6511.784235806252,1200.000000000001,0,153,0
2025-09-18,0,S6_12,0.0,47184.85579064469,53486.20958110988,48449.04016956219,1200.0000000000005,1200.0000000000005,0,306,0
2025-09-18,6,S6_12,6136.534080461699,37278.72009507253,43096.86103772886,38445.201771223416,9892.603164782426,1200.0000000000005,0,156,0
2025-09-18,12,S6_12,2268.422217025844,28157.948825401967,33816.847622394234,29291.08599381773,6934.755225428549,1200.0000000000005,0,153,0
2025-09-19,0,S6_12,0.0,22946.269651695402,27543.220136178366,23868.387704945024,1200.0000000000032,1200.0000000000032,0,318,0
2025-09-19,6,S6_12,156.33570944231676,13764.174435092738,17246.571251780562,14462.857342892157,4029.5420917731526,1200.0000000000032,0,158,0
2025-09-19,12,S6_12,407.77459323968776,13497.464522213808,16366.553632924037,14072.778474696186,5168.610971071858,1200.0000000000032,0,155,0
2025-09-20,0,S6_12,0.0,17263.619248521925,20420.67144873389,17898.34632444016,1200.0,1200.0,0,324,53
2025-09-20,6,S6_12,675.7352922398245,10645.64943819123,12832.499954721885,11085.492108187433,3994.1253292547563,1200.0,0,155,51
2025-09-20,12,S6_12,320.95667093303325,9872.307829500525,11993.646677558827,10298.246367233247,6143.433243102948,1200.0,0,162,27
2025-09-21,0,S6_12,0.0,37436.53530196299,47064.0111315826,39366.32223049578,1200.000000000001,1200.000000000001,0,328,16
2025-09-21,6,S6_12,521.590788842073,27210.945335589502,33463.09189152949,28463.95637711225,9918.325116155502,1200.000000000001,0,157,19
2025-09-21,12,S6_12,2744.5263298563486,22587.40201269704,28832.136789116405,23837.679343388263,7091.567525084394,1200.000000000001,0,160,7
2025-09-22,0,S6_12,0.0,53616.651056008945,64169.07180340241,55731.29820548772,1199.9999999999995,1199.9999999999995,0,316,0
2025-09-22,6,S6_12,6381.395398015132,36281.99579384163,43248.288009427364,37678.14810209329,9874.891716096921,1199.9999999999995,0,155,0
2025-09-22,12,S6_12,2454.7635126138935,30001.49403073329,32173.845413164363,30437.33617916528,6769.874367070078,1199.9999999999995,0,160,0
2025-09-23,0,S6_12,0.0,56129.72824874323,63499.11676059177,57607.70026059536,1200.0,1200.0,0,328,0
2025-09-23,6,S6_12,1582.4795577311268,35321.2769206696,39990.94876412437,36258.212315092984,9900.352856852083,1200.0,0,155,0
2025-09-23,12,S6_12,2172.658741915613,31571.632182949263,38802.66853492947,33019.28517731489,6538.312149988875,1200.0,0,158,0
2025-09-24,0,S6_12,0.0,46627.36412858067,54056.25378037106,48117.03499750891,1200.000000000001,1200.000000000001,0,323,0
2025-09-24,6,S6_12,1879.7567278221272,31915.036958892368,38433.669960805455,33221.37508321389,9874.074074074075,1200.000000000001,0,149,0
2025-09-24,12,S6_12,970.056320414421,29279.683297034782,32454.96970230872,29916.245634058396,5236.2190740548085,1200.000000000001,0,154,0
2025-09-25,0,S6_12,0.0,49977.564405094294,59616.120312915176,51909.19193809324,1200.0000000000011,1200.0000000000011,0,263,0
2025-09-25,6,S6_12,470.95959584544363,35271.85214058128,43231.02168511534,36866.405278828104,9902.223439220437,1200.0000000000011,0,131,0
2025-09-25,12,S6_12,1142.7852078942503,31362.725905065974,36507.95233921262,32393.13096800578,7070.859279251101,1200.0000000000011,0,126,0
2025-09-26,0,S6_12,0.0,23232.297935847935,27395.72513582247,24067.819042509465,1199.9999999999952,1199.9999999999952,0,263,0
2025-09-26,6,S6_12,1464.7184012449288,13494.904823865347,16735.06945351738,14145.181362921323,4620.164913086977,1199.9999999999952,0,138,0
2025-09-26,12,S6_12,373.2825464354025,13294.731109291773,17103.537422561934,14058.063677103444,4496.303041474248,1199.9999999999952,0,121,0
2025-09-27,0,S6_12,0.0,17592.944010704792,22026.943843750538,18482.682102030198,1200.0000000000011,1200.0000000000011,0,297,26
2025-09-27,6,S6_12,739.5273447224504,11267.539699161392,14002.653849689981,11816.933861959546,4416.244682027873,1200.0000000000011,0,136,27
2025-09-27,12,S6_12,663.6651032407813,10412.102072476813,13338.774687806463,10998.76909331086,7884.772751238546,1200.0000000000011,0,139,13
2025-09-28,0,S6_12,0.0,49959.70786842408,56598.766346997545,51291.678016543025,1200.0,1200.0,0,228,0
2025-09-28,6,S6_12,2548.5536608003104,39876.24697804689,49389.33689943733,41782.04552734234,9921.562698797003,1200.0,0,143,0
2025-09-28,12,S6_12,3149.5151612441405,33205.48720267041,38690.18987831474,34303.82091143735,7050.000000000002,1200.0,0,126,0
2025-09-29,0,S6_12,0.0,52384.62610406489,63142.63477515657,54540.4024847969,1200.0000000000014,1200.0000000000014,0,281,0
2025-09-29,6,S6_12,6769.194434783396,35055.84878069355,41603.32186731275,36368.09625848103,9887.099423939606,1200.0000000000014,0,121,0
2025-09-29,12,S6_12,1394.362919955961,31166.751734168185,38181.73948747872,32571.150353058925,6455.267781706422,1200.0000000000014,0,95,0
2025-09-30,0,S6_12,0.0,51498.4662024357,63063.44274552259,53815.76979538982,1200.0000000000002,1200.0000000000002,0,242,0
2025-09-30,6,S6_12,595.2933113778878,37226.24681342929,44494.52126335563,38682.99906741884,9890.658759461227,1200.0000000000002,0,121,0
2025-09-30,12,S6_12,501.3064887855567,32354.49088362952,40274.99109003261,33940.34499252205,6002.405381538458,1200.0000000000002,0,94,0
2025-10-01,0,S6_12,0.0,51069.58307819315,58270.25944718686,52513.71658337618,1199.9999999999995,1199.9999999999995,0,218,0
2025-10-01,6,S6_12,1818.911709168913,33221.854047192064,40271.61719840974,34634.68432847746,9887.90605518245,1199.9999999999995,0,89,0
2025-10-01,12,S6_12,2933.890975173884,28994.37890647979,33371.92059539976,29871.260951820725,7072.946974308018,1199.9999999999995,0,95,0
2025-10-02,0,S6_12,0.0,47409.06828287155,59788.903344456725,49889.314505724804,1199.9999999999995,1199.9999999999995,0,238,0
2025-10-02,6,S6_12,7366.433714427608,32387.20911132089,39030.755120249116,33718.72490014325,9885.521296296296,1199.9999999999995,0,102,0
2025-10-02,12,S6_12,3639.5196987181907,26051.24406752506,28751.11750791342,26592.491794958747,7316.510047962503,1199.9999999999995,0,80,0
2025-10-03,0,S6_12,0.0,42726.74306690192,50101.87883965981,44205.70414745607,1200.0000000000005,1200.0000000000005,0,154,0
2025-10-03,6,S6_12,4878.573070462477,28089.526091909873,33195.19666565953,29113.380603950205,9885.345443952645,1200.0000000000005,0,100,0
2025-10-03,12,S6_12,1059.2243976572113,25500.081023530925,32348.221442525377,26871.191364407703,5565.3948211145635,1200.0000000000005,0,103,0
2025-10-04,0,S6_12,0.0,16964.77411733425,21337.73543610616,17842.49938284844,1199.9999999999995,1199.9999999999995,11,256,46
2025-10-04,6,S6_12,813.6424094345791,8045.701705621881,10015.014578778684,8441.935884843577,5414.972355542329,1199.9999999999995,0,102,58
2025-10-04,12,S6_12,383.79250905916126,8563.799111907023,11593.814519251217,9171.324109592515,6188.42094164689,1199.9999999999995,6,77,6
2025-10-05,0,S6_12,0.0,50686.69851329928,61281.48945486212,52809.85675448732,1200.0,1200.0,0,136,0
2025-10-05,6,S6_12,9642.982385926682,31098.026793287714,36688.114507055216,32218.825046810565,9890.797514391208,1200.0,0,98,0
2025-10-05,12,S6_12,777.0774971745897,27016.105925291056,34345.50094226515,28483.42620427569,6101.296777324853,1200.0,0,101,0
2025-10-06,0,S6_12,0.0,43242.165439158074,49978.142387031745,44593.41161804119,1200.000000000001,1200.000000000001,0,153,0
2025-10-06,6,S6_12,1920.858647242198,29836.064768410004,35510.7093645723,30973.898345035803,9891.326352224958,1200.000000000001,0,101,0
2025-10-06,12,S6_12,812.8911157760995,24740.956885988184,32294.877747070605,26253.269485145956,6524.215387413885,1200.000000000001,0,73,0
2025-10-07,0,S6_12,0.0,46657.240088625076,55980.139142703185,48525.71211652682,1200.0000000000034,1200.0000000000034,0,180,0
2025-10-07,6,S6_12,628.0837428322855,31554.432506815076,35020.34187456131,32250.391653973842,9887.14914765635,1200.0000000000034,0,77,0
2025-10-07,12,S6_12,1311.4177086814097,26620.827768978997,33380.053391499976,27974.020214225613,6825.240474825374,1200.0000000000034,0,74,0
2025-10-08,0,S6_12,0.0,46009.08835412022,54731.218685321524,47757.4261404659,1200.000000000001,1200.000000000001,0,177,0
2025-10-08,6,S6_12,2925.2228639776304,28507.786307412265,32926.92026770531,29394.345840493424,9893.931202146116,1200.000000000001,0,80,0
2025-10-08,12,S6_12,526.3848377590684,27241.16157696701,32274.7268730373,28249.30350184306,5884.192509220571,1200.000000000001,0,81,0
2025-10-09,0,S6_12,0.0,47951.214116762836,60694.424963892525,50504.10198950797,1200.0000000000005,1200.0000000000005,0,132,0
2025-10-09,6,S6_12,10784.119625861491,30211.657342272705,36040.310005888394,31380.128413966508,9884.883603336753,1200.0000000000005,0,76,0
2025-10-09,12,S6_12,1021.7324362913571,25960.46574362854,29730.486737067313,26715.91144778176,5833.38377991501,1200.0000000000005,0,58,0
2025-10-10,0,S6_12,0.0,19202.353377218682,20638.71063608443,19492.62722817834,1199.9999999999993,1199.9999999999993,11,186,0
2025-10-10,6,S6_12,107.837469340338,9664.956288756506,11881.323221741586,10110.51520877128,5419.087270725196,1199.9999999999993,11,90,0
2025-10-10,12,S6_12,567.4453143836325,9546.038115888428,11877.01044859858,10013.809646974865,4455.893481165659,1199.9999999999993,0,68,0
2025-10-11,0,S6_12,0.0,14203.445504448284,17399.65992061751,14846.159692647218,1200.000000000001,1200.000000000001,11,104,30
2025-10-11,6,S6_12,154.25296229254448,7424.491342776126,9657.853842581613,7873.802110939945,5691.7743769344115,1200.000000000001,22,111,48
2025-10-11,12,S6_12,304.9038096610638,7067.559911463329,8907.043229610555,7437.267935630367,5037.892222571424,1200.000000000001,12,82,14
2025-10-12,0,S6_12,0.0,44751.66076496118,54748.02895367819,46754.95140154609,1199.999999999996,1199.999999999996,0,94,0
2025-10-12,6,S6_12,895.7978952330409,30099.068587674683,36780.12597913653,31437.936665808826,9890.89569452206,1199.999999999996,0,70,0
2025-10-12,12,S6_12,2301.7090345144497,23744.376153250127,28870.202063915618,24770.753834224834,7698.667651026978,1199.999999999996,0,66,0
2025-10-13,0,S6_12,0.0,48212.402031016114,58907.21756490714,50355.47228436606,1200.0000000000014,1200.0000000000014,0,66,0
2025-10-13,6,S6_12,7021.931109398378,31212.73687273206,36934.333097508774,32359.931827779055,9880.581481481482,1200.0000000000014,0,49,0
2025-10-13,12,S6_12,1241.9744177805665,27082.64164090401,28401.55676951075,27348.007591576497,5978.141909377679,1200.0000000000014,0,81,0
2025-10-14,0,S6_12,0.0,50916.64902220581,61158.088840166994,52969.0792163075,1199.9999999999975,1199.9999999999975,0,132,0
2025-10-14,6,S6_12,8945.777232886761,31903.230052733725,39199.6773785381,33365.31682217691,9886.248524263523,1199.9999999999975,0,79,0
2025-10-14,12,S6_12,2583.326098332089,28238.80617427077,32162.028441042632,29025.01751139626,4887.059834033193,1199.9999999999975,0,58,0
2025-10-15,0,S6_12,0.0,49853.76921133226,59006.92458810828,51688.62626291041,1200.000000000005,1200.000000000005,0,99,0
2025-10-15,6,S6_12,9386.599037656339,32238.902900177833,34611.99218501084,32716.355919005946,9887.18988839709,1200.000000000005,0,81,0
2025-10-15,12,S6_12,1812.4286615256053,29330.90806489516,35432.878737437175,30552.745952576413,6630.712488009098,1200.000000000005,0,35,0
2025-10-16,0,S6_12,0.0,46158.286842528214,58000.554369847756,48531.15192865115,1200.0000000000014,1200.0000000000014,0,109,0
2025-10-16,6,S6_12,1631.4061802173023,32205.436438192744,35276.313034707666,32822.7901111529,9913.556011843577,1200.0000000000014,0,77,0
2025-10-16,12,S6_12,596.6017590894107,26753.7722198263,28329.41788118809,27070.616663061533,6173.095687824661,1200.0000000000014,0,49,0
2025-10-17,0,S6_12,0.0,40537.77611216191,50684.34628711772,42571.2531471532,1199.9999999999986,1199.9999999999986,0,40,0
2025-10-17,6,S6_12,5232.614561353438,33168.9874734105,38139.06591300505,34166.06460990899,9894.93490584982,1199.9999999999986,0,95,0
2025-10-17,12,S6_12,896.2277349078915,29187.55663627054,34387.15428851793,30229.14992000067,7041.676424658102,1199.9999999999986,0,45,0
2025-10-18,0,S6_12,0.0,13566.695763599673,18515.630229902625,14559.63949318053,1200.0000000000007,1200.0000000000007,66,108,102
2025-10-18,6,S6_12,288.38638367644865,7637.807991022749,9166.386931291148,7946.041395742834,5005.922211009157,1200.0000000000007,22,81,32
2025-10-18,12,S6_12,610.1673742051563,6593.362422717602,8555.34497012888,6987.312715335701,6815.909109214729,1200.0000000000007,24,52,32
2025-10-19,0,S6_12,0.0,50998.564387605395,58898.18388127399,52582.66015615451,1200.000000000001,1200.000000000001,0,87,0
2025-10-19,6,S6_12,1310.220843514861,33439.74852898329,38396.565597601315,34434.10847352925,9898.343384410671,1200.000000000001,0,72,0
2025-10-19,12,S6_12,2707.3315552179183,27496.188414428925,32852.50627277205,28568.95278973158,6793.636827099002,1200.000000000001,0,56,0
2025-10-20,0,S6_12,0.0,53646.94573196411,59683.44512963882,54858.74522873739,1200.0,1200.0,0,129,0
2025-10-20,6,S6_12,3664.6006432873696,37802.46800588894,40214.40087854355,38288.02972003706,9892.720796669402,1200.0,0,76,0
2025-10-20,12,S6_12,2286.543408875762,29216.294940731008,33164.927758186466,30007.63934626565,6903.190348951571,1200.0,0,47,0
2025-10-21,0,S6_12,0.0,52288.061031845726,63825.37900881158,54599.74834489727,1199.999999999997,1199.999999999997,0,87,0
2025-10-21,6,S6_12,299.9586773628019,35940.449238477835,42185.29989560975,37192.514220839825,9895.7163873313,1199.999999999997,0,100,0
2025-10-21,12,S6_12,1618.612507499166,30104.20534598035,34001.69348743372,30885.288731276072,6002.8290072226655,1199.999999999997,0,42,0
2025-10-22,0,S6_12,0.0,50513.73828075367,56727.43625792386,51760.664461492066,1200.0000000000007,1200.0000000000007,0,75,0
2025-10-22,6,S6_12,3926.812310907294,34841.93279912336,37146.58053485026,35305.746279153886,9893.59712383762,1200.0000000000007,0,66,0
2025-10-22,12,S6_12,1772.2457946119628,27300.940724322867,29687.69031761473,27779.883942429668,6460.238863709909,1200.0000000000007,0,58,0
2025-10-23,0,S6_12,0.0,58340.66089724504,63749.15453853922,59426.854458837224,1200.0000000000043,1200.0000000000043,0,99,0
2025-10-23,6,S6_12,16085.874368397985,36388.546864687385,39908.769799527196,37095.832602737886,10800.0,1200.0000000000043,0,102,0
2025-10-23,12,S6_12,972.214118540259,29076.90372677949,31758.60299578961,29614.98086468359,7215.58522037428,1200.0000000000043,0,45,0
2025-10-24,0,S6_12,0.0,49812.70728443066,56069.20087320545,51068.22484654767,1199.9999999999982,1199.9999999999982,0,110,0
2025-10-24,6,S6_12,5188.073171104512,36162.506285628304,39244.834199992554,36781.9570728086,9892.720796669402,1199.9999999999982,0,121,0
2025-10-24,12,S6_12,935.4142141070064,28251.783535501047,30671.784749810595,28737.376530595837,7192.374291618877,1199.9999999999982,0,67,0
2025-10-25,0,S6_12,0.0,14525.107967147063,16516.62047435516,14926.8488393159,1200.0,1200.0,43,89,57
2025-10-25,6,S6_12,2155.4738689367377,7526.010232790969,8675.242392280865,7758.501630696605,6126.040642426804,1200.0,11,113,19
2025-10-25,12,S6_12,149.38948742481622,6897.414043019534,7918.058803161964,7103.198667725176,6459.814160309616,1200.0,30,63,18
2025-10-26,0,S6_12,0.0,47578.16350085244,59108.24225215557,49888.392738663424,1200.0000000000005,1200.0000000000005,0,104,0
2025-10-26,6,S6_12,6217.483149925266,32554.94134658918,36802.19174610136,33407.42213040467,10295.300974221524,1200.0000000000005,0,119,0
2025-10-26,12,S6_12,549.4190802297212,26804.6345107239,29425.244263528435,27330.349103891687,6836.401622073781,1200.0000000000005,0,74,0
2025-10-27,0,S6_12,0.0,47507.439702045514,54978.465341769595,49005.807202035736,1199.9999999999995,1199.9999999999995,0,137,0
2025-10-27,6,S6_12,4019.9590400346638,35824.15454892989,42587.438422164785,37179.965955779284,9887.374344077494,1199.9999999999995,0,141,0
2025-10-27,12,S6_12,2540.604552121212,28217.33685611561,31420.585212988044,28859.629805197696,7050.000000000002,1199.9999999999995,0,83,0
2025-10-28,0,S6_12,0.0,46122.31280361974,52767.837441792704,47455.61909713092,1200.0000000000023,1200.0000000000023,0,128,0
2025-10-28,6,S6_12,2899.093263387268,34942.50227280403,40309.82826954385,36019.021186624974,9892.208464584362,1200.0000000000023,0,143,0
2025-10-28,12,S6_12,882.9477758382939,27282.124618260583,29715.334055063715,27770.26035176334,8108.045462292808,1200.0000000000023,0,76,0
2025-10-29,0,S6_12,0.0,51037.05881420065,56756.917435742456,52185.25171602718,1199.9999999999986,1199.9999999999986,0,139,0
2025-10-29,6,S6_12,1089.846538236553,38727.86186095631,41182.92758168271,39222.02100208024,10800.0,1199.9999999999986,0,156,0
2025-10-29,12,S6_12,989.1980587225537,28682.852952227146,31283.858313387864,29204.711175336244,6559.008257098352,1199.9999999999986,0,66,0
2025-10-30,0,S6_12,0.0,45933.42193518093,50215.8531437446,46794.106899494844,1199.9999999999995,1199.9999999999995,0,169,0
2025-10-30,6,S6_12,2979.032635089107,31766.67057012842,36230.56250236092,32662.56256360798,10800.0,1199.9999999999995,0,173,0
2025-10-30,12,S6_12,373.8416493606467,27110.25837207647,30188.109244202136,27727.403354533617,7254.900218858887,1199.9999999999995,0,84,0
2025-10-31,0,S6_12,0.0,21259.961665560913,23414.92917026279,21694.20137167399,1200.0000000000011,1200.0000000000011,38,191,0
2025-10-31,6,S6_12,1626.0920400030918,11207.451109411339,12117.668542515787,11391.910558194666,6543.148548879407,1200.0000000000011,29,172,0
2025-10-31,12,S6_12,364.72687766253193,11109.462028642663,12071.855082961598,11303.273311340625,6710.5959594039605,1200.0000000000011,11,88,0
2025-11-01,0,S6_12,0.0,15010.626112587863,16273.805164405509,15266.829166075751,1200.0,1200.0,44,145,36
2025-11-01,6,S6_12,420.6614748223643,7061.916594029044,7843.034808720832,7220.948825333237,6206.591780503878,1200.0,55,172,57
2025-11-01,12,S6_12,260.0640287041089,7192.769805361279,8019.407089322164,7359.938192388667,5831.482608731989,1200.0,24,92,18
2025-11-02,0,S6_12,0.0,51444.37112113355,56151.664287466214,52390.29442106674,1200.0000000000018,1200.0000000000018,0,197,0
2025-11-02,6,S6_12,1757.0349779444352,38729.2452316432,44113.55734635996,39809.493732155875,9890.300277061242,1200.0000000000018,0,197,0
2025-11-02,12,S6_12,2794.493135214046,29172.961843060304,31037.736355182344,29547.625138297197,6813.045114997425,1200.0000000000018,0,87,0
2025-11-03,0,S6_12,0.0,52919.57336201956,59757.96254434505,54291.41419848474,1199.999999999999,1199.999999999999,0,176,0
2025-11-03,6,S6_12,1978.5107841432505,35810.15354226994,41624.177110811106,36976.10730035747,10800.0,1199.999999999999,0,189,0
2025-11-03,12,S6_12,1965.1535231257321,30101.157081494744,31860.937438959256,30454.661250687826,7050.0,1199.999999999999,0,96,0
2025-11-04,0,S6_12,0.0,53368.18657789848,57957.05856281264,54290.36149944949,1200.000000000001,1200.000000000001,0,180,0
2025-11-04,6,S6_12,315.9139744819515,38042.51542965174,44172.021260115434,39271.63272728195,9888.353302461412,1200.000000000001,0,199,0
2025-11-04,12,S6_12,1096.1732817201835,29854.977959916247,31858.963453619534,30257.461834508635,6663.011775728486,1200.000000000001,0,83,0
2025-11-05,0,S6_12,0.0,55449.022116429056,65588.99298577546,57481.179290298314,1200.0000000000005,1200.0000000000005,0,211,0
2025-11-05,6,S6_12,6303.460913855825,40006.04637548845,43029.59059472402,40613.70590483447,10110.509564132875,1200.0000000000005,0,188,0
2025-11-05,12,S6_12,394.213622409972,30831.821114107875,33498.43007753186,31366.697098134708,6595.418822832501,1200.0000000000005,0,102,0
2025-11-06,0,S6_12,0.0,52705.98210098315,58181.62575863436,53805.188663212306,1200.000000000003,1200.000000000003,0,197,0
2025-11-06,6,S6_12,2071.789050861552,40986.4858142835,46069.586091799625,42006.23573477769,10800.0,1200.000000000003,0,221,0
2025-11-06,12,S6_12,1201.7752463222282,28177.07761951273,32089.30006595976,28961.098693596734,7005.25773864274,1200.000000000003,0,117,0
2025-11-07,0,S6_12,0.0,19210.666802266398,21650.246912020208,19702.149486561135,1200.0000000000002,1200.0000000000002,33,221,0
2025-11-07,6,S6_12,580.9544947606373,11603.535349204056,13311.89448323955,11947.637359689717,7260.410484504615,1200.0000000000002,33,223,0
2025-11-07,12,S6_12,688.7031155416255,10477.357758350203,11993.431536545995,10782.030621904702,5489.996084236464,1200.0000000000002,18,101,0
2025-11-08,0,S6_12,0.0,15628.472180837172,16949.908415437152,15896.647747675139,1200.000000000001,1200.000000000001,11,223,14
2025-11-08,6,S6_12,1558.3654295185956,7775.376143187977,8899.87492395204,8002.948112633901,7246.761015623646,1200.000000000001,42,221,20
2025-11-08,12,S6_12,271.1644429513286,7323.227582859528,8113.096561235149,7482.992341737264,5390.262228501807,1200.000000000001,6,116,16
2025-11-09,0,S6_12,0.0,39674.66200050998,43885.150300704474,40521.28146338214,1199.9999999999982,1199.9999999999982,0,208,6
2025-11-09,6,S6_12,992.758951114895,28242.151041162895,31501.033693402936,28897.309246802644,10800.0,1199.9999999999982,0,193,15
2025-11-09,12,S6_12,549.1722060514774,23010.74286531713,25229.781309844104,23456.50482346238,6372.427263629452,1199.9999999999982,0,110,3
2025-11-10,0,S6_12,0.0,54825.565932147445,58524.69833611711,55569.45234488003,1200.0000000000014,1200.0000000000014,0,241,0
2025-11-10,6,S6_12,2667.6727148114387,44009.05850188555,53206.97757674638,45851.68253284949,10800.0,1200.0000000000014,0,241,0
2025-11-10,12,S6_12,1022.980757794015,32000.033984801164,34560.826082657884,32513.723007859888,6449.999999999999,1200.0000000000014,0,121,0
2025-11-11,0,S6_12,0.0,59187.786458178336,69741.01684155421,61302.91617242596,1200.0000000000007,1200.0000000000007,0,235,0
2025-11-11,6,S6_12,1788.974313130267,43632.89011449985,47599.01372111669,44429.40350485467,10800.0,1200.0000000000007,0,242,0
2025-11-11,12,S6_12,1861.2659429766504,31487.07742225323,36091.01955947147,32409.684267164652,7120.712705697539,1200.0000000000007,0,112,0
2025-11-12,0,S6_12,0.0,54828.06975523561,66735.19249327011,57213.56160759423,1200.0000000000036,1200.0000000000036,0,219,0
2025-11-12,6,S6_12,3191.6339331522186,42068.986774683995,51138.19222260416,43885.99096849344,10800.0,1200.0000000000036,0,247,0
2025-11-12,12,S6_12,2928.7209305910596,30956.321269512777,37229.58804489783,32212.54627077695,6450.0,1200.0000000000036,0,120,0
2025-11-13,0,S6_12,0.0,54721.22183759926,58778.21093620483,55536.673623793824,1200.0000000000018,1200.0000000000018,0,212,0
2025-11-13,6,S6_12,1252.7520254326973,40957.0336112407,45053.72180812797,41779.234843626204,10800.0,1200.0000000000018,0,214,0
2025-11-13,12,S6_12,1168.247892555237,30598.158817624666,33496.96612838181,31179.421149775702,7694.448716145897,1200.0000000000018,0,120,0
2025-11-14,0,S6_12,0.0,20662.82445217599,24117.922769465855,21357.150420119877,1199.9999999999995,1199.9999999999995,29,248,0
2025-11-14,6,S6_12,423.45081215602795,10547.77514010327,12911.023796819454,11022.875028650165,6951.087256769599,1199.9999999999995,44,249,0
2025-11-14,12,S6_12,626.6460643208328,10947.817692803623,12282.06196636703,11216.198711968202,4903.439767378298,1199.9999999999995,12,126,0
2025-11-15,0,S6_12,0.0,17559.723716998597,18715.35242244308,17794.632191073317,1200.0000000000027,1200.0000000000027,0,271,10
2025-11-15,6,S6_12,3647.6541257052427,8493.33201654755,10481.86674257627,8893.667873678076,8229.04804584796,1200.0000000000027,22,251,24
2025-11-15,12,S6_12,417.4239445443802,8251.282803851347,10714.85274142278,8745.532562030307,6902.642825643941,1200.0000000000027,12,115,6
2025-11-16,0,S6_12,0.0,58329.47500182715,66888.76031850853,60045.568534532606,1200.000000000001,1200.000000000001,0,217,0
2025-11-16,6,S6_12,1780.644543269806,42083.020778496306,48202.35860377565,43310.14374368427,10800.0,1200.000000000001,0,266,0
2025-11-16,12,S6_12,1237.391481809103,31712.41540487071,37609.40983522872,32893.57893904303,6946.709035875811,1200.000000000001,0,120,0
2025-11-17,0,S6_12,0.0,54609.99160497074,65204.579905992556,56733.02924551162,1199.9999999999998,1199.9999999999998,0,283,0
2025-11-17,6,S6_12,6085.6556304927,45804.923230006316,50275.59601664722,46702.20054859018,10800.0,1199.9999999999998,0,271,0
2025-11-17,12,S6_12,2103.941559849751,31797.162567042298,33496.65986925927,32138.779506281222,6814.010925686383,1199.9999999999998,0,135,0
2025-11-18,0,S6_12,0.0,59754.88844068325,65155.263304901804,60839.00574686028,1200.0000000000061,1200.0000000000061,0,268,0
2025-11-18,6,S6_12,2043.0496221201765,40775.08040522913,46728.68313878171,41968.77654379089,10800.0,1200.0000000000061,0,268,0
2025-11-18,12,S6_12,602.0848794827131,33589.78079669495,41617.352743233125,35196.85904983411,6196.130239111666,1200.0000000000061,0,144,0
2025-11-19,0,S6_12,0.0,56952.66889186007,60239.257709113175,57614.161514646694,1200.0000000000002,1200.0000000000002,0,238,0
2025-11-19,6,S6_12,3251.074048233557,46541.533690690514,50548.505218924336,47346.114603315,10800.0,1200.0000000000002,0,276,0
2025-11-19,12,S6_12,1762.7646644211286,32172.15888532398,38294.80391013432,33398.40454627226,6450.000000000002,1200.0000000000002,0,143,0
2025-11-20,0,S6_12,0.0,56001.59415318042,66483.11637203525,58101.96259103189,1200.000000000004,1200.000000000004,0,279,0
2025-11-20,6,S6_12,1010.3505427153942,42629.5168273638,50021.10521328156,44110.78704977962,10800.0,1200.000000000004,0,258,0
2025-11-20,12,S6_12,457.4200769456835,32594.316300531253,37326.69784283316,33542.37459698115,7208.028598922166,1200.000000000004,0,146,0
2025-11-21,0,S6_12,0.0,40951.66778843505,46461.505106725905,42058.097744319,1200.0000000000011,1200.0000000000011,0,285,6
2025-11-21,6,S6_12,2244.970258397076,34452.832704884,40688.10710797618,35703.38957946199,10800.0,1200.0000000000011,0,285,0
2025-11-21,12,S6_12,1678.2049313943467,24155.251098410918,30042.116104367855,25334.605793950468,6714.805330386926,1200.0000000000011,0,145,0
2025-11-22,0,S6_12,0.0,18336.87185741176,19921.743459851103,18657.807398741206,1200.0000000000005,1200.0000000000005,9,296,12
2025-11-22,6,S6_12,4527.2754306069855,9180.496144421752,11298.473276524235,9606.856677870419,8693.630516137711,1200.0000000000005,20,297,7
2025-11-22,12,S6_12,1074.9218510540718,8085.631275669925,9904.441572963566,8451.080855816434,6133.765977507562,1200.0000000000005,12,149,3
2025-11-23,0,S6_12,0.0,56071.174789040655,65416.375937942794,57944.25556793742,1200.0000000000007,1200.0000000000007,0,290,0
2025-11-23,6,S6_12,2675.5232065262,46306.65540453159,53112.33663904462,47670.8245456858,10800.0,1200.0000000000007,0,299,0
2025-11-23,12,S6_12,1307.263049039289,30933.352939707926,36538.37386336376,32055.965889499643,6884.116057504996,1200.0000000000007,0,149,0
2025-11-24,0,S6_12,0.0,58179.758392286,67646.55910306136,60077.13506759971,1200.0000000000002,1200.0000000000002,0,289,0
2025-11-24,6,S6_12,1071.5008809762944,43901.76762167012,52112.58501504168,45546.85998908322,10800.0,1200.0000000000002,0,300,0
2025-11-24,12,S6_12,1095.9548634784,31954.534303809185,33852.453134453775,32335.72462282294,7097.213490810852,1200.0000000000002,0,148,0
2025-11-25,0,S6_12,0.0,66784.71931058046,78365.25427619365,69105.01947036973,1200.0000000000011,1200.0000000000011,0,301,0
2025-11-25,6,S6_12,4377.302756157398,47907.18573936701,53668.99811292684,49062.680737962895,10800.0,1200.0000000000011,0,290,0
2025-11-25,12,S6_12,2410.116882107224,33894.80316937176,35329.63366799596,34183.36531834985,7050.0,1200.0000000000011,0,148,0
2025-11-26,0,S6_12,0.0,61171.18707365882,65036.67841049159,61948.478507692096,1200.0000000000007,1200.0000000000007,0,281,0
2025-11-26,6,S6_12,1782.225703202444,47757.579889757224,56153.42305571033,49439.86719109095,10800.0,1200.0000000000007,0,300,0
2025-11-26,12,S6_12,1362.9809385321762,33850.793593713555,38476.219408182194,34777.510254372086,6295.749803720632,1200.0000000000007,0,144,0
2025-11-27,0,S6_12,0.0,60425.498294548706,67546.31054764795,61853.8539118353,1200.0000000000007,1200.0000000000007,0,292,0
2025-11-27,6,S6_12,294.91769089426805,45955.38579702012,52298.734483950044,47227.26889299048,10800.0,1200.0000000000007,0,282,0
2025-11-27,12,S6_12,1126.7406315690723,34120.615437718036,35584.52559825208,34414.96766323651,6802.192976687821,1200.0000000000007,0,150,0
2025-11-28,0,S6_12,0.0,23133.345186816332,26398.713758442424,23789.928339618058,1200.0000000000007,1200.0000000000007,20,301,0
2025-11-28,6,S6_12,1.5205614545266144e-12,11652.387265330219,13531.880036819506,12030.590896085947,10097.022353609069,1200.0000000000007,20,298,0
2025-11-28,12,S6_12,441.0872947905723,11075.327425492347,11824.942131843873,11226.563523190729,6810.789784855162,1200.0000000000007,5,148,0
2025-11-29,0,S6_12,0.0,20276.259039158336,25719.275691652176,21368.716832226066,1200.0000000000018,1200.0000000000018,10,301,9
2025-11-29,6,S6_12,5832.531862326659,10455.893631783902,12521.035537493675,10871.444980778471,10250.896172790031,1200.0000000000018,0,288,7
2025-11-29,12,S6_12,653.4023399634328,8862.486714178669,11002.094465206104,9291.804896433456,7499.208472419564,1200.0000000000018,12,150,0
2025-11-30,0,S6_12,0.0,46242.4985596488,51817.43409602186,47362.16150025663,1199.9999999999998,1199.9999999999998,0,297,0
2025-11-30,6,S6_12,1754.1306603202636,37606.388473355844,40512.49612493407,38191.240088300336,10800.0,1199.9999999999998,0,301,0
2025-11-30,12,S6_12,1498.6849540075418,27055.865981326988,34932.19098116331,28633.310206616654,6747.917167698721,1199.9999999999998,0,150,0
2025-12-01,0,S6_12,0.0,65307.17487945935,72447.03264420504,66739.28295127979,1200.0000000000086,1200.0000000000086,0,306,0
2025-12-01,6,S6_12,2531.608295083789,49484.08805277643,56667.1211201266,50923.80875691408,10800.0,1200.0000000000086,0,304,0
2025-12-01,12,S6_12,2786.0170254583445,36360.82387748101,43930.46914602017,37876.361764516274,7150.489225,1200.0000000000086,0,150,0
2025-12-02,0,S6_12,0.0,78442.71091978266,92173.41967188467,81193.78443299702,1200.000000000001,1200.000000000001,0,297,0
2025-12-02,6,S6_12,1758.719520228218,59639.253963882154,72194.26594119209,62154.125658018296,10800.0,1200.000000000001,0,300,0
2025-12-02,12,S6_12,1547.3739637887538,38962.33301339362,41134.32577897152,39398.912742412926,6450.0,1200.000000000001,0,150,0
2025-12-03,0,S6_12,0.0,71610.1013956661,86597.68620764051,74612.0737430336,1199.9999999999977,1199.9999999999977,0,309,0
2025-12-03,6,S6_12,3763.152765333941,59161.576092838695,64585.54263507995,60249.854214842,10800.0,1199.9999999999977,0,301,0
2025-12-03,12,S6_12,515.7049277643466,41728.543271517876,44103.49185012661,42205.45489619113,6479.280038198856,1199.9999999999977,0,150,0
2025-12-04,0,S6_12,0.0,79131.94381616298,92968.35946691489,81904.07465472573,1200.000000000001,1200.000000000001,0,307,0
2025-12-04,6,S6_12,3204.9103610906204,60459.289235542456,73941.66595327793,63159.31540176469,10800.0,1200.000000000001,0,306,0
2025-12-04,12,S6_12,769.9122816260221,40594.756216166534,48230.493754365976,42123.857473634176,5886.130325714651,1200.000000000001,0,150,0
2025-12-05,0,S6_12,0.0,30716.925306665933,38649.40630707424,32307.23615164309,1200.0000000000016,1200.0000000000016,16,307,0
2025-12-05,6,S6_12,212.77866533824283,18077.76950030598,23545.36475212642,19174.071281232107,10191.996243859292,1200.0000000000016,24,295,0
2025-12-05,12,S6_12,706.6977628562862,13388.207277207077,16124.554577428265,13936.891830010261,6180.251861041217,1200.0000000000016,0,151,0
2025-12-06,0,S6_12,0.0,27200.636610549744,33350.73219570849,28434.750959945075,1200.0000000000014,1200.0000000000014,12,315,0
2025-12-06,6,S6_12,1705.9331145419137,14357.13830634271,20364.009410136234,15561.494282264815,10800.0,1200.0000000000014,0,302,0
2025-12-06,12,S6_12,609.5457157267898,12069.716356232228,15857.012255264195,12828.779481879394,5697.078241367737,1200.0000000000014,10,150,0
2025-12-07,0,S6_12,0.0,60698.796814262794,70646.90869167502,62693.575375979635,1200.0000000000014,1200.0000000000014,0,306,0
2025-12-07,6,S6_12,7007.616556490028,45671.45465099837,48137.57037207394,46168.56505853742,10800.0,1200.0000000000014,0,304,0
2025-12-07,12,S6_12,1935.5183322696516,30011.468880395987,38420.84462256534,31695.628352541615,6449.999999999998,1200.0000000000014,0,150,0
2025-12-08,0,S6_12,0.0,84396.34054821197,101631.13548334934,87848.0189600243,1200.0000000000005,1200.0000000000005,0,307,0
2025-12-08,6,S6_12,813.3342133462152,62042.462596267855,75321.84654630485,64701.95697477416,10800.0,1200.0000000000005,0,309,0
2025-12-08,12,S6_12,2117.9552698290818,40758.76071504091,50822.947253691484,42773.49774733372,7299.155921046169,1200.0000000000005,0,155,0
2025-12-09,0,S6_12,0.0,80297.2438553261,92409.89742940427,82724.22199017316,1199.999999999999,1199.999999999999,0,307,0
2025-12-09,6,S6_12,2404.802168458644,59313.363025458246,72012.22325309082,61856.563746960834,10800.0,1199.999999999999,0,308,0
2025-12-09,12,S6_12,609.2490617887486,39100.26639224627,47870.63926052497,40856.28457392601,6649.364322745628,1199.999999999999,0,157,0
2025-12-10,0,S6_12,0.0,75064.8645613506,86084.14381610382,77273.28831440741,1200.0000000000036,1200.0000000000036,0,312,0
2025-12-10,6,S6_12,1980.2273649915023,60450.21178442044,76718.99127670891,63707.55192431892,10800.0,1200.0000000000036,0,309,0
2025-12-10,12,S6_12,711.5137204121253,38940.09687568779,43443.23030777852,39842.78564764108,6450.0,1200.0000000000036,0,160,0
2025-12-11,0,S6_12,0.0,81099.86388718688,91995.21925989927,83283.57076436125,1199.9999999999989,1199.9999999999989,0,322,0
2025-12-11,6,S6_12,2326.5329619209033,57607.37976672012,72961.18037963721,60681.579472028905,10800.0,1199.9999999999989,0,325,0
2025-12-11,12,S6_12,1189.5933666696328,38191.30246710071,43247.76825654838,39204.54047987425,6380.572726532466,1199.9999999999989,0,164,0
2025-12-12,0,S6_12,0.0,34352.5513640743,43694.75319943504,36224.88417246185,1199.9999999999977,1199.9999999999977,0,313,0
2025-12-12,6,S6_12,628.8984218242331,22348.846820827363,26920.824527551158,23265.952075290566,10150.678184513528,1199.9999999999977,5,300,0
2025-12-12,12,S6_12,811.7236852211911,15654.959412306167,19326.1969841131,16390.545789771077,6840.812093344032,1199.9999999999977,5,163,0
2025-12-13,0,S6_12,0.0,29140.944481778617,34644.452005441555,30245.813577574503,1200.0000000000018,1200.0000000000018,7,295,0
2025-12-13,6,S6_12,2134.4811936374394,17407.577723391147,22558.34826412042,18440.681273472845,10453.41757910149,1200.0000000000018,14,315,0
2025-12-13,12,S6_12,1915.712393193985,11218.831984005383,14628.413450847573,11902.21207787855,7126.256376050663,1200.0000000000018,24,150,0
2025-12-14,0,S6_12,0.0,72067.37995345633,88335.77930961126,75325.5848246872,1199.9999999999998,1199.9999999999998,0,273,0
2025-12-14,6,S6_12,2054.688359438283,60021.240492003366,71836.39818025779,62387.665411001384,10050.0,1199.9999999999998,0,309,0
2025-12-14,12,S6_12,420.9038510683143,41020.652358255466,46015.67234547641,42021.52749318591,6522.278602958442,1199.9999999999998,0,138,0
2025-12-15,0,S6_12,0.0,72851.44705351425,82891.15717868425,74863.90058243951,1199.9999999999995,1199.9999999999995,0,296,0
2025-12-15,6,S6_12,2413.7547980265986,60269.30332502746,76000.53186545124,63419.03863807668,10800.0,1199.9999999999995,0,239,0
2025-12-15,12,S6_12,475.6462440179653,39192.50220841284,47845.38157425786,40925.04618376143,6450.000000000001,1199.9999999999995,0,159,0
2025-12-16,0,S6_12,0.0,76979.03244594751,92596.06111732537,80106.97412912801,1200.0,1200.0,0,298,0
2025-12-16,6,S6_12,513.613578952295,59007.17007894374,71168.29765253728,61442.86822434201,10800.0,1200.0,0,258,0
2025-12-16,12,S6_12,1300.1977468921261,39570.16474952743,48964.98450198974,41451.03680158627,6282.529867778517,1200.0,0,145,0
2025-12-17,0,S6_12,0.0,77365.74289713553,90562.27459149741,80009.46647033066,1200.0,1200.0,0,249,0
2025-12-17,6,S6_12,4995.428371316369,58303.31931613411,67757.72103919859,60197.46092217616,10800.0,1200.0,0,250,0
2025-12-17,12,S6_12,966.6664084154619,37658.56744249634,42393.5247555745,38607.43749316803,6449.999999999999,1200.0,0,130,0
2025-12-18,0,S6_12,0.0,75267.92324763302,87995.9195416766,77817.90985462088,1199.9999999999982,1199.9999999999982,0,254,0
2025-12-18,6,S6_12,349.5675047575573,56649.575171193224,65699.09966204563,58462.782264135116,10800.0,1199.9999999999982,0,170,0
2025-12-18,12,S6_12,965.8983005430518,38021.08383427047,46335.229765571465,39685.798213384274,7053.44234789292,1199.9999999999982,0,131,0
2025-12-19,0,S6_12,0.0,34205.768164425484,37054.16665381001,34779.41589159096,1200.0000000000039,1200.0000000000039,10,197,0
2025-12-19,6,S6_12,905.9153638045652,21806.4129327765,27815.039540133603,23010.964370705056,10029.588699742306,1200.0000000000039,0,205,0
2025-12-19,12,S6_12,553.1212610544044,14634.410003981437,16565.308642646076,15021.992379186791,6470.612555197498,1200.0000000000039,0,104,0
2025-12-20,0,S6_12,0.0,27212.69704578397,32502.16925736316,28274.74688085129,1199.999999999998,1199.999999999998,6,221,0
2025-12-20,6,S6_12,886.2261252931257,14377.01413876615,18580.271761608758,15220.444529016315,10090.60224977168,1199.999999999998,6,206,0
2025-12-20,12,S6_12,546.7655565860532,10953.65140257544,13373.308142095275,11438.971266269951,6280.071630617498,1199.999999999998,0,86,0
2025-12-21,0,S6_12,0.0,60310.60566807634,73583.05276825998,62970.18894303648,1200.0000000000055,1200.0000000000055,0,216,0
2025-12-21,6,S6_12,2808.913341149586,43855.94998878038,53665.63471514089,45821.688497657255,10800.0,1200.0000000000055,0,220,0
2025-12-21,12,S6_12,1069.517327009973,27667.050493712723,30462.96971719728,28228.674080297482,6450.000000000001,1200.0000000000055,0,95,0
2025-12-22,0,S6_12,0.0,73952.52894656596,89668.37782392446,77100.09890598414,1200.0000000000036,1200.0000000000036,0,242,0
2025-12-22,6,S6_12,43.598370673405384,57218.460195756554,72968.17858686704,60371.709824316305,10800.0,1200.0000000000036,0,215,0
2025-12-22,12,S6_12,331.41755488230365,37757.93996768095,45564.37278174644,39321.13512862912,6022.853026394545,1200.0000000000036,0,89,0
2025-12-23,0,S6_12,0.0,75287.78617039807,81734.43599673582,76581.61096899885,1200.0000000000143,1200.0000000000143,0,178,0
2025-12-23,6,S6_12,3112.6647475059563,57595.10800885083,71718.13230418885,60423.09448372752,10800.0,1200.0000000000143,0,181,0
2025-12-23,12,S6_12,721.3566133915958,39804.223492848614,47705.593344732944,41386.4042022605,6449.999999999998,1200.0000000000143,0,129,0
2025-12-24,0,S6_12,0.0,78189.74097334701,92170.60681015033,80990.43058405879,1199.9999999999986,1199.9999999999986,0,150,0
2025-12-24,6,S6_12,44.44084201427157,59889.94994587582,75845.38355989964,63084.446122563706,10800.0,1199.9999999999986,0,201,0
2025-12-24,12,S6_12,86.75539587831372,39694.29001652358,46670.61644374555,41091.55098335336,6238.0805180093685,1199.9999999999986,0,81,0
2025-12-25,0,S6_12,0.0,70393.28911285175,79791.7001447988,72277.33092636507,1200.0,1200.0,0,194,0
2025-12-25,6,S6_12,858.8366667836365,57119.16153991808,68213.35931877217,59341.189953617104,10800.0,1200.0,0,234,0
2025-12-25,12,S6_12,1196.1681546455634,38245.63706151878,46654.62179670065,39929.31935520224,6630.506600573121,1200.0,0,73,0
2025-12-26,0,S6_12,0.0,32726.943063066607,39956.6118514144,34176.79468533181,1200.0000000000018,1200.0000000000018,0,195,0
2025-12-26,6,S6_12,9.170416542950079,19550.688709128826,26815.483836084724,21006.39044868205,10087.194006587186,1200.0000000000018,0,128,0
2025-12-26,12,S6_12,77.52030782311886,14430.18518444526,17219.812405327917,14989.467926515994,6491.871795338555,1200.0000000000018,0,72,0
2025-12-27,0,S6_12,0.0,19656.13068809274,25946.45093770096,20918.095189106112,1200.0000000000016,1200.0000000000016,0,136,0
2025-12-27,6,S6_12,360.7287346243968,10090.80555712,13274.138473307563,10730.33678888541,10203.50358450851,1200.0000000000016,0,178,0
2025-12-27,12,S6_12,483.17502486152364,8801.221301330655,11095.148395043347,9261.554689969404,5776.408837756268,1200.0000000000016,0,75,0
2025-12-28,0,S6_12,0.0,81007.46531700644,95432.15492785019,83897.04890584185,1199.999999999999,1199.999999999999,0,113,0
2025-12-28,6,S6_12,1462.9484947353862,60993.99372236195,74793.49476591115,63757.382883211685,10800.0,1199.999999999999,0,122,0
2025-12-28,12,S6_12,1469.0870884880933,38964.381690235365,50228.663642600826,41219.09310925899,6177.651980294655,1199.999999999999,0,44,0
2025-12-29,0,S6_12,0.0,79771.89978650512,95303.01107908372,82882.62097026146,1200.0000000000005,1200.0000000000005,0,170,0
2025-12-29,6,S6_12,1155.7040189626662,63539.581081014854,79209.99907209916,66677.12133453762,10800.0,1200.0000000000005,0,150,0
2025-12-29,12,S6_12,258.9914220342979,41885.46135696445,49232.48068088123,43356.90378699613,6356.507972973364,1200.0000000000005,0,47,0
2025-12-30,0,S6_12,0.0,72360.09492808231,90259.00109550406,75944.3709949003,1200.0000000000005,1200.0000000000005,0,126,0
2025-12-30,6,S6_12,1963.2503947513187,60554.33081603715,72223.1429684442,62891.52978822537,10800.0,1200.0000000000005,0,82,0
2025-12-30,12,S6_12,3359.0261837584044,38990.69990467683,46918.25323893795,40578.04546673008,6450.0,1200.0000000000005,0,54,0
2025-12-31,0,S6_12,0.0,79058.65228756065,93274.25044383484,81906.76656655112,1200.0000000000002,6000.0,0,124,0
2025-12-31,6,S6_12,1252.8640995298902,61229.312210650365,71526.79069113235,63292.759238401304,10800.0,6000.0,0,76,0
2025-12-31,12,S6_12,109.38687714287471,40587.36944410253,50624.56931124339,42597.34400667723,7050.0,6000.0,0,51,0
